utc_iso,hour_utc,hour_kst,symbol,rel_spread
2026-09-01T21:47:23.071515+00:00,21,6,KRW-SHIB,0.00140746
2026-09-01T21:47:23.071515+00:00,21,6,KRW-KAITO,0.00240096
2026-09-01T21:47:23.071515+00:00,21,6,KRW-SUI,0.00200803
2026-09-01T21:47:23.071515+00:00,21,6,KRW-MMT,0.00455581
2026-09-01T21:47:23.071515+00:00,21,6,KRW-LINK,0.00064579
2026-09-01T21:47:23.071515+00:00,21,6,KRW-PUMP,0.00165975
2026-09-01T21:47:23.071515+00:00,21,6,KRW-NEAR,0.00076046
2026-09-01T21:47:23.071515+00:00,21,6,KRW-ZBT,0.00858369
2026-09-01T21:47:23.071515+00:00,21,6,KRW-LA,0.00254130
2026-09-01T21:47:23.071515+00:00,21,6,KRW-CHIP,0.00160128
2026-09-01T21:47:23.071515+00:00,21,6,KRW-QUID,0.00436681
2026-09-01T21:47:23.071515+00:00,21,6,KRW-PENGU,0.00858369
2026-09-01T21:47:23.071515+00:00,21,6,KRW-AVAX,0.00200000
2026-09-01T21:47:23.071515+00:00,21,6,KRW-VIRTUAL,0.00211416
2026-09-01T21:47:23.071515+00:00,21,6,KRW-MOVE,0.00851064
2026-09-01T21:47:23.071515+00:00,21,6,KRW-UNI,0.00062676
2026-09-01T21:47:23.071515+00:00,21,6,KRW-PIEVERSE,0.00140056
2026-09-01T21:47:23.071515+00:00,21,6,KRW-PRL,0.00484262
2026-09-01T21:47:23.071515+00:00,21,6,KRW-HBAR,0.00975610
2026-09-01T21:47:23.071515+00:00,21,6,KRW-ONT,0.00267023
2026-09-01T21:47:23.071515+00:00,21,6,KRW-ENSO,0.00256082
2026-09-01T21:47:23.071515+00:00,21,6,KRW-XPL,0.00858369
2026-09-01T21:47:23.071515+00:00,21,6,KRW-SAHARA,0.00873362
2026-09-01T21:47:23.071515+00:00,21,6,KRW-AAVE,0.00171772
2026-09-01T21:47:23.071515+00:00,21,6,KRW-ARX,0.00586510
2026-09-01T21:47:23.071515+00:00,21,6,KRW-TRX,0.00222965
2026-09-01T21:47:23.071515+00:00,21,6,KRW-HOLO,0.00347826
2026-09-01T21:47:23.071515+00:00,21,6,KRW-WLFI,0.00127146
2026-09-01T21:47:23.071515+00:00,21,6,KRW-BCH,0.00146951
2026-09-01T21:47:23.071515+00:00,21,6,KRW-DATA,0.00386847
2026-09-01T21:47:23.071515+00:00,21,6,KRW-PLUME,0.00514139
2026-09-01T21:47:23.071515+00:00,21,6,KRW-ARB,0.00668896
2026-09-01T21:47:23.071515+00:00,21,6,KRW-STORJ,0.00395517
2026-09-01T21:47:23.071515+00:00,21,6,KRW-BONK,0.00350263
2026-09-01T21:47:23.071515+00:00,21,6,KRW-ETC,0.00099850
2026-09-01T21:47:23.071515+00:00,21,6,KRW-ESP,0.00896861
2026-09-01T21:47:23.071515+00:00,21,6,KRW-0G,0.00366972
2026-09-01T21:47:23.071515+00:00,21,6,KRW-META2,0.00946586
2026-09-01T21:47:23.071515+00:00,21,6,KRW-BSB,0.00696864
2026-09-01T21:47:23.071515+00:00,21,6,KRW-ERA,0.00125549
2026-09-01T21:47:23.071515+00:00,21,6,KRW-MIRA,0.00338409
2026-09-01T21:47:23.071515+00:00,21,6,KRW-SAND,0.00200602
2026-09-01T21:47:23.071515+00:00,21,6,KRW-PEPE,0.00208117
2026-09-01T21:47:23.071515+00:00,21,6,KRW-POL,0.00809717
2026-09-01T21:47:23.071515+00:00,21,6,KRW-STX,0.00280505
2026-09-01T21:47:23.071515+00:00,21,6,KRW-IRYS,0.00536193
2026-09-01T21:47:23.071515+00:00,21,6,KRW-AXS,0.00158353
2026-09-01T21:47:23.071515+00:00,21,6,KRW-TAO,0.00098184
2026-09-01T21:47:23.071515+00:00,21,6,KRW-ALGO,0.00823045
2026-09-01T21:47:23.071515+00:00,21,6,KRW-JTO,0.00169062
2026-09-01T21:47:23.071515+00:00,21,6,KRW-CC,0.00634921
2026-09-01T21:47:23.071515+00:00,21,6,KRW-BIRB,0.00255428
2026-09-01T21:47:23.071515+00:00,21,6,KRW-ME,0.00358209
2026-09-01T21:47:23.071515+00:00,21,6,KRW-SEI,0.00153965
2026-09-01T21:47:23.071515+00:00,21,6,KRW-ENS,0.00063472
2026-09-01T21:47:23.071515+00:00,21,6,KRW-ZRO,0.00288600
2026-09-01T21:47:23.071515+00:00,21,6,KRW-TRUMP,0.00063472
2026-09-01T21:47:23.071515+00:00,21,6,KRW-XEC,0.00105876
2026-09-01T21:47:23.071515+00:00,21,6,KRW-RVN,0.00255428
2026-09-01T21:47:23.071515+00:00,21,6,KRW-ZAMA,0.00436999
2026-09-01T21:47:23.071515+00:00,21,6,KRW-GEOD,0.00653595
2026-09-01T21:47:23.071515+00:00,21,6,KRW-AKT,0.00291121
2026-09-01T21:47:23.071515+00:00,21,6,KRW-FIL,0.00280505
2026-09-01T21:47:23.071515+00:00,21,6,KRW-APT,0.00263158
2026-09-01T21:47:23.071515+00:00,21,6,KRW-DRV,0.00501253
2026-09-01T21:47:23.071515+00:00,21,6,KRW-ID,0.00449438
2026-09-01T21:47:23.071515+00:00,21,6,KRW-SOON,0.00396040
2026-09-01T21:47:23.071515+00:00,21,6,KRW-O,0.00131320
2026-09-01T21:47:23.071515+00:00,21,6,KRW-AVNT,0.00706714
2026-09-01T21:47:23.071515+00:00,21,6,KRW-TREE,0.00370370
2026-09-01T21:47:23.071515+00:00,21,6,KRW-KITE,0.00586510
2026-09-01T21:47:23.071515+00:00,21,6,KRW-BLEND,0.00342270
2026-09-01T21:47:23.071515+00:00,21,6,KRW-MANTRA,0.00162206
2026-09-01T21:47:23.071515+00:00,21,6,KRW-CFG,0.00655738
2026-09-01T21:47:23.071515+00:00,21,6,KRW-GAS,0.00353982
2026-09-01T21:47:23.071515+00:00,21,6,KRW-BERA,0.00410678
2026-09-01T21:47:23.071515+00:00,21,6,KRW-MEGA,0.00386100
2026-09-01T21:47:23.071515+00:00,21,6,KRW-SOPH,0.00180343
2026-09-01T21:47:23.071515+00:00,21,6,KRW-UP2,0.00570613
2026-09-01T21:47:23.071515+00:00,21,6,KRW-ZORA,0.00930233
2026-09-01T21:47:23.071515+00:00,21,6,KRW-OPG,0.00738007
2026-09-01T21:47:23.071515+00:00,21,6,KRW-BSV,0.00371230
2026-09-01T21:47:23.071515+00:00,21,6,KRW-HYPER,0.00447928
2026-09-01T21:47:23.071515+00:00,21,6,KRW-TRAC,0.00658617
2026-09-01T21:47:23.071515+00:00,21,6,KRW-IN,0.00443459
2026-09-01T21:47:23.071515+00:00,21,6,KRW-ATH,0.00157356
2026-09-01T21:47:23.071515+00:00,21,6,KRW-ETHFI,0.00127632
2026-09-01T21:47:23.071515+00:00,21,6,KRW-MON,0.00272109
2026-09-01T21:47:23.071515+00:00,21,6,KRW-ZIL,0.00851064
2026-09-01T21:47:23.071515+00:00,21,6,KRW-B3,0.00475059
2026-09-01T21:47:23.071515+00:00,21,6,KRW-ELSA,0.00321543
2026-09-01T21:47:23.071515+00:00,21,6,KRW-JUP,0.00335008
2026-09-01T21:47:23.071515+00:00,21,6,KRW-SIGN,0.00803213
2026-09-01T21:47:23.071515+00:00,21,6,KRW-FLOCK,0.00205128
2026-09-01T21:47:23.071515+00:00,21,6,KRW-DEEP,0.00508906
2026-09-01T21:47:23.071515+00:00,21,6,KRW-G,0.00195886
2026-09-01T21:47:23.071515+00:00,21,6,KRW-INJ,0.03378922
2026-09-01T21:47:23.071515+00:00,21,6,KRW-VVV,0.00268697
2026-09-01T21:47:23.071515+00:00,21,6,KRW-BIGTIME,0.00224215
2026-09-01T21:47:23.071515+00:00,21,6,KRW-BIO,0.00283688
2026-09-01T21:47:23.071515+00:00,21,6,KRW-RENDER,0.00203046
2026-09-01T21:47:23.071515+00:00,21,6,KRW-BARD,0.00576369
2026-09-01T21:47:23.071515+00:00,21,6,KRW-CHZ,0.00539084
2026-09-01T21:47:23.071515+00:00,21,6,KRW-LSK,0.00732601
2026-09-01T21:47:23.071515+00:00,21,6,KRW-CRO,0.00263852
2026-09-01T21:47:23.071515+00:00,21,6,KRW-VANA,0.00325998
2026-09-01T21:47:23.071515+00:00,21,6,KRW-LAYER,0.00213220
2026-09-01T21:47:23.071515+00:00,21,6,KRW-RED,0.00634921
2026-09-01T21:47:23.071515+00:00,21,6,KRW-DOT,0.00167224
2026-09-01T21:47:23.071515+00:00,21,6,KRW-ATOM,0.00197239
2026-09-01T21:47:23.071515+00:00,21,6,KRW-DOOD,0.00547945
2026-09-01T21:47:23.071515+00:00,21,6,KRW-XAUT,0.00199402
2026-09-01T21:47:23.071515+00:00,21,6,KRW-BORA,0.00333890
2026-09-01T21:47:23.071515+00:00,21,6,KRW-AWE,0.00351906
2026-09-01T21:47:23.071515+00:00,21,6,KRW-WAVES,0.00660066
2026-09-01T21:47:23.071515+00:00,21,6,KRW-ZKP,0.00329489
2026-09-01T21:47:23.071515+00:00,21,6,KRW-EDGE,0.00425985
2026-09-01T21:47:23.071515+00:00,21,6,KRW-ELF,0.00114745
2026-09-01T21:47:23.071515+00:00,21,6,KRW-AI,0.00740741
2026-09-01T21:47:23.071515+00:00,21,6,KRW-SNT,0.00332410
2026-09-01T21:47:23.071515+00:00,21,6,KRW-OPEN,0.00576369
2026-09-01T21:47:23.071515+00:00,21,6,KRW-SKR,0.00613497
2026-09-01T21:47:23.071515+00:00,21,6,KRW-MET2,0.00375235
2026-09-01T21:47:23.071515+00:00,21,6,KRW-FF,0.00760456
2026-09-01T21:47:23.071515+00:00,21,6,KRW-KAT,0.00322061
2026-09-01T21:47:23.071515+00:00,21,6,KRW-W,0.00738007
2026-09-01T21:47:23.071515+00:00,21,6,KRW-PENDLE,0.00159553
2026-09-01T21:47:23.071515+00:00,21,6,KRW-SPK,0.00362976
2026-09-01T21:47:23.071515+00:00,21,6,KRW-PYTH,0.00140944
2026-09-01T21:47:23.071515+00:00,21,6,KRW-STEEM,0.00169348
2026-09-01T21:47:23.071515+00:00,21,6,KRW-COW,0.01169591
2026-09-01T21:48:25.913261+00:00,21,6,KRW-SHIB,0.00281294
2026-09-01T21:48:25.913261+00:00,21,6,KRW-KAITO,0.00240096
2026-09-01T21:48:25.913261+00:00,21,6,KRW-SUI,0.00100351
2026-09-01T21:48:25.913261+00:00,21,6,KRW-MMT,0.00455581
2026-09-01T21:48:25.913261+00:00,21,6,KRW-LINK,0.00193611
2026-09-01T21:48:25.913261+00:00,21,6,KRW-PUMP,0.00331675
2026-09-01T21:48:25.913261+00:00,21,6,KRW-NEAR,0.00076046
2026-09-01T21:48:25.913261+00:00,21,6,KRW-ZBT,0.00858369
2026-09-01T21:48:25.913261+00:00,21,6,KRW-LA,0.00254130
2026-09-01T21:48:25.913261+00:00,21,6,KRW-CHIP,0.00321027
2026-09-01T21:48:25.913261+00:00,21,6,KRW-QUID,0.00327690
2026-09-01T21:48:25.913261+00:00,21,6,KRW-PENGU,0.00858369
2026-09-01T21:48:25.913261+00:00,21,6,KRW-AVAX,0.00200000
2026-09-01T21:48:25.913261+00:00,21,6,KRW-VIRTUAL,0.00211416
2026-09-01T21:48:25.913261+00:00,21,6,KRW-MOVE,0.00851064
2026-09-01T21:48:25.913261+00:00,21,6,KRW-UNI,0.00125078
2026-09-01T21:48:25.913261+00:00,21,6,KRW-PIEVERSE,0.00139958
2026-09-01T21:48:25.913261+00:00,21,6,KRW-PRL,0.00484262
2026-09-01T21:48:25.913261+00:00,21,6,KRW-HBAR,0.00975610
2026-09-01T21:48:25.913261+00:00,21,6,KRW-ONT,0.00267023
2026-09-01T21:48:25.913261+00:00,21,6,KRW-ENSO,0.00256082
2026-09-01T21:48:25.913261+00:00,21,6,KRW-XPL,0.00858369
2026-09-01T21:48:25.913261+00:00,21,6,KRW-SAHARA,0.00873362
2026-09-01T21:48:25.913261+00:00,21,6,KRW-AAVE,0.00171576
2026-09-01T21:48:25.913261+00:00,21,6,KRW-ARX,0.00586510
2026-09-01T21:48:25.913261+00:00,21,6,KRW-TRX,0.00222965
2026-09-01T21:48:25.913261+00:00,21,6,KRW-HOLO,0.00231750
2026-09-01T21:48:25.913261+00:00,21,6,KRW-WLFI,0.00254130
2026-09-01T21:48:25.913261+00:00,21,6,KRW-BCH,0.00146908
2026-09-01T21:48:25.913261+00:00,21,6,KRW-DATA,0.00383877
2026-09-01T21:48:25.913261+00:00,21,6,KRW-PLUME,0.00514139
2026-09-01T21:48:25.913261+00:00,21,6,KRW-ARB,0.00668896
2026-09-01T21:48:25.913261+00:00,21,6,KRW-STORJ,0.00396040
2026-09-01T21:48:25.913261+00:00,21,6,KRW-BONK,0.00175285
2026-09-01T21:48:25.913261+00:00,21,6,KRW-ETC,0.00298954
2026-09-01T21:48:25.913261+00:00,21,6,KRW-ESP,0.00896861
2026-09-01T21:48:25.913261+00:00,21,6,KRW-0G,0.00366972
2026-09-01T21:48:25.913261+00:00,21,6,KRW-META2,0.00811359
2026-09-01T21:48:25.913261+00:00,21,6,KRW-BSB,0.00696864
2026-09-01T21:48:25.913261+00:00,21,6,KRW-ERA,0.00125549
2026-09-01T21:48:25.913261+00:00,21,6,KRW-MIRA,0.00338409
2026-09-01T21:48:25.913261+00:00,21,6,KRW-SAND,0.00201410
2026-09-01T21:48:25.913261+00:00,21,6,KRW-PEPE,0.00208117
2026-09-01T21:48:25.913261+00:00,21,6,KRW-POL,0.00809717
2026-09-01T21:48:25.913261+00:00,21,6,KRW-STX,0.00280505
2026-09-01T21:48:25.913261+00:00,21,6,KRW-IRYS,0.00536193
2026-09-01T21:48:25.913261+00:00,21,6,KRW-AXS,0.00158353
2026-09-01T21:48:25.913261+00:00,21,6,KRW-TAO,0.00098184
2026-09-01T21:48:25.913261+00:00,21,6,KRW-ALGO,0.00823045
2026-09-01T21:48:25.913261+00:00,21,6,KRW-JTO,0.00169062
2026-09-01T21:48:25.913261+00:00,21,6,KRW-CC,0.00634921
2026-09-01T21:48:25.913261+00:00,21,6,KRW-BIRB,0.00255428
2026-09-01T21:48:25.913261+00:00,21,6,KRW-ME,0.00238949
2026-09-01T21:48:25.913261+00:00,21,6,KRW-SEI,0.00308166
2026-09-01T21:48:25.913261+00:00,21,6,KRW-ENS,0.00063472
2026-09-01T21:48:25.913261+00:00,21,6,KRW-ZRO,0.00144300
2026-09-01T21:48:25.913261+00:00,21,6,KRW-TRUMP,0.00063412
2026-09-01T21:48:25.913261+00:00,21,6,KRW-XEC,0.00105876
2026-09-01T21:48:25.913261+00:00,21,6,KRW-RVN,0.00255428
2026-09-01T21:48:25.913261+00:00,21,6,KRW-ZAMA,0.00436999
2026-09-01T21:48:25.913261+00:00,21,6,KRW-GEOD,0.00653595
2026-09-01T21:48:25.913261+00:00,21,6,KRW-AKT,0.00436999
2026-09-01T21:48:25.913261+00:00,21,6,KRW-FIL,0.00093240
2026-09-01T21:48:25.913261+00:00,21,6,KRW-APT,0.00263505
2026-09-01T21:48:25.913261+00:00,21,6,KRW-DRV,0.00501253
2026-09-01T21:48:25.913261+00:00,21,6,KRW-ID,0.00449438
2026-09-01T21:48:25.913261+00:00,21,6,KRW-SOON,0.00396040
2026-09-01T21:48:25.913261+00:00,21,6,KRW-O,0.00131320
2026-09-01T21:48:25.913261+00:00,21,6,KRW-AVNT,0.00706714
2026-09-01T21:48:25.913261+00:00,21,6,KRW-TREE,0.00555042
2026-09-01T21:48:25.913261+00:00,21,6,KRW-KITE,0.00586510
2026-09-01T21:48:25.913261+00:00,21,6,KRW-BLEND,0.00342270
2026-09-01T21:48:25.913261+00:00,21,6,KRW-MANTRA,0.00162206
2026-09-01T21:48:25.913261+00:00,21,6,KRW-CFG,0.00655738
2026-09-01T21:48:25.913261+00:00,21,6,KRW-GAS,0.00353982
2026-09-01T21:48:25.913261+00:00,21,6,KRW-BERA,0.00819672
2026-09-01T21:48:25.913261+00:00,21,6,KRW-MEGA,0.00386100
2026-09-01T21:48:25.913261+00:00,21,6,KRW-SOPH,0.00360360
2026-09-01T21:48:25.913261+00:00,21,6,KRW-UP2,0.00570613
2026-09-01T21:48:25.913261+00:00,21,6,KRW-ZORA,0.00930233
2026-09-01T21:48:25.913261+00:00,21,6,KRW-OPG,0.01470588
2026-09-01T21:48:25.913261+00:00,21,6,KRW-BSV,0.00371230
2026-09-01T21:48:25.913261+00:00,21,6,KRW-HYPER,0.00448934
2026-09-01T21:48:25.913261+00:00,21,6,KRW-TRAC,0.00658617
2026-09-01T21:48:25.913261+00:00,21,6,KRW-IN,0.00443459
2026-09-01T21:48:25.913261+00:00,21,6,KRW-ATH,0.00157356
2026-09-01T21:48:25.913261+00:00,21,6,KRW-ETHFI,0.00255102
2026-09-01T21:48:25.913261+00:00,21,6,KRW-MON,0.00272109
2026-09-01T21:48:25.913261+00:00,21,6,KRW-ZIL,0.00851064
2026-09-01T21:48:25.913261+00:00,21,6,KRW-B3,0.00475059
2026-09-01T21:48:25.913261+00:00,21,6,KRW-ELSA,0.00321543
2026-09-01T21:48:25.913261+00:00,21,6,KRW-JUP,0.00335008
2026-09-01T21:48:25.913261+00:00,21,6,KRW-SIGN,0.00803213
2026-09-01T21:48:25.913261+00:00,21,6,KRW-FLOCK,0.00205128
2026-09-01T21:48:25.913261+00:00,21,6,KRW-DEEP,0.00508906
2026-09-01T21:48:25.913261+00:00,21,6,KRW-G,0.00195886
2026-09-01T21:48:25.913261+00:00,21,6,KRW-INJ,0.02807862
2026-09-01T21:48:25.913261+00:00,21,6,KRW-VVV,0.00179051
2026-09-01T21:48:25.913261+00:00,21,6,KRW-BIGTIME,0.00336134
2026-09-01T21:48:25.913261+00:00,21,6,KRW-BIO,0.00283688
2026-09-01T21:48:25.913261+00:00,21,6,KRW-RENDER,0.00101368
2026-09-01T21:48:25.913261+00:00,21,6,KRW-BARD,0.00576369
2026-09-01T21:48:25.913261+00:00,21,6,KRW-CHZ,0.00539084
2026-09-01T21:48:25.913261+00:00,21,6,KRW-LSK,0.00732601
2026-09-01T21:48:25.913261+00:00,21,6,KRW-CRO,0.00395517
2026-09-01T21:48:25.913261+00:00,21,6,KRW-VANA,0.00325998
2026-09-01T21:48:25.913261+00:00,21,6,KRW-LAYER,0.00213220
2026-09-01T21:48:25.913261+00:00,21,6,KRW-RED,0.00634921
2026-09-01T21:48:25.913261+00:00,21,6,KRW-DOT,0.00250313
2026-09-01T21:48:25.913261+00:00,21,6,KRW-ATOM,0.00246488
2026-09-01T21:48:25.913261+00:00,21,6,KRW-DOOD,0.00547945
2026-09-01T21:48:25.913261+00:00,21,6,KRW-XAUT,0.00199402
2026-09-01T21:48:25.913261+00:00,21,6,KRW-BORA,0.00333890
2026-09-01T21:48:25.913261+00:00,21,6,KRW-AWE,0.00351906
2026-09-01T21:48:25.913261+00:00,21,6,KRW-WAVES,0.00660066
2026-09-01T21:48:25.913261+00:00,21,6,KRW-ZKP,0.00329489
2026-09-01T21:48:25.913261+00:00,21,6,KRW-EDGE,0.00425985
2026-09-01T21:48:25.913261+00:00,21,6,KRW-ELF,0.00114745
2026-09-01T21:48:25.913261+00:00,21,6,KRW-AI,0.00740741
2026-09-01T21:48:25.913261+00:00,21,6,KRW-SNT,0.00332410
2026-09-01T21:48:25.913261+00:00,21,6,KRW-OPEN,0.00576369
2026-09-01T21:48:25.913261+00:00,21,6,KRW-SKR,0.00613497
2026-09-01T21:48:25.913261+00:00,21,6,KRW-MET2,0.00375235
2026-09-01T21:48:25.913261+00:00,21,6,KRW-FF,0.00760456
2026-09-01T21:48:25.913261+00:00,21,6,KRW-KAT,0.00322061
2026-09-01T21:48:25.913261+00:00,21,6,KRW-W,0.00738007
2026-09-01T21:48:25.913261+00:00,21,6,KRW-PENDLE,0.00199243
2026-09-01T21:48:25.913261+00:00,21,6,KRW-SPK,0.00362976
2026-09-01T21:48:25.913261+00:00,21,6,KRW-PYTH,0.00140944
2026-09-01T21:48:25.913261+00:00,21,6,KRW-STEEM,0.00169348
2026-09-01T21:48:25.913261+00:00,21,6,KRW-COW,0.01169591
2026-09-01T21:49:28.708943+00:00,21,6,KRW-SHIB,0.00140351
2026-09-01T21:49:28.708943+00:00,21,6,KRW-KAITO,0.00240096
2026-09-01T21:49:28.708943+00:00,21,6,KRW-SUI,0.00100150
2026-09-01T21:49:28.708943+00:00,21,6,KRW-MMT,0.00455581
2026-09-01T21:49:28.708943+00:00,21,6,KRW-LINK,0.00193486
2026-09-01T21:49:28.708943+00:00,21,6,KRW-PUMP,0.00165975
2026-09-01T21:49:28.708943+00:00,21,6,KRW-NEAR,0.00113960
2026-09-01T21:49:28.708943+00:00,21,6,KRW-ZBT,0.00858369
2026-09-01T21:49:28.708943+00:00,21,6,KRW-LA,0.00126984
2026-09-01T21:49:28.708943+00:00,21,6,KRW-CHIP,0.00320513
2026-09-01T21:49:28.708943+00:00,21,6,KRW-QUID,0.00327690
2026-09-01T21:49:28.708943+00:00,21,6,KRW-PENGU,0.00858369
2026-09-01T21:49:28.708943+00:00,21,6,KRW-AVAX,0.00149963
2026-09-01T21:49:28.708943+00:00,21,6,KRW-VIRTUAL,0.00211416
2026-09-01T21:49:28.708943+00:00,21,6,KRW-MOVE,0.00851064
2026-09-01T21:49:28.708943+00:00,21,6,KRW-UNI,0.00124922
2026-09-01T21:49:28.708943+00:00,21,6,KRW-PIEVERSE,0.00139958
2026-09-01T21:49:28.708943+00:00,21,6,KRW-PRL,0.00484262
2026-09-01T21:49:28.708943+00:00,21,6,KRW-HBAR,0.00975610
2026-09-01T21:49:28.708943+00:00,21,6,KRW-ONT,0.00267023
2026-09-01T21:49:28.708943+00:00,21,6,KRW-ENSO,0.00256082
2026-09-01T21:49:28.708943+00:00,21,6,KRW-XPL,0.00858369
2026-09-01T21:49:28.708943+00:00,21,6,KRW-SAHARA,0.00873362
2026-09-01T21:49:28.708943+00:00,21,6,KRW-AAVE,0.00114416
2026-09-01T21:49:28.708943+00:00,21,6,KRW-ARX,0.00586510
2026-09-01T21:49:28.708943+00:00,21,6,KRW-TRX,0.00222965
2026-09-01T21:49:28.708943+00:00,21,6,KRW-HOLO,0.00347423
2026-09-01T21:49:28.708943+00:00,21,6,KRW-WLFI,0.00126984
2026-09-01T21:49:28.708943+00:00,21,6,KRW-BCH,0.00146951
2026-09-01T21:49:28.708943+00:00,21,6,KRW-DATA,0.00383877
2026-09-01T21:49:28.708943+00:00,21,6,KRW-PLUME,0.00514139
2026-09-01T21:49:28.708943+00:00,21,6,KRW-ARB,0.00668896
2026-09-01T21:49:28.708943+00:00,21,6,KRW-STORJ,0.00527704
2026-09-01T21:49:28.708943+00:00,21,6,KRW-BONK,0.00352113
2026-09-01T21:49:28.708943+00:00,21,6,KRW-ETC,0.00298954
2026-09-01T21:49:28.708943+00:00,21,6,KRW-ESP,0.00896861
2026-09-01T21:49:28.708943+00:00,21,6,KRW-0G,0.00366972
2026-09-01T21:49:28.708943+00:00,21,6,KRW-META2,0.00811359
2026-09-01T21:49:28.708943+00:00,21,6,KRW-BSB,0.00696864
2026-09-01T21:49:28.708943+00:00,21,6,KRW-ERA,0.00125549
2026-09-01T21:49:28.708943+00:00,21,6,KRW-MIRA,0.00338409
2026-09-01T21:49:28.708943+00:00,21,6,KRW-SAND,0.00401606
2026-09-01T21:49:28.708943+00:00,21,6,KRW-PEPE,0.00208117
2026-09-01T21:49:28.708943+00:00,21,6,KRW-POL,0.00809717
2026-09-01T21:49:28.708943+00:00,21,6,KRW-STX,0.00280505
2026-09-01T21:49:28.708943+00:00,21,6,KRW-IRYS,0.00536193
2026-09-01T21:49:28.708943+00:00,21,6,KRW-AXS,0.00158353
2026-09-01T21:49:28.708943+00:00,21,6,KRW-TAO,0.00098055
2026-09-01T21:49:28.708943+00:00,21,6,KRW-ALGO,0.00823045
2026-09-01T21:49:28.708943+00:00,21,6,KRW-JTO,0.00169062
2026-09-01T21:49:28.708943+00:00,21,6,KRW-CC,0.00634921
2026-09-01T21:49:28.708943+00:00,21,6,KRW-BIRB,0.00383387
2026-09-01T21:49:28.708943+00:00,21,6,KRW-ME,0.00238949
2026-09-01T21:49:28.708943+00:00,21,6,KRW-SEI,0.00153965
2026-09-01T21:49:28.708943+00:00,21,6,KRW-ENS,0.00063553
2026-09-01T21:49:28.708943+00:00,21,6,KRW-ZRO,0.00144300
2026-09-01T21:49:28.708943+00:00,21,6,KRW-TRUMP,0.00095012
2026-09-01T21:49:28.708943+00:00,21,6,KRW-XEC,0.00105876
2026-09-01T21:49:28.708943+00:00,21,6,KRW-RVN,0.00255428
2026-09-01T21:49:28.708943+00:00,21,6,KRW-ZAMA,0.00436999
2026-09-01T21:49:28.708943+00:00,21,6,KRW-GEOD,0.00653595
2026-09-01T21:49:28.708943+00:00,21,6,KRW-AKT,0.00436999
2026-09-01T21:49:28.708943+00:00,21,6,KRW-FIL,0.00186047
2026-09-01T21:49:28.708943+00:00,21,6,KRW-APT,0.00394997
2026-09-01T21:49:28.708943+00:00,21,6,KRW-DRV,0.00501253
2026-09-01T21:49:28.708943+00:00,21,6,KRW-ID,0.00224467
2026-09-01T21:49:28.708943+00:00,21,6,KRW-SOON,0.00396040
2026-09-01T21:49:28.708943+00:00,21,6,KRW-O,0.00262467
2026-09-01T21:49:28.708943+00:00,21,6,KRW-AVNT,0.00706714
2026-09-01T21:49:28.708943+00:00,21,6,KRW-TREE,0.00369686
2026-09-01T21:49:28.708943+00:00,21,6,KRW-KITE,0.00586510
2026-09-01T21:49:28.708943+00:00,21,6,KRW-BLEND,0.00342270
2026-09-01T21:49:28.708943+00:00,21,6,KRW-MANTRA,0.00161943
2026-09-01T21:49:28.708943+00:00,21,6,KRW-CFG,0.00655738
2026-09-01T21:49:28.708943+00:00,21,6,KRW-GAS,0.00295072
2026-09-01T21:49:28.708943+00:00,21,6,KRW-BERA,0.00408998
2026-09-01T21:49:28.708943+00:00,21,6,KRW-MEGA,0.00386100
2026-09-01T21:49:28.708943+00:00,21,6,KRW-SOPH,0.00360360
2026-09-01T21:49:28.708943+00:00,21,6,KRW-UP2,0.01002147
2026-09-01T21:49:28.708943+00:00,21,6,KRW-ZORA,0.00930233
2026-09-01T21:49:28.708943+00:00,21,6,KRW-OPG,0.01470588
2026-09-01T21:49:28.708943+00:00,21,6,KRW-BSV,0.00324901
2026-09-01T21:49:28.708943+00:00,21,6,KRW-HYPER,0.00448934
2026-09-01T21:49:28.708943+00:00,21,6,KRW-TRAC,0.00438596
2026-09-01T21:49:28.708943+00:00,21,6,KRW-IN,0.00443459
2026-09-01T21:49:28.708943+00:00,21,6,KRW-ATH,0.00157356
2026-09-01T21:49:28.708943+00:00,21,6,KRW-ETHFI,0.00255102
2026-09-01T21:49:28.708943+00:00,21,6,KRW-MON,0.00272109
2026-09-01T21:49:28.708943+00:00,21,6,KRW-ZIL,0.00851064
2026-09-01T21:49:28.708943+00:00,21,6,KRW-B3,0.00475059
2026-09-01T21:49:28.708943+00:00,21,6,KRW-ELSA,0.00321543
2026-09-01T21:49:28.708943+00:00,21,6,KRW-JUP,0.00335008
2026-09-01T21:49:28.708943+00:00,21,6,KRW-SIGN,0.00803213
2026-09-01T21:49:28.708943+00:00,21,6,KRW-FLOCK,0.00205128
2026-09-01T21:49:28.708943+00:00,21,6,KRW-DEEP,0.00508906
2026-09-01T21:49:28.708943+00:00,21,6,KRW-G,0.00195886
2026-09-01T21:49:28.708943+00:00,21,6,KRW-INJ,0.02482980
2026-09-01T21:49:28.708943+00:00,21,6,KRW-VVV,0.00313129
2026-09-01T21:49:28.708943+00:00,21,6,KRW-BIGTIME,0.00224215
2026-09-01T21:49:28.708943+00:00,21,6,KRW-BIO,0.00283688
2026-09-01T21:49:28.708943+00:00,21,6,KRW-RENDER,0.00101368
2026-09-01T21:49:28.708943+00:00,21,6,KRW-BARD,0.00576369
2026-09-01T21:49:28.708943+00:00,21,6,KRW-CHZ,0.00539084
2026-09-01T21:49:28.708943+00:00,21,6,KRW-LSK,0.00732601
2026-09-01T21:49:28.708943+00:00,21,6,KRW-CRO,0.00395517
2026-09-01T21:49:28.708943+00:00,21,6,KRW-VANA,0.00325998
2026-09-01T21:49:28.708943+00:00,21,6,KRW-LAYER,0.00213220
2026-09-01T21:49:28.708943+00:00,21,6,KRW-RED,0.00634921
2026-09-01T21:49:28.708943+00:00,21,6,KRW-DOT,0.00166806
2026-09-01T21:49:28.708943+00:00,21,6,KRW-ATOM,0.00246488
2026-09-01T21:49:28.708943+00:00,21,6,KRW-DOOD,0.00547945
2026-09-01T21:49:28.708943+00:00,21,6,KRW-XAUT,0.00199402
2026-09-01T21:49:28.708943+00:00,21,6,KRW-BORA,0.00333890
2026-09-01T21:49:28.708943+00:00,21,6,KRW-AWE,0.00351906
2026-09-01T21:49:28.708943+00:00,21,6,KRW-WAVES,0.00660066
2026-09-01T21:49:28.708943+00:00,21,6,KRW-ZKP,0.00329489
2026-09-01T21:49:28.708943+00:00,21,6,KRW-EDGE,0.00426439
2026-09-01T21:49:28.708943+00:00,21,6,KRW-ELF,0.00114745
2026-09-01T21:49:28.708943+00:00,21,6,KRW-AI,0.00740741
2026-09-01T21:49:28.708943+00:00,21,6,KRW-SNT,0.00221484
2026-09-01T21:49:28.708943+00:00,21,6,KRW-OPEN,0.00576369
2026-09-01T21:49:28.708943+00:00,21,6,KRW-SKR,0.00613497
2026-09-01T21:49:28.708943+00:00,21,6,KRW-MET2,0.00375235
2026-09-01T21:49:28.708943+00:00,21,6,KRW-FF,0.00760456
2026-09-01T21:49:28.708943+00:00,21,6,KRW-KAT,0.00322061
2026-09-01T21:49:28.708943+00:00,21,6,KRW-W,0.00738007
2026-09-01T21:49:28.708943+00:00,21,6,KRW-PENDLE,0.00159426
2026-09-01T21:49:28.708943+00:00,21,6,KRW-SPK,0.00362976
2026-09-01T21:49:28.708943+00:00,21,6,KRW-PYTH,0.00140944
2026-09-01T21:49:28.708943+00:00,21,6,KRW-STEEM,0.00169348
2026-09-01T21:49:28.708943+00:00,21,6,KRW-COW,0.01169591
2026-09-01T21:50:31.214064+00:00,21,6,KRW-SHIB,0.00140351
2026-09-01T21:50:31.214064+00:00,21,6,KRW-KAITO,0.00240096
2026-09-01T21:50:31.214064+00:00,21,6,KRW-SUI,0.00100251
2026-09-01T21:50:31.214064+00:00,21,6,KRW-MMT,0.00455581
2026-09-01T21:50:31.214064+00:00,21,6,KRW-LINK,0.00064537
2026-09-01T21:50:31.214064+00:00,21,6,KRW-PUMP,0.00165975
2026-09-01T21:50:31.214064+00:00,21,6,KRW-NEAR,0.00076075
2026-09-01T21:50:31.214064+00:00,21,6,KRW-ZBT,0.00858369
2026-09-01T21:50:31.214064+00:00,21,6,KRW-LA,0.00126984
2026-09-01T21:50:31.214064+00:00,21,6,KRW-CHIP,0.00160385
2026-09-01T21:50:31.214064+00:00,21,6,KRW-QUID,0.00327690
2026-09-01T21:50:31.214064+00:00,21,6,KRW-PENGU,0.00858369
2026-09-01T21:50:31.214064+00:00,21,6,KRW-AVAX,0.00149963
2026-09-01T21:50:31.214064+00:00,21,6,KRW-VIRTUAL,0.00211864
2026-09-01T21:50:31.214064+00:00,21,6,KRW-MOVE,0.00851064
2026-09-01T21:50:31.214064+00:00,21,6,KRW-UNI,0.00124922
2026-09-01T21:50:31.214064+00:00,21,6,KRW-PIEVERSE,0.00210011
2026-09-01T21:50:31.214064+00:00,21,6,KRW-PRL,0.00484262
2026-09-01T21:50:31.214064+00:00,21,6,KRW-HBAR,0.00975610
2026-09-01T21:50:31.214064+00:00,21,6,KRW-ONT,0.00400802
2026-09-01T21:50:31.214064+00:00,21,6,KRW-ENSO,0.00256082
2026-09-01T21:50:31.214064+00:00,21,6,KRW-XPL,0.00858369
2026-09-01T21:50:31.214064+00:00,21,6,KRW-SAHARA,0.00873362
2026-09-01T21:50:31.214064+00:00,21,6,KRW-AAVE,0.00057257
2026-09-01T21:50:31.214064+00:00,21,6,KRW-ARX,0.00586510
2026-09-01T21:50:31.214064+00:00,21,6,KRW-TRX,0.00223464
2026-09-01T21:50:31.214064+00:00,21,6,KRW-HOLO,0.00347423
2026-09-01T21:50:31.214064+00:00,21,6,KRW-WLFI,0.00254130
2026-09-01T21:50:31.214064+00:00,21,6,KRW-BCH,0.00117543
2026-09-01T21:50:31.214064+00:00,21,6,KRW-DATA,0.00382409
2026-09-01T21:50:31.214064+00:00,21,6,KRW-PLUME,0.00514139
2026-09-01T21:50:31.214064+00:00,21,6,KRW-ARB,0.00668896
2026-09-01T21:50:31.214064+00:00,21,6,KRW-STORJ,0.00264201
2026-09-01T21:50:31.214064+00:00,21,6,KRW-BONK,0.00175901
2026-09-01T21:50:31.214064+00:00,21,6,KRW-ETC,0.00299252
2026-09-01T21:50:31.214064+00:00,21,6,KRW-ESP,0.00896861
2026-09-01T21:50:31.214064+00:00,21,6,KRW-0G,0.00366972
2026-09-01T21:50:31.214064+00:00,21,6,KRW-META2,0.00067912
2026-09-01T21:50:31.214064+00:00,21,6,KRW-BSB,0.01388889
2026-09-01T21:50:31.214064+00:00,21,6,KRW-ERA,0.00125549
2026-09-01T21:50:31.214064+00:00,21,6,KRW-MIRA,0.00338409
2026-09-01T21:50:31.214064+00:00,21,6,KRW-SAND,0.00201410
2026-09-01T21:50:31.214064+00:00,21,6,KRW-PEPE,0.00208117
2026-09-01T21:50:31.214064+00:00,21,6,KRW-POL,0.00809717
2026-09-01T21:50:31.214064+00:00,21,6,KRW-STX,0.00280505
2026-09-01T21:50:31.214064+00:00,21,6,KRW-IRYS,0.00536193
2026-09-01T21:50:31.214064+00:00,21,6,KRW-AXS,0.00158353
2026-09-01T21:50:31.214064+00:00,21,6,KRW-TAO,0.00098055
2026-09-01T21:50:31.214064+00:00,21,6,KRW-ALGO,0.00823045
2026-09-01T21:50:31.214064+00:00,21,6,KRW-JTO,0.00169062
2026-09-01T21:50:31.214064+00:00,21,6,KRW-CC,0.00634921
2026-09-01T21:50:31.214064+00:00,21,6,KRW-BIRB,0.00127632
2026-09-01T21:50:31.214064+00:00,21,6,KRW-ME,0.00119261
2026-09-01T21:50:31.214064+00:00,21,6,KRW-SEI,0.00307220
2026-09-01T21:50:31.214064+00:00,21,6,KRW-ENS,0.00063553
2026-09-01T21:50:31.214064+00:00,21,6,KRW-ZRO,0.00144300
2026-09-01T21:50:31.214064+00:00,21,6,KRW-TRUMP,0.00031631
2026-09-01T21:50:31.214064+00:00,21,6,KRW-XEC,0.00105876
2026-09-01T21:50:31.214064+00:00,21,6,KRW-RVN,0.00256082
2026-09-01T21:50:31.214064+00:00,21,6,KRW-ZAMA,0.00436999
2026-09-01T21:50:31.214064+00:00,21,6,KRW-GEOD,0.00653595
2026-09-01T21:50:31.214064+00:00,21,6,KRW-AKT,0.00291121
2026-09-01T21:50:31.214064+00:00,21,6,KRW-FIL,0.00092550
2026-09-01T21:50:31.214064+00:00,21,6,KRW-APT,0.00263505
2026-09-01T21:50:31.214064+00:00,21,6,KRW-DRV,0.00501253
2026-09-01T21:50:31.214064+00:00,21,6,KRW-ID,0.00224467
2026-09-01T21:50:31.214064+00:00,21,6,KRW-SOON,0.00396040
2026-09-01T21:50:31.214064+00:00,21,6,KRW-O,0.00393443
2026-09-01T21:50:31.214064+00:00,21,6,KRW-AVNT,0.00706714
2026-09-01T21:50:31.214064+00:00,21,6,KRW-TREE,0.00369686
2026-09-01T21:50:31.214064+00:00,21,6,KRW-KITE,0.00586510
2026-09-01T21:50:31.214064+00:00,21,6,KRW-BLEND,0.00342270
2026-09-01T21:50:31.214064+00:00,21,6,KRW-MANTRA,0.00161943
2026-09-01T21:50:31.214064+00:00,21,6,KRW-CFG,0.00655738
2026-09-01T21:50:31.214064+00:00,21,6,KRW-GAS,0.00295072
2026-09-01T21:50:31.214064+00:00,21,6,KRW-BERA,0.00408998
2026-09-01T21:50:31.214064+00:00,21,6,KRW-MEGA,0.00386100
2026-09-01T21:50:31.214064+00:00,21,6,KRW-SOPH,0.00360360
2026-09-01T21:50:31.214064+00:00,21,6,KRW-UP2,0.00572246
2026-09-01T21:50:31.214064+00:00,21,6,KRW-ZORA,0.00930233
2026-09-01T21:50:31.214064+00:00,21,6,KRW-OPG,0.01470588
2026-09-01T21:50:31.214064+00:00,21,6,KRW-BSV,0.00371230
2026-09-01T21:50:31.214064+00:00,21,6,KRW-HYPER,0.00336511
2026-09-01T21:50:31.214064+00:00,21,6,KRW-TRAC,0.00438596
2026-09-01T21:50:31.214064+00:00,21,6,KRW-IN,0.00221484
2026-09-01T21:50:31.214064+00:00,21,6,KRW-ATH,0.00157356
2026-09-01T21:50:31.214064+00:00,21,6,KRW-ETHFI,0.00255102
2026-09-01T21:50:31.214064+00:00,21,6,KRW-MON,0.00272109
2026-09-01T21:50:31.214064+00:00,21,6,KRW-ZIL,0.00851064
2026-09-01T21:50:31.214064+00:00,21,6,KRW-B3,0.00475059
2026-09-01T21:50:31.214064+00:00,21,6,KRW-ELSA,0.00321543
2026-09-01T21:50:31.214064+00:00,21,6,KRW-JUP,0.00335008
2026-09-01T21:50:31.214064+00:00,21,6,KRW-SIGN,0.00803213
2026-09-01T21:50:31.214064+00:00,21,6,KRW-FLOCK,0.00205128
2026-09-01T21:50:31.214064+00:00,21,6,KRW-DEEP,0.00508906
2026-09-01T21:50:31.214064+00:00,21,6,KRW-G,0.00195886
2026-09-01T21:50:31.214064+00:00,21,6,KRW-INJ,0.02482980
2026-09-01T21:50:31.214064+00:00,21,6,KRW-VVV,0.00313129
2026-09-01T21:50:31.214064+00:00,21,6,KRW-BIGTIME,0.00224215
2026-09-01T21:50:31.214064+00:00,21,6,KRW-BIO,0.00283688
2026-09-01T21:50:31.214064+00:00,21,6,KRW-RENDER,0.00101368
2026-09-01T21:50:31.214064+00:00,21,6,KRW-BARD,0.00576369
2026-09-01T21:50:31.214064+00:00,21,6,KRW-CHZ,0.00539084
2026-09-01T21:50:31.214064+00:00,21,6,KRW-LSK,0.00732601
2026-09-01T21:50:31.214064+00:00,21,6,KRW-CRO,0.00394477
2026-09-01T21:50:31.214064+00:00,21,6,KRW-VANA,0.00325998
2026-09-01T21:50:31.214064+00:00,21,6,KRW-LAYER,0.00320000
2026-09-01T21:50:31.214064+00:00,21,6,KRW-RED,0.00634921
2026-09-01T21:50:31.214064+00:00,21,6,KRW-DOT,0.00250104
2026-09-01T21:50:31.214064+00:00,21,6,KRW-ATOM,0.00246488
2026-09-01T21:50:31.214064+00:00,21,6,KRW-DOOD,0.00547945
2026-09-01T21:50:31.214064+00:00,21,6,KRW-XAUT,0.00199402
2026-09-01T21:50:31.214064+00:00,21,6,KRW-BORA,0.00333890
2026-09-01T21:50:31.214064+00:00,21,6,KRW-AWE,0.00351906
2026-09-01T21:50:31.214064+00:00,21,6,KRW-WAVES,0.00331675
2026-09-01T21:50:31.214064+00:00,21,6,KRW-ZKP,0.00329489
2026-09-01T21:50:31.214064+00:00,21,6,KRW-EDGE,0.00638978
2026-09-01T21:50:31.214064+00:00,21,6,KRW-ELF,0.00229621
2026-09-01T21:50:31.214064+00:00,21,6,KRW-AI,0.00740741
2026-09-01T21:50:31.214064+00:00,21,6,KRW-SNT,0.00221484
2026-09-01T21:50:31.214064+00:00,21,6,KRW-OPEN,0.00576369
2026-09-01T21:50:31.214064+00:00,21,6,KRW-SKR,0.00308166
2026-09-01T21:50:31.214064+00:00,21,6,KRW-MET2,0.00375235
2026-09-01T21:50:31.214064+00:00,21,6,KRW-FF,0.00760456
2026-09-01T21:50:31.214064+00:00,21,6,KRW-KAT,0.00322061
2026-09-01T21:50:31.214064+00:00,21,6,KRW-W,0.00738007
2026-09-01T21:50:31.214064+00:00,21,6,KRW-PENDLE,0.00199481
2026-09-01T21:50:31.214064+00:00,21,6,KRW-SPK,0.00362976
2026-09-01T21:50:31.214064+00:00,21,6,KRW-PYTH,0.00282486
2026-09-01T21:50:31.214064+00:00,21,6,KRW-STEEM,0.00169348
2026-09-01T21:50:31.214064+00:00,21,6,KRW-COW,0.01169591
2026-09-01T21:51:33.780782+00:00,21,6,KRW-SHIB,0.00140351
2026-09-01T21:51:33.780782+00:00,21,6,KRW-KAITO,0.00239521
2026-09-01T21:51:33.780782+00:00,21,6,KRW-SUI,0.00100251
2026-09-01T21:51:33.780782+00:00,21,6,KRW-MMT,0.00455581
2026-09-01T21:51:33.780782+00:00,21,6,KRW-LINK,0.00129032
2026-09-01T21:51:33.780782+00:00,21,6,KRW-PUMP,0.00331675
2026-09-01T21:51:33.780782+00:00,21,6,KRW-NEAR,0.00038045
2026-09-01T21:51:33.780782+00:00,21,6,KRW-ZBT,0.00858369
2026-09-01T21:51:33.780782+00:00,21,6,KRW-LA,0.00126984
2026-09-01T21:51:33.780782+00:00,21,6,KRW-CHIP,0.00321027
2026-09-01T21:51:33.780782+00:00,21,6,KRW-QUID,0.00109111
2026-09-01T21:51:33.780782+00:00,21,6,KRW-PENGU,0.00858369
2026-09-01T21:51:33.780782+00:00,21,6,KRW-AVAX,0.00050013
2026-09-01T21:51:33.780782+00:00,21,6,KRW-VIRTUAL,0.00211864
2026-09-01T21:51:33.780782+00:00,21,6,KRW-MOVE,0.00851064
2026-09-01T21:51:33.780782+00:00,21,6,KRW-UNI,0.00187559
2026-09-01T21:51:33.780782+00:00,21,6,KRW-PIEVERSE,0.00209570
2026-09-01T21:51:33.780782+00:00,21,6,KRW-PRL,0.00484262
2026-09-01T21:51:33.780782+00:00,21,6,KRW-HBAR,0.00975610
2026-09-01T21:51:33.780782+00:00,21,6,KRW-ONT,0.00400802
2026-09-01T21:51:33.780782+00:00,21,6,KRW-ENSO,0.00256082
2026-09-01T21:51:33.780782+00:00,21,6,KRW-XPL,0.00858369
2026-09-01T21:51:33.780782+00:00,21,6,KRW-SAHARA,0.00873362
2026-09-01T21:51:33.780782+00:00,21,6,KRW-AAVE,0.00057257
2026-09-01T21:51:33.780782+00:00,21,6,KRW-ARX,0.00586510
2026-09-01T21:51:33.780782+00:00,21,6,KRW-TRX,0.00222965
2026-09-01T21:51:33.780782+00:00,21,6,KRW-HOLO,0.00347423
2026-09-01T21:51:33.780782+00:00,21,6,KRW-WLFI,0.00253807
2026-09-01T21:51:33.780782+00:00,21,6,KRW-BCH,0.00088248
2026-09-01T21:51:33.780782+00:00,21,6,KRW-DATA,0.00382409
2026-09-01T21:51:33.780782+00:00,21,6,KRW-PLUME,0.00514139
2026-09-01T21:51:33.780782+00:00,21,6,KRW-ARB,0.00668896
2026-09-01T21:51:33.780782+00:00,21,6,KRW-STORJ,0.00528402
2026-09-01T21:51:33.780782+00:00,21,6,KRW-BONK,0.00176211
2026-09-01T21:51:33.780782+00:00,21,6,KRW-ETC,0.00298954
2026-09-01T21:51:33.780782+00:00,21,6,KRW-ESP,0.00896861
2026-09-01T21:51:33.780782+00:00,21,6,KRW-0G,0.00735294
2026-09-01T21:51:33.780782+00:00,21,6,KRW-META2,0.00067912
2026-09-01T21:51:33.780782+00:00,21,6,KRW-BSB,0.01388889
2026-09-01T21:51:33.780782+00:00,21,6,KRW-ERA,0.00125549
2026-09-01T21:51:33.780782+00:00,21,6,KRW-MIRA,0.00338409
2026-09-01T21:51:33.780782+00:00,21,6,KRW-SAND,0.00201410
2026-09-01T21:51:33.780782+00:00,21,6,KRW-PEPE,0.00208117
2026-09-01T21:51:33.780782+00:00,21,6,KRW-POL,0.00809717
2026-09-01T21:51:33.780782+00:00,21,6,KRW-STX,0.00280505
2026-09-01T21:51:33.780782+00:00,21,6,KRW-IRYS,0.00536193
2026-09-01T21:51:33.780782+00:00,21,6,KRW-AXS,0.00158353
2026-09-01T21:51:33.780782+00:00,21,6,KRW-TAO,0.00163372
2026-09-01T21:51:33.780782+00:00,21,6,KRW-ALGO,0.00823045
2026-09-01T21:51:33.780782+00:00,21,6,KRW-JTO,0.00169062
2026-09-01T21:51:33.780782+00:00,21,6,KRW-CC,0.00634921
2026-09-01T21:51:33.780782+00:00,21,6,KRW-BIRB,0.00127632
2026-09-01T21:51:33.780782+00:00,21,6,KRW-ME,0.00119261
2026-09-01T21:51:33.780782+00:00,21,6,KRW-SEI,0.00306748
2026-09-01T21:51:33.780782+00:00,21,6,KRW-ENS,0.00063553
2026-09-01T21:51:33.780782+00:00,21,6,KRW-ZRO,0.00144300
2026-09-01T21:51:33.780782+00:00,21,6,KRW-TRUMP,0.00095012
2026-09-01T21:51:33.780782+00:00,21,6,KRW-XEC,0.00105876
2026-09-01T21:51:33.780782+00:00,21,6,KRW-RVN,0.00511509
2026-09-01T21:51:33.780782+00:00,21,6,KRW-ZAMA,0.00436999
2026-09-01T21:51:33.780782+00:00,21,6,KRW-GEOD,0.00653595
2026-09-01T21:51:33.780782+00:00,21,6,KRW-AKT,0.00291121
2026-09-01T21:51:33.780782+00:00,21,6,KRW-FIL,0.00185874
2026-09-01T21:51:33.780782+00:00,21,6,KRW-APT,0.00131839
2026-09-01T21:51:33.780782+00:00,21,6,KRW-DRV,0.00501253
2026-09-01T21:51:33.780782+00:00,21,6,KRW-ID,0.00224467
2026-09-01T21:51:33.780782+00:00,21,6,KRW-SOON,0.00396040
2026-09-01T21:51:33.780782+00:00,21,6,KRW-O,0.00261780
2026-09-01T21:51:33.780782+00:00,21,6,KRW-AVNT,0.00706714
2026-09-01T21:51:33.780782+00:00,21,6,KRW-TREE,0.00370370
2026-09-01T21:51:33.780782+00:00,21,6,KRW-KITE,0.00589971
2026-09-01T21:51:33.780782+00:00,21,6,KRW-BLEND,0.00342270
2026-09-01T21:51:33.780782+00:00,21,6,KRW-MANTRA,0.00161943
2026-09-01T21:51:33.780782+00:00,21,6,KRW-CFG,0.00655738
2026-09-01T21:51:33.780782+00:00,21,6,KRW-GAS,0.00295072
2026-09-01T21:51:33.780782+00:00,21,6,KRW-BERA,0.00408998
2026-09-01T21:51:33.780782+00:00,21,6,KRW-MEGA,0.00386100
2026-09-01T21:51:33.780782+00:00,21,6,KRW-SOPH,0.00360360
2026-09-01T21:51:33.780782+00:00,21,6,KRW-UP2,0.00429492
2026-09-01T21:51:33.780782+00:00,21,6,KRW-ZORA,0.00930233
2026-09-01T21:51:33.780782+00:00,21,6,KRW-OPG,0.01470588
2026-09-01T21:51:33.780782+00:00,21,6,KRW-BSV,0.00371230
2026-09-01T21:51:33.780782+00:00,21,6,KRW-HYPER,0.00336511
2026-09-01T21:51:33.780782+00:00,21,6,KRW-TRAC,0.00438596
2026-09-01T21:51:33.780782+00:00,21,6,KRW-IN,0.00221484
2026-09-01T21:51:33.780782+00:00,21,6,KRW-ATH,0.00157356
2026-09-01T21:51:33.780782+00:00,21,6,KRW-ETHFI,0.00255102
2026-09-01T21:51:33.780782+00:00,21,6,KRW-MON,0.00272109
2026-09-01T21:51:33.780782+00:00,21,6,KRW-ZIL,0.00566572
2026-09-01T21:51:33.780782+00:00,21,6,KRW-B3,0.00475059
2026-09-01T21:51:33.780782+00:00,21,6,KRW-ELSA,0.00321543
2026-09-01T21:51:33.780782+00:00,21,6,KRW-JUP,0.00335008
2026-09-01T21:51:33.780782+00:00,21,6,KRW-SIGN,0.00803213
2026-09-01T21:51:33.780782+00:00,21,6,KRW-FLOCK,0.00205128
2026-09-01T21:51:33.780782+00:00,21,6,KRW-DEEP,0.00508906
2026-09-01T21:51:33.780782+00:00,21,6,KRW-G,0.00195886
2026-09-01T21:51:33.780782+00:00,21,6,KRW-INJ,0.02240000
2026-09-01T21:51:33.780782+00:00,21,6,KRW-VVV,0.00268216
2026-09-01T21:51:33.780782+00:00,21,6,KRW-BIGTIME,0.00224719
2026-09-01T21:51:33.780782+00:00,21,6,KRW-BIO,0.00283688
2026-09-01T21:51:33.780782+00:00,21,6,KRW-RENDER,0.00101368
2026-09-01T21:51:33.780782+00:00,21,6,KRW-BARD,0.00576369
2026-09-01T21:51:33.780782+00:00,21,6,KRW-CHZ,0.00539084
2026-09-01T21:51:33.780782+00:00,21,6,KRW-LSK,0.00732601
2026-09-01T21:51:33.780782+00:00,21,6,KRW-CRO,0.00131320
2026-09-01T21:51:33.780782+00:00,21,6,KRW-VANA,0.00244598
2026-09-01T21:51:33.780782+00:00,21,6,KRW-LAYER,0.00320000
2026-09-01T21:51:33.780782+00:00,21,6,KRW-RED,0.00630915
2026-09-01T21:51:33.780782+00:00,21,6,KRW-DOT,0.00250104
2026-09-01T21:51:33.780782+00:00,21,6,KRW-ATOM,0.00098522
2026-09-01T21:51:33.780782+00:00,21,6,KRW-DOOD,0.00547945
2026-09-01T21:51:33.780782+00:00,21,6,KRW-XAUT,0.00199402
2026-09-01T21:51:33.780782+00:00,21,6,KRW-BORA,0.00333890
2026-09-01T21:51:33.780782+00:00,21,6,KRW-AWE,0.00351906
2026-09-01T21:51:33.780782+00:00,21,6,KRW-WAVES,0.00331675
2026-09-01T21:51:33.780782+00:00,21,6,KRW-ZKP,0.00329489
2026-09-01T21:51:33.780782+00:00,21,6,KRW-EDGE,0.00745077
2026-09-01T21:51:33.780782+00:00,21,6,KRW-ELF,0.00229621
2026-09-01T21:51:33.780782+00:00,21,6,KRW-AI,0.00369686
2026-09-01T21:51:33.780782+00:00,21,6,KRW-SNT,0.00221484
2026-09-01T21:51:33.780782+00:00,21,6,KRW-OPEN,0.00576369
2026-09-01T21:51:33.780782+00:00,21,6,KRW-SKR,0.00309119
2026-09-01T21:51:33.780782+00:00,21,6,KRW-MET2,0.00375235
2026-09-01T21:51:33.780782+00:00,21,6,KRW-FF,0.00760456
2026-09-01T21:51:33.780782+00:00,21,6,KRW-KAT,0.00322061
2026-09-01T21:51:33.780782+00:00,21,6,KRW-W,0.00738007
2026-09-01T21:51:33.780782+00:00,21,6,KRW-PENDLE,0.00199322
2026-09-01T21:51:33.780782+00:00,21,6,KRW-SPK,0.00362976
2026-09-01T21:51:33.780782+00:00,21,6,KRW-PYTH,0.00281690
2026-09-01T21:51:33.780782+00:00,21,6,KRW-STEEM,0.00169348
2026-09-01T21:51:33.780782+00:00,21,6,KRW-COW,0.01169591
2026-09-01T21:52:36.425139+00:00,21,6,KRW-SHIB,0.00140351
2026-09-01T21:52:36.425139+00:00,21,6,KRW-KAITO,0.00239521
2026-09-01T21:52:36.425139+00:00,21,6,KRW-SUI,0.00200401
2026-09-01T21:52:36.425139+00:00,21,6,KRW-MMT,0.00455581
2026-09-01T21:52:36.425139+00:00,21,6,KRW-LINK,0.00129032
2026-09-01T21:52:36.425139+00:00,21,6,KRW-PUMP,0.00165700
2026-09-01T21:52:36.425139+00:00,21,6,KRW-NEAR,0.00114090
2026-09-01T21:52:36.425139+00:00,21,6,KRW-ZBT,0.00858369
2026-09-01T21:52:36.425139+00:00,21,6,KRW-LA,0.00253485
2026-09-01T21:52:36.425139+00:00,21,6,KRW-CHIP,0.00160643
2026-09-01T21:52:36.425139+00:00,21,6,KRW-QUID,0.00109230
2026-09-01T21:52:36.425139+00:00,21,6,KRW-PENGU,0.00858369
2026-09-01T21:52:36.425139+00:00,21,6,KRW-AVAX,0.00149963
2026-09-01T21:52:36.425139+00:00,21,6,KRW-VIRTUAL,0.00211864
2026-09-01T21:52:36.425139+00:00,21,6,KRW-MOVE,0.00851064
2026-09-01T21:52:36.425139+00:00,21,6,KRW-UNI,0.00125078
2026-09-01T21:52:36.425139+00:00,21,6,KRW-PIEVERSE,0.00208551
2026-09-01T21:52:36.425139+00:00,21,6,KRW-PRL,0.00481928
2026-09-01T21:52:36.425139+00:00,21,6,KRW-HBAR,0.00975610
2026-09-01T21:52:36.425139+00:00,21,6,KRW-ONT,0.00400802
2026-09-01T21:52:36.425139+00:00,21,6,KRW-ENSO,0.00341297
2026-09-01T21:52:36.425139+00:00,21,6,KRW-XPL,0.00858369
2026-09-01T21:52:36.425139+00:00,21,6,KRW-SAHARA,0.00873362
2026-09-01T21:52:36.425139+00:00,21,6,KRW-AAVE,0.00114351
2026-09-01T21:52:36.425139+00:00,21,6,KRW-ARX,0.00586510
2026-09-01T21:52:36.425139+00:00,21,6,KRW-TRX,0.00222965
2026-09-01T21:52:36.425139+00:00,21,6,KRW-HOLO,0.00347423
2026-09-01T21:52:36.425139+00:00,21,6,KRW-WLFI,0.00253807
2026-09-01T21:52:36.425139+00:00,21,6,KRW-BCH,0.00146908
2026-09-01T21:52:36.425139+00:00,21,6,KRW-DATA,0.00382409
2026-09-01T21:52:36.425139+00:00,21,6,KRW-PLUME,0.00514139
2026-09-01T21:52:36.425139+00:00,21,6,KRW-ARB,0.00668896
2026-09-01T21:52:36.425139+00:00,21,6,KRW-STORJ,0.00528402
2026-09-01T21:52:36.425139+00:00,21,6,KRW-BONK,0.00174672
2026-09-01T21:52:36.425139+00:00,21,6,KRW-ETC,0.00298954
2026-09-01T21:52:36.425139+00:00,21,6,KRW-ESP,0.00896861
2026-09-01T21:52:36.425139+00:00,21,6,KRW-0G,0.00366972
2026-09-01T21:52:36.425139+00:00,21,6,KRW-META2,0.00067912
2026-09-01T21:52:36.425139+00:00,21,6,KRW-BSB,0.01388889
2026-09-01T21:52:36.425139+00:00,21,6,KRW-ERA,0.00125549
2026-09-01T21:52:36.425139+00:00,21,6,KRW-MIRA,0.00338409
2026-09-01T21:52:36.425139+00:00,21,6,KRW-SAND,0.00201410
2026-09-01T21:52:36.425139+00:00,21,6,KRW-PEPE,0.00208117
2026-09-01T21:52:36.425139+00:00,21,6,KRW-POL,0.00809717
2026-09-01T21:52:36.425139+00:00,21,6,KRW-STX,0.00280505
2026-09-01T21:52:36.425139+00:00,21,6,KRW-IRYS,0.00536193
2026-09-01T21:52:36.425139+00:00,21,6,KRW-AXS,0.00158353
2026-09-01T21:52:36.425139+00:00,21,6,KRW-TAO,0.00032664
2026-09-01T21:52:36.425139+00:00,21,6,KRW-ALGO,0.00823045
2026-09-01T21:52:36.425139+00:00,21,6,KRW-JTO,0.00169062
2026-09-01T21:52:36.425139+00:00,21,6,KRW-CC,0.00634921
2026-09-01T21:52:36.425139+00:00,21,6,KRW-BIRB,0.00127632
2026-09-01T21:52:36.425139+00:00,21,6,KRW-ME,0.00119261
2026-09-01T21:52:36.425139+00:00,21,6,KRW-SEI,0.00306279
2026-09-01T21:52:36.425139+00:00,21,6,KRW-ENS,0.00063553
2026-09-01T21:52:36.425139+00:00,21,6,KRW-ZRO,0.00216528
2026-09-01T21:52:36.425139+00:00,21,6,KRW-TRUMP,0.00031691
2026-09-01T21:52:36.425139+00:00,21,6,KRW-XEC,0.00105876
2026-09-01T21:52:36.425139+00:00,21,6,KRW-RVN,0.00511509
2026-09-01T21:52:36.425139+00:00,21,6,KRW-ZAMA,0.00436999
2026-09-01T21:52:36.425139+00:00,21,6,KRW-GEOD,0.00653595
2026-09-01T21:52:36.425139+00:00,21,6,KRW-AKT,0.00145455
2026-09-01T21:52:36.425139+00:00,21,6,KRW-FIL,0.00185357
2026-09-01T21:52:36.425139+00:00,21,6,KRW-APT,0.00394997
2026-09-01T21:52:36.425139+00:00,21,6,KRW-DRV,0.00501253
2026-09-01T21:52:36.425139+00:00,21,6,KRW-ID,0.00224467
2026-09-01T21:52:36.425139+00:00,21,6,KRW-SOON,0.00396040
2026-09-01T21:52:36.425139+00:00,21,6,KRW-O,0.00390879
2026-09-01T21:52:36.425139+00:00,21,6,KRW-AVNT,0.00706714
2026-09-01T21:52:36.425139+00:00,21,6,KRW-TREE,0.00185014
2026-09-01T21:52:36.425139+00:00,21,6,KRW-KITE,0.00589971
2026-09-01T21:52:36.425139+00:00,21,6,KRW-BLEND,0.00342270
2026-09-01T21:52:36.425139+00:00,21,6,KRW-MANTRA,0.00161943
2026-09-01T21:52:36.425139+00:00,21,6,KRW-CFG,0.00655738
2026-09-01T21:52:36.425139+00:00,21,6,KRW-GAS,0.00235988
2026-09-01T21:52:36.425139+00:00,21,6,KRW-BERA,0.00408998
2026-09-01T21:52:36.425139+00:00,21,6,KRW-MEGA,0.00386100
2026-09-01T21:52:36.425139+00:00,21,6,KRW-SOPH,0.00360360
2026-09-01T21:52:36.425139+00:00,21,6,KRW-UP2,0.00429492
2026-09-01T21:52:36.425139+00:00,21,6,KRW-ZORA,0.00930233
2026-09-01T21:52:36.425139+00:00,21,6,KRW-OPG,0.00738007
2026-09-01T21:52:36.425139+00:00,21,6,KRW-BSV,0.00371230
2026-09-01T21:52:36.425139+00:00,21,6,KRW-HYPER,0.00336511
2026-09-01T21:52:36.425139+00:00,21,6,KRW-TRAC,0.00438596
2026-09-01T21:52:36.425139+00:00,21,6,KRW-IN,0.00221484
2026-09-01T21:52:36.425139+00:00,21,6,KRW-ATH,0.00315457
2026-09-01T21:52:36.425139+00:00,21,6,KRW-ETHFI,0.00382409
2026-09-01T21:52:36.425139+00:00,21,6,KRW-MON,0.00271370
2026-09-01T21:52:36.425139+00:00,21,6,KRW-ZIL,0.00566572
2026-09-01T21:52:36.425139+00:00,21,6,KRW-B3,0.00475059
2026-09-01T21:52:36.425139+00:00,21,6,KRW-ELSA,0.00481928
2026-09-01T21:52:36.425139+00:00,21,6,KRW-JUP,0.00335008
2026-09-01T21:52:36.425139+00:00,21,6,KRW-SIGN,0.00803213
2026-09-01T21:52:36.425139+00:00,21,6,KRW-FLOCK,0.00205128
2026-09-01T21:52:36.425139+00:00,21,6,KRW-DEEP,0.00508906
2026-09-01T21:52:36.425139+00:00,21,6,KRW-G,0.00195886
2026-09-01T21:52:36.425139+00:00,21,6,KRW-INJ,0.02240000
2026-09-01T21:52:36.425139+00:00,21,6,KRW-VVV,0.00356506
2026-09-01T21:52:36.425139+00:00,21,6,KRW-BIGTIME,0.00224719
2026-09-01T21:52:36.425139+00:00,21,6,KRW-BIO,0.00283688
2026-09-01T21:52:36.425139+00:00,21,6,KRW-RENDER,0.00050671
2026-09-01T21:52:36.425139+00:00,21,6,KRW-BARD,0.00576369
2026-09-01T21:52:36.425139+00:00,21,6,KRW-CHZ,0.00539084
2026-09-01T21:52:36.425139+00:00,21,6,KRW-LSK,0.00732601
2026-09-01T21:52:36.425139+00:00,21,6,KRW-CRO,0.00131320
2026-09-01T21:52:36.425139+00:00,21,6,KRW-VANA,0.00244598
2026-09-01T21:52:36.425139+00:00,21,6,KRW-LAYER,0.00320000
2026-09-01T21:52:36.425139+00:00,21,6,KRW-RED,0.00630915
2026-09-01T21:52:36.425139+00:00,21,6,KRW-DOT,0.00249896
2026-09-01T21:52:36.425139+00:00,21,6,KRW-ATOM,0.00196947
2026-09-01T21:52:36.425139+00:00,21,6,KRW-DOOD,0.00547945
2026-09-01T21:52:36.425139+00:00,21,6,KRW-XAUT,0.00199402
2026-09-01T21:52:36.425139+00:00,21,6,KRW-BORA,0.00333890
2026-09-01T21:52:36.425139+00:00,21,6,KRW-AWE,0.00234742
2026-09-01T21:52:36.425139+00:00,21,6,KRW-WAVES,0.00331675
2026-09-01T21:52:36.425139+00:00,21,6,KRW-ZKP,0.00329489
2026-09-01T21:52:36.425139+00:00,21,6,KRW-EDGE,0.00745077
2026-09-01T21:52:36.425139+00:00,21,6,KRW-ELF,0.00229621
2026-09-01T21:52:36.425139+00:00,21,6,KRW-AI,0.00369686
2026-09-01T21:52:36.425139+00:00,21,6,KRW-SNT,0.00221484
2026-09-01T21:52:36.425139+00:00,21,6,KRW-OPEN,0.00576369
2026-09-01T21:52:36.425139+00:00,21,6,KRW-SKR,0.00308166
2026-09-01T21:52:36.425139+00:00,21,6,KRW-MET2,0.00375235
2026-09-01T21:52:36.425139+00:00,21,6,KRW-FF,0.00760456
2026-09-01T21:52:36.425139+00:00,21,6,KRW-KAT,0.00482703
2026-09-01T21:52:36.425139+00:00,21,6,KRW-W,0.00738007
2026-09-01T21:52:36.425139+00:00,21,6,KRW-PENDLE,0.00119498
2026-09-01T21:52:36.425139+00:00,21,6,KRW-SPK,0.00362976
2026-09-01T21:52:36.425139+00:00,21,6,KRW-PYTH,0.00140746
2026-09-01T21:52:36.425139+00:00,21,6,KRW-STEEM,0.00169348
2026-09-01T21:52:36.425139+00:00,21,6,KRW-COW,0.01169591
2026-09-01T21:53:38.917464+00:00,21,6,KRW-SHIB,0.00140351
2026-09-01T21:53:38.917464+00:00,21,6,KRW-KAITO,0.00239521
2026-09-01T21:53:38.917464+00:00,21,6,KRW-SUI,0.00100251
2026-09-01T21:53:38.917464+00:00,21,6,KRW-MMT,0.00455581
2026-09-01T21:53:38.917464+00:00,21,6,KRW-LINK,0.00128949
2026-09-01T21:53:38.917464+00:00,21,6,KRW-PUMP,0.00165700
2026-09-01T21:53:38.917464+00:00,21,6,KRW-NEAR,0.00076161
2026-09-01T21:53:38.917464+00:00,21,6,KRW-ZBT,0.00858369
2026-09-01T21:53:38.917464+00:00,21,6,KRW-LA,0.00253485
2026-09-01T21:53:38.917464+00:00,21,6,KRW-CHIP,0.00322061
2026-09-01T21:53:38.917464+00:00,21,6,KRW-QUID,0.00109230
2026-09-01T21:53:38.917464+00:00,21,6,KRW-PENGU,0.00858369
2026-09-01T21:53:38.917464+00:00,21,6,KRW-AVAX,0.00050013
2026-09-01T21:53:38.917464+00:00,21,6,KRW-VIRTUAL,0.00211864
2026-09-01T21:53:38.917464+00:00,21,6,KRW-MOVE,0.00851064
2026-09-01T21:53:38.917464+00:00,21,6,KRW-UNI,0.00125078
2026-09-01T21:53:38.917464+00:00,21,6,KRW-PIEVERSE,0.00208551
2026-09-01T21:53:38.917464+00:00,21,6,KRW-PRL,0.00481928
2026-09-01T21:53:38.917464+00:00,21,6,KRW-HBAR,0.00975610
2026-09-01T21:53:38.917464+00:00,21,6,KRW-ONT,0.00400802
2026-09-01T21:53:38.917464+00:00,21,6,KRW-ENSO,0.00256082
2026-09-01T21:53:38.917464+00:00,21,6,KRW-XPL,0.00858369
2026-09-01T21:53:38.917464+00:00,21,6,KRW-SAHARA,0.00873362
2026-09-01T21:53:38.917464+00:00,21,6,KRW-AAVE,0.00171380
2026-09-01T21:53:38.917464+00:00,21,6,KRW-ARX,0.00586510
2026-09-01T21:53:38.917464+00:00,21,6,KRW-TRX,0.00222965
2026-09-01T21:53:38.917464+00:00,21,6,KRW-HOLO,0.00115674
2026-09-01T21:53:38.917464+00:00,21,6,KRW-WLFI,0.00253807
2026-09-01T21:53:38.917464+00:00,21,6,KRW-BCH,0.00117543
2026-09-01T21:53:38.917464+00:00,21,6,KRW-DATA,0.00383877
2026-09-01T21:53:38.917464+00:00,21,6,KRW-PLUME,0.00511509
2026-09-01T21:53:38.917464+00:00,21,6,KRW-ARB,0.00668896
2026-09-01T21:53:38.917464+00:00,21,6,KRW-STORJ,0.00660066
2026-09-01T21:53:38.917464+00:00,21,6,KRW-BONK,0.00175901
2026-09-01T21:53:38.917464+00:00,21,6,KRW-ETC,0.00298954
2026-09-01T21:53:38.917464+00:00,21,6,KRW-ESP,0.00896861
2026-09-01T21:53:38.917464+00:00,21,6,KRW-0G,0.00368324
2026-09-01T21:53:38.917464+00:00,21,6,KRW-META2,0.00067912
2026-09-01T21:53:38.917464+00:00,21,6,KRW-BSB,0.00692042
2026-09-01T21:53:38.917464+00:00,21,6,KRW-ERA,0.00250941
2026-09-01T21:53:38.917464+00:00,21,6,KRW-MIRA,0.00338409
2026-09-01T21:53:38.917464+00:00,21,6,KRW-SAND,0.00201816
2026-09-01T21:53:38.917464+00:00,21,6,KRW-PEPE,0.00208117
2026-09-01T21:53:38.917464+00:00,21,6,KRW-POL,0.00809717
2026-09-01T21:53:38.917464+00:00,21,6,KRW-STX,0.00280505
2026-09-01T21:53:38.917464+00:00,21,6,KRW-IRYS,0.00536193
2026-09-01T21:53:38.917464+00:00,21,6,KRW-AXS,0.00316206
2026-09-01T21:53:38.917464+00:00,21,6,KRW-TAO,0.00163372
2026-09-01T21:53:38.917464+00:00,21,6,KRW-ALGO,0.00823045
2026-09-01T21:53:38.917464+00:00,21,6,KRW-JTO,0.00169062
2026-09-01T21:53:38.917464+00:00,21,6,KRW-CC,0.00634921
2026-09-01T21:53:38.917464+00:00,21,6,KRW-BIRB,0.00382897
2026-09-01T21:53:38.917464+00:00,21,6,KRW-ME,0.00119261
2026-09-01T21:53:38.917464+00:00,21,6,KRW-SEI,0.00153257
2026-09-01T21:53:38.917464+00:00,21,6,KRW-ENS,0.00316957
2026-09-01T21:53:38.917464+00:00,21,6,KRW-ZRO,0.00288600
2026-09-01T21:53:38.917464+00:00,21,6,KRW-TRUMP,0.00031691
2026-09-01T21:53:38.917464+00:00,21,6,KRW-XEC,0.00105876
2026-09-01T21:53:38.917464+00:00,21,6,KRW-RVN,0.00511509
2026-09-01T21:53:38.917464+00:00,21,6,KRW-ZAMA,0.00436999
2026-09-01T21:53:38.917464+00:00,21,6,KRW-GEOD,0.00653595
2026-09-01T21:53:38.917464+00:00,21,6,KRW-AKT,0.00145455
2026-09-01T21:53:38.917464+00:00,21,6,KRW-FIL,0.00185357
2026-09-01T21:53:38.917464+00:00,21,6,KRW-APT,0.00263505
2026-09-01T21:53:38.917464+00:00,21,6,KRW-DRV,0.00501253
2026-09-01T21:53:38.917464+00:00,21,6,KRW-ID,0.00224467
2026-09-01T21:53:38.917464+00:00,21,6,KRW-SOON,0.00396040
2026-09-01T21:53:38.917464+00:00,21,6,KRW-O,0.00390879
2026-09-01T21:53:38.917464+00:00,21,6,KRW-AVNT,0.00706714
2026-09-01T21:53:38.917464+00:00,21,6,KRW-TREE,0.00185014
2026-09-01T21:53:38.917464+00:00,21,6,KRW-KITE,0.00589971
2026-09-01T21:53:38.917464+00:00,21,6,KRW-BLEND,0.00342270
2026-09-01T21:53:38.917464+00:00,21,6,KRW-MANTRA,0.00324149
2026-09-01T21:53:38.917464+00:00,21,6,KRW-CFG,0.00655738
2026-09-01T21:53:38.917464+00:00,21,6,KRW-GAS,0.00176939
2026-09-01T21:53:38.917464+00:00,21,6,KRW-BERA,0.00408998
2026-09-01T21:53:38.917464+00:00,21,6,KRW-MEGA,0.00192864
2026-09-01T21:53:38.917464+00:00,21,6,KRW-SOPH,0.00360360
2026-09-01T21:53:38.917464+00:00,21,6,KRW-UP2,0.00286533
2026-09-01T21:53:38.917464+00:00,21,6,KRW-ZORA,0.00930233
2026-09-01T21:53:38.917464+00:00,21,6,KRW-OPG,0.00738007
2026-09-01T21:53:38.917464+00:00,21,6,KRW-BSV,0.00278552
2026-09-01T21:53:38.917464+00:00,21,6,KRW-HYPER,0.00336511
2026-09-01T21:53:38.917464+00:00,21,6,KRW-TRAC,0.00438596
2026-09-01T21:53:38.917464+00:00,21,6,KRW-IN,0.00221484
2026-09-01T21:53:38.917464+00:00,21,6,KRW-ATH,0.00473560
2026-09-01T21:53:38.917464+00:00,21,6,KRW-ETHFI,0.00254777
2026-09-01T21:53:38.917464+00:00,21,6,KRW-MON,0.00271370
2026-09-01T21:53:38.917464+00:00,21,6,KRW-ZIL,0.00566572
2026-09-01T21:53:38.917464+00:00,21,6,KRW-B3,0.00475059
2026-09-01T21:53:38.917464+00:00,21,6,KRW-ELSA,0.00481928
2026-09-01T21:53:38.917464+00:00,21,6,KRW-JUP,0.00335008
2026-09-01T21:53:38.917464+00:00,21,6,KRW-SIGN,0.00803213
2026-09-01T21:53:38.917464+00:00,21,6,KRW-FLOCK,0.00205128
2026-09-01T21:53:38.917464+00:00,21,6,KRW-DEEP,0.00508906
2026-09-01T21:53:38.917464+00:00,21,6,KRW-G,0.00195886
2026-09-01T21:53:38.917464+00:00,21,6,KRW-INJ,0.02240000
2026-09-01T21:53:38.917464+00:00,21,6,KRW-VVV,0.00267499
2026-09-01T21:53:38.917464+00:00,21,6,KRW-BIGTIME,0.00224719
2026-09-01T21:53:38.917464+00:00,21,6,KRW-BIO,0.00283688
2026-09-01T21:53:38.917464+00:00,21,6,KRW-RENDER,0.00101368
2026-09-01T21:53:38.917464+00:00,21,6,KRW-BARD,0.00576369
2026-09-01T21:53:38.917464+00:00,21,6,KRW-CHZ,0.00539084
2026-09-01T21:53:38.917464+00:00,21,6,KRW-LSK,0.00732601
2026-09-01T21:53:38.917464+00:00,21,6,KRW-CRO,0.00262467
2026-09-01T21:53:38.917464+00:00,21,6,KRW-VANA,0.00244598
2026-09-01T21:53:38.917464+00:00,21,6,KRW-LAYER,0.00320000
2026-09-01T21:53:38.917464+00:00,21,6,KRW-RED,0.00630915
2026-09-01T21:53:38.917464+00:00,21,6,KRW-DOT,0.00166667
2026-09-01T21:53:38.917464+00:00,21,6,KRW-ATOM,0.00147674
2026-09-01T21:53:38.917464+00:00,21,6,KRW-DOOD,0.00547945
2026-09-01T21:53:38.917464+00:00,21,6,KRW-XAUT,0.00199402
2026-09-01T21:53:38.917464+00:00,21,6,KRW-BORA,0.00333890
2026-09-01T21:53:38.917464+00:00,21,6,KRW-AWE,0.00234742
2026-09-01T21:53:38.917464+00:00,21,6,KRW-WAVES,0.00331675
2026-09-01T21:53:38.917464+00:00,21,6,KRW-ZKP,0.00329489
2026-09-01T21:53:38.917464+00:00,21,6,KRW-EDGE,0.00745077
2026-09-01T21:53:38.917464+00:00,21,6,KRW-ELF,0.00229621
2026-09-01T21:53:38.917464+00:00,21,6,KRW-AI,0.00369686
2026-09-01T21:53:38.917464+00:00,21,6,KRW-SNT,0.00221484
2026-09-01T21:53:38.917464+00:00,21,6,KRW-OPEN,0.00576369
2026-09-01T21:53:38.917464+00:00,21,6,KRW-SKR,0.00617284
2026-09-01T21:53:38.917464+00:00,21,6,KRW-MET2,0.00375235
2026-09-01T21:53:38.917464+00:00,21,6,KRW-FF,0.00760456
2026-09-01T21:53:38.917464+00:00,21,6,KRW-KAT,0.00322061
2026-09-01T21:53:38.917464+00:00,21,6,KRW-W,0.00738007
2026-09-01T21:53:38.917464+00:00,21,6,KRW-PENDLE,0.00119498
2026-09-01T21:53:38.917464+00:00,21,6,KRW-SPK,0.00362976
2026-09-01T21:53:38.917464+00:00,21,6,KRW-PYTH,0.00140746
2026-09-01T21:53:38.917464+00:00,21,6,KRW-STEEM,0.00169348
2026-09-01T21:53:38.917464+00:00,21,6,KRW-COW,0.01169591
2026-09-01T21:54:41.431517+00:00,21,6,KRW-SHIB,0.00140351
2026-09-01T21:54:41.431517+00:00,21,6,KRW-KAITO,0.00239521
2026-09-01T21:54:41.431517+00:00,21,6,KRW-SUI,0.00100251
2026-09-01T21:54:41.431517+00:00,21,6,KRW-MMT,0.00455581
2026-09-01T21:54:41.431517+00:00,21,6,KRW-LINK,0.00064495
2026-09-01T21:54:41.431517+00:00,21,6,KRW-PUMP,0.00165975
2026-09-01T21:54:41.431517+00:00,21,6,KRW-NEAR,0.00114307
2026-09-01T21:54:41.431517+00:00,21,6,KRW-ZBT,0.00858369
2026-09-01T21:54:41.431517+00:00,21,6,KRW-LA,0.00253485
2026-09-01T21:54:41.431517+00:00,21,6,KRW-CHIP,0.00160901
2026-09-01T21:54:41.431517+00:00,21,6,KRW-QUID,0.00218579
2026-09-01T21:54:41.431517+00:00,21,6,KRW-PENGU,0.00858369
2026-09-01T21:54:41.431517+00:00,21,6,KRW-AVAX,0.00100050
2026-09-01T21:54:41.431517+00:00,21,6,KRW-VIRTUAL,0.00211864
2026-09-01T21:54:41.431517+00:00,21,6,KRW-MOVE,0.00851064
2026-09-01T21:54:41.431517+00:00,21,6,KRW-UNI,0.00062480
2026-09-01T21:54:41.431517+00:00,21,6,KRW-PIEVERSE,0.00208696
2026-09-01T21:54:41.431517+00:00,21,6,KRW-PRL,0.00481928
2026-09-01T21:54:41.431517+00:00,21,6,KRW-HBAR,0.00975610
2026-09-01T21:54:41.431517+00:00,21,6,KRW-ONT,0.00400802
2026-09-01T21:54:41.431517+00:00,21,6,KRW-ENSO,0.00170794
2026-09-01T21:54:41.431517+00:00,21,6,KRW-XPL,0.00858369
2026-09-01T21:54:41.431517+00:00,21,6,KRW-SAHARA,0.00873362
2026-09-01T21:54:41.431517+00:00,21,6,KRW-AAVE,0.00114220
2026-09-01T21:54:41.431517+00:00,21,6,KRW-ARX,0.00586510
2026-09-01T21:54:41.431517+00:00,21,6,KRW-TRX,0.00223464
2026-09-01T21:54:41.431517+00:00,21,6,KRW-HOLO,0.00115674
2026-09-01T21:54:41.431517+00:00,21,6,KRW-WLFI,0.00380952
2026-09-01T21:54:41.431517+00:00,21,6,KRW-BCH,0.00117612
2026-09-01T21:54:41.431517+00:00,21,6,KRW-DATA,0.00383877
2026-09-01T21:54:41.431517+00:00,21,6,KRW-PLUME,0.00511509
2026-09-01T21:54:41.431517+00:00,21,6,KRW-ARB,0.00668896
2026-09-01T21:54:41.431517+00:00,21,6,KRW-STORJ,0.00660066
2026-09-01T21:54:41.431517+00:00,21,6,KRW-BONK,0.00175901
2026-09-01T21:54:41.431517+00:00,21,6,KRW-ETC,0.00298954
2026-09-01T21:54:41.431517+00:00,21,6,KRW-ESP,0.00896861
2026-09-01T21:54:41.431517+00:00,21,6,KRW-0G,0.00368324
2026-09-01T21:54:41.431517+00:00,21,6,KRW-META2,0.00067912
2026-09-01T21:54:41.431517+00:00,21,6,KRW-BSB,0.00692042
2026-09-01T21:54:41.431517+00:00,21,6,KRW-ERA,0.00250941
2026-09-01T21:54:41.431517+00:00,21,6,KRW-MIRA,0.00338409
2026-09-01T21:54:41.431517+00:00,21,6,KRW-SAND,0.00201410
2026-09-01T21:54:41.431517+00:00,21,6,KRW-PEPE,0.00208117
2026-09-01T21:54:41.431517+00:00,21,6,KRW-POL,0.00809717
2026-09-01T21:54:41.431517+00:00,21,6,KRW-STX,0.00280505
2026-09-01T21:54:41.431517+00:00,21,6,KRW-IRYS,0.00536193
2026-09-01T21:54:41.431517+00:00,21,6,KRW-AXS,0.00237248
2026-09-01T21:54:41.431517+00:00,21,6,KRW-TAO,0.00098055
2026-09-01T21:54:41.431517+00:00,21,6,KRW-ALGO,0.00823045
2026-09-01T21:54:41.431517+00:00,21,6,KRW-JTO,0.00169062
2026-09-01T21:54:41.431517+00:00,21,6,KRW-CC,0.00634921
2026-09-01T21:54:41.431517+00:00,21,6,KRW-BIRB,0.00382897
2026-09-01T21:54:41.431517+00:00,21,6,KRW-ME,0.00119261
2026-09-01T21:54:41.431517+00:00,21,6,KRW-SEI,0.00305344
2026-09-01T21:54:41.431517+00:00,21,6,KRW-ENS,0.00190416
2026-09-01T21:54:41.431517+00:00,21,6,KRW-ZRO,0.00288809
2026-09-01T21:54:41.431517+00:00,21,6,KRW-TRUMP,0.00031691
2026-09-01T21:54:41.431517+00:00,21,6,KRW-XEC,0.00105876
2026-09-01T21:54:41.431517+00:00,21,6,KRW-RVN,0.00511509
2026-09-01T21:54:41.431517+00:00,21,6,KRW-ZAMA,0.00436999
2026-09-01T21:54:41.431517+00:00,21,6,KRW-GEOD,0.00653595
2026-09-01T21:54:41.431517+00:00,21,6,KRW-AKT,0.00145455
2026-09-01T21:54:41.431517+00:00,21,6,KRW-FIL,0.00277649
2026-09-01T21:54:41.431517+00:00,21,6,KRW-APT,0.00263505
2026-09-01T21:54:41.431517+00:00,21,6,KRW-DRV,0.00501253
2026-09-01T21:54:41.431517+00:00,21,6,KRW-ID,0.00224467
2026-09-01T21:54:41.431517+00:00,21,6,KRW-SOON,0.00396040
2026-09-01T21:54:41.431517+00:00,21,6,KRW-O,0.00390879
2026-09-01T21:54:41.431517+00:00,21,6,KRW-AVNT,0.00706714
2026-09-01T21:54:41.431517+00:00,21,6,KRW-TREE,0.00185014
2026-09-01T21:54:41.431517+00:00,21,6,KRW-KITE,0.00589971
2026-09-01T21:54:41.431517+00:00,21,6,KRW-BLEND,0.00342270
2026-09-01T21:54:41.431517+00:00,21,6,KRW-MANTRA,0.00161943
2026-09-01T21:54:41.431517+00:00,21,6,KRW-CFG,0.00655738
2026-09-01T21:54:41.431517+00:00,21,6,KRW-GAS,0.00117925
2026-09-01T21:54:41.431517+00:00,21,6,KRW-BERA,0.00408998
2026-09-01T21:54:41.431517+00:00,21,6,KRW-MEGA,0.00385356
2026-09-01T21:54:41.431517+00:00,21,6,KRW-SOPH,0.00360360
2026-09-01T21:54:41.431517+00:00,21,6,KRW-UP2,0.00286533
2026-09-01T21:54:41.431517+00:00,21,6,KRW-ZORA,0.00930233
2026-09-01T21:54:41.431517+00:00,21,6,KRW-OPG,0.00738007
2026-09-01T21:54:41.431517+00:00,21,6,KRW-BSV,0.00278552
2026-09-01T21:54:41.431517+00:00,21,6,KRW-HYPER,0.00336511
2026-09-01T21:54:41.431517+00:00,21,6,KRW-TRAC,0.00438596
2026-09-01T21:54:41.431517+00:00,21,6,KRW-IN,0.00221484
2026-09-01T21:54:41.431517+00:00,21,6,KRW-ATH,0.00473560
2026-09-01T21:54:41.431517+00:00,21,6,KRW-ETHFI,0.00254777
2026-09-01T21:54:41.431517+00:00,21,6,KRW-MON,0.00272109
2026-09-01T21:54:41.431517+00:00,21,6,KRW-ZIL,0.00282885
2026-09-01T21:54:41.431517+00:00,21,6,KRW-B3,0.00475059
2026-09-01T21:54:41.431517+00:00,21,6,KRW-ELSA,0.00481928
2026-09-01T21:54:41.431517+00:00,21,6,KRW-JUP,0.00335008
2026-09-01T21:54:41.431517+00:00,21,6,KRW-SIGN,0.00803213
2026-09-01T21:54:41.431517+00:00,21,6,KRW-FLOCK,0.00205128
2026-09-01T21:54:41.431517+00:00,21,6,KRW-DEEP,0.00508906
2026-09-01T21:54:41.431517+00:00,21,6,KRW-G,0.00391389
2026-09-01T21:54:41.431517+00:00,21,6,KRW-INJ,0.02240000
2026-09-01T21:54:41.431517+00:00,21,6,KRW-VVV,0.00267499
2026-09-01T21:54:41.431517+00:00,21,6,KRW-BIGTIME,0.00224719
2026-09-01T21:54:41.431517+00:00,21,6,KRW-BIO,0.00283688
2026-09-01T21:54:41.431517+00:00,21,6,KRW-RENDER,0.00202943
2026-09-01T21:54:41.431517+00:00,21,6,KRW-BARD,0.00576369
2026-09-01T21:54:41.431517+00:00,21,6,KRW-CHZ,0.00539084
2026-09-01T21:54:41.431517+00:00,21,6,KRW-LSK,0.00732601
2026-09-01T21:54:41.431517+00:00,21,6,KRW-CRO,0.00262467
2026-09-01T21:54:41.431517+00:00,21,6,KRW-VANA,0.00244598
2026-09-01T21:54:41.431517+00:00,21,6,KRW-LAYER,0.00213220
2026-09-01T21:54:41.431517+00:00,21,6,KRW-RED,0.00630915
2026-09-01T21:54:41.431517+00:00,21,6,KRW-DOT,0.00250104
2026-09-01T21:54:41.431517+00:00,21,6,KRW-ATOM,0.00196850
2026-09-01T21:54:41.431517+00:00,21,6,KRW-DOOD,0.01092896
2026-09-01T21:54:41.431517+00:00,21,6,KRW-XAUT,0.00199402
2026-09-01T21:54:41.431517+00:00,21,6,KRW-BORA,0.00333890
2026-09-01T21:54:41.431517+00:00,21,6,KRW-AWE,0.00234742
2026-09-01T21:54:41.431517+00:00,21,6,KRW-WAVES,0.00331675
2026-09-01T21:54:41.431517+00:00,21,6,KRW-ZKP,0.00495458
2026-09-01T21:54:41.431517+00:00,21,6,KRW-EDGE,0.00745077
2026-09-01T21:54:41.431517+00:00,21,6,KRW-ELF,0.00229621
2026-09-01T21:54:41.431517+00:00,21,6,KRW-AI,0.00369686
2026-09-01T21:54:41.431517+00:00,21,6,KRW-SNT,0.00221484
2026-09-01T21:54:41.431517+00:00,21,6,KRW-OPEN,0.00576369
2026-09-01T21:54:41.431517+00:00,21,6,KRW-SKR,0.00308166
2026-09-01T21:54:41.431517+00:00,21,6,KRW-MET2,0.00375235
2026-09-01T21:54:41.431517+00:00,21,6,KRW-FF,0.00760456
2026-09-01T21:54:41.431517+00:00,21,6,KRW-KAT,0.00322061
2026-09-01T21:54:41.431517+00:00,21,6,KRW-W,0.00738007
2026-09-01T21:54:41.431517+00:00,21,6,KRW-PENDLE,0.00159426
2026-09-01T21:54:41.431517+00:00,21,6,KRW-SPK,0.00362976
2026-09-01T21:54:41.431517+00:00,21,6,KRW-PYTH,0.00140746
2026-09-01T21:54:41.431517+00:00,21,6,KRW-STEEM,0.00169348
2026-09-01T21:54:41.431517+00:00,21,6,KRW-COW,0.01169591
2026-09-01T21:55:44.047405+00:00,21,6,KRW-SHIB,0.00140351
2026-09-01T21:55:44.047405+00:00,21,6,KRW-KAITO,0.00239521
2026-09-01T21:55:44.047405+00:00,21,6,KRW-SUI,0.00200200
2026-09-01T21:55:44.047405+00:00,21,6,KRW-MMT,0.00455581
2026-09-01T21:55:44.047405+00:00,21,6,KRW-LINK,0.00064495
2026-09-01T21:55:44.047405+00:00,21,6,KRW-PUMP,0.00331675
2026-09-01T21:55:44.047405+00:00,21,6,KRW-NEAR,0.00076132
2026-09-01T21:55:44.047405+00:00,21,6,KRW-ZBT,0.00858369
2026-09-01T21:55:44.047405+00:00,21,6,KRW-LA,0.00379987
2026-09-01T21:55:44.047405+00:00,21,6,KRW-CHIP,0.00161160
2026-09-01T21:55:44.047405+00:00,21,6,KRW-QUID,0.00218579
2026-09-01T21:55:44.047405+00:00,21,6,KRW-PENGU,0.00858369
2026-09-01T21:55:44.047405+00:00,21,6,KRW-AVAX,0.00100050
2026-09-01T21:55:44.047405+00:00,21,6,KRW-VIRTUAL,0.00105988
2026-09-01T21:55:44.047405+00:00,21,6,KRW-MOVE,0.00851064
2026-09-01T21:55:44.047405+00:00,21,6,KRW-UNI,0.00062286
2026-09-01T21:55:44.047405+00:00,21,6,KRW-PIEVERSE,0.00139179
2026-09-01T21:55:44.047405+00:00,21,6,KRW-PRL,0.00481928
2026-09-01T21:55:44.047405+00:00,21,6,KRW-HBAR,0.00975610
2026-09-01T21:55:44.047405+00:00,21,6,KRW-ONT,0.00400802
2026-09-01T21:55:44.047405+00:00,21,6,KRW-ENSO,0.00341297
2026-09-01T21:55:44.047405+00:00,21,6,KRW-XPL,0.00851064
2026-09-01T21:55:44.047405+00:00,21,6,KRW-SAHARA,0.00873362
2026-09-01T21:55:44.047405+00:00,21,6,KRW-AAVE,0.00171086
2026-09-01T21:55:44.047405+00:00,21,6,KRW-ARX,0.00586510
2026-09-01T21:55:44.047405+00:00,21,6,KRW-TRX,0.00446429
2026-09-01T21:55:44.047405+00:00,21,6,KRW-HOLO,0.00231214
2026-09-01T21:55:44.047405+00:00,21,6,KRW-WLFI,0.00254130
2026-09-01T21:55:44.047405+00:00,21,6,KRW-BCH,0.00146908
2026-09-01T21:55:44.047405+00:00,21,6,KRW-DATA,0.00383877
2026-09-01T21:55:44.047405+00:00,21,6,KRW-PLUME,0.00511509
2026-09-01T21:55:44.047405+00:00,21,6,KRW-ARB,0.00668896
2026-09-01T21:55:44.047405+00:00,21,6,KRW-STORJ,0.00527704
2026-09-01T21:55:44.047405+00:00,21,6,KRW-BONK,0.00175593
2026-09-01T21:55:44.047405+00:00,21,6,KRW-ETC,0.00298954
2026-09-01T21:55:44.047405+00:00,21,6,KRW-ESP,0.00896861
2026-09-01T21:55:44.047405+00:00,21,6,KRW-0G,0.00366972
2026-09-01T21:55:44.047405+00:00,21,6,KRW-META2,0.00878675
2026-09-01T21:55:44.047405+00:00,21,6,KRW-BSB,0.00692042
2026-09-01T21:55:44.047405+00:00,21,6,KRW-ERA,0.00250941
2026-09-01T21:55:44.047405+00:00,21,6,KRW-MIRA,0.00338409
2026-09-01T21:55:44.047405+00:00,21,6,KRW-SAND,0.00201410
2026-09-01T21:55:44.047405+00:00,21,6,KRW-PEPE,0.00208117
2026-09-01T21:55:44.047405+00:00,21,6,KRW-POL,0.00809717
2026-09-01T21:55:44.047405+00:00,21,6,KRW-STX,0.00280505
2026-09-01T21:55:44.047405+00:00,21,6,KRW-IRYS,0.00536193
2026-09-01T21:55:44.047405+00:00,21,6,KRW-AXS,0.00316206
2026-09-01T21:55:44.047405+00:00,21,6,KRW-TAO,0.00130676
2026-09-01T21:55:44.047405+00:00,21,6,KRW-ALGO,0.00823045
2026-09-01T21:55:44.047405+00:00,21,6,KRW-JTO,0.00169062
2026-09-01T21:55:44.047405+00:00,21,6,KRW-CC,0.00634921
2026-09-01T21:55:44.047405+00:00,21,6,KRW-BIRB,0.00382897
2026-09-01T21:55:44.047405+00:00,21,6,KRW-ME,0.00119261
2026-09-01T21:55:44.047405+00:00,21,6,KRW-SEI,0.00305810
2026-09-01T21:55:44.047405+00:00,21,6,KRW-ENS,0.00063432
2026-09-01T21:55:44.047405+00:00,21,6,KRW-ZRO,0.00216528
2026-09-01T21:55:44.047405+00:00,21,6,KRW-TRUMP,0.00031681
2026-09-01T21:55:44.047405+00:00,21,6,KRW-XEC,0.00105876
2026-09-01T21:55:44.047405+00:00,21,6,KRW-RVN,0.00255428
2026-09-01T21:55:44.047405+00:00,21,6,KRW-ZAMA,0.00436999
2026-09-01T21:55:44.047405+00:00,21,6,KRW-GEOD,0.00653595
2026-09-01T21:55:44.047405+00:00,21,6,KRW-AKT,0.00145455
2026-09-01T21:55:44.047405+00:00,21,6,KRW-FIL,0.00185185
2026-09-01T21:55:44.047405+00:00,21,6,KRW-APT,0.00263505
2026-09-01T21:55:44.047405+00:00,21,6,KRW-DRV,0.00501253
2026-09-01T21:55:44.047405+00:00,21,6,KRW-ID,0.00224467
2026-09-01T21:55:44.047405+00:00,21,6,KRW-SOON,0.00396040
2026-09-01T21:55:44.047405+00:00,21,6,KRW-O,0.00260417
2026-09-01T21:55:44.047405+00:00,21,6,KRW-AVNT,0.00706714
2026-09-01T21:55:44.047405+00:00,21,6,KRW-TREE,0.00185014
2026-09-01T21:55:44.047405+00:00,21,6,KRW-KITE,0.00589971
2026-09-01T21:55:44.047405+00:00,21,6,KRW-BLEND,0.00342270
2026-09-01T21:55:44.047405+00:00,21,6,KRW-MANTRA,0.00161943
2026-09-01T21:55:44.047405+00:00,21,6,KRW-CFG,0.00655738
2026-09-01T21:55:44.047405+00:00,21,6,KRW-GAS,0.00059014
2026-09-01T21:55:44.047405+00:00,21,6,KRW-BERA,0.00408998
2026-09-01T21:55:44.047405+00:00,21,6,KRW-MEGA,0.00192864
2026-09-01T21:55:44.047405+00:00,21,6,KRW-SOPH,0.00360360
2026-09-01T21:55:44.047405+00:00,21,6,KRW-UP2,0.00286533
2026-09-01T21:55:44.047405+00:00,21,6,KRW-ZORA,0.00930233
2026-09-01T21:55:44.047405+00:00,21,6,KRW-OPG,0.00738007
2026-09-01T21:55:44.047405+00:00,21,6,KRW-BSV,0.00278552
2026-09-01T21:55:44.047405+00:00,21,6,KRW-HYPER,0.00336511
2026-09-01T21:55:44.047405+00:00,21,6,KRW-TRAC,0.00438596
2026-09-01T21:55:44.047405+00:00,21,6,KRW-IN,0.00221484
2026-09-01T21:55:44.047405+00:00,21,6,KRW-ATH,0.00473560
2026-09-01T21:55:44.047405+00:00,21,6,KRW-ETHFI,0.00254777
2026-09-01T21:55:44.047405+00:00,21,6,KRW-MON,0.00272851
2026-09-01T21:55:44.047405+00:00,21,6,KRW-ZIL,0.00846262
2026-09-01T21:55:44.047405+00:00,21,6,KRW-B3,0.00475059
2026-09-01T21:55:44.047405+00:00,21,6,KRW-ELSA,0.00481928
2026-09-01T21:55:44.047405+00:00,21,6,KRW-JUP,0.00335008
2026-09-01T21:55:44.047405+00:00,21,6,KRW-SIGN,0.00803213
2026-09-01T21:55:44.047405+00:00,21,6,KRW-FLOCK,0.00205128
2026-09-01T21:55:44.047405+00:00,21,6,KRW-DEEP,0.00508906
2026-09-01T21:55:44.047405+00:00,21,6,KRW-G,0.00391389
2026-09-01T21:55:44.047405+00:00,21,6,KRW-INJ,0.02240000
2026-09-01T21:55:44.047405+00:00,21,6,KRW-VVV,0.00311457
2026-09-01T21:55:44.047405+00:00,21,6,KRW-BIGTIME,0.00224719
2026-09-01T21:55:44.047405+00:00,21,6,KRW-BIO,0.00283688
2026-09-01T21:55:44.047405+00:00,21,6,KRW-RENDER,0.00101368
2026-09-01T21:55:44.047405+00:00,21,6,KRW-BARD,0.00576369
2026-09-01T21:55:44.047405+00:00,21,6,KRW-CHZ,0.00539084
2026-09-01T21:55:44.047405+00:00,21,6,KRW-LSK,0.00732601
2026-09-01T21:55:44.047405+00:00,21,6,KRW-CRO,0.00262467
2026-09-01T21:55:44.047405+00:00,21,6,KRW-VANA,0.00244598
2026-09-01T21:55:44.047405+00:00,21,6,KRW-LAYER,0.00213220
2026-09-01T21:55:44.047405+00:00,21,6,KRW-RED,0.00630915
2026-09-01T21:55:44.047405+00:00,21,6,KRW-DOT,0.00333056
2026-09-01T21:55:44.047405+00:00,21,6,KRW-ATOM,0.00196850
2026-09-01T21:55:44.047405+00:00,21,6,KRW-DOOD,0.00544959
2026-09-01T21:55:44.047405+00:00,21,6,KRW-XAUT,0.00199402
2026-09-01T21:55:44.047405+00:00,21,6,KRW-BORA,0.00333890
2026-09-01T21:55:44.047405+00:00,21,6,KRW-AWE,0.00234742
2026-09-01T21:55:44.047405+00:00,21,6,KRW-WAVES,0.00331675
2026-09-01T21:55:44.047405+00:00,21,6,KRW-ZKP,0.00495458
2026-09-01T21:55:44.047405+00:00,21,6,KRW-EDGE,0.00745077
2026-09-01T21:55:44.047405+00:00,21,6,KRW-ELF,0.00229621
2026-09-01T21:55:44.047405+00:00,21,6,KRW-AI,0.00369686
2026-09-01T21:55:44.047405+00:00,21,6,KRW-SNT,0.00110803
2026-09-01T21:55:44.047405+00:00,21,6,KRW-OPEN,0.00576369
2026-09-01T21:55:44.047405+00:00,21,6,KRW-SKR,0.00308166
2026-09-01T21:55:44.047405+00:00,21,6,KRW-MET2,0.00375235
2026-09-01T21:55:44.047405+00:00,21,6,KRW-FF,0.00760456
2026-09-01T21:55:44.047405+00:00,21,6,KRW-KAT,0.00322061
2026-09-01T21:55:44.047405+00:00,21,6,KRW-W,0.00738007
2026-09-01T21:55:44.047405+00:00,21,6,KRW-PENDLE,0.00159363
2026-09-01T21:55:44.047405+00:00,21,6,KRW-SPK,0.00362976
2026-09-01T21:55:44.047405+00:00,21,6,KRW-PYTH,0.00140746
2026-09-01T21:55:44.047405+00:00,21,6,KRW-STEEM,0.00169348
2026-09-01T21:55:44.047405+00:00,21,6,KRW-COW,0.01169591
2026-09-01T21:56:46.746071+00:00,21,6,KRW-SHIB,0.00140351
2026-09-01T21:56:46.746071+00:00,21,6,KRW-KAITO,0.00239521
2026-09-01T21:56:46.746071+00:00,21,6,KRW-SUI,0.00100150
2026-09-01T21:56:46.746071+00:00,21,6,KRW-MMT,0.00455581
2026-09-01T21:56:46.746071+00:00,21,6,KRW-LINK,0.00064454
2026-09-01T21:56:46.746071+00:00,21,6,KRW-PUMP,0.00331675
2026-09-01T21:56:46.746071+00:00,21,6,KRW-NEAR,0.00152091
2026-09-01T21:56:46.746071+00:00,21,6,KRW-ZBT,0.00858369
2026-09-01T21:56:46.746071+00:00,21,6,KRW-LA,0.00126502
2026-09-01T21:56:46.746071+00:00,21,6,KRW-CHIP,0.00322581
2026-09-01T21:56:46.746071+00:00,21,6,KRW-QUID,0.00109230
2026-09-01T21:56:46.746071+00:00,21,6,KRW-PENGU,0.00858369
2026-09-01T21:56:46.746071+00:00,21,6,KRW-AVAX,0.00149963
2026-09-01T21:56:46.746071+00:00,21,6,KRW-VIRTUAL,0.00211640
2026-09-01T21:56:46.746071+00:00,21,6,KRW-MOVE,0.00851064
2026-09-01T21:56:46.746071+00:00,21,6,KRW-UNI,0.00062247
2026-09-01T21:56:46.746071+00:00,21,6,KRW-PIEVERSE,0.00278164
2026-09-01T21:56:46.746071+00:00,21,6,KRW-PRL,0.00481928
2026-09-01T21:56:46.746071+00:00,21,6,KRW-HBAR,0.00975610
2026-09-01T21:56:46.746071+00:00,21,6,KRW-ONT,0.00400802
2026-09-01T21:56:46.746071+00:00,21,6,KRW-ENSO,0.00341297
2026-09-01T21:56:46.746071+00:00,21,6,KRW-XPL,0.00851064
2026-09-01T21:56:46.746071+00:00,21,6,KRW-SAHARA,0.00873362
2026-09-01T21:56:46.746071+00:00,21,6,KRW-AAVE,0.00057094
2026-09-01T21:56:46.746071+00:00,21,6,KRW-ARX,0.00586510
2026-09-01T21:56:46.746071+00:00,21,6,KRW-TRX,0.00223464
2026-09-01T21:56:46.746071+00:00,21,6,KRW-HOLO,0.00231214
2026-09-01T21:56:46.746071+00:00,21,6,KRW-WLFI,0.00254130
2026-09-01T21:56:46.746071+00:00,21,6,KRW-BCH,0.00117543
2026-09-01T21:56:46.746071+00:00,21,6,KRW-DATA,0.00383877
2026-09-01T21:56:46.746071+00:00,21,6,KRW-PLUME,0.00511509
2026-09-01T21:56:46.746071+00:00,21,6,KRW-ARB,0.00664452
2026-09-01T21:56:46.746071+00:00,21,6,KRW-STORJ,0.00527704
2026-09-01T21:56:46.746071+00:00,21,6,KRW-BONK,0.00175285
2026-09-01T21:56:46.746071+00:00,21,6,KRW-ETC,0.00199203
2026-09-01T21:56:46.746071+00:00,21,6,KRW-ESP,0.00896861
2026-09-01T21:56:46.746071+00:00,21,6,KRW-0G,0.00366972
2026-09-01T21:56:46.746071+00:00,21,6,KRW-META2,0.00878675
2026-09-01T21:56:46.746071+00:00,21,6,KRW-BSB,0.00692042
2026-09-01T21:56:46.746071+00:00,21,6,KRW-ERA,0.00250941
2026-09-01T21:56:46.746071+00:00,21,6,KRW-MIRA,0.00338409
2026-09-01T21:56:46.746071+00:00,21,6,KRW-SAND,0.00201410
2026-09-01T21:56:46.746071+00:00,21,6,KRW-PEPE,0.00208117
2026-09-01T21:56:46.746071+00:00,21,6,KRW-POL,0.00809717
2026-09-01T21:56:46.746071+00:00,21,6,KRW-STX,0.00280505
2026-09-01T21:56:46.746071+00:00,21,6,KRW-IRYS,0.00536193
2026-09-01T21:56:46.746071+00:00,21,6,KRW-AXS,0.00157978
2026-09-01T21:56:46.746071+00:00,21,6,KRW-TAO,0.00065317
2026-09-01T21:56:46.746071+00:00,21,6,KRW-ALGO,0.00823045
2026-09-01T21:56:46.746071+00:00,21,6,KRW-JTO,0.00337838
2026-09-01T21:56:46.746071+00:00,21,6,KRW-CC,0.00634921
2026-09-01T21:56:46.746071+00:00,21,6,KRW-BIRB,0.00510204
2026-09-01T21:56:46.746071+00:00,21,6,KRW-ME,0.00119261
2026-09-01T21:56:46.746071+00:00,21,6,KRW-SEI,0.00305344
2026-09-01T21:56:46.746071+00:00,21,6,KRW-ENS,0.00126984
2026-09-01T21:56:46.746071+00:00,21,6,KRW-ZRO,0.00288809
2026-09-01T21:56:46.746071+00:00,21,6,KRW-TRUMP,0.00063331
2026-09-01T21:56:46.746071+00:00,21,6,KRW-XEC,0.00105876
2026-09-01T21:56:46.746071+00:00,21,6,KRW-RVN,0.00255428
2026-09-01T21:56:46.746071+00:00,21,6,KRW-ZAMA,0.00436999
2026-09-01T21:56:46.746071+00:00,21,6,KRW-GEOD,0.00653595
2026-09-01T21:56:46.746071+00:00,21,6,KRW-AKT,0.00145455
2026-09-01T21:56:46.746071+00:00,21,6,KRW-FIL,0.00185357
2026-09-01T21:56:46.746071+00:00,21,6,KRW-APT,0.00394997
2026-09-01T21:56:46.746071+00:00,21,6,KRW-DRV,0.00501253
2026-09-01T21:56:46.746071+00:00,21,6,KRW-ID,0.00224467
2026-09-01T21:56:46.746071+00:00,21,6,KRW-SOON,0.00396040
2026-09-01T21:56:46.746071+00:00,21,6,KRW-O,0.00260417
2026-09-01T21:56:46.746071+00:00,21,6,KRW-AVNT,0.00706714
2026-09-01T21:56:46.746071+00:00,21,6,KRW-TREE,0.00185014
2026-09-01T21:56:46.746071+00:00,21,6,KRW-KITE,0.00589971
2026-09-01T21:56:46.746071+00:00,21,6,KRW-BLEND,0.00342270
2026-09-01T21:56:46.746071+00:00,21,6,KRW-MANTRA,0.00161943
2026-09-01T21:56:46.746071+00:00,21,6,KRW-CFG,0.01307190
2026-09-01T21:56:46.746071+00:00,21,6,KRW-GAS,0.00118064
2026-09-01T21:56:46.746071+00:00,21,6,KRW-BERA,0.00408998
2026-09-01T21:56:46.746071+00:00,21,6,KRW-MEGA,0.00385356
2026-09-01T21:56:46.746071+00:00,21,6,KRW-SOPH,0.00360360
2026-09-01T21:56:46.746071+00:00,21,6,KRW-UP2,0.00569801
2026-09-01T21:56:46.746071+00:00,21,6,KRW-ZORA,0.00930233
2026-09-01T21:56:46.746071+00:00,21,6,KRW-OPG,0.00738007
2026-09-01T21:56:46.746071+00:00,21,6,KRW-BSV,0.00232180
2026-09-01T21:56:46.746071+00:00,21,6,KRW-HYPER,0.00336511
2026-09-01T21:56:46.746071+00:00,21,6,KRW-TRAC,0.00438596
2026-09-01T21:56:46.746071+00:00,21,6,KRW-IN,0.00442478
2026-09-01T21:56:46.746071+00:00,21,6,KRW-ATH,0.00630915
2026-09-01T21:56:46.746071+00:00,21,6,KRW-ETHFI,0.00254777
2026-09-01T21:56:46.746071+00:00,21,6,KRW-MON,0.00546448
2026-09-01T21:56:46.746071+00:00,21,6,KRW-ZIL,0.00846262
2026-09-01T21:56:46.746071+00:00,21,6,KRW-B3,0.00475059
2026-09-01T21:56:46.746071+00:00,21,6,KRW-ELSA,0.00481928
2026-09-01T21:56:46.746071+00:00,21,6,KRW-JUP,0.00335008
2026-09-01T21:56:46.746071+00:00,21,6,KRW-SIGN,0.00803213
2026-09-01T21:56:46.746071+00:00,21,6,KRW-FLOCK,0.00205128
2026-09-01T21:56:46.746071+00:00,21,6,KRW-DEEP,0.00508906
2026-09-01T21:56:46.746071+00:00,21,6,KRW-G,0.00392157
2026-09-01T21:56:46.746071+00:00,21,6,KRW-INJ,0.02240000
2026-09-01T21:56:46.746071+00:00,21,6,KRW-VVV,0.00311180
2026-09-01T21:56:46.746071+00:00,21,6,KRW-BIGTIME,0.00336889
2026-09-01T21:56:46.746071+00:00,21,6,KRW-BIO,0.00283688
2026-09-01T21:56:46.746071+00:00,21,6,KRW-RENDER,0.00050671
2026-09-01T21:56:46.746071+00:00,21,6,KRW-BARD,0.00576369
2026-09-01T21:56:46.746071+00:00,21,6,KRW-CHZ,0.00539084
2026-09-01T21:56:46.746071+00:00,21,6,KRW-LSK,0.01459854
2026-09-01T21:56:46.746071+00:00,21,6,KRW-CRO,0.00262467
2026-09-01T21:56:46.746071+00:00,21,6,KRW-VANA,0.00407332
2026-09-01T21:56:46.746071+00:00,21,6,KRW-LAYER,0.00213220
2026-09-01T21:56:46.746071+00:00,21,6,KRW-RED,0.00630915
2026-09-01T21:56:46.746071+00:00,21,6,KRW-DOT,0.00166389
2026-09-01T21:56:46.746071+00:00,21,6,KRW-ATOM,0.00147674
2026-09-01T21:56:46.746071+00:00,21,6,KRW-DOOD,0.00544959
2026-09-01T21:56:46.746071+00:00,21,6,KRW-XAUT,0.00199402
2026-09-01T21:56:46.746071+00:00,21,6,KRW-BORA,0.00333890
2026-09-01T21:56:46.746071+00:00,21,6,KRW-AWE,0.00468933
2026-09-01T21:56:46.746071+00:00,21,6,KRW-WAVES,0.00331675
2026-09-01T21:56:46.746071+00:00,21,6,KRW-ZKP,0.00495458
2026-09-01T21:56:46.746071+00:00,21,6,KRW-EDGE,0.00745077
2026-09-01T21:56:46.746071+00:00,21,6,KRW-ELF,0.00115009
2026-09-01T21:56:46.746071+00:00,21,6,KRW-AI,0.00369686
2026-09-01T21:56:46.746071+00:00,21,6,KRW-SNT,0.00110803
2026-09-01T21:56:46.746071+00:00,21,6,KRW-OPEN,0.00576369
2026-09-01T21:56:46.746071+00:00,21,6,KRW-SKR,0.00615385
2026-09-01T21:56:46.746071+00:00,21,6,KRW-MET2,0.00375235
2026-09-01T21:56:46.746071+00:00,21,6,KRW-FF,0.00760456
2026-09-01T21:56:46.746071+00:00,21,6,KRW-KAT,0.00322061
2026-09-01T21:56:46.746071+00:00,21,6,KRW-W,0.00738007
2026-09-01T21:56:46.746071+00:00,21,6,KRW-PENDLE,0.00079650
2026-09-01T21:56:46.746071+00:00,21,6,KRW-SPK,0.00362976
2026-09-01T21:56:46.746071+00:00,21,6,KRW-PYTH,0.00140548
2026-09-01T21:56:46.746071+00:00,21,6,KRW-STEEM,0.00169348
2026-09-01T21:56:46.746071+00:00,21,6,KRW-COW,0.01169591
2026-09-01T21:57:49.225958+00:00,21,6,KRW-SHIB,0.00140548
2026-09-01T21:57:49.225958+00:00,21,6,KRW-KAITO,0.00239521
2026-09-01T21:57:49.225958+00:00,21,6,KRW-SUI,0.00100251
2026-09-01T21:57:49.225958+00:00,21,6,KRW-MMT,0.00455581
2026-09-01T21:57:49.225958+00:00,21,6,KRW-LINK,0.00064495
2026-09-01T21:57:49.225958+00:00,21,6,KRW-PUMP,0.00166251
2026-09-01T21:57:49.225958+00:00,21,6,KRW-NEAR,0.00038102
2026-09-01T21:57:49.225958+00:00,21,6,KRW-ZBT,0.00858369
2026-09-01T21:57:49.225958+00:00,21,6,KRW-LA,0.00126342
2026-09-01T21:57:49.225958+00:00,21,6,KRW-CHIP,0.00322581
2026-09-01T21:57:49.225958+00:00,21,6,KRW-QUID,0.00109230
2026-09-01T21:57:49.225958+00:00,21,6,KRW-PENGU,0.00858369
2026-09-01T21:57:49.225958+00:00,21,6,KRW-AVAX,0.00050038
2026-09-01T21:57:49.225958+00:00,21,6,KRW-VIRTUAL,0.00105988
2026-09-01T21:57:49.225958+00:00,21,6,KRW-MOVE,0.00851064
2026-09-01T21:57:49.225958+00:00,21,6,KRW-UNI,0.00124688
2026-09-01T21:57:49.225958+00:00,21,6,KRW-PIEVERSE,0.00139179
2026-09-01T21:57:49.225958+00:00,21,6,KRW-PRL,0.00481928
2026-09-01T21:57:49.225958+00:00,21,6,KRW-HBAR,0.00975610
2026-09-01T21:57:49.225958+00:00,21,6,KRW-ONT,0.00400802
2026-09-01T21:57:49.225958+00:00,21,6,KRW-ENSO,0.00341297
2026-09-01T21:57:49.225958+00:00,21,6,KRW-XPL,0.00851064
2026-09-01T21:57:49.225958+00:00,21,6,KRW-SAHARA,0.00873362
2026-09-01T21:57:49.225958+00:00,21,6,KRW-AAVE,0.00171380
2026-09-01T21:57:49.225958+00:00,21,6,KRW-ARX,0.00586510
2026-09-01T21:57:49.225958+00:00,21,6,KRW-TRX,0.00222965
2026-09-01T21:57:49.225958+00:00,21,6,KRW-HOLO,0.00115674
2026-09-01T21:57:49.225958+00:00,21,6,KRW-WLFI,0.00254130
2026-09-01T21:57:49.225958+00:00,21,6,KRW-BCH,0.00117612
2026-09-01T21:57:49.225958+00:00,21,6,KRW-DATA,0.00383877
2026-09-01T21:57:49.225958+00:00,21,6,KRW-PLUME,0.00511509
2026-09-01T21:57:49.225958+00:00,21,6,KRW-ARB,0.00664452
2026-09-01T21:57:49.225958+00:00,21,6,KRW-STORJ,0.00792602
2026-09-01T21:57:49.225958+00:00,21,6,KRW-BONK,0.00175901
2026-09-01T21:57:49.225958+00:00,21,6,KRW-ETC,0.00299252
2026-09-01T21:57:49.225958+00:00,21,6,KRW-ESP,0.00896861
2026-09-01T21:57:49.225958+00:00,21,6,KRW-0G,0.00366972
2026-09-01T21:57:49.225958+00:00,21,6,KRW-META2,0.00878675
2026-09-01T21:57:49.225958+00:00,21,6,KRW-BSB,0.00692042
2026-09-01T21:57:49.225958+00:00,21,6,KRW-ERA,0.00250941
2026-09-01T21:57:49.225958+00:00,21,6,KRW-MIRA,0.00338409
2026-09-01T21:57:49.225958+00:00,21,6,KRW-SAND,0.00201410
2026-09-01T21:57:49.225958+00:00,21,6,KRW-PEPE,0.00416667
2026-09-01T21:57:49.225958+00:00,21,6,KRW-POL,0.00809717
2026-09-01T21:57:49.225958+00:00,21,6,KRW-STX,0.00280505
2026-09-01T21:57:49.225958+00:00,21,6,KRW-IRYS,0.00533333
2026-09-01T21:57:49.225958+00:00,21,6,KRW-AXS,0.00157978
2026-09-01T21:57:49.225958+00:00,21,6,KRW-TAO,0.00098119
2026-09-01T21:57:49.225958+00:00,21,6,KRW-ALGO,0.00823045
2026-09-01T21:57:49.225958+00:00,21,6,KRW-JTO,0.00169062
2026-09-01T21:57:49.225958+00:00,21,6,KRW-CC,0.00634921
2026-09-01T21:57:49.225958+00:00,21,6,KRW-BIRB,0.00255102
2026-09-01T21:57:49.225958+00:00,21,6,KRW-ME,0.00119261
2026-09-01T21:57:49.225958+00:00,21,6,KRW-SEI,0.00305344
2026-09-01T21:57:49.225958+00:00,21,6,KRW-ENS,0.00190537
2026-09-01T21:57:49.225958+00:00,21,6,KRW-ZRO,0.00216685
2026-09-01T21:57:49.225958+00:00,21,6,KRW-TRUMP,0.00158554
2026-09-01T21:57:49.225958+00:00,21,6,KRW-XEC,0.00105876
2026-09-01T21:57:49.225958+00:00,21,6,KRW-RVN,0.00255428
2026-09-01T21:57:49.225958+00:00,21,6,KRW-ZAMA,0.00436999
2026-09-01T21:57:49.225958+00:00,21,6,KRW-GEOD,0.00653595
2026-09-01T21:57:49.225958+00:00,21,6,KRW-AKT,0.00145455
2026-09-01T21:57:49.225958+00:00,21,6,KRW-FIL,0.00186220
2026-09-01T21:57:49.225958+00:00,21,6,KRW-APT,0.00263852
2026-09-01T21:57:49.225958+00:00,21,6,KRW-DRV,0.00501253
2026-09-01T21:57:49.225958+00:00,21,6,KRW-ID,0.00224467
2026-09-01T21:57:49.225958+00:00,21,6,KRW-SOON,0.00396040
2026-09-01T21:57:49.225958+00:00,21,6,KRW-O,0.00130124
2026-09-01T21:57:49.225958+00:00,21,6,KRW-AVNT,0.00706714
2026-09-01T21:57:49.225958+00:00,21,6,KRW-TREE,0.00185014
2026-09-01T21:57:49.225958+00:00,21,6,KRW-KITE,0.00589971
2026-09-01T21:57:49.225958+00:00,21,6,KRW-BLEND,0.00342270
2026-09-01T21:57:49.225958+00:00,21,6,KRW-MANTRA,0.00162206
2026-09-01T21:57:49.225958+00:00,21,6,KRW-CFG,0.01307190
2026-09-01T21:57:49.225958+00:00,21,6,KRW-GAS,0.00235849
2026-09-01T21:57:49.225958+00:00,21,6,KRW-BERA,0.00408998
2026-09-01T21:57:49.225958+00:00,21,6,KRW-MEGA,0.00192864
2026-09-01T21:57:49.225958+00:00,21,6,KRW-SOPH,0.00360360
2026-09-01T21:57:49.225958+00:00,21,6,KRW-UP2,0.00285307
2026-09-01T21:57:49.225958+00:00,21,6,KRW-ZORA,0.00930233
2026-09-01T21:57:49.225958+00:00,21,6,KRW-OPG,0.00738007
2026-09-01T21:57:49.225958+00:00,21,6,KRW-BSV,0.00185787
2026-09-01T21:57:49.225958+00:00,21,6,KRW-HYPER,0.00336511
2026-09-01T21:57:49.225958+00:00,21,6,KRW-TRAC,0.00438596
2026-09-01T21:57:49.225958+00:00,21,6,KRW-IN,0.00442478
2026-09-01T21:57:49.225958+00:00,21,6,KRW-ATH,0.00472813
2026-09-01T21:57:49.225958+00:00,21,6,KRW-ETHFI,0.00254777
2026-09-01T21:57:49.225958+00:00,21,6,KRW-MON,0.00546448
2026-09-01T21:57:49.225958+00:00,21,6,KRW-ZIL,0.00846262
2026-09-01T21:57:49.225958+00:00,21,6,KRW-B3,0.00475059
2026-09-01T21:57:49.225958+00:00,21,6,KRW-ELSA,0.00481928
2026-09-01T21:57:49.225958+00:00,21,6,KRW-JUP,0.00335008
2026-09-01T21:57:49.225958+00:00,21,6,KRW-SIGN,0.00803213
2026-09-01T21:57:49.225958+00:00,21,6,KRW-FLOCK,0.00205128
2026-09-01T21:57:49.225958+00:00,21,6,KRW-DEEP,0.00508906
2026-09-01T21:57:49.225958+00:00,21,6,KRW-G,0.00392157
2026-09-01T21:57:49.225958+00:00,21,6,KRW-INJ,0.02240000
2026-09-01T21:57:49.225958+00:00,21,6,KRW-VVV,0.00311457
2026-09-01T21:57:49.225958+00:00,21,6,KRW-BIGTIME,0.00224719
2026-09-01T21:57:49.225958+00:00,21,6,KRW-BIO,0.00283688
2026-09-01T21:57:49.225958+00:00,21,6,KRW-RENDER,0.00202943
2026-09-01T21:57:49.225958+00:00,21,6,KRW-BARD,0.00576369
2026-09-01T21:57:49.225958+00:00,21,6,KRW-CHZ,0.00539084
2026-09-01T21:57:49.225958+00:00,21,6,KRW-LSK,0.01459854
2026-09-01T21:57:49.225958+00:00,21,6,KRW-CRO,0.00262467
2026-09-01T21:57:49.225958+00:00,21,6,KRW-VANA,0.00325998
2026-09-01T21:57:49.225958+00:00,21,6,KRW-LAYER,0.00213220
2026-09-01T21:57:49.225958+00:00,21,6,KRW-RED,0.00630915
2026-09-01T21:57:49.225958+00:00,21,6,KRW-DOT,0.00249896
2026-09-01T21:57:49.225958+00:00,21,6,KRW-ATOM,0.00295712
2026-09-01T21:57:49.225958+00:00,21,6,KRW-DOOD,0.00544959
2026-09-01T21:57:49.225958+00:00,21,6,KRW-XAUT,0.00199402
2026-09-01T21:57:49.225958+00:00,21,6,KRW-BORA,0.00335008
2026-09-01T21:57:49.225958+00:00,21,6,KRW-AWE,0.00351906
2026-09-01T21:57:49.225958+00:00,21,6,KRW-WAVES,0.00331675
2026-09-01T21:57:49.225958+00:00,21,6,KRW-ZKP,0.00329489
2026-09-01T21:57:49.225958+00:00,21,6,KRW-EDGE,0.00745077
2026-09-01T21:57:49.225958+00:00,21,6,KRW-ELF,0.00460299
2026-09-01T21:57:49.225958+00:00,21,6,KRW-AI,0.00369686
2026-09-01T21:57:49.225958+00:00,21,6,KRW-SNT,0.00110926
2026-09-01T21:57:49.225958+00:00,21,6,KRW-OPEN,0.00576369
2026-09-01T21:57:49.225958+00:00,21,6,KRW-SKR,0.00615385
2026-09-01T21:57:49.225958+00:00,21,6,KRW-MET2,0.00375235
2026-09-01T21:57:49.225958+00:00,21,6,KRW-FF,0.00760456
2026-09-01T21:57:49.225958+00:00,21,6,KRW-KAT,0.00322061
2026-09-01T21:57:49.225958+00:00,21,6,KRW-W,0.00738007
2026-09-01T21:57:49.225958+00:00,21,6,KRW-PENDLE,0.00119498
2026-09-01T21:57:49.225958+00:00,21,6,KRW-SPK,0.00362976
2026-09-01T21:57:49.225958+00:00,21,6,KRW-PYTH,0.00281294
2026-09-01T21:57:49.225958+00:00,21,6,KRW-STEEM,0.00169348
2026-09-01T21:57:49.225958+00:00,21,6,KRW-COW,0.01169591
2026-09-01T21:58:52.038688+00:00,21,6,KRW-SHIB,0.00140548
2026-09-01T21:58:52.038688+00:00,21,6,KRW-KAITO,0.00238949
2026-09-01T21:58:52.038688+00:00,21,6,KRW-SUI,0.00200401
2026-09-01T21:58:52.038688+00:00,21,6,KRW-MMT,0.00455581
2026-09-01T21:58:52.038688+00:00,21,6,KRW-LINK,0.00064495
2026-09-01T21:58:52.038688+00:00,21,6,KRW-PUMP,0.00166528
2026-09-01T21:58:52.038688+00:00,21,6,KRW-NEAR,0.00114264
2026-09-01T21:58:52.038688+00:00,21,6,KRW-ZBT,0.00858369
2026-09-01T21:58:52.038688+00:00,21,6,KRW-LA,0.00126342
2026-09-01T21:58:52.038688+00:00,21,6,KRW-CHIP,0.00323102
2026-09-01T21:58:52.038688+00:00,21,6,KRW-QUID,0.00109230
2026-09-01T21:58:52.038688+00:00,21,6,KRW-PENGU,0.00858369
2026-09-01T21:58:52.038688+00:00,21,6,KRW-AVAX,0.00050038
2026-09-01T21:58:52.038688+00:00,21,6,KRW-VIRTUAL,0.00105988
2026-09-01T21:58:52.038688+00:00,21,6,KRW-MOVE,0.00851064
2026-09-01T21:58:52.038688+00:00,21,6,KRW-UNI,0.00187324
2026-09-01T21:58:52.038688+00:00,21,6,KRW-PIEVERSE,0.00139373
2026-09-01T21:58:52.038688+00:00,21,6,KRW-PRL,0.00481928
2026-09-01T21:58:52.038688+00:00,21,6,KRW-HBAR,0.00975610
2026-09-01T21:58:52.038688+00:00,21,6,KRW-ONT,0.00400802
2026-09-01T21:58:52.038688+00:00,21,6,KRW-ENSO,0.00170503
2026-09-01T21:58:52.038688+00:00,21,6,KRW-XPL,0.00851064
2026-09-01T21:58:52.038688+00:00,21,6,KRW-SAHARA,0.00873362
2026-09-01T21:58:52.038688+00:00,21,6,KRW-AAVE,0.00114220
2026-09-01T21:58:52.038688+00:00,21,6,KRW-ARX,0.00586510
2026-09-01T21:58:52.038688+00:00,21,6,KRW-TRX,0.00222965
2026-09-01T21:58:52.038688+00:00,21,6,KRW-HOLO,0.00347826
2026-09-01T21:58:52.038688+00:00,21,6,KRW-WLFI,0.00254130
2026-09-01T21:58:52.038688+00:00,21,6,KRW-BCH,0.00117612
2026-09-01T21:58:52.038688+00:00,21,6,KRW-DATA,0.00383877
2026-09-01T21:58:52.038688+00:00,21,6,KRW-PLUME,0.00511509
2026-09-01T21:58:52.038688+00:00,21,6,KRW-ARB,0.00664452
2026-09-01T21:58:52.038688+00:00,21,6,KRW-STORJ,0.00133245
2026-09-01T21:58:52.038688+00:00,21,6,KRW-BONK,0.00351494
2026-09-01T21:58:52.038688+00:00,21,6,KRW-ETC,0.00299252
2026-09-01T21:58:52.038688+00:00,21,6,KRW-ESP,0.00896861
2026-09-01T21:58:52.038688+00:00,21,6,KRW-0G,0.00365631
2026-09-01T21:58:52.038688+00:00,21,6,KRW-META2,0.00878675
2026-09-01T21:58:52.038688+00:00,21,6,KRW-BSB,0.00692042
2026-09-01T21:58:52.038688+00:00,21,6,KRW-ERA,0.00250941
2026-09-01T21:58:52.038688+00:00,21,6,KRW-MIRA,0.00169348
2026-09-01T21:58:52.038688+00:00,21,6,KRW-SAND,0.00403226
2026-09-01T21:58:52.038688+00:00,21,6,KRW-PEPE,0.00416667
2026-09-01T21:58:52.038688+00:00,21,6,KRW-POL,0.00809717
2026-09-01T21:58:52.038688+00:00,21,6,KRW-STX,0.00280505
2026-09-01T21:58:52.038688+00:00,21,6,KRW-IRYS,0.00533333
2026-09-01T21:58:52.038688+00:00,21,6,KRW-AXS,0.00157978
2026-09-01T21:58:52.038688+00:00,21,6,KRW-TAO,0.00065466
2026-09-01T21:58:52.038688+00:00,21,6,KRW-ALGO,0.00823045
2026-09-01T21:58:52.038688+00:00,21,6,KRW-JTO,0.00338409
2026-09-01T21:58:52.038688+00:00,21,6,KRW-CC,0.00634921
2026-09-01T21:58:52.038688+00:00,21,6,KRW-BIRB,0.00382897
2026-09-01T21:58:52.038688+00:00,21,6,KRW-ME,0.00119261
2026-09-01T21:58:52.038688+00:00,21,6,KRW-SEI,0.00305344
2026-09-01T21:58:52.038688+00:00,21,6,KRW-ENS,0.00190537
2026-09-01T21:58:52.038688+00:00,21,6,KRW-ZRO,0.00288600
2026-09-01T21:58:52.038688+00:00,21,6,KRW-TRUMP,0.00126823
2026-09-01T21:58:52.038688+00:00,21,6,KRW-XEC,0.00105876
2026-09-01T21:58:52.038688+00:00,21,6,KRW-RVN,0.00255428
2026-09-01T21:58:52.038688+00:00,21,6,KRW-ZAMA,0.00436999
2026-09-01T21:58:52.038688+00:00,21,6,KRW-GEOD,0.00653595
2026-09-01T21:58:52.038688+00:00,21,6,KRW-AKT,0.00145455
2026-09-01T21:58:52.038688+00:00,21,6,KRW-FIL,0.00279200
2026-09-01T21:58:52.038688+00:00,21,6,KRW-APT,0.00263852
2026-09-01T21:58:52.038688+00:00,21,6,KRW-DRV,0.00501253
2026-09-01T21:58:52.038688+00:00,21,6,KRW-ID,0.00224467
2026-09-01T21:58:52.038688+00:00,21,6,KRW-SOON,0.00396040
2026-09-01T21:58:52.038688+00:00,21,6,KRW-O,0.00260417
2026-09-01T21:58:52.038688+00:00,21,6,KRW-AVNT,0.00706714
2026-09-01T21:58:52.038688+00:00,21,6,KRW-TREE,0.00185014
2026-09-01T21:58:52.038688+00:00,21,6,KRW-KITE,0.00589971
2026-09-01T21:58:52.038688+00:00,21,6,KRW-BLEND,0.00342270
2026-09-01T21:58:52.038688+00:00,21,6,KRW-MANTRA,0.00161943
2026-09-01T21:58:52.038688+00:00,21,6,KRW-CFG,0.01307190
2026-09-01T21:58:52.038688+00:00,21,6,KRW-GAS,0.00235849
2026-09-01T21:58:52.038688+00:00,21,6,KRW-BERA,0.00408998
2026-09-01T21:58:52.038688+00:00,21,6,KRW-MEGA,0.00192864
2026-09-01T21:58:52.038688+00:00,21,6,KRW-SOPH,0.00360360
2026-09-01T21:58:52.038688+00:00,21,6,KRW-UP2,0.00429492
2026-09-01T21:58:52.038688+00:00,21,6,KRW-ZORA,0.00930233
2026-09-01T21:58:52.038688+00:00,21,6,KRW-OPG,0.00738007
2026-09-01T21:58:52.038688+00:00,21,6,KRW-BSV,0.00232180
2026-09-01T21:58:52.038688+00:00,21,6,KRW-HYPER,0.00336511
2026-09-01T21:58:52.038688+00:00,21,6,KRW-TRAC,0.00438596
2026-09-01T21:58:52.038688+00:00,21,6,KRW-IN,0.00442478
2026-09-01T21:58:52.038688+00:00,21,6,KRW-ATH,0.00473560
2026-09-01T21:58:52.038688+00:00,21,6,KRW-ETHFI,0.00254777
2026-09-01T21:58:52.038688+00:00,21,6,KRW-MON,0.00546448
2026-09-01T21:58:52.038688+00:00,21,6,KRW-ZIL,0.00846262
2026-09-01T21:58:52.038688+00:00,21,6,KRW-B3,0.00475059
2026-09-01T21:58:52.038688+00:00,21,6,KRW-ELSA,0.00481928
2026-09-01T21:58:52.038688+00:00,21,6,KRW-JUP,0.00335008
2026-09-01T21:58:52.038688+00:00,21,6,KRW-SIGN,0.00803213
2026-09-01T21:58:52.038688+00:00,21,6,KRW-FLOCK,0.00205128
2026-09-01T21:58:52.038688+00:00,21,6,KRW-DEEP,0.00508906
2026-09-01T21:58:52.038688+00:00,21,6,KRW-G,0.00392157
2026-09-01T21:58:52.038688+00:00,21,6,KRW-INJ,0.02351034
2026-09-01T21:58:52.038688+00:00,21,6,KRW-VVV,0.00355240
2026-09-01T21:58:52.038688+00:00,21,6,KRW-BIGTIME,0.00224719
2026-09-01T21:58:52.038688+00:00,21,6,KRW-BIO,0.00283688
2026-09-01T21:58:52.038688+00:00,21,6,KRW-RENDER,0.00202943
2026-09-01T21:58:52.038688+00:00,21,6,KRW-BARD,0.00576369
2026-09-01T21:58:52.038688+00:00,21,6,KRW-CHZ,0.00539084
2026-09-01T21:58:52.038688+00:00,21,6,KRW-LSK,0.01459854
2026-09-01T21:58:52.038688+00:00,21,6,KRW-CRO,0.00262467
2026-09-01T21:58:52.038688+00:00,21,6,KRW-VANA,0.00244598
2026-09-01T21:58:52.038688+00:00,21,6,KRW-LAYER,0.00213220
2026-09-01T21:58:52.038688+00:00,21,6,KRW-RED,0.00630915
2026-09-01T21:58:52.038688+00:00,21,6,KRW-DOT,0.00249896
2026-09-01T21:58:52.038688+00:00,21,6,KRW-ATOM,0.00197141
2026-09-01T21:58:52.038688+00:00,21,6,KRW-DOOD,0.00544959
2026-09-01T21:58:52.038688+00:00,21,6,KRW-XAUT,0.00199435
2026-09-01T21:58:52.038688+00:00,21,6,KRW-BORA,0.00668896
2026-09-01T21:58:52.038688+00:00,21,6,KRW-AWE,0.00117440
2026-09-01T21:58:52.038688+00:00,21,6,KRW-WAVES,0.00331675
2026-09-01T21:58:52.038688+00:00,21,6,KRW-ZKP,0.00329489
2026-09-01T21:58:52.038688+00:00,21,6,KRW-EDGE,0.00427350
2026-09-01T21:58:52.038688+00:00,21,6,KRW-ELF,0.00459770
2026-09-01T21:58:52.038688+00:00,21,6,KRW-AI,0.00369686
2026-09-01T21:58:52.038688+00:00,21,6,KRW-SNT,0.00110926
2026-09-01T21:58:52.038688+00:00,21,6,KRW-OPEN,0.00576369
2026-09-01T21:58:52.038688+00:00,21,6,KRW-SKR,0.00306279
2026-09-01T21:58:52.038688+00:00,21,6,KRW-MET2,0.00375235
2026-09-01T21:58:52.038688+00:00,21,6,KRW-FF,0.00760456
2026-09-01T21:58:52.038688+00:00,21,6,KRW-KAT,0.00322061
2026-09-01T21:58:52.038688+00:00,21,6,KRW-W,0.00738007
2026-09-01T21:58:52.038688+00:00,21,6,KRW-PENDLE,0.00079713
2026-09-01T21:58:52.038688+00:00,21,6,KRW-SPK,0.00362976
2026-09-01T21:58:52.038688+00:00,21,6,KRW-PYTH,0.00140548
2026-09-01T21:58:52.038688+00:00,21,6,KRW-STEEM,0.00169348
2026-09-01T21:58:52.038688+00:00,21,6,KRW-COW,0.01169591
2026-09-01T21:59:54.884695+00:00,21,6,KRW-SHIB,0.00140548
2026-09-01T21:59:54.884695+00:00,21,6,KRW-KAITO,0.00238949
2026-09-01T21:59:54.884695+00:00,21,6,KRW-SUI,0.00100251
2026-09-01T21:59:54.884695+00:00,21,6,KRW-MMT,0.00455581
2026-09-01T21:59:54.884695+00:00,21,6,KRW-LINK,0.00064579
2026-09-01T21:59:54.884695+00:00,21,6,KRW-PUMP,0.00332779
2026-09-01T21:59:54.884695+00:00,21,6,KRW-NEAR,0.00152497
2026-09-01T21:59:54.884695+00:00,21,6,KRW-ZBT,0.00858369
2026-09-01T21:59:54.884695+00:00,21,6,KRW-LA,0.00126502
2026-09-01T21:59:54.884695+00:00,21,6,KRW-CHIP,0.00161160
2026-09-01T21:59:54.884695+00:00,21,6,KRW-QUID,0.00109230
2026-09-01T21:59:54.884695+00:00,21,6,KRW-PENGU,0.00858369
2026-09-01T21:59:54.884695+00:00,21,6,KRW-AVAX,0.00100050
2026-09-01T21:59:54.884695+00:00,21,6,KRW-VIRTUAL,0.00317965
2026-09-01T21:59:54.884695+00:00,21,6,KRW-MOVE,0.00851064
2026-09-01T21:59:54.884695+00:00,21,6,KRW-UNI,0.00124922
2026-09-01T21:59:54.884695+00:00,21,6,KRW-PIEVERSE,0.00139373
2026-09-01T21:59:54.884695+00:00,21,6,KRW-PRL,0.00481928
2026-09-01T21:59:54.884695+00:00,21,6,KRW-HBAR,0.00975610
2026-09-01T21:59:54.884695+00:00,21,6,KRW-ONT,0.00267380
2026-09-01T21:59:54.884695+00:00,21,6,KRW-ENSO,0.00170794
2026-09-01T21:59:54.884695+00:00,21,6,KRW-XPL,0.00851064
2026-09-01T21:59:54.884695+00:00,21,6,KRW-SAHARA,0.00873362
2026-09-01T21:59:54.884695+00:00,21,6,KRW-AAVE,0.00114220
2026-09-01T21:59:54.884695+00:00,21,6,KRW-ARX,0.00586510
2026-09-01T21:59:54.884695+00:00,21,6,KRW-TRX,0.00222965
2026-09-01T21:59:54.884695+00:00,21,6,KRW-HOLO,0.00347826
2026-09-01T21:59:54.884695+00:00,21,6,KRW-WLFI,0.00254130
2026-09-01T21:59:54.884695+00:00,21,6,KRW-BCH,0.00058824
2026-09-01T21:59:54.884695+00:00,21,6,KRW-DATA,0.00383877
2026-09-01T21:59:54.884695+00:00,21,6,KRW-PLUME,0.00511509
2026-09-01T21:59:54.884695+00:00,21,6,KRW-ARB,0.00664452
2026-09-01T21:59:54.884695+00:00,21,6,KRW-STORJ,0.00534759
2026-09-01T21:59:54.884695+00:00,21,6,KRW-BONK,0.00351494
2026-09-01T21:59:54.884695+00:00,21,6,KRW-ETC,0.00299252
2026-09-01T21:59:54.884695+00:00,21,6,KRW-ESP,0.00896861
2026-09-01T21:59:54.884695+00:00,21,6,KRW-0G,0.00365631
2026-09-01T21:59:54.884695+00:00,21,6,KRW-META2,0.00878675
2026-09-01T21:59:54.884695+00:00,21,6,KRW-BSB,0.00692042
2026-09-01T21:59:54.884695+00:00,21,6,KRW-ERA,0.00125549
2026-09-01T21:59:54.884695+00:00,21,6,KRW-MIRA,0.00169348
2026-09-01T21:59:54.884695+00:00,21,6,KRW-SAND,0.00201410
2026-09-01T21:59:54.884695+00:00,21,6,KRW-PEPE,0.00416667
2026-09-01T21:59:54.884695+00:00,21,6,KRW-POL,0.00809717
2026-09-01T21:59:54.884695+00:00,21,6,KRW-STX,0.00560224
2026-09-01T21:59:54.884695+00:00,21,6,KRW-IRYS,0.00533333
2026-09-01T21:59:54.884695+00:00,21,6,KRW-AXS,0.00157978
2026-09-01T21:59:54.884695+00:00,21,6,KRW-TAO,0.00065466
2026-09-01T21:59:54.884695+00:00,21,6,KRW-ALGO,0.00823045
2026-09-01T21:59:54.884695+00:00,21,6,KRW-JTO,0.00338409
2026-09-01T21:59:54.884695+00:00,21,6,KRW-CC,0.00634921
2026-09-01T21:59:54.884695+00:00,21,6,KRW-BIRB,0.00510204
2026-09-01T21:59:54.884695+00:00,21,6,KRW-ME,0.00119261
2026-09-01T21:59:54.884695+00:00,21,6,KRW-SEI,0.00305344
2026-09-01T21:59:54.884695+00:00,21,6,KRW-ENS,0.00190537
2026-09-01T21:59:54.884695+00:00,21,6,KRW-ZRO,0.00360881
2026-09-01T21:59:54.884695+00:00,21,6,KRW-TRUMP,0.00158554
2026-09-01T21:59:54.884695+00:00,21,6,KRW-XEC,0.00105876
2026-09-01T21:59:54.884695+00:00,21,6,KRW-RVN,0.00255428
2026-09-01T21:59:54.884695+00:00,21,6,KRW-ZAMA,0.00436999
2026-09-01T21:59:54.884695+00:00,21,6,KRW-GEOD,0.00981997
2026-09-01T21:59:54.884695+00:00,21,6,KRW-AKT,0.00435730
2026-09-01T21:59:54.884695+00:00,21,6,KRW-FIL,0.00186393
2026-09-01T21:59:54.884695+00:00,21,6,KRW-APT,0.00263852
2026-09-01T21:59:54.884695+00:00,21,6,KRW-DRV,0.00501253
2026-09-01T21:59:54.884695+00:00,21,6,KRW-ID,0.00449438
2026-09-01T21:59:54.884695+00:00,21,6,KRW-SOON,0.00396040
2026-09-01T21:59:54.884695+00:00,21,6,KRW-O,0.00389864
2026-09-01T21:59:54.884695+00:00,21,6,KRW-AVNT,0.00706714
2026-09-01T21:59:54.884695+00:00,21,6,KRW-TREE,0.00185014
2026-09-01T21:59:54.884695+00:00,21,6,KRW-KITE,0.00589971
2026-09-01T21:59:54.884695+00:00,21,6,KRW-BLEND,0.00342270
2026-09-01T21:59:54.884695+00:00,21,6,KRW-MANTRA,0.00161943
2026-09-01T21:59:54.884695+00:00,21,6,KRW-CFG,0.00655738
2026-09-01T21:59:54.884695+00:00,21,6,KRW-GAS,0.00235849
2026-09-01T21:59:54.884695+00:00,21,6,KRW-BERA,0.00408998
2026-09-01T21:59:54.884695+00:00,21,6,KRW-MEGA,0.00192864
2026-09-01T21:59:54.884695+00:00,21,6,KRW-SOPH,0.00361011
2026-09-01T21:59:54.884695+00:00,21,6,KRW-UP2,0.00285307
2026-09-01T21:59:54.884695+00:00,21,6,KRW-ZORA,0.00930233
2026-09-01T21:59:54.884695+00:00,21,6,KRW-OPG,0.00738007
2026-09-01T21:59:54.884695+00:00,21,6,KRW-BSV,0.00278552
2026-09-01T21:59:54.884695+00:00,21,6,KRW-HYPER,0.00336511
2026-09-01T21:59:54.884695+00:00,21,6,KRW-TRAC,0.00657174
2026-09-01T21:59:54.884695+00:00,21,6,KRW-IN,0.00221484
2026-09-01T21:59:54.884695+00:00,21,6,KRW-ATH,0.00473560
2026-09-01T21:59:54.884695+00:00,21,6,KRW-ETHFI,0.00127470
2026-09-01T21:59:54.884695+00:00,21,6,KRW-MON,0.00546448
2026-09-01T21:59:54.884695+00:00,21,6,KRW-ZIL,0.00846262
2026-09-01T21:59:54.884695+00:00,21,6,KRW-B3,0.00474308
2026-09-01T21:59:54.884695+00:00,21,6,KRW-ELSA,0.00481928
2026-09-01T21:59:54.884695+00:00,21,6,KRW-JUP,0.00335008
2026-09-01T21:59:54.884695+00:00,21,6,KRW-SIGN,0.00803213
2026-09-01T21:59:54.884695+00:00,21,6,KRW-FLOCK,0.00205128
2026-09-01T21:59:54.884695+00:00,21,6,KRW-DEEP,0.01020408
2026-09-01T21:59:54.884695+00:00,21,6,KRW-G,0.00392157
2026-09-01T21:59:54.884695+00:00,21,6,KRW-INJ,0.01372628
2026-09-01T21:59:54.884695+00:00,21,6,KRW-VVV,0.00354925
2026-09-01T21:59:54.884695+00:00,21,6,KRW-BIGTIME,0.00224719
2026-09-01T21:59:54.884695+00:00,21,6,KRW-BIO,0.00283688
2026-09-01T21:59:54.884695+00:00,21,6,KRW-RENDER,0.00202943
2026-09-01T21:59:54.884695+00:00,21,6,KRW-BARD,0.00576369
2026-09-01T21:59:54.884695+00:00,21,6,KRW-CHZ,0.00539084
2026-09-01T21:59:54.884695+00:00,21,6,KRW-LSK,0.01459854
2026-09-01T21:59:54.884695+00:00,21,6,KRW-CRO,0.00262467
2026-09-01T21:59:54.884695+00:00,21,6,KRW-VANA,0.00244598
2026-09-01T21:59:54.884695+00:00,21,6,KRW-LAYER,0.00213220
2026-09-01T21:59:54.884695+00:00,21,6,KRW-RED,0.00630915
2026-09-01T21:59:54.884695+00:00,21,6,KRW-DOT,0.00250104
2026-09-01T21:59:54.884695+00:00,21,6,KRW-ATOM,0.00246488
2026-09-01T21:59:54.884695+00:00,21,6,KRW-DOOD,0.00544959
2026-09-01T21:59:54.884695+00:00,21,6,KRW-XAUT,0.00199468
2026-09-01T21:59:54.884695+00:00,21,6,KRW-BORA,0.00668896
2026-09-01T21:59:54.884695+00:00,21,6,KRW-AWE,0.00234742
2026-09-01T21:59:54.884695+00:00,21,6,KRW-WAVES,0.00331675
2026-09-01T21:59:54.884695+00:00,21,6,KRW-ZKP,0.00329489
2026-09-01T21:59:54.884695+00:00,21,6,KRW-EDGE,0.00746667
2026-09-01T21:59:54.884695+00:00,21,6,KRW-ELF,0.00115274
2026-09-01T21:59:54.884695+00:00,21,6,KRW-AI,0.00369686
2026-09-01T21:59:54.884695+00:00,21,6,KRW-SNT,0.00110926
2026-09-01T21:59:54.884695+00:00,21,6,KRW-OPEN,0.00576369
2026-09-01T21:59:54.884695+00:00,21,6,KRW-SKR,0.00308166
2026-09-01T21:59:54.884695+00:00,21,6,KRW-MET2,0.00375235
2026-09-01T21:59:54.884695+00:00,21,6,KRW-FF,0.00760456
2026-09-01T21:59:54.884695+00:00,21,6,KRW-KAT,0.00322061
2026-09-01T21:59:54.884695+00:00,21,6,KRW-W,0.00738007
2026-09-01T21:59:54.884695+00:00,21,6,KRW-PENDLE,0.00119737
2026-09-01T21:59:54.884695+00:00,21,6,KRW-SPK,0.00362976
2026-09-01T21:59:54.884695+00:00,21,6,KRW-PYTH,0.00140548
2026-09-01T21:59:54.884695+00:00,21,6,KRW-STEEM,0.00169348
2026-09-01T21:59:54.884695+00:00,21,6,KRW-COW,0.01169591
2026-09-01T22:00:57.503997+00:00,22,7,KRW-SHIB,0.00140548
2026-09-01T22:00:57.503997+00:00,22,7,KRW-KAITO,0.00477327
2026-09-01T22:00:57.503997+00:00,22,7,KRW-SUI,0.00100251
2026-09-01T22:00:57.503997+00:00,22,7,KRW-MMT,0.00455581
2026-09-01T22:00:57.503997+00:00,22,7,KRW-LINK,0.00064495
2026-09-01T22:00:57.503997+00:00,22,7,KRW-PUMP,0.00332779
2026-09-01T22:00:57.503997+00:00,22,7,KRW-NEAR,0.00152497
2026-09-01T22:00:57.503997+00:00,22,7,KRW-ZBT,0.00858369
2026-09-01T22:00:57.503997+00:00,22,7,KRW-LA,0.00253165
2026-09-01T22:00:57.503997+00:00,22,7,KRW-CHIP,0.00322581
2026-09-01T22:00:57.503997+00:00,22,7,KRW-QUID,0.00109230
2026-09-01T22:00:57.503997+00:00,22,7,KRW-PENGU,0.00858369
2026-09-01T22:00:57.503997+00:00,22,7,KRW-AVAX,0.00100050
2026-09-01T22:00:57.503997+00:00,22,7,KRW-VIRTUAL,0.00211864
2026-09-01T22:00:57.503997+00:00,22,7,KRW-MOVE,0.00851064
2026-09-01T22:00:57.503997+00:00,22,7,KRW-UNI,0.00187324
2026-09-01T22:00:57.503997+00:00,22,7,KRW-PIEVERSE,0.00069469
2026-09-01T22:00:57.503997+00:00,22,7,KRW-PRL,0.00481928
2026-09-01T22:00:57.503997+00:00,22,7,KRW-HBAR,0.00975610
2026-09-01T22:00:57.503997+00:00,22,7,KRW-ONT,0.00267738
2026-09-01T22:00:57.503997+00:00,22,7,KRW-ENSO,0.00256739
2026-09-01T22:00:57.503997+00:00,22,7,KRW-XPL,0.00851064
2026-09-01T22:00:57.503997+00:00,22,7,KRW-SAHARA,0.00873362
2026-09-01T22:00:57.503997+00:00,22,7,KRW-AAVE,0.00171380
2026-09-01T22:00:57.503997+00:00,22,7,KRW-ARX,0.00586510
2026-09-01T22:00:57.503997+00:00,22,7,KRW-TRX,0.00222965
2026-09-01T22:00:57.503997+00:00,22,7,KRW-HOLO,0.00347826
2026-09-01T22:00:57.503997+00:00,22,7,KRW-WLFI,0.00254130
2026-09-01T22:00:57.503997+00:00,22,7,KRW-BCH,0.00147124
2026-09-01T22:00:57.503997+00:00,22,7,KRW-DATA,0.00383877
2026-09-01T22:00:57.503997+00:00,22,7,KRW-PLUME,0.00511509
2026-09-01T22:00:57.503997+00:00,22,7,KRW-ARB,0.00668896
2026-09-01T22:00:57.503997+00:00,22,7,KRW-STORJ,0.00668896
2026-09-01T22:00:57.503997+00:00,22,7,KRW-BONK,0.00175901
2026-09-01T22:00:57.503997+00:00,22,7,KRW-ETC,0.00299252
2026-09-01T22:00:57.503997+00:00,22,7,KRW-ESP,0.00896861
2026-09-01T22:00:57.503997+00:00,22,7,KRW-0G,0.00366972
2026-09-01T22:00:57.503997+00:00,22,7,KRW-META2,0.00878675
2026-09-01T22:00:57.503997+00:00,22,7,KRW-BSB,0.00692042
2026-09-01T22:00:57.503997+00:00,22,7,KRW-ERA,0.00251256
2026-09-01T22:00:57.503997+00:00,22,7,KRW-MIRA,0.00169062
2026-09-01T22:00:57.503997+00:00,22,7,KRW-SAND,0.00201816
2026-09-01T22:00:57.503997+00:00,22,7,KRW-PEPE,0.00416667
2026-09-01T22:00:57.503997+00:00,22,7,KRW-POL,0.00809717
2026-09-01T22:00:57.503997+00:00,22,7,KRW-STX,0.00560224
2026-09-01T22:00:57.503997+00:00,22,7,KRW-IRYS,0.00533333
2026-09-01T22:00:57.503997+00:00,22,7,KRW-AXS,0.00157978
2026-09-01T22:00:57.503997+00:00,22,7,KRW-TAO,0.00032739
2026-09-01T22:00:57.503997+00:00,22,7,KRW-ALGO,0.00823045
2026-09-01T22:00:57.503997+00:00,22,7,KRW-JTO,0.00337838
2026-09-01T22:00:57.503997+00:00,22,7,KRW-CC,0.00634921
2026-09-01T22:00:57.503997+00:00,22,7,KRW-BIRB,0.00127470
2026-09-01T22:00:57.503997+00:00,22,7,KRW-ME,0.00119261
2026-09-01T22:00:57.503997+00:00,22,7,KRW-SEI,0.00152788
2026-09-01T22:00:57.503997+00:00,22,7,KRW-ENS,0.00063593
2026-09-01T22:00:57.503997+00:00,22,7,KRW-ZRO,0.00216685
2026-09-01T22:00:57.503997+00:00,22,7,KRW-TRUMP,0.00126823
2026-09-01T22:00:57.503997+00:00,22,7,KRW-XEC,0.00211864
2026-09-01T22:00:57.503997+00:00,22,7,KRW-RVN,0.00255428
2026-09-01T22:00:57.503997+00:00,22,7,KRW-ZAMA,0.00437637
2026-09-01T22:00:57.503997+00:00,22,7,KRW-GEOD,0.00981997
2026-09-01T22:00:57.503997+00:00,22,7,KRW-AKT,0.00290698
2026-09-01T22:00:57.503997+00:00,22,7,KRW-FIL,0.00279981
2026-09-01T22:00:57.503997+00:00,22,7,KRW-APT,0.00263852
2026-09-01T22:00:57.503997+00:00,22,7,KRW-DRV,0.00501253
2026-09-01T22:00:57.503997+00:00,22,7,KRW-ID,0.00449438
2026-09-01T22:00:57.503997+00:00,22,7,KRW-SOON,0.00396040
2026-09-01T22:00:57.503997+00:00,22,7,KRW-O,0.00389864
2026-09-01T22:00:57.503997+00:00,22,7,KRW-AVNT,0.00706714
2026-09-01T22:00:57.503997+00:00,22,7,KRW-TREE,0.00185014
2026-09-01T22:00:57.503997+00:00,22,7,KRW-KITE,0.00589971
2026-09-01T22:00:57.503997+00:00,22,7,KRW-BLEND,0.00342270
2026-09-01T22:00:57.503997+00:00,22,7,KRW-MANTRA,0.00161943
2026-09-01T22:00:57.503997+00:00,22,7,KRW-CFG,0.00655738
2026-09-01T22:00:57.503997+00:00,22,7,KRW-GAS,0.00294898
2026-09-01T22:00:57.503997+00:00,22,7,KRW-BERA,0.00408998
2026-09-01T22:00:57.503997+00:00,22,7,KRW-MEGA,0.00192864
2026-09-01T22:00:57.503997+00:00,22,7,KRW-SOPH,0.00180668
2026-09-01T22:00:57.503997+00:00,22,7,KRW-UP2,0.00285307
2026-09-01T22:00:57.503997+00:00,22,7,KRW-ZORA,0.00930233
2026-09-01T22:00:57.503997+00:00,22,7,KRW-OPG,0.00738007
2026-09-01T22:00:57.503997+00:00,22,7,KRW-BSV,0.00232180
2026-09-01T22:00:57.503997+00:00,22,7,KRW-HYPER,0.00336511
2026-09-01T22:00:57.503997+00:00,22,7,KRW-TRAC,0.00657174
2026-09-01T22:00:57.503997+00:00,22,7,KRW-IN,0.00221484
2026-09-01T22:00:57.503997+00:00,22,7,KRW-ATH,0.00473560
2026-09-01T22:00:57.503997+00:00,22,7,KRW-ETHFI,0.00127470
2026-09-01T22:00:57.503997+00:00,22,7,KRW-MON,0.00546448
2026-09-01T22:00:57.503997+00:00,22,7,KRW-ZIL,0.00846262
2026-09-01T22:00:57.503997+00:00,22,7,KRW-B3,0.00474308
2026-09-01T22:00:57.503997+00:00,22,7,KRW-ELSA,0.00321027
2026-09-01T22:00:57.503997+00:00,22,7,KRW-JUP,0.00335008
2026-09-01T22:00:57.503997+00:00,22,7,KRW-SIGN,0.00803213
2026-09-01T22:00:57.503997+00:00,22,7,KRW-FLOCK,0.00205128
2026-09-01T22:00:57.503997+00:00,22,7,KRW-DEEP,0.01020408
2026-09-01T22:00:57.503997+00:00,22,7,KRW-G,0.00392157
2026-09-01T22:00:57.503997+00:00,22,7,KRW-INJ,0.00562927
2026-09-01T22:00:57.503997+00:00,22,7,KRW-VVV,0.00354925
2026-09-01T22:00:57.503997+00:00,22,7,KRW-BIGTIME,0.00224719
2026-09-01T22:00:57.503997+00:00,22,7,KRW-BIO,0.00283688
2026-09-01T22:00:57.503997+00:00,22,7,KRW-RENDER,0.00202943
2026-09-01T22:00:57.503997+00:00,22,7,KRW-BARD,0.00576369
2026-09-01T22:00:57.503997+00:00,22,7,KRW-CHZ,0.00542005
2026-09-01T22:00:57.503997+00:00,22,7,KRW-LSK,0.01459854
2026-09-01T22:00:57.503997+00:00,22,7,KRW-CRO,0.00262467
2026-09-01T22:00:57.503997+00:00,22,7,KRW-VANA,0.00244598
2026-09-01T22:00:57.503997+00:00,22,7,KRW-LAYER,0.00320000
2026-09-01T22:00:57.503997+00:00,22,7,KRW-RED,0.00630915
2026-09-01T22:00:57.503997+00:00,22,7,KRW-DOT,0.00250104
2026-09-01T22:00:57.503997+00:00,22,7,KRW-ATOM,0.00246488
2026-09-01T22:00:57.503997+00:00,22,7,KRW-DOOD,0.00544959
2026-09-01T22:00:57.503997+00:00,22,7,KRW-XAUT,0.00216216
2026-09-01T22:00:57.503997+00:00,22,7,KRW-BORA,0.00668896
2026-09-01T22:00:57.503997+00:00,22,7,KRW-AWE,0.00235018
2026-09-01T22:00:57.503997+00:00,22,7,KRW-WAVES,0.00660066
2026-09-01T22:00:57.503997+00:00,22,7,KRW-ZKP,0.00329489
2026-09-01T22:00:57.503997+00:00,22,7,KRW-EDGE,0.00961025
2026-09-01T22:00:57.503997+00:00,22,7,KRW-ELF,0.00115274
2026-09-01T22:00:57.503997+00:00,22,7,KRW-AI,0.00369686
2026-09-01T22:00:57.503997+00:00,22,7,KRW-SNT,0.00110803
2026-09-01T22:00:57.503997+00:00,22,7,KRW-OPEN,0.00576369
2026-09-01T22:00:57.503997+00:00,22,7,KRW-SKR,0.00309119
2026-09-01T22:00:57.503997+00:00,22,7,KRW-MET2,0.00375235
2026-09-01T22:00:57.503997+00:00,22,7,KRW-FF,0.00760456
2026-09-01T22:00:57.503997+00:00,22,7,KRW-KAT,0.00322061
2026-09-01T22:00:57.503997+00:00,22,7,KRW-W,0.01481481
2026-09-01T22:00:57.503997+00:00,22,7,KRW-PENDLE,0.00079840
2026-09-01T22:00:57.503997+00:00,22,7,KRW-SPK,0.00362976
2026-09-01T22:00:57.503997+00:00,22,7,KRW-PYTH,0.00139958
2026-09-01T22:00:57.503997+00:00,22,7,KRW-STEEM,0.00169348
2026-09-01T22:00:57.503997+00:00,22,7,KRW-COW,0.01169591
2026-09-01T22:02:00.710189+00:00,22,7,KRW-SHIB,0.00140548
2026-09-01T22:02:00.710189+00:00,22,7,KRW-KAITO,0.00238949
2026-09-01T22:02:00.710189+00:00,22,7,KRW-SUI,0.00300752
2026-09-01T22:02:00.710189+00:00,22,7,KRW-MMT,0.00455581
2026-09-01T22:02:00.710189+00:00,22,7,KRW-LINK,0.00064495
2026-09-01T22:02:00.710189+00:00,22,7,KRW-PUMP,0.00166251
2026-09-01T22:02:00.710189+00:00,22,7,KRW-NEAR,0.00076423
2026-09-01T22:02:00.710189+00:00,22,7,KRW-ZBT,0.00858369
2026-09-01T22:02:00.710189+00:00,22,7,KRW-LA,0.00126662
2026-09-01T22:02:00.710189+00:00,22,7,KRW-CHIP,0.00160901
2026-09-01T22:02:00.710189+00:00,22,7,KRW-QUID,0.00218341
2026-09-01T22:02:00.710189+00:00,22,7,KRW-PENGU,0.00858369
2026-09-01T22:02:00.710189+00:00,22,7,KRW-AVAX,0.00100150
2026-09-01T22:02:00.710189+00:00,22,7,KRW-VIRTUAL,0.00106101
2026-09-01T22:02:00.710189+00:00,22,7,KRW-MOVE,0.00851064
2026-09-01T22:02:00.710189+00:00,22,7,KRW-UNI,0.00124922
2026-09-01T22:02:00.710189+00:00,22,7,KRW-PIEVERSE,0.00208551
2026-09-01T22:02:00.710189+00:00,22,7,KRW-PRL,0.00484262
2026-09-01T22:02:00.710189+00:00,22,7,KRW-HBAR,0.00975610
2026-09-01T22:02:00.710189+00:00,22,7,KRW-ONT,0.00267738
2026-09-01T22:02:00.710189+00:00,22,7,KRW-ENSO,0.00342466
2026-09-01T22:02:00.710189+00:00,22,7,KRW-XPL,0.00851064
2026-09-01T22:02:00.710189+00:00,22,7,KRW-SAHARA,0.00873362
2026-09-01T22:02:00.710189+00:00,22,7,KRW-AAVE,0.00171380
2026-09-01T22:02:00.710189+00:00,22,7,KRW-ARX,0.00586510
2026-09-01T22:02:00.710189+00:00,22,7,KRW-TRX,0.00222965
2026-09-01T22:02:00.710189+00:00,22,7,KRW-HOLO,0.00347826
2026-09-01T22:02:00.710189+00:00,22,7,KRW-WLFI,0.00254130
2026-09-01T22:02:00.710189+00:00,22,7,KRW-BCH,0.00117751
2026-09-01T22:02:00.710189+00:00,22,7,KRW-DATA,0.00383877
2026-09-01T22:02:00.710189+00:00,22,7,KRW-PLUME,0.00508906
2026-09-01T22:02:00.710189+00:00,22,7,KRW-ARB,0.00668896
2026-09-01T22:02:00.710189+00:00,22,7,KRW-STORJ,0.01326260
2026-09-01T22:02:00.710189+00:00,22,7,KRW-BONK,0.00175901
2026-09-01T22:02:00.710189+00:00,22,7,KRW-ETC,0.00199601
2026-09-01T22:02:00.710189+00:00,22,7,KRW-ESP,0.00896861
2026-09-01T22:02:00.710189+00:00,22,7,KRW-0G,0.00366972
2026-09-01T22:02:00.710189+00:00,22,7,KRW-META2,0.00878675
2026-09-01T22:02:00.710189+00:00,22,7,KRW-BSB,0.00692042
2026-09-01T22:02:00.710189+00:00,22,7,KRW-ERA,0.00251256
2026-09-01T22:02:00.710189+00:00,22,7,KRW-MIRA,0.00169348
2026-09-01T22:02:00.710189+00:00,22,7,KRW-SAND,0.00202224
2026-09-01T22:02:00.710189+00:00,22,7,KRW-PEPE,0.00208551
2026-09-01T22:02:00.710189+00:00,22,7,KRW-POL,0.00809717
2026-09-01T22:02:00.710189+00:00,22,7,KRW-STX,0.00280505
2026-09-01T22:02:00.710189+00:00,22,7,KRW-IRYS,0.00533333
2026-09-01T22:02:00.710189+00:00,22,7,KRW-AXS,0.00315706
2026-09-01T22:02:00.710189+00:00,22,7,KRW-TAO,0.00130933
2026-09-01T22:02:00.710189+00:00,22,7,KRW-ALGO,0.00823045
2026-09-01T22:02:00.710189+00:00,22,7,KRW-JTO,0.00338409
2026-09-01T22:02:00.710189+00:00,22,7,KRW-CC,0.00634921
2026-09-01T22:02:00.710189+00:00,22,7,KRW-BIRB,0.00127470
2026-09-01T22:02:00.710189+00:00,22,7,KRW-ME,0.00238663
2026-09-01T22:02:00.710189+00:00,22,7,KRW-SEI,0.00152788
2026-09-01T22:02:00.710189+00:00,22,7,KRW-ENS,0.00063553
2026-09-01T22:02:00.710189+00:00,22,7,KRW-ZRO,0.00144404
2026-09-01T22:02:00.710189+00:00,22,7,KRW-TRUMP,0.00031731
2026-09-01T22:02:00.710189+00:00,22,7,KRW-XEC,0.00211864
2026-09-01T22:02:00.710189+00:00,22,7,KRW-RVN,0.00255428
2026-09-01T22:02:00.710189+00:00,22,7,KRW-ZAMA,0.00291545
2026-09-01T22:02:00.710189+00:00,22,7,KRW-GEOD,0.00981997
2026-09-01T22:02:00.710189+00:00,22,7,KRW-AKT,0.00727273
2026-09-01T22:02:00.710189+00:00,22,7,KRW-FIL,0.00093414
2026-09-01T22:02:00.710189+00:00,22,7,KRW-APT,0.00263852
2026-09-01T22:02:00.710189+00:00,22,7,KRW-DRV,0.00501253
2026-09-01T22:02:00.710189+00:00,22,7,KRW-ID,0.00224467
2026-09-01T22:02:00.710189+00:00,22,7,KRW-SOON,0.00396040
2026-09-01T22:02:00.710189+00:00,22,7,KRW-O,0.00389864
2026-09-01T22:02:00.710189+00:00,22,7,KRW-AVNT,0.00706714
2026-09-01T22:02:00.710189+00:00,22,7,KRW-TREE,0.00185014
2026-09-01T22:02:00.710189+00:00,22,7,KRW-KITE,0.00589971
2026-09-01T22:02:00.710189+00:00,22,7,KRW-BLEND,0.00342270
2026-09-01T22:02:00.710189+00:00,22,7,KRW-MANTRA,0.00161943
2026-09-01T22:02:00.710189+00:00,22,7,KRW-CFG,0.00655738
2026-09-01T22:02:00.710189+00:00,22,7,KRW-GAS,0.00294898
2026-09-01T22:02:00.710189+00:00,22,7,KRW-BERA,0.00408998
2026-09-01T22:02:00.710189+00:00,22,7,KRW-MEGA,0.00192864
2026-09-01T22:02:00.710189+00:00,22,7,KRW-SOPH,0.00180668
2026-09-01T22:02:00.710189+00:00,22,7,KRW-UP2,0.00285307
2026-09-01T22:02:00.710189+00:00,22,7,KRW-ZORA,0.00930233
2026-09-01T22:02:00.710189+00:00,22,7,KRW-OPG,0.00738007
2026-09-01T22:02:00.710189+00:00,22,7,KRW-BSV,0.00232180
2026-09-01T22:02:00.710189+00:00,22,7,KRW-HYPER,0.00336511
2026-09-01T22:02:00.710189+00:00,22,7,KRW-TRAC,0.00438596
2026-09-01T22:02:00.710189+00:00,22,7,KRW-IN,0.00443459
2026-09-01T22:02:00.710189+00:00,22,7,KRW-ATH,0.00473560
2026-09-01T22:02:00.710189+00:00,22,7,KRW-ETHFI,0.00127632
2026-09-01T22:02:00.710189+00:00,22,7,KRW-MON,0.00272851
2026-09-01T22:02:00.710189+00:00,22,7,KRW-ZIL,0.00846262
2026-09-01T22:02:00.710189+00:00,22,7,KRW-B3,0.00474308
2026-09-01T22:02:00.710189+00:00,22,7,KRW-ELSA,0.00321027
2026-09-01T22:02:00.710189+00:00,22,7,KRW-JUP,0.00335008
2026-09-01T22:02:00.710189+00:00,22,7,KRW-SIGN,0.00803213
2026-09-01T22:02:00.710189+00:00,22,7,KRW-FLOCK,0.00205128
2026-09-01T22:02:00.710189+00:00,22,7,KRW-DEEP,0.01020408
2026-09-01T22:02:00.710189+00:00,22,7,KRW-G,0.00196271
2026-09-01T22:02:00.710189+00:00,22,7,KRW-INJ,0.00562927
2026-09-01T22:02:00.710189+00:00,22,7,KRW-VVV,0.00310628
2026-09-01T22:02:00.710189+00:00,22,7,KRW-BIGTIME,0.00112423
2026-09-01T22:02:00.710189+00:00,22,7,KRW-BIO,0.00283688
2026-09-01T22:02:00.710189+00:00,22,7,KRW-RENDER,0.00101574
2026-09-01T22:02:00.710189+00:00,22,7,KRW-BARD,0.00576369
2026-09-01T22:02:00.710189+00:00,22,7,KRW-CHZ,0.00539084
2026-09-01T22:02:00.710189+00:00,22,7,KRW-LSK,0.01459854
2026-09-01T22:02:00.710189+00:00,22,7,KRW-CRO,0.00262467
2026-09-01T22:02:00.710189+00:00,22,7,KRW-VANA,0.00244598
2026-09-01T22:02:00.710189+00:00,22,7,KRW-LAYER,0.00320000
2026-09-01T22:02:00.710189+00:00,22,7,KRW-RED,0.00630915
2026-09-01T22:02:00.710189+00:00,22,7,KRW-DOT,0.00250313
2026-09-01T22:02:00.710189+00:00,22,7,KRW-ATOM,0.00197239
2026-09-01T22:02:00.710189+00:00,22,7,KRW-DOOD,0.00544959
2026-09-01T22:02:00.710189+00:00,22,7,KRW-XAUT,0.00199601
2026-09-01T22:02:00.710189+00:00,22,7,KRW-BORA,0.00668896
2026-09-01T22:02:00.710189+00:00,22,7,KRW-AWE,0.00352319
2026-09-01T22:02:00.710189+00:00,22,7,KRW-WAVES,0.00330579
2026-09-01T22:02:00.710189+00:00,22,7,KRW-ZKP,0.00329489
2026-09-01T22:02:00.710189+00:00,22,7,KRW-EDGE,0.00747464
2026-09-01T22:02:00.710189+00:00,22,7,KRW-ELF,0.00115274
2026-09-01T22:02:00.710189+00:00,22,7,KRW-AI,0.00369686
2026-09-01T22:02:00.710189+00:00,22,7,KRW-SNT,0.00110803
2026-09-01T22:02:00.710189+00:00,22,7,KRW-OPEN,0.00576369
2026-09-01T22:02:00.710189+00:00,22,7,KRW-SKR,0.00617284
2026-09-01T22:02:00.710189+00:00,22,7,KRW-MET2,0.00375235
2026-09-01T22:02:00.710189+00:00,22,7,KRW-FF,0.00760456
2026-09-01T22:02:00.710189+00:00,22,7,KRW-KAT,0.00322061
2026-09-01T22:02:00.710189+00:00,22,7,KRW-W,0.01481481
2026-09-01T22:02:00.710189+00:00,22,7,KRW-PENDLE,0.00119928
2026-09-01T22:02:00.710189+00:00,22,7,KRW-SPK,0.00362976
2026-09-01T22:02:00.710189+00:00,22,7,KRW-PYTH,0.00280899
2026-09-01T22:02:00.710189+00:00,22,7,KRW-STEEM,0.00169348
2026-09-01T22:02:00.710189+00:00,22,7,KRW-COW,0.01169591
2026-09-01T22:03:03.428458+00:00,22,7,KRW-SHIB,0.00280899
2026-09-01T22:03:03.428458+00:00,22,7,KRW-KAITO,0.00238949
2026-09-01T22:03:03.428458+00:00,22,7,KRW-SUI,0.00200200
2026-09-01T22:03:03.428458+00:00,22,7,KRW-MMT,0.00455581
2026-09-01T22:03:03.428458+00:00,22,7,KRW-LINK,0.00128866
2026-09-01T22:03:03.428458+00:00,22,7,KRW-PUMP,0.00165975
2026-09-01T22:03:03.428458+00:00,22,7,KRW-NEAR,0.00152555
2026-09-01T22:03:03.428458+00:00,22,7,KRW-ZBT,0.00858369
2026-09-01T22:03:03.428458+00:00,22,7,KRW-LA,0.00126662
2026-09-01T22:03:03.428458+00:00,22,7,KRW-CHIP,0.00323102
2026-09-01T22:03:03.428458+00:00,22,7,KRW-QUID,0.00109349
2026-09-01T22:03:03.428458+00:00,22,7,KRW-PENGU,0.00858369
2026-09-01T22:03:03.428458+00:00,22,7,KRW-AVAX,0.00250063
2026-09-01T22:03:03.428458+00:00,22,7,KRW-VIRTUAL,0.00211864
2026-09-01T22:03:03.428458+00:00,22,7,KRW-MOVE,0.00851064
2026-09-01T22:03:03.428458+00:00,22,7,KRW-UNI,0.00187207
2026-09-01T22:03:03.428458+00:00,22,7,KRW-PIEVERSE,0.00139082
2026-09-01T22:03:03.428458+00:00,22,7,KRW-PRL,0.00481928
2026-09-01T22:03:03.428458+00:00,22,7,KRW-HBAR,0.00975610
2026-09-01T22:03:03.428458+00:00,22,7,KRW-ONT,0.00267380
2026-09-01T22:03:03.428458+00:00,22,7,KRW-ENSO,0.00256959
2026-09-01T22:03:03.428458+00:00,22,7,KRW-XPL,0.00851064
2026-09-01T22:03:03.428458+00:00,22,7,KRW-SAHARA,0.00873362
2026-09-01T22:03:03.428458+00:00,22,7,KRW-AAVE,0.00114220
2026-09-01T22:03:03.428458+00:00,22,7,KRW-ARX,0.00586510
2026-09-01T22:03:03.428458+00:00,22,7,KRW-TRX,0.00222965
2026-09-01T22:03:03.428458+00:00,22,7,KRW-HOLO,0.00347021
2026-09-01T22:03:03.428458+00:00,22,7,KRW-WLFI,0.00254130
2026-09-01T22:03:03.428458+00:00,22,7,KRW-BCH,0.00029399
2026-09-01T22:03:03.428458+00:00,22,7,KRW-DATA,0.00383877
2026-09-01T22:03:03.428458+00:00,22,7,KRW-PLUME,0.01020408
2026-09-01T22:03:03.428458+00:00,22,7,KRW-ARB,0.00668896
2026-09-01T22:03:03.428458+00:00,22,7,KRW-STORJ,0.00930233
2026-09-01T22:03:03.428458+00:00,22,7,KRW-BONK,0.00175901
2026-09-01T22:03:03.428458+00:00,22,7,KRW-ETC,0.00299252
2026-09-01T22:03:03.428458+00:00,22,7,KRW-ESP,0.00896861
2026-09-01T22:03:03.428458+00:00,22,7,KRW-0G,0.00366972
2026-09-01T22:03:03.428458+00:00,22,7,KRW-META2,0.00878675
2026-09-01T22:03:03.428458+00:00,22,7,KRW-BSB,0.00692042
2026-09-01T22:03:03.428458+00:00,22,7,KRW-ERA,0.00376176
2026-09-01T22:03:03.428458+00:00,22,7,KRW-MIRA,0.00169348
2026-09-01T22:03:03.428458+00:00,22,7,KRW-SAND,0.00202224
2026-09-01T22:03:03.428458+00:00,22,7,KRW-PEPE,0.00208117
2026-09-01T22:03:03.428458+00:00,22,7,KRW-POL,0.00809717
2026-09-01T22:03:03.428458+00:00,22,7,KRW-STX,0.00560224
2026-09-01T22:03:03.428458+00:00,22,7,KRW-IRYS,0.00533333
2026-09-01T22:03:03.428458+00:00,22,7,KRW-AXS,0.00157604
2026-09-01T22:03:03.428458+00:00,22,7,KRW-TAO,0.00130804
2026-09-01T22:03:03.428458+00:00,22,7,KRW-ALGO,0.00823045
2026-09-01T22:03:03.428458+00:00,22,7,KRW-JTO,0.00169062
2026-09-01T22:03:03.428458+00:00,22,7,KRW-CC,0.00634921
2026-09-01T22:03:03.428458+00:00,22,7,KRW-BIRB,0.00508906
2026-09-01T22:03:03.428458+00:00,22,7,KRW-ME,0.00119403
2026-09-01T22:03:03.428458+00:00,22,7,KRW-SEI,0.00305344
2026-09-01T22:03:03.428458+00:00,22,7,KRW-ENS,0.00190537
2026-09-01T22:03:03.428458+00:00,22,7,KRW-ZRO,0.00216216
2026-09-01T22:03:03.428458+00:00,22,7,KRW-TRUMP,0.00158453
2026-09-01T22:03:03.428458+00:00,22,7,KRW-XEC,0.00211864
2026-09-01T22:03:03.428458+00:00,22,7,KRW-RVN,0.00255428
2026-09-01T22:03:03.428458+00:00,22,7,KRW-ZAMA,0.00436364
2026-09-01T22:03:03.428458+00:00,22,7,KRW-GEOD,0.00981997
2026-09-01T22:03:03.428458+00:00,22,7,KRW-AKT,0.00727273
2026-09-01T22:03:03.428458+00:00,22,7,KRW-FIL,0.00187091
2026-09-01T22:03:03.428458+00:00,22,7,KRW-APT,0.00263852
2026-09-01T22:03:03.428458+00:00,22,7,KRW-DRV,0.00501253
2026-09-01T22:03:03.428458+00:00,22,7,KRW-ID,0.00224467
2026-09-01T22:03:03.428458+00:00,22,7,KRW-SOON,0.00396040
2026-09-01T22:03:03.428458+00:00,22,7,KRW-O,0.00130124
2026-09-01T22:03:03.428458+00:00,22,7,KRW-AVNT,0.00706714
2026-09-01T22:03:03.428458+00:00,22,7,KRW-TREE,0.00185014
2026-09-01T22:03:03.428458+00:00,22,7,KRW-KITE,0.00589971
2026-09-01T22:03:03.428458+00:00,22,7,KRW-BLEND,0.00342270
2026-09-01T22:03:03.428458+00:00,22,7,KRW-MANTRA,0.00162206
2026-09-01T22:03:03.428458+00:00,22,7,KRW-CFG,0.00655738
2026-09-01T22:03:03.428458+00:00,22,7,KRW-GAS,0.00235849
2026-09-01T22:03:03.428458+00:00,22,7,KRW-BERA,0.00408998
2026-09-01T22:03:03.428458+00:00,22,7,KRW-MEGA,0.00192864
2026-09-01T22:03:03.428458+00:00,22,7,KRW-SOPH,0.00180668
2026-09-01T22:03:03.428458+00:00,22,7,KRW-UP2,0.00285307
2026-09-01T22:03:03.428458+00:00,22,7,KRW-ZORA,0.00930233
2026-09-01T22:03:03.428458+00:00,22,7,KRW-OPG,0.01470588
2026-09-01T22:03:03.428458+00:00,22,7,KRW-BSV,0.00278552
2026-09-01T22:03:03.428458+00:00,22,7,KRW-HYPER,0.00224467
2026-09-01T22:03:03.428458+00:00,22,7,KRW-TRAC,0.00438596
2026-09-01T22:03:03.428458+00:00,22,7,KRW-IN,0.00443459
2026-09-01T22:03:03.428458+00:00,22,7,KRW-ATH,0.00473560
2026-09-01T22:03:03.428458+00:00,22,7,KRW-ETHFI,0.00255754
2026-09-01T22:03:03.428458+00:00,22,7,KRW-MON,0.00544959
2026-09-01T22:03:03.428458+00:00,22,7,KRW-ZIL,0.00563380
2026-09-01T22:03:03.428458+00:00,22,7,KRW-B3,0.00474308
2026-09-01T22:03:03.428458+00:00,22,7,KRW-ELSA,0.00321027
2026-09-01T22:03:03.428458+00:00,22,7,KRW-JUP,0.00335008
2026-09-01T22:03:03.428458+00:00,22,7,KRW-SIGN,0.00803213
2026-09-01T22:03:03.428458+00:00,22,7,KRW-FLOCK,0.00205128
2026-09-01T22:03:03.428458+00:00,22,7,KRW-DEEP,0.01020408
2026-09-01T22:03:03.428458+00:00,22,7,KRW-G,0.00196271
2026-09-01T22:03:03.428458+00:00,22,7,KRW-INJ,0.00562927
2026-09-01T22:03:03.428458+00:00,22,7,KRW-VVV,0.00399556
2026-09-01T22:03:03.428458+00:00,22,7,KRW-BIGTIME,0.00224719
2026-09-01T22:03:03.428458+00:00,22,7,KRW-BIO,0.00283688
2026-09-01T22:03:03.428458+00:00,22,7,KRW-RENDER,0.00152091
2026-09-01T22:03:03.428458+00:00,22,7,KRW-BARD,0.00576369
2026-09-01T22:03:03.428458+00:00,22,7,KRW-CHZ,0.00539084
2026-09-01T22:03:03.428458+00:00,22,7,KRW-LSK,0.01459854
2026-09-01T22:03:03.428458+00:00,22,7,KRW-CRO,0.00262467
2026-09-01T22:03:03.428458+00:00,22,7,KRW-VANA,0.00163132
2026-09-01T22:03:03.428458+00:00,22,7,KRW-LAYER,0.00213220
2026-09-01T22:03:03.428458+00:00,22,7,KRW-RED,0.00630915
2026-09-01T22:03:03.428458+00:00,22,7,KRW-DOT,0.00333611
2026-09-01T22:03:03.428458+00:00,22,7,KRW-ATOM,0.00197141
2026-09-01T22:03:03.428458+00:00,22,7,KRW-DOOD,0.00544959
2026-09-01T22:03:03.428458+00:00,22,7,KRW-XAUT,0.00166362
2026-09-01T22:03:03.428458+00:00,22,7,KRW-BORA,0.00668896
2026-09-01T22:03:03.428458+00:00,22,7,KRW-AWE,0.00117440
2026-09-01T22:03:03.428458+00:00,22,7,KRW-WAVES,0.00330579
2026-09-01T22:03:03.428458+00:00,22,7,KRW-ZKP,0.00329489
2026-09-01T22:03:03.428458+00:00,22,7,KRW-EDGE,0.00747464
2026-09-01T22:03:03.428458+00:00,22,7,KRW-ELF,0.00115274
2026-09-01T22:03:03.428458+00:00,22,7,KRW-AI,0.00369686
2026-09-01T22:03:03.428458+00:00,22,7,KRW-SNT,0.00110803
2026-09-01T22:03:03.428458+00:00,22,7,KRW-OPEN,0.00576369
2026-09-01T22:03:03.428458+00:00,22,7,KRW-SKR,0.00617284
2026-09-01T22:03:03.428458+00:00,22,7,KRW-MET2,0.00375235
2026-09-01T22:03:03.428458+00:00,22,7,KRW-FF,0.00760456
2026-09-01T22:03:03.428458+00:00,22,7,KRW-KAT,0.00322061
2026-09-01T22:03:03.428458+00:00,22,7,KRW-W,0.01481481
2026-09-01T22:03:03.428458+00:00,22,7,KRW-PENDLE,0.00199960
2026-09-01T22:03:03.428458+00:00,22,7,KRW-SPK,0.00362976
2026-09-01T22:03:03.428458+00:00,22,7,KRW-PYTH,0.00280505
2026-09-01T22:03:03.428458+00:00,22,7,KRW-STEEM,0.00169348
2026-09-01T22:03:03.428458+00:00,22,7,KRW-COW,0.01169591
2026-09-01T22:04:06.365113+00:00,22,7,KRW-SHIB,0.00140154
2026-09-01T22:04:06.365113+00:00,22,7,KRW-KAITO,0.00238379
2026-09-01T22:04:06.365113+00:00,22,7,KRW-SUI,0.00200000
2026-09-01T22:04:06.365113+00:00,22,7,KRW-MMT,0.00455581
2026-09-01T22:04:06.365113+00:00,22,7,KRW-LINK,0.00064412
2026-09-01T22:04:06.365113+00:00,22,7,KRW-PUMP,0.00165700
2026-09-01T22:04:06.365113+00:00,22,7,KRW-NEAR,0.00076132
2026-09-01T22:04:06.365113+00:00,22,7,KRW-ZBT,0.00858369
2026-09-01T22:04:06.365113+00:00,22,7,KRW-LA,0.00252845
2026-09-01T22:04:06.365113+00:00,22,7,KRW-CHIP,0.00322061
2026-09-01T22:04:06.365113+00:00,22,7,KRW-QUID,0.00109349
2026-09-01T22:04:06.365113+00:00,22,7,KRW-PENGU,0.00858369
2026-09-01T22:04:06.365113+00:00,22,7,KRW-AVAX,0.00249813
2026-09-01T22:04:06.365113+00:00,22,7,KRW-VIRTUAL,0.00105652
2026-09-01T22:04:06.365113+00:00,22,7,KRW-MOVE,0.00851064
2026-09-01T22:04:06.365113+00:00,22,7,KRW-UNI,0.00124456
2026-09-01T22:04:06.365113+00:00,22,7,KRW-PIEVERSE,0.00069517
2026-09-01T22:04:06.365113+00:00,22,7,KRW-PRL,0.00481928
2026-09-01T22:04:06.365113+00:00,22,7,KRW-HBAR,0.00975610
2026-09-01T22:04:06.365113+00:00,22,7,KRW-ONT,0.00534759
2026-09-01T22:04:06.365113+00:00,22,7,KRW-ENSO,0.00171086
2026-09-01T22:04:06.365113+00:00,22,7,KRW-XPL,0.00851064
2026-09-01T22:04:06.365113+00:00,22,7,KRW-SAHARA,0.00873362
2026-09-01T22:04:06.365113+00:00,22,7,KRW-AAVE,0.00171086
2026-09-01T22:04:06.365113+00:00,22,7,KRW-ARX,0.00586510
2026-09-01T22:04:06.365113+00:00,22,7,KRW-TRX,0.00222965
2026-09-01T22:04:06.365113+00:00,22,7,KRW-HOLO,0.00347021
2026-09-01T22:04:06.365113+00:00,22,7,KRW-WLFI,0.00253807
2026-09-01T22:04:06.365113+00:00,22,7,KRW-BCH,0.00146908
2026-09-01T22:04:06.365113+00:00,22,7,KRW-DATA,0.00383877
2026-09-01T22:04:06.365113+00:00,22,7,KRW-PLUME,0.00508906
2026-09-01T22:04:06.365113+00:00,22,7,KRW-ARB,0.00668896
2026-09-01T22:04:06.365113+00:00,22,7,KRW-STORJ,0.00796813
2026-09-01T22:04:06.365113+00:00,22,7,KRW-BONK,0.00175593
2026-09-01T22:04:06.365113+00:00,22,7,KRW-ETC,0.00298954
2026-09-01T22:04:06.365113+00:00,22,7,KRW-ESP,0.00896861
2026-09-01T22:04:06.365113+00:00,22,7,KRW-0G,0.00732601
2026-09-01T22:04:06.365113+00:00,22,7,KRW-META2,0.00878675
2026-09-01T22:04:06.365113+00:00,22,7,KRW-BSB,0.00692042
2026-09-01T22:04:06.365113+00:00,22,7,KRW-ERA,0.00250941
2026-09-01T22:04:06.365113+00:00,22,7,KRW-MIRA,0.00169348
2026-09-01T22:04:06.365113+00:00,22,7,KRW-SAND,0.00201816
2026-09-01T22:04:06.365113+00:00,22,7,KRW-PEPE,0.00208117
2026-09-01T22:04:06.365113+00:00,22,7,KRW-POL,0.00809717
2026-09-01T22:04:06.365113+00:00,22,7,KRW-STX,0.00279720
2026-09-01T22:04:06.365113+00:00,22,7,KRW-IRYS,0.00533333
2026-09-01T22:04:06.365113+00:00,22,7,KRW-AXS,0.00157604
2026-09-01T22:04:06.365113+00:00,22,7,KRW-TAO,0.00195886
2026-09-01T22:04:06.365113+00:00,22,7,KRW-ALGO,0.00823045
2026-09-01T22:04:06.365113+00:00,22,7,KRW-JTO,0.00337838
2026-09-01T22:04:06.365113+00:00,22,7,KRW-CC,0.00634921
2026-09-01T22:04:06.365113+00:00,22,7,KRW-BIRB,0.00381437
2026-09-01T22:04:06.365113+00:00,22,7,KRW-ME,0.00238663
2026-09-01T22:04:06.365113+00:00,22,7,KRW-SEI,0.00152323
2026-09-01T22:04:06.365113+00:00,22,7,KRW-ENS,0.00063391
2026-09-01T22:04:06.365113+00:00,22,7,KRW-ZRO,0.00359842
2026-09-01T22:04:06.365113+00:00,22,7,KRW-TRUMP,0.00094832
2026-09-01T22:04:06.365113+00:00,22,7,KRW-XEC,0.00211640
2026-09-01T22:04:06.365113+00:00,22,7,KRW-RVN,0.00255428
2026-09-01T22:04:06.365113+00:00,22,7,KRW-ZAMA,0.00436364
2026-09-01T22:04:06.365113+00:00,22,7,KRW-GEOD,0.00981997
2026-09-01T22:04:06.365113+00:00,22,7,KRW-AKT,0.00727273
2026-09-01T22:04:06.365113+00:00,22,7,KRW-FIL,0.00186741
2026-09-01T22:04:06.365113+00:00,22,7,KRW-APT,0.00263505
2026-09-01T22:04:06.365113+00:00,22,7,KRW-DRV,0.00501253
2026-09-01T22:04:06.365113+00:00,22,7,KRW-ID,0.00448430
2026-09-01T22:04:06.365113+00:00,22,7,KRW-SOON,0.00396040
2026-09-01T22:04:06.365113+00:00,22,7,KRW-O,0.00520156
2026-09-01T22:04:06.365113+00:00,22,7,KRW-AVNT,0.00706714
2026-09-01T22:04:06.365113+00:00,22,7,KRW-TREE,0.00185014
2026-09-01T22:04:06.365113+00:00,22,7,KRW-KITE,0.00589971
2026-09-01T22:04:06.365113+00:00,22,7,KRW-BLEND,0.00342270
2026-09-01T22:04:06.365113+00:00,22,7,KRW-MANTRA,0.00324149
2026-09-01T22:04:06.365113+00:00,22,7,KRW-CFG,0.00655738
2026-09-01T22:04:06.365113+00:00,22,7,KRW-GAS,0.00176835
2026-09-01T22:04:06.365113+00:00,22,7,KRW-BERA,0.00816327
2026-09-01T22:04:06.365113+00:00,22,7,KRW-MEGA,0.00192864
2026-09-01T22:04:06.365113+00:00,22,7,KRW-SOPH,0.00361011
2026-09-01T22:04:06.365113+00:00,22,7,KRW-UP2,0.00285307
2026-09-01T22:04:06.365113+00:00,22,7,KRW-ZORA,0.00930233
2026-09-01T22:04:06.365113+00:00,22,7,KRW-OPG,0.01470588
2026-09-01T22:04:06.365113+00:00,22,7,KRW-BSV,0.00371230
2026-09-01T22:04:06.365113+00:00,22,7,KRW-HYPER,0.00224467
2026-09-01T22:04:06.365113+00:00,22,7,KRW-TRAC,0.00438596
2026-09-01T22:04:06.365113+00:00,22,7,KRW-IN,0.00443459
2026-09-01T22:04:06.365113+00:00,22,7,KRW-ATH,0.00473560
2026-09-01T22:04:06.365113+00:00,22,7,KRW-ETHFI,0.00382409
2026-09-01T22:04:06.365113+00:00,22,7,KRW-MON,0.00544959
2026-09-01T22:04:06.365113+00:00,22,7,KRW-ZIL,0.00563380
2026-09-01T22:04:06.365113+00:00,22,7,KRW-B3,0.00474308
2026-09-01T22:04:06.365113+00:00,22,7,KRW-ELSA,0.00321027
2026-09-01T22:04:06.365113+00:00,22,7,KRW-JUP,0.00333890
2026-09-01T22:04:06.365113+00:00,22,7,KRW-SIGN,0.00803213
2026-09-01T22:04:06.365113+00:00,22,7,KRW-FLOCK,0.00204290
2026-09-01T22:04:06.365113+00:00,22,7,KRW-DEEP,0.00508906
2026-09-01T22:04:06.365113+00:00,22,7,KRW-G,0.00196271
2026-09-01T22:04:06.365113+00:00,22,7,KRW-INJ,0.00562927
2026-09-01T22:04:06.365113+00:00,22,7,KRW-VVV,0.00310628
2026-09-01T22:04:06.365113+00:00,22,7,KRW-BIGTIME,0.00224467
2026-09-01T22:04:06.365113+00:00,22,7,KRW-BIO,0.00283688
2026-09-01T22:04:06.365113+00:00,22,7,KRW-RENDER,0.00253100
2026-09-01T22:04:06.365113+00:00,22,7,KRW-BARD,0.01149425
2026-09-01T22:04:06.365113+00:00,22,7,KRW-CHZ,0.00539084
2026-09-01T22:04:06.365113+00:00,22,7,KRW-LSK,0.01459854
2026-09-01T22:04:06.365113+00:00,22,7,KRW-CRO,0.00262467
2026-09-01T22:04:06.365113+00:00,22,7,KRW-VANA,0.00244598
2026-09-01T22:04:06.365113+00:00,22,7,KRW-LAYER,0.00106553
2026-09-01T22:04:06.365113+00:00,22,7,KRW-RED,0.00626959
2026-09-01T22:04:06.365113+00:00,22,7,KRW-DOT,0.00333333
2026-09-01T22:04:06.365113+00:00,22,7,KRW-ATOM,0.00197141
2026-09-01T22:04:06.365113+00:00,22,7,KRW-DOOD,0.00544959
2026-09-01T22:04:06.365113+00:00,22,7,KRW-XAUT,0.00199568
2026-09-01T22:04:06.365113+00:00,22,7,KRW-BORA,0.00668896
2026-09-01T22:04:06.365113+00:00,22,7,KRW-AWE,0.00117440
2026-09-01T22:04:06.365113+00:00,22,7,KRW-WAVES,0.00330579
2026-09-01T22:04:06.365113+00:00,22,7,KRW-ZKP,0.00328947
2026-09-01T22:04:06.365113+00:00,22,7,KRW-EDGE,0.00747464
2026-09-01T22:04:06.365113+00:00,22,7,KRW-ELF,0.00115274
2026-09-01T22:04:06.365113+00:00,22,7,KRW-AI,0.00369686
2026-09-01T22:04:06.365113+00:00,22,7,KRW-SNT,0.00221729
2026-09-01T22:04:06.365113+00:00,22,7,KRW-OPEN,0.00576369
2026-09-01T22:04:06.365113+00:00,22,7,KRW-SKR,0.00613497
2026-09-01T22:04:06.365113+00:00,22,7,KRW-MET2,0.00375235
2026-09-01T22:04:06.365113+00:00,22,7,KRW-FF,0.00766284
2026-09-01T22:04:06.365113+00:00,22,7,KRW-KAT,0.00482703
2026-09-01T22:04:06.365113+00:00,22,7,KRW-W,0.01481481
2026-09-01T22:04:06.365113+00:00,22,7,KRW-PENDLE,0.00159872
2026-09-01T22:04:06.365113+00:00,22,7,KRW-SPK,0.00362976
2026-09-01T22:04:06.365113+00:00,22,7,KRW-PYTH,0.00139958
2026-09-01T22:04:06.365113+00:00,22,7,KRW-STEEM,0.00169348
2026-09-01T22:04:06.365113+00:00,22,7,KRW-COW,0.01169591
2026-09-01T22:05:09.348874+00:00,22,7,KRW-SHIB,0.00140154
2026-09-01T22:05:09.348874+00:00,22,7,KRW-KAITO,0.00238379
2026-09-01T22:05:09.348874+00:00,22,7,KRW-SUI,0.00100050
2026-09-01T22:05:09.348874+00:00,22,7,KRW-MMT,0.00455581
2026-09-01T22:05:09.348874+00:00,22,7,KRW-LINK,0.00064412
2026-09-01T22:05:09.348874+00:00,22,7,KRW-PUMP,0.00332226
2026-09-01T22:05:09.348874+00:00,22,7,KRW-NEAR,0.00038117
2026-09-01T22:05:09.348874+00:00,22,7,KRW-ZBT,0.00858369
2026-09-01T22:05:09.348874+00:00,22,7,KRW-LA,0.00253165
2026-09-01T22:05:09.348874+00:00,22,7,KRW-CHIP,0.00161421
2026-09-01T22:05:09.348874+00:00,22,7,KRW-QUID,0.00109349
2026-09-01T22:05:09.348874+00:00,22,7,KRW-PENGU,0.00858369
2026-09-01T22:05:09.348874+00:00,22,7,KRW-AVAX,0.00099950
2026-09-01T22:05:09.348874+00:00,22,7,KRW-VIRTUAL,0.00211640
2026-09-01T22:05:09.348874+00:00,22,7,KRW-MOVE,0.00851064
2026-09-01T22:05:09.348874+00:00,22,7,KRW-UNI,0.00249532
2026-09-01T22:05:09.348874+00:00,22,7,KRW-PIEVERSE,0.00138985
2026-09-01T22:05:09.348874+00:00,22,7,KRW-PRL,0.00481928
2026-09-01T22:05:09.348874+00:00,22,7,KRW-HBAR,0.00975610
2026-09-01T22:05:09.348874+00:00,22,7,KRW-ONT,0.00267738
2026-09-01T22:05:09.348874+00:00,22,7,KRW-ENSO,0.00256739
2026-09-01T22:05:09.348874+00:00,22,7,KRW-XPL,0.00851064
2026-09-01T22:05:09.348874+00:00,22,7,KRW-SAHARA,0.00873362
2026-09-01T22:05:09.348874+00:00,22,7,KRW-AAVE,0.00171086
2026-09-01T22:05:09.348874+00:00,22,7,KRW-ARX,0.00586510
2026-09-01T22:05:09.348874+00:00,22,7,KRW-TRX,0.00222965
2026-09-01T22:05:09.348874+00:00,22,7,KRW-HOLO,0.00231750
2026-09-01T22:05:09.348874+00:00,22,7,KRW-WLFI,0.00254130
2026-09-01T22:05:09.348874+00:00,22,7,KRW-BCH,0.00146908
2026-09-01T22:05:09.348874+00:00,22,7,KRW-DATA,0.00383877
2026-09-01T22:05:09.348874+00:00,22,7,KRW-PLUME,0.00508906
2026-09-01T22:05:09.348874+00:00,22,7,KRW-ARB,0.00664452
2026-09-01T22:05:09.348874+00:00,22,7,KRW-STORJ,0.01192843
2026-09-01T22:05:09.348874+00:00,22,7,KRW-BONK,0.00174978
2026-09-01T22:05:09.348874+00:00,22,7,KRW-ETC,0.00398804
2026-09-01T22:05:09.348874+00:00,22,7,KRW-ESP,0.00896861
2026-09-01T22:05:09.348874+00:00,22,7,KRW-0G,0.00365631
2026-09-01T22:05:09.348874+00:00,22,7,KRW-META2,0.00878675
2026-09-01T22:05:09.348874+00:00,22,7,KRW-BSB,0.00692042
2026-09-01T22:05:09.348874+00:00,22,7,KRW-ERA,0.00125707
2026-09-01T22:05:09.348874+00:00,22,7,KRW-MIRA,0.00169348
2026-09-01T22:05:09.348874+00:00,22,7,KRW-SAND,0.00201410
2026-09-01T22:05:09.348874+00:00,22,7,KRW-PEPE,0.00208117
2026-09-01T22:05:09.348874+00:00,22,7,KRW-POL,0.00803213
2026-09-01T22:05:09.348874+00:00,22,7,KRW-STX,0.00280505
2026-09-01T22:05:09.348874+00:00,22,7,KRW-IRYS,0.00533333
2026-09-01T22:05:09.348874+00:00,22,7,KRW-AXS,0.00157604
2026-09-01T22:05:09.348874+00:00,22,7,KRW-TAO,0.00228870
2026-09-01T22:05:09.348874+00:00,22,7,KRW-ALGO,0.00823045
2026-09-01T22:05:09.348874+00:00,22,7,KRW-JTO,0.00338409
2026-09-01T22:05:09.348874+00:00,22,7,KRW-CC,0.01265823
2026-09-01T22:05:09.348874+00:00,22,7,KRW-BIRB,0.00381922
2026-09-01T22:05:09.348874+00:00,22,7,KRW-ME,0.00238663
2026-09-01T22:05:09.348874+00:00,22,7,KRW-SEI,0.00304878
2026-09-01T22:05:09.348874+00:00,22,7,KRW-ENS,0.00126823
2026-09-01T22:05:09.348874+00:00,22,7,KRW-ZRO,0.00215750
2026-09-01T22:05:09.348874+00:00,22,7,KRW-TRUMP,0.00063331
2026-09-01T22:05:09.348874+00:00,22,7,KRW-XEC,0.00211640
2026-09-01T22:05:09.348874+00:00,22,7,KRW-RVN,0.00255428
2026-09-01T22:05:09.348874+00:00,22,7,KRW-ZAMA,0.00436364
2026-09-01T22:05:09.348874+00:00,22,7,KRW-GEOD,0.00981997
2026-09-01T22:05:09.348874+00:00,22,7,KRW-AKT,0.00727273
2026-09-01T22:05:09.348874+00:00,22,7,KRW-FIL,0.00187091
2026-09-01T22:05:09.348874+00:00,22,7,KRW-APT,0.00395517
2026-09-01T22:05:09.348874+00:00,22,7,KRW-DRV,0.00501253
2026-09-01T22:05:09.348874+00:00,22,7,KRW-ID,0.00223964
2026-09-01T22:05:09.348874+00:00,22,7,KRW-SOON,0.00396040
2026-09-01T22:05:09.348874+00:00,22,7,KRW-O,0.00520156
2026-09-01T22:05:09.348874+00:00,22,7,KRW-AVNT,0.00706714
2026-09-01T22:05:09.348874+00:00,22,7,KRW-TREE,0.00185014
2026-09-01T22:05:09.348874+00:00,22,7,KRW-KITE,0.00589971
2026-09-01T22:05:09.348874+00:00,22,7,KRW-BLEND,0.00342270
2026-09-01T22:05:09.348874+00:00,22,7,KRW-MANTRA,0.00162206
2026-09-01T22:05:09.348874+00:00,22,7,KRW-CFG,0.00655738
2026-09-01T22:05:09.348874+00:00,22,7,KRW-GAS,0.00176835
2026-09-01T22:05:09.348874+00:00,22,7,KRW-BERA,0.00816327
2026-09-01T22:05:09.348874+00:00,22,7,KRW-MEGA,0.00192864
2026-09-01T22:05:09.348874+00:00,22,7,KRW-SOPH,0.00361011
2026-09-01T22:05:09.348874+00:00,22,7,KRW-UP2,0.00285307
2026-09-01T22:05:09.348874+00:00,22,7,KRW-ZORA,0.00930233
2026-09-01T22:05:09.348874+00:00,22,7,KRW-OPG,0.00738007
2026-09-01T22:05:09.348874+00:00,22,7,KRW-BSV,0.00324901
2026-09-01T22:05:09.348874+00:00,22,7,KRW-HYPER,0.00224467
2026-09-01T22:05:09.348874+00:00,22,7,KRW-TRAC,0.00438596
2026-09-01T22:05:09.348874+00:00,22,7,KRW-IN,0.00443459
2026-09-01T22:05:09.348874+00:00,22,7,KRW-ATH,0.00473560
2026-09-01T22:05:09.348874+00:00,22,7,KRW-ETHFI,0.00383387
2026-09-01T22:05:09.348874+00:00,22,7,KRW-MON,0.00272109
2026-09-01T22:05:09.348874+00:00,22,7,KRW-ZIL,0.00282087
2026-09-01T22:05:09.348874+00:00,22,7,KRW-B3,0.00474308
2026-09-01T22:05:09.348874+00:00,22,7,KRW-ELSA,0.00321027
2026-09-01T22:05:09.348874+00:00,22,7,KRW-JUP,0.00333890
2026-09-01T22:05:09.348874+00:00,22,7,KRW-SIGN,0.00803213
2026-09-01T22:05:09.348874+00:00,22,7,KRW-FLOCK,0.00408163
2026-09-01T22:05:09.348874+00:00,22,7,KRW-DEEP,0.00508906
2026-09-01T22:05:09.348874+00:00,22,7,KRW-G,0.00196271
2026-09-01T22:05:09.348874+00:00,22,7,KRW-INJ,0.00482703
2026-09-01T22:05:09.348874+00:00,22,7,KRW-VVV,0.00310904
2026-09-01T22:05:09.348874+00:00,22,7,KRW-BIGTIME,0.00224467
2026-09-01T22:05:09.348874+00:00,22,7,KRW-BIO,0.00283688
2026-09-01T22:05:09.348874+00:00,22,7,KRW-RENDER,0.00101368
2026-09-01T22:05:09.348874+00:00,22,7,KRW-BARD,0.01149425
2026-09-01T22:05:09.348874+00:00,22,7,KRW-CHZ,0.00539084
2026-09-01T22:05:09.348874+00:00,22,7,KRW-LSK,0.01459854
2026-09-01T22:05:09.348874+00:00,22,7,KRW-CRO,0.00131492
2026-09-01T22:05:09.348874+00:00,22,7,KRW-VANA,0.00244598
2026-09-01T22:05:09.348874+00:00,22,7,KRW-LAYER,0.00213220
2026-09-01T22:05:09.348874+00:00,22,7,KRW-RED,0.00626959
2026-09-01T22:05:09.348874+00:00,22,7,KRW-DOT,0.00250104
2026-09-01T22:05:09.348874+00:00,22,7,KRW-ATOM,0.00197141
2026-09-01T22:05:09.348874+00:00,22,7,KRW-DOOD,0.00544959
2026-09-01T22:05:09.348874+00:00,22,7,KRW-XAUT,0.00182952
2026-09-01T22:05:09.348874+00:00,22,7,KRW-BORA,0.00668896
2026-09-01T22:05:09.348874+00:00,22,7,KRW-AWE,0.00234742
2026-09-01T22:05:09.348874+00:00,22,7,KRW-WAVES,0.00330579
2026-09-01T22:05:09.348874+00:00,22,7,KRW-ZKP,0.00493827
2026-09-01T22:05:09.348874+00:00,22,7,KRW-EDGE,0.00747464
2026-09-01T22:05:09.348874+00:00,22,7,KRW-ELF,0.00115274
2026-09-01T22:05:09.348874+00:00,22,7,KRW-AI,0.00369686
2026-09-01T22:05:09.348874+00:00,22,7,KRW-SNT,0.00442968
2026-09-01T22:05:09.348874+00:00,22,7,KRW-OPEN,0.00576369
2026-09-01T22:05:09.348874+00:00,22,7,KRW-SKR,0.00613497
2026-09-01T22:05:09.348874+00:00,22,7,KRW-MET2,0.00375235
2026-09-01T22:05:09.348874+00:00,22,7,KRW-FF,0.00760456
2026-09-01T22:05:09.348874+00:00,22,7,KRW-KAT,0.00482703
2026-09-01T22:05:09.348874+00:00,22,7,KRW-W,0.01481481
2026-09-01T22:05:09.348874+00:00,22,7,KRW-PENDLE,0.00159872
2026-09-01T22:05:09.348874+00:00,22,7,KRW-SPK,0.00362976
2026-09-01T22:05:09.348874+00:00,22,7,KRW-PYTH,0.00139567
2026-09-01T22:05:09.348874+00:00,22,7,KRW-STEEM,0.00169348
2026-09-01T22:05:09.348874+00:00,22,7,KRW-COW,0.01169591
2026-09-01T22:06:12.144542+00:00,22,7,KRW-SHIB,0.00140351
2026-09-01T22:06:12.144542+00:00,22,7,KRW-KAITO,0.00238379
2026-09-01T22:06:12.144542+00:00,22,7,KRW-SUI,0.00100150
2026-09-01T22:06:12.144542+00:00,22,7,KRW-MMT,0.00453515
2026-09-01T22:06:12.144542+00:00,22,7,KRW-LINK,0.00128866
2026-09-01T22:06:12.144542+00:00,22,7,KRW-PUMP,0.00332779
2026-09-01T22:06:12.144542+00:00,22,7,KRW-NEAR,0.00076394
2026-09-01T22:06:12.144542+00:00,22,7,KRW-ZBT,0.00858369
2026-09-01T22:06:12.144542+00:00,22,7,KRW-LA,0.00252845
2026-09-01T22:06:12.144542+00:00,22,7,KRW-CHIP,0.00321543
2026-09-01T22:06:12.144542+00:00,22,7,KRW-QUID,0.00109349
2026-09-01T22:06:12.144542+00:00,22,7,KRW-PENGU,0.00858369
2026-09-01T22:06:12.144542+00:00,22,7,KRW-AVAX,0.00050038
2026-09-01T22:06:12.144542+00:00,22,7,KRW-VIRTUAL,0.00211864
2026-09-01T22:06:12.144542+00:00,22,7,KRW-MOVE,0.00851064
2026-09-01T22:06:12.144542+00:00,22,7,KRW-UNI,0.00187207
2026-09-01T22:06:12.144542+00:00,22,7,KRW-PIEVERSE,0.00138985
2026-09-01T22:06:12.144542+00:00,22,7,KRW-PRL,0.00481928
2026-09-01T22:06:12.144542+00:00,22,7,KRW-HBAR,0.00975610
2026-09-01T22:06:12.144542+00:00,22,7,KRW-ONT,0.00401875
2026-09-01T22:06:12.144542+00:00,22,7,KRW-ENSO,0.00171086
2026-09-01T22:06:12.144542+00:00,22,7,KRW-XPL,0.00851064
2026-09-01T22:06:12.144542+00:00,22,7,KRW-SAHARA,0.00873362
2026-09-01T22:06:12.144542+00:00,22,7,KRW-AAVE,0.00114090
2026-09-01T22:06:12.144542+00:00,22,7,KRW-ARX,0.00586510
2026-09-01T22:06:12.144542+00:00,22,7,KRW-TRX,0.00223464
2026-09-01T22:06:12.144542+00:00,22,7,KRW-HOLO,0.00231750
2026-09-01T22:06:12.144542+00:00,22,7,KRW-WLFI,0.00127146
2026-09-01T22:06:12.144542+00:00,22,7,KRW-BCH,0.00088170
2026-09-01T22:06:12.144542+00:00,22,7,KRW-DATA,0.00383877
2026-09-01T22:06:12.144542+00:00,22,7,KRW-PLUME,0.00508906
2026-09-01T22:06:12.144542+00:00,22,7,KRW-ARB,0.00664452
2026-09-01T22:06:12.144542+00:00,22,7,KRW-STORJ,0.00527704
2026-09-01T22:06:12.144542+00:00,22,7,KRW-BONK,0.00174672
2026-09-01T22:06:12.144542+00:00,22,7,KRW-ETC,0.00299252
2026-09-01T22:06:12.144542+00:00,22,7,KRW-ESP,0.00896861
2026-09-01T22:06:12.144542+00:00,22,7,KRW-0G,0.00365631
2026-09-01T22:06:12.144542+00:00,22,7,KRW-META2,0.00946586
2026-09-01T22:06:12.144542+00:00,22,7,KRW-BSB,0.00692042
2026-09-01T22:06:12.144542+00:00,22,7,KRW-ERA,0.00125549
2026-09-01T22:06:12.144542+00:00,22,7,KRW-MIRA,0.00169062
2026-09-01T22:06:12.144542+00:00,22,7,KRW-SAND,0.00201005
2026-09-01T22:06:12.144542+00:00,22,7,KRW-PEPE,0.00208117
2026-09-01T22:06:12.144542+00:00,22,7,KRW-POL,0.00803213
2026-09-01T22:06:12.144542+00:00,22,7,KRW-STX,0.00280505
2026-09-01T22:06:12.144542+00:00,22,7,KRW-IRYS,0.00533333
2026-09-01T22:06:12.144542+00:00,22,7,KRW-AXS,0.00157604
2026-09-01T22:06:12.144542+00:00,22,7,KRW-TAO,0.00163532
2026-09-01T22:06:12.144542+00:00,22,7,KRW-ALGO,0.00823045
2026-09-01T22:06:12.144542+00:00,22,7,KRW-JTO,0.00169348
2026-09-01T22:06:12.144542+00:00,22,7,KRW-CC,0.00634921
2026-09-01T22:06:12.144542+00:00,22,7,KRW-BIRB,0.00254777
2026-09-01T22:06:12.144542+00:00,22,7,KRW-ME,0.00238663
2026-09-01T22:06:12.144542+00:00,22,7,KRW-SEI,0.00152555
2026-09-01T22:06:12.144542+00:00,22,7,KRW-ENS,0.00063432
2026-09-01T22:06:12.144542+00:00,22,7,KRW-ZRO,0.00288184
2026-09-01T22:06:12.144542+00:00,22,7,KRW-TRUMP,0.00063412
2026-09-01T22:06:12.144542+00:00,22,7,KRW-XEC,0.00211640
2026-09-01T22:06:12.144542+00:00,22,7,KRW-RVN,0.00255428
2026-09-01T22:06:12.144542+00:00,22,7,KRW-ZAMA,0.00436364
2026-09-01T22:06:12.144542+00:00,22,7,KRW-GEOD,0.00981997
2026-09-01T22:06:12.144542+00:00,22,7,KRW-AKT,0.00727273
2026-09-01T22:06:12.144542+00:00,22,7,KRW-FIL,0.00281294
2026-09-01T22:06:12.144542+00:00,22,7,KRW-APT,0.00263852
2026-09-01T22:06:12.144542+00:00,22,7,KRW-DRV,0.00501253
2026-09-01T22:06:12.144542+00:00,22,7,KRW-ID,0.00223964
2026-09-01T22:06:12.144542+00:00,22,7,KRW-SOON,0.00396040
2026-09-01T22:06:12.144542+00:00,22,7,KRW-O,0.00389864
2026-09-01T22:06:12.144542+00:00,22,7,KRW-AVNT,0.00706714
2026-09-01T22:06:12.144542+00:00,22,7,KRW-TREE,0.00185357
2026-09-01T22:06:12.144542+00:00,22,7,KRW-KITE,0.00589971
2026-09-01T22:06:12.144542+00:00,22,7,KRW-BLEND,0.00342270
2026-09-01T22:06:12.144542+00:00,22,7,KRW-MANTRA,0.00162206
2026-09-01T22:06:12.144542+00:00,22,7,KRW-CFG,0.00655738
2026-09-01T22:06:12.144542+00:00,22,7,KRW-GAS,0.00176835
2026-09-01T22:06:12.144542+00:00,22,7,KRW-BERA,0.00816327
2026-09-01T22:06:12.144542+00:00,22,7,KRW-MEGA,0.00385356
2026-09-01T22:06:12.144542+00:00,22,7,KRW-SOPH,0.00361011
2026-09-01T22:06:12.144542+00:00,22,7,KRW-UP2,0.00284495
2026-09-01T22:06:12.144542+00:00,22,7,KRW-ZORA,0.00930233
2026-09-01T22:06:12.144542+00:00,22,7,KRW-OPG,0.00738007
2026-09-01T22:06:12.144542+00:00,22,7,KRW-BSV,0.00324901
2026-09-01T22:06:12.144542+00:00,22,7,KRW-HYPER,0.00224467
2026-09-01T22:06:12.144542+00:00,22,7,KRW-TRAC,0.00438596
2026-09-01T22:06:12.144542+00:00,22,7,KRW-IN,0.00443459
2026-09-01T22:06:12.144542+00:00,22,7,KRW-ATH,0.00473560
2026-09-01T22:06:12.144542+00:00,22,7,KRW-ETHFI,0.00383387
2026-09-01T22:06:12.144542+00:00,22,7,KRW-MON,0.00544959
2026-09-01T22:06:12.144542+00:00,22,7,KRW-ZIL,0.00282087
2026-09-01T22:06:12.144542+00:00,22,7,KRW-B3,0.00474308
2026-09-01T22:06:12.144542+00:00,22,7,KRW-ELSA,0.00321027
2026-09-01T22:06:12.144542+00:00,22,7,KRW-JUP,0.00333890
2026-09-01T22:06:12.144542+00:00,22,7,KRW-SIGN,0.00803213
2026-09-01T22:06:12.144542+00:00,22,7,KRW-FLOCK,0.00204290
2026-09-01T22:06:12.144542+00:00,22,7,KRW-DEEP,0.00508906
2026-09-01T22:06:12.144542+00:00,22,7,KRW-G,0.00196271
2026-09-01T22:06:12.144542+00:00,22,7,KRW-INJ,0.00482703
2026-09-01T22:06:12.144542+00:00,22,7,KRW-VVV,0.00266785
2026-09-01T22:06:12.144542+00:00,22,7,KRW-BIGTIME,0.00224467
2026-09-01T22:06:12.144542+00:00,22,7,KRW-BIO,0.00283688
2026-09-01T22:06:12.144542+00:00,22,7,KRW-RENDER,0.00101368
2026-09-01T22:06:12.144542+00:00,22,7,KRW-BARD,0.00573066
2026-09-01T22:06:12.144542+00:00,22,7,KRW-CHZ,0.00539084
2026-09-01T22:06:12.144542+00:00,22,7,KRW-LSK,0.01459854
2026-09-01T22:06:12.144542+00:00,22,7,KRW-CRO,0.00131492
2026-09-01T22:06:12.144542+00:00,22,7,KRW-VANA,0.00244598
2026-09-01T22:06:12.144542+00:00,22,7,KRW-LAYER,0.00106553
2026-09-01T22:06:12.144542+00:00,22,7,KRW-RED,0.00626959
2026-09-01T22:06:12.144542+00:00,22,7,KRW-DOT,0.00166945
2026-09-01T22:06:12.144542+00:00,22,7,KRW-ATOM,0.00147893
2026-09-01T22:06:12.144542+00:00,22,7,KRW-DOOD,0.00544959
2026-09-01T22:06:12.144542+00:00,22,7,KRW-XAUT,0.00199667
2026-09-01T22:06:12.144542+00:00,22,7,KRW-BORA,0.00668896
2026-09-01T22:06:12.144542+00:00,22,7,KRW-AWE,0.00117440
2026-09-01T22:06:12.144542+00:00,22,7,KRW-WAVES,0.00660066
2026-09-01T22:06:12.144542+00:00,22,7,KRW-ZKP,0.00164880
2026-09-01T22:06:12.144542+00:00,22,7,KRW-EDGE,0.00212993
2026-09-01T22:06:12.144542+00:00,22,7,KRW-ELF,0.00115274
2026-09-01T22:06:12.144542+00:00,22,7,KRW-AI,0.00369686
2026-09-01T22:06:12.144542+00:00,22,7,KRW-SNT,0.00442968
2026-09-01T22:06:12.144542+00:00,22,7,KRW-OPEN,0.00576369
2026-09-01T22:06:12.144542+00:00,22,7,KRW-SKR,0.00307220
2026-09-01T22:06:12.144542+00:00,22,7,KRW-MET2,0.00375235
2026-09-01T22:06:12.144542+00:00,22,7,KRW-FF,0.00766284
2026-09-01T22:06:12.144542+00:00,22,7,KRW-KAT,0.00322061
2026-09-01T22:06:12.144542+00:00,22,7,KRW-W,0.01481481
2026-09-01T22:06:12.144542+00:00,22,7,KRW-PENDLE,0.00159872
2026-09-01T22:06:12.144542+00:00,22,7,KRW-SPK,0.00362976
2026-09-01T22:06:12.144542+00:00,22,7,KRW-PYTH,0.00278940
2026-09-01T22:06:12.144542+00:00,22,7,KRW-STEEM,0.00169348
2026-09-01T22:06:12.144542+00:00,22,7,KRW-COW,0.01169591
2026-09-01T22:07:14.857552+00:00,22,7,KRW-SHIB,0.00280899
2026-09-01T22:07:14.857552+00:00,22,7,KRW-KAITO,0.00238949
2026-09-01T22:07:14.857552+00:00,22,7,KRW-SUI,0.00200401
2026-09-01T22:07:14.857552+00:00,22,7,KRW-MMT,0.00455581
2026-09-01T22:07:14.857552+00:00,22,7,KRW-LINK,0.00064454
2026-09-01T22:07:14.857552+00:00,22,7,KRW-PUMP,0.00332779
2026-09-01T22:07:14.857552+00:00,22,7,KRW-NEAR,0.00076423
2026-09-01T22:07:14.857552+00:00,22,7,KRW-ZBT,0.00858369
2026-09-01T22:07:14.857552+00:00,22,7,KRW-LA,0.00253485
2026-09-01T22:07:14.857552+00:00,22,7,KRW-CHIP,0.00322061
2026-09-01T22:07:14.857552+00:00,22,7,KRW-QUID,0.00109349
2026-09-01T22:07:14.857552+00:00,22,7,KRW-PENGU,0.00858369
2026-09-01T22:07:14.857552+00:00,22,7,KRW-AVAX,0.00100100
2026-09-01T22:07:14.857552+00:00,22,7,KRW-VIRTUAL,0.00106101
2026-09-01T22:07:14.857552+00:00,22,7,KRW-MOVE,0.00851064
2026-09-01T22:07:14.857552+00:00,22,7,KRW-UNI,0.00187207
2026-09-01T22:07:14.857552+00:00,22,7,KRW-PIEVERSE,0.00138985
2026-09-01T22:07:14.857552+00:00,22,7,KRW-PRL,0.00481928
2026-09-01T22:07:14.857552+00:00,22,7,KRW-HBAR,0.00975610
2026-09-01T22:07:14.857552+00:00,22,7,KRW-ONT,0.00401875
2026-09-01T22:07:14.857552+00:00,22,7,KRW-ENSO,0.00171233
2026-09-01T22:07:14.857552+00:00,22,7,KRW-XPL,0.00851064
2026-09-01T22:07:14.857552+00:00,22,7,KRW-SAHARA,0.00873362
2026-09-01T22:07:14.857552+00:00,22,7,KRW-AAVE,0.00114090
2026-09-01T22:07:14.857552+00:00,22,7,KRW-ARX,0.00586510
2026-09-01T22:07:14.857552+00:00,22,7,KRW-TRX,0.00223464
2026-09-01T22:07:14.857552+00:00,22,7,KRW-HOLO,0.00231481
2026-09-01T22:07:14.857552+00:00,22,7,KRW-WLFI,0.00127146
2026-09-01T22:07:14.857552+00:00,22,7,KRW-BCH,0.00029373
2026-09-01T22:07:14.857552+00:00,22,7,KRW-DATA,0.00383877
2026-09-01T22:07:14.857552+00:00,22,7,KRW-PLUME,0.00511509
2026-09-01T22:07:14.857552+00:00,22,7,KRW-ARB,0.00668896
2026-09-01T22:07:14.857552+00:00,22,7,KRW-STORJ,0.01177240
2026-09-01T22:07:14.857552+00:00,22,7,KRW-BONK,0.00173762
2026-09-01T22:07:14.857552+00:00,22,7,KRW-ETC,0.00299252
2026-09-01T22:07:14.857552+00:00,22,7,KRW-ESP,0.00888889
2026-09-01T22:07:14.857552+00:00,22,7,KRW-0G,0.00365631
2026-09-01T22:07:14.857552+00:00,22,7,KRW-META2,0.00879270
2026-09-01T22:07:14.857552+00:00,22,7,KRW-BSB,0.00692042
2026-09-01T22:07:14.857552+00:00,22,7,KRW-ERA,0.00125707
2026-09-01T22:07:14.857552+00:00,22,7,KRW-MIRA,0.00169062
2026-09-01T22:07:14.857552+00:00,22,7,KRW-SAND,0.00200602
2026-09-01T22:07:14.857552+00:00,22,7,KRW-PEPE,0.00208551
2026-09-01T22:07:14.857552+00:00,22,7,KRW-POL,0.00809717
2026-09-01T22:07:14.857552+00:00,22,7,KRW-STX,0.00280505
2026-09-01T22:07:14.857552+00:00,22,7,KRW-IRYS,0.00533333
2026-09-01T22:07:14.857552+00:00,22,7,KRW-AXS,0.00236500
2026-09-01T22:07:14.857552+00:00,22,7,KRW-TAO,0.00098119
2026-09-01T22:07:14.857552+00:00,22,7,KRW-ALGO,0.00823045
2026-09-01T22:07:14.857552+00:00,22,7,KRW-JTO,0.00338409
2026-09-01T22:07:14.857552+00:00,22,7,KRW-CC,0.00634921
2026-09-01T22:07:14.857552+00:00,22,7,KRW-BIRB,0.00254777
2026-09-01T22:07:14.857552+00:00,22,7,KRW-ME,0.00238949
2026-09-01T22:07:14.857552+00:00,22,7,KRW-SEI,0.00305344
2026-09-01T22:07:14.857552+00:00,22,7,KRW-ENS,0.00190416
2026-09-01T22:07:14.857552+00:00,22,7,KRW-ZRO,0.00359842
2026-09-01T22:07:14.857552+00:00,22,7,KRW-TRUMP,0.00158453
2026-09-01T22:07:14.857552+00:00,22,7,KRW-XEC,0.00211640
2026-09-01T22:07:14.857552+00:00,22,7,KRW-RVN,0.00254777
2026-09-01T22:07:14.857552+00:00,22,7,KRW-ZAMA,0.00436364
2026-09-01T22:07:14.857552+00:00,22,7,KRW-GEOD,0.00981997
2026-09-01T22:07:14.857552+00:00,22,7,KRW-AKT,0.00727273
2026-09-01T22:07:14.857552+00:00,22,7,KRW-FIL,0.00094029
2026-09-01T22:07:14.857552+00:00,22,7,KRW-APT,0.00264201
2026-09-01T22:07:14.857552+00:00,22,7,KRW-DRV,0.00501253
2026-09-01T22:07:14.857552+00:00,22,7,KRW-ID,0.00448430
2026-09-01T22:07:14.857552+00:00,22,7,KRW-SOON,0.00396040
2026-09-01T22:07:14.857552+00:00,22,7,KRW-O,0.00390371
2026-09-01T22:07:14.857552+00:00,22,7,KRW-AVNT,0.00706714
2026-09-01T22:07:14.857552+00:00,22,7,KRW-TREE,0.00370370
2026-09-01T22:07:14.857552+00:00,22,7,KRW-KITE,0.00593472
2026-09-01T22:07:14.857552+00:00,22,7,KRW-BLEND,0.00342270
2026-09-01T22:07:14.857552+00:00,22,7,KRW-MANTRA,0.00162206
2026-09-01T22:07:14.857552+00:00,22,7,KRW-CFG,0.00655738
2026-09-01T22:07:14.857552+00:00,22,7,KRW-GAS,0.00235849
2026-09-01T22:07:14.857552+00:00,22,7,KRW-BERA,0.00408998
2026-09-01T22:07:14.857552+00:00,22,7,KRW-MEGA,0.00192864
2026-09-01T22:07:14.857552+00:00,22,7,KRW-SOPH,0.00361011
2026-09-01T22:07:14.857552+00:00,22,7,KRW-UP2,0.00284495
2026-09-01T22:07:14.857552+00:00,22,7,KRW-ZORA,0.00921659
2026-09-01T22:07:14.857552+00:00,22,7,KRW-OPG,0.00738007
2026-09-01T22:07:14.857552+00:00,22,7,KRW-BSV,0.00324901
2026-09-01T22:07:14.857552+00:00,22,7,KRW-HYPER,0.00337268
2026-09-01T22:07:14.857552+00:00,22,7,KRW-TRAC,0.00438596
2026-09-01T22:07:14.857552+00:00,22,7,KRW-IN,0.00443459
2026-09-01T22:07:14.857552+00:00,22,7,KRW-ATH,0.00315956
2026-09-01T22:07:14.857552+00:00,22,7,KRW-ETHFI,0.00127959
2026-09-01T22:07:14.857552+00:00,22,7,KRW-MON,0.00272109
2026-09-01T22:07:14.857552+00:00,22,7,KRW-ZIL,0.00563380
2026-09-01T22:07:14.857552+00:00,22,7,KRW-B3,0.00474308
2026-09-01T22:07:14.857552+00:00,22,7,KRW-ELSA,0.00321027
2026-09-01T22:07:14.857552+00:00,22,7,KRW-JUP,0.00333890
2026-09-01T22:07:14.857552+00:00,22,7,KRW-SIGN,0.00803213
2026-09-01T22:07:14.857552+00:00,22,7,KRW-FLOCK,0.00204290
2026-09-01T22:07:14.857552+00:00,22,7,KRW-DEEP,0.01020408
2026-09-01T22:07:14.857552+00:00,22,7,KRW-G,0.00196271
2026-09-01T22:07:14.857552+00:00,22,7,KRW-INJ,0.00080289
2026-09-01T22:07:14.857552+00:00,22,7,KRW-VVV,0.00355872
2026-09-01T22:07:14.857552+00:00,22,7,KRW-BIGTIME,0.00112296
2026-09-01T22:07:14.857552+00:00,22,7,KRW-BIO,0.00283688
2026-09-01T22:07:14.857552+00:00,22,7,KRW-RENDER,0.00202943
2026-09-01T22:07:14.857552+00:00,22,7,KRW-BARD,0.00576369
2026-09-01T22:07:14.857552+00:00,22,7,KRW-CHZ,0.00539084
2026-09-01T22:07:14.857552+00:00,22,7,KRW-LSK,0.01459854
2026-09-01T22:07:14.857552+00:00,22,7,KRW-CRO,0.00131492
2026-09-01T22:07:14.857552+00:00,22,7,KRW-VANA,0.00325733
2026-09-01T22:07:14.857552+00:00,22,7,KRW-LAYER,0.00213220
2026-09-01T22:07:14.857552+00:00,22,7,KRW-RED,0.00623053
2026-09-01T22:07:14.857552+00:00,22,7,KRW-DOT,0.00334448
2026-09-01T22:07:14.857552+00:00,22,7,KRW-ATOM,0.00147893
2026-09-01T22:07:14.857552+00:00,22,7,KRW-DOOD,0.00544959
2026-09-01T22:07:14.857552+00:00,22,7,KRW-XAUT,0.00183044
2026-09-01T22:07:14.857552+00:00,22,7,KRW-BORA,0.00668896
2026-09-01T22:07:14.857552+00:00,22,7,KRW-AWE,0.00117440
2026-09-01T22:07:14.857552+00:00,22,7,KRW-WAVES,0.00660066
2026-09-01T22:07:14.857552+00:00,22,7,KRW-ZKP,0.00329489
2026-09-01T22:07:14.857552+00:00,22,7,KRW-EDGE,0.00212993
2026-09-01T22:07:14.857552+00:00,22,7,KRW-ELF,0.00345423
2026-09-01T22:07:14.857552+00:00,22,7,KRW-AI,0.00369686
2026-09-01T22:07:14.857552+00:00,22,7,KRW-SNT,0.00442968
2026-09-01T22:07:14.857552+00:00,22,7,KRW-OPEN,0.00576369
2026-09-01T22:07:14.857552+00:00,22,7,KRW-SKR,0.00613497
2026-09-01T22:07:14.857552+00:00,22,7,KRW-MET2,0.00375235
2026-09-01T22:07:14.857552+00:00,22,7,KRW-FF,0.01526718
2026-09-01T22:07:14.857552+00:00,22,7,KRW-KAT,0.00322061
2026-09-01T22:07:14.857552+00:00,22,7,KRW-W,0.00743494
2026-09-01T22:07:14.857552+00:00,22,7,KRW-PENDLE,0.00120072
2026-09-01T22:07:14.857552+00:00,22,7,KRW-SPK,0.00362976
2026-09-01T22:07:14.857552+00:00,22,7,KRW-PYTH,0.00139373
2026-09-01T22:07:14.857552+00:00,22,7,KRW-STEEM,0.00169348
2026-09-01T22:07:14.857552+00:00,22,7,KRW-COW,0.01169591
2026-09-02T00:05:00.996646+00:00,0,9,KRW-SHIB,0.00281294
2026-09-02T00:05:00.996646+00:00,0,9,KRW-KAITO,0.00475059
2026-09-02T00:05:00.996646+00:00,0,9,KRW-SUI,0.00100251
2026-09-02T00:05:00.996646+00:00,0,9,KRW-MMT,0.00457666
2026-09-02T00:05:00.996646+00:00,0,9,KRW-LINK,0.00064371
2026-09-02T00:05:00.996646+00:00,0,9,KRW-PUMP,0.00164880
2026-09-02T00:05:00.996646+00:00,0,9,KRW-NEAR,0.00153492
2026-09-02T00:05:00.996646+00:00,0,9,KRW-ZBT,0.00865801
2026-09-02T00:05:00.996646+00:00,0,9,KRW-LA,0.00124611
2026-09-02T00:05:00.996646+00:00,0,9,KRW-CHIP,0.00164880
2026-09-02T00:05:00.996646+00:00,0,9,KRW-QUID,0.00557724
2026-09-02T00:05:00.996646+00:00,0,9,KRW-PENGU,0.00851064
2026-09-02T00:05:00.996646+00:00,0,9,KRW-AVAX,0.00100150
2026-09-02T00:05:00.996646+00:00,0,9,KRW-VIRTUAL,0.00317965
2026-09-02T00:05:00.996646+00:00,0,9,KRW-MOVE,0.00851064
2026-09-02T00:05:00.996646+00:00,0,9,KRW-UNI,0.00248139
2026-09-02T00:05:00.996646+00:00,0,9,KRW-PIEVERSE,0.00206683
2026-09-02T00:05:00.996646+00:00,0,9,KRW-PRL,0.00481928
2026-09-02T00:05:00.996646+00:00,0,9,KRW-HBAR,0.00975610
2026-09-02T00:05:00.996646+00:00,0,9,KRW-ONT,0.00266312
2026-09-02T00:05:00.996646+00:00,0,9,KRW-ENSO,0.00170940
2026-09-02T00:05:00.996646+00:00,0,9,KRW-XPL,0.00873362
2026-09-02T00:05:00.996646+00:00,0,9,KRW-SAHARA,0.00881057
2026-09-02T00:05:00.996646+00:00,0,9,KRW-AAVE,0.00170213
2026-09-02T00:05:00.996646+00:00,0,9,KRW-ARX,0.00589971
2026-09-02T00:05:00.996646+00:00,0,9,KRW-TRX,0.00224467
2026-09-02T00:05:00.996646+00:00,0,9,KRW-HOLO,0.00460829
2026-09-02T00:05:00.996646+00:00,0,9,KRW-WLFI,0.00253807
2026-09-02T00:05:00.996646+00:00,0,9,KRW-BCH,0.00117716
2026-09-02T00:05:00.996646+00:00,0,9,KRW-DATA,0.00375235
2026-09-02T00:05:00.996646+00:00,0,9,KRW-PLUME,0.00511509
2026-09-02T00:05:00.996646+00:00,0,9,KRW-ARB,0.00660066
2026-09-02T00:05:00.996646+00:00,0,9,KRW-STORJ,0.00646412
2026-09-02T00:05:00.996646+00:00,0,9,KRW-BONK,0.00330579
2026-09-02T00:05:00.996646+00:00,0,9,KRW-ETC,0.00199601
2026-09-02T00:05:00.996646+00:00,0,9,KRW-ESP,0.00865801
2026-09-02T00:05:00.996646+00:00,0,9,KRW-0G,0.00364299
2026-09-02T00:05:00.996646+00:00,0,9,KRW-META2,0.01200801
2026-09-02T00:05:00.996646+00:00,0,9,KRW-BSB,0.00692042
2026-09-02T00:05:00.996646+00:00,0,9,KRW-ERA,0.00251256
2026-09-02T00:05:00.996646+00:00,0,9,KRW-MIRA,0.00167645
2026-09-02T00:05:00.996646+00:00,0,9,KRW-SAND,0.00603015
2026-09-02T00:05:00.996646+00:00,0,9,KRW-PEPE,0.00208117
2026-09-02T00:05:00.996646+00:00,0,9,KRW-POL,0.00803213
2026-09-02T00:05:00.996646+00:00,0,9,KRW-STX,0.00285307
2026-09-02T00:05:00.996646+00:00,0,9,KRW-IRYS,0.00536193
2026-09-02T00:05:00.996646+00:00,0,9,KRW-AXS,0.00158730
2026-09-02T00:05:00.996646+00:00,0,9,KRW-TAO,0.00131406
2026-09-02T00:05:00.996646+00:00,0,9,KRW-ALGO,0.00816327
2026-09-02T00:05:00.996646+00:00,0,9,KRW-JTO,0.00171380
2026-09-02T00:05:00.996646+00:00,0,9,KRW-CC,0.00638978
2026-09-02T00:05:00.996646+00:00,0,9,KRW-BIRB,0.00251889
2026-09-02T00:05:00.996646+00:00,0,9,KRW-ME,0.00357782
2026-09-02T00:05:00.996646+00:00,0,9,KRW-SEI,0.00309119
2026-09-02T00:05:00.996646+00:00,0,9,KRW-ENS,0.00126904
2026-09-02T00:05:00.996646+00:00,0,9,KRW-ZRO,0.00424929
2026-09-02T00:05:00.996646+00:00,0,9,KRW-TRUMP,0.00095435
2026-09-02T00:05:00.996646+00:00,0,9,KRW-XEC,0.00211416
2026-09-02T00:05:00.996646+00:00,0,9,KRW-RVN,0.00766284
2026-09-02T00:05:00.996646+00:00,0,9,KRW-ZAMA,0.00290698
2026-09-02T00:05:00.996646+00:00,0,9,KRW-GEOD,0.01001669
2026-09-02T00:05:00.996646+00:00,0,9,KRW-AKT,0.00435730
2026-09-02T00:05:00.996646+00:00,0,9,KRW-FIL,0.00186393
2026-09-02T00:05:00.996646+00:00,0,9,KRW-APT,0.00132714
2026-09-02T00:05:00.996646+00:00,0,9,KRW-DRV,0.00508906
2026-09-02T00:05:00.996646+00:00,0,9,KRW-ID,0.00444444
2026-09-02T00:05:00.996646+00:00,0,9,KRW-SOON,0.00394477
2026-09-02T00:05:00.996646+00:00,0,9,KRW-O,0.00518135
2026-09-02T00:05:00.996646+00:00,0,9,KRW-AVNT,0.00701754
2026-09-02T00:05:00.996646+00:00,0,9,KRW-TREE,0.00552995
2026-09-02T00:05:00.996646+00:00,0,9,KRW-KITE,0.00586510
2026-09-02T00:05:00.996646+00:00,0,9,KRW-BLEND,0.00346620
2026-09-02T00:05:00.996646+00:00,0,9,KRW-MANTRA,0.00161943
2026-09-02T00:05:00.996646+00:00,0,9,KRW-CFG,0.00651466
2026-09-02T00:05:00.996646+00:00,0,9,KRW-GAS,0.00235988
2026-09-02T00:05:00.996646+00:00,0,9,KRW-BERA,0.00407332
2026-09-02T00:05:00.996646+00:00,0,9,KRW-MEGA,0.00386847
2026-09-02T00:05:00.996646+00:00,0,9,KRW-SOPH,0.00595238
2026-09-02T00:05:00.996646+00:00,0,9,KRW-UP2,0.00286533
2026-09-02T00:05:00.996646+00:00,0,9,KRW-ZORA,0.00938967
2026-09-02T00:05:00.996646+00:00,0,9,KRW-OPG,0.00732601
2026-09-02T00:05:00.996646+00:00,0,9,KRW-BSV,0.00278164
2026-09-02T00:05:00.996646+00:00,0,9,KRW-HYPER,0.00336511
2026-09-02T00:05:00.996646+00:00,0,9,KRW-TRAC,0.00660066
2026-09-02T00:05:00.996646+00:00,0,9,KRW-IN,0.00443459
2026-09-02T00:05:00.996646+00:00,0,9,KRW-ATH,0.00473560
2026-09-02T00:05:00.996646+00:00,0,9,KRW-ETHFI,0.00257069
2026-09-02T00:05:00.996646+00:00,0,9,KRW-MON,0.00546448
2026-09-02T00:05:00.996646+00:00,0,9,KRW-ZIL,0.01398601
2026-09-02T00:05:00.996646+00:00,0,9,KRW-B3,0.00158856
2026-09-02T00:05:00.996646+00:00,0,9,KRW-ELSA,0.00159872
2026-09-02T00:05:00.996646+00:00,0,9,KRW-JUP,0.00339559
2026-09-02T00:05:00.996646+00:00,0,9,KRW-SIGN,0.00809717
2026-09-02T00:05:00.996646+00:00,0,9,KRW-FLOCK,0.00414938
2026-09-02T00:05:00.996646+00:00,0,9,KRW-DEEP,0.00508906
2026-09-02T00:05:00.996646+00:00,0,9,KRW-G,0.00188857
2026-09-02T00:05:00.996646+00:00,0,9,KRW-INJ,0.00328407
2026-09-02T00:05:00.996646+00:00,0,9,KRW-VVV,0.00354610
2026-09-02T00:05:00.996646+00:00,0,9,KRW-BIGTIME,0.00224467
2026-09-02T00:05:00.996646+00:00,0,9,KRW-BIO,0.00566572
2026-09-02T00:05:00.996646+00:00,0,9,KRW-RENDER,0.00203046
2026-09-02T00:05:00.996646+00:00,0,9,KRW-BARD,0.00579710
2026-09-02T00:05:00.996646+00:00,0,9,KRW-CHZ,0.00539084
2026-09-02T00:05:00.996646+00:00,0,9,KRW-LSK,0.01438849
2026-09-02T00:05:00.996646+00:00,0,9,KRW-CRO,0.00394997
2026-09-02T00:05:00.996646+00:00,0,9,KRW-VANA,0.00243210
2026-09-02T00:05:00.996646+00:00,0,9,KRW-LAYER,0.00316623
2026-09-02T00:05:00.996646+00:00,0,9,KRW-RED,0.00626959
2026-09-02T00:05:00.996646+00:00,0,9,KRW-DOT,0.00249273
2026-09-02T00:05:00.996646+00:00,0,9,KRW-ATOM,0.00148405
2026-09-02T00:05:00.996646+00:00,0,9,KRW-DOOD,0.00544959
2026-09-02T00:05:00.996646+00:00,0,9,KRW-XAUT,0.00133556
2026-09-02T00:05:00.996646+00:00,0,9,KRW-BORA,0.00333890
2026-09-02T00:05:00.996646+00:00,0,9,KRW-AWE,0.00117302
2026-09-02T00:05:00.996646+00:00,0,9,KRW-WAVES,0.00660066
2026-09-02T00:05:00.996646+00:00,0,9,KRW-ZKP,0.00330033
2026-09-02T00:05:00.996646+00:00,0,9,KRW-EDGE,0.00317965
2026-09-02T00:05:00.996646+00:00,0,9,KRW-ELF,0.00564016
2026-09-02T00:05:00.996646+00:00,0,9,KRW-AI,0.00371058
2026-09-02T00:05:00.996646+00:00,0,9,KRW-SNT,0.00663717
2026-09-02T00:05:00.996646+00:00,0,9,KRW-OPEN,0.00579710
2026-09-02T00:05:00.996646+00:00,0,9,KRW-SKR,0.00611621
2026-09-02T00:05:00.996646+00:00,0,9,KRW-MET2,0.00376648
2026-09-02T00:05:00.996646+00:00,0,9,KRW-FF,0.00738007
2026-09-02T00:05:00.996646+00:00,0,9,KRW-KAT,0.00159363
2026-09-02T00:05:00.996646+00:00,0,9,KRW-W,0.00754717
2026-09-02T00:05:00.996646+00:00,0,9,KRW-PENDLE,0.00119355
2026-09-02T00:05:00.996646+00:00,0,9,KRW-SPK,0.00355240
2026-09-02T00:05:00.996646+00:00,0,9,KRW-PYTH,0.00278552
2026-09-02T00:05:00.996646+00:00,0,9,KRW-STEEM,0.00338409
2026-09-02T00:05:00.996646+00:00,0,9,KRW-COW,0.00586510
2026-09-02T00:06:03.822079+00:00,0,9,KRW-SHIB,0.00140548
2026-09-02T00:06:03.822079+00:00,0,9,KRW-KAITO,0.00475059
2026-09-02T00:06:03.822079+00:00,0,9,KRW-SUI,0.00100251
2026-09-02T00:06:03.822079+00:00,0,9,KRW-MMT,0.00457666
2026-09-02T00:06:03.822079+00:00,0,9,KRW-LINK,0.00128783
2026-09-02T00:06:03.822079+00:00,0,9,KRW-PUMP,0.00164880
2026-09-02T00:06:03.822079+00:00,0,9,KRW-NEAR,0.00076687
2026-09-02T00:06:03.822079+00:00,0,9,KRW-ZBT,0.00865801
2026-09-02T00:06:03.822079+00:00,0,9,KRW-LA,0.00124146
2026-09-02T00:06:03.822079+00:00,0,9,KRW-CHIP,0.00165700
2026-09-02T00:06:03.822079+00:00,0,9,KRW-QUID,0.00557724
2026-09-02T00:06:03.822079+00:00,0,9,KRW-PENGU,0.00851064
2026-09-02T00:06:03.822079+00:00,0,9,KRW-AVAX,0.00200200
2026-09-02T00:06:03.822079+00:00,0,9,KRW-VIRTUAL,0.00317965
2026-09-02T00:06:03.822079+00:00,0,9,KRW-MOVE,0.00843882
2026-09-02T00:06:03.822079+00:00,0,9,KRW-UNI,0.00247831
2026-09-02T00:06:03.822079+00:00,0,9,KRW-PIEVERSE,0.00137836
2026-09-02T00:06:03.822079+00:00,0,9,KRW-PRL,0.00481928
2026-09-02T00:06:03.822079+00:00,0,9,KRW-HBAR,0.00975610
2026-09-02T00:06:03.822079+00:00,0,9,KRW-ONT,0.00133245
2026-09-02T00:06:03.822079+00:00,0,9,KRW-ENSO,0.00256301
2026-09-02T00:06:03.822079+00:00,0,9,KRW-XPL,0.00873362
2026-09-02T00:06:03.822079+00:00,0,9,KRW-SAHARA,0.00881057
2026-09-02T00:06:03.822079+00:00,0,9,KRW-AAVE,0.00056673
2026-09-02T00:06:03.822079+00:00,0,9,KRW-ARX,0.01176471
2026-09-02T00:06:03.822079+00:00,0,9,KRW-TRX,0.00224467
2026-09-02T00:06:03.822079+00:00,0,9,KRW-HOLO,0.00346220
2026-09-02T00:06:03.822079+00:00,0,9,KRW-WLFI,0.00380469
2026-09-02T00:06:03.822079+00:00,0,9,KRW-BCH,0.00147124
2026-09-02T00:06:03.822079+00:00,0,9,KRW-DATA,0.00373832
2026-09-02T00:06:03.822079+00:00,0,9,KRW-PLUME,0.00514139
2026-09-02T00:06:03.822079+00:00,0,9,KRW-ARB,0.00660066
2026-09-02T00:06:03.822079+00:00,0,9,KRW-STORJ,0.01024328
2026-09-02T00:06:03.822079+00:00,0,9,KRW-BONK,0.00333333
2026-09-02T00:06:03.822079+00:00,0,9,KRW-ETC,0.00199601
2026-09-02T00:06:03.822079+00:00,0,9,KRW-ESP,0.00865801
2026-09-02T00:06:03.822079+00:00,0,9,KRW-0G,0.00365631
2026-09-02T00:06:03.822079+00:00,0,9,KRW-META2,0.00809717
2026-09-02T00:06:03.822079+00:00,0,9,KRW-BSB,0.00692042
2026-09-02T00:06:03.822079+00:00,0,9,KRW-ERA,0.00251256
2026-09-02T00:06:03.822079+00:00,0,9,KRW-MIRA,0.00167084
2026-09-02T00:06:03.822079+00:00,0,9,KRW-SAND,0.00201816
2026-09-02T00:06:03.822079+00:00,0,9,KRW-PEPE,0.00207684
2026-09-02T00:06:03.822079+00:00,0,9,KRW-POL,0.00803213
2026-09-02T00:06:03.822079+00:00,0,9,KRW-STX,0.00285307
2026-09-02T00:06:03.822079+00:00,0,9,KRW-IRYS,0.00536193
2026-09-02T00:06:03.822079+00:00,0,9,KRW-AXS,0.00317712
2026-09-02T00:06:03.822079+00:00,0,9,KRW-TAO,0.00164285
2026-09-02T00:06:03.822079+00:00,0,9,KRW-ALGO,0.00816327
2026-09-02T00:06:03.822079+00:00,0,9,KRW-JTO,0.00171380
2026-09-02T00:06:03.822079+00:00,0,9,KRW-CC,0.00638978
2026-09-02T00:06:03.822079+00:00,0,9,KRW-BIRB,0.00125707
2026-09-02T00:06:03.822079+00:00,0,9,KRW-ME,0.00238379
2026-09-02T00:06:03.822079+00:00,0,9,KRW-SEI,0.00154440
2026-09-02T00:06:03.822079+00:00,0,9,KRW-ENS,0.00253485
2026-09-02T00:06:03.822079+00:00,0,9,KRW-ZRO,0.00283086
2026-09-02T00:06:03.822079+00:00,0,9,KRW-TRUMP,0.00158957
2026-09-02T00:06:03.822079+00:00,0,9,KRW-XEC,0.00211416
2026-09-02T00:06:03.822079+00:00,0,9,KRW-RVN,0.00768246
2026-09-02T00:06:03.822079+00:00,0,9,KRW-ZAMA,0.00435730
2026-09-02T00:06:03.822079+00:00,0,9,KRW-GEOD,0.01001669
2026-09-02T00:06:03.822079+00:00,0,9,KRW-AKT,0.00435730
2026-09-02T00:06:03.822079+00:00,0,9,KRW-FIL,0.00185529
2026-09-02T00:06:03.822079+00:00,0,9,KRW-APT,0.00132714
2026-09-02T00:06:03.822079+00:00,0,9,KRW-DRV,0.00508906
2026-09-02T00:06:03.822079+00:00,0,9,KRW-ID,0.00444444
2026-09-02T00:06:03.822079+00:00,0,9,KRW-SOON,0.00394477
2026-09-02T00:06:03.822079+00:00,0,9,KRW-O,0.00387847
2026-09-02T00:06:03.822079+00:00,0,9,KRW-AVNT,0.00701754
2026-09-02T00:06:03.822079+00:00,0,9,KRW-TREE,0.00552995
2026-09-02T00:06:03.822079+00:00,0,9,KRW-KITE,0.00583090
2026-09-02T00:06:03.822079+00:00,0,9,KRW-BLEND,0.00346620
2026-09-02T00:06:03.822079+00:00,0,9,KRW-MANTRA,0.00486618
2026-09-02T00:06:03.822079+00:00,0,9,KRW-CFG,0.00651466
2026-09-02T00:06:03.822079+00:00,0,9,KRW-GAS,0.00235988
2026-09-02T00:06:03.822079+00:00,0,9,KRW-BERA,0.00407332
2026-09-02T00:06:03.822079+00:00,0,9,KRW-MEGA,0.00579710
2026-09-02T00:06:03.822079+00:00,0,9,KRW-SOPH,0.00435730
2026-09-02T00:06:03.822079+00:00,0,9,KRW-UP2,0.00143575
2026-09-02T00:06:03.822079+00:00,0,9,KRW-ZORA,0.00938967
2026-09-02T00:06:03.822079+00:00,0,9,KRW-OPG,0.00727273
2026-09-02T00:06:03.822079+00:00,0,9,KRW-BSV,0.00278164
2026-09-02T00:06:03.822079+00:00,0,9,KRW-HYPER,0.00336511
2026-09-02T00:06:03.822079+00:00,0,9,KRW-TRAC,0.00879121
2026-09-02T00:06:03.822079+00:00,0,9,KRW-IN,0.00221976
2026-09-02T00:06:03.822079+00:00,0,9,KRW-ATH,0.00472813
2026-09-02T00:06:03.822079+00:00,0,9,KRW-ETHFI,0.00385356
2026-09-02T00:06:03.822079+00:00,0,9,KRW-MON,0.00273598
2026-09-02T00:06:03.822079+00:00,0,9,KRW-ZIL,0.00841515
2026-09-02T00:06:03.822079+00:00,0,9,KRW-B3,0.00158856
2026-09-02T00:06:03.822079+00:00,0,9,KRW-ELSA,0.00159872
2026-09-02T00:06:03.822079+00:00,0,9,KRW-JUP,0.00339559
2026-09-02T00:06:03.822079+00:00,0,9,KRW-SIGN,0.00809717
2026-09-02T00:06:03.822079+00:00,0,9,KRW-FLOCK,0.00207684
2026-09-02T00:06:03.822079+00:00,0,9,KRW-DEEP,0.00508906
2026-09-02T00:06:03.822079+00:00,0,9,KRW-G,0.00378072
2026-09-02T00:06:03.822079+00:00,0,9,KRW-INJ,0.00164745
2026-09-02T00:06:03.822079+00:00,0,9,KRW-VVV,0.00310215
2026-09-02T00:06:03.822079+00:00,0,9,KRW-BIGTIME,0.00336134
2026-09-02T00:06:03.822079+00:00,0,9,KRW-BIO,0.00282885
2026-09-02T00:06:03.822079+00:00,0,9,KRW-RENDER,0.00253743
2026-09-02T00:06:03.822079+00:00,0,9,KRW-BARD,0.00579710
2026-09-02T00:06:03.822079+00:00,0,9,KRW-CHZ,0.00539084
2026-09-02T00:06:03.822079+00:00,0,9,KRW-LSK,0.00722022
2026-09-02T00:06:03.822079+00:00,0,9,KRW-CRO,0.00394997
2026-09-02T00:06:03.822079+00:00,0,9,KRW-VANA,0.00162206
2026-09-02T00:06:03.822079+00:00,0,9,KRW-LAYER,0.00315956
2026-09-02T00:06:03.822079+00:00,0,9,KRW-RED,0.00626959
2026-09-02T00:06:03.822079+00:00,0,9,KRW-DOT,0.00165837
2026-09-02T00:06:03.822079+00:00,0,9,KRW-ATOM,0.00049444
2026-09-02T00:06:03.822079+00:00,0,9,KRW-DOOD,0.00544959
2026-09-02T00:06:03.822079+00:00,0,9,KRW-XAUT,0.00133556
2026-09-02T00:06:03.822079+00:00,0,9,KRW-BORA,0.00333890
2026-09-02T00:06:03.822079+00:00,0,9,KRW-AWE,0.00234467
2026-09-02T00:06:03.822079+00:00,0,9,KRW-WAVES,0.00657895
2026-09-02T00:06:03.822079+00:00,0,9,KRW-ZKP,0.00165975
2026-09-02T00:06:03.822079+00:00,0,9,KRW-EDGE,0.00317965
2026-09-02T00:06:03.822079+00:00,0,9,KRW-ELF,0.00564016
2026-09-02T00:06:03.822079+00:00,0,9,KRW-AI,0.00371058
2026-09-02T00:06:03.822079+00:00,0,9,KRW-SNT,0.00220751
2026-09-02T00:06:03.822079+00:00,0,9,KRW-OPEN,0.00579710
2026-09-02T00:06:03.822079+00:00,0,9,KRW-SKR,0.00625000
2026-09-02T00:06:03.822079+00:00,0,9,KRW-MET2,0.00751880
2026-09-02T00:06:03.822079+00:00,0,9,KRW-FF,0.00738007
2026-09-02T00:06:03.822079+00:00,0,9,KRW-KAT,0.00318471
2026-09-02T00:06:03.822079+00:00,0,9,KRW-W,0.00754717
2026-09-02T00:06:03.822079+00:00,0,9,KRW-PENDLE,0.00079554
2026-09-02T00:06:03.822079+00:00,0,9,KRW-SPK,0.00355240
2026-09-02T00:06:03.822079+00:00,0,9,KRW-PYTH,0.00139179
2026-09-02T00:06:03.822079+00:00,0,9,KRW-STEEM,0.00338409
2026-09-02T00:06:03.822079+00:00,0,9,KRW-COW,0.00586510
2026-09-02T00:07:06.374172+00:00,0,9,KRW-SHIB,0.00140351
2026-09-02T00:07:06.374172+00:00,0,9,KRW-KAITO,0.00237248
2026-09-02T00:07:06.374172+00:00,0,9,KRW-SUI,0.00100251
2026-09-02T00:07:06.374172+00:00,0,9,KRW-MMT,0.00457666
2026-09-02T00:07:06.374172+00:00,0,9,KRW-LINK,0.00128783
2026-09-02T00:07:06.374172+00:00,0,9,KRW-PUMP,0.00164880
2026-09-02T00:07:06.374172+00:00,0,9,KRW-NEAR,0.00153139
2026-09-02T00:07:06.374172+00:00,0,9,KRW-ZBT,0.00865801
2026-09-02T00:07:06.374172+00:00,0,9,KRW-LA,0.00246002
2026-09-02T00:07:06.374172+00:00,0,9,KRW-CHIP,0.00331126
2026-09-02T00:07:06.374172+00:00,0,9,KRW-QUID,0.00557724
2026-09-02T00:07:06.374172+00:00,0,9,KRW-PENGU,0.00858369
2026-09-02T00:07:06.374172+00:00,0,9,KRW-AVAX,0.00150113
2026-09-02T00:07:06.374172+00:00,0,9,KRW-VIRTUAL,0.00105988
2026-09-02T00:07:06.374172+00:00,0,9,KRW-MOVE,0.01694915
2026-09-02T00:07:06.374172+00:00,0,9,KRW-UNI,0.00061900
2026-09-02T00:07:06.374172+00:00,0,9,KRW-PIEVERSE,0.00137931
2026-09-02T00:07:06.374172+00:00,0,9,KRW-PRL,0.00961538
2026-09-02T00:07:06.374172+00:00,0,9,KRW-HBAR,0.00975610
2026-09-02T00:07:06.374172+00:00,0,9,KRW-ONT,0.00266312
2026-09-02T00:07:06.374172+00:00,0,9,KRW-ENSO,0.00170940
2026-09-02T00:07:06.374172+00:00,0,9,KRW-XPL,0.00873362
2026-09-02T00:07:06.374172+00:00,0,9,KRW-SAHARA,0.00873362
2026-09-02T00:07:06.374172+00:00,0,9,KRW-AAVE,0.00056609
2026-09-02T00:07:06.374172+00:00,0,9,KRW-ARX,0.00589971
2026-09-02T00:07:06.374172+00:00,0,9,KRW-TRX,0.00224467
2026-09-02T00:07:06.374172+00:00,0,9,KRW-HOLO,0.00230681
2026-09-02T00:07:06.374172+00:00,0,9,KRW-WLFI,0.00253485
2026-09-02T00:07:06.374172+00:00,0,9,KRW-BCH,0.00176523
2026-09-02T00:07:06.374172+00:00,0,9,KRW-DATA,0.00372439
2026-09-02T00:07:06.374172+00:00,0,9,KRW-PLUME,0.00514139
2026-09-02T00:07:06.374172+00:00,0,9,KRW-ARB,0.00660066
2026-09-02T00:07:06.374172+00:00,0,9,KRW-STORJ,0.01550388
2026-09-02T00:07:06.374172+00:00,0,9,KRW-BONK,0.00164339
2026-09-02T00:07:06.374172+00:00,0,9,KRW-ETC,0.00199601
2026-09-02T00:07:06.374172+00:00,0,9,KRW-ESP,0.00865801
2026-09-02T00:07:06.374172+00:00,0,9,KRW-0G,0.00368324
2026-09-02T00:07:06.374172+00:00,0,9,KRW-META2,0.00741990
2026-09-02T00:07:06.374172+00:00,0,9,KRW-BSB,0.00692042
2026-09-02T00:07:06.374172+00:00,0,9,KRW-ERA,0.00125707
2026-09-02T00:07:06.374172+00:00,0,9,KRW-MIRA,0.00166806
2026-09-02T00:07:06.374172+00:00,0,9,KRW-SAND,0.00202224
2026-09-02T00:07:06.374172+00:00,0,9,KRW-PEPE,0.00415800
2026-09-02T00:07:06.374172+00:00,0,9,KRW-POL,0.00803213
2026-09-02T00:07:06.374172+00:00,0,9,KRW-STX,0.00573066
2026-09-02T00:07:06.374172+00:00,0,9,KRW-IRYS,0.00536193
2026-09-02T00:07:06.374172+00:00,0,9,KRW-AXS,0.00476948
2026-09-02T00:07:06.374172+00:00,0,9,KRW-TAO,0.00131363
2026-09-02T00:07:06.374172+00:00,0,9,KRW-ALGO,0.00816327
2026-09-02T00:07:06.374172+00:00,0,9,KRW-JTO,0.00171086
2026-09-02T00:07:06.374172+00:00,0,9,KRW-CC,0.00638978
2026-09-02T00:07:06.374172+00:00,0,9,KRW-BIRB,0.00376648
2026-09-02T00:07:06.374172+00:00,0,9,KRW-ME,0.00119261
2026-09-02T00:07:06.374172+00:00,0,9,KRW-SEI,0.00309119
2026-09-02T00:07:06.374172+00:00,0,9,KRW-ENS,0.00127065
2026-09-02T00:07:06.374172+00:00,0,9,KRW-ZRO,0.00424028
2026-09-02T00:07:06.374172+00:00,0,9,KRW-TRUMP,0.00127186
2026-09-02T00:07:06.374172+00:00,0,9,KRW-XEC,0.00211416
2026-09-02T00:07:06.374172+00:00,0,9,KRW-RVN,0.00256082
2026-09-02T00:07:06.374172+00:00,0,9,KRW-ZAMA,0.00435730
2026-09-02T00:07:06.374172+00:00,0,9,KRW-GEOD,0.01001669
2026-09-02T00:07:06.374172+00:00,0,9,KRW-AKT,0.00435730
2026-09-02T00:07:06.374172+00:00,0,9,KRW-FIL,0.00184843
2026-09-02T00:07:06.374172+00:00,0,9,KRW-APT,0.00132890
2026-09-02T00:07:06.374172+00:00,0,9,KRW-DRV,0.00508906
2026-09-02T00:07:06.374172+00:00,0,9,KRW-ID,0.00444444
2026-09-02T00:07:06.374172+00:00,0,9,KRW-SOON,0.00787402
2026-09-02T00:07:06.374172+00:00,0,9,KRW-O,0.00129282
2026-09-02T00:07:06.374172+00:00,0,9,KRW-AVNT,0.00701754
2026-09-02T00:07:06.374172+00:00,0,9,KRW-TREE,0.00369004
2026-09-02T00:07:06.374172+00:00,0,9,KRW-KITE,0.00583090
2026-09-02T00:07:06.374172+00:00,0,9,KRW-BLEND,0.00346620
2026-09-02T00:07:06.374172+00:00,0,9,KRW-MANTRA,0.00486618
2026-09-02T00:07:06.374172+00:00,0,9,KRW-CFG,0.00651466
2026-09-02T00:07:06.374172+00:00,0,9,KRW-GAS,0.00177253
2026-09-02T00:07:06.374172+00:00,0,9,KRW-BERA,0.00813008
2026-09-02T00:07:06.374172+00:00,0,9,KRW-MEGA,0.00579710
2026-09-02T00:07:06.374172+00:00,0,9,KRW-SOPH,0.00145033
2026-09-02T00:07:06.374172+00:00,0,9,KRW-UP2,0.00143781
2026-09-02T00:07:06.374172+00:00,0,9,KRW-ZORA,0.00938967
2026-09-02T00:07:06.374172+00:00,0,9,KRW-OPG,0.00727273
2026-09-02T00:07:06.374172+00:00,0,9,KRW-BSV,0.00278164
2026-09-02T00:07:06.374172+00:00,0,9,KRW-HYPER,0.00336511
2026-09-02T00:07:06.374172+00:00,0,9,KRW-TRAC,0.00879121
2026-09-02T00:07:06.374172+00:00,0,9,KRW-IN,0.00442478
2026-09-02T00:07:06.374172+00:00,0,9,KRW-ATH,0.00472813
2026-09-02T00:07:06.374172+00:00,0,9,KRW-ETHFI,0.00385356
2026-09-02T00:07:06.374172+00:00,0,9,KRW-MON,0.00273598
2026-09-02T00:07:06.374172+00:00,0,9,KRW-ZIL,0.00560224
2026-09-02T00:07:06.374172+00:00,0,9,KRW-B3,0.00159109
2026-09-02T00:07:06.374172+00:00,0,9,KRW-ELSA,0.00159872
2026-09-02T00:07:06.374172+00:00,0,9,KRW-JUP,0.00339559
2026-09-02T00:07:06.374172+00:00,0,9,KRW-SIGN,0.00809717
2026-09-02T00:07:06.374172+00:00,0,9,KRW-FLOCK,0.00208551
2026-09-02T00:07:06.374172+00:00,0,9,KRW-DEEP,0.00508906
2026-09-02T00:07:06.374172+00:00,0,9,KRW-G,0.00189573
2026-09-02T00:07:06.374172+00:00,0,9,KRW-INJ,0.00493016
2026-09-02T00:07:06.374172+00:00,0,9,KRW-VVV,0.00221484
2026-09-02T00:07:06.374172+00:00,0,9,KRW-BIGTIME,0.00336134
2026-09-02T00:07:06.374172+00:00,0,9,KRW-BIO,0.00566572
2026-09-02T00:07:06.374172+00:00,0,9,KRW-RENDER,0.00304414
2026-09-02T00:07:06.374172+00:00,0,9,KRW-BARD,0.00579710
2026-09-02T00:07:06.374172+00:00,0,9,KRW-CHZ,0.00539084
2026-09-02T00:07:06.374172+00:00,0,9,KRW-LSK,0.00722022
2026-09-02T00:07:06.374172+00:00,0,9,KRW-CRO,0.00263158
2026-09-02T00:07:06.374172+00:00,0,9,KRW-VANA,0.00162206
2026-09-02T00:07:06.374172+00:00,0,9,KRW-LAYER,0.00105208
2026-09-02T00:07:06.374172+00:00,0,9,KRW-RED,0.00623053
2026-09-02T00:07:06.374172+00:00,0,9,KRW-DOT,0.00165975
2026-09-02T00:07:06.374172+00:00,0,9,KRW-ATOM,0.00049444
2026-09-02T00:07:06.374172+00:00,0,9,KRW-DOOD,0.00544959
2026-09-02T00:07:06.374172+00:00,0,9,KRW-XAUT,0.00167029
2026-09-02T00:07:06.374172+00:00,0,9,KRW-BORA,0.00333890
2026-09-02T00:07:06.374172+00:00,0,9,KRW-AWE,0.00234467
2026-09-02T00:07:06.374172+00:00,0,9,KRW-WAVES,0.00660066
2026-09-02T00:07:06.374172+00:00,0,9,KRW-ZKP,0.00331126
2026-09-02T00:07:06.374172+00:00,0,9,KRW-EDGE,0.00317965
2026-09-02T00:07:06.374172+00:00,0,9,KRW-ELF,0.00564016
2026-09-02T00:07:06.374172+00:00,0,9,KRW-AI,0.00371058
2026-09-02T00:07:06.374172+00:00,0,9,KRW-SNT,0.00220507
2026-09-02T00:07:06.374172+00:00,0,9,KRW-OPEN,0.00579710
2026-09-02T00:07:06.374172+00:00,0,9,KRW-SKR,0.00309119
2026-09-02T00:07:06.374172+00:00,0,9,KRW-MET2,0.00375235
2026-09-02T00:07:06.374172+00:00,0,9,KRW-FF,0.01470588
2026-09-02T00:07:06.374172+00:00,0,9,KRW-KAT,0.00316957
2026-09-02T00:07:06.374172+00:00,0,9,KRW-W,0.00754717
2026-09-02T00:07:06.374172+00:00,0,9,KRW-PENDLE,0.00079554
2026-09-02T00:07:06.374172+00:00,0,9,KRW-SPK,0.00355240
2026-09-02T00:07:06.374172+00:00,0,9,KRW-PYTH,0.00138985
2026-09-02T00:07:06.374172+00:00,0,9,KRW-STEEM,0.00508044
2026-09-02T00:07:06.374172+00:00,0,9,KRW-COW,0.01169591
2026-09-02T00:08:09.058532+00:00,0,9,KRW-SHIB,0.00140154
2026-09-02T00:08:09.058532+00:00,0,9,KRW-KAITO,0.00237248
2026-09-02T00:08:09.058532+00:00,0,9,KRW-SUI,0.00100150
2026-09-02T00:08:09.058532+00:00,0,9,KRW-MMT,0.00457666
2026-09-02T00:08:09.058532+00:00,0,9,KRW-LINK,0.00128783
2026-09-02T00:08:09.058532+00:00,0,9,KRW-PUMP,0.00164880
2026-09-02T00:08:09.058532+00:00,0,9,KRW-NEAR,0.00114789
2026-09-02T00:08:09.058532+00:00,0,9,KRW-ZBT,0.00865801
2026-09-02T00:08:09.058532+00:00,0,9,KRW-LA,0.00122775
2026-09-02T00:08:09.058532+00:00,0,9,KRW-CHIP,0.00166251
2026-09-02T00:08:09.058532+00:00,0,9,KRW-QUID,0.00111173
2026-09-02T00:08:09.058532+00:00,0,9,KRW-PENGU,0.00858369
2026-09-02T00:08:09.058532+00:00,0,9,KRW-AVAX,0.00100050
2026-09-02T00:08:09.058532+00:00,0,9,KRW-VIRTUAL,0.00105988
2026-09-02T00:08:09.058532+00:00,0,9,KRW-MOVE,0.00843882
2026-09-02T00:08:09.058532+00:00,0,9,KRW-UNI,0.00123609
2026-09-02T00:08:09.058532+00:00,0,9,KRW-PIEVERSE,0.00138217
2026-09-02T00:08:09.058532+00:00,0,9,KRW-PRL,0.00477327
2026-09-02T00:08:09.058532+00:00,0,9,KRW-HBAR,0.00975610
2026-09-02T00:08:09.058532+00:00,0,9,KRW-ONT,0.00133245
2026-09-02T00:08:09.058532+00:00,0,9,KRW-ENSO,0.00085507
2026-09-02T00:08:09.058532+00:00,0,9,KRW-XPL,0.00873362
2026-09-02T00:08:09.058532+00:00,0,9,KRW-SAHARA,0.00881057
2026-09-02T00:08:09.058532+00:00,0,9,KRW-AAVE,0.00113250
2026-09-02T00:08:09.058532+00:00,0,9,KRW-ARX,0.00589971
2026-09-02T00:08:09.058532+00:00,0,9,KRW-TRX,0.00224467
2026-09-02T00:08:09.058532+00:00,0,9,KRW-HOLO,0.00230947
2026-09-02T00:08:09.058532+00:00,0,9,KRW-WLFI,0.00253807
2026-09-02T00:08:09.058532+00:00,0,9,KRW-BCH,0.00176471
2026-09-02T00:08:09.058532+00:00,0,9,KRW-DATA,0.00372439
2026-09-02T00:08:09.058532+00:00,0,9,KRW-PLUME,0.00514139
2026-09-02T00:08:09.058532+00:00,0,9,KRW-ARB,0.00660066
2026-09-02T00:08:09.058532+00:00,0,9,KRW-STORJ,0.00898012
2026-09-02T00:08:09.058532+00:00,0,9,KRW-BONK,0.00161681
2026-09-02T00:08:09.058532+00:00,0,9,KRW-ETC,0.00299252
2026-09-02T00:08:09.058532+00:00,0,9,KRW-ESP,0.00865801
2026-09-02T00:08:09.058532+00:00,0,9,KRW-0G,0.00368324
2026-09-02T00:08:09.058532+00:00,0,9,KRW-META2,0.00607083
2026-09-02T00:08:09.058532+00:00,0,9,KRW-BSB,0.01379310
2026-09-02T00:08:09.058532+00:00,0,9,KRW-ERA,0.00377121
2026-09-02T00:08:09.058532+00:00,0,9,KRW-MIRA,0.00336700
2026-09-02T00:08:09.058532+00:00,0,9,KRW-SAND,0.00403226
2026-09-02T00:08:09.058532+00:00,0,9,KRW-PEPE,0.00208117
2026-09-02T00:08:09.058532+00:00,0,9,KRW-POL,0.00803213
2026-09-02T00:08:09.058532+00:00,0,9,KRW-STX,0.00286944
2026-09-02T00:08:09.058532+00:00,0,9,KRW-IRYS,0.00536193
2026-09-02T00:08:09.058532+00:00,0,9,KRW-AXS,0.00318218
2026-09-02T00:08:09.058532+00:00,0,9,KRW-TAO,0.00098538
2026-09-02T00:08:09.058532+00:00,0,9,KRW-ALGO,0.00816327
2026-09-02T00:08:09.058532+00:00,0,9,KRW-JTO,0.00171086
2026-09-02T00:08:09.058532+00:00,0,9,KRW-CC,0.00638978
2026-09-02T00:08:09.058532+00:00,0,9,KRW-BIRB,0.00376176
2026-09-02T00:08:09.058532+00:00,0,9,KRW-ME,0.00238379
2026-09-02T00:08:09.058532+00:00,0,9,KRW-SEI,0.00154679
2026-09-02T00:08:09.058532+00:00,0,9,KRW-ENS,0.00127146
2026-09-02T00:08:09.058532+00:00,0,9,KRW-ZRO,0.00212540
2026-09-02T00:08:09.058532+00:00,0,9,KRW-TRUMP,0.00031812
2026-09-02T00:08:09.058532+00:00,0,9,KRW-XEC,0.00211416
2026-09-02T00:08:09.058532+00:00,0,9,KRW-RVN,0.00256082
2026-09-02T00:08:09.058532+00:00,0,9,KRW-ZAMA,0.00435730
2026-09-02T00:08:09.058532+00:00,0,9,KRW-GEOD,0.00666667
2026-09-02T00:08:09.058532+00:00,0,9,KRW-AKT,0.00435730
2026-09-02T00:08:09.058532+00:00,0,9,KRW-FIL,0.00184672
2026-09-02T00:08:09.058532+00:00,0,9,KRW-APT,0.00265604
2026-09-02T00:08:09.058532+00:00,0,9,KRW-DRV,0.01025641
2026-09-02T00:08:09.058532+00:00,0,9,KRW-ID,0.00221976
2026-09-02T00:08:09.058532+00:00,0,9,KRW-SOON,0.00787402
2026-09-02T00:08:09.058532+00:00,0,9,KRW-O,0.00258732
2026-09-02T00:08:09.058532+00:00,0,9,KRW-AVNT,0.00696864
2026-09-02T00:08:09.058532+00:00,0,9,KRW-TREE,0.00369004
2026-09-02T00:08:09.058532+00:00,0,9,KRW-KITE,0.00583090
2026-09-02T00:08:09.058532+00:00,0,9,KRW-BLEND,0.00346620
2026-09-02T00:08:09.058532+00:00,0,9,KRW-MANTRA,0.00643087
2026-09-02T00:08:09.058532+00:00,0,9,KRW-CFG,0.00651466
2026-09-02T00:08:09.058532+00:00,0,9,KRW-GAS,0.00118413
2026-09-02T00:08:09.058532+00:00,0,9,KRW-BERA,0.00407332
2026-09-02T00:08:09.058532+00:00,0,9,KRW-MEGA,0.00386847
2026-09-02T00:08:09.058532+00:00,0,9,KRW-SOPH,0.00146092
2026-09-02T00:08:09.058532+00:00,0,9,KRW-UP2,0.00716846
2026-09-02T00:08:09.058532+00:00,0,9,KRW-ZORA,0.00947867
2026-09-02T00:08:09.058532+00:00,0,9,KRW-OPG,0.00727273
2026-09-02T00:08:09.058532+00:00,0,9,KRW-BSV,0.00278164
2026-09-02T00:08:09.058532+00:00,0,9,KRW-HYPER,0.00448430
2026-09-02T00:08:09.058532+00:00,0,9,KRW-TRAC,0.00879121
2026-09-02T00:08:09.058532+00:00,0,9,KRW-IN,0.00221484
2026-09-02T00:08:09.058532+00:00,0,9,KRW-ATH,0.00315457
2026-09-02T00:08:09.058532+00:00,0,9,KRW-ETHFI,0.00257069
2026-09-02T00:08:09.058532+00:00,0,9,KRW-MON,0.00273598
2026-09-02T00:08:09.058532+00:00,0,9,KRW-ZIL,0.00281294
2026-09-02T00:08:09.058532+00:00,0,9,KRW-B3,0.00159363
2026-09-02T00:08:09.058532+00:00,0,9,KRW-ELSA,0.00159872
2026-09-02T00:08:09.058532+00:00,0,9,KRW-JUP,0.00339559
2026-09-02T00:08:09.058532+00:00,0,9,KRW-SIGN,0.00809717
2026-09-02T00:08:09.058532+00:00,0,9,KRW-FLOCK,0.00210305
2026-09-02T00:08:09.058532+00:00,0,9,KRW-DEEP,0.00508906
2026-09-02T00:08:09.058532+00:00,0,9,KRW-G,0.00570885
2026-09-02T00:08:09.058532+00:00,0,9,KRW-INJ,0.00575421
2026-09-02T00:08:09.058532+00:00,0,9,KRW-VVV,0.00397614
2026-09-02T00:08:09.058532+00:00,0,9,KRW-BIGTIME,0.00223964
2026-09-02T00:08:09.058532+00:00,0,9,KRW-BIO,0.00566572
2026-09-02T00:08:09.058532+00:00,0,9,KRW-RENDER,0.00202943
2026-09-02T00:08:09.058532+00:00,0,9,KRW-BARD,0.00579710
2026-09-02T00:08:09.058532+00:00,0,9,KRW-CHZ,0.00539084
2026-09-02T00:08:09.058532+00:00,0,9,KRW-LSK,0.00722022
2026-09-02T00:08:09.058532+00:00,0,9,KRW-CRO,0.00263158
2026-09-02T00:08:09.058532+00:00,0,9,KRW-VANA,0.00325203
2026-09-02T00:08:09.058532+00:00,0,9,KRW-LAYER,0.00209864
2026-09-02T00:08:09.058532+00:00,0,9,KRW-RED,0.00623053
2026-09-02T00:08:09.058532+00:00,0,9,KRW-DOT,0.00248859
2026-09-02T00:08:09.058532+00:00,0,9,KRW-ATOM,0.00049444
2026-09-02T00:08:09.058532+00:00,0,9,KRW-DOOD,0.00539084
2026-09-02T00:08:09.058532+00:00,0,9,KRW-XAUT,0.00167029
2026-09-02T00:08:09.058532+00:00,0,9,KRW-BORA,0.00333890
2026-09-02T00:08:09.058532+00:00,0,9,KRW-AWE,0.00117028
2026-09-02T00:08:09.058532+00:00,0,9,KRW-WAVES,0.00660066
2026-09-02T00:08:09.058532+00:00,0,9,KRW-ZKP,0.00496278
2026-09-02T00:08:09.058532+00:00,0,9,KRW-EDGE,0.00317965
2026-09-02T00:08:09.058532+00:00,0,9,KRW-ELF,0.00564016
2026-09-02T00:08:09.058532+00:00,0,9,KRW-AI,0.00371058
2026-09-02T00:08:09.058532+00:00,0,9,KRW-SNT,0.00330579
2026-09-02T00:08:09.058532+00:00,0,9,KRW-OPEN,0.00579710
2026-09-02T00:08:09.058532+00:00,0,9,KRW-SKR,0.00315956
2026-09-02T00:08:09.058532+00:00,0,9,KRW-MET2,0.00375235
2026-09-02T00:08:09.058532+00:00,0,9,KRW-FF,0.00738007
2026-09-02T00:08:09.058532+00:00,0,9,KRW-KAT,0.00317965
2026-09-02T00:08:09.058532+00:00,0,9,KRW-W,0.00754717
2026-09-02T00:08:09.058532+00:00,0,9,KRW-PENDLE,0.00198689
2026-09-02T00:08:09.058532+00:00,0,9,KRW-SPK,0.00353982
2026-09-02T00:08:09.058532+00:00,0,9,KRW-PYTH,0.00277393
2026-09-02T00:08:09.058532+00:00,0,9,KRW-STEEM,0.00338409
2026-09-02T00:08:09.058532+00:00,0,9,KRW-COW,0.00586510
2026-09-02T00:09:11.682333+00:00,0,9,KRW-SHIB,0.00140154
2026-09-02T00:09:11.682333+00:00,0,9,KRW-KAITO,0.00237248
2026-09-02T00:09:11.682333+00:00,0,9,KRW-SUI,0.00100150
2026-09-02T00:09:11.682333+00:00,0,9,KRW-MMT,0.00457666
2026-09-02T00:09:11.682333+00:00,0,9,KRW-LINK,0.00128866
2026-09-02T00:09:11.682333+00:00,0,9,KRW-PUMP,0.00329489
2026-09-02T00:09:11.682333+00:00,0,9,KRW-NEAR,0.00114657
2026-09-02T00:09:11.682333+00:00,0,9,KRW-ZBT,0.00865801
2026-09-02T00:09:11.682333+00:00,0,9,KRW-LA,0.00121729
2026-09-02T00:09:11.682333+00:00,0,9,KRW-CHIP,0.00329489
2026-09-02T00:09:11.682333+00:00,0,9,KRW-QUID,0.00557724
2026-09-02T00:09:11.682333+00:00,0,9,KRW-PENGU,0.00851064
2026-09-02T00:09:11.682333+00:00,0,9,KRW-AVAX,0.00200000
2026-09-02T00:09:11.682333+00:00,0,9,KRW-VIRTUAL,0.00105988
2026-09-02T00:09:11.682333+00:00,0,9,KRW-MOVE,0.00851064
2026-09-02T00:09:11.682333+00:00,0,9,KRW-UNI,0.00185357
2026-09-02T00:09:11.682333+00:00,0,9,KRW-PIEVERSE,0.00206825
2026-09-02T00:09:11.682333+00:00,0,9,KRW-PRL,0.00477327
2026-09-02T00:09:11.682333+00:00,0,9,KRW-HBAR,0.00975610
2026-09-02T00:09:11.682333+00:00,0,9,KRW-ONT,0.00534045
2026-09-02T00:09:11.682333+00:00,0,9,KRW-ENSO,0.00085507
2026-09-02T00:09:11.682333+00:00,0,9,KRW-XPL,0.00873362
2026-09-02T00:09:11.682333+00:00,0,9,KRW-SAHARA,0.00881057
2026-09-02T00:09:11.682333+00:00,0,9,KRW-AAVE,0.00169827
2026-09-02T00:09:11.682333+00:00,0,9,KRW-ARX,0.00589971
2026-09-02T00:09:11.682333+00:00,0,9,KRW-TRX,0.00224467
2026-09-02T00:09:11.682333+00:00,0,9,KRW-HOLO,0.00230947
2026-09-02T00:09:11.682333+00:00,0,9,KRW-WLFI,0.00253485
2026-09-02T00:09:11.682333+00:00,0,9,KRW-BCH,0.00146864
2026-09-02T00:09:11.682333+00:00,0,9,KRW-DATA,0.00743494
2026-09-02T00:09:11.682333+00:00,0,9,KRW-PLUME,0.00514139
2026-09-02T00:09:11.682333+00:00,0,9,KRW-ARB,0.00660066
2026-09-02T00:09:11.682333+00:00,0,9,KRW-STORJ,0.00259067
2026-09-02T00:09:11.682333+00:00,0,9,KRW-BONK,0.00161160
2026-09-02T00:09:11.682333+00:00,0,9,KRW-ETC,0.00199203
2026-09-02T00:09:11.682333+00:00,0,9,KRW-ESP,0.00865801
2026-09-02T00:09:11.682333+00:00,0,9,KRW-0G,0.00364299
2026-09-02T00:09:11.682333+00:00,0,9,KRW-META2,0.00942761
2026-09-02T00:09:11.682333+00:00,0,9,KRW-BSB,0.00687285
2026-09-02T00:09:11.682333+00:00,0,9,KRW-ERA,0.00377121
2026-09-02T00:09:11.682333+00:00,0,9,KRW-MIRA,0.00168209
2026-09-02T00:09:11.682333+00:00,0,9,KRW-SAND,0.00201816
2026-09-02T00:09:11.682333+00:00,0,9,KRW-PEPE,0.00208117
2026-09-02T00:09:11.682333+00:00,0,9,KRW-POL,0.00803213
2026-09-02T00:09:11.682333+00:00,0,9,KRW-STX,0.00286944
2026-09-02T00:09:11.682333+00:00,0,9,KRW-IRYS,0.00536193
2026-09-02T00:09:11.682333+00:00,0,9,KRW-AXS,0.00318218
2026-09-02T00:09:11.682333+00:00,0,9,KRW-TAO,0.00164231
2026-09-02T00:09:11.682333+00:00,0,9,KRW-ALGO,0.00816327
2026-09-02T00:09:11.682333+00:00,0,9,KRW-JTO,0.00170503
2026-09-02T00:09:11.682333+00:00,0,9,KRW-CC,0.00638978
2026-09-02T00:09:11.682333+00:00,0,9,KRW-BIRB,0.00125865
2026-09-02T00:09:11.682333+00:00,0,9,KRW-ME,0.00238379
2026-09-02T00:09:11.682333+00:00,0,9,KRW-SEI,0.00154440
2026-09-02T00:09:11.682333+00:00,0,9,KRW-ENS,0.00063674
2026-09-02T00:09:11.682333+00:00,0,9,KRW-ZRO,0.00211790
2026-09-02T00:09:11.682333+00:00,0,9,KRW-TRUMP,0.00190416
2026-09-02T00:09:11.682333+00:00,0,9,KRW-XEC,0.00211416
2026-09-02T00:09:11.682333+00:00,0,9,KRW-RVN,0.00510204
2026-09-02T00:09:11.682333+00:00,0,9,KRW-ZAMA,0.00435098
2026-09-02T00:09:11.682333+00:00,0,9,KRW-GEOD,0.00666667
2026-09-02T00:09:11.682333+00:00,0,9,KRW-AKT,0.00435730
2026-09-02T00:09:11.682333+00:00,0,9,KRW-FIL,0.00276880
2026-09-02T00:09:11.682333+00:00,0,9,KRW-APT,0.00132714
2026-09-02T00:09:11.682333+00:00,0,9,KRW-DRV,0.00511509
2026-09-02T00:09:11.682333+00:00,0,9,KRW-ID,0.00221976
2026-09-02T00:09:11.682333+00:00,0,9,KRW-SOON,0.00394477
2026-09-02T00:09:11.682333+00:00,0,9,KRW-O,0.00129116
2026-09-02T00:09:11.682333+00:00,0,9,KRW-AVNT,0.00696864
2026-09-02T00:09:11.682333+00:00,0,9,KRW-TREE,0.00554017
2026-09-02T00:09:11.682333+00:00,0,9,KRW-KITE,0.00583090
2026-09-02T00:09:11.682333+00:00,0,9,KRW-BLEND,0.00346620
2026-09-02T00:09:11.682333+00:00,0,9,KRW-MANTRA,0.00322581
2026-09-02T00:09:11.682333+00:00,0,9,KRW-CFG,0.00651466
2026-09-02T00:09:11.682333+00:00,0,9,KRW-GAS,0.00118343
2026-09-02T00:09:11.682333+00:00,0,9,KRW-BERA,0.00405680
2026-09-02T00:09:11.682333+00:00,0,9,KRW-MEGA,0.00579710
2026-09-02T00:09:11.682333+00:00,0,9,KRW-SOPH,0.00148258
2026-09-02T00:09:11.682333+00:00,0,9,KRW-UP2,0.00286944
2026-09-02T00:09:11.682333+00:00,0,9,KRW-ZORA,0.00947867
2026-09-02T00:09:11.682333+00:00,0,9,KRW-OPG,0.00727273
2026-09-02T00:09:11.682333+00:00,0,9,KRW-BSV,0.00278164
2026-09-02T00:09:11.682333+00:00,0,9,KRW-HYPER,0.00448430
2026-09-02T00:09:11.682333+00:00,0,9,KRW-TRAC,0.00879121
2026-09-02T00:09:11.682333+00:00,0,9,KRW-IN,0.00442478
2026-09-02T00:09:11.682333+00:00,0,9,KRW-ATH,0.00315457
2026-09-02T00:09:11.682333+00:00,0,9,KRW-ETHFI,0.00128783
2026-09-02T00:09:11.682333+00:00,0,9,KRW-MON,0.00273598
2026-09-02T00:09:11.682333+00:00,0,9,KRW-ZIL,0.00281294
2026-09-02T00:09:11.682333+00:00,0,9,KRW-B3,0.00634921
2026-09-02T00:09:11.682333+00:00,0,9,KRW-ELSA,0.00159872
2026-09-02T00:09:11.682333+00:00,0,9,KRW-JUP,0.00339559
2026-09-02T00:09:11.682333+00:00,0,9,KRW-SIGN,0.00809717
2026-09-02T00:09:11.682333+00:00,0,9,KRW-FLOCK,0.00209864
2026-09-02T00:09:11.682333+00:00,0,9,KRW-DEEP,0.01015228
2026-09-02T00:09:11.682333+00:00,0,9,KRW-G,0.00192123
2026-09-02T00:09:11.682333+00:00,0,9,KRW-INJ,0.00575421
2026-09-02T00:09:11.682333+00:00,0,9,KRW-VVV,0.00397614
2026-09-02T00:09:11.682333+00:00,0,9,KRW-BIGTIME,0.00111669
2026-09-02T00:09:11.682333+00:00,0,9,KRW-BIO,0.00566572
2026-09-02T00:09:11.682333+00:00,0,9,KRW-RENDER,0.00303797
2026-09-02T00:09:11.682333+00:00,0,9,KRW-BARD,0.00579710
2026-09-02T00:09:11.682333+00:00,0,9,KRW-CHZ,0.00539084
2026-09-02T00:09:11.682333+00:00,0,9,KRW-LSK,0.00722022
2026-09-02T00:09:11.682333+00:00,0,9,KRW-CRO,0.00131492
2026-09-02T00:09:11.682333+00:00,0,9,KRW-VANA,0.00487013
2026-09-02T00:09:11.682333+00:00,0,9,KRW-LAYER,0.00209864
2026-09-02T00:09:11.682333+00:00,0,9,KRW-RED,0.00626959
2026-09-02T00:09:11.682333+00:00,0,9,KRW-DOT,0.00248859
2026-09-02T00:09:11.682333+00:00,0,9,KRW-ATOM,0.00148038
2026-09-02T00:09:11.682333+00:00,0,9,KRW-DOOD,0.00542005
2026-09-02T00:09:11.682333+00:00,0,9,KRW-XAUT,0.00050096
2026-09-02T00:09:11.682333+00:00,0,9,KRW-BORA,0.00333890
2026-09-02T00:09:11.682333+00:00,0,9,KRW-AWE,0.00117028
2026-09-02T00:09:11.682333+00:00,0,9,KRW-WAVES,0.00660066
2026-09-02T00:09:11.682333+00:00,0,9,KRW-ZKP,0.00330033
2026-09-02T00:09:11.682333+00:00,0,9,KRW-EDGE,0.00317965
2026-09-02T00:09:11.682333+00:00,0,9,KRW-ELF,0.00564016
2026-09-02T00:09:11.682333+00:00,0,9,KRW-AI,0.00371058
2026-09-02T00:09:11.682333+00:00,0,9,KRW-SNT,0.00220507
2026-09-02T00:09:11.682333+00:00,0,9,KRW-OPEN,0.00579710
2026-09-02T00:09:11.682333+00:00,0,9,KRW-SKR,0.00313972
2026-09-02T00:09:11.682333+00:00,0,9,KRW-MET2,0.00749064
2026-09-02T00:09:11.682333+00:00,0,9,KRW-FF,0.00738007
2026-09-02T00:09:11.682333+00:00,0,9,KRW-KAT,0.00317965
2026-09-02T00:09:11.682333+00:00,0,9,KRW-W,0.00754717
2026-09-02T00:09:11.682333+00:00,0,9,KRW-PENDLE,0.00198452
2026-09-02T00:09:11.682333+00:00,0,9,KRW-SPK,0.00353982
2026-09-02T00:09:11.682333+00:00,0,9,KRW-PYTH,0.00277008
2026-09-02T00:09:11.682333+00:00,0,9,KRW-STEEM,0.00338409
2026-09-02T00:09:11.682333+00:00,0,9,KRW-COW,0.00586510
2026-09-02T00:10:14.354065+00:00,0,9,KRW-SHIB,0.00280112
2026-09-02T00:10:14.354065+00:00,0,9,KRW-KAITO,0.00237248
2026-09-02T00:10:14.354065+00:00,0,9,KRW-SUI,0.00100150
2026-09-02T00:10:14.354065+00:00,0,9,KRW-MMT,0.00457666
2026-09-02T00:10:14.354065+00:00,0,9,KRW-LINK,0.00193237
2026-09-02T00:10:14.354065+00:00,0,9,KRW-PUMP,0.00164880
2026-09-02T00:10:14.354065+00:00,0,9,KRW-NEAR,0.00114701
2026-09-02T00:10:14.354065+00:00,0,9,KRW-ZBT,0.00865801
2026-09-02T00:10:14.354065+00:00,0,9,KRW-LA,0.00121581
2026-09-02T00:10:14.354065+00:00,0,9,KRW-CHIP,0.00328947
2026-09-02T00:10:14.354065+00:00,0,9,KRW-QUID,0.00557724
2026-09-02T00:10:14.354065+00:00,0,9,KRW-PENGU,0.00851064
2026-09-02T00:10:14.354065+00:00,0,9,KRW-AVAX,0.00200000
2026-09-02T00:10:14.354065+00:00,0,9,KRW-VIRTUAL,0.00317628
2026-09-02T00:10:14.354065+00:00,0,9,KRW-MOVE,0.00851064
2026-09-02T00:10:14.354065+00:00,0,9,KRW-UNI,0.00123533
2026-09-02T00:10:14.354065+00:00,0,9,KRW-PIEVERSE,0.00206825
2026-09-02T00:10:14.354065+00:00,0,9,KRW-PRL,0.00477327
2026-09-02T00:10:14.354065+00:00,0,9,KRW-HBAR,0.00975610
2026-09-02T00:10:14.354065+00:00,0,9,KRW-ONT,0.00133067
2026-09-02T00:10:14.354065+00:00,0,9,KRW-ENSO,0.00171086
2026-09-02T00:10:14.354065+00:00,0,9,KRW-XPL,0.00873362
2026-09-02T00:10:14.354065+00:00,0,9,KRW-SAHARA,0.00881057
2026-09-02T00:10:14.354065+00:00,0,9,KRW-AAVE,0.00113250
2026-09-02T00:10:14.354065+00:00,0,9,KRW-ARX,0.00589971
2026-09-02T00:10:14.354065+00:00,0,9,KRW-TRX,0.00224467
2026-09-02T00:10:14.354065+00:00,0,9,KRW-HOLO,0.00345821
2026-09-02T00:10:14.354065+00:00,0,9,KRW-WLFI,0.00253485
2026-09-02T00:10:14.354065+00:00,0,9,KRW-BCH,0.00146864
2026-09-02T00:10:14.354065+00:00,0,9,KRW-DATA,0.00738007
2026-09-02T00:10:14.354065+00:00,0,9,KRW-PLUME,0.00514139
2026-09-02T00:10:14.354065+00:00,0,9,KRW-ARB,0.00655738
2026-09-02T00:10:14.354065+00:00,0,9,KRW-STORJ,0.00380952
2026-09-02T00:10:14.354065+00:00,0,9,KRW-BONK,0.00153022
2026-09-02T00:10:14.354065+00:00,0,9,KRW-ETC,0.00199203
2026-09-02T00:10:14.354065+00:00,0,9,KRW-ESP,0.00865801
2026-09-02T00:10:14.354065+00:00,0,9,KRW-0G,0.00364299
2026-09-02T00:10:14.354065+00:00,0,9,KRW-META2,0.00808625
2026-09-02T00:10:14.354065+00:00,0,9,KRW-BSB,0.00687285
2026-09-02T00:10:14.354065+00:00,0,9,KRW-ERA,0.00251256
2026-09-02T00:10:14.354065+00:00,0,9,KRW-MIRA,0.00337268
2026-09-02T00:10:14.354065+00:00,0,9,KRW-SAND,0.00201816
2026-09-02T00:10:14.354065+00:00,0,9,KRW-PEPE,0.00415800
2026-09-02T00:10:14.354065+00:00,0,9,KRW-POL,0.00803213
2026-09-02T00:10:14.354065+00:00,0,9,KRW-STX,0.00574713
2026-09-02T00:10:14.354065+00:00,0,9,KRW-IRYS,0.00536193
2026-09-02T00:10:14.354065+00:00,0,9,KRW-AXS,0.00159617
2026-09-02T00:10:14.354065+00:00,0,9,KRW-TAO,0.00098538
2026-09-02T00:10:14.354065+00:00,0,9,KRW-ALGO,0.00816327
2026-09-02T00:10:14.354065+00:00,0,9,KRW-JTO,0.00341880
2026-09-02T00:10:14.354065+00:00,0,9,KRW-CC,0.00634921
2026-09-02T00:10:14.354065+00:00,0,9,KRW-BIRB,0.00251889
2026-09-02T00:10:14.354065+00:00,0,9,KRW-ME,0.00238663
2026-09-02T00:10:14.354065+00:00,0,9,KRW-SEI,0.00154440
2026-09-02T00:10:14.354065+00:00,0,9,KRW-ENS,0.00063715
2026-09-02T00:10:14.354065+00:00,0,9,KRW-ZRO,0.00211939
2026-09-02T00:10:14.354065+00:00,0,9,KRW-TRUMP,0.00063532
2026-09-02T00:10:14.354065+00:00,0,9,KRW-XEC,0.00211416
2026-09-02T00:10:14.354065+00:00,0,9,KRW-RVN,0.00255428
2026-09-02T00:10:14.354065+00:00,0,9,KRW-ZAMA,0.00435098
2026-09-02T00:10:14.354065+00:00,0,9,KRW-GEOD,0.00335008
2026-09-02T00:10:14.354065+00:00,0,9,KRW-AKT,0.00581395
2026-09-02T00:10:14.354065+00:00,0,9,KRW-FIL,0.00185014
2026-09-02T00:10:14.354065+00:00,0,9,KRW-APT,0.00264901
2026-09-02T00:10:14.354065+00:00,0,9,KRW-DRV,0.00511509
2026-09-02T00:10:14.354065+00:00,0,9,KRW-ID,0.00221976
2026-09-02T00:10:14.354065+00:00,0,9,KRW-SOON,0.00392927
2026-09-02T00:10:14.354065+00:00,0,9,KRW-O,0.00258732
2026-09-02T00:10:14.354065+00:00,0,9,KRW-AVNT,0.00692042
2026-09-02T00:10:14.354065+00:00,0,9,KRW-TREE,0.00554017
2026-09-02T00:10:14.354065+00:00,0,9,KRW-KITE,0.00583090
2026-09-02T00:10:14.354065+00:00,0,9,KRW-BLEND,0.00231214
2026-09-02T00:10:14.354065+00:00,0,9,KRW-MANTRA,0.00804505
2026-09-02T00:10:14.354065+00:00,0,9,KRW-CFG,0.00651466
2026-09-02T00:10:14.354065+00:00,0,9,KRW-GAS,0.00059259
2026-09-02T00:10:14.354065+00:00,0,9,KRW-BERA,0.00405680
2026-09-02T00:10:14.354065+00:00,0,9,KRW-MEGA,0.00579710
2026-09-02T00:10:14.354065+00:00,0,9,KRW-SOPH,0.00151172
2026-09-02T00:10:14.354065+00:00,0,9,KRW-UP2,0.00286944
2026-09-02T00:10:14.354065+00:00,0,9,KRW-ZORA,0.00956938
2026-09-02T00:10:14.354065+00:00,0,9,KRW-OPG,0.00727273
2026-09-02T00:10:14.354065+00:00,0,9,KRW-BSV,0.00278164
2026-09-02T00:10:14.354065+00:00,0,9,KRW-HYPER,0.00336511
2026-09-02T00:10:14.354065+00:00,0,9,KRW-TRAC,0.00879121
2026-09-02T00:10:14.354065+00:00,0,9,KRW-IN,0.00442478
2026-09-02T00:10:14.354065+00:00,0,9,KRW-ATH,0.00315457
2026-09-02T00:10:14.354065+00:00,0,9,KRW-ETHFI,0.00257400
2026-09-02T00:10:14.354065+00:00,0,9,KRW-MON,0.00272851
2026-09-02T00:10:14.354065+00:00,0,9,KRW-ZIL,0.00560224
2026-09-02T00:10:14.354065+00:00,0,9,KRW-B3,0.00634921
2026-09-02T00:10:14.354065+00:00,0,9,KRW-ELSA,0.00159872
2026-09-02T00:10:14.354065+00:00,0,9,KRW-JUP,0.00338409
2026-09-02T00:10:14.354065+00:00,0,9,KRW-SIGN,0.00809717
2026-09-02T00:10:14.354065+00:00,0,9,KRW-FLOCK,0.00209864
2026-09-02T00:10:14.354065+00:00,0,9,KRW-DEEP,0.01015228
2026-09-02T00:10:14.354065+00:00,0,9,KRW-G,0.00383142
2026-09-02T00:10:14.354065+00:00,0,9,KRW-INJ,0.01381552
2026-09-02T00:10:14.354065+00:00,0,9,KRW-VVV,0.00176211
2026-09-02T00:10:14.354065+00:00,0,9,KRW-BIGTIME,0.00223714
2026-09-02T00:10:14.354065+00:00,0,9,KRW-BIO,0.00566572
2026-09-02T00:10:14.354065+00:00,0,9,KRW-RENDER,0.00151707
2026-09-02T00:10:14.354065+00:00,0,9,KRW-BARD,0.00576369
2026-09-02T00:10:14.354065+00:00,0,9,KRW-CHZ,0.00539084
2026-09-02T00:10:14.354065+00:00,0,9,KRW-LSK,0.00722022
2026-09-02T00:10:14.354065+00:00,0,9,KRW-CRO,0.00131492
2026-09-02T00:10:14.354065+00:00,0,9,KRW-VANA,0.00406009
2026-09-02T00:10:14.354065+00:00,0,9,KRW-LAYER,0.00210748
2026-09-02T00:10:14.354065+00:00,0,9,KRW-RED,0.00626959
2026-09-02T00:10:14.354065+00:00,0,9,KRW-DOT,0.00248859
2026-09-02T00:10:14.354065+00:00,0,9,KRW-ATOM,0.00197433
2026-09-02T00:10:14.354065+00:00,0,9,KRW-DOOD,0.00542005
2026-09-02T00:10:14.354065+00:00,0,9,KRW-XAUT,0.00050096
2026-09-02T00:10:14.354065+00:00,0,9,KRW-BORA,0.00333890
2026-09-02T00:10:14.354065+00:00,0,9,KRW-AWE,0.00117028
2026-09-02T00:10:14.354065+00:00,0,9,KRW-WAVES,0.00660066
2026-09-02T00:10:14.354065+00:00,0,9,KRW-ZKP,0.00329489
2026-09-02T00:10:14.354065+00:00,0,9,KRW-EDGE,0.00317965
2026-09-02T00:10:14.354065+00:00,0,9,KRW-ELF,0.00564016
2026-09-02T00:10:14.354065+00:00,0,9,KRW-AI,0.00371058
2026-09-02T00:10:14.354065+00:00,0,9,KRW-SNT,0.00110314
2026-09-02T00:10:14.354065+00:00,0,9,KRW-OPEN,0.00579710
2026-09-02T00:10:14.354065+00:00,0,9,KRW-SKR,0.00632911
2026-09-02T00:10:14.354065+00:00,0,9,KRW-MET2,0.00749064
2026-09-02T00:10:14.354065+00:00,0,9,KRW-FF,0.00738007
2026-09-02T00:10:14.354065+00:00,0,9,KRW-KAT,0.00317965
2026-09-02T00:10:14.354065+00:00,0,9,KRW-W,0.00754717
2026-09-02T00:10:14.354065+00:00,0,9,KRW-PENDLE,0.00198452
2026-09-02T00:10:14.354065+00:00,0,9,KRW-SPK,0.00709220
2026-09-02T00:10:14.354065+00:00,0,9,KRW-PYTH,0.00138217
2026-09-02T00:10:14.354065+00:00,0,9,KRW-STEEM,0.00338409
2026-09-02T00:10:14.354065+00:00,0,9,KRW-COW,0.00586510
2026-09-02T00:11:16.942345+00:00,0,9,KRW-SHIB,0.00139958
2026-09-02T00:11:16.942345+00:00,0,9,KRW-KAITO,0.00237248
2026-09-02T00:11:16.942345+00:00,0,9,KRW-SUI,0.00100050
2026-09-02T00:11:16.942345+00:00,0,9,KRW-MMT,0.00457666
2026-09-02T00:11:16.942345+00:00,0,9,KRW-LINK,0.00064412
2026-09-02T00:11:16.942345+00:00,0,9,KRW-PUMP,0.00164880
2026-09-02T00:11:16.942345+00:00,0,9,KRW-NEAR,0.00076482
2026-09-02T00:11:16.942345+00:00,0,9,KRW-ZBT,0.00865801
2026-09-02T00:11:16.942345+00:00,0,9,KRW-LA,0.00122624
2026-09-02T00:11:16.942345+00:00,0,9,KRW-CHIP,0.00329489
2026-09-02T00:11:16.942345+00:00,0,9,KRW-QUID,0.00334635
2026-09-02T00:11:16.942345+00:00,0,9,KRW-PENGU,0.00851064
2026-09-02T00:11:16.942345+00:00,0,9,KRW-AVAX,0.00250063
2026-09-02T00:11:16.942345+00:00,0,9,KRW-VIRTUAL,0.00317628
2026-09-02T00:11:16.942345+00:00,0,9,KRW-MOVE,0.00851064
2026-09-02T00:11:16.942345+00:00,0,9,KRW-UNI,0.00061709
2026-09-02T00:11:16.942345+00:00,0,9,KRW-PIEVERSE,0.00274914
2026-09-02T00:11:16.942345+00:00,0,9,KRW-PRL,0.00477327
2026-09-02T00:11:16.942345+00:00,0,9,KRW-HBAR,0.00975610
2026-09-02T00:11:16.942345+00:00,0,9,KRW-ONT,0.00661813
2026-09-02T00:11:16.942345+00:00,0,9,KRW-ENSO,0.00085580
2026-09-02T00:11:16.942345+00:00,0,9,KRW-XPL,0.00873362
2026-09-02T00:11:16.942345+00:00,0,9,KRW-SAHARA,0.00881057
2026-09-02T00:11:16.942345+00:00,0,9,KRW-AAVE,0.00170116
2026-09-02T00:11:16.942345+00:00,0,9,KRW-ARX,0.00589971
2026-09-02T00:11:16.942345+00:00,0,9,KRW-TRX,0.00224467
2026-09-02T00:11:16.942345+00:00,0,9,KRW-HOLO,0.00115540
2026-09-02T00:11:16.942345+00:00,0,9,KRW-WLFI,0.00126823
2026-09-02T00:11:16.942345+00:00,0,9,KRW-BCH,0.00088119
2026-09-02T00:11:16.942345+00:00,0,9,KRW-DATA,0.00368324
2026-09-02T00:11:16.942345+00:00,0,9,KRW-PLUME,0.00514139
2026-09-02T00:11:16.942345+00:00,0,9,KRW-ARB,0.00655738
2026-09-02T00:11:16.942345+00:00,0,9,KRW-STORJ,0.00256739
2026-09-02T00:11:16.942345+00:00,0,9,KRW-BONK,0.00152555
2026-09-02T00:11:16.942345+00:00,0,9,KRW-ETC,0.00199601
2026-09-02T00:11:16.942345+00:00,0,9,KRW-ESP,0.00865801
2026-09-02T00:11:16.942345+00:00,0,9,KRW-0G,0.00366972
2026-09-02T00:11:16.942345+00:00,0,9,KRW-META2,0.00674309
2026-09-02T00:11:16.942345+00:00,0,9,KRW-BSB,0.01379310
2026-09-02T00:11:16.942345+00:00,0,9,KRW-ERA,0.00250941
2026-09-02T00:11:16.942345+00:00,0,9,KRW-MIRA,0.00169062
2026-09-02T00:11:16.942345+00:00,0,9,KRW-SAND,0.00403226
2026-09-02T00:11:16.942345+00:00,0,9,KRW-PEPE,0.00415800
2026-09-02T00:11:16.942345+00:00,0,9,KRW-POL,0.00803213
2026-09-02T00:11:16.942345+00:00,0,9,KRW-STX,0.00286944
2026-09-02T00:11:16.942345+00:00,0,9,KRW-IRYS,0.00536193
2026-09-02T00:11:16.942345+00:00,0,9,KRW-AXS,0.00159617
2026-09-02T00:11:16.942345+00:00,0,9,KRW-TAO,0.00131406
2026-09-02T00:11:16.942345+00:00,0,9,KRW-ALGO,0.00816327
2026-09-02T00:11:16.942345+00:00,0,9,KRW-JTO,0.00341880
2026-09-02T00:11:16.942345+00:00,0,9,KRW-CC,0.00634921
2026-09-02T00:11:16.942345+00:00,0,9,KRW-BIRB,0.00251889
2026-09-02T00:11:16.942345+00:00,0,9,KRW-ME,0.00238663
2026-09-02T00:11:16.942345+00:00,0,9,KRW-SEI,0.00154440
2026-09-02T00:11:16.942345+00:00,0,9,KRW-ENS,0.00254777
2026-09-02T00:11:16.942345+00:00,0,9,KRW-ZRO,0.00212089
2026-09-02T00:11:16.942345+00:00,0,9,KRW-TRUMP,0.00031791
2026-09-02T00:11:16.942345+00:00,0,9,KRW-XEC,0.00105541
2026-09-02T00:11:16.942345+00:00,0,9,KRW-RVN,0.00768246
2026-09-02T00:11:16.942345+00:00,0,9,KRW-ZAMA,0.00289855
2026-09-02T00:11:16.942345+00:00,0,9,KRW-GEOD,0.00336134
2026-09-02T00:11:16.942345+00:00,0,9,KRW-AKT,0.00581395
2026-09-02T00:11:16.942345+00:00,0,9,KRW-FIL,0.00185185
2026-09-02T00:11:16.942345+00:00,0,9,KRW-APT,0.00264901
2026-09-02T00:11:16.942345+00:00,0,9,KRW-DRV,0.01025641
2026-09-02T00:11:16.942345+00:00,0,9,KRW-ID,0.00221976
2026-09-02T00:11:16.942345+00:00,0,9,KRW-SOON,0.00392927
2026-09-02T00:11:16.942345+00:00,0,9,KRW-O,0.00129282
2026-09-02T00:11:16.942345+00:00,0,9,KRW-AVNT,0.01388889
2026-09-02T00:11:16.942345+00:00,0,9,KRW-TREE,0.00554017
2026-09-02T00:11:16.942345+00:00,0,9,KRW-KITE,0.00583090
2026-09-02T00:11:16.942345+00:00,0,9,KRW-BLEND,0.00115674
2026-09-02T00:11:16.942345+00:00,0,9,KRW-MANTRA,0.00643087
2026-09-02T00:11:16.942345+00:00,0,9,KRW-CFG,0.00651466
2026-09-02T00:11:16.942345+00:00,0,9,KRW-GAS,0.00177672
2026-09-02T00:11:16.942345+00:00,0,9,KRW-BERA,0.00405680
2026-09-02T00:11:16.942345+00:00,0,9,KRW-MEGA,0.00579710
2026-09-02T00:11:16.942345+00:00,0,9,KRW-SOPH,0.00149589
2026-09-02T00:11:16.942345+00:00,0,9,KRW-UP2,0.01000715
2026-09-02T00:11:16.942345+00:00,0,9,KRW-ZORA,0.00956938
2026-09-02T00:11:16.942345+00:00,0,9,KRW-OPG,0.00727273
2026-09-02T00:11:16.942345+00:00,0,9,KRW-BSV,0.00278164
2026-09-02T00:11:16.942345+00:00,0,9,KRW-HYPER,0.00336511
2026-09-02T00:11:16.942345+00:00,0,9,KRW-TRAC,0.00879121
2026-09-02T00:11:16.942345+00:00,0,9,KRW-IN,0.00442478
2026-09-02T00:11:16.942345+00:00,0,9,KRW-ATH,0.00315457
2026-09-02T00:11:16.942345+00:00,0,9,KRW-ETHFI,0.00128617
2026-09-02T00:11:16.942345+00:00,0,9,KRW-MON,0.00272851
2026-09-02T00:11:16.942345+00:00,0,9,KRW-ZIL,0.00278940
2026-09-02T00:11:16.942345+00:00,0,9,KRW-B3,0.00634921
2026-09-02T00:11:16.942345+00:00,0,9,KRW-ELSA,0.00159872
2026-09-02T00:11:16.942345+00:00,0,9,KRW-JUP,0.00339559
2026-09-02T00:11:16.942345+00:00,0,9,KRW-SIGN,0.00809717
2026-09-02T00:11:16.942345+00:00,0,9,KRW-FLOCK,0.00421053
2026-09-02T00:11:16.942345+00:00,0,9,KRW-DEEP,0.00506329
2026-09-02T00:11:16.942345+00:00,0,9,KRW-G,0.00383877
2026-09-02T00:11:16.942345+00:00,0,9,KRW-INJ,0.00729040
2026-09-02T00:11:16.942345+00:00,0,9,KRW-VVV,0.00308574
2026-09-02T00:11:16.942345+00:00,0,9,KRW-BIGTIME,0.00223964
2026-09-02T00:11:16.942345+00:00,0,9,KRW-BIO,0.00282885
2026-09-02T00:11:16.942345+00:00,0,9,KRW-RENDER,0.00151707
2026-09-02T00:11:16.942345+00:00,0,9,KRW-BARD,0.01156069
2026-09-02T00:11:16.942345+00:00,0,9,KRW-CHZ,0.00539084
2026-09-02T00:11:16.942345+00:00,0,9,KRW-LSK,0.00722022
2026-09-02T00:11:16.942345+00:00,0,9,KRW-CRO,0.00131492
2026-09-02T00:11:16.942345+00:00,0,9,KRW-VANA,0.00406009
2026-09-02T00:11:16.942345+00:00,0,9,KRW-LAYER,0.00315956
2026-09-02T00:11:16.942345+00:00,0,9,KRW-RED,0.00626959
2026-09-02T00:11:16.942345+00:00,0,9,KRW-DOT,0.00248859
2026-09-02T00:11:16.942345+00:00,0,9,KRW-ATOM,0.00197433
2026-09-02T00:11:16.942345+00:00,0,9,KRW-DOOD,0.00542005
2026-09-02T00:11:16.942345+00:00,0,9,KRW-XAUT,0.00066800
2026-09-02T00:11:16.942345+00:00,0,9,KRW-BORA,0.00333890
2026-09-02T00:11:16.942345+00:00,0,9,KRW-AWE,0.00117028
2026-09-02T00:11:16.942345+00:00,0,9,KRW-WAVES,0.00660066
2026-09-02T00:11:16.942345+00:00,0,9,KRW-ZKP,0.00493827
2026-09-02T00:11:16.942345+00:00,0,9,KRW-EDGE,0.00317965
2026-09-02T00:11:16.942345+00:00,0,9,KRW-ELF,0.00564016
2026-09-02T00:11:16.942345+00:00,0,9,KRW-AI,0.00371058
2026-09-02T00:11:16.942345+00:00,0,9,KRW-SNT,0.00110314
2026-09-02T00:11:16.942345+00:00,0,9,KRW-OPEN,0.00579710
2026-09-02T00:11:16.942345+00:00,0,9,KRW-SKR,0.00318979
2026-09-02T00:11:16.942345+00:00,0,9,KRW-MET2,0.00749064
2026-09-02T00:11:16.942345+00:00,0,9,KRW-FF,0.00732601
2026-09-02T00:11:16.942345+00:00,0,9,KRW-KAT,0.00159617
2026-09-02T00:11:16.942345+00:00,0,9,KRW-W,0.00754717
2026-09-02T00:11:16.942345+00:00,0,9,KRW-PENDLE,0.00039659
2026-09-02T00:11:16.942345+00:00,0,9,KRW-SPK,0.00709220
2026-09-02T00:11:16.942345+00:00,0,9,KRW-PYTH,0.00276243
2026-09-02T00:11:16.942345+00:00,0,9,KRW-STEEM,0.00508906
2026-09-02T00:11:16.942345+00:00,0,9,KRW-COW,0.00586510
2026-09-02T00:12:19.626048+00:00,0,9,KRW-SHIB,0.00139762
2026-09-02T00:12:19.626048+00:00,0,9,KRW-KAITO,0.00237248
2026-09-02T00:12:19.626048+00:00,0,9,KRW-SUI,0.00200200
2026-09-02T00:12:19.626048+00:00,0,9,KRW-MMT,0.00457666
2026-09-02T00:12:19.626048+00:00,0,9,KRW-LINK,0.00128866
2026-09-02T00:12:19.626048+00:00,0,9,KRW-PUMP,0.00164880
2026-09-02T00:12:19.626048+00:00,0,9,KRW-NEAR,0.00114657
2026-09-02T00:12:19.626048+00:00,0,9,KRW-ZBT,0.00865801
2026-09-02T00:12:19.626048+00:00,0,9,KRW-LA,0.00244499
2026-09-02T00:12:19.626048+00:00,0,9,KRW-CHIP,0.00329489
2026-09-02T00:12:19.626048+00:00,0,9,KRW-QUID,0.00111919
2026-09-02T00:12:19.626048+00:00,0,9,KRW-PENGU,0.00851064
2026-09-02T00:12:19.626048+00:00,0,9,KRW-AVAX,0.00200000
2026-09-02T00:12:19.626048+00:00,0,9,KRW-VIRTUAL,0.00212089
2026-09-02T00:12:19.626048+00:00,0,9,KRW-MOVE,0.00851064
2026-09-02T00:12:19.626048+00:00,0,9,KRW-UNI,0.00122926
2026-09-02T00:12:19.626048+00:00,0,9,KRW-PIEVERSE,0.00205550
2026-09-02T00:12:19.626048+00:00,0,9,KRW-PRL,0.00477327
2026-09-02T00:12:19.626048+00:00,0,9,KRW-HBAR,0.00975610
2026-09-02T00:12:19.626048+00:00,0,9,KRW-ONT,0.00666223
2026-09-02T00:12:19.626048+00:00,0,9,KRW-ENSO,0.00171233
2026-09-02T00:12:19.626048+00:00,0,9,KRW-XPL,0.00873362
2026-09-02T00:12:19.626048+00:00,0,9,KRW-SAHARA,0.00881057
2026-09-02T00:12:19.626048+00:00,0,9,KRW-AAVE,0.00170020
2026-09-02T00:12:19.626048+00:00,0,9,KRW-ARX,0.00589971
2026-09-02T00:12:19.626048+00:00,0,9,KRW-TRX,0.00224467
2026-09-02T00:12:19.626048+00:00,0,9,KRW-HOLO,0.00230947
2026-09-02T00:12:19.626048+00:00,0,9,KRW-WLFI,0.00127146
2026-09-02T00:12:19.626048+00:00,0,9,KRW-BCH,0.00088119
2026-09-02T00:12:19.626048+00:00,0,9,KRW-DATA,0.00365631
2026-09-02T00:12:19.626048+00:00,0,9,KRW-PLUME,0.00514139
2026-09-02T00:12:19.626048+00:00,0,9,KRW-ARB,0.00655738
2026-09-02T00:12:19.626048+00:00,0,9,KRW-STORJ,0.00512821
2026-09-02T00:12:19.626048+00:00,0,9,KRW-BONK,0.00151400
2026-09-02T00:12:19.626048+00:00,0,9,KRW-ETC,0.00298954
2026-09-02T00:12:19.626048+00:00,0,9,KRW-ESP,0.00865801
2026-09-02T00:12:19.626048+00:00,0,9,KRW-0G,0.00368324
2026-09-02T00:12:19.626048+00:00,0,9,KRW-META2,0.00543478
2026-09-02T00:12:19.626048+00:00,0,9,KRW-BSB,0.01379310
2026-09-02T00:12:19.626048+00:00,0,9,KRW-ERA,0.00125549
2026-09-02T00:12:19.626048+00:00,0,9,KRW-MIRA,0.00168776
2026-09-02T00:12:19.626048+00:00,0,9,KRW-SAND,0.00201410
2026-09-02T00:12:19.626048+00:00,0,9,KRW-PEPE,0.00208117
2026-09-02T00:12:19.626048+00:00,0,9,KRW-POL,0.00803213
2026-09-02T00:12:19.626048+00:00,0,9,KRW-STX,0.00287770
2026-09-02T00:12:19.626048+00:00,0,9,KRW-IRYS,0.00536193
2026-09-02T00:12:19.626048+00:00,0,9,KRW-AXS,0.00159490
2026-09-02T00:12:19.626048+00:00,0,9,KRW-TAO,0.00164285
2026-09-02T00:12:19.626048+00:00,0,9,KRW-ALGO,0.00816327
2026-09-02T00:12:19.626048+00:00,0,9,KRW-JTO,0.00342466
2026-09-02T00:12:19.626048+00:00,0,9,KRW-CC,0.00634921
2026-09-02T00:12:19.626048+00:00,0,9,KRW-BIRB,0.00252207
2026-09-02T00:12:19.626048+00:00,0,9,KRW-ME,0.00119403
2026-09-02T00:12:19.626048+00:00,0,9,KRW-SEI,0.00154679
2026-09-02T00:12:19.626048+00:00,0,9,KRW-ENS,0.00191266
2026-09-02T00:12:19.626048+00:00,0,9,KRW-ZRO,0.00282885
2026-09-02T00:12:19.626048+00:00,0,9,KRW-TRUMP,0.00095435
2026-09-02T00:12:19.626048+00:00,0,9,KRW-XEC,0.00105541
2026-09-02T00:12:19.626048+00:00,0,9,KRW-RVN,0.00256739
2026-09-02T00:12:19.626048+00:00,0,9,KRW-ZAMA,0.00289855
2026-09-02T00:12:19.626048+00:00,0,9,KRW-GEOD,0.00336134
2026-09-02T00:12:19.626048+00:00,0,9,KRW-AKT,0.00581395
2026-09-02T00:12:19.626048+00:00,0,9,KRW-FIL,0.00277393
2026-09-02T00:12:19.626048+00:00,0,9,KRW-APT,0.00264901
2026-09-02T00:12:19.626048+00:00,0,9,KRW-DRV,0.01025641
2026-09-02T00:12:19.626048+00:00,0,9,KRW-ID,0.00221976
2026-09-02T00:12:19.626048+00:00,0,9,KRW-SOON,0.00784314
2026-09-02T00:12:19.626048+00:00,0,9,KRW-O,0.00258732
2026-09-02T00:12:19.626048+00:00,0,9,KRW-AVNT,0.00692042
2026-09-02T00:12:19.626048+00:00,0,9,KRW-TREE,0.00554017
2026-09-02T00:12:19.626048+00:00,0,9,KRW-KITE,0.00583090
2026-09-02T00:12:19.626048+00:00,0,9,KRW-BLEND,0.00115674
2026-09-02T00:12:19.626048+00:00,0,9,KRW-MANTRA,0.00643087
2026-09-02T00:12:19.626048+00:00,0,9,KRW-CFG,0.00651466
2026-09-02T00:12:19.626048+00:00,0,9,KRW-GAS,0.00118624
2026-09-02T00:12:19.626048+00:00,0,9,KRW-BERA,0.00405680
2026-09-02T00:12:19.626048+00:00,0,9,KRW-MEGA,0.00579710
2026-09-02T00:12:19.626048+00:00,0,9,KRW-SOPH,0.00148478
2026-09-02T00:12:19.626048+00:00,0,9,KRW-UP2,0.01000715
2026-09-02T00:12:19.626048+00:00,0,9,KRW-ZORA,0.00956938
2026-09-02T00:12:19.626048+00:00,0,9,KRW-OPG,0.00727273
2026-09-02T00:12:19.626048+00:00,0,9,KRW-BSV,0.00278164
2026-09-02T00:12:19.626048+00:00,0,9,KRW-HYPER,0.00336511
2026-09-02T00:12:19.626048+00:00,0,9,KRW-TRAC,0.00879121
2026-09-02T00:12:19.626048+00:00,0,9,KRW-IN,0.00442478
2026-09-02T00:12:19.626048+00:00,0,9,KRW-ATH,0.00315457
2026-09-02T00:12:19.626048+00:00,0,9,KRW-ETHFI,0.00128783
2026-09-02T00:12:19.626048+00:00,0,9,KRW-MON,0.00272851
2026-09-02T00:12:19.626048+00:00,0,9,KRW-ZIL,0.00841515
2026-09-02T00:12:19.626048+00:00,0,9,KRW-B3,0.00475813
2026-09-02T00:12:19.626048+00:00,0,9,KRW-ELSA,0.00159872
2026-09-02T00:12:19.626048+00:00,0,9,KRW-JUP,0.00339559
2026-09-02T00:12:19.626048+00:00,0,9,KRW-SIGN,0.00809717
2026-09-02T00:12:19.626048+00:00,0,9,KRW-FLOCK,0.00422833
2026-09-02T00:12:19.626048+00:00,0,9,KRW-DEEP,0.00506329
2026-09-02T00:12:19.626048+00:00,0,9,KRW-G,0.00383877
2026-09-02T00:12:19.626048+00:00,0,9,KRW-INJ,0.00163532
2026-09-02T00:12:19.626048+00:00,0,9,KRW-VVV,0.00220313
2026-09-02T00:12:19.626048+00:00,0,9,KRW-BIGTIME,0.00223964
2026-09-02T00:12:19.626048+00:00,0,9,KRW-BIO,0.00566572
2026-09-02T00:12:19.626048+00:00,0,9,KRW-RENDER,0.00151707
2026-09-02T00:12:19.626048+00:00,0,9,KRW-BARD,0.00579710
2026-09-02T00:12:19.626048+00:00,0,9,KRW-CHZ,0.00539084
2026-09-02T00:12:19.626048+00:00,0,9,KRW-LSK,0.00722022
2026-09-02T00:12:19.626048+00:00,0,9,KRW-CRO,0.00131492
2026-09-02T00:12:19.626048+00:00,0,9,KRW-VANA,0.00324675
2026-09-02T00:12:19.626048+00:00,0,9,KRW-LAYER,0.00210526
2026-09-02T00:12:19.626048+00:00,0,9,KRW-RED,0.00626959
2026-09-02T00:12:19.626048+00:00,0,9,KRW-DOT,0.00248447
2026-09-02T00:12:19.626048+00:00,0,9,KRW-ATOM,0.00148038
2026-09-02T00:12:19.626048+00:00,0,9,KRW-DOOD,0.00542005
2026-09-02T00:12:19.626048+00:00,0,9,KRW-XAUT,0.00116930
2026-09-02T00:12:19.626048+00:00,0,9,KRW-BORA,0.00333890
2026-09-02T00:12:19.626048+00:00,0,9,KRW-AWE,0.00117028
2026-09-02T00:12:19.626048+00:00,0,9,KRW-WAVES,0.00660066
2026-09-02T00:12:19.626048+00:00,0,9,KRW-ZKP,0.00493016
2026-09-02T00:12:19.626048+00:00,0,9,KRW-EDGE,0.00317965
2026-09-02T00:12:19.626048+00:00,0,9,KRW-ELF,0.00564016
2026-09-02T00:12:19.626048+00:00,0,9,KRW-AI,0.00371058
2026-09-02T00:12:19.626048+00:00,0,9,KRW-SNT,0.00110314
2026-09-02T00:12:19.626048+00:00,0,9,KRW-OPEN,0.00579710
2026-09-02T00:12:19.626048+00:00,0,9,KRW-SKR,0.00316957
2026-09-02T00:12:19.626048+00:00,0,9,KRW-MET2,0.00749064
2026-09-02T00:12:19.626048+00:00,0,9,KRW-FF,0.00732601
2026-09-02T00:12:19.626048+00:00,0,9,KRW-KAT,0.00160128
2026-09-02T00:12:19.626048+00:00,0,9,KRW-W,0.00754717
2026-09-02T00:12:19.626048+00:00,0,9,KRW-PENDLE,0.00118835
2026-09-02T00:12:19.626048+00:00,0,9,KRW-SPK,0.00709220
2026-09-02T00:12:19.626048+00:00,0,9,KRW-PYTH,0.00275482
2026-09-02T00:12:19.626048+00:00,0,9,KRW-STEEM,0.00339559
2026-09-02T00:12:19.626048+00:00,0,9,KRW-COW,0.00586510
2026-09-02T00:13:22.217198+00:00,0,9,KRW-SHIB,0.00139762
2026-09-02T00:13:22.217198+00:00,0,9,KRW-KAITO,0.00237248
2026-09-02T00:13:22.217198+00:00,0,9,KRW-SUI,0.00200200
2026-09-02T00:13:22.217198+00:00,0,9,KRW-MMT,0.00457666
2026-09-02T00:13:22.217198+00:00,0,9,KRW-LINK,0.00064454
2026-09-02T00:13:22.217198+00:00,0,9,KRW-PUMP,0.00164880
2026-09-02T00:13:22.217198+00:00,0,9,KRW-NEAR,0.00076482
2026-09-02T00:13:22.217198+00:00,0,9,KRW-ZBT,0.00865801
2026-09-02T00:13:22.217198+00:00,0,9,KRW-LA,0.00122324
2026-09-02T00:13:22.217198+00:00,0,9,KRW-CHIP,0.00164339
2026-09-02T00:13:22.217198+00:00,0,9,KRW-QUID,0.00336134
2026-09-02T00:13:22.217198+00:00,0,9,KRW-PENGU,0.00851064
2026-09-02T00:13:22.217198+00:00,0,9,KRW-AVAX,0.00200000
2026-09-02T00:13:22.217198+00:00,0,9,KRW-VIRTUAL,0.00317965
2026-09-02T00:13:22.217198+00:00,0,9,KRW-MOVE,0.00851064
2026-09-02T00:13:22.217198+00:00,0,9,KRW-UNI,0.00184332
2026-09-02T00:13:22.217198+00:00,0,9,KRW-PIEVERSE,0.00137080
2026-09-02T00:13:22.217198+00:00,0,9,KRW-PRL,0.00479616
2026-09-02T00:13:22.217198+00:00,0,9,KRW-HBAR,0.00975610
2026-09-02T00:13:22.217198+00:00,0,9,KRW-ONT,0.00267738
2026-09-02T00:13:22.217198+00:00,0,9,KRW-ENSO,0.00171233
2026-09-02T00:13:22.217198+00:00,0,9,KRW-XPL,0.00873362
2026-09-02T00:13:22.217198+00:00,0,9,KRW-SAHARA,0.00881057
2026-09-02T00:13:22.217198+00:00,0,9,KRW-AAVE,0.00113314
2026-09-02T00:13:22.217198+00:00,0,9,KRW-ARX,0.00589971
2026-09-02T00:13:22.217198+00:00,0,9,KRW-TRX,0.00224467
2026-09-02T00:13:22.217198+00:00,0,9,KRW-HOLO,0.00230947
2026-09-02T00:13:22.217198+00:00,0,9,KRW-WLFI,0.00254130
2026-09-02T00:13:22.217198+00:00,0,9,KRW-BCH,0.00117474
2026-09-02T00:13:22.217198+00:00,0,9,KRW-DATA,0.00366972
2026-09-02T00:13:22.217198+00:00,0,9,KRW-PLUME,0.00514139
2026-09-02T00:13:22.217198+00:00,0,9,KRW-ARB,0.00660066
2026-09-02T00:13:22.217198+00:00,0,9,KRW-STORJ,0.00512164
2026-09-02T00:13:22.217198+00:00,0,9,KRW-BONK,0.00152091
2026-09-02T00:13:22.217198+00:00,0,9,KRW-ETC,0.00298954
2026-09-02T00:13:22.217198+00:00,0,9,KRW-ESP,0.00873362
2026-09-02T00:13:22.217198+00:00,0,9,KRW-0G,0.00735294
2026-09-02T00:13:22.217198+00:00,0,9,KRW-META2,0.00475382
2026-09-02T00:13:22.217198+00:00,0,9,KRW-BSB,0.01379310
2026-09-02T00:13:22.217198+00:00,0,9,KRW-ERA,0.00251572
2026-09-02T00:13:22.217198+00:00,0,9,KRW-MIRA,0.00336700
2026-09-02T00:13:22.217198+00:00,0,9,KRW-SAND,0.00201005
2026-09-02T00:13:22.217198+00:00,0,9,KRW-PEPE,0.00415800
2026-09-02T00:13:22.217198+00:00,0,9,KRW-POL,0.00803213
2026-09-02T00:13:22.217198+00:00,0,9,KRW-STX,0.00287770
2026-09-02T00:13:22.217198+00:00,0,9,KRW-IRYS,0.00536193
2026-09-02T00:13:22.217198+00:00,0,9,KRW-AXS,0.00239139
2026-09-02T00:13:22.217198+00:00,0,9,KRW-TAO,0.00164285
2026-09-02T00:13:22.217198+00:00,0,9,KRW-ALGO,0.00816327
2026-09-02T00:13:22.217198+00:00,0,9,KRW-JTO,0.00342466
2026-09-02T00:13:22.217198+00:00,0,9,KRW-CC,0.00634921
2026-09-02T00:13:22.217198+00:00,0,9,KRW-BIRB,0.00252207
2026-09-02T00:13:22.217198+00:00,0,9,KRW-ME,0.00119403
2026-09-02T00:13:22.217198+00:00,0,9,KRW-SEI,0.00309598
2026-09-02T00:13:22.217198+00:00,0,9,KRW-ENS,0.00191388
2026-09-02T00:13:22.217198+00:00,0,9,KRW-ZRO,0.00211939
2026-09-02T00:13:22.217198+00:00,0,9,KRW-TRUMP,0.00159210
2026-09-02T00:13:22.217198+00:00,0,9,KRW-XEC,0.00105541
2026-09-02T00:13:22.217198+00:00,0,9,KRW-RVN,0.00511509
2026-09-02T00:13:22.217198+00:00,0,9,KRW-ZAMA,0.00289436
2026-09-02T00:13:22.217198+00:00,0,9,KRW-GEOD,0.00336134
2026-09-02T00:13:22.217198+00:00,0,9,KRW-AKT,0.00581395
2026-09-02T00:13:22.217198+00:00,0,9,KRW-FIL,0.00278164
2026-09-02T00:13:22.217198+00:00,0,9,KRW-APT,0.00397088
2026-09-02T00:13:22.217198+00:00,0,9,KRW-DRV,0.01025641
2026-09-02T00:13:22.217198+00:00,0,9,KRW-ID,0.00221976
2026-09-02T00:13:22.217198+00:00,0,9,KRW-SOON,0.00391389
2026-09-02T00:13:22.217198+00:00,0,9,KRW-O,0.00518135
2026-09-02T00:13:22.217198+00:00,0,9,KRW-AVNT,0.00692042
2026-09-02T00:13:22.217198+00:00,0,9,KRW-TREE,0.00185014
2026-09-02T00:13:22.217198+00:00,0,9,KRW-KITE,0.00583090
2026-09-02T00:13:22.217198+00:00,0,9,KRW-BLEND,0.00115674
2026-09-02T00:13:22.217198+00:00,0,9,KRW-MANTRA,0.00481928
2026-09-02T00:13:22.217198+00:00,0,9,KRW-CFG,0.01298701
2026-09-02T00:13:22.217198+00:00,0,9,KRW-GAS,0.00178200
2026-09-02T00:13:22.217198+00:00,0,9,KRW-BERA,0.00405680
2026-09-02T00:13:22.217198+00:00,0,9,KRW-MEGA,0.00386100
2026-09-02T00:13:22.217198+00:00,0,9,KRW-SOPH,0.00145879
2026-09-02T00:13:22.217198+00:00,0,9,KRW-UP2,0.00142146
2026-09-02T00:13:22.217198+00:00,0,9,KRW-ZORA,0.00956938
2026-09-02T00:13:22.217198+00:00,0,9,KRW-OPG,0.00727273
2026-09-02T00:13:22.217198+00:00,0,9,KRW-BSV,0.00278164
2026-09-02T00:13:22.217198+00:00,0,9,KRW-HYPER,0.00336511
2026-09-02T00:13:22.217198+00:00,0,9,KRW-TRAC,0.00879121
2026-09-02T00:13:22.217198+00:00,0,9,KRW-IN,0.00442478
2026-09-02T00:13:22.217198+00:00,0,9,KRW-ATH,0.00315457
2026-09-02T00:13:22.217198+00:00,0,9,KRW-ETHFI,0.00128783
2026-09-02T00:13:22.217198+00:00,0,9,KRW-MON,0.00272851
2026-09-02T00:13:22.217198+00:00,0,9,KRW-ZIL,0.00841515
2026-09-02T00:13:22.217198+00:00,0,9,KRW-B3,0.00158856
2026-09-02T00:13:22.217198+00:00,0,9,KRW-ELSA,0.00159872
2026-09-02T00:13:22.217198+00:00,0,9,KRW-JUP,0.00339559
2026-09-02T00:13:22.217198+00:00,0,9,KRW-SIGN,0.00809717
2026-09-02T00:13:22.217198+00:00,0,9,KRW-FLOCK,0.00211640
2026-09-02T00:13:22.217198+00:00,0,9,KRW-DEEP,0.00506329
2026-09-02T00:13:22.217198+00:00,0,9,KRW-G,0.00383877
2026-09-02T00:13:22.217198+00:00,0,9,KRW-INJ,0.01138211
2026-09-02T00:13:22.217198+00:00,0,9,KRW-VVV,0.00220313
2026-09-02T00:13:22.217198+00:00,0,9,KRW-BIGTIME,0.00112045
2026-09-02T00:13:22.217198+00:00,0,9,KRW-BIO,0.00566572
2026-09-02T00:13:22.217198+00:00,0,9,KRW-RENDER,0.00151707
2026-09-02T00:13:22.217198+00:00,0,9,KRW-BARD,0.00579710
2026-09-02T00:13:22.217198+00:00,0,9,KRW-CHZ,0.00539084
2026-09-02T00:13:22.217198+00:00,0,9,KRW-LSK,0.00722022
2026-09-02T00:13:22.217198+00:00,0,9,KRW-CRO,0.00131492
2026-09-02T00:13:22.217198+00:00,0,9,KRW-VANA,0.00243605
2026-09-02T00:13:22.217198+00:00,0,9,KRW-LAYER,0.00210526
2026-09-02T00:13:22.217198+00:00,0,9,KRW-RED,0.00630915
2026-09-02T00:13:22.217198+00:00,0,9,KRW-DOT,0.00248036
2026-09-02T00:13:22.217198+00:00,0,9,KRW-ATOM,0.00246853
2026-09-02T00:13:22.217198+00:00,0,9,KRW-DOOD,0.00542005
2026-09-02T00:13:22.217198+00:00,0,9,KRW-XAUT,0.00100217
2026-09-02T00:13:22.217198+00:00,0,9,KRW-BORA,0.00333890
2026-09-02T00:13:22.217198+00:00,0,9,KRW-AWE,0.00117028
2026-09-02T00:13:22.217198+00:00,0,9,KRW-WAVES,0.00660066
2026-09-02T00:13:22.217198+00:00,0,9,KRW-ZKP,0.00164069
2026-09-02T00:13:22.217198+00:00,0,9,KRW-EDGE,0.00317965
2026-09-02T00:13:22.217198+00:00,0,9,KRW-ELF,0.00564016
2026-09-02T00:13:22.217198+00:00,0,9,KRW-AI,0.00371058
2026-09-02T00:13:22.217198+00:00,0,9,KRW-SNT,0.00110314
2026-09-02T00:13:22.217198+00:00,0,9,KRW-OPEN,0.00579710
2026-09-02T00:13:22.217198+00:00,0,9,KRW-SKR,0.00316957
2026-09-02T00:13:22.217198+00:00,0,9,KRW-MET2,0.00749064
2026-09-02T00:13:22.217198+00:00,0,9,KRW-FF,0.00732601
2026-09-02T00:13:22.217198+00:00,0,9,KRW-KAT,0.00160128
2026-09-02T00:13:22.217198+00:00,0,9,KRW-W,0.00754717
2026-09-02T00:13:22.217198+00:00,0,9,KRW-PENDLE,0.00158416
2026-09-02T00:13:22.217198+00:00,0,9,KRW-SPK,0.00709220
2026-09-02T00:13:22.217198+00:00,0,9,KRW-PYTH,0.00277008
2026-09-02T00:13:22.217198+00:00,0,9,KRW-STEEM,0.00339559
2026-09-02T00:13:22.217198+00:00,0,9,KRW-COW,0.00586510
2026-09-02T00:14:24.905768+00:00,0,9,KRW-SHIB,0.00139762
2026-09-02T00:14:24.905768+00:00,0,9,KRW-KAITO,0.00237248
2026-09-02T00:14:24.905768+00:00,0,9,KRW-SUI,0.00100150
2026-09-02T00:14:24.905768+00:00,0,9,KRW-MMT,0.00457666
2026-09-02T00:14:24.905768+00:00,0,9,KRW-LINK,0.00064454
2026-09-02T00:14:24.905768+00:00,0,9,KRW-PUMP,0.00164880
2026-09-02T00:14:24.905768+00:00,0,9,KRW-NEAR,0.00076394
2026-09-02T00:14:24.905768+00:00,0,9,KRW-ZBT,0.00865801
2026-09-02T00:14:24.905768+00:00,0,9,KRW-LA,0.00121433
2026-09-02T00:14:24.905768+00:00,0,9,KRW-CHIP,0.00328407
2026-09-02T00:14:24.905768+00:00,0,9,KRW-QUID,0.00892857
2026-09-02T00:14:24.905768+00:00,0,9,KRW-PENGU,0.00851064
2026-09-02T00:14:24.905768+00:00,0,9,KRW-AVAX,0.00200000
2026-09-02T00:14:24.905768+00:00,0,9,KRW-VIRTUAL,0.00211864
2026-09-02T00:14:24.905768+00:00,0,9,KRW-MOVE,0.00851064
2026-09-02T00:14:24.905768+00:00,0,9,KRW-UNI,0.00122775
2026-09-02T00:14:24.905768+00:00,0,9,KRW-PIEVERSE,0.00137080
2026-09-02T00:14:24.905768+00:00,0,9,KRW-PRL,0.00479616
2026-09-02T00:14:24.905768+00:00,0,9,KRW-HBAR,0.00975610
2026-09-02T00:14:24.905768+00:00,0,9,KRW-ONT,0.00401875
2026-09-02T00:14:24.905768+00:00,0,9,KRW-ENSO,0.00171233
2026-09-02T00:14:24.905768+00:00,0,9,KRW-XPL,0.00873362
2026-09-02T00:14:24.905768+00:00,0,9,KRW-SAHARA,0.00881057
2026-09-02T00:14:24.905768+00:00,0,9,KRW-AAVE,0.00056641
2026-09-02T00:14:24.905768+00:00,0,9,KRW-ARX,0.00589971
2026-09-02T00:14:24.905768+00:00,0,9,KRW-TRX,0.00224467
2026-09-02T00:14:24.905768+00:00,0,9,KRW-HOLO,0.00230947
2026-09-02T00:14:24.905768+00:00,0,9,KRW-WLFI,0.00254130
2026-09-02T00:14:24.905768+00:00,0,9,KRW-BCH,0.00176160
2026-09-02T00:14:24.905768+00:00,0,9,KRW-DATA,0.00366972
2026-09-02T00:14:24.905768+00:00,0,9,KRW-PLUME,0.00514139
2026-09-02T00:14:24.905768+00:00,0,9,KRW-ARB,0.00660066
2026-09-02T00:14:24.905768+00:00,0,9,KRW-STORJ,0.00518807
2026-09-02T00:14:24.905768+00:00,0,9,KRW-BONK,0.00465477
2026-09-02T00:14:24.905768+00:00,0,9,KRW-ETC,0.00298954
2026-09-02T00:14:24.905768+00:00,0,9,KRW-ESP,0.00873362
2026-09-02T00:14:24.905768+00:00,0,9,KRW-0G,0.00369686
2026-09-02T00:14:24.905768+00:00,0,9,KRW-META2,0.00475382
2026-09-02T00:14:24.905768+00:00,0,9,KRW-BSB,0.01379310
2026-09-02T00:14:24.905768+00:00,0,9,KRW-ERA,0.00125707
2026-09-02T00:14:24.905768+00:00,0,9,KRW-MIRA,0.00168776
2026-09-02T00:14:24.905768+00:00,0,9,KRW-SAND,0.00201410
2026-09-02T00:14:24.905768+00:00,0,9,KRW-PEPE,0.00415800
2026-09-02T00:14:24.905768+00:00,0,9,KRW-POL,0.00803213
2026-09-02T00:14:24.905768+00:00,0,9,KRW-STX,0.00287770
2026-09-02T00:14:24.905768+00:00,0,9,KRW-IRYS,0.00539084
2026-09-02T00:14:24.905768+00:00,0,9,KRW-AXS,0.00159363
2026-09-02T00:14:24.905768+00:00,0,9,KRW-TAO,0.00197174
2026-09-02T00:14:24.905768+00:00,0,9,KRW-ALGO,0.00816327
2026-09-02T00:14:24.905768+00:00,0,9,KRW-JTO,0.00342466
2026-09-02T00:14:24.905768+00:00,0,9,KRW-CC,0.00634921
2026-09-02T00:14:24.905768+00:00,0,9,KRW-BIRB,0.00252207
2026-09-02T00:14:24.905768+00:00,0,9,KRW-ME,0.00238949
2026-09-02T00:14:24.905768+00:00,0,9,KRW-SEI,0.00154679
2026-09-02T00:14:24.905768+00:00,0,9,KRW-ENS,0.00255265
2026-09-02T00:14:24.905768+00:00,0,9,KRW-ZRO,0.00282486
2026-09-02T00:14:24.905768+00:00,0,9,KRW-TRUMP,0.00095496
2026-09-02T00:14:24.905768+00:00,0,9,KRW-XEC,0.00105541
2026-09-02T00:14:24.905768+00:00,0,9,KRW-RVN,0.00768246
2026-09-02T00:14:24.905768+00:00,0,9,KRW-ZAMA,0.00289436
2026-09-02T00:14:24.905768+00:00,0,9,KRW-GEOD,0.00671141
2026-09-02T00:14:24.905768+00:00,0,9,KRW-AKT,0.00581395
2026-09-02T00:14:24.905768+00:00,0,9,KRW-FIL,0.00185529
2026-09-02T00:14:24.905768+00:00,0,9,KRW-APT,0.00264901
2026-09-02T00:14:24.905768+00:00,0,9,KRW-DRV,0.01025641
2026-09-02T00:14:24.905768+00:00,0,9,KRW-ID,0.00221976
2026-09-02T00:14:24.905768+00:00,0,9,KRW-SOON,0.00391389
2026-09-02T00:14:24.905768+00:00,0,9,KRW-O,0.00388350
2026-09-02T00:14:24.905768+00:00,0,9,KRW-AVNT,0.00692042
2026-09-02T00:14:24.905768+00:00,0,9,KRW-TREE,0.00369686
2026-09-02T00:14:24.905768+00:00,0,9,KRW-KITE,0.00583090
2026-09-02T00:14:24.905768+00:00,0,9,KRW-BLEND,0.00115674
2026-09-02T00:14:24.905768+00:00,0,9,KRW-MANTRA,0.00647249
2026-09-02T00:14:24.905768+00:00,0,9,KRW-CFG,0.00651466
2026-09-02T00:14:24.905768+00:00,0,9,KRW-GAS,0.00118765
2026-09-02T00:14:24.905768+00:00,0,9,KRW-BERA,0.00405680
2026-09-02T00:14:24.905768+00:00,0,9,KRW-MEGA,0.00386100
2026-09-02T00:14:24.905768+00:00,0,9,KRW-SOPH,0.00143164
2026-09-02T00:14:24.905768+00:00,0,9,KRW-UP2,0.00282087
2026-09-02T00:14:24.905768+00:00,0,9,KRW-ZORA,0.00956938
2026-09-02T00:14:24.905768+00:00,0,9,KRW-OPG,0.00727273
2026-09-02T00:14:24.905768+00:00,0,9,KRW-BSV,0.00278164
2026-09-02T00:14:24.905768+00:00,0,9,KRW-HYPER,0.00336511
2026-09-02T00:14:24.905768+00:00,0,9,KRW-TRAC,0.00220994
2026-09-02T00:14:24.905768+00:00,0,9,KRW-IN,0.00442478
2026-09-02T00:14:24.905768+00:00,0,9,KRW-ATH,0.00314961
2026-09-02T00:14:24.905768+00:00,0,9,KRW-ETHFI,0.00128783
2026-09-02T00:14:24.905768+00:00,0,9,KRW-MON,0.00272851
2026-09-02T00:14:24.905768+00:00,0,9,KRW-ZIL,0.00841515
2026-09-02T00:14:24.905768+00:00,0,9,KRW-B3,0.00158856
2026-09-02T00:14:24.905768+00:00,0,9,KRW-ELSA,0.00159872
2026-09-02T00:14:24.905768+00:00,0,9,KRW-JUP,0.00339559
2026-09-02T00:14:24.905768+00:00,0,9,KRW-SIGN,0.00809717
2026-09-02T00:14:24.905768+00:00,0,9,KRW-FLOCK,0.00211193
2026-09-02T00:14:24.905768+00:00,0,9,KRW-DEEP,0.00506329
2026-09-02T00:14:24.905768+00:00,0,9,KRW-G,0.00382409
2026-09-02T00:14:24.905768+00:00,0,9,KRW-INJ,0.00081733
2026-09-02T00:14:24.905768+00:00,0,9,KRW-VVV,0.00352268
2026-09-02T00:14:24.905768+00:00,0,9,KRW-BIGTIME,0.00336511
2026-09-02T00:14:24.905768+00:00,0,9,KRW-BIO,0.00566572
2026-09-02T00:14:24.905768+00:00,0,9,KRW-RENDER,0.00151707
2026-09-02T00:14:24.905768+00:00,0,9,KRW-BARD,0.00579710
2026-09-02T00:14:24.905768+00:00,0,9,KRW-CHZ,0.00539084
2026-09-02T00:14:24.905768+00:00,0,9,KRW-LSK,0.00722022
2026-09-02T00:14:24.905768+00:00,0,9,KRW-CRO,0.00131320
2026-09-02T00:14:24.905768+00:00,0,9,KRW-VANA,0.00162470
2026-09-02T00:14:24.905768+00:00,0,9,KRW-LAYER,0.00105319
2026-09-02T00:14:24.905768+00:00,0,9,KRW-RED,0.00630915
2026-09-02T00:14:24.905768+00:00,0,9,KRW-DOT,0.00248036
2026-09-02T00:14:24.905768+00:00,0,9,KRW-ATOM,0.00098814
2026-09-02T00:14:24.905768+00:00,0,9,KRW-DOOD,0.00542005
2026-09-02T00:14:24.905768+00:00,0,9,KRW-XAUT,0.00216938
2026-09-02T00:14:24.905768+00:00,0,9,KRW-BORA,0.00333890
2026-09-02T00:14:24.905768+00:00,0,9,KRW-AWE,0.00233918
2026-09-02T00:14:24.905768+00:00,0,9,KRW-WAVES,0.00660066
2026-09-02T00:14:24.905768+00:00,0,9,KRW-ZKP,0.00164609
2026-09-02T00:14:24.905768+00:00,0,9,KRW-EDGE,0.00317965
2026-09-02T00:14:24.905768+00:00,0,9,KRW-ELF,0.00564016
2026-09-02T00:14:24.905768+00:00,0,9,KRW-AI,0.00371058
2026-09-02T00:14:24.905768+00:00,0,9,KRW-SNT,0.00110314
2026-09-02T00:14:24.905768+00:00,0,9,KRW-OPEN,0.00579710
2026-09-02T00:14:24.905768+00:00,0,9,KRW-SKR,0.00317965
2026-09-02T00:14:24.905768+00:00,0,9,KRW-MET2,0.00749064
2026-09-02T00:14:24.905768+00:00,0,9,KRW-FF,0.00732601
2026-09-02T00:14:24.905768+00:00,0,9,KRW-KAT,0.00160128
2026-09-02T00:14:24.905768+00:00,0,9,KRW-W,0.00754717
2026-09-02T00:14:24.905768+00:00,0,9,KRW-PENDLE,0.00197902
2026-09-02T00:14:24.905768+00:00,0,9,KRW-SPK,0.00353982
2026-09-02T00:14:24.905768+00:00,0,9,KRW-PYTH,0.00277008
2026-09-02T00:14:24.905768+00:00,0,9,KRW-STEEM,0.00339559
2026-09-02T00:14:24.905768+00:00,0,9,KRW-COW,0.00586510
2026-09-02T00:15:27.493065+00:00,0,9,KRW-SHIB,0.00279330
2026-09-02T00:15:27.493065+00:00,0,9,KRW-KAITO,0.00237248
2026-09-02T00:15:27.493065+00:00,0,9,KRW-SUI,0.00100150
2026-09-02T00:15:27.493065+00:00,0,9,KRW-MMT,0.00457666
2026-09-02T00:15:27.493065+00:00,0,9,KRW-LINK,0.00064454
2026-09-02T00:15:27.493065+00:00,0,9,KRW-PUMP,0.00330033
2026-09-02T00:15:27.493065+00:00,0,9,KRW-NEAR,0.00076394
2026-09-02T00:15:27.493065+00:00,0,9,KRW-ZBT,0.00865801
2026-09-02T00:15:27.493065+00:00,0,9,KRW-LA,0.00118554
2026-09-02T00:15:27.493065+00:00,0,9,KRW-CHIP,0.00328407
2026-09-02T00:15:27.493065+00:00,0,9,KRW-QUID,0.00112045
2026-09-02T00:15:27.493065+00:00,0,9,KRW-PENGU,0.00851064
2026-09-02T00:15:27.493065+00:00,0,9,KRW-AVAX,0.00200000
2026-09-02T00:15:27.493065+00:00,0,9,KRW-VIRTUAL,0.00211864
2026-09-02T00:15:27.493065+00:00,0,9,KRW-MOVE,0.00851064
2026-09-02T00:15:27.493065+00:00,0,9,KRW-UNI,0.00122474
2026-09-02T00:15:27.493065+00:00,0,9,KRW-PIEVERSE,0.00068517
2026-09-02T00:15:27.493065+00:00,0,9,KRW-PRL,0.00481928
2026-09-02T00:15:27.493065+00:00,0,9,KRW-HBAR,0.00975610
2026-09-02T00:15:27.493065+00:00,0,9,KRW-ONT,0.00536193
2026-09-02T00:15:27.493065+00:00,0,9,KRW-ENSO,0.00171233
2026-09-02T00:15:27.493065+00:00,0,9,KRW-XPL,0.00873362
2026-09-02T00:15:27.493065+00:00,0,9,KRW-SAHARA,0.00881057
2026-09-02T00:15:27.493065+00:00,0,9,KRW-AAVE,0.00226372
2026-09-02T00:15:27.493065+00:00,0,9,KRW-ARX,0.00589971
2026-09-02T00:15:27.493065+00:00,0,9,KRW-TRX,0.00224467
2026-09-02T00:15:27.493065+00:00,0,9,KRW-HOLO,0.00230947
2026-09-02T00:15:27.493065+00:00,0,9,KRW-WLFI,0.00126984
2026-09-02T00:15:27.493065+00:00,0,9,KRW-BCH,0.00176160
2026-09-02T00:15:27.493065+00:00,0,9,KRW-DATA,0.00366972
2026-09-02T00:15:27.493065+00:00,0,9,KRW-PLUME,0.00514139
2026-09-02T00:15:27.493065+00:00,0,9,KRW-ARB,0.00660066
2026-09-02T00:15:27.493065+00:00,0,9,KRW-STORJ,0.00794702
2026-09-02T00:15:27.493065+00:00,0,9,KRW-BONK,0.00313972
2026-09-02T00:15:27.493065+00:00,0,9,KRW-ETC,0.00099651
2026-09-02T00:15:27.493065+00:00,0,9,KRW-ESP,0.01739130
2026-09-02T00:15:27.493065+00:00,0,9,KRW-0G,0.00371058
2026-09-02T00:15:27.493065+00:00,0,9,KRW-META2,0.00476353
2026-09-02T00:15:27.493065+00:00,0,9,KRW-BSB,0.01379310
2026-09-02T00:15:27.493065+00:00,0,9,KRW-ERA,0.00125707
2026-09-02T00:15:27.493065+00:00,0,9,KRW-MIRA,0.00168492
2026-09-02T00:15:27.493065+00:00,0,9,KRW-SAND,0.00402414
2026-09-02T00:15:27.493065+00:00,0,9,KRW-PEPE,0.00415800
2026-09-02T00:15:27.493065+00:00,0,9,KRW-POL,0.00803213
2026-09-02T00:15:27.493065+00:00,0,9,KRW-STX,0.00287770
2026-09-02T00:15:27.493065+00:00,0,9,KRW-IRYS,0.00539084
2026-09-02T00:15:27.493065+00:00,0,9,KRW-AXS,0.00238949
2026-09-02T00:15:27.493065+00:00,0,9,KRW-TAO,0.00197109
2026-09-02T00:15:27.493065+00:00,0,9,KRW-ALGO,0.00816327
2026-09-02T00:15:27.493065+00:00,0,9,KRW-JTO,0.00342466
2026-09-02T00:15:27.493065+00:00,0,9,KRW-CC,0.00634921
2026-09-02T00:15:27.493065+00:00,0,9,KRW-BIRB,0.00252207
2026-09-02T00:15:27.493065+00:00,0,9,KRW-ME,0.00238949
2026-09-02T00:15:27.493065+00:00,0,9,KRW-SEI,0.00154919
2026-09-02T00:15:27.493065+00:00,0,9,KRW-ENS,0.00255428
2026-09-02T00:15:27.493065+00:00,0,9,KRW-ZRO,0.00212089
2026-09-02T00:15:27.493065+00:00,0,9,KRW-TRUMP,0.00031812
2026-09-02T00:15:27.493065+00:00,0,9,KRW-XEC,0.00210970
2026-09-02T00:15:27.493065+00:00,0,9,KRW-RVN,0.00511509
2026-09-02T00:15:27.493065+00:00,0,9,KRW-ZAMA,0.00433839
2026-09-02T00:15:27.493065+00:00,0,9,KRW-GEOD,0.00671141
2026-09-02T00:15:27.493065+00:00,0,9,KRW-AKT,0.00436364
2026-09-02T00:15:27.493065+00:00,0,9,KRW-FIL,0.00185357
2026-09-02T00:15:27.493065+00:00,0,9,KRW-APT,0.00264550
2026-09-02T00:15:27.493065+00:00,0,9,KRW-DRV,0.00511509
2026-09-02T00:15:27.493065+00:00,0,9,KRW-ID,0.00221976
2026-09-02T00:15:27.493065+00:00,0,9,KRW-SOON,0.00391389
2026-09-02T00:15:27.493065+00:00,0,9,KRW-O,0.00388350
2026-09-02T00:15:27.493065+00:00,0,9,KRW-AVNT,0.00692042
2026-09-02T00:15:27.493065+00:00,0,9,KRW-TREE,0.00369686
2026-09-02T00:15:27.493065+00:00,0,9,KRW-KITE,0.00583090
2026-09-02T00:15:27.493065+00:00,0,9,KRW-BLEND,0.00115674
2026-09-02T00:15:27.493065+00:00,0,9,KRW-MANTRA,0.00649351
2026-09-02T00:15:27.493065+00:00,0,9,KRW-CFG,0.01298701
2026-09-02T00:15:27.493065+00:00,0,9,KRW-GAS,0.00237530
2026-09-02T00:15:27.493065+00:00,0,9,KRW-BERA,0.00405680
2026-09-02T00:15:27.493065+00:00,0,9,KRW-MEGA,0.00192864
2026-09-02T00:15:27.493065+00:00,0,9,KRW-SOPH,0.00430108
2026-09-02T00:15:27.493065+00:00,0,9,KRW-UP2,0.00282087
2026-09-02T00:15:27.493065+00:00,0,9,KRW-ZORA,0.00956938
2026-09-02T00:15:27.493065+00:00,0,9,KRW-OPG,0.00727273
2026-09-02T00:15:27.493065+00:00,0,9,KRW-BSV,0.00371230
2026-09-02T00:15:27.493065+00:00,0,9,KRW-HYPER,0.00336511
2026-09-02T00:15:27.493065+00:00,0,9,KRW-TRAC,0.01097695
2026-09-02T00:15:27.493065+00:00,0,9,KRW-IN,0.00443459
2026-09-02T00:15:27.493065+00:00,0,9,KRW-ATH,0.00472069
2026-09-02T00:15:27.493065+00:00,0,9,KRW-ETHFI,0.00257400
2026-09-02T00:15:27.493065+00:00,0,9,KRW-MON,0.00272851
2026-09-02T00:15:27.493065+00:00,0,9,KRW-ZIL,0.00282087
2026-09-02T00:15:27.493065+00:00,0,9,KRW-B3,0.00317965
2026-09-02T00:15:27.493065+00:00,0,9,KRW-ELSA,0.00160128
2026-09-02T00:15:27.493065+00:00,0,9,KRW-JUP,0.00339559
2026-09-02T00:15:27.493065+00:00,0,9,KRW-SIGN,0.00809717
2026-09-02T00:15:27.493065+00:00,0,9,KRW-FLOCK,0.00211640
2026-09-02T00:15:27.493065+00:00,0,9,KRW-DEEP,0.00506329
2026-09-02T00:15:27.493065+00:00,0,9,KRW-G,0.00380952
2026-09-02T00:15:27.493065+00:00,0,9,KRW-INJ,0.00406669
2026-09-02T00:15:27.493065+00:00,0,9,KRW-VVV,0.00396040
2026-09-02T00:15:27.493065+00:00,0,9,KRW-BIGTIME,0.00111919
2026-09-02T00:15:27.493065+00:00,0,9,KRW-BIO,0.00566572
2026-09-02T00:15:27.493065+00:00,0,9,KRW-RENDER,0.00151630
2026-09-02T00:15:27.493065+00:00,0,9,KRW-BARD,0.00579710
2026-09-02T00:15:27.493065+00:00,0,9,KRW-CHZ,0.00539084
2026-09-02T00:15:27.493065+00:00,0,9,KRW-LSK,0.00722022
2026-09-02T00:15:27.493065+00:00,0,9,KRW-CRO,0.00131492
2026-09-02T00:15:27.493065+00:00,0,9,KRW-VANA,0.00162470
2026-09-02T00:15:27.493065+00:00,0,9,KRW-LAYER,0.00210970
2026-09-02T00:15:27.493065+00:00,0,9,KRW-RED,0.00630915
2026-09-02T00:15:27.493065+00:00,0,9,KRW-DOT,0.00247627
2026-09-02T00:15:27.493065+00:00,0,9,KRW-ATOM,0.00148258
2026-09-02T00:15:27.493065+00:00,0,9,KRW-DOOD,0.00542005
2026-09-02T00:15:27.493065+00:00,0,9,KRW-XAUT,0.00183563
2026-09-02T00:15:27.493065+00:00,0,9,KRW-BORA,0.00333890
2026-09-02T00:15:27.493065+00:00,0,9,KRW-AWE,0.00233918
2026-09-02T00:15:27.493065+00:00,0,9,KRW-WAVES,0.00660066
2026-09-02T00:15:27.493065+00:00,0,9,KRW-ZKP,0.00329489
2026-09-02T00:15:27.493065+00:00,0,9,KRW-EDGE,0.00317965
2026-09-02T00:15:27.493065+00:00,0,9,KRW-ELF,0.00564016
2026-09-02T00:15:27.493065+00:00,0,9,KRW-AI,0.00371058
2026-09-02T00:15:27.493065+00:00,0,9,KRW-SNT,0.00110436
2026-09-02T00:15:27.493065+00:00,0,9,KRW-OPEN,0.00579710
2026-09-02T00:15:27.493065+00:00,0,9,KRW-SKR,0.00630915
2026-09-02T00:15:27.493065+00:00,0,9,KRW-MET2,0.00749064
2026-09-02T00:15:27.493065+00:00,0,9,KRW-FF,0.00732601
2026-09-02T00:15:27.493065+00:00,0,9,KRW-KAT,0.00159872
2026-09-02T00:15:27.493065+00:00,0,9,KRW-W,0.00754717
2026-09-02T00:15:27.493065+00:00,0,9,KRW-PENDLE,0.00197902
2026-09-02T00:15:27.493065+00:00,0,9,KRW-SPK,0.00353982
2026-09-02T00:15:27.493065+00:00,0,9,KRW-PYTH,0.00276243
2026-09-02T00:15:27.493065+00:00,0,9,KRW-STEEM,0.00339559
2026-09-02T00:15:27.493065+00:00,0,9,KRW-COW,0.00586510
2026-09-02T00:16:30.053772+00:00,0,9,KRW-SHIB,0.00140154
2026-09-02T00:16:30.053772+00:00,0,9,KRW-KAITO,0.00237248
2026-09-02T00:16:30.053772+00:00,0,9,KRW-SUI,0.00100150
2026-09-02T00:16:30.053772+00:00,0,9,KRW-MMT,0.00457666
2026-09-02T00:16:30.053772+00:00,0,9,KRW-LINK,0.00064454
2026-09-02T00:16:30.053772+00:00,0,9,KRW-PUMP,0.00330033
2026-09-02T00:16:30.053772+00:00,0,9,KRW-NEAR,0.00076453
2026-09-02T00:16:30.053772+00:00,0,9,KRW-ZBT,0.00865801
2026-09-02T00:16:30.053772+00:00,0,9,KRW-LA,0.00232829
2026-09-02T00:16:30.053772+00:00,0,9,KRW-CHIP,0.00164880
2026-09-02T00:16:30.053772+00:00,0,9,KRW-QUID,0.00561482
2026-09-02T00:16:30.053772+00:00,0,9,KRW-PENGU,0.00851064
2026-09-02T00:16:30.053772+00:00,0,9,KRW-AVAX,0.00200000
2026-09-02T00:16:30.053772+00:00,0,9,KRW-VIRTUAL,0.00212089
2026-09-02T00:16:30.053772+00:00,0,9,KRW-MOVE,0.00851064
2026-09-02T00:16:30.053772+00:00,0,9,KRW-UNI,0.00122474
2026-09-02T00:16:30.053772+00:00,0,9,KRW-PIEVERSE,0.00068564
2026-09-02T00:16:30.053772+00:00,0,9,KRW-PRL,0.00481928
2026-09-02T00:16:30.053772+00:00,0,9,KRW-HBAR,0.00975610
2026-09-02T00:16:30.053772+00:00,0,9,KRW-ONT,0.00133958
2026-09-02T00:16:30.053772+00:00,0,9,KRW-ENSO,0.00171233
2026-09-02T00:16:30.053772+00:00,0,9,KRW-XPL,0.00873362
2026-09-02T00:16:30.053772+00:00,0,9,KRW-SAHARA,0.00881057
2026-09-02T00:16:30.053772+00:00,0,9,KRW-AAVE,0.00169731
2026-09-02T00:16:30.053772+00:00,0,9,KRW-ARX,0.00589971
2026-09-02T00:16:30.053772+00:00,0,9,KRW-TRX,0.00224467
2026-09-02T00:16:30.053772+00:00,0,9,KRW-HOLO,0.00230681
2026-09-02T00:16:30.053772+00:00,0,9,KRW-WLFI,0.00126984
2026-09-02T00:16:30.053772+00:00,0,9,KRW-BCH,0.00176160
2026-09-02T00:16:30.053772+00:00,0,9,KRW-DATA,0.00729927
2026-09-02T00:16:30.053772+00:00,0,9,KRW-PLUME,0.00514139
2026-09-02T00:16:30.053772+00:00,0,9,KRW-ARB,0.00664452
2026-09-02T00:16:30.053772+00:00,0,9,KRW-STORJ,0.00132188
2026-09-02T00:16:30.053772+00:00,0,9,KRW-BONK,0.00159109
2026-09-02T00:16:30.053772+00:00,0,9,KRW-ETC,0.00199601
2026-09-02T00:16:30.053772+00:00,0,9,KRW-ESP,0.00865801
2026-09-02T00:16:30.053772+00:00,0,9,KRW-0G,0.00368324
2026-09-02T00:16:30.053772+00:00,0,9,KRW-META2,0.00476353
2026-09-02T00:16:30.053772+00:00,0,9,KRW-BSB,0.00692042
2026-09-02T00:16:30.053772+00:00,0,9,KRW-ERA,0.00125707
2026-09-02T00:16:30.053772+00:00,0,9,KRW-MIRA,0.00337268
2026-09-02T00:16:30.053772+00:00,0,9,KRW-SAND,0.00201410
2026-09-02T00:16:30.053772+00:00,0,9,KRW-PEPE,0.00208117
2026-09-02T00:16:30.053772+00:00,0,9,KRW-POL,0.00803213
2026-09-02T00:16:30.053772+00:00,0,9,KRW-STX,0.00576369
2026-09-02T00:16:30.053772+00:00,0,9,KRW-IRYS,0.00539084
2026-09-02T00:16:30.053772+00:00,0,9,KRW-AXS,0.00079650
2026-09-02T00:16:30.053772+00:00,0,9,KRW-TAO,0.00197174
2026-09-02T00:16:30.053772+00:00,0,9,KRW-ALGO,0.00816327
2026-09-02T00:16:30.053772+00:00,0,9,KRW-JTO,0.00171086
2026-09-02T00:16:30.053772+00:00,0,9,KRW-CC,0.00634921
2026-09-02T00:16:30.053772+00:00,0,9,KRW-BIRB,0.00126183
2026-09-02T00:16:30.053772+00:00,0,9,KRW-ME,0.00239234
2026-09-02T00:16:30.053772+00:00,0,9,KRW-SEI,0.00309598
2026-09-02T00:16:30.053772+00:00,0,9,KRW-ENS,0.00191755
2026-09-02T00:16:30.053772+00:00,0,9,KRW-ZRO,0.00354233
2026-09-02T00:16:30.053772+00:00,0,9,KRW-TRUMP,0.00031883
2026-09-02T00:16:30.053772+00:00,0,9,KRW-XEC,0.00210970
2026-09-02T00:16:30.053772+00:00,0,9,KRW-RVN,0.00511509
2026-09-02T00:16:30.053772+00:00,0,9,KRW-ZAMA,0.00434468
2026-09-02T00:16:30.053772+00:00,0,9,KRW-GEOD,0.00671141
2026-09-02T00:16:30.053772+00:00,0,9,KRW-AKT,0.00436364
2026-09-02T00:16:30.053772+00:00,0,9,KRW-FIL,0.00092807
2026-09-02T00:16:30.053772+00:00,0,9,KRW-APT,0.00264550
2026-09-02T00:16:30.053772+00:00,0,9,KRW-DRV,0.00511509
2026-09-02T00:16:30.053772+00:00,0,9,KRW-ID,0.00221976
2026-09-02T00:16:30.053772+00:00,0,9,KRW-SOON,0.00392927
2026-09-02T00:16:30.053772+00:00,0,9,KRW-O,0.00388350
2026-09-02T00:16:30.053772+00:00,0,9,KRW-AVNT,0.00692042
2026-09-02T00:16:30.053772+00:00,0,9,KRW-TREE,0.00185014
2026-09-02T00:16:30.053772+00:00,0,9,KRW-KITE,0.00583090
2026-09-02T00:16:30.053772+00:00,0,9,KRW-BLEND,0.00347423
2026-09-02T00:16:30.053772+00:00,0,9,KRW-MANTRA,0.00812348
2026-09-02T00:16:30.053772+00:00,0,9,KRW-CFG,0.01298701
2026-09-02T00:16:30.053772+00:00,0,9,KRW-GAS,0.00237530
2026-09-02T00:16:30.053772+00:00,0,9,KRW-BERA,0.00405680
2026-09-02T00:16:30.053772+00:00,0,9,KRW-MEGA,0.00193611
2026-09-02T00:16:30.053772+00:00,0,9,KRW-SOPH,0.00869565
2026-09-02T00:16:30.053772+00:00,0,9,KRW-UP2,0.00281690
2026-09-02T00:16:30.053772+00:00,0,9,KRW-ZORA,0.00956938
2026-09-02T00:16:30.053772+00:00,0,9,KRW-OPG,0.00727273
2026-09-02T00:16:30.053772+00:00,0,9,KRW-BSV,0.00324600
2026-09-02T00:16:30.053772+00:00,0,9,KRW-HYPER,0.00336511
2026-09-02T00:16:30.053772+00:00,0,9,KRW-TRAC,0.00440529
2026-09-02T00:16:30.053772+00:00,0,9,KRW-IN,0.00221976
2026-09-02T00:16:30.053772+00:00,0,9,KRW-ATH,0.00157356
2026-09-02T00:16:30.053772+00:00,0,9,KRW-ETHFI,0.00128949
2026-09-02T00:16:30.053772+00:00,0,9,KRW-MON,0.00272851
2026-09-02T00:16:30.053772+00:00,0,9,KRW-ZIL,0.00282087
2026-09-02T00:16:30.053772+00:00,0,9,KRW-B3,0.00317965
2026-09-02T00:16:30.053772+00:00,0,9,KRW-ELSA,0.00160128
2026-09-02T00:16:30.053772+00:00,0,9,KRW-JUP,0.00339559
2026-09-02T00:16:30.053772+00:00,0,9,KRW-SIGN,0.00809717
2026-09-02T00:16:30.053772+00:00,0,9,KRW-FLOCK,0.00210748
2026-09-02T00:16:30.053772+00:00,0,9,KRW-DEEP,0.00506329
2026-09-02T00:16:30.053772+00:00,0,9,KRW-G,0.00383142
2026-09-02T00:16:30.053772+00:00,0,9,KRW-INJ,0.00325203
2026-09-02T00:16:30.053772+00:00,0,9,KRW-VVV,0.00352113
2026-09-02T00:16:30.053772+00:00,0,9,KRW-BIGTIME,0.00223964
2026-09-02T00:16:30.053772+00:00,0,9,KRW-BIO,0.00566572
2026-09-02T00:16:30.053772+00:00,0,9,KRW-RENDER,0.00151707
2026-09-02T00:16:30.053772+00:00,0,9,KRW-BARD,0.00579710
2026-09-02T00:16:30.053772+00:00,0,9,KRW-CHZ,0.00539084
2026-09-02T00:16:30.053772+00:00,0,9,KRW-LSK,0.00722022
2026-09-02T00:16:30.053772+00:00,0,9,KRW-CRO,0.00394477
2026-09-02T00:16:30.053772+00:00,0,9,KRW-VANA,0.00243605
2026-09-02T00:16:30.053772+00:00,0,9,KRW-LAYER,0.00211416
2026-09-02T00:16:30.053772+00:00,0,9,KRW-RED,0.00630915
2026-09-02T00:16:30.053772+00:00,0,9,KRW-DOT,0.00082747
2026-09-02T00:16:30.053772+00:00,0,9,KRW-ATOM,0.00098863
2026-09-02T00:16:30.053772+00:00,0,9,KRW-DOOD,0.00542005
2026-09-02T00:16:30.053772+00:00,0,9,KRW-XAUT,0.00216974
2026-09-02T00:16:30.053772+00:00,0,9,KRW-BORA,0.00333890
2026-09-02T00:16:30.053772+00:00,0,9,KRW-AWE,0.00117028
2026-09-02T00:16:30.053772+00:00,0,9,KRW-WAVES,0.00660066
2026-09-02T00:16:30.053772+00:00,0,9,KRW-ZKP,0.00330033
2026-09-02T00:16:30.053772+00:00,0,9,KRW-EDGE,0.00106440
2026-09-02T00:16:30.053772+00:00,0,9,KRW-ELF,0.00564016
2026-09-02T00:16:30.053772+00:00,0,9,KRW-AI,0.00740741
2026-09-02T00:16:30.053772+00:00,0,9,KRW-SNT,0.00110436
2026-09-02T00:16:30.053772+00:00,0,9,KRW-OPEN,0.00579710
2026-09-02T00:16:30.053772+00:00,0,9,KRW-SKR,0.00313972
2026-09-02T00:16:30.053772+00:00,0,9,KRW-MET2,0.00749064
2026-09-02T00:16:30.053772+00:00,0,9,KRW-FF,0.00738007
2026-09-02T00:16:30.053772+00:00,0,9,KRW-KAT,0.00159872
2026-09-02T00:16:30.053772+00:00,0,9,KRW-W,0.00754717
2026-09-02T00:16:30.053772+00:00,0,9,KRW-PENDLE,0.00158416
2026-09-02T00:16:30.053772+00:00,0,9,KRW-SPK,0.00709220
2026-09-02T00:16:30.053772+00:00,0,9,KRW-PYTH,0.00276243
2026-09-02T00:16:30.053772+00:00,0,9,KRW-STEEM,0.00339559
2026-09-02T00:16:30.053772+00:00,0,9,KRW-COW,0.00586510
2026-09-02T00:17:32.634674+00:00,0,9,KRW-SHIB,0.00140154
2026-09-02T00:17:32.634674+00:00,0,9,KRW-KAITO,0.00237812
2026-09-02T00:17:32.634674+00:00,0,9,KRW-SUI,0.00100150
2026-09-02T00:17:32.634674+00:00,0,9,KRW-MMT,0.00457666
2026-09-02T00:17:32.634674+00:00,0,9,KRW-LINK,0.00064454
2026-09-02T00:17:32.634674+00:00,0,9,KRW-PUMP,0.00164880
2026-09-02T00:17:32.634674+00:00,0,9,KRW-NEAR,0.00114482
2026-09-02T00:17:32.634674+00:00,0,9,KRW-ZBT,0.00865801
2026-09-02T00:17:32.634674+00:00,0,9,KRW-LA,0.00477327
2026-09-02T00:17:32.634674+00:00,0,9,KRW-CHIP,0.00330579
2026-09-02T00:17:32.634674+00:00,0,9,KRW-QUID,0.00112549
2026-09-02T00:17:32.634674+00:00,0,9,KRW-PENGU,0.00851064
2026-09-02T00:17:32.634674+00:00,0,9,KRW-AVAX,0.00100050
2026-09-02T00:17:32.634674+00:00,0,9,KRW-VIRTUAL,0.00211864
2026-09-02T00:17:32.634674+00:00,0,9,KRW-MOVE,0.00851064
2026-09-02T00:17:32.634674+00:00,0,9,KRW-UNI,0.00122175
2026-09-02T00:17:32.634674+00:00,0,9,KRW-PIEVERSE,0.00137080
2026-09-02T00:17:32.634674+00:00,0,9,KRW-PRL,0.00481928
2026-09-02T00:17:32.634674+00:00,0,9,KRW-HBAR,0.00975610
2026-09-02T00:17:32.634674+00:00,0,9,KRW-ONT,0.00402414
2026-09-02T00:17:32.634674+00:00,0,9,KRW-ENSO,0.00085580
2026-09-02T00:17:32.634674+00:00,0,9,KRW-XPL,0.00873362
2026-09-02T00:17:32.634674+00:00,0,9,KRW-SAHARA,0.00881057
2026-09-02T00:17:32.634674+00:00,0,9,KRW-AAVE,0.00112994
2026-09-02T00:17:32.634674+00:00,0,9,KRW-ARX,0.00589971
2026-09-02T00:17:32.634674+00:00,0,9,KRW-TRX,0.00224467
2026-09-02T00:17:32.634674+00:00,0,9,KRW-HOLO,0.00230415
2026-09-02T00:17:32.634674+00:00,0,9,KRW-WLFI,0.00126984
2026-09-02T00:17:32.634674+00:00,0,9,KRW-BCH,0.00176108
2026-09-02T00:17:32.634674+00:00,0,9,KRW-DATA,0.00364299
2026-09-02T00:17:32.634674+00:00,0,9,KRW-PLUME,0.00514139
2026-09-02T00:17:32.634674+00:00,0,9,KRW-ARB,0.00664452
2026-09-02T00:17:32.634674+00:00,0,9,KRW-STORJ,0.00132188
2026-09-02T00:17:32.634674+00:00,0,9,KRW-BONK,0.00157356
2026-09-02T00:17:32.634674+00:00,0,9,KRW-ETC,0.00199601
2026-09-02T00:17:32.634674+00:00,0,9,KRW-ESP,0.00865801
2026-09-02T00:17:32.634674+00:00,0,9,KRW-0G,0.00368324
2026-09-02T00:17:32.634674+00:00,0,9,KRW-META2,0.00542741
2026-09-02T00:17:32.634674+00:00,0,9,KRW-BSB,0.01379310
2026-09-02T00:17:32.634674+00:00,0,9,KRW-ERA,0.00251572
2026-09-02T00:17:32.634674+00:00,0,9,KRW-MIRA,0.00167926
2026-09-02T00:17:32.634674+00:00,0,9,KRW-SAND,0.00201005
2026-09-02T00:17:32.634674+00:00,0,9,KRW-PEPE,0.00208117
2026-09-02T00:17:32.634674+00:00,0,9,KRW-POL,0.00803213
2026-09-02T00:17:32.634674+00:00,0,9,KRW-STX,0.00287770
2026-09-02T00:17:32.634674+00:00,0,9,KRW-IRYS,0.00539084
2026-09-02T00:17:32.634674+00:00,0,9,KRW-AXS,0.00238569
2026-09-02T00:17:32.634674+00:00,0,9,KRW-TAO,0.00197174
2026-09-02T00:17:32.634674+00:00,0,9,KRW-ALGO,0.00816327
2026-09-02T00:17:32.634674+00:00,0,9,KRW-JTO,0.00341880
2026-09-02T00:17:32.634674+00:00,0,9,KRW-CC,0.00634921
2026-09-02T00:17:32.634674+00:00,0,9,KRW-BIRB,0.00251889
2026-09-02T00:17:32.634674+00:00,0,9,KRW-ME,0.00239234
2026-09-02T00:17:32.634674+00:00,0,9,KRW-SEI,0.00309119
2026-09-02T00:17:32.634674+00:00,0,9,KRW-ENS,0.00255591
2026-09-02T00:17:32.634674+00:00,0,9,KRW-ZRO,0.00282287
2026-09-02T00:17:32.634674+00:00,0,9,KRW-TRUMP,0.00127673
2026-09-02T00:17:32.634674+00:00,0,9,KRW-XEC,0.00210970
2026-09-02T00:17:32.634674+00:00,0,9,KRW-RVN,0.00512821
2026-09-02T00:17:32.634674+00:00,0,9,KRW-ZAMA,0.00434468
2026-09-02T00:17:32.634674+00:00,0,9,KRW-GEOD,0.00673401
2026-09-02T00:17:32.634674+00:00,0,9,KRW-AKT,0.00436364
2026-09-02T00:17:32.634674+00:00,0,9,KRW-FIL,0.00278164
2026-09-02T00:17:32.634674+00:00,0,9,KRW-APT,0.00264550
2026-09-02T00:17:32.634674+00:00,0,9,KRW-DRV,0.00511509
2026-09-02T00:17:32.634674+00:00,0,9,KRW-ID,0.00221484
2026-09-02T00:17:32.634674+00:00,0,9,KRW-SOON,0.00392927
2026-09-02T00:17:32.634674+00:00,0,9,KRW-O,0.00388350
2026-09-02T00:17:32.634674+00:00,0,9,KRW-AVNT,0.00692042
2026-09-02T00:17:32.634674+00:00,0,9,KRW-TREE,0.00369686
2026-09-02T00:17:32.634674+00:00,0,9,KRW-KITE,0.00583090
2026-09-02T00:17:32.634674+00:00,0,9,KRW-BLEND,0.00347423
2026-09-02T00:17:32.634674+00:00,0,9,KRW-MANTRA,0.00650407
2026-09-02T00:17:32.634674+00:00,0,9,KRW-CFG,0.01298701
2026-09-02T00:17:32.634674+00:00,0,9,KRW-GAS,0.00237530
2026-09-02T00:17:32.634674+00:00,0,9,KRW-BERA,0.00405680
2026-09-02T00:17:32.634674+00:00,0,9,KRW-MEGA,0.00193611
2026-09-02T00:17:32.634674+00:00,0,9,KRW-SOPH,0.00143781
2026-09-02T00:17:32.634674+00:00,0,9,KRW-UP2,0.00278940
2026-09-02T00:17:32.634674+00:00,0,9,KRW-ZORA,0.00956938
2026-09-02T00:17:32.634674+00:00,0,9,KRW-OPG,0.00727273
2026-09-02T00:17:32.634674+00:00,0,9,KRW-BSV,0.00324600
2026-09-02T00:17:32.634674+00:00,0,9,KRW-HYPER,0.00448430
2026-09-02T00:17:32.634674+00:00,0,9,KRW-TRAC,0.00440529
2026-09-02T00:17:32.634674+00:00,0,9,KRW-IN,0.00221976
2026-09-02T00:17:32.634674+00:00,0,9,KRW-ATH,0.00314961
2026-09-02T00:17:32.634674+00:00,0,9,KRW-ETHFI,0.00257732
2026-09-02T00:17:32.634674+00:00,0,9,KRW-MON,0.00272851
2026-09-02T00:17:32.634674+00:00,0,9,KRW-ZIL,0.00282087
2026-09-02T00:17:32.634674+00:00,0,9,KRW-B3,0.00158856
2026-09-02T00:17:32.634674+00:00,0,9,KRW-ELSA,0.00160128
2026-09-02T00:17:32.634674+00:00,0,9,KRW-JUP,0.00339559
2026-09-02T00:17:32.634674+00:00,0,9,KRW-SIGN,0.00809717
2026-09-02T00:17:32.634674+00:00,0,9,KRW-FLOCK,0.00210305
2026-09-02T00:17:32.634674+00:00,0,9,KRW-DEEP,0.00506329
2026-09-02T00:17:32.634674+00:00,0,9,KRW-G,0.00383142
2026-09-02T00:17:32.634674+00:00,0,9,KRW-INJ,0.00325468
2026-09-02T00:17:32.634674+00:00,0,9,KRW-VVV,0.00308438
2026-09-02T00:17:32.634674+00:00,0,9,KRW-BIGTIME,0.00446927
2026-09-02T00:17:32.634674+00:00,0,9,KRW-BIO,0.00566572
2026-09-02T00:17:32.634674+00:00,0,9,KRW-RENDER,0.00202224
2026-09-02T00:17:32.634674+00:00,0,9,KRW-BARD,0.00579710
2026-09-02T00:17:32.634674+00:00,0,9,KRW-CHZ,0.00539084
2026-09-02T00:17:32.634674+00:00,0,9,KRW-LSK,0.00722022
2026-09-02T00:17:32.634674+00:00,0,9,KRW-CRO,0.00394997
2026-09-02T00:17:32.634674+00:00,0,9,KRW-VANA,0.00162470
2026-09-02T00:17:32.634674+00:00,0,9,KRW-LAYER,0.00211416
2026-09-02T00:17:32.634674+00:00,0,9,KRW-RED,0.00630915
2026-09-02T00:17:32.634674+00:00,0,9,KRW-DOT,0.00165426
2026-09-02T00:17:32.634674+00:00,0,9,KRW-ATOM,0.00098863
2026-09-02T00:17:32.634674+00:00,0,9,KRW-DOOD,0.00542005
2026-09-02T00:17:32.634674+00:00,0,9,KRW-XAUT,0.00166889
2026-09-02T00:17:32.634674+00:00,0,9,KRW-BORA,0.00333890
2026-09-02T00:17:32.634674+00:00,0,9,KRW-AWE,0.00117028
2026-09-02T00:17:32.634674+00:00,0,9,KRW-WAVES,0.00660066
2026-09-02T00:17:32.634674+00:00,0,9,KRW-ZKP,0.00329489
2026-09-02T00:17:32.634674+00:00,0,9,KRW-EDGE,0.00212766
2026-09-02T00:17:32.634674+00:00,0,9,KRW-ELF,0.00564016
2026-09-02T00:17:32.634674+00:00,0,9,KRW-AI,0.00740741
2026-09-02T00:17:32.634674+00:00,0,9,KRW-SNT,0.00220751
2026-09-02T00:17:32.634674+00:00,0,9,KRW-OPEN,0.00579710
2026-09-02T00:17:32.634674+00:00,0,9,KRW-SKR,0.00312012
2026-09-02T00:17:32.634674+00:00,0,9,KRW-MET2,0.00749064
2026-09-02T00:17:32.634674+00:00,0,9,KRW-FF,0.00732601
2026-09-02T00:17:32.634674+00:00,0,9,KRW-KAT,0.00160128
2026-09-02T00:17:32.634674+00:00,0,9,KRW-W,0.00754717
2026-09-02T00:17:32.634674+00:00,0,9,KRW-PENDLE,0.00197902
2026-09-02T00:17:32.634674+00:00,0,9,KRW-SPK,0.00353982
2026-09-02T00:17:32.634674+00:00,0,9,KRW-PYTH,0.00138026
2026-09-02T00:17:32.634674+00:00,0,9,KRW-STEEM,0.00339559
2026-09-02T00:17:32.634674+00:00,0,9,KRW-COW,0.00586510
2026-09-02T00:18:35.326852+00:00,0,9,KRW-SHIB,0.00140154
2026-09-02T00:18:35.326852+00:00,0,9,KRW-KAITO,0.00475059
2026-09-02T00:18:35.326852+00:00,0,9,KRW-SUI,0.00100150
2026-09-02T00:18:35.326852+00:00,0,9,KRW-MMT,0.00459770
2026-09-02T00:18:35.326852+00:00,0,9,KRW-LINK,0.00064454
2026-09-02T00:18:35.326852+00:00,0,9,KRW-PUMP,0.00330033
2026-09-02T00:18:35.326852+00:00,0,9,KRW-NEAR,0.00076278
2026-09-02T00:18:35.326852+00:00,0,9,KRW-ZBT,0.00865801
2026-09-02T00:18:35.326852+00:00,0,9,KRW-LA,0.00119119
2026-09-02T00:18:35.326852+00:00,0,9,KRW-CHIP,0.00329489
2026-09-02T00:18:35.326852+00:00,0,9,KRW-QUID,0.00559597
2026-09-02T00:18:35.326852+00:00,0,9,KRW-PENGU,0.00851064
2026-09-02T00:18:35.326852+00:00,0,9,KRW-AVAX,0.00100050
2026-09-02T00:18:35.326852+00:00,0,9,KRW-VIRTUAL,0.00211864
2026-09-02T00:18:35.326852+00:00,0,9,KRW-MOVE,0.00851064
2026-09-02T00:18:35.326852+00:00,0,9,KRW-UNI,0.00061106
2026-09-02T00:18:35.326852+00:00,0,9,KRW-PIEVERSE,0.00137080
2026-09-02T00:18:35.326852+00:00,0,9,KRW-PRL,0.00481928
2026-09-02T00:18:35.326852+00:00,0,9,KRW-HBAR,0.00975610
2026-09-02T00:18:35.326852+00:00,0,9,KRW-ONT,0.00265604
2026-09-02T00:18:35.326852+00:00,0,9,KRW-ENSO,0.00171233
2026-09-02T00:18:35.326852+00:00,0,9,KRW-XPL,0.00873362
2026-09-02T00:18:35.326852+00:00,0,9,KRW-SAHARA,0.00881057
2026-09-02T00:18:35.326852+00:00,0,9,KRW-AAVE,0.00112994
2026-09-02T00:18:35.326852+00:00,0,9,KRW-ARX,0.00589971
2026-09-02T00:18:35.326852+00:00,0,9,KRW-TRX,0.00224467
2026-09-02T00:18:35.326852+00:00,0,9,KRW-HOLO,0.00230415
2026-09-02T00:18:35.326852+00:00,0,9,KRW-WLFI,0.00253165
2026-09-02T00:18:35.326852+00:00,0,9,KRW-BCH,0.00146735
2026-09-02T00:18:35.326852+00:00,0,9,KRW-DATA,0.00365631
2026-09-02T00:18:35.326852+00:00,0,9,KRW-PLUME,0.00514139
2026-09-02T00:18:35.326852+00:00,0,9,KRW-ARB,0.00664452
2026-09-02T00:18:35.326852+00:00,0,9,KRW-STORJ,0.00265252
2026-09-02T00:18:35.326852+00:00,0,9,KRW-BONK,0.00313972
2026-09-02T00:18:35.326852+00:00,0,9,KRW-ETC,0.00199601
2026-09-02T00:18:35.326852+00:00,0,9,KRW-ESP,0.00865801
2026-09-02T00:18:35.326852+00:00,0,9,KRW-0G,0.00368324
2026-09-02T00:18:35.326852+00:00,0,9,KRW-META2,0.00068143
2026-09-02T00:18:35.326852+00:00,0,9,KRW-BSB,0.00692042
2026-09-02T00:18:35.326852+00:00,0,9,KRW-ERA,0.00251572
2026-09-02T00:18:35.326852+00:00,0,9,KRW-MIRA,0.00167645
2026-09-02T00:18:35.326852+00:00,0,9,KRW-SAND,0.00402414
2026-09-02T00:18:35.326852+00:00,0,9,KRW-PEPE,0.00415800
2026-09-02T00:18:35.326852+00:00,0,9,KRW-POL,0.00803213
2026-09-02T00:18:35.326852+00:00,0,9,KRW-STX,0.00287770
2026-09-02T00:18:35.326852+00:00,0,9,KRW-IRYS,0.00539084
2026-09-02T00:18:35.326852+00:00,0,9,KRW-AXS,0.00159109
2026-09-02T00:18:35.326852+00:00,0,9,KRW-TAO,0.00197174
2026-09-02T00:18:35.326852+00:00,0,9,KRW-ALGO,0.00816327
2026-09-02T00:18:35.326852+00:00,0,9,KRW-JTO,0.00341880
2026-09-02T00:18:35.326852+00:00,0,9,KRW-CC,0.00634921
2026-09-02T00:18:35.326852+00:00,0,9,KRW-BIRB,0.00377596
2026-09-02T00:18:35.326852+00:00,0,9,KRW-ME,0.00239234
2026-09-02T00:18:35.326852+00:00,0,9,KRW-SEI,0.00154440
2026-09-02T00:18:35.326852+00:00,0,9,KRW-ENS,0.00063877
2026-09-02T00:18:35.326852+00:00,0,9,KRW-ZRO,0.00211640
2026-09-02T00:18:35.326852+00:00,0,9,KRW-TRUMP,0.00031944
2026-09-02T00:18:35.326852+00:00,0,9,KRW-XEC,0.00210970
2026-09-02T00:18:35.326852+00:00,0,9,KRW-RVN,0.00255428
2026-09-02T00:18:35.326852+00:00,0,9,KRW-ZAMA,0.00289436
2026-09-02T00:18:35.326852+00:00,0,9,KRW-GEOD,0.00671141
2026-09-02T00:18:35.326852+00:00,0,9,KRW-AKT,0.00436364
2026-09-02T00:18:35.326852+00:00,0,9,KRW-FIL,0.00186047
2026-09-02T00:18:35.326852+00:00,0,9,KRW-APT,0.00132188
2026-09-02T00:18:35.326852+00:00,0,9,KRW-DRV,0.00511509
2026-09-02T00:18:35.326852+00:00,0,9,KRW-ID,0.00442478
2026-09-02T00:18:35.326852+00:00,0,9,KRW-SOON,0.00392927
2026-09-02T00:18:35.326852+00:00,0,9,KRW-O,0.00388350
2026-09-02T00:18:35.326852+00:00,0,9,KRW-AVNT,0.00692042
2026-09-02T00:18:35.326852+00:00,0,9,KRW-TREE,0.00369686
2026-09-02T00:18:35.326852+00:00,0,9,KRW-KITE,0.00583090
2026-09-02T00:18:35.326852+00:00,0,9,KRW-BLEND,0.00347423
2026-09-02T00:18:35.326852+00:00,0,9,KRW-MANTRA,0.00813670
2026-09-02T00:18:35.326852+00:00,0,9,KRW-CFG,0.01298701
2026-09-02T00:18:35.326852+00:00,0,9,KRW-GAS,0.00296648
2026-09-02T00:18:35.326852+00:00,0,9,KRW-BERA,0.00405680
2026-09-02T00:18:35.326852+00:00,0,9,KRW-MEGA,0.00193611
2026-09-02T00:18:35.326852+00:00,0,9,KRW-SOPH,0.00281690
2026-09-02T00:18:35.326852+00:00,0,9,KRW-UP2,0.00423430
2026-09-02T00:18:35.326852+00:00,0,9,KRW-ZORA,0.00956938
2026-09-02T00:18:35.326852+00:00,0,9,KRW-OPG,0.00727273
2026-09-02T00:18:35.326852+00:00,0,9,KRW-BSV,0.00324600
2026-09-02T00:18:35.326852+00:00,0,9,KRW-HYPER,0.00448430
2026-09-02T00:18:35.326852+00:00,0,9,KRW-TRAC,0.00440529
2026-09-02T00:18:35.326852+00:00,0,9,KRW-IN,0.00221976
2026-09-02T00:18:35.326852+00:00,0,9,KRW-ATH,0.00314465
2026-09-02T00:18:35.326852+00:00,0,9,KRW-ETHFI,0.00257732
2026-09-02T00:18:35.326852+00:00,0,9,KRW-MON,0.00272851
2026-09-02T00:18:35.326852+00:00,0,9,KRW-ZIL,0.01136364
2026-09-02T00:18:35.326852+00:00,0,9,KRW-B3,0.00158856
2026-09-02T00:18:35.326852+00:00,0,9,KRW-ELSA,0.00160128
2026-09-02T00:18:35.326852+00:00,0,9,KRW-JUP,0.00339559
2026-09-02T00:18:35.326852+00:00,0,9,KRW-SIGN,0.00809717
2026-09-02T00:18:35.326852+00:00,0,9,KRW-FLOCK,0.00210748
2026-09-02T00:18:35.326852+00:00,0,9,KRW-DEEP,0.01005025
2026-09-02T00:18:35.326852+00:00,0,9,KRW-G,0.00382409
2026-09-02T00:18:35.326852+00:00,0,9,KRW-INJ,0.00162602
2026-09-02T00:18:35.326852+00:00,0,9,KRW-VVV,0.00398142
2026-09-02T00:18:35.326852+00:00,0,9,KRW-BIGTIME,0.00335008
2026-09-02T00:18:35.326852+00:00,0,9,KRW-BIO,0.00566572
2026-09-02T00:18:35.326852+00:00,0,9,KRW-RENDER,0.00202224
2026-09-02T00:18:35.326852+00:00,0,9,KRW-BARD,0.00579710
2026-09-02T00:18:35.326852+00:00,0,9,KRW-CHZ,0.00539084
2026-09-02T00:18:35.326852+00:00,0,9,KRW-LSK,0.00722022
2026-09-02T00:18:35.326852+00:00,0,9,KRW-CRO,0.00394997
2026-09-02T00:18:35.326852+00:00,0,9,KRW-VANA,0.00162470
2026-09-02T00:18:35.326852+00:00,0,9,KRW-LAYER,0.00211193
2026-09-02T00:18:35.326852+00:00,0,9,KRW-RED,0.00630915
2026-09-02T00:18:35.326852+00:00,0,9,KRW-DOT,0.00082747
2026-09-02T00:18:35.326852+00:00,0,9,KRW-ATOM,0.00148185
2026-09-02T00:18:35.326852+00:00,0,9,KRW-DOOD,0.00542005
2026-09-02T00:18:35.326852+00:00,0,9,KRW-XAUT,0.00216829
2026-09-02T00:18:35.326852+00:00,0,9,KRW-BORA,0.00333890
2026-09-02T00:18:35.326852+00:00,0,9,KRW-AWE,0.00117028
2026-09-02T00:18:35.326852+00:00,0,9,KRW-WAVES,0.00660066
2026-09-02T00:18:35.326852+00:00,0,9,KRW-ZKP,0.00330033
2026-09-02T00:18:35.326852+00:00,0,9,KRW-EDGE,0.00319319
2026-09-02T00:18:35.326852+00:00,0,9,KRW-ELF,0.00451467
2026-09-02T00:18:35.326852+00:00,0,9,KRW-AI,0.00371058
2026-09-02T00:18:35.326852+00:00,0,9,KRW-SNT,0.00220751
2026-09-02T00:18:35.326852+00:00,0,9,KRW-OPEN,0.00579710
2026-09-02T00:18:35.326852+00:00,0,9,KRW-SKR,0.00314961
2026-09-02T00:18:35.326852+00:00,0,9,KRW-MET2,0.00749064
2026-09-02T00:18:35.326852+00:00,0,9,KRW-FF,0.00732601
2026-09-02T00:18:35.326852+00:00,0,9,KRW-KAT,0.00160128
2026-09-02T00:18:35.326852+00:00,0,9,KRW-W,0.00754717
2026-09-02T00:18:35.326852+00:00,0,9,KRW-PENDLE,0.00197981
2026-09-02T00:18:35.326852+00:00,0,9,KRW-SPK,0.00706714
2026-09-02T00:18:35.326852+00:00,0,9,KRW-PYTH,0.00275862
2026-09-02T00:18:35.326852+00:00,0,9,KRW-STEEM,0.00339559
2026-09-02T00:18:35.326852+00:00,0,9,KRW-COW,0.00586510
2026-09-02T00:19:37.968464+00:00,0,9,KRW-SHIB,0.00140154
2026-09-02T00:19:37.968464+00:00,0,9,KRW-KAITO,0.00237812
2026-09-02T00:19:37.968464+00:00,0,9,KRW-SUI,0.00100150
2026-09-02T00:19:37.968464+00:00,0,9,KRW-MMT,0.00459770
2026-09-02T00:19:37.968464+00:00,0,9,KRW-LINK,0.00064495
2026-09-02T00:19:37.968464+00:00,0,9,KRW-PUMP,0.00330033
2026-09-02T00:19:37.968464+00:00,0,9,KRW-NEAR,0.00076365
2026-09-02T00:19:37.968464+00:00,0,9,KRW-ZBT,0.00865801
2026-09-02T00:19:37.968464+00:00,0,9,KRW-LA,0.00118554
2026-09-02T00:19:37.968464+00:00,0,9,KRW-CHIP,0.00329489
2026-09-02T00:19:37.968464+00:00,0,9,KRW-QUID,0.00782560
2026-09-02T00:19:37.968464+00:00,0,9,KRW-PENGU,0.00851064
2026-09-02T00:19:37.968464+00:00,0,9,KRW-AVAX,0.00100050
2026-09-02T00:19:37.968464+00:00,0,9,KRW-VIRTUAL,0.00105988
2026-09-02T00:19:37.968464+00:00,0,9,KRW-MOVE,0.00851064
2026-09-02T00:19:37.968464+00:00,0,9,KRW-UNI,0.00061482
2026-09-02T00:19:37.968464+00:00,0,9,KRW-PIEVERSE,0.00068517
2026-09-02T00:19:37.968464+00:00,0,9,KRW-PRL,0.00481928
2026-09-02T00:19:37.968464+00:00,0,9,KRW-HBAR,0.00975610
2026-09-02T00:19:37.968464+00:00,0,9,KRW-ONT,0.00666223
2026-09-02T00:19:37.968464+00:00,0,9,KRW-ENSO,0.00171527
2026-09-02T00:19:37.968464+00:00,0,9,KRW-XPL,0.00873362
2026-09-02T00:19:37.968464+00:00,0,9,KRW-SAHARA,0.00881057
2026-09-02T00:19:37.968464+00:00,0,9,KRW-AAVE,0.00113122
2026-09-02T00:19:37.968464+00:00,0,9,KRW-ARX,0.00589971
2026-09-02T00:19:37.968464+00:00,0,9,KRW-TRX,0.00224467
2026-09-02T00:19:37.968464+00:00,0,9,KRW-HOLO,0.00345821
2026-09-02T00:19:37.968464+00:00,0,9,KRW-WLFI,0.00253165
2026-09-02T00:19:37.968464+00:00,0,9,KRW-BCH,0.00117474
2026-09-02T00:19:37.968464+00:00,0,9,KRW-DATA,0.00371058
2026-09-02T00:19:37.968464+00:00,0,9,KRW-PLUME,0.00516796
2026-09-02T00:19:37.968464+00:00,0,9,KRW-ARB,0.00664452
2026-09-02T00:19:37.968464+00:00,0,9,KRW-STORJ,0.01044386
2026-09-02T00:19:37.968464+00:00,0,9,KRW-BONK,0.00305810
2026-09-02T00:19:37.968464+00:00,0,9,KRW-ETC,0.00299551
2026-09-02T00:19:37.968464+00:00,0,9,KRW-ESP,0.00865801
2026-09-02T00:19:37.968464+00:00,0,9,KRW-0G,0.00371058
2026-09-02T00:19:37.968464+00:00,0,9,KRW-META2,0.00340020
2026-09-02T00:19:37.968464+00:00,0,9,KRW-BSB,0.00692042
2026-09-02T00:19:37.968464+00:00,0,9,KRW-ERA,0.00251572
2026-09-02T00:19:37.968464+00:00,0,9,KRW-MIRA,0.00167364
2026-09-02T00:19:37.968464+00:00,0,9,KRW-SAND,0.00402414
2026-09-02T00:19:37.968464+00:00,0,9,KRW-PEPE,0.00208117
2026-09-02T00:19:37.968464+00:00,0,9,KRW-POL,0.00803213
2026-09-02T00:19:37.968464+00:00,0,9,KRW-STX,0.00287770
2026-09-02T00:19:37.968464+00:00,0,9,KRW-IRYS,0.00539084
2026-09-02T00:19:37.968464+00:00,0,9,KRW-AXS,0.00079650
2026-09-02T00:19:37.968464+00:00,0,9,KRW-TAO,0.00098636
2026-09-02T00:19:37.968464+00:00,0,9,KRW-ALGO,0.00816327
2026-09-02T00:19:37.968464+00:00,0,9,KRW-JTO,0.00342466
2026-09-02T00:19:37.968464+00:00,0,9,KRW-CC,0.00634921
2026-09-02T00:19:37.968464+00:00,0,9,KRW-BIRB,0.00377596
2026-09-02T00:19:37.968464+00:00,0,9,KRW-ME,0.00119403
2026-09-02T00:19:37.968464+00:00,0,9,KRW-SEI,0.00154440
2026-09-02T00:19:37.968464+00:00,0,9,KRW-ENS,0.00127796
2026-09-02T00:19:37.968464+00:00,0,9,KRW-ZRO,0.00282287
2026-09-02T00:19:37.968464+00:00,0,9,KRW-TRUMP,0.00031995
2026-09-02T00:19:37.968464+00:00,0,9,KRW-XEC,0.00210970
2026-09-02T00:19:37.968464+00:00,0,9,KRW-RVN,0.00254777
2026-09-02T00:19:37.968464+00:00,0,9,KRW-ZAMA,0.00434468
2026-09-02T00:19:37.968464+00:00,0,9,KRW-GEOD,0.00335008
2026-09-02T00:19:37.968464+00:00,0,9,KRW-AKT,0.00436364
2026-09-02T00:19:37.968464+00:00,0,9,KRW-FIL,0.00186567
2026-09-02T00:19:37.968464+00:00,0,9,KRW-APT,0.00132538
2026-09-02T00:19:37.968464+00:00,0,9,KRW-DRV,0.00511509
2026-09-02T00:19:37.968464+00:00,0,9,KRW-ID,0.00220994
2026-09-02T00:19:37.968464+00:00,0,9,KRW-SOON,0.00392927
2026-09-02T00:19:37.968464+00:00,0,9,KRW-O,0.00388350
2026-09-02T00:19:37.968464+00:00,0,9,KRW-AVNT,0.00692042
2026-09-02T00:19:37.968464+00:00,0,9,KRW-TREE,0.00554017
2026-09-02T00:19:37.968464+00:00,0,9,KRW-KITE,0.00583090
2026-09-02T00:19:37.968464+00:00,0,9,KRW-BLEND,0.00231750
2026-09-02T00:19:37.968464+00:00,0,9,KRW-MANTRA,0.00162470
2026-09-02T00:19:37.968464+00:00,0,9,KRW-CFG,0.00647249
2026-09-02T00:19:37.968464+00:00,0,9,KRW-GAS,0.00118064
2026-09-02T00:19:37.968464+00:00,0,9,KRW-BERA,0.00407332
2026-09-02T00:19:37.968464+00:00,0,9,KRW-MEGA,0.00193611
2026-09-02T00:19:37.968464+00:00,0,9,KRW-SOPH,0.00281690
2026-09-02T00:19:37.968464+00:00,0,9,KRW-UP2,0.00284495
2026-09-02T00:19:37.968464+00:00,0,9,KRW-ZORA,0.00956938
2026-09-02T00:19:37.968464+00:00,0,9,KRW-OPG,0.00727273
2026-09-02T00:19:37.968464+00:00,0,9,KRW-BSV,0.00324600
2026-09-02T00:19:37.968464+00:00,0,9,KRW-HYPER,0.00448430
2026-09-02T00:19:37.968464+00:00,0,9,KRW-TRAC,0.00440529
2026-09-02T00:19:37.968464+00:00,0,9,KRW-IN,0.00221976
2026-09-02T00:19:37.968464+00:00,0,9,KRW-ATH,0.00157356
2026-09-02T00:19:37.968464+00:00,0,9,KRW-ETHFI,0.00257732
2026-09-02T00:19:37.968464+00:00,0,9,KRW-MON,0.00546448
2026-09-02T00:19:37.968464+00:00,0,9,KRW-ZIL,0.00848656
2026-09-02T00:19:37.968464+00:00,0,9,KRW-B3,0.00158856
2026-09-02T00:19:37.968464+00:00,0,9,KRW-ELSA,0.00160128
2026-09-02T00:19:37.968464+00:00,0,9,KRW-JUP,0.00339559
2026-09-02T00:19:37.968464+00:00,0,9,KRW-SIGN,0.00809717
2026-09-02T00:19:37.968464+00:00,0,9,KRW-FLOCK,0.00211193
2026-09-02T00:19:37.968464+00:00,0,9,KRW-DEEP,0.01005025
2026-09-02T00:19:37.968464+00:00,0,9,KRW-G,0.00382409
2026-09-02T00:19:37.968464+00:00,0,9,KRW-INJ,0.00162602
2026-09-02T00:19:37.968464+00:00,0,9,KRW-VVV,0.00353982
2026-09-02T00:19:37.968464+00:00,0,9,KRW-BIGTIME,0.00335008
2026-09-02T00:19:37.968464+00:00,0,9,KRW-BIO,0.00566572
2026-09-02T00:19:37.968464+00:00,0,9,KRW-RENDER,0.00303644
2026-09-02T00:19:37.968464+00:00,0,9,KRW-BARD,0.00576369
2026-09-02T00:19:37.968464+00:00,0,9,KRW-CHZ,0.00539084
2026-09-02T00:19:37.968464+00:00,0,9,KRW-LSK,0.00722022
2026-09-02T00:19:37.968464+00:00,0,9,KRW-CRO,0.00394997
2026-09-02T00:19:37.968464+00:00,0,9,KRW-VANA,0.00162206
2026-09-02T00:19:37.968464+00:00,0,9,KRW-LAYER,0.00211416
2026-09-02T00:19:37.968464+00:00,0,9,KRW-RED,0.00630915
2026-09-02T00:19:37.968464+00:00,0,9,KRW-DOT,0.00249066
2026-09-02T00:19:37.968464+00:00,0,9,KRW-ATOM,0.00197628
2026-09-02T00:19:37.968464+00:00,0,9,KRW-DOOD,0.00542005
2026-09-02T00:19:37.968464+00:00,0,9,KRW-XAUT,0.00233723
2026-09-02T00:19:37.968464+00:00,0,9,KRW-BORA,0.00333890
2026-09-02T00:19:37.968464+00:00,0,9,KRW-AWE,0.00117028
2026-09-02T00:19:37.968464+00:00,0,9,KRW-WAVES,0.00660066
2026-09-02T00:19:37.968464+00:00,0,9,KRW-ZKP,0.00164609
2026-09-02T00:19:37.968464+00:00,0,9,KRW-EDGE,0.00212766
2026-09-02T00:19:37.968464+00:00,0,9,KRW-ELF,0.00451467
2026-09-02T00:19:37.968464+00:00,0,9,KRW-AI,0.00371058
2026-09-02T00:19:37.968464+00:00,0,9,KRW-SNT,0.00331309
2026-09-02T00:19:37.968464+00:00,0,9,KRW-OPEN,0.00579710
2026-09-02T00:19:37.968464+00:00,0,9,KRW-SKR,0.00314961
2026-09-02T00:19:37.968464+00:00,0,9,KRW-MET2,0.00749064
2026-09-02T00:19:37.968464+00:00,0,9,KRW-FF,0.00732601
2026-09-02T00:19:37.968464+00:00,0,9,KRW-KAT,0.00320000
2026-09-02T00:19:37.968464+00:00,0,9,KRW-W,0.00754717
2026-09-02T00:19:37.968464+00:00,0,9,KRW-PENDLE,0.00158919
2026-09-02T00:19:37.968464+00:00,0,9,KRW-SPK,0.00706714
2026-09-02T00:19:37.968464+00:00,0,9,KRW-PYTH,0.00273598
2026-09-02T00:19:37.968464+00:00,0,9,KRW-STEEM,0.00339559
2026-09-02T00:19:37.968464+00:00,0,9,KRW-COW,0.00586510
2026-09-02T00:20:40.673683+00:00,0,9,KRW-SHIB,0.00140154
2026-09-02T00:20:40.673683+00:00,0,9,KRW-KAITO,0.00237812
2026-09-02T00:20:40.673683+00:00,0,9,KRW-SUI,0.00200401
2026-09-02T00:20:40.673683+00:00,0,9,KRW-MMT,0.00917431
2026-09-02T00:20:40.673683+00:00,0,9,KRW-LINK,0.00064495
2026-09-02T00:20:40.673683+00:00,0,9,KRW-PUMP,0.00330579
2026-09-02T00:20:40.673683+00:00,0,9,KRW-NEAR,0.00076365
2026-09-02T00:20:40.673683+00:00,0,9,KRW-ZBT,0.00865801
2026-09-02T00:20:40.673683+00:00,0,9,KRW-LA,0.00236686
2026-09-02T00:20:40.673683+00:00,0,9,KRW-CHIP,0.00164609
2026-09-02T00:20:40.673683+00:00,0,9,KRW-QUID,0.00448430
2026-09-02T00:20:40.673683+00:00,0,9,KRW-PENGU,0.00851064
2026-09-02T00:20:40.673683+00:00,0,9,KRW-AVAX,0.00100050
2026-09-02T00:20:40.673683+00:00,0,9,KRW-VIRTUAL,0.00212089
2026-09-02T00:20:40.673683+00:00,0,9,KRW-MOVE,0.00851064
2026-09-02T00:20:40.673683+00:00,0,9,KRW-UNI,0.00123001
2026-09-02T00:20:40.673683+00:00,0,9,KRW-PIEVERSE,0.00137080
2026-09-02T00:20:40.673683+00:00,0,9,KRW-PRL,0.00481928
2026-09-02T00:20:40.673683+00:00,0,9,KRW-HBAR,0.00975610
2026-09-02T00:20:40.673683+00:00,0,9,KRW-ONT,0.00133245
2026-09-02T00:20:40.673683+00:00,0,9,KRW-ENSO,0.00343053
2026-09-02T00:20:40.673683+00:00,0,9,KRW-XPL,0.00873362
2026-09-02T00:20:40.673683+00:00,0,9,KRW-SAHARA,0.00881057
2026-09-02T00:20:40.673683+00:00,0,9,KRW-AAVE,0.00169731
2026-09-02T00:20:40.673683+00:00,0,9,KRW-ARX,0.01183432
2026-09-02T00:20:40.673683+00:00,0,9,KRW-TRX,0.00224467
2026-09-02T00:20:40.673683+00:00,0,9,KRW-HOLO,0.00345821
2026-09-02T00:20:40.673683+00:00,0,9,KRW-WLFI,0.00253485
2026-09-02T00:20:40.673683+00:00,0,9,KRW-BCH,0.00117474
2026-09-02T00:20:40.673683+00:00,0,9,KRW-DATA,0.00371058
2026-09-02T00:20:40.673683+00:00,0,9,KRW-PLUME,0.00516796
2026-09-02T00:20:40.673683+00:00,0,9,KRW-ARB,0.00664452
2026-09-02T00:20:40.673683+00:00,0,9,KRW-STORJ,0.00261438
2026-09-02T00:20:40.673683+00:00,0,9,KRW-BONK,0.00155159
2026-09-02T00:20:40.673683+00:00,0,9,KRW-ETC,0.00199601
2026-09-02T00:20:40.673683+00:00,0,9,KRW-ESP,0.00865801
2026-09-02T00:20:40.673683+00:00,0,9,KRW-0G,0.00372439
2026-09-02T00:20:40.673683+00:00,0,9,KRW-META2,0.01013171
2026-09-02T00:20:40.673683+00:00,0,9,KRW-BSB,0.00692042
2026-09-02T00:20:40.673683+00:00,0,9,KRW-ERA,0.00251572
2026-09-02T00:20:40.673683+00:00,0,9,KRW-MIRA,0.00167364
2026-09-02T00:20:40.673683+00:00,0,9,KRW-SAND,0.00402414
2026-09-02T00:20:40.673683+00:00,0,9,KRW-PEPE,0.00208117
2026-09-02T00:20:40.673683+00:00,0,9,KRW-POL,0.00803213
2026-09-02T00:20:40.673683+00:00,0,9,KRW-STX,0.00287770
2026-09-02T00:20:40.673683+00:00,0,9,KRW-IRYS,0.00539084
2026-09-02T00:20:40.673683+00:00,0,9,KRW-AXS,0.00079650
2026-09-02T00:20:40.673683+00:00,0,9,KRW-TAO,0.00197433
2026-09-02T00:20:40.673683+00:00,0,9,KRW-ALGO,0.00816327
2026-09-02T00:20:40.673683+00:00,0,9,KRW-JTO,0.00343053
2026-09-02T00:20:40.673683+00:00,0,9,KRW-CC,0.00634921
2026-09-02T00:20:40.673683+00:00,0,9,KRW-BIRB,0.00251572
2026-09-02T00:20:40.673683+00:00,0,9,KRW-ME,0.00238663
2026-09-02T00:20:40.673683+00:00,0,9,KRW-SEI,0.00154440
2026-09-02T00:20:40.673683+00:00,0,9,KRW-ENS,0.00127796
2026-09-02T00:20:40.673683+00:00,0,9,KRW-ZRO,0.00141143
2026-09-02T00:20:40.673683+00:00,0,9,KRW-TRUMP,0.00064082
2026-09-02T00:20:40.673683+00:00,0,9,KRW-XEC,0.00210970
2026-09-02T00:20:40.673683+00:00,0,9,KRW-RVN,0.00255428
2026-09-02T00:20:40.673683+00:00,0,9,KRW-ZAMA,0.00434468
2026-09-02T00:20:40.673683+00:00,0,9,KRW-GEOD,0.00671141
2026-09-02T00:20:40.673683+00:00,0,9,KRW-AKT,0.00436364
2026-09-02T00:20:40.673683+00:00,0,9,KRW-FIL,0.00279200
2026-09-02T00:20:40.673683+00:00,0,9,KRW-APT,0.00132538
2026-09-02T00:20:40.673683+00:00,0,9,KRW-DRV,0.00511509
2026-09-02T00:20:40.673683+00:00,0,9,KRW-ID,0.00220507
2026-09-02T00:20:40.673683+00:00,0,9,KRW-SOON,0.00392927
2026-09-02T00:20:40.673683+00:00,0,9,KRW-O,0.00388350
2026-09-02T00:20:40.673683+00:00,0,9,KRW-AVNT,0.00692042
2026-09-02T00:20:40.673683+00:00,0,9,KRW-TREE,0.00554017
2026-09-02T00:20:40.673683+00:00,0,9,KRW-KITE,0.00583090
2026-09-02T00:20:40.673683+00:00,0,9,KRW-BLEND,0.00347826
2026-09-02T00:20:40.673683+00:00,0,9,KRW-MANTRA,0.00325203
2026-09-02T00:20:40.673683+00:00,0,9,KRW-CFG,0.00647249
2026-09-02T00:20:40.673683+00:00,0,9,KRW-GAS,0.00118064
2026-09-02T00:20:40.673683+00:00,0,9,KRW-BERA,0.00407332
2026-09-02T00:20:40.673683+00:00,0,9,KRW-MEGA,0.00193611
2026-09-02T00:20:40.673683+00:00,0,9,KRW-SOPH,0.00140944
2026-09-02T00:20:40.673683+00:00,0,9,KRW-UP2,0.00845070
2026-09-02T00:20:40.673683+00:00,0,9,KRW-ZORA,0.00956938
2026-09-02T00:20:40.673683+00:00,0,9,KRW-OPG,0.00727273
2026-09-02T00:20:40.673683+00:00,0,9,KRW-BSV,0.00324600
2026-09-02T00:20:40.673683+00:00,0,9,KRW-HYPER,0.00448430
2026-09-02T00:20:40.673683+00:00,0,9,KRW-TRAC,0.00440529
2026-09-02T00:20:40.673683+00:00,0,9,KRW-IN,0.00221976
2026-09-02T00:20:40.673683+00:00,0,9,KRW-ATH,0.00157356
2026-09-02T00:20:40.673683+00:00,0,9,KRW-ETHFI,0.00128949
2026-09-02T00:20:40.673683+00:00,0,9,KRW-MON,0.00272851
2026-09-02T00:20:40.673683+00:00,0,9,KRW-ZIL,0.00564972
2026-09-02T00:20:40.673683+00:00,0,9,KRW-B3,0.00158856
2026-09-02T00:20:40.673683+00:00,0,9,KRW-ELSA,0.00320513
2026-09-02T00:20:40.673683+00:00,0,9,KRW-JUP,0.00339559
2026-09-02T00:20:40.673683+00:00,0,9,KRW-SIGN,0.00809717
2026-09-02T00:20:40.673683+00:00,0,9,KRW-FLOCK,0.00212089
2026-09-02T00:20:40.673683+00:00,0,9,KRW-DEEP,0.00503778
2026-09-02T00:20:40.673683+00:00,0,9,KRW-G,0.00191022
2026-09-02T00:20:40.673683+00:00,0,9,KRW-INJ,0.00162602
2026-09-02T00:20:40.673683+00:00,0,9,KRW-VVV,0.00265369
2026-09-02T00:20:40.673683+00:00,0,9,KRW-BIGTIME,0.00223464
2026-09-02T00:20:40.673683+00:00,0,9,KRW-BIO,0.00566572
2026-09-02T00:20:40.673683+00:00,0,9,KRW-RENDER,0.00152091
2026-09-02T00:20:40.673683+00:00,0,9,KRW-BARD,0.00576369
2026-09-02T00:20:40.673683+00:00,0,9,KRW-CHZ,0.00539084
2026-09-02T00:20:40.673683+00:00,0,9,KRW-LSK,0.00722022
2026-09-02T00:20:40.673683+00:00,0,9,KRW-CRO,0.00263158
2026-09-02T00:20:40.673683+00:00,0,9,KRW-VANA,0.00162206
2026-09-02T00:20:40.673683+00:00,0,9,KRW-LAYER,0.00316623
2026-09-02T00:20:40.673683+00:00,0,9,KRW-RED,0.00630915
2026-09-02T00:20:40.673683+00:00,0,9,KRW-DOT,0.00249273
2026-09-02T00:20:40.673683+00:00,0,9,KRW-ATOM,0.00098863
2026-09-02T00:20:40.673683+00:00,0,9,KRW-DOOD,0.00542005
2026-09-02T00:20:40.673683+00:00,0,9,KRW-XAUT,0.00183655
2026-09-02T00:20:40.673683+00:00,0,9,KRW-BORA,0.00333890
2026-09-02T00:20:40.673683+00:00,0,9,KRW-AWE,0.00117028
2026-09-02T00:20:40.673683+00:00,0,9,KRW-WAVES,0.00660066
2026-09-02T00:20:40.673683+00:00,0,9,KRW-ZKP,0.00328947
2026-09-02T00:20:40.673683+00:00,0,9,KRW-EDGE,0.00212766
2026-09-02T00:20:40.673683+00:00,0,9,KRW-ELF,0.00451467
2026-09-02T00:20:40.673683+00:00,0,9,KRW-AI,0.00740741
2026-09-02T00:20:40.673683+00:00,0,9,KRW-SNT,0.00331309
2026-09-02T00:20:40.673683+00:00,0,9,KRW-OPEN,0.00579710
2026-09-02T00:20:40.673683+00:00,0,9,KRW-SKR,0.00316957
2026-09-02T00:20:40.673683+00:00,0,9,KRW-MET2,0.00749064
2026-09-02T00:20:40.673683+00:00,0,9,KRW-FF,0.00732601
2026-09-02T00:20:40.673683+00:00,0,9,KRW-KAT,0.00320513
2026-09-02T00:20:40.673683+00:00,0,9,KRW-W,0.00754717
2026-09-02T00:20:40.673683+00:00,0,9,KRW-PENDLE,0.00119213
2026-09-02T00:20:40.673683+00:00,0,9,KRW-SPK,0.00706714
2026-09-02T00:20:40.673683+00:00,0,9,KRW-PYTH,0.00270636
2026-09-02T00:20:40.673683+00:00,0,9,KRW-STEEM,0.00339559
2026-09-02T00:20:40.673683+00:00,0,9,KRW-COW,0.00586510
2026-09-02T00:21:43.385044+00:00,0,9,KRW-SHIB,0.00140154
2026-09-02T00:21:43.385044+00:00,0,9,KRW-KAITO,0.00237812
2026-09-02T00:21:43.385044+00:00,0,9,KRW-SUI,0.00100251
2026-09-02T00:21:43.385044+00:00,0,9,KRW-MMT,0.00917431
2026-09-02T00:21:43.385044+00:00,0,9,KRW-LINK,0.00129116
2026-09-02T00:21:43.385044+00:00,0,9,KRW-PUMP,0.00330579
2026-09-02T00:21:43.385044+00:00,0,9,KRW-NEAR,0.00152905
2026-09-02T00:21:43.385044+00:00,0,9,KRW-ZBT,0.00865801
2026-09-02T00:21:43.385044+00:00,0,9,KRW-LA,0.00236128
2026-09-02T00:21:43.385044+00:00,0,9,KRW-CHIP,0.00164880
2026-09-02T00:21:43.385044+00:00,0,9,KRW-QUID,0.00336134
2026-09-02T00:21:43.385044+00:00,0,9,KRW-PENGU,0.00851064
2026-09-02T00:21:43.385044+00:00,0,9,KRW-AVAX,0.00050038
2026-09-02T00:21:43.385044+00:00,0,9,KRW-VIRTUAL,0.00106101
2026-09-02T00:21:43.385044+00:00,0,9,KRW-MOVE,0.00851064
2026-09-02T00:21:43.385044+00:00,0,9,KRW-UNI,0.00245851
2026-09-02T00:21:43.385044+00:00,0,9,KRW-PIEVERSE,0.00137080
2026-09-02T00:21:43.385044+00:00,0,9,KRW-PRL,0.00481928
2026-09-02T00:21:43.385044+00:00,0,9,KRW-HBAR,0.00975610
2026-09-02T00:21:43.385044+00:00,0,9,KRW-ONT,0.00132890
2026-09-02T00:21:43.385044+00:00,0,9,KRW-ENSO,0.00428633
2026-09-02T00:21:43.385044+00:00,0,9,KRW-XPL,0.00873362
2026-09-02T00:21:43.385044+00:00,0,9,KRW-SAHARA,0.00881057
2026-09-02T00:21:43.385044+00:00,0,9,KRW-AAVE,0.00169731
2026-09-02T00:21:43.385044+00:00,0,9,KRW-ARX,0.01183432
2026-09-02T00:21:43.385044+00:00,0,9,KRW-TRX,0.00224467
2026-09-02T00:21:43.385044+00:00,0,9,KRW-HOLO,0.00230681
2026-09-02T00:21:43.385044+00:00,0,9,KRW-WLFI,0.00253807
2026-09-02T00:21:43.385044+00:00,0,9,KRW-BCH,0.00088119
2026-09-02T00:21:43.385044+00:00,0,9,KRW-DATA,0.00368324
2026-09-02T00:21:43.385044+00:00,0,9,KRW-PLUME,0.00516796
2026-09-02T00:21:43.385044+00:00,0,9,KRW-ARB,0.00668896
2026-09-02T00:21:43.385044+00:00,0,9,KRW-STORJ,0.00131148
2026-09-02T00:21:43.385044+00:00,0,9,KRW-BONK,0.00155159
2026-09-02T00:21:43.385044+00:00,0,9,KRW-ETC,0.00199601
2026-09-02T00:21:43.385044+00:00,0,9,KRW-ESP,0.00865801
2026-09-02T00:21:43.385044+00:00,0,9,KRW-0G,0.00749064
2026-09-02T00:21:43.385044+00:00,0,9,KRW-META2,0.00878675
2026-09-02T00:21:43.385044+00:00,0,9,KRW-BSB,0.00692042
2026-09-02T00:21:43.385044+00:00,0,9,KRW-ERA,0.00377596
2026-09-02T00:21:43.385044+00:00,0,9,KRW-MIRA,0.00167364
2026-09-02T00:21:43.385044+00:00,0,9,KRW-SAND,0.00201005
2026-09-02T00:21:43.385044+00:00,0,9,KRW-PEPE,0.00208117
2026-09-02T00:21:43.385044+00:00,0,9,KRW-POL,0.00803213
2026-09-02T00:21:43.385044+00:00,0,9,KRW-STX,0.00287770
2026-09-02T00:21:43.385044+00:00,0,9,KRW-IRYS,0.01081081
2026-09-02T00:21:43.385044+00:00,0,9,KRW-AXS,0.00238758
2026-09-02T00:21:43.385044+00:00,0,9,KRW-TAO,0.00098765
2026-09-02T00:21:43.385044+00:00,0,9,KRW-ALGO,0.00816327
2026-09-02T00:21:43.385044+00:00,0,9,KRW-JTO,0.00343053
2026-09-02T00:21:43.385044+00:00,0,9,KRW-CC,0.00634921
2026-09-02T00:21:43.385044+00:00,0,9,KRW-BIRB,0.00377121
2026-09-02T00:21:43.385044+00:00,0,9,KRW-ME,0.00357782
2026-09-02T00:21:43.385044+00:00,0,9,KRW-SEI,0.00309119
2026-09-02T00:21:43.385044+00:00,0,9,KRW-ENS,0.00255918
2026-09-02T00:21:43.385044+00:00,0,9,KRW-ZRO,0.00141143
2026-09-02T00:21:43.385044+00:00,0,9,KRW-TRUMP,0.00096324
2026-09-02T00:21:43.385044+00:00,0,9,KRW-XEC,0.00105652
2026-09-02T00:21:43.385044+00:00,0,9,KRW-RVN,0.00256082
2026-09-02T00:21:43.385044+00:00,0,9,KRW-ZAMA,0.00434468
2026-09-02T00:21:43.385044+00:00,0,9,KRW-GEOD,0.00668896
2026-09-02T00:21:43.385044+00:00,0,9,KRW-AKT,0.00436364
2026-09-02T00:21:43.385044+00:00,0,9,KRW-FIL,0.00185874
2026-09-02T00:21:43.385044+00:00,0,9,KRW-APT,0.00132714
2026-09-02T00:21:43.385044+00:00,0,9,KRW-DRV,0.01526718
2026-09-02T00:21:43.385044+00:00,0,9,KRW-ID,0.00219058
2026-09-02T00:21:43.385044+00:00,0,9,KRW-SOON,0.00392927
2026-09-02T00:21:43.385044+00:00,0,9,KRW-O,0.00259067
2026-09-02T00:21:43.385044+00:00,0,9,KRW-AVNT,0.00696864
2026-09-02T00:21:43.385044+00:00,0,9,KRW-TREE,0.00369686
2026-09-02T00:21:43.385044+00:00,0,9,KRW-KITE,0.00583090
2026-09-02T00:21:43.385044+00:00,0,9,KRW-BLEND,0.00347826
2026-09-02T00:21:43.385044+00:00,0,9,KRW-MANTRA,0.00325203
2026-09-02T00:21:43.385044+00:00,0,9,KRW-CFG,0.00647249
2026-09-02T00:21:43.385044+00:00,0,9,KRW-GAS,0.00354610
2026-09-02T00:21:43.385044+00:00,0,9,KRW-BERA,0.00407332
2026-09-02T00:21:43.385044+00:00,0,9,KRW-MEGA,0.00387597
2026-09-02T00:21:43.385044+00:00,0,9,KRW-SOPH,0.00278940
2026-09-02T00:21:43.385044+00:00,0,9,KRW-UP2,0.00845070
2026-09-02T00:21:43.385044+00:00,0,9,KRW-ZORA,0.00956938
2026-09-02T00:21:43.385044+00:00,0,9,KRW-OPG,0.00727273
2026-09-02T00:21:43.385044+00:00,0,9,KRW-BSV,0.00324600
2026-09-02T00:21:43.385044+00:00,0,9,KRW-HYPER,0.00448430
2026-09-02T00:21:43.385044+00:00,0,9,KRW-TRAC,0.00660066
2026-09-02T00:21:43.385044+00:00,0,9,KRW-IN,0.00221976
2026-09-02T00:21:43.385044+00:00,0,9,KRW-ATH,0.00157604
2026-09-02T00:21:43.385044+00:00,0,9,KRW-ETHFI,0.00128949
2026-09-02T00:21:43.385044+00:00,0,9,KRW-MON,0.00272851
2026-09-02T00:21:43.385044+00:00,0,9,KRW-ZIL,0.00848656
2026-09-02T00:21:43.385044+00:00,0,9,KRW-B3,0.00475813
2026-09-02T00:21:43.385044+00:00,0,9,KRW-ELSA,0.00321027
2026-09-02T00:21:43.385044+00:00,0,9,KRW-JUP,0.00339559
2026-09-02T00:21:43.385044+00:00,0,9,KRW-SIGN,0.00809717
2026-09-02T00:21:43.385044+00:00,0,9,KRW-FLOCK,0.00211640
2026-09-02T00:21:43.385044+00:00,0,9,KRW-DEEP,0.00503778
2026-09-02T00:21:43.385044+00:00,0,9,KRW-G,0.00190658
2026-09-02T00:21:43.385044+00:00,0,9,KRW-INJ,0.00243803
2026-09-02T00:21:43.385044+00:00,0,9,KRW-VVV,0.00309803
2026-09-02T00:21:43.385044+00:00,0,9,KRW-BIGTIME,0.00111669
2026-09-02T00:21:43.385044+00:00,0,9,KRW-BIO,0.00566572
2026-09-02T00:21:43.385044+00:00,0,9,KRW-RENDER,0.00152168
2026-09-02T00:21:43.385044+00:00,0,9,KRW-BARD,0.00576369
2026-09-02T00:21:43.385044+00:00,0,9,KRW-CHZ,0.00539084
2026-09-02T00:21:43.385044+00:00,0,9,KRW-LSK,0.00722022
2026-09-02T00:21:43.385044+00:00,0,9,KRW-CRO,0.00263158
2026-09-02T00:21:43.385044+00:00,0,9,KRW-VANA,0.00081070
2026-09-02T00:21:43.385044+00:00,0,9,KRW-LAYER,0.00210970
2026-09-02T00:21:43.385044+00:00,0,9,KRW-RED,0.00630915
2026-09-02T00:21:43.385044+00:00,0,9,KRW-DOT,0.00166113
2026-09-02T00:21:43.385044+00:00,0,9,KRW-ATOM,0.00098863
2026-09-02T00:21:43.385044+00:00,0,9,KRW-DOOD,0.00542005
2026-09-02T00:21:43.385044+00:00,0,9,KRW-XAUT,0.00183685
2026-09-02T00:21:43.385044+00:00,0,9,KRW-BORA,0.00333890
2026-09-02T00:21:43.385044+00:00,0,9,KRW-AWE,0.00117028
2026-09-02T00:21:43.385044+00:00,0,9,KRW-WAVES,0.00660066
2026-09-02T00:21:43.385044+00:00,0,9,KRW-ZKP,0.00330033
2026-09-02T00:21:43.385044+00:00,0,9,KRW-EDGE,0.00212766
2026-09-02T00:21:43.385044+00:00,0,9,KRW-ELF,0.00451467
2026-09-02T00:21:43.385044+00:00,0,9,KRW-AI,0.00740741
2026-09-02T00:21:43.385044+00:00,0,9,KRW-SNT,0.00331309
2026-09-02T00:21:43.385044+00:00,0,9,KRW-OPEN,0.00579710
2026-09-02T00:21:43.385044+00:00,0,9,KRW-SKR,0.00636943
2026-09-02T00:21:43.385044+00:00,0,9,KRW-MET2,0.00749064
2026-09-02T00:21:43.385044+00:00,0,9,KRW-FF,0.00738007
2026-09-02T00:21:43.385044+00:00,0,9,KRW-KAT,0.00320000
2026-09-02T00:21:43.385044+00:00,0,9,KRW-W,0.00754717
2026-09-02T00:21:43.385044+00:00,0,9,KRW-PENDLE,0.00159236
2026-09-02T00:21:43.385044+00:00,0,9,KRW-SPK,0.00706714
2026-09-02T00:21:43.385044+00:00,0,9,KRW-PYTH,0.00271370
2026-09-02T00:21:43.385044+00:00,0,9,KRW-STEEM,0.00339559
2026-09-02T00:21:43.385044+00:00,0,9,KRW-COW,0.00586510
2026-09-02T00:22:46.101556+00:00,0,9,KRW-SHIB,0.00140351
2026-09-02T00:22:46.101556+00:00,0,9,KRW-KAITO,0.00475059
2026-09-02T00:22:46.101556+00:00,0,9,KRW-SUI,0.00100150
2026-09-02T00:22:46.101556+00:00,0,9,KRW-MMT,0.00917431
2026-09-02T00:22:46.101556+00:00,0,9,KRW-LINK,0.00129032
2026-09-02T00:22:46.101556+00:00,0,9,KRW-PUMP,0.00165153
2026-09-02T00:22:46.101556+00:00,0,9,KRW-NEAR,0.00114526
2026-09-02T00:22:46.101556+00:00,0,9,KRW-ZBT,0.00865801
2026-09-02T00:22:46.101556+00:00,0,9,KRW-LA,0.00712589
2026-09-02T00:22:46.101556+00:00,0,9,KRW-CHIP,0.00330579
2026-09-02T00:22:46.101556+00:00,0,9,KRW-QUID,0.00334635
2026-09-02T00:22:46.101556+00:00,0,9,KRW-PENGU,0.00851064
2026-09-02T00:22:46.101556+00:00,0,9,KRW-AVAX,0.00100050
2026-09-02T00:22:46.101556+00:00,0,9,KRW-VIRTUAL,0.00211864
2026-09-02T00:22:46.101556+00:00,0,9,KRW-MOVE,0.00843882
2026-09-02T00:22:46.101556+00:00,0,9,KRW-UNI,0.00061406
2026-09-02T00:22:46.101556+00:00,0,9,KRW-PIEVERSE,0.00205832
2026-09-02T00:22:46.101556+00:00,0,9,KRW-PRL,0.00481928
2026-09-02T00:22:46.101556+00:00,0,9,KRW-HBAR,0.00975610
2026-09-02T00:22:46.101556+00:00,0,9,KRW-ONT,0.00264201
2026-09-02T00:22:46.101556+00:00,0,9,KRW-ENSO,0.00428633
2026-09-02T00:22:46.101556+00:00,0,9,KRW-XPL,0.00873362
2026-09-02T00:22:46.101556+00:00,0,9,KRW-SAHARA,0.00881057
2026-09-02T00:22:46.101556+00:00,0,9,KRW-AAVE,0.00169731
2026-09-02T00:22:46.101556+00:00,0,9,KRW-ARX,0.00589971
2026-09-02T00:22:46.101556+00:00,0,9,KRW-TRX,0.00224467
2026-09-02T00:22:46.101556+00:00,0,9,KRW-HOLO,0.00230415
2026-09-02T00:22:46.101556+00:00,0,9,KRW-WLFI,0.00380952
2026-09-02T00:22:46.101556+00:00,0,9,KRW-BCH,0.00176160
2026-09-02T00:22:46.101556+00:00,0,9,KRW-DATA,0.00368324
2026-09-02T00:22:46.101556+00:00,0,9,KRW-PLUME,0.00516796
2026-09-02T00:22:46.101556+00:00,0,9,KRW-ARB,0.00664452
2026-09-02T00:22:46.101556+00:00,0,9,KRW-STORJ,0.00390371
2026-09-02T00:22:46.101556+00:00,0,9,KRW-BONK,0.00306748
2026-09-02T00:22:46.101556+00:00,0,9,KRW-ETC,0.00199601
2026-09-02T00:22:46.101556+00:00,0,9,KRW-ESP,0.00865801
2026-09-02T00:22:46.101556+00:00,0,9,KRW-0G,0.00373832
2026-09-02T00:22:46.101556+00:00,0,9,KRW-META2,0.01150592
2026-09-02T00:22:46.101556+00:00,0,9,KRW-BSB,0.00692042
2026-09-02T00:22:46.101556+00:00,0,9,KRW-ERA,0.00251572
2026-09-02T00:22:46.101556+00:00,0,9,KRW-MIRA,0.00167926
2026-09-02T00:22:46.101556+00:00,0,9,KRW-SAND,0.00201816
2026-09-02T00:22:46.101556+00:00,0,9,KRW-PEPE,0.00208117
2026-09-02T00:22:46.101556+00:00,0,9,KRW-POL,0.00803213
2026-09-02T00:22:46.101556+00:00,0,9,KRW-STX,0.00287770
2026-09-02T00:22:46.101556+00:00,0,9,KRW-IRYS,0.00539084
2026-09-02T00:22:46.101556+00:00,0,9,KRW-AXS,0.00238758
2026-09-02T00:22:46.101556+00:00,0,9,KRW-TAO,0.00131666
2026-09-02T00:22:46.101556+00:00,0,9,KRW-ALGO,0.00816327
2026-09-02T00:22:46.101556+00:00,0,9,KRW-JTO,0.00343053
2026-09-02T00:22:46.101556+00:00,0,9,KRW-CC,0.01273885
2026-09-02T00:22:46.101556+00:00,0,9,KRW-BIRB,0.00502513
2026-09-02T00:22:46.101556+00:00,0,9,KRW-ME,0.00357782
2026-09-02T00:22:46.101556+00:00,0,9,KRW-SEI,0.00308642
2026-09-02T00:22:46.101556+00:00,0,9,KRW-ENS,0.00319591
2026-09-02T00:22:46.101556+00:00,0,9,KRW-ZRO,0.00141044
2026-09-02T00:22:46.101556+00:00,0,9,KRW-TRUMP,0.00032036
2026-09-02T00:22:46.101556+00:00,0,9,KRW-XEC,0.00210970
2026-09-02T00:22:46.101556+00:00,0,9,KRW-RVN,0.00512821
2026-09-02T00:22:46.101556+00:00,0,9,KRW-ZAMA,0.00434468
2026-09-02T00:22:46.101556+00:00,0,9,KRW-GEOD,0.00668896
2026-09-02T00:22:46.101556+00:00,0,9,KRW-AKT,0.00436364
2026-09-02T00:22:46.101556+00:00,0,9,KRW-FIL,0.00278422
2026-09-02T00:22:46.101556+00:00,0,9,KRW-APT,0.00132714
2026-09-02T00:22:46.101556+00:00,0,9,KRW-DRV,0.01015228
2026-09-02T00:22:46.101556+00:00,0,9,KRW-ID,0.00219539
2026-09-02T00:22:46.101556+00:00,0,9,KRW-SOON,0.00392927
2026-09-02T00:22:46.101556+00:00,0,9,KRW-O,0.00129450
2026-09-02T00:22:46.101556+00:00,0,9,KRW-AVNT,0.00696864
2026-09-02T00:22:46.101556+00:00,0,9,KRW-TREE,0.00369686
2026-09-02T00:22:46.101556+00:00,0,9,KRW-KITE,0.00583090
2026-09-02T00:22:46.101556+00:00,0,9,KRW-BLEND,0.00347826
2026-09-02T00:22:46.101556+00:00,0,9,KRW-MANTRA,0.00325203
2026-09-02T00:22:46.101556+00:00,0,9,KRW-CFG,0.00647249
2026-09-02T00:22:46.101556+00:00,0,9,KRW-GAS,0.00235018
2026-09-02T00:22:46.101556+00:00,0,9,KRW-BERA,0.00407332
2026-09-02T00:22:46.101556+00:00,0,9,KRW-MEGA,0.00387597
2026-09-02T00:22:46.101556+00:00,0,9,KRW-SOPH,0.00139958
2026-09-02T00:22:46.101556+00:00,0,9,KRW-UP2,0.00141945
2026-09-02T00:22:46.101556+00:00,0,9,KRW-ZORA,0.00956938
2026-09-02T00:22:46.101556+00:00,0,9,KRW-OPG,0.00727273
2026-09-02T00:22:46.101556+00:00,0,9,KRW-BSV,0.00416570
2026-09-02T00:22:46.101556+00:00,0,9,KRW-HYPER,0.00448430
2026-09-02T00:22:46.101556+00:00,0,9,KRW-TRAC,0.00660066
2026-09-02T00:22:46.101556+00:00,0,9,KRW-IN,0.00443459
2026-09-02T00:22:46.101556+00:00,0,9,KRW-ATH,0.00472069
2026-09-02T00:22:46.101556+00:00,0,9,KRW-ETHFI,0.00258398
2026-09-02T00:22:46.101556+00:00,0,9,KRW-MON,0.00272851
2026-09-02T00:22:46.101556+00:00,0,9,KRW-ZIL,0.00848656
2026-09-02T00:22:46.101556+00:00,0,9,KRW-B3,0.00475813
2026-09-02T00:22:46.101556+00:00,0,9,KRW-ELSA,0.00320513
2026-09-02T00:22:46.101556+00:00,0,9,KRW-JUP,0.00680272
2026-09-02T00:22:46.101556+00:00,0,9,KRW-SIGN,0.00809717
2026-09-02T00:22:46.101556+00:00,0,9,KRW-FLOCK,0.00423729
2026-09-02T00:22:46.101556+00:00,0,9,KRW-DEEP,0.00503778
2026-09-02T00:22:46.101556+00:00,0,9,KRW-G,0.00381679
2026-09-02T00:22:46.101556+00:00,0,9,KRW-INJ,0.00324939
2026-09-02T00:22:46.101556+00:00,0,9,KRW-VVV,0.00354296
2026-09-02T00:22:46.101556+00:00,0,9,KRW-BIGTIME,0.00223214
2026-09-02T00:22:46.101556+00:00,0,9,KRW-BIO,0.00282885
2026-09-02T00:22:46.101556+00:00,0,9,KRW-RENDER,0.00151937
2026-09-02T00:22:46.101556+00:00,0,9,KRW-BARD,0.01156069
2026-09-02T00:22:46.101556+00:00,0,9,KRW-CHZ,0.00539084
2026-09-02T00:22:46.101556+00:00,0,9,KRW-LSK,0.00722022
2026-09-02T00:22:46.101556+00:00,0,9,KRW-CRO,0.00263158
2026-09-02T00:22:46.101556+00:00,0,9,KRW-VANA,0.00081070
2026-09-02T00:22:46.101556+00:00,0,9,KRW-LAYER,0.00316289
2026-09-02T00:22:46.101556+00:00,0,9,KRW-RED,0.00634921
2026-09-02T00:22:46.101556+00:00,0,9,KRW-DOT,0.00249066
2026-09-02T00:22:46.101556+00:00,0,9,KRW-ATOM,0.00197628
2026-09-02T00:22:46.101556+00:00,0,9,KRW-DOOD,0.00542005
2026-09-02T00:22:46.101556+00:00,0,9,KRW-XAUT,0.00233528
2026-09-02T00:22:46.101556+00:00,0,9,KRW-BORA,0.00333890
2026-09-02T00:22:46.101556+00:00,0,9,KRW-AWE,0.00117028
2026-09-02T00:22:46.101556+00:00,0,9,KRW-WAVES,0.00660066
2026-09-02T00:22:46.101556+00:00,0,9,KRW-ZKP,0.00330579
2026-09-02T00:22:46.101556+00:00,0,9,KRW-EDGE,0.00319319
2026-09-02T00:22:46.101556+00:00,0,9,KRW-ELF,0.00451467
2026-09-02T00:22:46.101556+00:00,0,9,KRW-AI,0.00740741
2026-09-02T00:22:46.101556+00:00,0,9,KRW-SNT,0.00550964
2026-09-02T00:22:46.101556+00:00,0,9,KRW-OPEN,0.00579710
2026-09-02T00:22:46.101556+00:00,0,9,KRW-SKR,0.00321027
2026-09-02T00:22:46.101556+00:00,0,9,KRW-MET2,0.00751880
2026-09-02T00:22:46.101556+00:00,0,9,KRW-FF,0.00738007
2026-09-02T00:22:46.101556+00:00,0,9,KRW-KAT,0.00320000
2026-09-02T00:22:46.101556+00:00,0,9,KRW-W,0.00754717
2026-09-02T00:22:46.101556+00:00,0,9,KRW-PENDLE,0.00158919
2026-09-02T00:22:46.101556+00:00,0,9,KRW-SPK,0.00706714
2026-09-02T00:22:46.101556+00:00,0,9,KRW-PYTH,0.00135962
2026-09-02T00:22:46.101556+00:00,0,9,KRW-STEEM,0.00508906
2026-09-02T00:22:46.101556+00:00,0,9,KRW-COW,0.00586510
2026-09-02T00:23:48.786402+00:00,0,9,KRW-SHIB,0.00280505
2026-09-02T00:23:48.786402+00:00,0,9,KRW-KAITO,0.00475059
2026-09-02T00:23:48.786402+00:00,0,9,KRW-SUI,0.00200401
2026-09-02T00:23:48.786402+00:00,0,9,KRW-MMT,0.00917431
2026-09-02T00:23:48.786402+00:00,0,9,KRW-LINK,0.00129032
2026-09-02T00:23:48.786402+00:00,0,9,KRW-PUMP,0.00330579
2026-09-02T00:23:48.786402+00:00,0,9,KRW-NEAR,0.00114657
2026-09-02T00:23:48.786402+00:00,0,9,KRW-ZBT,0.00865801
2026-09-02T00:23:48.786402+00:00,0,9,KRW-LA,0.00477327
2026-09-02T00:23:48.786402+00:00,0,9,KRW-CHIP,0.00330033
2026-09-02T00:23:48.786402+00:00,0,9,KRW-QUID,0.00223214
2026-09-02T00:23:48.786402+00:00,0,9,KRW-PENGU,0.00851064
2026-09-02T00:23:48.786402+00:00,0,9,KRW-AVAX,0.00100050
2026-09-02T00:23:48.786402+00:00,0,9,KRW-VIRTUAL,0.00211864
2026-09-02T00:23:48.786402+00:00,0,9,KRW-MOVE,0.00843882
2026-09-02T00:23:48.786402+00:00,0,9,KRW-UNI,0.00184559
2026-09-02T00:23:48.786402+00:00,0,9,KRW-PIEVERSE,0.00205832
2026-09-02T00:23:48.786402+00:00,0,9,KRW-PRL,0.00966184
2026-09-02T00:23:48.786402+00:00,0,9,KRW-HBAR,0.00975610
2026-09-02T00:23:48.786402+00:00,0,9,KRW-ONT,0.00397088
2026-09-02T00:23:48.786402+00:00,0,9,KRW-ENSO,0.00342759
2026-09-02T00:23:48.786402+00:00,0,9,KRW-XPL,0.00873362
2026-09-02T00:23:48.786402+00:00,0,9,KRW-SAHARA,0.00881057
2026-09-02T00:23:48.786402+00:00,0,9,KRW-AAVE,0.00056705
2026-09-02T00:23:48.786402+00:00,0,9,KRW-ARX,0.01183432
2026-09-02T00:23:48.786402+00:00,0,9,KRW-TRX,0.00224467
2026-09-02T00:23:48.786402+00:00,0,9,KRW-HOLO,0.00345821
2026-09-02T00:23:48.786402+00:00,0,9,KRW-WLFI,0.00253807
2026-09-02T00:23:48.786402+00:00,0,9,KRW-BCH,0.00117474
2026-09-02T00:23:48.786402+00:00,0,9,KRW-DATA,0.00366972
2026-09-02T00:23:48.786402+00:00,0,9,KRW-PLUME,0.00516796
2026-09-02T00:23:48.786402+00:00,0,9,KRW-ARB,0.00664452
2026-09-02T00:23:48.786402+00:00,0,9,KRW-STORJ,0.00391901
2026-09-02T00:23:48.786402+00:00,0,9,KRW-BONK,0.00154440
2026-09-02T00:23:48.786402+00:00,0,9,KRW-ETC,0.00099751
2026-09-02T00:23:48.786402+00:00,0,9,KRW-ESP,0.00865801
2026-09-02T00:23:48.786402+00:00,0,9,KRW-0G,0.00373832
2026-09-02T00:23:48.786402+00:00,0,9,KRW-META2,0.01083277
2026-09-02T00:23:48.786402+00:00,0,9,KRW-BSB,0.00692042
2026-09-02T00:23:48.786402+00:00,0,9,KRW-ERA,0.00251572
2026-09-02T00:23:48.786402+00:00,0,9,KRW-MIRA,0.00336134
2026-09-02T00:23:48.786402+00:00,0,9,KRW-SAND,0.00201410
2026-09-02T00:23:48.786402+00:00,0,9,KRW-PEPE,0.00416667
2026-09-02T00:23:48.786402+00:00,0,9,KRW-POL,0.00803213
2026-09-02T00:23:48.786402+00:00,0,9,KRW-STX,0.00286944
2026-09-02T00:23:48.786402+00:00,0,9,KRW-IRYS,0.00539084
2026-09-02T00:23:48.786402+00:00,0,9,KRW-AXS,0.00159109
2026-09-02T00:23:48.786402+00:00,0,9,KRW-TAO,0.00197498
2026-09-02T00:23:48.786402+00:00,0,9,KRW-ALGO,0.00816327
2026-09-02T00:23:48.786402+00:00,0,9,KRW-JTO,0.00343053
2026-09-02T00:23:48.786402+00:00,0,9,KRW-CC,0.01273885
2026-09-02T00:23:48.786402+00:00,0,9,KRW-BIRB,0.00250941
2026-09-02T00:23:48.786402+00:00,0,9,KRW-ME,0.00357782
2026-09-02T00:23:48.786402+00:00,0,9,KRW-SEI,0.00308642
2026-09-02T00:23:48.786402+00:00,0,9,KRW-ENS,0.00127877
2026-09-02T00:23:48.786402+00:00,0,9,KRW-ZRO,0.00352983
2026-09-02T00:23:48.786402+00:00,0,9,KRW-TRUMP,0.00064103
2026-09-02T00:23:48.786402+00:00,0,9,KRW-XEC,0.00105541
2026-09-02T00:23:48.786402+00:00,0,9,KRW-RVN,0.00770218
2026-09-02T00:23:48.786402+00:00,0,9,KRW-ZAMA,0.00434468
2026-09-02T00:23:48.786402+00:00,0,9,KRW-GEOD,0.00668896
2026-09-02T00:23:48.786402+00:00,0,9,KRW-AKT,0.00436364
2026-09-02T00:23:48.786402+00:00,0,9,KRW-FIL,0.00092980
2026-09-02T00:23:48.786402+00:00,0,9,KRW-APT,0.00132363
2026-09-02T00:23:48.786402+00:00,0,9,KRW-DRV,0.01526718
2026-09-02T00:23:48.786402+00:00,0,9,KRW-ID,0.00219539
2026-09-02T00:23:48.786402+00:00,0,9,KRW-SOON,0.00394477
2026-09-02T00:23:48.786402+00:00,0,9,KRW-O,0.00129450
2026-09-02T00:23:48.786402+00:00,0,9,KRW-AVNT,0.00696864
2026-09-02T00:23:48.786402+00:00,0,9,KRW-TREE,0.00554017
2026-09-02T00:23:48.786402+00:00,0,9,KRW-KITE,0.00583090
2026-09-02T00:23:48.786402+00:00,0,9,KRW-BLEND,0.00347826
2026-09-02T00:23:48.786402+00:00,0,9,KRW-MANTRA,0.00325203
2026-09-02T00:23:48.786402+00:00,0,9,KRW-CFG,0.00647249
2026-09-02T00:23:48.786402+00:00,0,9,KRW-GAS,0.00117578
2026-09-02T00:23:48.786402+00:00,0,9,KRW-BERA,0.00408998
2026-09-02T00:23:48.786402+00:00,0,9,KRW-MEGA,0.00580833
2026-09-02T00:23:48.786402+00:00,0,9,KRW-SOPH,0.00141743
2026-09-02T00:23:48.786402+00:00,0,9,KRW-UP2,0.00283286
2026-09-02T00:23:48.786402+00:00,0,9,KRW-ZORA,0.00947867
2026-09-02T00:23:48.786402+00:00,0,9,KRW-OPG,0.00727273
2026-09-02T00:23:48.786402+00:00,0,9,KRW-BSV,0.00324299
2026-09-02T00:23:48.786402+00:00,0,9,KRW-HYPER,0.00448430
2026-09-02T00:23:48.786402+00:00,0,9,KRW-TRAC,0.00660066
2026-09-02T00:23:48.786402+00:00,0,9,KRW-IN,0.00221484
2026-09-02T00:23:48.786402+00:00,0,9,KRW-ATH,0.00314961
2026-09-02T00:23:48.786402+00:00,0,9,KRW-ETHFI,0.00258065
2026-09-02T00:23:48.786402+00:00,0,9,KRW-MON,0.00272851
2026-09-02T00:23:48.786402+00:00,0,9,KRW-ZIL,0.00282087
2026-09-02T00:23:48.786402+00:00,0,9,KRW-B3,0.00475813
2026-09-02T00:23:48.786402+00:00,0,9,KRW-ELSA,0.00320513
2026-09-02T00:23:48.786402+00:00,0,9,KRW-JUP,0.00680272
2026-09-02T00:23:48.786402+00:00,0,9,KRW-SIGN,0.00809717
2026-09-02T00:23:48.786402+00:00,0,9,KRW-FLOCK,0.00211640
2026-09-02T00:23:48.786402+00:00,0,9,KRW-DEEP,0.00503778
2026-09-02T00:23:48.786402+00:00,0,9,KRW-G,0.00381679
2026-09-02T00:23:48.786402+00:00,0,9,KRW-INJ,0.00081466
2026-09-02T00:23:48.786402+00:00,0,9,KRW-VVV,0.00309803
2026-09-02T00:23:48.786402+00:00,0,9,KRW-BIGTIME,0.00335008
2026-09-02T00:23:48.786402+00:00,0,9,KRW-BIO,0.00282885
2026-09-02T00:23:48.786402+00:00,0,9,KRW-RENDER,0.00253614
2026-09-02T00:23:48.786402+00:00,0,9,KRW-BARD,0.00576369
2026-09-02T00:23:48.786402+00:00,0,9,KRW-CHZ,0.00539084
2026-09-02T00:23:48.786402+00:00,0,9,KRW-LSK,0.00722022
2026-09-02T00:23:48.786402+00:00,0,9,KRW-CRO,0.00131666
2026-09-02T00:23:48.786402+00:00,0,9,KRW-VANA,0.00081070
2026-09-02T00:23:48.786402+00:00,0,9,KRW-LAYER,0.00211193
2026-09-02T00:23:48.786402+00:00,0,9,KRW-RED,0.00634921
2026-09-02T00:23:48.786402+00:00,0,9,KRW-DOT,0.00249273
2026-09-02T00:23:48.786402+00:00,0,9,KRW-ATOM,0.00098863
2026-09-02T00:23:48.786402+00:00,0,9,KRW-DOOD,0.00542005
2026-09-02T00:23:48.786402+00:00,0,9,KRW-XAUT,0.00216938
2026-09-02T00:23:48.786402+00:00,0,9,KRW-BORA,0.00333890
2026-09-02T00:23:48.786402+00:00,0,9,KRW-AWE,0.00117028
2026-09-02T00:23:48.786402+00:00,0,9,KRW-WAVES,0.00660066
2026-09-02T00:23:48.786402+00:00,0,9,KRW-ZKP,0.00330033
2026-09-02T00:23:48.786402+00:00,0,9,KRW-EDGE,0.00319319
2026-09-02T00:23:48.786402+00:00,0,9,KRW-ELF,0.00451467
2026-09-02T00:23:48.786402+00:00,0,9,KRW-AI,0.00740741
2026-09-02T00:23:48.786402+00:00,0,9,KRW-SNT,0.00441014
2026-09-02T00:23:48.786402+00:00,0,9,KRW-OPEN,0.00579710
2026-09-02T00:23:48.786402+00:00,0,9,KRW-SKR,0.00317965
2026-09-02T00:23:48.786402+00:00,0,9,KRW-MET2,0.00751880
2026-09-02T00:23:48.786402+00:00,0,9,KRW-FF,0.01470588
2026-09-02T00:23:48.786402+00:00,0,9,KRW-KAT,0.00320000
2026-09-02T00:23:48.786402+00:00,0,9,KRW-W,0.00754717
2026-09-02T00:23:48.786402+00:00,0,9,KRW-PENDLE,0.00159172
2026-09-02T00:23:48.786402+00:00,0,9,KRW-SPK,0.00706714
2026-09-02T00:23:48.786402+00:00,0,9,KRW-PYTH,0.00272480
2026-09-02T00:23:48.786402+00:00,0,9,KRW-STEEM,0.00338983
2026-09-02T00:23:48.786402+00:00,0,9,KRW-COW,0.00586510
2026-09-02T00:24:51.466372+00:00,0,9,KRW-SHIB,0.00140548
2026-09-02T00:24:51.466372+00:00,0,9,KRW-KAITO,0.00237248
2026-09-02T00:24:51.466372+00:00,0,9,KRW-SUI,0.00100251
2026-09-02T00:24:51.466372+00:00,0,9,KRW-MMT,0.00457666
2026-09-02T00:24:51.466372+00:00,0,9,KRW-LINK,0.00064537
2026-09-02T00:24:51.466372+00:00,0,9,KRW-PUMP,0.00330579
2026-09-02T00:24:51.466372+00:00,0,9,KRW-NEAR,0.00114965
2026-09-02T00:24:51.466372+00:00,0,9,KRW-ZBT,0.00865801
2026-09-02T00:24:51.466372+00:00,0,9,KRW-LA,0.00473934
2026-09-02T00:24:51.466372+00:00,0,9,KRW-CHIP,0.00328947
2026-09-02T00:24:51.466372+00:00,0,9,KRW-QUID,0.00112170
2026-09-02T00:24:51.466372+00:00,0,9,KRW-PENGU,0.00851064
2026-09-02T00:24:51.466372+00:00,0,9,KRW-AVAX,0.00100050
2026-09-02T00:24:51.466372+00:00,0,9,KRW-VIRTUAL,0.00317965
2026-09-02T00:24:51.466372+00:00,0,9,KRW-MOVE,0.00843882
2026-09-02T00:24:51.466372+00:00,0,9,KRW-UNI,0.00123077
2026-09-02T00:24:51.466372+00:00,0,9,KRW-PIEVERSE,0.00205691
2026-09-02T00:24:51.466372+00:00,0,9,KRW-PRL,0.00966184
2026-09-02T00:24:51.466372+00:00,0,9,KRW-HBAR,0.00975610
2026-09-02T00:24:51.466372+00:00,0,9,KRW-ONT,0.00395517
2026-09-02T00:24:51.466372+00:00,0,9,KRW-ENSO,0.00428633
2026-09-02T00:24:51.466372+00:00,0,9,KRW-XPL,0.00873362
2026-09-02T00:24:51.466372+00:00,0,9,KRW-SAHARA,0.00881057
2026-09-02T00:24:51.466372+00:00,0,9,KRW-AAVE,0.00226757
2026-09-02T00:24:51.466372+00:00,0,9,KRW-ARX,0.00589971
2026-09-02T00:24:51.466372+00:00,0,9,KRW-TRX,0.00224467
2026-09-02T00:24:51.466372+00:00,0,9,KRW-HOLO,0.00345821
2026-09-02T00:24:51.466372+00:00,0,9,KRW-WLFI,0.00126823
2026-09-02T00:24:51.466372+00:00,0,9,KRW-BCH,0.00117474
2026-09-02T00:24:51.466372+00:00,0,9,KRW-DATA,0.00365631
2026-09-02T00:24:51.466372+00:00,0,9,KRW-PLUME,0.00516796
2026-09-02T00:24:51.466372+00:00,0,9,KRW-ARB,0.00664452
2026-09-02T00:24:51.466372+00:00,0,9,KRW-STORJ,0.00131148
2026-09-02T00:24:51.466372+00:00,0,9,KRW-BONK,0.00154679
2026-09-02T00:24:51.466372+00:00,0,9,KRW-ETC,0.00099850
2026-09-02T00:24:51.466372+00:00,0,9,KRW-ESP,0.00865801
2026-09-02T00:24:51.466372+00:00,0,9,KRW-0G,0.00376648
2026-09-02T00:24:51.466372+00:00,0,9,KRW-META2,0.00068097
2026-09-02T00:24:51.466372+00:00,0,9,KRW-BSB,0.00692042
2026-09-02T00:24:51.466372+00:00,0,9,KRW-ERA,0.00251572
2026-09-02T00:24:51.466372+00:00,0,9,KRW-MIRA,0.00336134
2026-09-02T00:24:51.466372+00:00,0,9,KRW-SAND,0.00201410
2026-09-02T00:24:51.466372+00:00,0,9,KRW-PEPE,0.00416667
2026-09-02T00:24:51.466372+00:00,0,9,KRW-POL,0.00803213
2026-09-02T00:24:51.466372+00:00,0,9,KRW-STX,0.00574713
2026-09-02T00:24:51.466372+00:00,0,9,KRW-IRYS,0.00539084
2026-09-02T00:24:51.466372+00:00,0,9,KRW-AXS,0.00238569
2026-09-02T00:24:51.466372+00:00,0,9,KRW-TAO,0.00065876
2026-09-02T00:24:51.466372+00:00,0,9,KRW-ALGO,0.00816327
2026-09-02T00:24:51.466372+00:00,0,9,KRW-JTO,0.00343053
2026-09-02T00:24:51.466372+00:00,0,9,KRW-CC,0.01273885
2026-09-02T00:24:51.466372+00:00,0,9,KRW-BIRB,0.00124766
2026-09-02T00:24:51.466372+00:00,0,9,KRW-ME,0.00238663
2026-09-02T00:24:51.466372+00:00,0,9,KRW-SEI,0.00308642
2026-09-02T00:24:51.466372+00:00,0,9,KRW-ENS,0.00127959
2026-09-02T00:24:51.466372+00:00,0,9,KRW-ZRO,0.00282885
2026-09-02T00:24:51.466372+00:00,0,9,KRW-TRUMP,0.00064185
2026-09-02T00:24:51.466372+00:00,0,9,KRW-XEC,0.00105541
2026-09-02T00:24:51.466372+00:00,0,9,KRW-RVN,0.00770218
2026-09-02T00:24:51.466372+00:00,0,9,KRW-ZAMA,0.00434468
2026-09-02T00:24:51.466372+00:00,0,9,KRW-GEOD,0.00668896
2026-09-02T00:24:51.466372+00:00,0,9,KRW-AKT,0.00145666
2026-09-02T00:24:51.466372+00:00,0,9,KRW-FIL,0.00278681
2026-09-02T00:24:51.466372+00:00,0,9,KRW-APT,0.00132363
2026-09-02T00:24:51.466372+00:00,0,9,KRW-DRV,0.01526718
2026-09-02T00:24:51.466372+00:00,0,9,KRW-ID,0.00218579
2026-09-02T00:24:51.466372+00:00,0,9,KRW-SOON,0.00394477
2026-09-02T00:24:51.466372+00:00,0,9,KRW-O,0.00129450
2026-09-02T00:24:51.466372+00:00,0,9,KRW-AVNT,0.00696864
2026-09-02T00:24:51.466372+00:00,0,9,KRW-TREE,0.00369004
2026-09-02T00:24:51.466372+00:00,0,9,KRW-KITE,0.00583090
2026-09-02T00:24:51.466372+00:00,0,9,KRW-BLEND,0.00347826
2026-09-02T00:24:51.466372+00:00,0,9,KRW-MANTRA,0.00809717
2026-09-02T00:24:51.466372+00:00,0,9,KRW-CFG,0.00647249
2026-09-02T00:24:51.466372+00:00,0,9,KRW-GAS,0.00117440
2026-09-02T00:24:51.466372+00:00,0,9,KRW-BERA,0.00408998
2026-09-02T00:24:51.466372+00:00,0,9,KRW-MEGA,0.00580833
2026-09-02T00:24:51.466372+00:00,0,9,KRW-SOPH,0.00566572
2026-09-02T00:24:51.466372+00:00,0,9,KRW-UP2,0.00141945
2026-09-02T00:24:51.466372+00:00,0,9,KRW-ZORA,0.00947867
2026-09-02T00:24:51.466372+00:00,0,9,KRW-OPG,0.00727273
2026-09-02T00:24:51.466372+00:00,0,9,KRW-BSV,0.00324299
2026-09-02T00:24:51.466372+00:00,0,9,KRW-HYPER,0.00336511
2026-09-02T00:24:51.466372+00:00,0,9,KRW-TRAC,0.00660066
2026-09-02T00:24:51.466372+00:00,0,9,KRW-IN,0.00221484
2026-09-02T00:24:51.466372+00:00,0,9,KRW-ATH,0.00314961
2026-09-02T00:24:51.466372+00:00,0,9,KRW-ETHFI,0.00258065
2026-09-02T00:24:51.466372+00:00,0,9,KRW-MON,0.00272851
2026-09-02T00:24:51.466372+00:00,0,9,KRW-ZIL,0.00282087
2026-09-02T00:24:51.466372+00:00,0,9,KRW-B3,0.00475813
2026-09-02T00:24:51.466372+00:00,0,9,KRW-ELSA,0.00320513
2026-09-02T00:24:51.466372+00:00,0,9,KRW-JUP,0.00680272
2026-09-02T00:24:51.466372+00:00,0,9,KRW-SIGN,0.00803213
2026-09-02T00:24:51.466372+00:00,0,9,KRW-FLOCK,0.00211193
2026-09-02T00:24:51.466372+00:00,0,9,KRW-DEEP,0.00503778
2026-09-02T00:24:51.466372+00:00,0,9,KRW-G,0.00383142
2026-09-02T00:24:51.466372+00:00,0,9,KRW-INJ,0.00732601
2026-09-02T00:24:51.466372+00:00,0,9,KRW-VVV,0.00309803
2026-09-02T00:24:51.466372+00:00,0,9,KRW-BIGTIME,0.00111669
2026-09-02T00:24:51.466372+00:00,0,9,KRW-BIO,0.00282885
2026-09-02T00:24:51.466372+00:00,0,9,KRW-RENDER,0.00152246
2026-09-02T00:24:51.466372+00:00,0,9,KRW-BARD,0.00576369
2026-09-02T00:24:51.466372+00:00,0,9,KRW-CHZ,0.00539084
2026-09-02T00:24:51.466372+00:00,0,9,KRW-LSK,0.00722022
2026-09-02T00:24:51.466372+00:00,0,9,KRW-CRO,0.00131666
2026-09-02T00:24:51.466372+00:00,0,9,KRW-VANA,0.00081070
2026-09-02T00:24:51.466372+00:00,0,9,KRW-LAYER,0.00316623
2026-09-02T00:24:51.466372+00:00,0,9,KRW-RED,0.00634921
2026-09-02T00:24:51.466372+00:00,0,9,KRW-DOT,0.00249273
2026-09-02T00:24:51.466372+00:00,0,9,KRW-ATOM,0.00148258
2026-09-02T00:24:51.466372+00:00,0,9,KRW-DOOD,0.01081081
2026-09-02T00:24:51.466372+00:00,0,9,KRW-XAUT,0.00250313
2026-09-02T00:24:51.466372+00:00,0,9,KRW-BORA,0.00666667
2026-09-02T00:24:51.466372+00:00,0,9,KRW-AWE,0.00117028
2026-09-02T00:24:51.466372+00:00,0,9,KRW-WAVES,0.00660066
2026-09-02T00:24:51.466372+00:00,0,9,KRW-ZKP,0.00164609
2026-09-02T00:24:51.466372+00:00,0,9,KRW-EDGE,0.00318302
2026-09-02T00:24:51.466372+00:00,0,9,KRW-ELF,0.00451467
2026-09-02T00:24:51.466372+00:00,0,9,KRW-AI,0.00371058
2026-09-02T00:24:51.466372+00:00,0,9,KRW-SNT,0.00441014
2026-09-02T00:24:51.466372+00:00,0,9,KRW-OPEN,0.00579710
2026-09-02T00:24:51.466372+00:00,0,9,KRW-SKR,0.00316957
2026-09-02T00:24:51.466372+00:00,0,9,KRW-MET2,0.00751880
2026-09-02T00:24:51.466372+00:00,0,9,KRW-FF,0.00738007
2026-09-02T00:24:51.466372+00:00,0,9,KRW-KAT,0.00320000
2026-09-02T00:24:51.466372+00:00,0,9,KRW-W,0.00754717
2026-09-02T00:24:51.466372+00:00,0,9,KRW-PENDLE,0.00159363
2026-09-02T00:24:51.466372+00:00,0,9,KRW-SPK,0.00353982
2026-09-02T00:24:51.466372+00:00,0,9,KRW-PYTH,0.00273224
2026-09-02T00:24:51.466372+00:00,0,9,KRW-STEEM,0.00338983
2026-09-02T00:24:51.466372+00:00,0,9,KRW-COW,0.00586510
2026-09-02T02:05:00.265280+00:00,2,11,KRW-SHIB,0.00142755
2026-09-02T02:05:00.265280+00:00,2,11,KRW-KAITO,0.00485437
2026-09-02T02:05:00.265280+00:00,2,11,KRW-SUI,0.00101885
2026-09-02T02:05:00.265280+00:00,2,11,KRW-MMT,0.00466200
2026-09-02T02:05:00.265280+00:00,2,11,KRW-LINK,0.00130634
2026-09-02T02:05:00.265280+00:00,2,11,KRW-PUMP,0.00175285
2026-09-02T02:05:00.265280+00:00,2,11,KRW-NEAR,0.00079114
2026-09-02T02:05:00.265280+00:00,2,11,KRW-ZBT,0.00888889
2026-09-02T02:05:00.265280+00:00,2,11,KRW-LA,0.00107124
2026-09-02T02:05:00.265280+00:00,2,11,KRW-CHIP,0.00168492
2026-09-02T02:05:00.265280+00:00,2,11,KRW-QUID,0.00450958
2026-09-02T02:05:00.265280+00:00,2,11,KRW-PENGU,0.01754386
2026-09-02T02:05:00.265280+00:00,2,11,KRW-AVAX,0.00050904
2026-09-02T02:05:00.265280+00:00,2,11,KRW-VIRTUAL,0.00107585
2026-09-02T02:05:00.265280+00:00,2,11,KRW-MOVE,0.00873362
2026-09-02T02:05:00.265280+00:00,2,11,KRW-UNI,0.00187676
2026-09-02T02:05:00.265280+00:00,2,11,KRW-PIEVERSE,0.00209717
2026-09-02T02:05:00.265280+00:00,2,11,KRW-PRL,0.00496278
2026-09-02T02:05:00.265280+00:00,2,11,KRW-HBAR,0.00995025
2026-09-02T02:05:00.265280+00:00,2,11,KRW-ONT,0.00275103
2026-09-02T02:05:00.265280+00:00,2,11,KRW-ENSO,0.00256520
2026-09-02T02:05:00.265280+00:00,2,11,KRW-XPL,0.00904977
2026-09-02T02:05:00.265280+00:00,2,11,KRW-SAHARA,0.00881057
2026-09-02T02:05:00.265280+00:00,2,11,KRW-AAVE,0.00115274
2026-09-02T02:05:00.265280+00:00,2,11,KRW-ARX,0.00589971
2026-09-02T02:05:00.265280+00:00,2,11,KRW-TRX,0.00225479
2026-09-02T02:05:00.265280+00:00,2,11,KRW-HOLO,0.00235571
2026-09-02T02:05:00.265280+00:00,2,11,KRW-WLFI,0.00255754
2026-09-02T02:05:00.265280+00:00,2,11,KRW-BCH,0.00119048
2026-09-02T02:05:00.265280+00:00,2,11,KRW-DATA,0.00375235
2026-09-02T02:05:00.265280+00:00,2,11,KRW-PLUME,0.00516796
2026-09-02T02:05:00.265280+00:00,2,11,KRW-ARB,0.00664452
2026-09-02T02:05:00.265280+00:00,2,11,KRW-STORJ,0.00123077
2026-09-02T02:05:00.265280+00:00,2,11,KRW-BONK,0.00165975
2026-09-02T02:05:00.265280+00:00,2,11,KRW-ETC,0.00202737
2026-09-02T02:05:00.265280+00:00,2,11,KRW-ESP,0.00888889
2026-09-02T02:05:00.265280+00:00,2,11,KRW-0G,0.00389864
2026-09-02T02:05:00.265280+00:00,2,11,KRW-META2,0.00760456
2026-09-02T02:05:00.265280+00:00,2,11,KRW-BSB,0.01369863
2026-09-02T02:05:00.265280+00:00,2,11,KRW-ERA,0.00252845
2026-09-02T02:05:00.265280+00:00,2,11,KRW-MIRA,0.00158353
2026-09-02T02:05:00.265280+00:00,2,11,KRW-SAND,0.00199005
2026-09-02T02:05:00.265280+00:00,2,11,KRW-PEPE,0.00210748
2026-09-02T02:05:00.265280+00:00,2,11,KRW-POL,0.00816327
2026-09-02T02:05:00.265280+00:00,2,11,KRW-STX,0.00288600
2026-09-02T02:05:00.265280+00:00,2,11,KRW-IRYS,0.00542005
2026-09-02T02:05:00.265280+00:00,2,11,KRW-AXS,0.00239139
2026-09-02T02:05:00.265280+00:00,2,11,KRW-TAO,0.00100385
2026-09-02T02:05:00.265280+00:00,2,11,KRW-ALGO,0.00836820
2026-09-02T02:05:00.265280+00:00,2,11,KRW-JTO,0.00349650
2026-09-02T02:05:00.265280+00:00,2,11,KRW-CC,0.01282051
2026-09-02T02:05:00.265280+00:00,2,11,KRW-BIRB,0.00255102
2026-09-02T02:05:00.265280+00:00,2,11,KRW-ME,0.00120265
2026-09-02T02:05:00.265280+00:00,2,11,KRW-SEI,0.00157109
2026-09-02T02:05:00.265280+00:00,2,11,KRW-ENS,0.00131234
2026-09-02T02:05:00.265280+00:00,2,11,KRW-ZRO,0.00289436
2026-09-02T02:05:00.265280+00:00,2,11,KRW-TRUMP,0.00129576
2026-09-02T02:05:00.265280+00:00,2,11,KRW-XEC,0.00319319
2026-09-02T02:05:00.265280+00:00,2,11,KRW-RVN,0.00515464
2026-09-02T02:05:00.265280+00:00,2,11,KRW-ZAMA,0.00294985
2026-09-02T02:05:00.265280+00:00,2,11,KRW-GEOD,0.00336134
2026-09-02T02:05:00.265280+00:00,2,11,KRW-AKT,0.00294551
2026-09-02T02:05:00.265280+00:00,2,11,KRW-FIL,0.00189215
2026-09-02T02:05:00.265280+00:00,2,11,KRW-APT,0.00134318
2026-09-02T02:05:00.265280+00:00,2,11,KRW-DRV,0.00514139
2026-09-02T02:05:00.265280+00:00,2,11,KRW-ID,0.00448430
2026-09-02T02:05:00.265280+00:00,2,11,KRW-SOON,0.00796813
2026-09-02T02:05:00.265280+00:00,2,11,KRW-O,0.00394477
2026-09-02T02:05:00.265280+00:00,2,11,KRW-AVNT,0.00722022
2026-09-02T02:05:00.265280+00:00,2,11,KRW-TREE,0.00183993
2026-09-02T02:05:00.265280+00:00,2,11,KRW-KITE,0.00589971
2026-09-02T02:05:00.265280+00:00,2,11,KRW-BLEND,0.00115942
2026-09-02T02:05:00.265280+00:00,2,11,KRW-MANTRA,0.00324675
2026-09-02T02:05:00.265280+00:00,2,11,KRW-CFG,0.00651466
2026-09-02T02:05:00.265280+00:00,2,11,KRW-GAS,0.00181433
2026-09-02T02:05:00.265280+00:00,2,11,KRW-BERA,0.00415800
2026-09-02T02:05:00.265280+00:00,2,11,KRW-MEGA,0.00394477
2026-09-02T02:05:00.265280+00:00,2,11,KRW-SOPH,0.00393959
2026-09-02T02:05:00.265280+00:00,2,11,KRW-UP2,0.00283286
2026-09-02T02:05:00.265280+00:00,2,11,KRW-ZORA,0.00975610
2026-09-02T02:05:00.265280+00:00,2,11,KRW-OPG,0.00738007
2026-09-02T02:05:00.265280+00:00,2,11,KRW-BSV,0.00233590
2026-09-02T02:05:00.265280+00:00,2,11,KRW-HYPER,0.00341491
2026-09-02T02:05:00.265280+00:00,2,11,KRW-TRAC,0.00900901
2026-09-02T02:05:00.265280+00:00,2,11,KRW-IN,0.00442478
2026-09-02T02:05:00.265280+00:00,2,11,KRW-ATH,0.00159872
2026-09-02T02:05:00.265280+00:00,2,11,KRW-ETHFI,0.00263158
2026-09-02T02:05:00.265280+00:00,2,11,KRW-MON,0.00280505
2026-09-02T02:05:00.265280+00:00,2,11,KRW-ZIL,0.00289436
2026-09-02T02:05:00.265280+00:00,2,11,KRW-B3,0.00321543
2026-09-02T02:05:00.265280+00:00,2,11,KRW-ELSA,0.00162206
2026-09-02T02:05:00.265280+00:00,2,11,KRW-JUP,0.00345423
2026-09-02T02:05:00.265280+00:00,2,11,KRW-SIGN,0.00803213
2026-09-02T02:05:00.265280+00:00,2,11,KRW-FLOCK,0.00425532
2026-09-02T02:05:00.265280+00:00,2,11,KRW-DEEP,0.00511509
2026-09-02T02:05:00.265280+00:00,2,11,KRW-G,0.00392927
2026-09-02T02:05:00.265280+00:00,2,11,KRW-INJ,0.00907965
2026-09-02T02:05:00.265280+00:00,2,11,KRW-VVV,0.00402055
2026-09-02T02:05:00.265280+00:00,2,11,KRW-BIGTIME,0.00109469
2026-09-02T02:05:00.265280+00:00,2,11,KRW-BIO,0.00287770
2026-09-02T02:05:00.265280+00:00,2,11,KRW-RENDER,0.00259673
2026-09-02T02:05:00.265280+00:00,2,11,KRW-BARD,0.00586510
2026-09-02T02:05:00.265280+00:00,2,11,KRW-CHZ,0.00550964
2026-09-02T02:05:00.265280+00:00,2,11,KRW-LSK,0.00732601
2026-09-02T02:05:00.265280+00:00,2,11,KRW-CRO,0.00265604
2026-09-02T02:05:00.265280+00:00,2,11,KRW-VANA,0.00082679
2026-09-02T02:05:00.265280+00:00,2,11,KRW-LAYER,0.00318979
2026-09-02T02:05:00.265280+00:00,2,11,KRW-RED,0.00647249
2026-09-02T02:05:00.265280+00:00,2,11,KRW-DOT,0.00167926
2026-09-02T02:05:00.265280+00:00,2,11,KRW-ATOM,0.00099900
2026-09-02T02:05:00.265280+00:00,2,11,KRW-DOOD,0.00533333
2026-09-02T02:05:00.265280+00:00,2,11,KRW-XAUT,0.00219428
2026-09-02T02:05:00.265280+00:00,2,11,KRW-BORA,0.00335008
2026-09-02T02:05:00.265280+00:00,2,11,KRW-AWE,0.00353149
2026-09-02T02:05:00.265280+00:00,2,11,KRW-WAVES,0.00335008
2026-09-02T02:05:00.265280+00:00,2,11,KRW-ZKP,0.00331675
2026-09-02T02:05:00.265280+00:00,2,11,KRW-EDGE,0.00527704
2026-09-02T02:05:00.265280+00:00,2,11,KRW-ELF,0.00679502
2026-09-02T02:05:00.265280+00:00,2,11,KRW-AI,0.00378072
2026-09-02T02:05:00.265280+00:00,2,11,KRW-SNT,0.00226501
2026-09-02T02:05:00.265280+00:00,2,11,KRW-OPEN,0.00586510
2026-09-02T02:05:00.265280+00:00,2,11,KRW-SKR,0.00335008
2026-09-02T02:05:00.265280+00:00,2,11,KRW-MET2,0.00766284
2026-09-02T02:05:00.265280+00:00,2,11,KRW-FF,0.00732601
2026-09-02T02:05:00.265280+00:00,2,11,KRW-KAT,0.00164880
2026-09-02T02:05:00.265280+00:00,2,11,KRW-W,0.00766284
2026-09-02T02:05:00.265280+00:00,2,11,KRW-PENDLE,0.00247015
2026-09-02T02:05:00.265280+00:00,2,11,KRW-SPK,0.00724638
2026-09-02T02:05:00.265280+00:00,2,11,KRW-PYTH,0.00275862
2026-09-02T02:05:00.265280+00:00,2,11,KRW-STEEM,0.00171380
2026-09-02T02:05:00.265280+00:00,2,11,KRW-COW,0.00589971
2026-09-02T02:06:03.045043+00:00,2,11,KRW-SHIB,0.00142755
2026-09-02T02:06:03.045043+00:00,2,11,KRW-KAITO,0.00243013
2026-09-02T02:06:03.045043+00:00,2,11,KRW-SUI,0.00101989
2026-09-02T02:06:03.045043+00:00,2,11,KRW-MMT,0.00466200
2026-09-02T02:06:03.045043+00:00,2,11,KRW-LINK,0.00130719
2026-09-02T02:06:03.045043+00:00,2,11,KRW-PUMP,0.00175285
2026-09-02T02:06:03.045043+00:00,2,11,KRW-NEAR,0.00118694
2026-09-02T02:06:03.045043+00:00,2,11,KRW-ZBT,0.00888889
2026-09-02T02:06:03.045043+00:00,2,11,KRW-LA,0.00107124
2026-09-02T02:06:03.045043+00:00,2,11,KRW-CHIP,0.00337268
2026-09-02T02:06:03.045043+00:00,2,11,KRW-QUID,0.00338028
2026-09-02T02:06:03.045043+00:00,2,11,KRW-PENGU,0.00873362
2026-09-02T02:06:03.045043+00:00,2,11,KRW-AVAX,0.00101781
2026-09-02T02:06:03.045043+00:00,2,11,KRW-VIRTUAL,0.00107585
2026-09-02T02:06:03.045043+00:00,2,11,KRW-MOVE,0.00873362
2026-09-02T02:06:03.045043+00:00,2,11,KRW-UNI,0.00187559
2026-09-02T02:06:03.045043+00:00,2,11,KRW-PIEVERSE,0.00140056
2026-09-02T02:06:03.045043+00:00,2,11,KRW-PRL,0.00496278
2026-09-02T02:06:03.045043+00:00,2,11,KRW-HBAR,0.00995025
2026-09-02T02:06:03.045043+00:00,2,11,KRW-ONT,0.00275103
2026-09-02T02:06:03.045043+00:00,2,11,KRW-ENSO,0.00341880
2026-09-02T02:06:03.045043+00:00,2,11,KRW-XPL,0.00904977
2026-09-02T02:06:03.045043+00:00,2,11,KRW-SAHARA,0.00888889
2026-09-02T02:06:03.045043+00:00,2,11,KRW-AAVE,0.00172961
2026-09-02T02:06:03.045043+00:00,2,11,KRW-ARX,0.00589971
2026-09-02T02:06:03.045043+00:00,2,11,KRW-TRX,0.00225479
2026-09-02T02:06:03.045043+00:00,2,11,KRW-HOLO,0.00235571
2026-09-02T02:06:03.045043+00:00,2,11,KRW-WLFI,0.00255754
2026-09-02T02:06:03.045043+00:00,2,11,KRW-BCH,0.00119083
2026-09-02T02:06:03.045043+00:00,2,11,KRW-DATA,0.00373832
2026-09-02T02:06:03.045043+00:00,2,11,KRW-PLUME,0.00516796
2026-09-02T02:06:03.045043+00:00,2,11,KRW-ARB,0.00664452
2026-09-02T02:06:03.045043+00:00,2,11,KRW-STORJ,0.00123381
2026-09-02T02:06:03.045043+00:00,2,11,KRW-BONK,0.00340716
2026-09-02T02:06:03.045043+00:00,2,11,KRW-ETC,0.00152014
2026-09-02T02:06:03.045043+00:00,2,11,KRW-ESP,0.00888889
2026-09-02T02:06:03.045043+00:00,2,11,KRW-0G,0.00778210
2026-09-02T02:06:03.045043+00:00,2,11,KRW-META2,0.00760456
2026-09-02T02:06:03.045043+00:00,2,11,KRW-BSB,0.00682594
2026-09-02T02:06:03.045043+00:00,2,11,KRW-ERA,0.00252845
2026-09-02T02:06:03.045043+00:00,2,11,KRW-MIRA,0.00159363
2026-09-02T02:06:03.045043+00:00,2,11,KRW-SAND,0.00199402
2026-09-02T02:06:03.045043+00:00,2,11,KRW-PEPE,0.00210748
2026-09-02T02:06:03.045043+00:00,2,11,KRW-POL,0.00816327
2026-09-02T02:06:03.045043+00:00,2,11,KRW-STX,0.00288600
2026-09-02T02:06:03.045043+00:00,2,11,KRW-IRYS,0.00542005
2026-09-02T02:06:03.045043+00:00,2,11,KRW-AXS,0.00398883
2026-09-02T02:06:03.045043+00:00,2,11,KRW-TAO,0.00066867
2026-09-02T02:06:03.045043+00:00,2,11,KRW-ALGO,0.01666667
2026-09-02T02:06:03.045043+00:00,2,11,KRW-JTO,0.00349650
2026-09-02T02:06:03.045043+00:00,2,11,KRW-CC,0.00638978
2026-09-02T02:06:03.045043+00:00,2,11,KRW-BIRB,0.00255102
2026-09-02T02:06:03.045043+00:00,2,11,KRW-ME,0.00120265
2026-09-02T02:06:03.045043+00:00,2,11,KRW-SEI,0.00157109
2026-09-02T02:06:03.045043+00:00,2,11,KRW-ENS,0.00065725
2026-09-02T02:06:03.045043+00:00,2,11,KRW-ZRO,0.00144823
2026-09-02T02:06:03.045043+00:00,2,11,KRW-TRUMP,0.00032378
2026-09-02T02:06:03.045043+00:00,2,11,KRW-XEC,0.00319319
2026-09-02T02:06:03.045043+00:00,2,11,KRW-RVN,0.00515464
2026-09-02T02:06:03.045043+00:00,2,11,KRW-ZAMA,0.00294985
2026-09-02T02:06:03.045043+00:00,2,11,KRW-GEOD,0.00336134
2026-09-02T02:06:03.045043+00:00,2,11,KRW-AKT,0.00294551
2026-09-02T02:06:03.045043+00:00,2,11,KRW-FIL,0.00283152
2026-09-02T02:06:03.045043+00:00,2,11,KRW-APT,0.00269179
2026-09-02T02:06:03.045043+00:00,2,11,KRW-DRV,0.00514139
2026-09-02T02:06:03.045043+00:00,2,11,KRW-ID,0.00448430
2026-09-02T02:06:03.045043+00:00,2,11,KRW-SOON,0.00796813
2026-09-02T02:06:03.045043+00:00,2,11,KRW-O,0.00263158
2026-09-02T02:06:03.045043+00:00,2,11,KRW-AVNT,0.00722022
2026-09-02T02:06:03.045043+00:00,2,11,KRW-TREE,0.00184332
2026-09-02T02:06:03.045043+00:00,2,11,KRW-KITE,0.00589971
2026-09-02T02:06:03.045043+00:00,2,11,KRW-BLEND,0.00231750
2026-09-02T02:06:03.045043+00:00,2,11,KRW-MANTRA,0.00162206
2026-09-02T02:06:03.045043+00:00,2,11,KRW-CFG,0.00651466
2026-09-02T02:06:03.045043+00:00,2,11,KRW-GAS,0.00302206
2026-09-02T02:06:03.045043+00:00,2,11,KRW-BERA,0.00415800
2026-09-02T02:06:03.045043+00:00,2,11,KRW-MEGA,0.00395257
2026-09-02T02:06:03.045043+00:00,2,11,KRW-SOPH,0.00264550
2026-09-02T02:06:03.045043+00:00,2,11,KRW-UP2,0.00283286
2026-09-02T02:06:03.045043+00:00,2,11,KRW-ZORA,0.00975610
2026-09-02T02:06:03.045043+00:00,2,11,KRW-OPG,0.00738007
2026-09-02T02:06:03.045043+00:00,2,11,KRW-BSV,0.00233590
2026-09-02T02:06:03.045043+00:00,2,11,KRW-HYPER,0.00341491
2026-09-02T02:06:03.045043+00:00,2,11,KRW-TRAC,0.00676437
2026-09-02T02:06:03.045043+00:00,2,11,KRW-IN,0.00442478
2026-09-02T02:06:03.045043+00:00,2,11,KRW-ATH,0.00159872
2026-09-02T02:06:03.045043+00:00,2,11,KRW-ETHFI,0.00263158
2026-09-02T02:06:03.045043+00:00,2,11,KRW-MON,0.00280505
2026-09-02T02:06:03.045043+00:00,2,11,KRW-ZIL,0.00868307
2026-09-02T02:06:03.045043+00:00,2,11,KRW-B3,0.00482703
2026-09-02T02:06:03.045043+00:00,2,11,KRW-ELSA,0.00324675
2026-09-02T02:06:03.045043+00:00,2,11,KRW-JUP,0.00345423
2026-09-02T02:06:03.045043+00:00,2,11,KRW-SIGN,0.00803213
2026-09-02T02:06:03.045043+00:00,2,11,KRW-FLOCK,0.00425532
2026-09-02T02:06:03.045043+00:00,2,11,KRW-DEEP,0.00511509
2026-09-02T02:06:03.045043+00:00,2,11,KRW-G,0.00196657
2026-09-02T02:06:03.045043+00:00,2,11,KRW-INJ,0.00990917
2026-09-02T02:06:03.045043+00:00,2,11,KRW-VVV,0.00357942
2026-09-02T02:06:03.045043+00:00,2,11,KRW-BIGTIME,0.00219058
2026-09-02T02:06:03.045043+00:00,2,11,KRW-BIO,0.00287770
2026-09-02T02:06:03.045043+00:00,2,11,KRW-RENDER,0.00259673
2026-09-02T02:06:03.045043+00:00,2,11,KRW-BARD,0.00586510
2026-09-02T02:06:03.045043+00:00,2,11,KRW-CHZ,0.00550964
2026-09-02T02:06:03.045043+00:00,2,11,KRW-LSK,0.00732601
2026-09-02T02:06:03.045043+00:00,2,11,KRW-CRO,0.00265604
2026-09-02T02:06:03.045043+00:00,2,11,KRW-VANA,0.00082679
2026-09-02T02:06:03.045043+00:00,2,11,KRW-LAYER,0.00212540
2026-09-02T02:06:03.045043+00:00,2,11,KRW-RED,0.00647249
2026-09-02T02:06:03.045043+00:00,2,11,KRW-DOT,0.00167645
2026-09-02T02:06:03.045043+00:00,2,11,KRW-ATOM,0.00149813
2026-09-02T02:06:03.045043+00:00,2,11,KRW-DOOD,0.00533333
2026-09-02T02:06:03.045043+00:00,2,11,KRW-XAUT,0.00202532
2026-09-02T02:06:03.045043+00:00,2,11,KRW-BORA,0.00335008
2026-09-02T02:06:03.045043+00:00,2,11,KRW-AWE,0.00235571
2026-09-02T02:06:03.045043+00:00,2,11,KRW-WAVES,0.00335008
2026-09-02T02:06:03.045043+00:00,2,11,KRW-ZKP,0.00331675
2026-09-02T02:06:03.045043+00:00,2,11,KRW-EDGE,0.00422386
2026-09-02T02:06:03.045043+00:00,2,11,KRW-ELF,0.00679502
2026-09-02T02:06:03.045043+00:00,2,11,KRW-AI,0.00378072
2026-09-02T02:06:03.045043+00:00,2,11,KRW-SNT,0.00226501
2026-09-02T02:06:03.045043+00:00,2,11,KRW-OPEN,0.00586510
2026-09-02T02:06:03.045043+00:00,2,11,KRW-SKR,0.00338409
2026-09-02T02:06:03.045043+00:00,2,11,KRW-MET2,0.00766284
2026-09-02T02:06:03.045043+00:00,2,11,KRW-FF,0.00732601
2026-09-02T02:06:03.045043+00:00,2,11,KRW-KAT,0.00164609
2026-09-02T02:06:03.045043+00:00,2,11,KRW-W,0.00766284
2026-09-02T02:06:03.045043+00:00,2,11,KRW-PENDLE,0.00123381
2026-09-02T02:06:03.045043+00:00,2,11,KRW-SPK,0.00724638
2026-09-02T02:06:03.045043+00:00,2,11,KRW-PYTH,0.00137836
2026-09-02T02:06:03.045043+00:00,2,11,KRW-STEEM,0.00171380
2026-09-02T02:06:03.045043+00:00,2,11,KRW-COW,0.01183432
2026-09-02T02:07:05.753622+00:00,2,11,KRW-SHIB,0.00285307
2026-09-02T02:07:05.753622+00:00,2,11,KRW-KAITO,0.00242424
2026-09-02T02:07:05.753622+00:00,2,11,KRW-SUI,0.00101574
2026-09-02T02:07:05.753622+00:00,2,11,KRW-MMT,0.00464037
2026-09-02T02:07:05.753622+00:00,2,11,KRW-LINK,0.00195503
2026-09-02T02:07:05.753622+00:00,2,11,KRW-PUMP,0.00174368
2026-09-02T02:07:05.753622+00:00,2,11,KRW-NEAR,0.00157667
2026-09-02T02:07:05.753622+00:00,2,11,KRW-ZBT,0.00888889
2026-09-02T02:07:05.753622+00:00,2,11,KRW-LA,0.00107701
2026-09-02T02:07:05.753622+00:00,2,11,KRW-CHIP,0.00337268
2026-09-02T02:07:05.753622+00:00,2,11,KRW-QUID,0.00112423
2026-09-02T02:07:05.753622+00:00,2,11,KRW-PENGU,0.00873362
2026-09-02T02:07:05.753622+00:00,2,11,KRW-AVAX,0.00050723
2026-09-02T02:07:05.753622+00:00,2,11,KRW-VIRTUAL,0.00321371
2026-09-02T02:07:05.753622+00:00,2,11,KRW-MOVE,0.00873362
2026-09-02T02:07:05.753622+00:00,2,11,KRW-UNI,0.00186162
2026-09-02T02:07:05.753622+00:00,2,11,KRW-PIEVERSE,0.00279135
2026-09-02T02:07:05.753622+00:00,2,11,KRW-PRL,0.00496278
2026-09-02T02:07:05.753622+00:00,2,11,KRW-HBAR,0.00995025
2026-09-02T02:07:05.753622+00:00,2,11,KRW-ONT,0.00274725
2026-09-02T02:07:05.753622+00:00,2,11,KRW-ENSO,0.00255428
2026-09-02T02:07:05.753622+00:00,2,11,KRW-XPL,0.00896861
2026-09-02T02:07:05.753622+00:00,2,11,KRW-SAHARA,0.00881057
2026-09-02T02:07:05.753622+00:00,2,11,KRW-AAVE,0.00057422
2026-09-02T02:07:05.753622+00:00,2,11,KRW-ARX,0.00589971
2026-09-02T02:07:05.753622+00:00,2,11,KRW-TRX,0.00225479
2026-09-02T02:07:05.753622+00:00,2,11,KRW-HOLO,0.00352319
2026-09-02T02:07:05.753622+00:00,2,11,KRW-WLFI,0.00255428
2026-09-02T02:07:05.753622+00:00,2,11,KRW-BCH,0.00118694
2026-09-02T02:07:05.753622+00:00,2,11,KRW-DATA,0.00375235
2026-09-02T02:07:05.753622+00:00,2,11,KRW-PLUME,0.00516796
2026-09-02T02:07:05.753622+00:00,2,11,KRW-ARB,0.00660066
2026-09-02T02:07:05.753622+00:00,2,11,KRW-STORJ,0.00370599
2026-09-02T02:07:05.753622+00:00,2,11,KRW-BONK,0.00168776
2026-09-02T02:07:05.753622+00:00,2,11,KRW-ETC,0.00252845
2026-09-02T02:07:05.753622+00:00,2,11,KRW-ESP,0.00888889
2026-09-02T02:07:05.753622+00:00,2,11,KRW-0G,0.00386847
2026-09-02T02:07:05.753622+00:00,2,11,KRW-META2,0.00691563
2026-09-02T02:07:05.753622+00:00,2,11,KRW-BSB,0.01360544
2026-09-02T02:07:05.753622+00:00,2,11,KRW-ERA,0.00251572
2026-09-02T02:07:05.753622+00:00,2,11,KRW-MIRA,0.00160901
2026-09-02T02:07:05.753622+00:00,2,11,KRW-SAND,0.00198610
2026-09-02T02:07:05.753622+00:00,2,11,KRW-PEPE,0.00419287
2026-09-02T02:07:05.753622+00:00,2,11,KRW-POL,0.00809717
2026-09-02T02:07:05.753622+00:00,2,11,KRW-STX,0.00287770
2026-09-02T02:07:05.753622+00:00,2,11,KRW-IRYS,0.00542005
2026-09-02T02:07:05.753622+00:00,2,11,KRW-AXS,0.00397298
2026-09-02T02:07:05.753622+00:00,2,11,KRW-TAO,0.00299850
2026-09-02T02:07:05.753622+00:00,2,11,KRW-ALGO,0.00829876
2026-09-02T02:07:05.753622+00:00,2,11,KRW-JTO,0.00174064
2026-09-02T02:07:05.753622+00:00,2,11,KRW-CC,0.00638978
2026-09-02T02:07:05.753622+00:00,2,11,KRW-BIRB,0.00254777
2026-09-02T02:07:05.753622+00:00,2,11,KRW-ME,0.00120120
2026-09-02T02:07:05.753622+00:00,2,11,KRW-SEI,0.00156617
2026-09-02T02:07:05.753622+00:00,2,11,KRW-ENS,0.00196528
2026-09-02T02:07:05.753622+00:00,2,11,KRW-ZRO,0.00359583
2026-09-02T02:07:05.753622+00:00,2,11,KRW-TRUMP,0.00032180
2026-09-02T02:07:05.753622+00:00,2,11,KRW-XEC,0.00317628
2026-09-02T02:07:05.753622+00:00,2,11,KRW-RVN,0.00515464
2026-09-02T02:07:05.753622+00:00,2,11,KRW-ZAMA,0.00294118
2026-09-02T02:07:05.753622+00:00,2,11,KRW-GEOD,0.00337268
2026-09-02T02:07:05.753622+00:00,2,11,KRW-AKT,0.00440852
2026-09-02T02:07:05.753622+00:00,2,11,KRW-FIL,0.00187441
2026-09-02T02:07:05.753622+00:00,2,11,KRW-APT,0.00535475
2026-09-02T02:07:05.753622+00:00,2,11,KRW-DRV,0.00514139
2026-09-02T02:07:05.753622+00:00,2,11,KRW-ID,0.00668896
2026-09-02T02:07:05.753622+00:00,2,11,KRW-SOON,0.00397614
2026-09-02T02:07:05.753622+00:00,2,11,KRW-O,0.00263158
2026-09-02T02:07:05.753622+00:00,2,11,KRW-AVNT,0.00722022
2026-09-02T02:07:05.753622+00:00,2,11,KRW-TREE,0.00550964
2026-09-02T02:07:05.753622+00:00,2,11,KRW-KITE,0.01176471
2026-09-02T02:07:05.753622+00:00,2,11,KRW-BLEND,0.00115942
2026-09-02T02:07:05.753622+00:00,2,11,KRW-MANTRA,0.00649351
2026-09-02T02:07:05.753622+00:00,2,11,KRW-CFG,0.00647249
2026-09-02T02:07:05.753622+00:00,2,11,KRW-GAS,0.00240529
2026-09-02T02:07:05.753622+00:00,2,11,KRW-BERA,0.00826446
2026-09-02T02:07:05.753622+00:00,2,11,KRW-MEGA,0.00393701
2026-09-02T02:07:05.753622+00:00,2,11,KRW-SOPH,0.00262467
2026-09-02T02:07:05.753622+00:00,2,11,KRW-UP2,0.00283286
2026-09-02T02:07:05.753622+00:00,2,11,KRW-ZORA,0.00975610
2026-09-02T02:07:05.753622+00:00,2,11,KRW-OPG,0.00732601
2026-09-02T02:07:05.753622+00:00,2,11,KRW-BSV,0.00325657
2026-09-02T02:07:05.753622+00:00,2,11,KRW-HYPER,0.00113572
2026-09-02T02:07:05.753622+00:00,2,11,KRW-TRAC,0.00676437
2026-09-02T02:07:05.753622+00:00,2,11,KRW-IN,0.00441501
2026-09-02T02:07:05.753622+00:00,2,11,KRW-ATH,0.00636943
2026-09-02T02:07:05.753622+00:00,2,11,KRW-ETHFI,0.00262467
2026-09-02T02:07:05.753622+00:00,2,11,KRW-MON,0.00560224
2026-09-02T02:07:05.753622+00:00,2,11,KRW-ZIL,0.00578035
2026-09-02T02:07:05.753622+00:00,2,11,KRW-B3,0.00482703
2026-09-02T02:07:05.753622+00:00,2,11,KRW-ELSA,0.00485830
2026-09-02T02:07:05.753622+00:00,2,11,KRW-JUP,0.00687285
2026-09-02T02:07:05.753622+00:00,2,11,KRW-SIGN,0.00803213
2026-09-02T02:07:05.753622+00:00,2,11,KRW-FLOCK,0.00211640
2026-09-02T02:07:05.753622+00:00,2,11,KRW-DEEP,0.00508906
2026-09-02T02:07:05.753622+00:00,2,11,KRW-G,0.00392157
2026-09-02T02:07:05.753622+00:00,2,11,KRW-INJ,0.01073050
2026-09-02T02:07:05.753622+00:00,2,11,KRW-VVV,0.00311873
2026-09-02T02:07:05.753622+00:00,2,11,KRW-BIGTIME,0.00109111
2026-09-02T02:07:05.753622+00:00,2,11,KRW-BIO,0.00573066
2026-09-02T02:07:05.753622+00:00,2,11,KRW-RENDER,0.00051773
2026-09-02T02:07:05.753622+00:00,2,11,KRW-BARD,0.00583090
2026-09-02T02:07:05.753622+00:00,2,11,KRW-CHZ,0.00547945
2026-09-02T02:07:05.753622+00:00,2,11,KRW-LSK,0.00732601
2026-09-02T02:07:05.753622+00:00,2,11,KRW-CRO,0.00265604
2026-09-02T02:07:05.753622+00:00,2,11,KRW-VANA,0.00412031
2026-09-02T02:07:05.753622+00:00,2,11,KRW-LAYER,0.00212089
2026-09-02T02:07:05.753622+00:00,2,11,KRW-RED,0.00643087
2026-09-02T02:07:05.753622+00:00,2,11,KRW-DOT,0.00249896
2026-09-02T02:07:05.753622+00:00,2,11,KRW-ATOM,0.00248818
2026-09-02T02:07:05.753622+00:00,2,11,KRW-DOOD,0.00533333
2026-09-02T02:07:05.753622+00:00,2,11,KRW-XAUT,0.00185513
2026-09-02T02:07:05.753622+00:00,2,11,KRW-BORA,0.00668896
2026-09-02T02:07:05.753622+00:00,2,11,KRW-AWE,0.00353149
2026-09-02T02:07:05.753622+00:00,2,11,KRW-WAVES,0.00335008
2026-09-02T02:07:05.753622+00:00,2,11,KRW-ZKP,0.00330579
2026-09-02T02:07:05.753622+00:00,2,11,KRW-EDGE,0.00422386
2026-09-02T02:07:05.753622+00:00,2,11,KRW-ELF,0.00566572
2026-09-02T02:07:05.753622+00:00,2,11,KRW-AI,0.00378072
2026-09-02T02:07:05.753622+00:00,2,11,KRW-SNT,0.00226501
2026-09-02T02:07:05.753622+00:00,2,11,KRW-OPEN,0.00586510
2026-09-02T02:07:05.753622+00:00,2,11,KRW-SKR,0.00343053
2026-09-02T02:07:05.753622+00:00,2,11,KRW-MET2,0.00763359
2026-09-02T02:07:05.753622+00:00,2,11,KRW-FF,0.00732601
2026-09-02T02:07:05.753622+00:00,2,11,KRW-KAT,0.00492207
2026-09-02T02:07:05.753622+00:00,2,11,KRW-W,0.00760456
2026-09-02T02:07:05.753622+00:00,2,11,KRW-PENDLE,0.00286826
2026-09-02T02:07:05.753622+00:00,2,11,KRW-SPK,0.00361664
2026-09-02T02:07:05.753622+00:00,2,11,KRW-PYTH,0.00274725
2026-09-02T02:07:05.753622+00:00,2,11,KRW-STEEM,0.00512383
2026-09-02T02:07:05.753622+00:00,2,11,KRW-COW,0.00589971
2026-09-02T02:08:08.458281+00:00,2,11,KRW-SHIB,0.00142552
2026-09-02T02:08:08.458281+00:00,2,11,KRW-KAITO,0.00484262
2026-09-02T02:08:08.458281+00:00,2,11,KRW-SUI,0.00101574
2026-09-02T02:08:08.458281+00:00,2,11,KRW-MMT,0.00464037
2026-09-02T02:08:08.458281+00:00,2,11,KRW-LINK,0.00195631
2026-09-02T02:08:08.458281+00:00,2,11,KRW-PUMP,0.00174064
2026-09-02T02:08:08.458281+00:00,2,11,KRW-NEAR,0.00039456
2026-09-02T02:08:08.458281+00:00,2,11,KRW-ZBT,0.00888889
2026-09-02T02:08:08.458281+00:00,2,11,KRW-LA,0.00107817
2026-09-02T02:08:08.458281+00:00,2,11,KRW-CHIP,0.00337268
2026-09-02T02:08:08.458281+00:00,2,11,KRW-QUID,0.00224972
2026-09-02T02:08:08.458281+00:00,2,11,KRW-PENGU,0.00873362
2026-09-02T02:08:08.458281+00:00,2,11,KRW-AVAX,0.00152168
2026-09-02T02:08:08.458281+00:00,2,11,KRW-VIRTUAL,0.00214133
2026-09-02T02:08:08.458281+00:00,2,11,KRW-MOVE,0.00873362
2026-09-02T02:08:08.458281+00:00,2,11,KRW-UNI,0.00186509
2026-09-02T02:08:08.458281+00:00,2,11,KRW-PIEVERSE,0.00278552
2026-09-02T02:08:08.458281+00:00,2,11,KRW-PRL,0.00496278
2026-09-02T02:08:08.458281+00:00,2,11,KRW-HBAR,0.00985222
2026-09-02T02:08:08.458281+00:00,2,11,KRW-ONT,0.00274725
2026-09-02T02:08:08.458281+00:00,2,11,KRW-ENSO,0.00255211
2026-09-02T02:08:08.458281+00:00,2,11,KRW-XPL,0.00896861
2026-09-02T02:08:08.458281+00:00,2,11,KRW-SAHARA,0.00881057
2026-09-02T02:08:08.458281+00:00,2,11,KRW-AAVE,0.00172166
2026-09-02T02:08:08.458281+00:00,2,11,KRW-ARX,0.00586510
2026-09-02T02:08:08.458281+00:00,2,11,KRW-TRX,0.00225479
2026-09-02T02:08:08.458281+00:00,2,11,KRW-HOLO,0.00234467
2026-09-02T02:08:08.458281+00:00,2,11,KRW-WLFI,0.00255428
2026-09-02T02:08:08.458281+00:00,2,11,KRW-BCH,0.00148346
2026-09-02T02:08:08.458281+00:00,2,11,KRW-DATA,0.00751880
2026-09-02T02:08:08.458281+00:00,2,11,KRW-PLUME,0.00514139
2026-09-02T02:08:08.458281+00:00,2,11,KRW-ARB,0.00660066
2026-09-02T02:08:08.458281+00:00,2,11,KRW-STORJ,0.00123533
2026-09-02T02:08:08.458281+00:00,2,11,KRW-BONK,0.00337268
2026-09-02T02:08:08.458281+00:00,2,11,KRW-ETC,0.00151630
2026-09-02T02:08:08.458281+00:00,2,11,KRW-ESP,0.00888889
2026-09-02T02:08:08.458281+00:00,2,11,KRW-0G,0.00386847
2026-09-02T02:08:08.458281+00:00,2,11,KRW-META2,0.00691563
2026-09-02T02:08:08.458281+00:00,2,11,KRW-BSB,0.01360544
2026-09-02T02:08:08.458281+00:00,2,11,KRW-ERA,0.00251572
2026-09-02T02:08:08.458281+00:00,2,11,KRW-MIRA,0.00160128
2026-09-02T02:08:08.458281+00:00,2,11,KRW-SAND,0.00198610
2026-09-02T02:08:08.458281+00:00,2,11,KRW-PEPE,0.00209864
2026-09-02T02:08:08.458281+00:00,2,11,KRW-POL,0.00809717
2026-09-02T02:08:08.458281+00:00,2,11,KRW-STX,0.00287770
2026-09-02T02:08:08.458281+00:00,2,11,KRW-IRYS,0.00542005
2026-09-02T02:08:08.458281+00:00,2,11,KRW-AXS,0.00158604
2026-09-02T02:08:08.458281+00:00,2,11,KRW-TAO,0.00199933
2026-09-02T02:08:08.458281+00:00,2,11,KRW-ALGO,0.00829876
2026-09-02T02:08:08.458281+00:00,2,11,KRW-JTO,0.00348432
2026-09-02T02:08:08.458281+00:00,2,11,KRW-CC,0.00638978
2026-09-02T02:08:08.458281+00:00,2,11,KRW-BIRB,0.00508906
2026-09-02T02:08:08.458281+00:00,2,11,KRW-ME,0.00240096
2026-09-02T02:08:08.458281+00:00,2,11,KRW-SEI,0.00312012
2026-09-02T02:08:08.458281+00:00,2,11,KRW-ENS,0.00130890
2026-09-02T02:08:08.458281+00:00,2,11,KRW-ZRO,0.00288184
2026-09-02T02:08:08.458281+00:00,2,11,KRW-TRUMP,0.00096727
2026-09-02T02:08:08.458281+00:00,2,11,KRW-XEC,0.00317628
2026-09-02T02:08:08.458281+00:00,2,11,KRW-RVN,0.00515464
2026-09-02T02:08:08.458281+00:00,2,11,KRW-ZAMA,0.00294118
2026-09-02T02:08:08.458281+00:00,2,11,KRW-GEOD,0.00337268
2026-09-02T02:08:08.458281+00:00,2,11,KRW-AKT,0.00733676
2026-09-02T02:08:08.458281+00:00,2,11,KRW-FIL,0.00280505
2026-09-02T02:08:08.458281+00:00,2,11,KRW-APT,0.00267738
2026-09-02T02:08:08.458281+00:00,2,11,KRW-DRV,0.00514139
2026-09-02T02:08:08.458281+00:00,2,11,KRW-ID,0.00445434
2026-09-02T02:08:08.458281+00:00,2,11,KRW-SOON,0.00397614
2026-09-02T02:08:08.458281+00:00,2,11,KRW-O,0.00131666
2026-09-02T02:08:08.458281+00:00,2,11,KRW-AVNT,0.00722022
2026-09-02T02:08:08.458281+00:00,2,11,KRW-TREE,0.00733945
2026-09-02T02:08:08.458281+00:00,2,11,KRW-KITE,0.00586510
2026-09-02T02:08:08.458281+00:00,2,11,KRW-BLEND,0.00463499
2026-09-02T02:08:08.458281+00:00,2,11,KRW-MANTRA,0.00645161
2026-09-02T02:08:08.458281+00:00,2,11,KRW-CFG,0.01298701
2026-09-02T02:08:08.458281+00:00,2,11,KRW-GAS,0.00240964
2026-09-02T02:08:08.458281+00:00,2,11,KRW-BERA,0.00412371
2026-09-02T02:08:08.458281+00:00,2,11,KRW-MEGA,0.00393701
2026-09-02T02:08:08.458281+00:00,2,11,KRW-SOPH,0.00130804
2026-09-02T02:08:08.458281+00:00,2,11,KRW-UP2,0.00283286
2026-09-02T02:08:08.458281+00:00,2,11,KRW-ZORA,0.00975610
2026-09-02T02:08:08.458281+00:00,2,11,KRW-OPG,0.01470588
2026-09-02T02:08:08.458281+00:00,2,11,KRW-BSV,0.00325657
2026-09-02T02:08:08.458281+00:00,2,11,KRW-HYPER,0.00113572
2026-09-02T02:08:08.458281+00:00,2,11,KRW-TRAC,0.00900901
2026-09-02T02:08:08.458281+00:00,2,11,KRW-IN,0.00441501
2026-09-02T02:08:08.458281+00:00,2,11,KRW-ATH,0.00478088
2026-09-02T02:08:08.458281+00:00,2,11,KRW-ETHFI,0.00131148
2026-09-02T02:08:08.458281+00:00,2,11,KRW-MON,0.00279720
2026-09-02T02:08:08.458281+00:00,2,11,KRW-ZIL,0.00578035
2026-09-02T02:08:08.458281+00:00,2,11,KRW-B3,0.00482703
2026-09-02T02:08:08.458281+00:00,2,11,KRW-ELSA,0.00484262
2026-09-02T02:08:08.458281+00:00,2,11,KRW-JUP,0.00344234
2026-09-02T02:08:08.458281+00:00,2,11,KRW-SIGN,0.00803213
2026-09-02T02:08:08.458281+00:00,2,11,KRW-FLOCK,0.00211640
2026-09-02T02:08:08.458281+00:00,2,11,KRW-DEEP,0.00508906
2026-09-02T02:08:08.458281+00:00,2,11,KRW-G,0.00392927
2026-09-02T02:08:08.458281+00:00,2,11,KRW-INJ,0.00990099
2026-09-02T02:08:08.458281+00:00,2,11,KRW-VVV,0.00401517
2026-09-02T02:08:08.458281+00:00,2,11,KRW-BIGTIME,0.00109111
2026-09-02T02:08:08.458281+00:00,2,11,KRW-BIO,0.00573066
2026-09-02T02:08:08.458281+00:00,2,11,KRW-RENDER,0.00155159
2026-09-02T02:08:08.458281+00:00,2,11,KRW-BARD,0.00583090
2026-09-02T02:08:08.458281+00:00,2,11,KRW-CHZ,0.01092896
2026-09-02T02:08:08.458281+00:00,2,11,KRW-LSK,0.00732601
2026-09-02T02:08:08.458281+00:00,2,11,KRW-CRO,0.00265604
2026-09-02T02:08:08.458281+00:00,2,11,KRW-VANA,0.00329218
2026-09-02T02:08:08.458281+00:00,2,11,KRW-LAYER,0.00105988
2026-09-02T02:08:08.458281+00:00,2,11,KRW-RED,0.00643087
2026-09-02T02:08:08.458281+00:00,2,11,KRW-DOT,0.00249896
2026-09-02T02:08:08.458281+00:00,2,11,KRW-ATOM,0.00199005
2026-09-02T02:08:08.458281+00:00,2,11,KRW-DOOD,0.00533333
2026-09-02T02:08:08.458281+00:00,2,11,KRW-XAUT,0.00067420
2026-09-02T02:08:08.458281+00:00,2,11,KRW-BORA,0.00335008
2026-09-02T02:08:08.458281+00:00,2,11,KRW-AWE,0.00353149
2026-09-02T02:08:08.458281+00:00,2,11,KRW-WAVES,0.00335008
2026-09-02T02:08:08.458281+00:00,2,11,KRW-ZKP,0.00330033
2026-09-02T02:08:08.458281+00:00,2,11,KRW-EDGE,0.00422386
2026-09-02T02:08:08.458281+00:00,2,11,KRW-ELF,0.00566572
2026-09-02T02:08:08.458281+00:00,2,11,KRW-AI,0.00378072
2026-09-02T02:08:08.458281+00:00,2,11,KRW-SNT,0.00453515
2026-09-02T02:08:08.458281+00:00,2,11,KRW-OPEN,0.00586510
2026-09-02T02:08:08.458281+00:00,2,11,KRW-SKR,0.00692042
2026-09-02T02:08:08.458281+00:00,2,11,KRW-MET2,0.00763359
2026-09-02T02:08:08.458281+00:00,2,11,KRW-FF,0.00732601
2026-09-02T02:08:08.458281+00:00,2,11,KRW-KAT,0.00328407
2026-09-02T02:08:08.458281+00:00,2,11,KRW-W,0.00760456
2026-09-02T02:08:08.458281+00:00,2,11,KRW-PENDLE,0.00204792
2026-09-02T02:08:08.458281+00:00,2,11,KRW-SPK,0.00722022
2026-09-02T02:08:08.458281+00:00,2,11,KRW-PYTH,0.00275103
2026-09-02T02:08:08.458281+00:00,2,11,KRW-STEEM,0.00170213
2026-09-02T02:08:08.458281+00:00,2,11,KRW-COW,0.00589971
2026-09-02T02:09:11.176446+00:00,2,11,KRW-SHIB,0.00142552
2026-09-02T02:09:11.176446+00:00,2,11,KRW-KAITO,0.00484262
2026-09-02T02:09:11.176446+00:00,2,11,KRW-SUI,0.00101471
2026-09-02T02:09:11.176446+00:00,2,11,KRW-MMT,0.00464037
2026-09-02T02:09:11.176446+00:00,2,11,KRW-LINK,0.00195631
2026-09-02T02:09:11.176446+00:00,2,11,KRW-PUMP,0.00174368
2026-09-02T02:09:11.176446+00:00,2,11,KRW-NEAR,0.00118367
2026-09-02T02:09:11.176446+00:00,2,11,KRW-ZBT,0.00888889
2026-09-02T02:09:11.176446+00:00,2,11,KRW-LA,0.00215750
2026-09-02T02:09:11.176446+00:00,2,11,KRW-CHIP,0.00337838
2026-09-02T02:09:11.176446+00:00,2,11,KRW-QUID,0.00112549
2026-09-02T02:09:11.176446+00:00,2,11,KRW-PENGU,0.00873362
2026-09-02T02:09:11.176446+00:00,2,11,KRW-AVAX,0.00050723
2026-09-02T02:09:11.176446+00:00,2,11,KRW-VIRTUAL,0.00214133
2026-09-02T02:09:11.176446+00:00,2,11,KRW-MOVE,0.00873362
2026-09-02T02:09:11.176446+00:00,2,11,KRW-UNI,0.00124224
2026-09-02T02:09:11.176446+00:00,2,11,KRW-PIEVERSE,0.00139082
2026-09-02T02:09:11.176446+00:00,2,11,KRW-PRL,0.00990099
2026-09-02T02:09:11.176446+00:00,2,11,KRW-HBAR,0.00985222
2026-09-02T02:09:11.176446+00:00,2,11,KRW-ONT,0.00275103
2026-09-02T02:09:11.176446+00:00,2,11,KRW-ENSO,0.00169779
2026-09-02T02:09:11.176446+00:00,2,11,KRW-XPL,0.00896861
2026-09-02T02:09:11.176446+00:00,2,11,KRW-SAHARA,0.00881057
2026-09-02T02:09:11.176446+00:00,2,11,KRW-AAVE,0.00172166
2026-09-02T02:09:11.176446+00:00,2,11,KRW-ARX,0.00586510
2026-09-02T02:09:11.176446+00:00,2,11,KRW-TRX,0.00225479
2026-09-02T02:09:11.176446+00:00,2,11,KRW-HOLO,0.00351906
2026-09-02T02:09:11.176446+00:00,2,11,KRW-WLFI,0.00255428
2026-09-02T02:09:11.176446+00:00,2,11,KRW-BCH,0.00148390
2026-09-02T02:09:11.176446+00:00,2,11,KRW-DATA,0.00375235
2026-09-02T02:09:11.176446+00:00,2,11,KRW-PLUME,0.01030928
2026-09-02T02:09:11.176446+00:00,2,11,KRW-ARB,0.00660066
2026-09-02T02:09:11.176446+00:00,2,11,KRW-STORJ,0.00624610
2026-09-02T02:09:11.176446+00:00,2,11,KRW-BONK,0.00335008
2026-09-02T02:09:11.176446+00:00,2,11,KRW-ETC,0.00202224
2026-09-02T02:09:11.176446+00:00,2,11,KRW-ESP,0.00888889
2026-09-02T02:09:11.176446+00:00,2,11,KRW-0G,0.00386847
2026-09-02T02:09:11.176446+00:00,2,11,KRW-META2,0.00691563
2026-09-02T02:09:11.176446+00:00,2,11,KRW-BSB,0.01360544
2026-09-02T02:09:11.176446+00:00,2,11,KRW-ERA,0.00251572
2026-09-02T02:09:11.176446+00:00,2,11,KRW-MIRA,0.00159872
2026-09-02T02:09:11.176446+00:00,2,11,KRW-SAND,0.00198610
2026-09-02T02:09:11.176446+00:00,2,11,KRW-PEPE,0.00209864
2026-09-02T02:09:11.176446+00:00,2,11,KRW-POL,0.00809717
2026-09-02T02:09:11.176446+00:00,2,11,KRW-STX,0.00287770
2026-09-02T02:09:11.176446+00:00,2,11,KRW-IRYS,0.00542005
2026-09-02T02:09:11.176446+00:00,2,11,KRW-AXS,0.00157978
2026-09-02T02:09:11.176446+00:00,2,11,KRW-TAO,0.00166528
2026-09-02T02:09:11.176446+00:00,2,11,KRW-ALGO,0.00829876
2026-09-02T02:09:11.176446+00:00,2,11,KRW-JTO,0.00174368
2026-09-02T02:09:11.176446+00:00,2,11,KRW-CC,0.00638978
2026-09-02T02:09:11.176446+00:00,2,11,KRW-BIRB,0.00127146
2026-09-02T02:09:11.176446+00:00,2,11,KRW-ME,0.00240096
2026-09-02T02:09:11.176446+00:00,2,11,KRW-SEI,0.00312012
2026-09-02T02:09:11.176446+00:00,2,11,KRW-ENS,0.00065381
2026-09-02T02:09:11.176446+00:00,2,11,KRW-ZRO,0.00504868
2026-09-02T02:09:11.176446+00:00,2,11,KRW-TRUMP,0.00064579
2026-09-02T02:09:11.176446+00:00,2,11,KRW-XEC,0.00317628
2026-09-02T02:09:11.176446+00:00,2,11,KRW-RVN,0.00515464
2026-09-02T02:09:11.176446+00:00,2,11,KRW-ZAMA,0.00294118
2026-09-02T02:09:11.176446+00:00,2,11,KRW-GEOD,0.00337268
2026-09-02T02:09:11.176446+00:00,2,11,KRW-AKT,0.00733676
2026-09-02T02:09:11.176446+00:00,2,11,KRW-FIL,0.00186916
2026-09-02T02:09:11.176446+00:00,2,11,KRW-APT,0.00267738
2026-09-02T02:09:11.176446+00:00,2,11,KRW-DRV,0.00514139
2026-09-02T02:09:11.176446+00:00,2,11,KRW-ID,0.00445434
2026-09-02T02:09:11.176446+00:00,2,11,KRW-SOON,0.00396040
2026-09-02T02:09:11.176446+00:00,2,11,KRW-O,0.00131666
2026-09-02T02:09:11.176446+00:00,2,11,KRW-AVNT,0.00722022
2026-09-02T02:09:11.176446+00:00,2,11,KRW-TREE,0.00367647
2026-09-02T02:09:11.176446+00:00,2,11,KRW-KITE,0.00586510
2026-09-02T02:09:11.176446+00:00,2,11,KRW-BLEND,0.00463499
2026-09-02T02:09:11.176446+00:00,2,11,KRW-MANTRA,0.00645161
2026-09-02T02:09:11.176446+00:00,2,11,KRW-CFG,0.01298701
2026-09-02T02:09:11.176446+00:00,2,11,KRW-GAS,0.00301114
2026-09-02T02:09:11.176446+00:00,2,11,KRW-BERA,0.00412371
2026-09-02T02:09:11.176446+00:00,2,11,KRW-MEGA,0.00589971
2026-09-02T02:09:11.176446+00:00,2,11,KRW-SOPH,0.00391389
2026-09-02T02:09:11.176446+00:00,2,11,KRW-UP2,0.00141743
2026-09-02T02:09:11.176446+00:00,2,11,KRW-ZORA,0.00975610
2026-09-02T02:09:11.176446+00:00,2,11,KRW-OPG,0.01470588
2026-09-02T02:09:11.176446+00:00,2,11,KRW-BSV,0.00325657
2026-09-02T02:09:11.176446+00:00,2,11,KRW-HYPER,0.00339943
2026-09-02T02:09:11.176446+00:00,2,11,KRW-TRAC,0.00900901
2026-09-02T02:09:11.176446+00:00,2,11,KRW-IN,0.00441501
2026-09-02T02:09:11.176446+00:00,2,11,KRW-ATH,0.00477327
2026-09-02T02:09:11.176446+00:00,2,11,KRW-ETHFI,0.00262123
2026-09-02T02:09:11.176446+00:00,2,11,KRW-MON,0.00560224
2026-09-02T02:09:11.176446+00:00,2,11,KRW-ZIL,0.00578035
2026-09-02T02:09:11.176446+00:00,2,11,KRW-B3,0.00321543
2026-09-02T02:09:11.176446+00:00,2,11,KRW-ELSA,0.00484262
2026-09-02T02:09:11.176446+00:00,2,11,KRW-JUP,0.00344234
2026-09-02T02:09:11.176446+00:00,2,11,KRW-SIGN,0.00803213
2026-09-02T02:09:11.176446+00:00,2,11,KRW-FLOCK,0.00211640
2026-09-02T02:09:11.176446+00:00,2,11,KRW-DEEP,0.00508906
2026-09-02T02:09:11.176446+00:00,2,11,KRW-G,0.00392157
2026-09-02T02:09:11.176446+00:00,2,11,KRW-INJ,0.00824402
2026-09-02T02:09:11.176446+00:00,2,11,KRW-VVV,0.00267499
2026-09-02T02:09:11.176446+00:00,2,11,KRW-BIGTIME,0.00326975
2026-09-02T02:09:11.176446+00:00,2,11,KRW-BIO,0.00573066
2026-09-02T02:09:11.176446+00:00,2,11,KRW-RENDER,0.00155159
2026-09-02T02:09:11.176446+00:00,2,11,KRW-BARD,0.00583090
2026-09-02T02:09:11.176446+00:00,2,11,KRW-CHZ,0.00544959
2026-09-02T02:09:11.176446+00:00,2,11,KRW-LSK,0.00732601
2026-09-02T02:09:11.176446+00:00,2,11,KRW-CRO,0.00265604
2026-09-02T02:09:11.176446+00:00,2,11,KRW-VANA,0.00411353
2026-09-02T02:09:11.176446+00:00,2,11,KRW-LAYER,0.00105988
2026-09-02T02:09:11.176446+00:00,2,11,KRW-RED,0.00643087
2026-09-02T02:09:11.176446+00:00,2,11,KRW-DOT,0.00249688
2026-09-02T02:09:11.176446+00:00,2,11,KRW-ATOM,0.00149291
2026-09-02T02:09:11.176446+00:00,2,11,KRW-DOOD,0.00533333
2026-09-02T02:09:11.176446+00:00,2,11,KRW-XAUT,0.00185513
2026-09-02T02:09:11.176446+00:00,2,11,KRW-BORA,0.00335008
2026-09-02T02:09:11.176446+00:00,2,11,KRW-AWE,0.00353149
2026-09-02T02:09:11.176446+00:00,2,11,KRW-WAVES,0.00335008
2026-09-02T02:09:11.176446+00:00,2,11,KRW-ZKP,0.00329489
2026-09-02T02:09:11.176446+00:00,2,11,KRW-EDGE,0.00210970
2026-09-02T02:09:11.176446+00:00,2,11,KRW-ELF,0.00566572
2026-09-02T02:09:11.176446+00:00,2,11,KRW-AI,0.00378072
2026-09-02T02:09:11.176446+00:00,2,11,KRW-SNT,0.00339943
2026-09-02T02:09:11.176446+00:00,2,11,KRW-OPEN,0.00586510
2026-09-02T02:09:11.176446+00:00,2,11,KRW-SKR,0.00345423
2026-09-02T02:09:11.176446+00:00,2,11,KRW-MET2,0.00763359
2026-09-02T02:09:11.176446+00:00,2,11,KRW-FF,0.00732601
2026-09-02T02:09:11.176446+00:00,2,11,KRW-KAT,0.00328407
2026-09-02T02:09:11.176446+00:00,2,11,KRW-W,0.00760456
2026-09-02T02:09:11.176446+00:00,2,11,KRW-PENDLE,0.00245700
2026-09-02T02:09:11.176446+00:00,2,11,KRW-SPK,0.00360360
2026-09-02T02:09:11.176446+00:00,2,11,KRW-PYTH,0.00275482
2026-09-02T02:09:11.176446+00:00,2,11,KRW-STEEM,0.00511509
2026-09-02T02:09:11.176446+00:00,2,11,KRW-COW,0.00589971
2026-09-02T02:10:13.933951+00:00,2,11,KRW-SHIB,0.00142552
2026-09-02T02:10:13.933951+00:00,2,11,KRW-KAITO,0.00484262
2026-09-02T02:10:13.933951+00:00,2,11,KRW-SUI,0.00203252
2026-09-02T02:10:13.933951+00:00,2,11,KRW-MMT,0.00464037
2026-09-02T02:10:13.933951+00:00,2,11,KRW-LINK,0.00130548
2026-09-02T02:10:13.933951+00:00,2,11,KRW-PUMP,0.00174368
2026-09-02T02:10:13.933951+00:00,2,11,KRW-NEAR,0.00039440
2026-09-02T02:10:13.933951+00:00,2,11,KRW-ZBT,0.00888889
2026-09-02T02:10:13.933951+00:00,2,11,KRW-LA,0.00108637
2026-09-02T02:10:13.933951+00:00,2,11,KRW-CHIP,0.00168776
2026-09-02T02:10:13.933951+00:00,2,11,KRW-QUID,0.00225479
2026-09-02T02:10:13.933951+00:00,2,11,KRW-PENGU,0.00873362
2026-09-02T02:10:13.933951+00:00,2,11,KRW-AVAX,0.00101523
2026-09-02T02:10:13.933951+00:00,2,11,KRW-VIRTUAL,0.00321716
2026-09-02T02:10:13.933951+00:00,2,11,KRW-MOVE,0.00873362
2026-09-02T02:10:13.933951+00:00,2,11,KRW-UNI,0.00186625
2026-09-02T02:10:13.933951+00:00,2,11,KRW-PIEVERSE,0.00208551
2026-09-02T02:10:13.933951+00:00,2,11,KRW-PRL,0.00496278
2026-09-02T02:10:13.933951+00:00,2,11,KRW-HBAR,0.00985222
2026-09-02T02:10:13.933951+00:00,2,11,KRW-ONT,0.00275103
2026-09-02T02:10:13.933951+00:00,2,11,KRW-ENSO,0.00254561
2026-09-02T02:10:13.933951+00:00,2,11,KRW-XPL,0.00896861
2026-09-02T02:10:13.933951+00:00,2,11,KRW-SAHARA,0.00881057
2026-09-02T02:10:13.933951+00:00,2,11,KRW-AAVE,0.00229489
2026-09-02T02:10:13.933951+00:00,2,11,KRW-ARX,0.00586510
2026-09-02T02:10:13.933951+00:00,2,11,KRW-TRX,0.00225479
2026-09-02T02:10:13.933951+00:00,2,11,KRW-HOLO,0.00351906
2026-09-02T02:10:13.933951+00:00,2,11,KRW-WLFI,0.00255428
2026-09-02T02:10:13.933951+00:00,2,11,KRW-BCH,0.00148390
2026-09-02T02:10:13.933951+00:00,2,11,KRW-DATA,0.00375235
2026-09-02T02:10:13.933951+00:00,2,11,KRW-PLUME,0.00514139
2026-09-02T02:10:13.933951+00:00,2,11,KRW-ARB,0.00660066
2026-09-02T02:10:13.933951+00:00,2,11,KRW-STORJ,0.00128617
2026-09-02T02:10:13.933951+00:00,2,11,KRW-BONK,0.00165700
2026-09-02T02:10:13.933951+00:00,2,11,KRW-ETC,0.00101163
2026-09-02T02:10:13.933951+00:00,2,11,KRW-ESP,0.00888889
2026-09-02T02:10:13.933951+00:00,2,11,KRW-0G,0.00386847
2026-09-02T02:10:13.933951+00:00,2,11,KRW-META2,0.00622191
2026-09-02T02:10:13.933951+00:00,2,11,KRW-BSB,0.01360544
2026-09-02T02:10:13.933951+00:00,2,11,KRW-ERA,0.00251572
2026-09-02T02:10:13.933951+00:00,2,11,KRW-MIRA,0.00160128
2026-09-02T02:10:13.933951+00:00,2,11,KRW-SAND,0.00199005
2026-09-02T02:10:13.933951+00:00,2,11,KRW-PEPE,0.00420168
2026-09-02T02:10:13.933951+00:00,2,11,KRW-POL,0.00809717
2026-09-02T02:10:13.933951+00:00,2,11,KRW-STX,0.00576369
2026-09-02T02:10:13.933951+00:00,2,11,KRW-IRYS,0.00542005
2026-09-02T02:10:13.933951+00:00,2,11,KRW-AXS,0.00079020
2026-09-02T02:10:13.933951+00:00,2,11,KRW-TAO,0.00100117
2026-09-02T02:10:13.933951+00:00,2,11,KRW-ALGO,0.00829876
2026-09-02T02:10:13.933951+00:00,2,11,KRW-JTO,0.00349040
2026-09-02T02:10:13.933951+00:00,2,11,KRW-CC,0.00638978
2026-09-02T02:10:13.933951+00:00,2,11,KRW-BIRB,0.00254453
2026-09-02T02:10:13.933951+00:00,2,11,KRW-ME,0.00240096
2026-09-02T02:10:13.933951+00:00,2,11,KRW-SEI,0.00156372
2026-09-02T02:10:13.933951+00:00,2,11,KRW-ENS,0.00130804
2026-09-02T02:10:13.933951+00:00,2,11,KRW-ZRO,0.00216216
2026-09-02T02:10:13.933951+00:00,2,11,KRW-TRUMP,0.00064599
2026-09-02T02:10:13.933951+00:00,2,11,KRW-XEC,0.00211864
2026-09-02T02:10:13.933951+00:00,2,11,KRW-RVN,0.00257400
2026-09-02T02:10:13.933951+00:00,2,11,KRW-ZAMA,0.00294118
2026-09-02T02:10:13.933951+00:00,2,11,KRW-GEOD,0.00337268
2026-09-02T02:10:13.933951+00:00,2,11,KRW-AKT,0.00588235
2026-09-02T02:10:13.933951+00:00,2,11,KRW-FIL,0.00279981
2026-09-02T02:10:13.933951+00:00,2,11,KRW-APT,0.00268097
2026-09-02T02:10:13.933951+00:00,2,11,KRW-DRV,0.00514139
2026-09-02T02:10:13.933951+00:00,2,11,KRW-ID,0.00668896
2026-09-02T02:10:13.933951+00:00,2,11,KRW-SOON,0.00396040
2026-09-02T02:10:13.933951+00:00,2,11,KRW-O,0.00527704
2026-09-02T02:10:13.933951+00:00,2,11,KRW-AVNT,0.00722022
2026-09-02T02:10:13.933951+00:00,2,11,KRW-TREE,0.00550964
2026-09-02T02:10:13.933951+00:00,2,11,KRW-KITE,0.00586510
2026-09-02T02:10:13.933951+00:00,2,11,KRW-BLEND,0.00231481
2026-09-02T02:10:13.933951+00:00,2,11,KRW-MANTRA,0.00645161
2026-09-02T02:10:13.933951+00:00,2,11,KRW-CFG,0.01298701
2026-09-02T02:10:13.933951+00:00,2,11,KRW-GAS,0.00301477
2026-09-02T02:10:13.933951+00:00,2,11,KRW-BERA,0.00412371
2026-09-02T02:10:13.933951+00:00,2,11,KRW-MEGA,0.00591133
2026-09-02T02:10:13.933951+00:00,2,11,KRW-SOPH,0.00261780
2026-09-02T02:10:13.933951+00:00,2,11,KRW-UP2,0.00284091
2026-09-02T02:10:13.933951+00:00,2,11,KRW-ZORA,0.00975610
2026-09-02T02:10:13.933951+00:00,2,11,KRW-OPG,0.01470588
2026-09-02T02:10:13.933951+00:00,2,11,KRW-BSV,0.00325657
2026-09-02T02:10:13.933951+00:00,2,11,KRW-HYPER,0.00339943
2026-09-02T02:10:13.933951+00:00,2,11,KRW-TRAC,0.00900901
2026-09-02T02:10:13.933951+00:00,2,11,KRW-IN,0.00441501
2026-09-02T02:10:13.933951+00:00,2,11,KRW-ATH,0.00318471
2026-09-02T02:10:13.933951+00:00,2,11,KRW-ETHFI,0.00262123
2026-09-02T02:10:13.933951+00:00,2,11,KRW-MON,0.00280505
2026-09-02T02:10:13.933951+00:00,2,11,KRW-ZIL,0.00578035
2026-09-02T02:10:13.933951+00:00,2,11,KRW-B3,0.00321543
2026-09-02T02:10:13.933951+00:00,2,11,KRW-ELSA,0.00484262
2026-09-02T02:10:13.933951+00:00,2,11,KRW-JUP,0.00344234
2026-09-02T02:10:13.933951+00:00,2,11,KRW-SIGN,0.00803213
2026-09-02T02:10:13.933951+00:00,2,11,KRW-FLOCK,0.00211640
2026-09-02T02:10:13.933951+00:00,2,11,KRW-DEEP,0.00508906
2026-09-02T02:10:13.933951+00:00,2,11,KRW-G,0.00392157
2026-09-02T02:10:13.933951+00:00,2,11,KRW-INJ,0.00907216
2026-09-02T02:10:13.933951+00:00,2,11,KRW-VVV,0.00446030
2026-09-02T02:10:13.933951+00:00,2,11,KRW-BIGTIME,0.00218103
2026-09-02T02:10:13.933951+00:00,2,11,KRW-BIO,0.00573066
2026-09-02T02:10:13.933951+00:00,2,11,KRW-RENDER,0.00103466
2026-09-02T02:10:13.933951+00:00,2,11,KRW-BARD,0.00583090
2026-09-02T02:10:13.933951+00:00,2,11,KRW-CHZ,0.00544959
2026-09-02T02:10:13.933951+00:00,2,11,KRW-LSK,0.00732601
2026-09-02T02:10:13.933951+00:00,2,11,KRW-CRO,0.00265604
2026-09-02T02:10:13.933951+00:00,2,11,KRW-VANA,0.00329218
2026-09-02T02:10:13.933951+00:00,2,11,KRW-LAYER,0.00105988
2026-09-02T02:10:13.933951+00:00,2,11,KRW-RED,0.00643087
2026-09-02T02:10:13.933951+00:00,2,11,KRW-DOT,0.00249896
2026-09-02T02:10:13.933951+00:00,2,11,KRW-ATOM,0.00199203
2026-09-02T02:10:13.933951+00:00,2,11,KRW-DOOD,0.00533333
2026-09-02T02:10:13.933951+00:00,2,11,KRW-XAUT,0.00151886
2026-09-02T02:10:13.933951+00:00,2,11,KRW-BORA,0.00333890
2026-09-02T02:10:13.933951+00:00,2,11,KRW-AWE,0.00353149
2026-09-02T02:10:13.933951+00:00,2,11,KRW-WAVES,0.00335008
2026-09-02T02:10:13.933951+00:00,2,11,KRW-ZKP,0.00165153
2026-09-02T02:10:13.933951+00:00,2,11,KRW-EDGE,0.00421053
2026-09-02T02:10:13.933951+00:00,2,11,KRW-ELF,0.00566572
2026-09-02T02:10:13.933951+00:00,2,11,KRW-AI,0.00378072
2026-09-02T02:10:13.933951+00:00,2,11,KRW-SNT,0.00113186
2026-09-02T02:10:13.933951+00:00,2,11,KRW-OPEN,0.00586510
2026-09-02T02:10:13.933951+00:00,2,11,KRW-SKR,0.00349040
2026-09-02T02:10:13.933951+00:00,2,11,KRW-MET2,0.00382409
2026-09-02T02:10:13.933951+00:00,2,11,KRW-FF,0.00732601
2026-09-02T02:10:13.933951+00:00,2,11,KRW-KAT,0.00164069
2026-09-02T02:10:13.933951+00:00,2,11,KRW-W,0.00760456
2026-09-02T02:10:13.933951+00:00,2,11,KRW-PENDLE,0.00122976
2026-09-02T02:10:13.933951+00:00,2,11,KRW-SPK,0.00360360
2026-09-02T02:10:13.933951+00:00,2,11,KRW-PYTH,0.00137646
2026-09-02T02:10:13.933951+00:00,2,11,KRW-STEEM,0.00511509
2026-09-02T02:10:13.933951+00:00,2,11,KRW-COW,0.00589971
2026-09-02T02:11:16.658200+00:00,2,11,KRW-SHIB,0.00142552
2026-09-02T02:11:16.658200+00:00,2,11,KRW-KAITO,0.00242424
2026-09-02T02:11:16.658200+00:00,2,11,KRW-SUI,0.00101574
2026-09-02T02:11:16.658200+00:00,2,11,KRW-MMT,0.00464037
2026-09-02T02:11:16.658200+00:00,2,11,KRW-LINK,0.00130548
2026-09-02T02:11:16.658200+00:00,2,11,KRW-PUMP,0.00348432
2026-09-02T02:11:16.658200+00:00,2,11,KRW-NEAR,0.00078958
2026-09-02T02:11:16.658200+00:00,2,11,KRW-ZBT,0.00888889
2026-09-02T02:11:16.658200+00:00,2,11,KRW-LA,0.00218103
2026-09-02T02:11:16.658200+00:00,2,11,KRW-CHIP,0.00337838
2026-09-02T02:11:16.658200+00:00,2,11,KRW-QUID,0.00450958
2026-09-02T02:11:16.658200+00:00,2,11,KRW-PENGU,0.00873362
2026-09-02T02:11:16.658200+00:00,2,11,KRW-AVAX,0.00050749
2026-09-02T02:11:16.658200+00:00,2,11,KRW-VIRTUAL,0.00214362
2026-09-02T02:11:16.658200+00:00,2,11,KRW-MOVE,0.00873362
2026-09-02T02:11:16.658200+00:00,2,11,KRW-UNI,0.00186625
2026-09-02T02:11:16.658200+00:00,2,11,KRW-PIEVERSE,0.00138889
2026-09-02T02:11:16.658200+00:00,2,11,KRW-PRL,0.00496278
2026-09-02T02:11:16.658200+00:00,2,11,KRW-HBAR,0.00985222
2026-09-02T02:11:16.658200+00:00,2,11,KRW-ONT,0.00275103
2026-09-02T02:11:16.658200+00:00,2,11,KRW-ENSO,0.00254561
2026-09-02T02:11:16.658200+00:00,2,11,KRW-XPL,0.00896861
2026-09-02T02:11:16.658200+00:00,2,11,KRW-SAHARA,0.00881057
2026-09-02T02:11:16.658200+00:00,2,11,KRW-AAVE,0.00172166
2026-09-02T02:11:16.658200+00:00,2,11,KRW-ARX,0.00586510
2026-09-02T02:11:16.658200+00:00,2,11,KRW-TRX,0.00225479
2026-09-02T02:11:16.658200+00:00,2,11,KRW-HOLO,0.00351906
2026-09-02T02:11:16.658200+00:00,2,11,KRW-WLFI,0.00255428
2026-09-02T02:11:16.658200+00:00,2,11,KRW-BCH,0.00118694
2026-09-02T02:11:16.658200+00:00,2,11,KRW-DATA,0.00373832
2026-09-02T02:11:16.658200+00:00,2,11,KRW-PLUME,0.00514139
2026-09-02T02:11:16.658200+00:00,2,11,KRW-ARB,0.00660066
2026-09-02T02:11:16.658200+00:00,2,11,KRW-STORJ,0.00128949
2026-09-02T02:11:16.658200+00:00,2,11,KRW-BONK,0.00165153
2026-09-02T02:11:16.658200+00:00,2,11,KRW-ETC,0.00050569
2026-09-02T02:11:16.658200+00:00,2,11,KRW-ESP,0.00888889
2026-09-02T02:11:16.658200+00:00,2,11,KRW-0G,0.00388350
2026-09-02T02:11:16.658200+00:00,2,11,KRW-META2,0.00622191
2026-09-02T02:11:16.658200+00:00,2,11,KRW-BSB,0.00682594
2026-09-02T02:11:16.658200+00:00,2,11,KRW-ERA,0.00251572
2026-09-02T02:11:16.658200+00:00,2,11,KRW-MIRA,0.00160643
2026-09-02T02:11:16.658200+00:00,2,11,KRW-SAND,0.00398406
2026-09-02T02:11:16.658200+00:00,2,11,KRW-PEPE,0.00420168
2026-09-02T02:11:16.658200+00:00,2,11,KRW-POL,0.00809717
2026-09-02T02:11:16.658200+00:00,2,11,KRW-STX,0.00287770
2026-09-02T02:11:16.658200+00:00,2,11,KRW-IRYS,0.00542005
2026-09-02T02:11:16.658200+00:00,2,11,KRW-AXS,0.00158228
2026-09-02T02:11:16.658200+00:00,2,11,KRW-TAO,0.00166917
2026-09-02T02:11:16.658200+00:00,2,11,KRW-ALGO,0.00829876
2026-09-02T02:11:16.658200+00:00,2,11,KRW-JTO,0.00349040
2026-09-02T02:11:16.658200+00:00,2,11,KRW-CC,0.00638978
2026-09-02T02:11:16.658200+00:00,2,11,KRW-BIRB,0.00381437
2026-09-02T02:11:16.658200+00:00,2,11,KRW-ME,0.00240096
2026-09-02T02:11:16.658200+00:00,2,11,KRW-SEI,0.00312989
2026-09-02T02:11:16.658200+00:00,2,11,KRW-ENS,0.00130804
2026-09-02T02:11:16.658200+00:00,2,11,KRW-ZRO,0.00216372
2026-09-02T02:11:16.658200+00:00,2,11,KRW-TRUMP,0.00161681
2026-09-02T02:11:16.658200+00:00,2,11,KRW-XEC,0.00317628
2026-09-02T02:11:16.658200+00:00,2,11,KRW-RVN,0.00257400
2026-09-02T02:11:16.658200+00:00,2,11,KRW-ZAMA,0.00294118
2026-09-02T02:11:16.658200+00:00,2,11,KRW-GEOD,0.00337268
2026-09-02T02:11:16.658200+00:00,2,11,KRW-AKT,0.00588235
2026-09-02T02:11:16.658200+00:00,2,11,KRW-FIL,0.00093765
2026-09-02T02:11:16.658200+00:00,2,11,KRW-APT,0.00268097
2026-09-02T02:11:16.658200+00:00,2,11,KRW-DRV,0.00514139
2026-09-02T02:11:16.658200+00:00,2,11,KRW-ID,0.00445434
2026-09-02T02:11:16.658200+00:00,2,11,KRW-SOON,0.00397614
2026-09-02T02:11:16.658200+00:00,2,11,KRW-O,0.00397088
2026-09-02T02:11:16.658200+00:00,2,11,KRW-AVNT,0.00722022
2026-09-02T02:11:16.658200+00:00,2,11,KRW-TREE,0.00367647
2026-09-02T02:11:16.658200+00:00,2,11,KRW-KITE,0.00586510
2026-09-02T02:11:16.658200+00:00,2,11,KRW-BLEND,0.00231481
2026-09-02T02:11:16.658200+00:00,2,11,KRW-MANTRA,0.00966184
2026-09-02T02:11:16.658200+00:00,2,11,KRW-CFG,0.01298701
2026-09-02T02:11:16.658200+00:00,2,11,KRW-GAS,0.00241255
2026-09-02T02:11:16.658200+00:00,2,11,KRW-BERA,0.00412371
2026-09-02T02:11:16.658200+00:00,2,11,KRW-MEGA,0.00591133
2026-09-02T02:11:16.658200+00:00,2,11,KRW-SOPH,0.00260417
2026-09-02T02:11:16.658200+00:00,2,11,KRW-UP2,0.00284091
2026-09-02T02:11:16.658200+00:00,2,11,KRW-ZORA,0.00975610
2026-09-02T02:11:16.658200+00:00,2,11,KRW-OPG,0.01470588
2026-09-02T02:11:16.658200+00:00,2,11,KRW-BSV,0.00325657
2026-09-02T02:11:16.658200+00:00,2,11,KRW-HYPER,0.00339943
2026-09-02T02:11:16.658200+00:00,2,11,KRW-TRAC,0.00900901
2026-09-02T02:11:16.658200+00:00,2,11,KRW-IN,0.00442478
2026-09-02T02:11:16.658200+00:00,2,11,KRW-ATH,0.00318471
2026-09-02T02:11:16.658200+00:00,2,11,KRW-ETHFI,0.00261780
2026-09-02T02:11:16.658200+00:00,2,11,KRW-MON,0.00280505
2026-09-02T02:11:16.658200+00:00,2,11,KRW-ZIL,0.00578035
2026-09-02T02:11:16.658200+00:00,2,11,KRW-B3,0.00321543
2026-09-02T02:11:16.658200+00:00,2,11,KRW-ELSA,0.00484262
2026-09-02T02:11:16.658200+00:00,2,11,KRW-JUP,0.00689655
2026-09-02T02:11:16.658200+00:00,2,11,KRW-SIGN,0.00803213
2026-09-02T02:11:16.658200+00:00,2,11,KRW-FLOCK,0.00212540
2026-09-02T02:11:16.658200+00:00,2,11,KRW-DEEP,0.00508906
2026-09-02T02:11:16.658200+00:00,2,11,KRW-G,0.00392157
2026-09-02T02:11:16.658200+00:00,2,11,KRW-INJ,0.00907216
2026-09-02T02:11:16.658200+00:00,2,11,KRW-VVV,0.00312430
2026-09-02T02:11:16.658200+00:00,2,11,KRW-BIGTIME,0.00109111
2026-09-02T02:11:16.658200+00:00,2,11,KRW-BIO,0.00573066
2026-09-02T02:11:16.658200+00:00,2,11,KRW-RENDER,0.00051746
2026-09-02T02:11:16.658200+00:00,2,11,KRW-BARD,0.00583090
2026-09-02T02:11:16.658200+00:00,2,11,KRW-CHZ,0.00544959
2026-09-02T02:11:16.658200+00:00,2,11,KRW-LSK,0.00732601
2026-09-02T02:11:16.658200+00:00,2,11,KRW-CRO,0.00265604
2026-09-02T02:11:16.658200+00:00,2,11,KRW-VANA,0.00329218
2026-09-02T02:11:16.658200+00:00,2,11,KRW-LAYER,0.00105988
2026-09-02T02:11:16.658200+00:00,2,11,KRW-RED,0.00643087
2026-09-02T02:11:16.658200+00:00,2,11,KRW-DOT,0.00249480
2026-09-02T02:11:16.658200+00:00,2,11,KRW-ATOM,0.00199302
2026-09-02T02:11:16.658200+00:00,2,11,KRW-DOOD,0.00533333
2026-09-02T02:11:16.658200+00:00,2,11,KRW-XAUT,0.00135021
2026-09-02T02:11:16.658200+00:00,2,11,KRW-BORA,0.00333890
2026-09-02T02:11:16.658200+00:00,2,11,KRW-AWE,0.00353149
2026-09-02T02:11:16.658200+00:00,2,11,KRW-WAVES,0.00335008
2026-09-02T02:11:16.658200+00:00,2,11,KRW-ZKP,0.00165426
2026-09-02T02:11:16.658200+00:00,2,11,KRW-EDGE,0.00629591
2026-09-02T02:11:16.658200+00:00,2,11,KRW-ELF,0.00453515
2026-09-02T02:11:16.658200+00:00,2,11,KRW-AI,0.00378072
2026-09-02T02:11:16.658200+00:00,2,11,KRW-SNT,0.00113186
2026-09-02T02:11:16.658200+00:00,2,11,KRW-OPEN,0.00586510
2026-09-02T02:11:16.658200+00:00,2,11,KRW-SKR,0.00350263
2026-09-02T02:11:16.658200+00:00,2,11,KRW-MET2,0.00382409
2026-09-02T02:11:16.658200+00:00,2,11,KRW-FF,0.00732601
2026-09-02T02:11:16.658200+00:00,2,11,KRW-KAT,0.00164069
2026-09-02T02:11:16.658200+00:00,2,11,KRW-W,0.00760456
2026-09-02T02:11:16.658200+00:00,2,11,KRW-PENDLE,0.00122976
2026-09-02T02:11:16.658200+00:00,2,11,KRW-SPK,0.00360360
2026-09-02T02:11:16.658200+00:00,2,11,KRW-PYTH,0.00138026
2026-09-02T02:11:16.658200+00:00,2,11,KRW-STEEM,0.00511509
2026-09-02T02:11:16.658200+00:00,2,11,KRW-COW,0.00589971
2026-09-02T02:12:19.461202+00:00,2,11,KRW-SHIB,0.00142552
2026-09-02T02:12:19.461202+00:00,2,11,KRW-KAITO,0.00484262
2026-09-02T02:12:19.461202+00:00,2,11,KRW-SUI,0.00202840
2026-09-02T02:12:19.461202+00:00,2,11,KRW-MMT,0.00464037
2026-09-02T02:12:19.461202+00:00,2,11,KRW-LINK,0.00195631
2026-09-02T02:12:19.461202+00:00,2,11,KRW-PUMP,0.00173762
2026-09-02T02:12:19.461202+00:00,2,11,KRW-NEAR,0.00078740
2026-09-02T02:12:19.461202+00:00,2,11,KRW-ZBT,0.00888889
2026-09-02T02:12:19.461202+00:00,2,11,KRW-LA,0.00107817
2026-09-02T02:12:19.461202+00:00,2,11,KRW-CHIP,0.00336700
2026-09-02T02:12:19.461202+00:00,2,11,KRW-QUID,0.00338409
2026-09-02T02:12:19.461202+00:00,2,11,KRW-PENGU,0.00873362
2026-09-02T02:12:19.461202+00:00,2,11,KRW-AVAX,0.00152168
2026-09-02T02:12:19.461202+00:00,2,11,KRW-VIRTUAL,0.00107124
2026-09-02T02:12:19.461202+00:00,2,11,KRW-MOVE,0.00873362
2026-09-02T02:12:19.461202+00:00,2,11,KRW-UNI,0.00124146
2026-09-02T02:12:19.461202+00:00,2,11,KRW-PIEVERSE,0.00347102
2026-09-02T02:12:19.461202+00:00,2,11,KRW-PRL,0.00496278
2026-09-02T02:12:19.461202+00:00,2,11,KRW-HBAR,0.00985222
2026-09-02T02:12:19.461202+00:00,2,11,KRW-ONT,0.00411805
2026-09-02T02:12:19.461202+00:00,2,11,KRW-ENSO,0.00254561
2026-09-02T02:12:19.461202+00:00,2,11,KRW-XPL,0.00896861
2026-09-02T02:12:19.461202+00:00,2,11,KRW-SAHARA,0.00881057
2026-09-02T02:12:19.461202+00:00,2,11,KRW-AAVE,0.00057323
2026-09-02T02:12:19.461202+00:00,2,11,KRW-ARX,0.00589971
2026-09-02T02:12:19.461202+00:00,2,11,KRW-TRX,0.00225479
2026-09-02T02:12:19.461202+00:00,2,11,KRW-HOLO,0.00468933
2026-09-02T02:12:19.461202+00:00,2,11,KRW-WLFI,0.00255428
2026-09-02T02:12:19.461202+00:00,2,11,KRW-BCH,0.00148082
2026-09-02T02:12:19.461202+00:00,2,11,KRW-DATA,0.00373832
2026-09-02T02:12:19.461202+00:00,2,11,KRW-PLUME,0.00516796
2026-09-02T02:12:19.461202+00:00,2,11,KRW-ARB,0.00660066
2026-09-02T02:12:19.461202+00:00,2,11,KRW-STORJ,0.00128123
2026-09-02T02:12:19.461202+00:00,2,11,KRW-BONK,0.00165975
2026-09-02T02:12:19.461202+00:00,2,11,KRW-ETC,0.00202224
2026-09-02T02:12:19.461202+00:00,2,11,KRW-ESP,0.00888889
2026-09-02T02:12:19.461202+00:00,2,11,KRW-0G,0.00388350
2026-09-02T02:12:19.461202+00:00,2,11,KRW-META2,0.00691563
2026-09-02T02:12:19.461202+00:00,2,11,KRW-BSB,0.01360544
2026-09-02T02:12:19.461202+00:00,2,11,KRW-ERA,0.00251572
2026-09-02T02:12:19.461202+00:00,2,11,KRW-MIRA,0.00160643
2026-09-02T02:12:19.461202+00:00,2,11,KRW-SAND,0.00199005
2026-09-02T02:12:19.461202+00:00,2,11,KRW-PEPE,0.00209864
2026-09-02T02:12:19.461202+00:00,2,11,KRW-POL,0.00809717
2026-09-02T02:12:19.461202+00:00,2,11,KRW-STX,0.00573066
2026-09-02T02:12:19.461202+00:00,2,11,KRW-IRYS,0.00542005
2026-09-02T02:12:19.461202+00:00,2,11,KRW-AXS,0.00158228
2026-09-02T02:12:19.461202+00:00,2,11,KRW-TAO,0.00066733
2026-09-02T02:12:19.461202+00:00,2,11,KRW-ALGO,0.00829876
2026-09-02T02:12:19.461202+00:00,2,11,KRW-JTO,0.00348432
2026-09-02T02:12:19.461202+00:00,2,11,KRW-CC,0.00638978
2026-09-02T02:12:19.461202+00:00,2,11,KRW-BIRB,0.00381437
2026-09-02T02:12:19.461202+00:00,2,11,KRW-ME,0.00240096
2026-09-02T02:12:19.461202+00:00,2,11,KRW-SEI,0.00312500
2026-09-02T02:12:19.461202+00:00,2,11,KRW-ENS,0.00260926
2026-09-02T02:12:19.461202+00:00,2,11,KRW-ZRO,0.00216372
2026-09-02T02:12:19.461202+00:00,2,11,KRW-TRUMP,0.00032305
2026-09-02T02:12:19.461202+00:00,2,11,KRW-XEC,0.00317628
2026-09-02T02:12:19.461202+00:00,2,11,KRW-RVN,0.00256739
2026-09-02T02:12:19.461202+00:00,2,11,KRW-ZAMA,0.00294118
2026-09-02T02:12:19.461202+00:00,2,11,KRW-GEOD,0.01342282
2026-09-02T02:12:19.461202+00:00,2,11,KRW-AKT,0.00588235
2026-09-02T02:12:19.461202+00:00,2,11,KRW-FIL,0.00281822
2026-09-02T02:12:19.461202+00:00,2,11,KRW-APT,0.00401875
2026-09-02T02:12:19.461202+00:00,2,11,KRW-DRV,0.00514139
2026-09-02T02:12:19.461202+00:00,2,11,KRW-ID,0.00445434
2026-09-02T02:12:19.461202+00:00,2,11,KRW-SOON,0.00793651
2026-09-02T02:12:19.461202+00:00,2,11,KRW-O,0.00397088
2026-09-02T02:12:19.461202+00:00,2,11,KRW-AVNT,0.00722022
2026-09-02T02:12:19.461202+00:00,2,11,KRW-TREE,0.00367647
2026-09-02T02:12:19.461202+00:00,2,11,KRW-KITE,0.01176471
2026-09-02T02:12:19.461202+00:00,2,11,KRW-BLEND,0.00231481
2026-09-02T02:12:19.461202+00:00,2,11,KRW-MANTRA,0.00644122
2026-09-02T02:12:19.461202+00:00,2,11,KRW-CFG,0.00647249
2026-09-02T02:12:19.461202+00:00,2,11,KRW-GAS,0.00301477
2026-09-02T02:12:19.461202+00:00,2,11,KRW-BERA,0.00412371
2026-09-02T02:12:19.461202+00:00,2,11,KRW-MEGA,0.00393701
2026-09-02T02:12:19.461202+00:00,2,11,KRW-SOPH,0.00654022
2026-09-02T02:12:19.461202+00:00,2,11,KRW-UP2,0.00142349
2026-09-02T02:12:19.461202+00:00,2,11,KRW-ZORA,0.00975610
2026-09-02T02:12:19.461202+00:00,2,11,KRW-OPG,0.01470588
2026-09-02T02:12:19.461202+00:00,2,11,KRW-BSV,0.00325657
2026-09-02T02:12:19.461202+00:00,2,11,KRW-HYPER,0.00453001
2026-09-02T02:12:19.461202+00:00,2,11,KRW-TRAC,0.00900901
2026-09-02T02:12:19.461202+00:00,2,11,KRW-IN,0.00442478
2026-09-02T02:12:19.461202+00:00,2,11,KRW-ATH,0.00318471
2026-09-02T02:12:19.461202+00:00,2,11,KRW-ETHFI,0.00261780
2026-09-02T02:12:19.461202+00:00,2,11,KRW-MON,0.00280505
2026-09-02T02:12:19.461202+00:00,2,11,KRW-ZIL,0.00578035
2026-09-02T02:12:19.461202+00:00,2,11,KRW-B3,0.00321543
2026-09-02T02:12:19.461202+00:00,2,11,KRW-ELSA,0.00484262
2026-09-02T02:12:19.461202+00:00,2,11,KRW-JUP,0.00344234
2026-09-02T02:12:19.461202+00:00,2,11,KRW-SIGN,0.00803213
2026-09-02T02:12:19.461202+00:00,2,11,KRW-FLOCK,0.00212540
2026-09-02T02:12:19.461202+00:00,2,11,KRW-DEEP,0.00506329
2026-09-02T02:12:19.461202+00:00,2,11,KRW-G,0.00195886
2026-09-02T02:12:19.461202+00:00,2,11,KRW-INJ,0.01071281
2026-09-02T02:12:19.461202+00:00,2,11,KRW-VVV,0.00356824
2026-09-02T02:12:19.461202+00:00,2,11,KRW-BIGTIME,0.00218341
2026-09-02T02:12:19.461202+00:00,2,11,KRW-BIO,0.00573066
2026-09-02T02:12:19.461202+00:00,2,11,KRW-RENDER,0.00258598
2026-09-02T02:12:19.461202+00:00,2,11,KRW-BARD,0.00583090
2026-09-02T02:12:19.461202+00:00,2,11,KRW-CHZ,0.00544959
2026-09-02T02:12:19.461202+00:00,2,11,KRW-LSK,0.00732601
2026-09-02T02:12:19.461202+00:00,2,11,KRW-CRO,0.00265604
2026-09-02T02:12:19.461202+00:00,2,11,KRW-VANA,0.00411353
2026-09-02T02:12:19.461202+00:00,2,11,KRW-LAYER,0.00211640
2026-09-02T02:12:19.461202+00:00,2,11,KRW-RED,0.00643087
2026-09-02T02:12:19.461202+00:00,2,11,KRW-DOT,0.00083160
2026-09-02T02:12:19.461202+00:00,2,11,KRW-ATOM,0.00199203
2026-09-02T02:12:19.461202+00:00,2,11,KRW-DOOD,0.00533333
2026-09-02T02:12:19.461202+00:00,2,11,KRW-XAUT,0.00135021
2026-09-02T02:12:19.461202+00:00,2,11,KRW-BORA,0.00333890
2026-09-02T02:12:19.461202+00:00,2,11,KRW-AWE,0.00353149
2026-09-02T02:12:19.461202+00:00,2,11,KRW-WAVES,0.00335008
2026-09-02T02:12:19.461202+00:00,2,11,KRW-ZKP,0.00330579
2026-09-02T02:12:19.461202+00:00,2,11,KRW-EDGE,0.00734137
2026-09-02T02:12:19.461202+00:00,2,11,KRW-ELF,0.00453515
2026-09-02T02:12:19.461202+00:00,2,11,KRW-AI,0.00378072
2026-09-02T02:12:19.461202+00:00,2,11,KRW-SNT,0.00339943
2026-09-02T02:12:19.461202+00:00,2,11,KRW-OPEN,0.00586510
2026-09-02T02:12:19.461202+00:00,2,11,KRW-SKR,0.00351494
2026-09-02T02:12:19.461202+00:00,2,11,KRW-MET2,0.00382409
2026-09-02T02:12:19.461202+00:00,2,11,KRW-FF,0.00732601
2026-09-02T02:12:19.461202+00:00,2,11,KRW-KAT,0.00164069
2026-09-02T02:12:19.461202+00:00,2,11,KRW-W,0.00760456
2026-09-02T02:12:19.461202+00:00,2,11,KRW-PENDLE,0.00122926
2026-09-02T02:12:19.461202+00:00,2,11,KRW-SPK,0.00360360
2026-09-02T02:12:19.461202+00:00,2,11,KRW-PYTH,0.00137836
2026-09-02T02:12:19.461202+00:00,2,11,KRW-STEEM,0.00511509
2026-09-02T02:12:19.461202+00:00,2,11,KRW-COW,0.00589971
2026-09-02T02:13:22.207127+00:00,2,11,KRW-SHIB,0.00142552
2026-09-02T02:13:22.207127+00:00,2,11,KRW-KAITO,0.00484262
2026-09-02T02:13:22.207127+00:00,2,11,KRW-SUI,0.00202634
2026-09-02T02:13:22.207127+00:00,2,11,KRW-MMT,0.00464037
2026-09-02T02:13:22.207127+00:00,2,11,KRW-LINK,0.00130378
2026-09-02T02:13:22.207127+00:00,2,11,KRW-PUMP,0.00173461
2026-09-02T02:13:22.207127+00:00,2,11,KRW-NEAR,0.00117901
2026-09-02T02:13:22.207127+00:00,2,11,KRW-ZBT,0.00888889
2026-09-02T02:13:22.207127+00:00,2,11,KRW-LA,0.00107009
2026-09-02T02:13:22.207127+00:00,2,11,KRW-CHIP,0.00335008
2026-09-02T02:13:22.207127+00:00,2,11,KRW-QUID,0.00450958
2026-09-02T02:13:22.207127+00:00,2,11,KRW-PENGU,0.00873362
2026-09-02T02:13:22.207127+00:00,2,11,KRW-AVAX,0.00152168
2026-09-02T02:13:22.207127+00:00,2,11,KRW-VIRTUAL,0.00214362
2026-09-02T02:13:22.207127+00:00,2,11,KRW-MOVE,0.00873362
2026-09-02T02:13:22.207127+00:00,2,11,KRW-UNI,0.00248293
2026-09-02T02:13:22.207127+00:00,2,11,KRW-PIEVERSE,0.00208406
2026-09-02T02:13:22.207127+00:00,2,11,KRW-PRL,0.00496278
2026-09-02T02:13:22.207127+00:00,2,11,KRW-HBAR,0.00985222
2026-09-02T02:13:22.207127+00:00,2,11,KRW-ONT,0.00137268
2026-09-02T02:13:22.207127+00:00,2,11,KRW-ENSO,0.00424628
2026-09-02T02:13:22.207127+00:00,2,11,KRW-XPL,0.00896861
2026-09-02T02:13:22.207127+00:00,2,11,KRW-SAHARA,0.00881057
2026-09-02T02:13:22.207127+00:00,2,11,KRW-AAVE,0.00057323
2026-09-02T02:13:22.207127+00:00,2,11,KRW-ARX,0.00586510
2026-09-02T02:13:22.207127+00:00,2,11,KRW-TRX,0.00225479
2026-09-02T02:13:22.207127+00:00,2,11,KRW-HOLO,0.00468933
2026-09-02T02:13:22.207127+00:00,2,11,KRW-WLFI,0.00127632
2026-09-02T02:13:22.207127+00:00,2,11,KRW-BCH,0.00148126
2026-09-02T02:13:22.207127+00:00,2,11,KRW-DATA,0.00373832
2026-09-02T02:13:22.207127+00:00,2,11,KRW-PLUME,0.00516796
2026-09-02T02:13:22.207127+00:00,2,11,KRW-ARB,0.00660066
2026-09-02T02:13:22.207127+00:00,2,11,KRW-STORJ,0.00257732
2026-09-02T02:13:22.207127+00:00,2,11,KRW-BONK,0.00167084
2026-09-02T02:13:22.207127+00:00,2,11,KRW-ETC,0.00202224
2026-09-02T02:13:22.207127+00:00,2,11,KRW-ESP,0.00888889
2026-09-02T02:13:22.207127+00:00,2,11,KRW-0G,0.00388350
2026-09-02T02:13:22.207127+00:00,2,11,KRW-META2,0.00069420
2026-09-02T02:13:22.207127+00:00,2,11,KRW-BSB,0.01360544
2026-09-02T02:13:22.207127+00:00,2,11,KRW-ERA,0.00251572
2026-09-02T02:13:22.207127+00:00,2,11,KRW-MIRA,0.00160643
2026-09-02T02:13:22.207127+00:00,2,11,KRW-SAND,0.00199402
2026-09-02T02:13:22.207127+00:00,2,11,KRW-PEPE,0.00209864
2026-09-02T02:13:22.207127+00:00,2,11,KRW-POL,0.00809717
2026-09-02T02:13:22.207127+00:00,2,11,KRW-STX,0.00573066
2026-09-02T02:13:22.207127+00:00,2,11,KRW-IRYS,0.00542005
2026-09-02T02:13:22.207127+00:00,2,11,KRW-AXS,0.00158228
2026-09-02T02:13:22.207127+00:00,2,11,KRW-TAO,0.00033361
2026-09-02T02:13:22.207127+00:00,2,11,KRW-ALGO,0.00829876
2026-09-02T02:13:22.207127+00:00,2,11,KRW-JTO,0.00348432
2026-09-02T02:13:22.207127+00:00,2,11,KRW-CC,0.00638978
2026-09-02T02:13:22.207127+00:00,2,11,KRW-BIRB,0.00381437
2026-09-02T02:13:22.207127+00:00,2,11,KRW-ME,0.00119976
2026-09-02T02:13:22.207127+00:00,2,11,KRW-SEI,0.00156128
2026-09-02T02:13:22.207127+00:00,2,11,KRW-ENS,0.00065210
2026-09-02T02:13:22.207127+00:00,2,11,KRW-ZRO,0.00143988
2026-09-02T02:13:22.207127+00:00,2,11,KRW-TRUMP,0.00129157
2026-09-02T02:13:22.207127+00:00,2,11,KRW-XEC,0.00317628
2026-09-02T02:13:22.207127+00:00,2,11,KRW-RVN,0.00256739
2026-09-02T02:13:22.207127+00:00,2,11,KRW-ZAMA,0.00294118
2026-09-02T02:13:22.207127+00:00,2,11,KRW-GEOD,0.00337268
2026-09-02T02:13:22.207127+00:00,2,11,KRW-AKT,0.00440852
2026-09-02T02:13:22.207127+00:00,2,11,KRW-FIL,0.00188324
2026-09-02T02:13:22.207127+00:00,2,11,KRW-APT,0.00267738
2026-09-02T02:13:22.207127+00:00,2,11,KRW-DRV,0.00514139
2026-09-02T02:13:22.207127+00:00,2,11,KRW-ID,0.00222469
2026-09-02T02:13:22.207127+00:00,2,11,KRW-SOON,0.00793651
2026-09-02T02:13:22.207127+00:00,2,11,KRW-O,0.00264901
2026-09-02T02:13:22.207127+00:00,2,11,KRW-AVNT,0.00722022
2026-09-02T02:13:22.207127+00:00,2,11,KRW-TREE,0.00550964
2026-09-02T02:13:22.207127+00:00,2,11,KRW-KITE,0.00586510
2026-09-02T02:13:22.207127+00:00,2,11,KRW-BLEND,0.00115808
2026-09-02T02:13:22.207127+00:00,2,11,KRW-MANTRA,0.00161681
2026-09-02T02:13:22.207127+00:00,2,11,KRW-CFG,0.00647249
2026-09-02T02:13:22.207127+00:00,2,11,KRW-GAS,0.00180777
2026-09-02T02:13:22.207127+00:00,2,11,KRW-BERA,0.00412371
2026-09-02T02:13:22.207127+00:00,2,11,KRW-MEGA,0.00393701
2026-09-02T02:13:22.207127+00:00,2,11,KRW-SOPH,0.00262812
2026-09-02T02:13:22.207127+00:00,2,11,KRW-UP2,0.00142349
2026-09-02T02:13:22.207127+00:00,2,11,KRW-ZORA,0.00975610
2026-09-02T02:13:22.207127+00:00,2,11,KRW-OPG,0.01470588
2026-09-02T02:13:22.207127+00:00,2,11,KRW-BSV,0.00325657
2026-09-02T02:13:22.207127+00:00,2,11,KRW-HYPER,0.00339559
2026-09-02T02:13:22.207127+00:00,2,11,KRW-TRAC,0.00900901
2026-09-02T02:13:22.207127+00:00,2,11,KRW-IN,0.00221484
2026-09-02T02:13:22.207127+00:00,2,11,KRW-ATH,0.00477327
2026-09-02T02:13:22.207127+00:00,2,11,KRW-ETHFI,0.00261438
2026-09-02T02:13:22.207127+00:00,2,11,KRW-MON,0.00280505
2026-09-02T02:13:22.207127+00:00,2,11,KRW-ZIL,0.00578035
2026-09-02T02:13:22.207127+00:00,2,11,KRW-B3,0.00321543
2026-09-02T02:13:22.207127+00:00,2,11,KRW-ELSA,0.00484262
2026-09-02T02:13:22.207127+00:00,2,11,KRW-JUP,0.00344234
2026-09-02T02:13:22.207127+00:00,2,11,KRW-SIGN,0.00803213
2026-09-02T02:13:22.207127+00:00,2,11,KRW-FLOCK,0.00212540
2026-09-02T02:13:22.207127+00:00,2,11,KRW-DEEP,0.00506329
2026-09-02T02:13:22.207127+00:00,2,11,KRW-G,0.00392927
2026-09-02T02:13:22.207127+00:00,2,11,KRW-INJ,0.00823045
2026-09-02T02:13:22.207127+00:00,2,11,KRW-VVV,0.00178333
2026-09-02T02:13:22.207127+00:00,2,11,KRW-BIGTIME,0.00218103
2026-09-02T02:13:22.207127+00:00,2,11,KRW-BIO,0.00286123
2026-09-02T02:13:22.207127+00:00,2,11,KRW-RENDER,0.00206825
2026-09-02T02:13:22.207127+00:00,2,11,KRW-BARD,0.00579710
2026-09-02T02:13:22.207127+00:00,2,11,KRW-CHZ,0.00544959
2026-09-02T02:13:22.207127+00:00,2,11,KRW-LSK,0.00732601
2026-09-02T02:13:22.207127+00:00,2,11,KRW-CRO,0.00265604
2026-09-02T02:13:22.207127+00:00,2,11,KRW-VANA,0.00411353
2026-09-02T02:13:22.207127+00:00,2,11,KRW-LAYER,0.00211640
2026-09-02T02:13:22.207127+00:00,2,11,KRW-RED,0.00643087
2026-09-02T02:13:22.207127+00:00,2,11,KRW-DOT,0.00249688
2026-09-02T02:13:22.207127+00:00,2,11,KRW-ATOM,0.00248942
2026-09-02T02:13:22.207127+00:00,2,11,KRW-DOOD,0.00533333
2026-09-02T02:13:22.207127+00:00,2,11,KRW-XAUT,0.00118153
2026-09-02T02:13:22.207127+00:00,2,11,KRW-BORA,0.00333890
2026-09-02T02:13:22.207127+00:00,2,11,KRW-AWE,0.00353149
2026-09-02T02:13:22.207127+00:00,2,11,KRW-WAVES,0.00335008
2026-09-02T02:13:22.207127+00:00,2,11,KRW-ZKP,0.00165153
2026-09-02T02:13:22.207127+00:00,2,11,KRW-EDGE,0.00837696
2026-09-02T02:13:22.207127+00:00,2,11,KRW-ELF,0.00453515
2026-09-02T02:13:22.207127+00:00,2,11,KRW-AI,0.00378072
2026-09-02T02:13:22.207127+00:00,2,11,KRW-SNT,0.00339943
2026-09-02T02:13:22.207127+00:00,2,11,KRW-OPEN,0.00586510
2026-09-02T02:13:22.207127+00:00,2,11,KRW-SKR,0.00353982
2026-09-02T02:13:22.207127+00:00,2,11,KRW-MET2,0.00382409
2026-09-02T02:13:22.207127+00:00,2,11,KRW-FF,0.00732601
2026-09-02T02:13:22.207127+00:00,2,11,KRW-KAT,0.00327869
2026-09-02T02:13:22.207127+00:00,2,11,KRW-W,0.00760456
2026-09-02T02:13:22.207127+00:00,2,11,KRW-PENDLE,0.00122825
2026-09-02T02:13:22.207127+00:00,2,11,KRW-SPK,0.00360360
2026-09-02T02:13:22.207127+00:00,2,11,KRW-PYTH,0.00275482
2026-09-02T02:13:22.207127+00:00,2,11,KRW-STEEM,0.00340716
2026-09-02T02:13:22.207127+00:00,2,11,KRW-COW,0.00589971
2026-09-02T02:14:24.950433+00:00,2,11,KRW-SHIB,0.00142349
2026-09-02T02:14:24.950433+00:00,2,11,KRW-KAITO,0.00242424
2026-09-02T02:14:24.950433+00:00,2,11,KRW-SUI,0.00101471
2026-09-02T02:14:24.950433+00:00,2,11,KRW-MMT,0.00464037
2026-09-02T02:14:24.950433+00:00,2,11,KRW-LINK,0.00195759
2026-09-02T02:14:24.950433+00:00,2,11,KRW-PUMP,0.00173461
2026-09-02T02:14:24.950433+00:00,2,11,KRW-NEAR,0.00157233
2026-09-02T02:14:24.950433+00:00,2,11,KRW-ZBT,0.00888889
2026-09-02T02:14:24.950433+00:00,2,11,KRW-LA,0.00107124
2026-09-02T02:14:24.950433+00:00,2,11,KRW-CHIP,0.00335008
2026-09-02T02:14:24.950433+00:00,2,11,KRW-QUID,0.00338028
2026-09-02T02:14:24.950433+00:00,2,11,KRW-PENGU,0.00873362
2026-09-02T02:14:24.950433+00:00,2,11,KRW-AVAX,0.00101471
2026-09-02T02:14:24.950433+00:00,2,11,KRW-VIRTUAL,0.00322061
2026-09-02T02:14:24.950433+00:00,2,11,KRW-MOVE,0.00873362
2026-09-02T02:14:24.950433+00:00,2,11,KRW-UNI,0.00186162
2026-09-02T02:14:24.950433+00:00,2,11,KRW-PIEVERSE,0.00208406
2026-09-02T02:14:24.950433+00:00,2,11,KRW-PRL,0.00496278
2026-09-02T02:14:24.950433+00:00,2,11,KRW-HBAR,0.00985222
2026-09-02T02:14:24.950433+00:00,2,11,KRW-ONT,0.00137268
2026-09-02T02:14:24.950433+00:00,2,11,KRW-ENSO,0.00339271
2026-09-02T02:14:24.950433+00:00,2,11,KRW-XPL,0.00896861
2026-09-02T02:14:24.950433+00:00,2,11,KRW-SAHARA,0.00881057
2026-09-02T02:14:24.950433+00:00,2,11,KRW-AAVE,0.00114745
2026-09-02T02:14:24.950433+00:00,2,11,KRW-ARX,0.00586510
2026-09-02T02:14:24.950433+00:00,2,11,KRW-TRX,0.00225479
2026-09-02T02:14:24.950433+00:00,2,11,KRW-HOLO,0.00351906
2026-09-02T02:14:24.950433+00:00,2,11,KRW-WLFI,0.00127632
2026-09-02T02:14:24.950433+00:00,2,11,KRW-BCH,0.00148170
2026-09-02T02:14:24.950433+00:00,2,11,KRW-DATA,0.00372439
2026-09-02T02:14:24.950433+00:00,2,11,KRW-PLUME,0.00514139
2026-09-02T02:14:24.950433+00:00,2,11,KRW-ARB,0.00660066
2026-09-02T02:14:24.950433+00:00,2,11,KRW-STORJ,0.00386349
2026-09-02T02:14:24.950433+00:00,2,11,KRW-BONK,0.00832639
2026-09-02T02:14:24.950433+00:00,2,11,KRW-ETC,0.00151707
2026-09-02T02:14:24.950433+00:00,2,11,KRW-ESP,0.00888889
2026-09-02T02:14:24.950433+00:00,2,11,KRW-0G,0.00388350
2026-09-02T02:14:24.950433+00:00,2,11,KRW-META2,0.00069469
2026-09-02T02:14:24.950433+00:00,2,11,KRW-BSB,0.00677966
2026-09-02T02:14:24.950433+00:00,2,11,KRW-ERA,0.00251572
2026-09-02T02:14:24.950433+00:00,2,11,KRW-MIRA,0.00320513
2026-09-02T02:14:24.950433+00:00,2,11,KRW-SAND,0.00199005
2026-09-02T02:14:24.950433+00:00,2,11,KRW-PEPE,0.00209864
2026-09-02T02:14:24.950433+00:00,2,11,KRW-POL,0.00809717
2026-09-02T02:14:24.950433+00:00,2,11,KRW-STX,0.00286944
2026-09-02T02:14:24.950433+00:00,2,11,KRW-IRYS,0.00542005
2026-09-02T02:14:24.950433+00:00,2,11,KRW-AXS,0.00158228
2026-09-02T02:14:24.950433+00:00,2,11,KRW-TAO,0.00033361
2026-09-02T02:14:24.950433+00:00,2,11,KRW-ALGO,0.00829876
2026-09-02T02:14:24.950433+00:00,2,11,KRW-JTO,0.00349040
2026-09-02T02:14:24.950433+00:00,2,11,KRW-CC,0.00638978
2026-09-02T02:14:24.950433+00:00,2,11,KRW-BIRB,0.00254453
2026-09-02T02:14:24.950433+00:00,2,11,KRW-ME,0.00119832
2026-09-02T02:14:24.950433+00:00,2,11,KRW-SEI,0.00156128
2026-09-02T02:14:24.950433+00:00,2,11,KRW-ENS,0.00130634
2026-09-02T02:14:24.950433+00:00,2,11,KRW-ZRO,0.00216216
2026-09-02T02:14:24.950433+00:00,2,11,KRW-TRUMP,0.00064641
2026-09-02T02:14:24.950433+00:00,2,11,KRW-XEC,0.00317628
2026-09-02T02:14:24.950433+00:00,2,11,KRW-RVN,0.00514139
2026-09-02T02:14:24.950433+00:00,2,11,KRW-ZAMA,0.00294118
2026-09-02T02:14:24.950433+00:00,2,11,KRW-GEOD,0.00675676
2026-09-02T02:14:24.950433+00:00,2,11,KRW-AKT,0.00588235
2026-09-02T02:14:24.950433+00:00,2,11,KRW-FIL,0.00282619
2026-09-02T02:14:24.950433+00:00,2,11,KRW-APT,0.00133958
2026-09-02T02:14:24.950433+00:00,2,11,KRW-DRV,0.00514139
2026-09-02T02:14:24.950433+00:00,2,11,KRW-ID,0.00444444
2026-09-02T02:14:24.950433+00:00,2,11,KRW-SOON,0.00793651
2026-09-02T02:14:24.950433+00:00,2,11,KRW-O,0.00397614
2026-09-02T02:14:24.950433+00:00,2,11,KRW-AVNT,0.00722022
2026-09-02T02:14:24.950433+00:00,2,11,KRW-TREE,0.00183993
2026-09-02T02:14:24.950433+00:00,2,11,KRW-KITE,0.00586510
2026-09-02T02:14:24.950433+00:00,2,11,KRW-BLEND,0.00115808
2026-09-02T02:14:24.950433+00:00,2,11,KRW-MANTRA,0.00161421
2026-09-02T02:14:24.950433+00:00,2,11,KRW-CFG,0.00647249
2026-09-02T02:14:24.950433+00:00,2,11,KRW-GAS,0.00180777
2026-09-02T02:14:24.950433+00:00,2,11,KRW-BERA,0.00412371
2026-09-02T02:14:24.950433+00:00,2,11,KRW-MEGA,0.00197433
2026-09-02T02:14:24.950433+00:00,2,11,KRW-SOPH,0.00132188
2026-09-02T02:14:24.950433+00:00,2,11,KRW-UP2,0.00142349
2026-09-02T02:14:24.950433+00:00,2,11,KRW-ZORA,0.00975610
2026-09-02T02:14:24.950433+00:00,2,11,KRW-OPG,0.00738007
2026-09-02T02:14:24.950433+00:00,2,11,KRW-BSV,0.00325657
2026-09-02T02:14:24.950433+00:00,2,11,KRW-HYPER,0.00339943
2026-09-02T02:14:24.950433+00:00,2,11,KRW-TRAC,0.00900901
2026-09-02T02:14:24.950433+00:00,2,11,KRW-IN,0.00442478
2026-09-02T02:14:24.950433+00:00,2,11,KRW-ATH,0.00477327
2026-09-02T02:14:24.950433+00:00,2,11,KRW-ETHFI,0.00261780
2026-09-02T02:14:24.950433+00:00,2,11,KRW-MON,0.00280505
2026-09-02T02:14:24.950433+00:00,2,11,KRW-ZIL,0.00288600
2026-09-02T02:14:24.950433+00:00,2,11,KRW-B3,0.00321543
2026-09-02T02:14:24.950433+00:00,2,11,KRW-ELSA,0.00484262
2026-09-02T02:14:24.950433+00:00,2,11,KRW-JUP,0.00345423
2026-09-02T02:14:24.950433+00:00,2,11,KRW-SIGN,0.00803213
2026-09-02T02:14:24.950433+00:00,2,11,KRW-FLOCK,0.00426439
2026-09-02T02:14:24.950433+00:00,2,11,KRW-DEEP,0.00506329
2026-09-02T02:14:24.950433+00:00,2,11,KRW-G,0.00392927
2026-09-02T02:14:24.950433+00:00,2,11,KRW-INJ,0.00660066
2026-09-02T02:14:24.950433+00:00,2,11,KRW-VVV,0.00267857
2026-09-02T02:14:24.950433+00:00,2,11,KRW-BIGTIME,0.00324851
2026-09-02T02:14:24.950433+00:00,2,11,KRW-BIO,0.00573066
2026-09-02T02:14:24.950433+00:00,2,11,KRW-RENDER,0.00206825
2026-09-02T02:14:24.950433+00:00,2,11,KRW-BARD,0.00583090
2026-09-02T02:14:24.950433+00:00,2,11,KRW-CHZ,0.00544959
2026-09-02T02:14:24.950433+00:00,2,11,KRW-LSK,0.00732601
2026-09-02T02:14:24.950433+00:00,2,11,KRW-CRO,0.00132890
2026-09-02T02:14:24.950433+00:00,2,11,KRW-VANA,0.00329218
2026-09-02T02:14:24.950433+00:00,2,11,KRW-LAYER,0.00211640
2026-09-02T02:14:24.950433+00:00,2,11,KRW-RED,0.01290323
2026-09-02T02:14:24.950433+00:00,2,11,KRW-DOT,0.00249896
2026-09-02T02:14:24.950433+00:00,2,11,KRW-ATOM,0.00099651
2026-09-02T02:14:24.950433+00:00,2,11,KRW-DOOD,0.00533333
2026-09-02T02:14:24.950433+00:00,2,11,KRW-XAUT,0.00118153
2026-09-02T02:14:24.950433+00:00,2,11,KRW-BORA,0.00333890
2026-09-02T02:14:24.950433+00:00,2,11,KRW-AWE,0.00353149
2026-09-02T02:14:24.950433+00:00,2,11,KRW-WAVES,0.00335008
2026-09-02T02:14:24.950433+00:00,2,11,KRW-ZKP,0.00330033
2026-09-02T02:14:24.950433+00:00,2,11,KRW-EDGE,0.00838574
2026-09-02T02:14:24.950433+00:00,2,11,KRW-ELF,0.00453515
2026-09-02T02:14:24.950433+00:00,2,11,KRW-AI,0.00378072
2026-09-02T02:14:24.950433+00:00,2,11,KRW-SNT,0.00339943
2026-09-02T02:14:24.950433+00:00,2,11,KRW-OPEN,0.00586510
2026-09-02T02:14:24.950433+00:00,2,11,KRW-SKR,0.00352734
2026-09-02T02:14:24.950433+00:00,2,11,KRW-MET2,0.00382409
2026-09-02T02:14:24.950433+00:00,2,11,KRW-FF,0.00732601
2026-09-02T02:14:24.950433+00:00,2,11,KRW-KAT,0.00164069
2026-09-02T02:14:24.950433+00:00,2,11,KRW-W,0.00760456
2026-09-02T02:14:24.950433+00:00,2,11,KRW-PENDLE,0.00163666
2026-09-02T02:14:24.950433+00:00,2,11,KRW-SPK,0.00360360
2026-09-02T02:14:24.950433+00:00,2,11,KRW-PYTH,0.00137836
2026-09-02T02:14:24.950433+00:00,2,11,KRW-STEEM,0.00511509
2026-09-02T02:14:24.950433+00:00,2,11,KRW-COW,0.01176471
2026-09-02T02:15:27.597328+00:00,2,11,KRW-SHIB,0.00142349
2026-09-02T02:15:27.597328+00:00,2,11,KRW-KAITO,0.00242424
2026-09-02T02:15:27.597328+00:00,2,11,KRW-SUI,0.00101574
2026-09-02T02:15:27.597328+00:00,2,11,KRW-MMT,0.00464037
2026-09-02T02:15:27.597328+00:00,2,11,KRW-LINK,0.00195631
2026-09-02T02:15:27.597328+00:00,2,11,KRW-PUMP,0.00346620
2026-09-02T02:15:27.597328+00:00,2,11,KRW-NEAR,0.00039270
2026-09-02T02:15:27.597328+00:00,2,11,KRW-ZBT,0.00888889
2026-09-02T02:15:27.597328+00:00,2,11,KRW-LA,0.00215054
2026-09-02T02:15:27.597328+00:00,2,11,KRW-CHIP,0.00335570
2026-09-02T02:15:27.597328+00:00,2,11,KRW-QUID,0.00338028
2026-09-02T02:15:27.597328+00:00,2,11,KRW-PENGU,0.00873362
2026-09-02T02:15:27.597328+00:00,2,11,KRW-AVAX,0.00101471
2026-09-02T02:15:27.597328+00:00,2,11,KRW-VIRTUAL,0.00107239
2026-09-02T02:15:27.597328+00:00,2,11,KRW-MOVE,0.00873362
2026-09-02T02:15:27.597328+00:00,2,11,KRW-UNI,0.00185701
2026-09-02T02:15:27.597328+00:00,2,11,KRW-PIEVERSE,0.00209278
2026-09-02T02:15:27.597328+00:00,2,11,KRW-PRL,0.00496278
2026-09-02T02:15:27.597328+00:00,2,11,KRW-HBAR,0.00985222
2026-09-02T02:15:27.597328+00:00,2,11,KRW-ONT,0.00274348
2026-09-02T02:15:27.597328+00:00,2,11,KRW-ENSO,0.00339559
2026-09-02T02:15:27.597328+00:00,2,11,KRW-XPL,0.00896861
2026-09-02T02:15:27.597328+00:00,2,11,KRW-SAHARA,0.00881057
2026-09-02T02:15:27.597328+00:00,2,11,KRW-AAVE,0.00172068
2026-09-02T02:15:27.597328+00:00,2,11,KRW-ARX,0.00586510
2026-09-02T02:15:27.597328+00:00,2,11,KRW-TRX,0.00225479
2026-09-02T02:15:27.597328+00:00,2,11,KRW-HOLO,0.00469484
2026-09-02T02:15:27.597328+00:00,2,11,KRW-WLFI,0.00127632
2026-09-02T02:15:27.597328+00:00,2,11,KRW-BCH,0.00118448
2026-09-02T02:15:27.597328+00:00,2,11,KRW-DATA,0.00372439
2026-09-02T02:15:27.597328+00:00,2,11,KRW-PLUME,0.00514139
2026-09-02T02:15:27.597328+00:00,2,11,KRW-ARB,0.00660066
2026-09-02T02:15:27.597328+00:00,2,11,KRW-STORJ,0.00512164
2026-09-02T02:15:27.597328+00:00,2,11,KRW-BONK,0.00166251
2026-09-02T02:15:27.597328+00:00,2,11,KRW-ETC,0.00202224
2026-09-02T02:15:27.597328+00:00,2,11,KRW-ESP,0.00888889
2026-09-02T02:15:27.597328+00:00,2,11,KRW-0G,0.00388350
2026-09-02T02:15:27.597328+00:00,2,11,KRW-META2,0.00069469
2026-09-02T02:15:27.597328+00:00,2,11,KRW-BSB,0.00682594
2026-09-02T02:15:27.597328+00:00,2,11,KRW-ERA,0.00125707
2026-09-02T02:15:27.597328+00:00,2,11,KRW-MIRA,0.00320000
2026-09-02T02:15:27.597328+00:00,2,11,KRW-SAND,0.00199402
2026-09-02T02:15:27.597328+00:00,2,11,KRW-PEPE,0.00209864
2026-09-02T02:15:27.597328+00:00,2,11,KRW-POL,0.00809717
2026-09-02T02:15:27.597328+00:00,2,11,KRW-STX,0.00573066
2026-09-02T02:15:27.597328+00:00,2,11,KRW-IRYS,0.00542005
2026-09-02T02:15:27.597328+00:00,2,11,KRW-AXS,0.00079208
2026-09-02T02:15:27.597328+00:00,2,11,KRW-TAO,0.00033361
2026-09-02T02:15:27.597328+00:00,2,11,KRW-ALGO,0.00829876
2026-09-02T02:15:27.597328+00:00,2,11,KRW-JTO,0.00174368
2026-09-02T02:15:27.597328+00:00,2,11,KRW-CC,0.00638978
2026-09-02T02:15:27.597328+00:00,2,11,KRW-BIRB,0.00127307
2026-09-02T02:15:27.597328+00:00,2,11,KRW-ME,0.00119689
2026-09-02T02:15:27.597328+00:00,2,11,KRW-SEI,0.00312012
2026-09-02T02:15:27.597328+00:00,2,11,KRW-ENS,0.00130634
2026-09-02T02:15:27.597328+00:00,2,11,KRW-ZRO,0.00287770
2026-09-02T02:15:27.597328+00:00,2,11,KRW-TRUMP,0.00064620
2026-09-02T02:15:27.597328+00:00,2,11,KRW-XEC,0.00317628
2026-09-02T02:15:27.597328+00:00,2,11,KRW-RVN,0.00514139
2026-09-02T02:15:27.597328+00:00,2,11,KRW-ZAMA,0.00146951
2026-09-02T02:15:27.597328+00:00,2,11,KRW-GEOD,0.00675676
2026-09-02T02:15:27.597328+00:00,2,11,KRW-AKT,0.00588235
2026-09-02T02:15:27.597328+00:00,2,11,KRW-FIL,0.00187617
2026-09-02T02:15:27.597328+00:00,2,11,KRW-APT,0.00268097
2026-09-02T02:15:27.597328+00:00,2,11,KRW-DRV,0.00514139
2026-09-02T02:15:27.597328+00:00,2,11,KRW-ID,0.00444444
2026-09-02T02:15:27.597328+00:00,2,11,KRW-SOON,0.00793651
2026-09-02T02:15:27.597328+00:00,2,11,KRW-O,0.00132363
2026-09-02T02:15:27.597328+00:00,2,11,KRW-AVNT,0.00722022
2026-09-02T02:15:27.597328+00:00,2,11,KRW-TREE,0.00550964
2026-09-02T02:15:27.597328+00:00,2,11,KRW-KITE,0.00586510
2026-09-02T02:15:27.597328+00:00,2,11,KRW-BLEND,0.00348230
2026-09-02T02:15:27.597328+00:00,2,11,KRW-MANTRA,0.00323102
2026-09-02T02:15:27.597328+00:00,2,11,KRW-CFG,0.00647249
2026-09-02T02:15:27.597328+00:00,2,11,KRW-GAS,0.00240964
2026-09-02T02:15:27.597328+00:00,2,11,KRW-BERA,0.00823045
2026-09-02T02:15:27.597328+00:00,2,11,KRW-MEGA,0.00197433
2026-09-02T02:15:27.597328+00:00,2,11,KRW-SOPH,0.00399202
2026-09-02T02:15:27.597328+00:00,2,11,KRW-UP2,0.00426439
2026-09-02T02:15:27.597328+00:00,2,11,KRW-ZORA,0.00975610
2026-09-02T02:15:27.597328+00:00,2,11,KRW-OPG,0.00738007
2026-09-02T02:15:27.597328+00:00,2,11,KRW-BSV,0.00325657
2026-09-02T02:15:27.597328+00:00,2,11,KRW-HYPER,0.00339943
2026-09-02T02:15:27.597328+00:00,2,11,KRW-TRAC,0.00900901
2026-09-02T02:15:27.597328+00:00,2,11,KRW-IN,0.00442478
2026-09-02T02:15:27.597328+00:00,2,11,KRW-ATH,0.00477327
2026-09-02T02:15:27.597328+00:00,2,11,KRW-ETHFI,0.00262123
2026-09-02T02:15:27.597328+00:00,2,11,KRW-MON,0.00280505
2026-09-02T02:15:27.597328+00:00,2,11,KRW-ZIL,0.01149425
2026-09-02T02:15:27.597328+00:00,2,11,KRW-B3,0.00321543
2026-09-02T02:15:27.597328+00:00,2,11,KRW-ELSA,0.00484262
2026-09-02T02:15:27.597328+00:00,2,11,KRW-JUP,0.00345423
2026-09-02T02:15:27.597328+00:00,2,11,KRW-SIGN,0.00803213
2026-09-02T02:15:27.597328+00:00,2,11,KRW-FLOCK,0.00213447
2026-09-02T02:15:27.597328+00:00,2,11,KRW-DEEP,0.00506329
2026-09-02T02:15:27.597328+00:00,2,11,KRW-G,0.00392927
2026-09-02T02:15:27.597328+00:00,2,11,KRW-INJ,0.00660066
2026-09-02T02:15:27.597328+00:00,2,11,KRW-VVV,0.00311873
2026-09-02T02:15:27.597328+00:00,2,11,KRW-BIGTIME,0.00324851
2026-09-02T02:15:27.597328+00:00,2,11,KRW-BIO,0.00286123
2026-09-02T02:15:27.597328+00:00,2,11,KRW-RENDER,0.00258465
2026-09-02T02:15:27.597328+00:00,2,11,KRW-BARD,0.00583090
2026-09-02T02:15:27.597328+00:00,2,11,KRW-CHZ,0.00544959
2026-09-02T02:15:27.597328+00:00,2,11,KRW-LSK,0.00732601
2026-09-02T02:15:27.597328+00:00,2,11,KRW-CRO,0.00132890
2026-09-02T02:15:27.597328+00:00,2,11,KRW-VANA,0.00411353
2026-09-02T02:15:27.597328+00:00,2,11,KRW-LAYER,0.00211640
2026-09-02T02:15:27.597328+00:00,2,11,KRW-RED,0.01290323
2026-09-02T02:15:27.597328+00:00,2,11,KRW-DOT,0.00249896
2026-09-02T02:15:27.597328+00:00,2,11,KRW-ATOM,0.00149365
2026-09-02T02:15:27.597328+00:00,2,11,KRW-DOOD,0.00530504
2026-09-02T02:15:27.597328+00:00,2,11,KRW-XAUT,0.00118153
2026-09-02T02:15:27.597328+00:00,2,11,KRW-BORA,0.00333890
2026-09-02T02:15:27.597328+00:00,2,11,KRW-AWE,0.00353149
2026-09-02T02:15:27.597328+00:00,2,11,KRW-WAVES,0.00335008
2026-09-02T02:15:27.597328+00:00,2,11,KRW-ZKP,0.00330579
2026-09-02T02:15:27.597328+00:00,2,11,KRW-EDGE,0.00733368
2026-09-02T02:15:27.597328+00:00,2,11,KRW-ELF,0.00453515
2026-09-02T02:15:27.597328+00:00,2,11,KRW-AI,0.00378072
2026-09-02T02:15:27.597328+00:00,2,11,KRW-SNT,0.00339943
2026-09-02T02:15:27.597328+00:00,2,11,KRW-OPEN,0.00586510
2026-09-02T02:15:27.597328+00:00,2,11,KRW-SKR,0.00704225
2026-09-02T02:15:27.597328+00:00,2,11,KRW-MET2,0.00382409
2026-09-02T02:15:27.597328+00:00,2,11,KRW-FF,0.00732601
2026-09-02T02:15:27.597328+00:00,2,11,KRW-KAT,0.00164069
2026-09-02T02:15:27.597328+00:00,2,11,KRW-W,0.01515152
2026-09-02T02:15:27.597328+00:00,2,11,KRW-PENDLE,0.00122674
2026-09-02T02:15:27.597328+00:00,2,11,KRW-SPK,0.00360360
2026-09-02T02:15:27.597328+00:00,2,11,KRW-PYTH,0.00137646
2026-09-02T02:15:27.597328+00:00,2,11,KRW-STEEM,0.00511509
2026-09-02T02:15:27.597328+00:00,2,11,KRW-COW,0.00586510
2026-09-02T02:16:30.325394+00:00,2,11,KRW-SHIB,0.00142349
2026-09-02T02:16:30.325394+00:00,2,11,KRW-KAITO,0.00241838
2026-09-02T02:16:30.325394+00:00,2,11,KRW-SUI,0.00202840
2026-09-02T02:16:30.325394+00:00,2,11,KRW-MMT,0.00464037
2026-09-02T02:16:30.325394+00:00,2,11,KRW-LINK,0.00130378
2026-09-02T02:16:30.325394+00:00,2,11,KRW-PUMP,0.00346021
2026-09-02T02:16:30.325394+00:00,2,11,KRW-NEAR,0.00078462
2026-09-02T02:16:30.325394+00:00,2,11,KRW-ZBT,0.00888889
2026-09-02T02:16:30.325394+00:00,2,11,KRW-LA,0.00216450
2026-09-02T02:16:30.325394+00:00,2,11,KRW-CHIP,0.00333333
2026-09-02T02:16:30.325394+00:00,2,11,KRW-QUID,0.00338028
2026-09-02T02:16:30.325394+00:00,2,11,KRW-PENGU,0.00873362
2026-09-02T02:16:30.325394+00:00,2,11,KRW-AVAX,0.00152168
2026-09-02T02:16:30.325394+00:00,2,11,KRW-VIRTUAL,0.00214362
2026-09-02T02:16:30.325394+00:00,2,11,KRW-MOVE,0.00873362
2026-09-02T02:16:30.325394+00:00,2,11,KRW-UNI,0.00123839
2026-09-02T02:16:30.325394+00:00,2,11,KRW-PIEVERSE,0.00209278
2026-09-02T02:16:30.325394+00:00,2,11,KRW-PRL,0.00496278
2026-09-02T02:16:30.325394+00:00,2,11,KRW-HBAR,0.00985222
2026-09-02T02:16:30.325394+00:00,2,11,KRW-ONT,0.00274348
2026-09-02T02:16:30.325394+00:00,2,11,KRW-ENSO,0.00339559
2026-09-02T02:16:30.325394+00:00,2,11,KRW-XPL,0.00896861
2026-09-02T02:16:30.325394+00:00,2,11,KRW-SAHARA,0.00881057
2026-09-02T02:16:30.325394+00:00,2,11,KRW-AAVE,0.00114613
2026-09-02T02:16:30.325394+00:00,2,11,KRW-ARX,0.00586510
2026-09-02T02:16:30.325394+00:00,2,11,KRW-TRX,0.00225479
2026-09-02T02:16:30.325394+00:00,2,11,KRW-HOLO,0.00351494
2026-09-02T02:16:30.325394+00:00,2,11,KRW-WLFI,0.00127632
2026-09-02T02:16:30.325394+00:00,2,11,KRW-BCH,0.00118448
2026-09-02T02:16:30.325394+00:00,2,11,KRW-DATA,0.00373832
2026-09-02T02:16:30.325394+00:00,2,11,KRW-PLUME,0.00514139
2026-09-02T02:16:30.325394+00:00,2,11,KRW-ARB,0.00660066
2026-09-02T02:16:30.325394+00:00,2,11,KRW-STORJ,0.00256739
2026-09-02T02:16:30.325394+00:00,2,11,KRW-BONK,0.00332779
2026-09-02T02:16:30.325394+00:00,2,11,KRW-ETC,0.00101061
2026-09-02T02:16:30.325394+00:00,2,11,KRW-ESP,0.00888889
2026-09-02T02:16:30.325394+00:00,2,11,KRW-0G,0.00386847
2026-09-02T02:16:30.325394+00:00,2,11,KRW-META2,0.00760982
2026-09-02T02:16:30.325394+00:00,2,11,KRW-BSB,0.00687285
2026-09-02T02:16:30.325394+00:00,2,11,KRW-ERA,0.00250941
2026-09-02T02:16:30.325394+00:00,2,11,KRW-MIRA,0.00160385
2026-09-02T02:16:30.325394+00:00,2,11,KRW-SAND,0.00199402
2026-09-02T02:16:30.325394+00:00,2,11,KRW-PEPE,0.00209864
2026-09-02T02:16:30.325394+00:00,2,11,KRW-POL,0.00803213
2026-09-02T02:16:30.325394+00:00,2,11,KRW-STX,0.00573066
2026-09-02T02:16:30.325394+00:00,2,11,KRW-IRYS,0.00542005
2026-09-02T02:16:30.325394+00:00,2,11,KRW-AXS,0.00079208
2026-09-02T02:16:30.325394+00:00,2,11,KRW-TAO,0.00199867
2026-09-02T02:16:30.325394+00:00,2,11,KRW-ALGO,0.00829876
2026-09-02T02:16:30.325394+00:00,2,11,KRW-JTO,0.00174064
2026-09-02T02:16:30.325394+00:00,2,11,KRW-CC,0.00638978
2026-09-02T02:16:30.325394+00:00,2,11,KRW-BIRB,0.00127307
2026-09-02T02:16:30.325394+00:00,2,11,KRW-ME,0.00119689
2026-09-02T02:16:30.325394+00:00,2,11,KRW-SEI,0.00155885
2026-09-02T02:16:30.325394+00:00,2,11,KRW-ENS,0.00065295
2026-09-02T02:16:30.325394+00:00,2,11,KRW-ZRO,0.00215905
2026-09-02T02:16:30.325394+00:00,2,11,KRW-TRUMP,0.00064537
2026-09-02T02:16:30.325394+00:00,2,11,KRW-XEC,0.00317628
2026-09-02T02:16:30.325394+00:00,2,11,KRW-RVN,0.00514139
2026-09-02T02:16:30.325394+00:00,2,11,KRW-ZAMA,0.00293255
2026-09-02T02:16:30.325394+00:00,2,11,KRW-GEOD,0.00677966
2026-09-02T02:16:30.325394+00:00,2,11,KRW-AKT,0.00588235
2026-09-02T02:16:30.325394+00:00,2,11,KRW-FIL,0.00187970
2026-09-02T02:16:30.325394+00:00,2,11,KRW-APT,0.00267738
2026-09-02T02:16:30.325394+00:00,2,11,KRW-DRV,0.00514139
2026-09-02T02:16:30.325394+00:00,2,11,KRW-ID,0.00444444
2026-09-02T02:16:30.325394+00:00,2,11,KRW-SOON,0.00793651
2026-09-02T02:16:30.325394+00:00,2,11,KRW-O,0.00132363
2026-09-02T02:16:30.325394+00:00,2,11,KRW-AVNT,0.00722022
2026-09-02T02:16:30.325394+00:00,2,11,KRW-TREE,0.00366972
2026-09-02T02:16:30.325394+00:00,2,11,KRW-KITE,0.00586510
2026-09-02T02:16:30.325394+00:00,2,11,KRW-BLEND,0.00232019
2026-09-02T02:16:30.325394+00:00,2,11,KRW-MANTRA,0.00323102
2026-09-02T02:16:30.325394+00:00,2,11,KRW-CFG,0.00643087
2026-09-02T02:16:30.325394+00:00,2,11,KRW-GAS,0.00300933
2026-09-02T02:16:30.325394+00:00,2,11,KRW-BERA,0.00410678
2026-09-02T02:16:30.325394+00:00,2,11,KRW-MEGA,0.00197433
2026-09-02T02:16:30.325394+00:00,2,11,KRW-SOPH,0.00267738
2026-09-02T02:16:30.325394+00:00,2,11,KRW-UP2,0.00426439
2026-09-02T02:16:30.325394+00:00,2,11,KRW-ZORA,0.00975610
2026-09-02T02:16:30.325394+00:00,2,11,KRW-OPG,0.00738007
2026-09-02T02:16:30.325394+00:00,2,11,KRW-BSV,0.00325657
2026-09-02T02:16:30.325394+00:00,2,11,KRW-HYPER,0.00226501
2026-09-02T02:16:30.325394+00:00,2,11,KRW-TRAC,0.00900901
2026-09-02T02:16:30.325394+00:00,2,11,KRW-IN,0.00442478
2026-09-02T02:16:30.325394+00:00,2,11,KRW-ATH,0.00476569
2026-09-02T02:16:30.325394+00:00,2,11,KRW-ETHFI,0.00261780
2026-09-02T02:16:30.325394+00:00,2,11,KRW-MON,0.00280505
2026-09-02T02:16:30.325394+00:00,2,11,KRW-ZIL,0.00860832
2026-09-02T02:16:30.325394+00:00,2,11,KRW-B3,0.00321543
2026-09-02T02:16:30.325394+00:00,2,11,KRW-ELSA,0.00484262
2026-09-02T02:16:30.325394+00:00,2,11,KRW-JUP,0.00345423
2026-09-02T02:16:30.325394+00:00,2,11,KRW-SIGN,0.00803213
2026-09-02T02:16:30.325394+00:00,2,11,KRW-FLOCK,0.00213447
2026-09-02T02:16:30.325394+00:00,2,11,KRW-DEEP,0.00506329
2026-09-02T02:16:30.325394+00:00,2,11,KRW-G,0.00392927
2026-09-02T02:16:30.325394+00:00,2,11,KRW-INJ,0.00577320
2026-09-02T02:16:30.325394+00:00,2,11,KRW-VVV,0.00311735
2026-09-02T02:16:30.325394+00:00,2,11,KRW-BIGTIME,0.00324500
2026-09-02T02:16:30.325394+00:00,2,11,KRW-BIO,0.00286123
2026-09-02T02:16:30.325394+00:00,2,11,KRW-RENDER,0.00258465
2026-09-02T02:16:30.325394+00:00,2,11,KRW-BARD,0.00583090
2026-09-02T02:16:30.325394+00:00,2,11,KRW-CHZ,0.00544959
2026-09-02T02:16:30.325394+00:00,2,11,KRW-LSK,0.00732601
2026-09-02T02:16:30.325394+00:00,2,11,KRW-CRO,0.00132890
2026-09-02T02:16:30.325394+00:00,2,11,KRW-VANA,0.00411015
2026-09-02T02:16:30.325394+00:00,2,11,KRW-LAYER,0.00105541
2026-09-02T02:16:30.325394+00:00,2,11,KRW-RED,0.01290323
2026-09-02T02:16:30.325394+00:00,2,11,KRW-DOT,0.00166667
2026-09-02T02:16:30.325394+00:00,2,11,KRW-ATOM,0.00199203
2026-09-02T02:16:30.325394+00:00,2,11,KRW-DOOD,0.00530504
2026-09-02T02:16:30.325394+00:00,2,11,KRW-XAUT,0.00118153
2026-09-02T02:16:30.325394+00:00,2,11,KRW-BORA,0.00333890
2026-09-02T02:16:30.325394+00:00,2,11,KRW-AWE,0.00235571
2026-09-02T02:16:30.325394+00:00,2,11,KRW-WAVES,0.00335008
2026-09-02T02:16:30.325394+00:00,2,11,KRW-ZKP,0.00165426
2026-09-02T02:16:30.325394+00:00,2,11,KRW-EDGE,0.00733368
2026-09-02T02:16:30.325394+00:00,2,11,KRW-ELF,0.00453515
2026-09-02T02:16:30.325394+00:00,2,11,KRW-AI,0.00378072
2026-09-02T02:16:30.325394+00:00,2,11,KRW-SNT,0.00340329
2026-09-02T02:16:30.325394+00:00,2,11,KRW-OPEN,0.00586510
2026-09-02T02:16:30.325394+00:00,2,11,KRW-SKR,0.00353982
2026-09-02T02:16:30.325394+00:00,2,11,KRW-MET2,0.00382409
2026-09-02T02:16:30.325394+00:00,2,11,KRW-FF,0.00732601
2026-09-02T02:16:30.325394+00:00,2,11,KRW-KAT,0.00327869
2026-09-02T02:16:30.325394+00:00,2,11,KRW-W,0.00754717
2026-09-02T02:16:30.325394+00:00,2,11,KRW-PENDLE,0.00122424
2026-09-02T02:16:30.325394+00:00,2,11,KRW-SPK,0.00719424
2026-09-02T02:16:30.325394+00:00,2,11,KRW-PYTH,0.00276625
2026-09-02T02:16:30.325394+00:00,2,11,KRW-STEEM,0.00510638
2026-09-02T02:16:30.325394+00:00,2,11,KRW-COW,0.00586510
2026-09-02T02:17:33.095912+00:00,2,11,KRW-SHIB,0.00142146
2026-09-02T02:17:33.095912+00:00,2,11,KRW-KAITO,0.00242424
2026-09-02T02:17:33.095912+00:00,2,11,KRW-SUI,0.00101368
2026-09-02T02:17:33.095912+00:00,2,11,KRW-MMT,0.00464037
2026-09-02T02:17:33.095912+00:00,2,11,KRW-LINK,0.00065168
2026-09-02T02:17:33.095912+00:00,2,11,KRW-PUMP,0.00172265
2026-09-02T02:17:33.095912+00:00,2,11,KRW-NEAR,0.00117578
2026-09-02T02:17:33.095912+00:00,2,11,KRW-ZBT,0.00888889
2026-09-02T02:17:33.095912+00:00,2,11,KRW-LA,0.00108167
2026-09-02T02:17:33.095912+00:00,2,11,KRW-CHIP,0.00499584
2026-09-02T02:17:33.095912+00:00,2,11,KRW-QUID,0.00225225
2026-09-02T02:17:33.095912+00:00,2,11,KRW-PENGU,0.00873362
2026-09-02T02:17:33.095912+00:00,2,11,KRW-AVAX,0.00101471
2026-09-02T02:17:33.095912+00:00,2,11,KRW-VIRTUAL,0.00214362
2026-09-02T02:17:33.095912+00:00,2,11,KRW-MOVE,0.00873362
2026-09-02T02:17:33.095912+00:00,2,11,KRW-UNI,0.00185586
2026-09-02T02:17:33.095912+00:00,2,11,KRW-PIEVERSE,0.00278746
2026-09-02T02:17:33.095912+00:00,2,11,KRW-PRL,0.00496278
2026-09-02T02:17:33.095912+00:00,2,11,KRW-HBAR,0.00985222
2026-09-02T02:17:33.095912+00:00,2,11,KRW-ONT,0.00137080
2026-09-02T02:17:33.095912+00:00,2,11,KRW-ENSO,0.00254994
2026-09-02T02:17:33.095912+00:00,2,11,KRW-XPL,0.00896861
2026-09-02T02:17:33.095912+00:00,2,11,KRW-SAHARA,0.00881057
2026-09-02T02:17:33.095912+00:00,2,11,KRW-AAVE,0.00229226
2026-09-02T02:17:33.095912+00:00,2,11,KRW-ARX,0.00586510
2026-09-02T02:17:33.095912+00:00,2,11,KRW-TRX,0.00225479
2026-09-02T02:17:33.095912+00:00,2,11,KRW-HOLO,0.00351494
2026-09-02T02:17:33.095912+00:00,2,11,KRW-WLFI,0.00255428
2026-09-02T02:17:33.095912+00:00,2,11,KRW-BCH,0.00118448
2026-09-02T02:17:33.095912+00:00,2,11,KRW-DATA,0.00372439
2026-09-02T02:17:33.095912+00:00,2,11,KRW-PLUME,0.00514139
2026-09-02T02:17:33.095912+00:00,2,11,KRW-ARB,0.00660066
2026-09-02T02:17:33.095912+00:00,2,11,KRW-STORJ,0.00261780
2026-09-02T02:17:33.095912+00:00,2,11,KRW-BONK,0.00166528
2026-09-02T02:17:33.095912+00:00,2,11,KRW-ETC,0.00101061
2026-09-02T02:17:33.095912+00:00,2,11,KRW-ESP,0.00888889
2026-09-02T02:17:33.095912+00:00,2,11,KRW-0G,0.00389864
2026-09-02T02:17:33.095912+00:00,2,11,KRW-META2,0.00760982
2026-09-02T02:17:33.095912+00:00,2,11,KRW-BSB,0.00687285
2026-09-02T02:17:33.095912+00:00,2,11,KRW-ERA,0.00250941
2026-09-02T02:17:33.095912+00:00,2,11,KRW-MIRA,0.00160385
2026-09-02T02:17:33.095912+00:00,2,11,KRW-SAND,0.00199402
2026-09-02T02:17:33.095912+00:00,2,11,KRW-PEPE,0.00209864
2026-09-02T02:17:33.095912+00:00,2,11,KRW-POL,0.00803213
2026-09-02T02:17:33.095912+00:00,2,11,KRW-STX,0.00573066
2026-09-02T02:17:33.095912+00:00,2,11,KRW-IRYS,0.00539084
2026-09-02T02:17:33.095912+00:00,2,11,KRW-AXS,0.00079271
2026-09-02T02:17:33.095912+00:00,2,11,KRW-TAO,0.00266312
2026-09-02T02:17:33.095912+00:00,2,11,KRW-ALGO,0.00829876
2026-09-02T02:17:33.095912+00:00,2,11,KRW-JTO,0.00347826
2026-09-02T02:17:33.095912+00:00,2,11,KRW-CC,0.00638978
2026-09-02T02:17:33.095912+00:00,2,11,KRW-BIRB,0.00254453
2026-09-02T02:17:33.095912+00:00,2,11,KRW-ME,0.00119546
2026-09-02T02:17:33.095912+00:00,2,11,KRW-SEI,0.00155885
2026-09-02T02:17:33.095912+00:00,2,11,KRW-ENS,0.00195631
2026-09-02T02:17:33.095912+00:00,2,11,KRW-ZRO,0.00286944
2026-09-02T02:17:33.095912+00:00,2,11,KRW-TRUMP,0.00064475
2026-09-02T02:17:33.095912+00:00,2,11,KRW-XEC,0.00317628
2026-09-02T02:17:33.095912+00:00,2,11,KRW-RVN,0.00514139
2026-09-02T02:17:33.095912+00:00,2,11,KRW-ZAMA,0.00440205
2026-09-02T02:17:33.095912+00:00,2,11,KRW-GEOD,0.00339559
2026-09-02T02:17:33.095912+00:00,2,11,KRW-AKT,0.00733676
2026-09-02T02:17:33.095912+00:00,2,11,KRW-FIL,0.00281558
2026-09-02T02:17:33.095912+00:00,2,11,KRW-APT,0.00267380
2026-09-02T02:17:33.095912+00:00,2,11,KRW-DRV,0.00514139
2026-09-02T02:17:33.095912+00:00,2,11,KRW-ID,0.00444444
2026-09-02T02:17:33.095912+00:00,2,11,KRW-SOON,0.00396040
2026-09-02T02:17:33.095912+00:00,2,11,KRW-O,0.00132363
2026-09-02T02:17:33.095912+00:00,2,11,KRW-AVNT,0.00722022
2026-09-02T02:17:33.095912+00:00,2,11,KRW-TREE,0.00366972
2026-09-02T02:17:33.095912+00:00,2,11,KRW-KITE,0.00586510
2026-09-02T02:17:33.095912+00:00,2,11,KRW-BLEND,0.00232019
2026-09-02T02:17:33.095912+00:00,2,11,KRW-MANTRA,0.00323102
2026-09-02T02:17:33.095912+00:00,2,11,KRW-CFG,0.00643087
2026-09-02T02:17:33.095912+00:00,2,11,KRW-GAS,0.00180560
2026-09-02T02:17:33.095912+00:00,2,11,KRW-BERA,0.00823045
2026-09-02T02:17:33.095912+00:00,2,11,KRW-MEGA,0.00393701
2026-09-02T02:17:33.095912+00:00,2,11,KRW-SOPH,0.00133601
2026-09-02T02:17:33.095912+00:00,2,11,KRW-UP2,0.00284091
2026-09-02T02:17:33.095912+00:00,2,11,KRW-ZORA,0.00975610
2026-09-02T02:17:33.095912+00:00,2,11,KRW-OPG,0.00738007
2026-09-02T02:17:33.095912+00:00,2,11,KRW-BSV,0.00325657
2026-09-02T02:17:33.095912+00:00,2,11,KRW-HYPER,0.00339943
2026-09-02T02:17:33.095912+00:00,2,11,KRW-TRAC,0.00900901
2026-09-02T02:17:33.095912+00:00,2,11,KRW-IN,0.00220994
2026-09-02T02:17:33.095912+00:00,2,11,KRW-ATH,0.00476569
2026-09-02T02:17:33.095912+00:00,2,11,KRW-ETHFI,0.00392413
2026-09-02T02:17:33.095912+00:00,2,11,KRW-MON,0.00280505
2026-09-02T02:17:33.095912+00:00,2,11,KRW-ZIL,0.00860832
2026-09-02T02:17:33.095912+00:00,2,11,KRW-B3,0.00160643
2026-09-02T02:17:33.095912+00:00,2,11,KRW-ELSA,0.00484262
2026-09-02T02:17:33.095912+00:00,2,11,KRW-JUP,0.00689655
2026-09-02T02:17:33.095912+00:00,2,11,KRW-SIGN,0.00803213
2026-09-02T02:17:33.095912+00:00,2,11,KRW-FLOCK,0.00212993
2026-09-02T02:17:33.095912+00:00,2,11,KRW-DEEP,0.00506329
2026-09-02T02:17:33.095912+00:00,2,11,KRW-G,0.00196271
2026-09-02T02:17:33.095912+00:00,2,11,KRW-INJ,0.00412712
2026-09-02T02:17:33.095912+00:00,2,11,KRW-VVV,0.00356189
2026-09-02T02:17:33.095912+00:00,2,11,KRW-BIGTIME,0.00324851
2026-09-02T02:17:33.095912+00:00,2,11,KRW-BIO,0.00286123
2026-09-02T02:17:33.095912+00:00,2,11,KRW-RENDER,0.00258465
2026-09-02T02:17:33.095912+00:00,2,11,KRW-BARD,0.00579710
2026-09-02T02:17:33.095912+00:00,2,11,KRW-CHZ,0.00544959
2026-09-02T02:17:33.095912+00:00,2,11,KRW-LSK,0.00732601
2026-09-02T02:17:33.095912+00:00,2,11,KRW-CRO,0.00132890
2026-09-02T02:17:33.095912+00:00,2,11,KRW-VANA,0.00164204
2026-09-02T02:17:33.095912+00:00,2,11,KRW-LAYER,0.00210970
2026-09-02T02:17:33.095912+00:00,2,11,KRW-RED,0.01290323
2026-09-02T02:17:33.095912+00:00,2,11,KRW-DOT,0.00166667
2026-09-02T02:17:33.095912+00:00,2,11,KRW-ATOM,0.00149440
2026-09-02T02:17:33.095912+00:00,2,11,KRW-DOOD,0.00530504
2026-09-02T02:17:33.095912+00:00,2,11,KRW-XAUT,0.00101266
2026-09-02T02:17:33.095912+00:00,2,11,KRW-BORA,0.00333890
2026-09-02T02:17:33.095912+00:00,2,11,KRW-AWE,0.00235571
2026-09-02T02:17:33.095912+00:00,2,11,KRW-WAVES,0.00333890
2026-09-02T02:17:33.095912+00:00,2,11,KRW-ZKP,0.00331126
2026-09-02T02:17:33.095912+00:00,2,11,KRW-EDGE,0.00733368
2026-09-02T02:17:33.095912+00:00,2,11,KRW-ELF,0.00453515
2026-09-02T02:17:33.095912+00:00,2,11,KRW-AI,0.00378072
2026-09-02T02:17:33.095912+00:00,2,11,KRW-SNT,0.00340329
2026-09-02T02:17:33.095912+00:00,2,11,KRW-OPEN,0.00586510
2026-09-02T02:17:33.095912+00:00,2,11,KRW-SKR,0.00701754
2026-09-02T02:17:33.095912+00:00,2,11,KRW-MET2,0.00382409
2026-09-02T02:17:33.095912+00:00,2,11,KRW-FF,0.00732601
2026-09-02T02:17:33.095912+00:00,2,11,KRW-KAT,0.00327869
2026-09-02T02:17:33.095912+00:00,2,11,KRW-W,0.00760456
2026-09-02T02:17:33.095912+00:00,2,11,KRW-PENDLE,0.00244698
2026-09-02T02:17:33.095912+00:00,2,11,KRW-SPK,0.00719424
2026-09-02T02:17:33.095912+00:00,2,11,KRW-PYTH,0.00276625
2026-09-02T02:17:33.095912+00:00,2,11,KRW-STEEM,0.00340136
2026-09-02T02:17:33.095912+00:00,2,11,KRW-COW,0.00586510
2026-09-02T02:18:35.862236+00:00,2,11,KRW-SHIB,0.00142146
2026-09-02T02:18:35.862236+00:00,2,11,KRW-KAITO,0.00241838
2026-09-02T02:18:35.862236+00:00,2,11,KRW-SUI,0.00101471
2026-09-02T02:18:35.862236+00:00,2,11,KRW-MMT,0.00464037
2026-09-02T02:18:35.862236+00:00,2,11,KRW-LINK,0.00195631
2026-09-02T02:18:35.862236+00:00,2,11,KRW-PUMP,0.00344828
2026-09-02T02:18:35.862236+00:00,2,11,KRW-NEAR,0.00078401
2026-09-02T02:18:35.862236+00:00,2,11,KRW-ZBT,0.00888889
2026-09-02T02:18:35.862236+00:00,2,11,KRW-LA,0.00108167
2026-09-02T02:18:35.862236+00:00,2,11,KRW-CHIP,0.00332779
2026-09-02T02:18:35.862236+00:00,2,11,KRW-QUID,0.00225225
2026-09-02T02:18:35.862236+00:00,2,11,KRW-PENGU,0.00873362
2026-09-02T02:18:35.862236+00:00,2,11,KRW-AVAX,0.00101471
2026-09-02T02:18:35.862236+00:00,2,11,KRW-VIRTUAL,0.00214362
2026-09-02T02:18:35.862236+00:00,2,11,KRW-MOVE,0.00873362
2026-09-02T02:18:35.862236+00:00,2,11,KRW-UNI,0.00184672
2026-09-02T02:18:35.862236+00:00,2,11,KRW-PIEVERSE,0.00278358
2026-09-02T02:18:35.862236+00:00,2,11,KRW-PRL,0.00493827
2026-09-02T02:18:35.862236+00:00,2,11,KRW-HBAR,0.00985222
2026-09-02T02:18:35.862236+00:00,2,11,KRW-ONT,0.00273598
2026-09-02T02:18:35.862236+00:00,2,11,KRW-ENSO,0.00254777
2026-09-02T02:18:35.862236+00:00,2,11,KRW-XPL,0.00888889
2026-09-02T02:18:35.862236+00:00,2,11,KRW-SAHARA,0.00881057
2026-09-02T02:18:35.862236+00:00,2,11,KRW-AAVE,0.00171969
2026-09-02T02:18:35.862236+00:00,2,11,KRW-ARX,0.00586510
2026-09-02T02:18:35.862236+00:00,2,11,KRW-TRX,0.00225479
2026-09-02T02:18:35.862236+00:00,2,11,KRW-HOLO,0.00234467
2026-09-02T02:18:35.862236+00:00,2,11,KRW-WLFI,0.00255428
2026-09-02T02:18:35.862236+00:00,2,11,KRW-BCH,0.00118448
2026-09-02T02:18:35.862236+00:00,2,11,KRW-DATA,0.00373832
2026-09-02T02:18:35.862236+00:00,2,11,KRW-PLUME,0.00514139
2026-09-02T02:18:35.862236+00:00,2,11,KRW-ARB,0.00660066
2026-09-02T02:18:35.862236+00:00,2,11,KRW-STORJ,0.00261780
2026-09-02T02:18:35.862236+00:00,2,11,KRW-BONK,0.00167926
2026-09-02T02:18:35.862236+00:00,2,11,KRW-ETC,0.00101061
2026-09-02T02:18:35.862236+00:00,2,11,KRW-ESP,0.00888889
2026-09-02T02:18:35.862236+00:00,2,11,KRW-0G,0.00389864
2026-09-02T02:18:35.862236+00:00,2,11,KRW-META2,0.00554017
2026-09-02T02:18:35.862236+00:00,2,11,KRW-BSB,0.00687285
2026-09-02T02:18:35.862236+00:00,2,11,KRW-ERA,0.00125549
2026-09-02T02:18:35.862236+00:00,2,11,KRW-MIRA,0.00160128
2026-09-02T02:18:35.862236+00:00,2,11,KRW-SAND,0.00199800
2026-09-02T02:18:35.862236+00:00,2,11,KRW-PEPE,0.00209864
2026-09-02T02:18:35.862236+00:00,2,11,KRW-POL,0.00803213
2026-09-02T02:18:35.862236+00:00,2,11,KRW-STX,0.00573066
2026-09-02T02:18:35.862236+00:00,2,11,KRW-IRYS,0.00539084
2026-09-02T02:18:35.862236+00:00,2,11,KRW-AXS,0.00079271
2026-09-02T02:18:35.862236+00:00,2,11,KRW-TAO,0.00232984
2026-09-02T02:18:35.862236+00:00,2,11,KRW-ALGO,0.01652893
2026-09-02T02:18:35.862236+00:00,2,11,KRW-JTO,0.00347826
2026-09-02T02:18:35.862236+00:00,2,11,KRW-CC,0.00638978
2026-09-02T02:18:35.862236+00:00,2,11,KRW-BIRB,0.00254130
2026-09-02T02:18:35.862236+00:00,2,11,KRW-ME,0.00119403
2026-09-02T02:18:35.862236+00:00,2,11,KRW-SEI,0.00155885
2026-09-02T02:18:35.862236+00:00,2,11,KRW-ENS,0.00260926
2026-09-02T02:18:35.862236+00:00,2,11,KRW-ZRO,0.00287977
2026-09-02T02:18:35.862236+00:00,2,11,KRW-TRUMP,0.00064433
2026-09-02T02:18:35.862236+00:00,2,11,KRW-XEC,0.00317628
2026-09-02T02:18:35.862236+00:00,2,11,KRW-RVN,0.00514139
2026-09-02T02:18:35.862236+00:00,2,11,KRW-ZAMA,0.00440205
2026-09-02T02:18:35.862236+00:00,2,11,KRW-GEOD,0.00339559
2026-09-02T02:18:35.862236+00:00,2,11,KRW-AKT,0.00440205
2026-09-02T02:18:35.862236+00:00,2,11,KRW-FIL,0.00281558
2026-09-02T02:18:35.862236+00:00,2,11,KRW-APT,0.00267380
2026-09-02T02:18:35.862236+00:00,2,11,KRW-DRV,0.00514139
2026-09-02T02:18:35.862236+00:00,2,11,KRW-ID,0.00444444
2026-09-02T02:18:35.862236+00:00,2,11,KRW-SOON,0.00396040
2026-09-02T02:18:35.862236+00:00,2,11,KRW-O,0.00264550
2026-09-02T02:18:35.862236+00:00,2,11,KRW-AVNT,0.00722022
2026-09-02T02:18:35.862236+00:00,2,11,KRW-TREE,0.00183993
2026-09-02T02:18:35.862236+00:00,2,11,KRW-KITE,0.00586510
2026-09-02T02:18:35.862236+00:00,2,11,KRW-BLEND,0.00232019
2026-09-02T02:18:35.862236+00:00,2,11,KRW-MANTRA,0.00485044
2026-09-02T02:18:35.862236+00:00,2,11,KRW-CFG,0.01290323
2026-09-02T02:18:35.862236+00:00,2,11,KRW-GAS,0.00300571
2026-09-02T02:18:35.862236+00:00,2,11,KRW-BERA,0.00823045
2026-09-02T02:18:35.862236+00:00,2,11,KRW-MEGA,0.00393701
2026-09-02T02:18:35.862236+00:00,2,11,KRW-SOPH,0.00266312
2026-09-02T02:18:35.862236+00:00,2,11,KRW-UP2,0.00284091
2026-09-02T02:18:35.862236+00:00,2,11,KRW-ZORA,0.00975610
2026-09-02T02:18:35.862236+00:00,2,11,KRW-OPG,0.00738007
2026-09-02T02:18:35.862236+00:00,2,11,KRW-BSV,0.00232504
2026-09-02T02:18:35.862236+00:00,2,11,KRW-HYPER,0.00339943
2026-09-02T02:18:35.862236+00:00,2,11,KRW-TRAC,0.00902935
2026-09-02T02:18:35.862236+00:00,2,11,KRW-IN,0.00442478
2026-09-02T02:18:35.862236+00:00,2,11,KRW-ATH,0.00476569
2026-09-02T02:18:35.862236+00:00,2,11,KRW-ETHFI,0.00261438
2026-09-02T02:18:35.862236+00:00,2,11,KRW-MON,0.00280505
2026-09-02T02:18:35.862236+00:00,2,11,KRW-ZIL,0.01146132
2026-09-02T02:18:35.862236+00:00,2,11,KRW-B3,0.00321027
2026-09-02T02:18:35.862236+00:00,2,11,KRW-ELSA,0.00484262
2026-09-02T02:18:35.862236+00:00,2,11,KRW-JUP,0.00345423
2026-09-02T02:18:35.862236+00:00,2,11,KRW-SIGN,0.00803213
2026-09-02T02:18:35.862236+00:00,2,11,KRW-FLOCK,0.00212993
2026-09-02T02:18:35.862236+00:00,2,11,KRW-DEEP,0.00506329
2026-09-02T02:18:35.862236+00:00,2,11,KRW-G,0.00196271
2026-09-02T02:18:35.862236+00:00,2,11,KRW-INJ,0.00330033
2026-09-02T02:18:35.862236+00:00,2,11,KRW-VVV,0.00356189
2026-09-02T02:18:35.862236+00:00,2,11,KRW-BIGTIME,0.00324851
2026-09-02T02:18:35.862236+00:00,2,11,KRW-BIO,0.00286123
2026-09-02T02:18:35.862236+00:00,2,11,KRW-RENDER,0.00206718
2026-09-02T02:18:35.862236+00:00,2,11,KRW-BARD,0.00579710
2026-09-02T02:18:35.862236+00:00,2,11,KRW-CHZ,0.00544959
2026-09-02T02:18:35.862236+00:00,2,11,KRW-LSK,0.00732601
2026-09-02T02:18:35.862236+00:00,2,11,KRW-CRO,0.00132890
2026-09-02T02:18:35.862236+00:00,2,11,KRW-VANA,0.00164204
2026-09-02T02:18:35.862236+00:00,2,11,KRW-LAYER,0.00210970
2026-09-02T02:18:35.862236+00:00,2,11,KRW-RED,0.00647249
2026-09-02T02:18:35.862236+00:00,2,11,KRW-DOT,0.00166667
2026-09-02T02:18:35.862236+00:00,2,11,KRW-ATOM,0.00149440
2026-09-02T02:18:35.862236+00:00,2,11,KRW-DOOD,0.00530504
2026-09-02T02:18:35.862236+00:00,2,11,KRW-XAUT,0.00101266
2026-09-02T02:18:35.862236+00:00,2,11,KRW-BORA,0.00333890
2026-09-02T02:18:35.862236+00:00,2,11,KRW-AWE,0.00353149
2026-09-02T02:18:35.862236+00:00,2,11,KRW-WAVES,0.00333890
2026-09-02T02:18:35.862236+00:00,2,11,KRW-ZKP,0.00331126
2026-09-02T02:18:35.862236+00:00,2,11,KRW-EDGE,0.00523286
2026-09-02T02:18:35.862236+00:00,2,11,KRW-ELF,0.00453515
2026-09-02T02:18:35.862236+00:00,2,11,KRW-AI,0.00376648
2026-09-02T02:18:35.862236+00:00,2,11,KRW-SNT,0.00340329
2026-09-02T02:18:35.862236+00:00,2,11,KRW-OPEN,0.00586510
2026-09-02T02:18:35.862236+00:00,2,11,KRW-SKR,0.00345423
2026-09-02T02:18:35.862236+00:00,2,11,KRW-MET2,0.00382409
2026-09-02T02:18:35.862236+00:00,2,11,KRW-FF,0.01459854
2026-09-02T02:18:35.862236+00:00,2,11,KRW-KAT,0.00327869
2026-09-02T02:18:35.862236+00:00,2,11,KRW-W,0.01515152
2026-09-02T02:18:35.862236+00:00,2,11,KRW-PENDLE,0.00162933
2026-09-02T02:18:35.862236+00:00,2,11,KRW-SPK,0.00719424
2026-09-02T02:18:35.862236+00:00,2,11,KRW-PYTH,0.00277393
2026-09-02T02:18:35.862236+00:00,2,11,KRW-STEEM,0.00510638
2026-09-02T02:18:35.862236+00:00,2,11,KRW-COW,0.00586510
2026-09-02T02:19:38.565513+00:00,2,11,KRW-SHIB,0.00142146
2026-09-02T02:19:38.565513+00:00,2,11,KRW-KAITO,0.00241838
2026-09-02T02:19:38.565513+00:00,2,11,KRW-SUI,0.00202840
2026-09-02T02:19:38.565513+00:00,2,11,KRW-MMT,0.00925926
2026-09-02T02:19:38.565513+00:00,2,11,KRW-LINK,0.00195631
2026-09-02T02:19:38.565513+00:00,2,11,KRW-PUMP,0.00172265
2026-09-02T02:19:38.565513+00:00,2,11,KRW-NEAR,0.00117624
2026-09-02T02:19:38.565513+00:00,2,11,KRW-ZBT,0.00888889
2026-09-02T02:19:38.565513+00:00,2,11,KRW-LA,0.00108637
2026-09-02T02:19:38.565513+00:00,2,11,KRW-CHIP,0.00332779
2026-09-02T02:19:38.565513+00:00,2,11,KRW-QUID,0.00112803
2026-09-02T02:19:38.565513+00:00,2,11,KRW-PENGU,0.00873362
2026-09-02T02:19:38.565513+00:00,2,11,KRW-AVAX,0.00101471
2026-09-02T02:19:38.565513+00:00,2,11,KRW-VIRTUAL,0.00214362
2026-09-02T02:19:38.565513+00:00,2,11,KRW-MOVE,0.00873362
2026-09-02T02:19:38.565513+00:00,2,11,KRW-UNI,0.00245248
2026-09-02T02:19:38.565513+00:00,2,11,KRW-PIEVERSE,0.00278358
2026-09-02T02:19:38.565513+00:00,2,11,KRW-PRL,0.00496278
2026-09-02T02:19:38.565513+00:00,2,11,KRW-HBAR,0.00985222
2026-09-02T02:19:38.565513+00:00,2,11,KRW-ONT,0.00273598
2026-09-02T02:19:38.565513+00:00,2,11,KRW-ENSO,0.00254777
2026-09-02T02:19:38.565513+00:00,2,11,KRW-XPL,0.00888889
2026-09-02T02:19:38.565513+00:00,2,11,KRW-SAHARA,0.00881057
2026-09-02T02:19:38.565513+00:00,2,11,KRW-AAVE,0.00171871
2026-09-02T02:19:38.565513+00:00,2,11,KRW-ARX,0.00586510
2026-09-02T02:19:38.565513+00:00,2,11,KRW-TRX,0.00225479
2026-09-02T02:19:38.565513+00:00,2,11,KRW-HOLO,0.00351494
2026-09-02T02:19:38.565513+00:00,2,11,KRW-WLFI,0.00255428
2026-09-02T02:19:38.565513+00:00,2,11,KRW-BCH,0.00118483
2026-09-02T02:19:38.565513+00:00,2,11,KRW-DATA,0.00746269
2026-09-02T02:19:38.565513+00:00,2,11,KRW-PLUME,0.00514139
2026-09-02T02:19:38.565513+00:00,2,11,KRW-ARB,0.00664452
2026-09-02T02:19:38.565513+00:00,2,11,KRW-STORJ,0.00133422
2026-09-02T02:19:38.565513+00:00,2,11,KRW-BONK,0.00338409
2026-09-02T02:19:38.565513+00:00,2,11,KRW-ETC,0.00101061
2026-09-02T02:19:38.565513+00:00,2,11,KRW-ESP,0.00888889
2026-09-02T02:19:38.565513+00:00,2,11,KRW-0G,0.00389864
2026-09-02T02:19:38.565513+00:00,2,11,KRW-META2,0.00623053
2026-09-02T02:19:38.565513+00:00,2,11,KRW-BSB,0.00687285
2026-09-02T02:19:38.565513+00:00,2,11,KRW-ERA,0.00250941
2026-09-02T02:19:38.565513+00:00,2,11,KRW-MIRA,0.00160128
2026-09-02T02:19:38.565513+00:00,2,11,KRW-SAND,0.00199800
2026-09-02T02:19:38.565513+00:00,2,11,KRW-PEPE,0.00209864
2026-09-02T02:19:38.565513+00:00,2,11,KRW-POL,0.00803213
2026-09-02T02:19:38.565513+00:00,2,11,KRW-STX,0.00573066
2026-09-02T02:19:38.565513+00:00,2,11,KRW-IRYS,0.00539084
2026-09-02T02:19:38.565513+00:00,2,11,KRW-AXS,0.00158604
2026-09-02T02:19:38.565513+00:00,2,11,KRW-TAO,0.00299551
2026-09-02T02:19:38.565513+00:00,2,11,KRW-ALGO,0.00823045
2026-09-02T02:19:38.565513+00:00,2,11,KRW-JTO,0.00172861
2026-09-02T02:19:38.565513+00:00,2,11,KRW-CC,0.00638978
2026-09-02T02:19:38.565513+00:00,2,11,KRW-BIRB,0.00127146
2026-09-02T02:19:38.565513+00:00,2,11,KRW-ME,0.00119261
2026-09-02T02:19:38.565513+00:00,2,11,KRW-SEI,0.00312012
2026-09-02T02:19:38.565513+00:00,2,11,KRW-ENS,0.00195631
2026-09-02T02:19:38.565513+00:00,2,11,KRW-ZRO,0.00287563
2026-09-02T02:19:38.565513+00:00,2,11,KRW-TRUMP,0.00161005
2026-09-02T02:19:38.565513+00:00,2,11,KRW-XEC,0.00317628
2026-09-02T02:19:38.565513+00:00,2,11,KRW-RVN,0.00514139
2026-09-02T02:19:38.565513+00:00,2,11,KRW-ZAMA,0.00440205
2026-09-02T02:19:38.565513+00:00,2,11,KRW-GEOD,0.00339559
2026-09-02T02:19:38.565513+00:00,2,11,KRW-AKT,0.00586510
2026-09-02T02:19:38.565513+00:00,2,11,KRW-FIL,0.00187970
2026-09-02T02:19:38.565513+00:00,2,11,KRW-APT,0.00267380
2026-09-02T02:19:38.565513+00:00,2,11,KRW-DRV,0.00514139
2026-09-02T02:19:38.565513+00:00,2,11,KRW-ID,0.00221976
2026-09-02T02:19:38.565513+00:00,2,11,KRW-SOON,0.00396040
2026-09-02T02:19:38.565513+00:00,2,11,KRW-O,0.00132188
2026-09-02T02:19:38.565513+00:00,2,11,KRW-AVNT,0.00722022
2026-09-02T02:19:38.565513+00:00,2,11,KRW-TREE,0.00183993
2026-09-02T02:19:38.565513+00:00,2,11,KRW-KITE,0.00586510
2026-09-02T02:19:38.565513+00:00,2,11,KRW-BLEND,0.00232019
2026-09-02T02:19:38.565513+00:00,2,11,KRW-MANTRA,0.00485044
2026-09-02T02:19:38.565513+00:00,2,11,KRW-CFG,0.00647249
2026-09-02T02:19:38.565513+00:00,2,11,KRW-GAS,0.00240385
2026-09-02T02:19:38.565513+00:00,2,11,KRW-BERA,0.00410678
2026-09-02T02:19:38.565513+00:00,2,11,KRW-MEGA,0.00393701
2026-09-02T02:19:38.565513+00:00,2,11,KRW-SOPH,0.00265604
2026-09-02T02:19:38.565513+00:00,2,11,KRW-UP2,0.00284091
2026-09-02T02:19:38.565513+00:00,2,11,KRW-ZORA,0.00975610
2026-09-02T02:19:38.565513+00:00,2,11,KRW-OPG,0.00738007
2026-09-02T02:19:38.565513+00:00,2,11,KRW-BSV,0.00232504
2026-09-02T02:19:38.565513+00:00,2,11,KRW-HYPER,0.00339943
2026-09-02T02:19:38.565513+00:00,2,11,KRW-TRAC,0.00902935
2026-09-02T02:19:38.565513+00:00,2,11,KRW-IN,0.00442478
2026-09-02T02:19:38.565513+00:00,2,11,KRW-ATH,0.00476569
2026-09-02T02:19:38.565513+00:00,2,11,KRW-ETHFI,0.00261097
2026-09-02T02:19:38.565513+00:00,2,11,KRW-MON,0.00280505
2026-09-02T02:19:38.565513+00:00,2,11,KRW-ZIL,0.00574713
2026-09-02T02:19:38.565513+00:00,2,11,KRW-B3,0.00321027
2026-09-02T02:19:38.565513+00:00,2,11,KRW-ELSA,0.00484262
2026-09-02T02:19:38.565513+00:00,2,11,KRW-JUP,0.00345423
2026-09-02T02:19:38.565513+00:00,2,11,KRW-SIGN,0.00803213
2026-09-02T02:19:38.565513+00:00,2,11,KRW-FLOCK,0.00212993
2026-09-02T02:19:38.565513+00:00,2,11,KRW-DEEP,0.00506329
2026-09-02T02:19:38.565513+00:00,2,11,KRW-G,0.00196271
2026-09-02T02:19:38.565513+00:00,2,11,KRW-INJ,0.00741046
2026-09-02T02:19:38.565513+00:00,2,11,KRW-VVV,0.00400623
2026-09-02T02:19:38.565513+00:00,2,11,KRW-BIGTIME,0.00216450
2026-09-02T02:19:38.565513+00:00,2,11,KRW-BIO,0.00571429
2026-09-02T02:19:38.565513+00:00,2,11,KRW-RENDER,0.00258331
2026-09-02T02:19:38.565513+00:00,2,11,KRW-BARD,0.00583090
2026-09-02T02:19:38.565513+00:00,2,11,KRW-CHZ,0.00544959
2026-09-02T02:19:38.565513+00:00,2,11,KRW-LSK,0.00732601
2026-09-02T02:19:38.565513+00:00,2,11,KRW-CRO,0.00132890
2026-09-02T02:19:38.565513+00:00,2,11,KRW-VANA,0.00164204
2026-09-02T02:19:38.565513+00:00,2,11,KRW-LAYER,0.00316289
2026-09-02T02:19:38.565513+00:00,2,11,KRW-RED,0.00643087
2026-09-02T02:19:38.565513+00:00,2,11,KRW-DOT,0.00249688
2026-09-02T02:19:38.565513+00:00,2,11,KRW-ATOM,0.00149440
2026-09-02T02:19:38.565513+00:00,2,11,KRW-DOOD,0.00530504
2026-09-02T02:19:38.565513+00:00,2,11,KRW-XAUT,0.00084381
2026-09-02T02:19:38.565513+00:00,2,11,KRW-BORA,0.00333890
2026-09-02T02:19:38.565513+00:00,2,11,KRW-AWE,0.00118133
2026-09-02T02:19:38.565513+00:00,2,11,KRW-WAVES,0.00333890
2026-09-02T02:19:38.565513+00:00,2,11,KRW-ZKP,0.00165700
2026-09-02T02:19:38.565513+00:00,2,11,KRW-EDGE,0.00523286
2026-09-02T02:19:38.565513+00:00,2,11,KRW-ELF,0.00453515
2026-09-02T02:19:38.565513+00:00,2,11,KRW-AI,0.00754717
2026-09-02T02:19:38.565513+00:00,2,11,KRW-SNT,0.00340329
2026-09-02T02:19:38.565513+00:00,2,11,KRW-OPEN,0.00586510
2026-09-02T02:19:38.565513+00:00,2,11,KRW-SKR,0.00346620
2026-09-02T02:19:38.565513+00:00,2,11,KRW-MET2,0.00382409
2026-09-02T02:19:38.565513+00:00,2,11,KRW-FF,0.00732601
2026-09-02T02:19:38.565513+00:00,2,11,KRW-KAT,0.00163800
2026-09-02T02:19:38.565513+00:00,2,11,KRW-W,0.00754717
2026-09-02T02:19:38.565513+00:00,2,11,KRW-PENDLE,0.00203376
2026-09-02T02:19:38.565513+00:00,2,11,KRW-SPK,0.00359066
2026-09-02T02:19:38.565513+00:00,2,11,KRW-PYTH,0.00277778
2026-09-02T02:19:38.565513+00:00,2,11,KRW-STEEM,0.00510638
2026-09-02T02:19:38.565513+00:00,2,11,KRW-COW,0.00586510
2026-09-02T02:20:41.408521+00:00,2,11,KRW-SHIB,0.00142146
2026-09-02T02:20:41.408521+00:00,2,11,KRW-KAITO,0.00241838
2026-09-02T02:20:41.408521+00:00,2,11,KRW-SUI,0.00101266
2026-09-02T02:20:41.408521+00:00,2,11,KRW-MMT,0.00461894
2026-09-02T02:20:41.408521+00:00,2,11,KRW-LINK,0.00065210
2026-09-02T02:20:41.408521+00:00,2,11,KRW-PUMP,0.00171969
2026-09-02T02:20:41.408521+00:00,2,11,KRW-NEAR,0.00039177
2026-09-02T02:20:41.408521+00:00,2,11,KRW-ZBT,0.00888889
2026-09-02T02:20:41.408521+00:00,2,11,KRW-LA,0.00217155
2026-09-02T02:20:41.408521+00:00,2,11,KRW-CHIP,0.00498753
2026-09-02T02:20:41.408521+00:00,2,11,KRW-QUID,0.00112803
2026-09-02T02:20:41.408521+00:00,2,11,KRW-PENGU,0.00873362
2026-09-02T02:20:41.408521+00:00,2,11,KRW-AVAX,0.00101471
2026-09-02T02:20:41.408521+00:00,2,11,KRW-VIRTUAL,0.00213904
2026-09-02T02:20:41.408521+00:00,2,11,KRW-MOVE,0.00873362
2026-09-02T02:20:41.408521+00:00,2,11,KRW-UNI,0.00061218
2026-09-02T02:20:41.408521+00:00,2,11,KRW-PIEVERSE,0.00278358
2026-09-02T02:20:41.408521+00:00,2,11,KRW-PRL,0.00493827
2026-09-02T02:20:41.408521+00:00,2,11,KRW-HBAR,0.00985222
2026-09-02T02:20:41.408521+00:00,2,11,KRW-ONT,0.00273598
2026-09-02T02:20:41.408521+00:00,2,11,KRW-ENSO,0.00084782
2026-09-02T02:20:41.408521+00:00,2,11,KRW-XPL,0.00888889
2026-09-02T02:20:41.408521+00:00,2,11,KRW-SAHARA,0.00881057
2026-09-02T02:20:41.408521+00:00,2,11,KRW-AAVE,0.00114416
2026-09-02T02:20:41.408521+00:00,2,11,KRW-ARX,0.00586510
2026-09-02T02:20:41.408521+00:00,2,11,KRW-TRX,0.00225479
2026-09-02T02:20:41.408521+00:00,2,11,KRW-HOLO,0.00234192
2026-09-02T02:20:41.408521+00:00,2,11,KRW-WLFI,0.00255102
2026-09-02T02:20:41.408521+00:00,2,11,KRW-BCH,0.00088692
2026-09-02T02:20:41.408521+00:00,2,11,KRW-DATA,0.00746269
2026-09-02T02:20:41.408521+00:00,2,11,KRW-PLUME,0.00514139
2026-09-02T02:20:41.408521+00:00,2,11,KRW-ARB,0.00660066
2026-09-02T02:20:41.408521+00:00,2,11,KRW-STORJ,0.00137457
2026-09-02T02:20:41.408521+00:00,2,11,KRW-BONK,0.00171380
2026-09-02T02:20:41.408521+00:00,2,11,KRW-ETC,0.00101061
2026-09-02T02:20:41.408521+00:00,2,11,KRW-ESP,0.00888889
2026-09-02T02:20:41.408521+00:00,2,11,KRW-0G,0.00389864
2026-09-02T02:20:41.408521+00:00,2,11,KRW-META2,0.00623053
2026-09-02T02:20:41.408521+00:00,2,11,KRW-BSB,0.00687285
2026-09-02T02:20:41.408521+00:00,2,11,KRW-ERA,0.00250941
2026-09-02T02:20:41.408521+00:00,2,11,KRW-MIRA,0.00481155
2026-09-02T02:20:41.408521+00:00,2,11,KRW-SAND,0.00199800
2026-09-02T02:20:41.408521+00:00,2,11,KRW-PEPE,0.00209864
2026-09-02T02:20:41.408521+00:00,2,11,KRW-POL,0.00803213
2026-09-02T02:20:41.408521+00:00,2,11,KRW-STX,0.00286123
2026-09-02T02:20:41.408521+00:00,2,11,KRW-IRYS,0.00539084
2026-09-02T02:20:41.408521+00:00,2,11,KRW-AXS,0.00158604
2026-09-02T02:20:41.408521+00:00,2,11,KRW-TAO,0.00199468
2026-09-02T02:20:41.408521+00:00,2,11,KRW-ALGO,0.00823045
2026-09-02T02:20:41.408521+00:00,2,11,KRW-JTO,0.00344828
2026-09-02T02:20:41.408521+00:00,2,11,KRW-CC,0.00638978
2026-09-02T02:20:41.408521+00:00,2,11,KRW-BIRB,0.00253807
2026-09-02T02:20:41.408521+00:00,2,11,KRW-ME,0.00119261
2026-09-02T02:20:41.408521+00:00,2,11,KRW-SEI,0.00312012
2026-09-02T02:20:41.408521+00:00,2,11,KRW-ENS,0.00260586
2026-09-02T02:20:41.408521+00:00,2,11,KRW-ZRO,0.00501253
2026-09-02T02:20:41.408521+00:00,2,11,KRW-TRUMP,0.00096790
2026-09-02T02:20:41.408521+00:00,2,11,KRW-XEC,0.00317628
2026-09-02T02:20:41.408521+00:00,2,11,KRW-RVN,0.00514139
2026-09-02T02:20:41.408521+00:00,2,11,KRW-ZAMA,0.00293255
2026-09-02T02:20:41.408521+00:00,2,11,KRW-GEOD,0.00340716
2026-09-02T02:20:41.408521+00:00,2,11,KRW-AKT,0.00586510
2026-09-02T02:20:41.408521+00:00,2,11,KRW-FIL,0.00282885
2026-09-02T02:20:41.408521+00:00,2,11,KRW-APT,0.00267023
2026-09-02T02:20:41.408521+00:00,2,11,KRW-DRV,0.00514139
2026-09-02T02:20:41.408521+00:00,2,11,KRW-ID,0.00221976
2026-09-02T02:20:41.408521+00:00,2,11,KRW-SOON,0.00790514
2026-09-02T02:20:41.408521+00:00,2,11,KRW-O,0.00529101
2026-09-02T02:20:41.408521+00:00,2,11,KRW-AVNT,0.00722022
2026-09-02T02:20:41.408521+00:00,2,11,KRW-TREE,0.00183993
2026-09-02T02:20:41.408521+00:00,2,11,KRW-KITE,0.01169591
2026-09-02T02:20:41.408521+00:00,2,11,KRW-BLEND,0.00232019
2026-09-02T02:20:41.408521+00:00,2,11,KRW-MANTRA,0.00161943
2026-09-02T02:20:41.408521+00:00,2,11,KRW-CFG,0.00647249
2026-09-02T02:20:41.408521+00:00,2,11,KRW-GAS,0.00240385
2026-09-02T02:20:41.408521+00:00,2,11,KRW-BERA,0.00408998
2026-09-02T02:20:41.408521+00:00,2,11,KRW-MEGA,0.00392927
2026-09-02T02:20:41.408521+00:00,2,11,KRW-SOPH,0.00132538
2026-09-02T02:20:41.408521+00:00,2,11,KRW-UP2,0.00141543
2026-09-02T02:20:41.408521+00:00,2,11,KRW-ZORA,0.00975610
2026-09-02T02:20:41.408521+00:00,2,11,KRW-OPG,0.00738007
2026-09-02T02:20:41.408521+00:00,2,11,KRW-BSV,0.00232504
2026-09-02T02:20:41.408521+00:00,2,11,KRW-HYPER,0.00113186
2026-09-02T02:20:41.408521+00:00,2,11,KRW-TRAC,0.00902935
2026-09-02T02:20:41.408521+00:00,2,11,KRW-IN,0.00441501
2026-09-02T02:20:41.408521+00:00,2,11,KRW-ATH,0.00475059
2026-09-02T02:20:41.408521+00:00,2,11,KRW-ETHFI,0.00260417
2026-09-02T02:20:41.408521+00:00,2,11,KRW-MON,0.00280505
2026-09-02T02:20:41.408521+00:00,2,11,KRW-ZIL,0.00287770
2026-09-02T02:20:41.408521+00:00,2,11,KRW-B3,0.00160385
2026-09-02T02:20:41.408521+00:00,2,11,KRW-ELSA,0.00484262
2026-09-02T02:20:41.408521+00:00,2,11,KRW-JUP,0.00344234
2026-09-02T02:20:41.408521+00:00,2,11,KRW-SIGN,0.00803213
2026-09-02T02:20:41.408521+00:00,2,11,KRW-FLOCK,0.00212993
2026-09-02T02:20:41.408521+00:00,2,11,KRW-DEEP,0.00506329
2026-09-02T02:20:41.408521+00:00,2,11,KRW-G,0.00196271
2026-09-02T02:20:41.408521+00:00,2,11,KRW-INJ,0.00575895
2026-09-02T02:20:41.408521+00:00,2,11,KRW-VVV,0.00355872
2026-09-02T02:20:41.408521+00:00,2,11,KRW-BIGTIME,0.00107701
2026-09-02T02:20:41.408521+00:00,2,11,KRW-BIO,0.00571429
2026-09-02T02:20:41.408521+00:00,2,11,KRW-RENDER,0.00206292
2026-09-02T02:20:41.408521+00:00,2,11,KRW-BARD,0.00579710
2026-09-02T02:20:41.408521+00:00,2,11,KRW-CHZ,0.00544959
2026-09-02T02:20:41.408521+00:00,2,11,KRW-LSK,0.00732601
2026-09-02T02:20:41.408521+00:00,2,11,KRW-CRO,0.00132890
2026-09-02T02:20:41.408521+00:00,2,11,KRW-VANA,0.00082001
2026-09-02T02:20:41.408521+00:00,2,11,KRW-LAYER,0.00210748
2026-09-02T02:20:41.408521+00:00,2,11,KRW-RED,0.00643087
2026-09-02T02:20:41.408521+00:00,2,11,KRW-DOT,0.00166389
2026-09-02T02:20:41.408521+00:00,2,11,KRW-ATOM,0.00248571
2026-09-02T02:20:41.408521+00:00,2,11,KRW-DOOD,0.00530504
2026-09-02T02:20:41.408521+00:00,2,11,KRW-XAUT,0.00067499
2026-09-02T02:20:41.408521+00:00,2,11,KRW-BORA,0.00333890
2026-09-02T02:20:41.408521+00:00,2,11,KRW-AWE,0.00353982
2026-09-02T02:20:41.408521+00:00,2,11,KRW-WAVES,0.00666667
2026-09-02T02:20:41.408521+00:00,2,11,KRW-ZKP,0.00330579
2026-09-02T02:20:41.408521+00:00,2,11,KRW-EDGE,0.00523286
2026-09-02T02:20:41.408521+00:00,2,11,KRW-ELF,0.00453515
2026-09-02T02:20:41.408521+00:00,2,11,KRW-AI,0.00754717
2026-09-02T02:20:41.408521+00:00,2,11,KRW-SNT,0.00340329
2026-09-02T02:20:41.408521+00:00,2,11,KRW-OPEN,0.01169591
2026-09-02T02:20:41.408521+00:00,2,11,KRW-SKR,0.00344234
2026-09-02T02:20:41.408521+00:00,2,11,KRW-MET2,0.00382409
2026-09-02T02:20:41.408521+00:00,2,11,KRW-FF,0.00732601
2026-09-02T02:20:41.408521+00:00,2,11,KRW-KAT,0.00163800
2026-09-02T02:20:41.408521+00:00,2,11,KRW-W,0.00754717
2026-09-02T02:20:41.408521+00:00,2,11,KRW-PENDLE,0.00202963
2026-09-02T02:20:41.408521+00:00,2,11,KRW-SPK,0.00359066
2026-09-02T02:20:41.408521+00:00,2,11,KRW-PYTH,0.00278164
2026-09-02T02:20:41.408521+00:00,2,11,KRW-STEEM,0.00169635
2026-09-02T02:20:41.408521+00:00,2,11,KRW-COW,0.00586510
2026-09-02T02:21:44.158155+00:00,2,11,KRW-SHIB,0.00142146
2026-09-02T02:21:44.158155+00:00,2,11,KRW-KAITO,0.00241255
2026-09-02T02:21:44.158155+00:00,2,11,KRW-SUI,0.00202224
2026-09-02T02:21:44.158155+00:00,2,11,KRW-MMT,0.00461894
2026-09-02T02:21:44.158155+00:00,2,11,KRW-LINK,0.00130208
2026-09-02T02:21:44.158155+00:00,2,11,KRW-PUMP,0.00343643
2026-09-02T02:21:44.158155+00:00,2,11,KRW-NEAR,0.00039147
2026-09-02T02:21:44.158155+00:00,2,11,KRW-ZBT,0.00888889
2026-09-02T02:21:44.158155+00:00,2,11,KRW-LA,0.00106781
2026-09-02T02:21:44.158155+00:00,2,11,KRW-CHIP,0.00332226
2026-09-02T02:21:44.158155+00:00,2,11,KRW-QUID,0.00112803
2026-09-02T02:21:44.158155+00:00,2,11,KRW-PENGU,0.00873362
2026-09-02T02:21:44.158155+00:00,2,11,KRW-AVAX,0.00101420
2026-09-02T02:21:44.158155+00:00,2,11,KRW-VIRTUAL,0.00213675
2026-09-02T02:21:44.158155+00:00,2,11,KRW-MOVE,0.00873362
2026-09-02T02:21:44.158155+00:00,2,11,KRW-UNI,0.00182871
2026-09-02T02:21:44.158155+00:00,2,11,KRW-PIEVERSE,0.00208841
2026-09-02T02:21:44.158155+00:00,2,11,KRW-PRL,0.00493827
2026-09-02T02:21:44.158155+00:00,2,11,KRW-HBAR,0.00985222
2026-09-02T02:21:44.158155+00:00,2,11,KRW-ONT,0.00273598
2026-09-02T02:21:44.158155+00:00,2,11,KRW-ENSO,0.00254561
2026-09-02T02:21:44.158155+00:00,2,11,KRW-XPL,0.00888889
2026-09-02T02:21:44.158155+00:00,2,11,KRW-SAHARA,0.00881057
2026-09-02T02:21:44.158155+00:00,2,11,KRW-AAVE,0.00171380
2026-09-02T02:21:44.158155+00:00,2,11,KRW-ARX,0.00586510
2026-09-02T02:21:44.158155+00:00,2,11,KRW-TRX,0.00225479
2026-09-02T02:21:44.158155+00:00,2,11,KRW-HOLO,0.00234192
2026-09-02T02:21:44.158155+00:00,2,11,KRW-WLFI,0.00255102
2026-09-02T02:21:44.158155+00:00,2,11,KRW-BCH,0.00147558
2026-09-02T02:21:44.158155+00:00,2,11,KRW-DATA,0.00372439
2026-09-02T02:21:44.158155+00:00,2,11,KRW-PLUME,0.00514139
2026-09-02T02:21:44.158155+00:00,2,11,KRW-ARB,0.00660066
2026-09-02T02:21:44.158155+00:00,2,11,KRW-STORJ,0.00136893
2026-09-02T02:21:44.158155+00:00,2,11,KRW-BONK,0.00171086
2026-09-02T02:21:44.158155+00:00,2,11,KRW-ETC,0.00252334
2026-09-02T02:21:44.158155+00:00,2,11,KRW-ESP,0.00888889
2026-09-02T02:21:44.158155+00:00,2,11,KRW-0G,0.00389864
2026-09-02T02:21:44.158155+00:00,2,11,KRW-META2,0.00484932
2026-09-02T02:21:44.158155+00:00,2,11,KRW-BSB,0.00682594
2026-09-02T02:21:44.158155+00:00,2,11,KRW-ERA,0.00250941
2026-09-02T02:21:44.158155+00:00,2,11,KRW-MIRA,0.00159617
2026-09-02T02:21:44.158155+00:00,2,11,KRW-SAND,0.00199800
2026-09-02T02:21:44.158155+00:00,2,11,KRW-PEPE,0.00209424
2026-09-02T02:21:44.158155+00:00,2,11,KRW-POL,0.00803213
2026-09-02T02:21:44.158155+00:00,2,11,KRW-STX,0.00286123
2026-09-02T02:21:44.158155+00:00,2,11,KRW-IRYS,0.00539084
2026-09-02T02:21:44.158155+00:00,2,11,KRW-AXS,0.00158604
2026-09-02T02:21:44.158155+00:00,2,11,KRW-TAO,0.00199468
2026-09-02T02:21:44.158155+00:00,2,11,KRW-ALGO,0.00823045
2026-09-02T02:21:44.158155+00:00,2,11,KRW-JTO,0.00172265
2026-09-02T02:21:44.158155+00:00,2,11,KRW-CC,0.00638978
2026-09-02T02:21:44.158155+00:00,2,11,KRW-BIRB,0.00253807
2026-09-02T02:21:44.158155+00:00,2,11,KRW-ME,0.00119261
2026-09-02T02:21:44.158155+00:00,2,11,KRW-SEI,0.00155885
2026-09-02T02:21:44.158155+00:00,2,11,KRW-ENS,0.00195249
2026-09-02T02:21:44.158155+00:00,2,11,KRW-ZRO,0.00357782
2026-09-02T02:21:44.158155+00:00,2,11,KRW-TRUMP,0.00096665
2026-09-02T02:21:44.158155+00:00,2,11,KRW-XEC,0.00316957
2026-09-02T02:21:44.158155+00:00,2,11,KRW-RVN,0.00514139
2026-09-02T02:21:44.158155+00:00,2,11,KRW-ZAMA,0.00293255
2026-09-02T02:21:44.158155+00:00,2,11,KRW-GEOD,0.00339559
2026-09-02T02:21:44.158155+00:00,2,11,KRW-AKT,0.00146306
2026-09-02T02:21:44.158155+00:00,2,11,KRW-FIL,0.00094384
2026-09-02T02:21:44.158155+00:00,2,11,KRW-APT,0.00399734
2026-09-02T02:21:44.158155+00:00,2,11,KRW-DRV,0.00514139
2026-09-02T02:21:44.158155+00:00,2,11,KRW-ID,0.00444444
2026-09-02T02:21:44.158155+00:00,2,11,KRW-SOON,0.00790514
2026-09-02T02:21:44.158155+00:00,2,11,KRW-O,0.00132714
2026-09-02T02:21:44.158155+00:00,2,11,KRW-AVNT,0.00716846
2026-09-02T02:21:44.158155+00:00,2,11,KRW-TREE,0.00550964
2026-09-02T02:21:44.158155+00:00,2,11,KRW-KITE,0.00586510
2026-09-02T02:21:44.158155+00:00,2,11,KRW-BLEND,0.00232019
2026-09-02T02:21:44.158155+00:00,2,11,KRW-MANTRA,0.00161943
2026-09-02T02:21:44.158155+00:00,2,11,KRW-CFG,0.00643087
2026-09-02T02:21:44.158155+00:00,2,11,KRW-GAS,0.00240240
2026-09-02T02:21:44.158155+00:00,2,11,KRW-BERA,0.00408998
2026-09-02T02:21:44.158155+00:00,2,11,KRW-MEGA,0.00588813
2026-09-02T02:21:44.158155+00:00,2,11,KRW-SOPH,0.00132714
2026-09-02T02:21:44.158155+00:00,2,11,KRW-UP2,0.00141543
2026-09-02T02:21:44.158155+00:00,2,11,KRW-ZORA,0.00966184
2026-09-02T02:21:44.158155+00:00,2,11,KRW-OPG,0.00738007
2026-09-02T02:21:44.158155+00:00,2,11,KRW-BSV,0.00232504
2026-09-02T02:21:44.158155+00:00,2,11,KRW-HYPER,0.00113186
2026-09-02T02:21:44.158155+00:00,2,11,KRW-TRAC,0.01129944
2026-09-02T02:21:44.158155+00:00,2,11,KRW-IN,0.00220507
2026-09-02T02:21:44.158155+00:00,2,11,KRW-ATH,0.00158103
2026-09-02T02:21:44.158155+00:00,2,11,KRW-ETHFI,0.00390879
2026-09-02T02:21:44.158155+00:00,2,11,KRW-MON,0.00280505
2026-09-02T02:21:44.158155+00:00,2,11,KRW-ZIL,0.00865801
2026-09-02T02:21:44.158155+00:00,2,11,KRW-B3,0.00160385
2026-09-02T02:21:44.158155+00:00,2,11,KRW-ELSA,0.00484262
2026-09-02T02:21:44.158155+00:00,2,11,KRW-JUP,0.00344234
2026-09-02T02:21:44.158155+00:00,2,11,KRW-SIGN,0.00803213
2026-09-02T02:21:44.158155+00:00,2,11,KRW-FLOCK,0.00212993
2026-09-02T02:21:44.158155+00:00,2,11,KRW-DEEP,0.01010101
2026-09-02T02:21:44.158155+00:00,2,11,KRW-G,0.00391389
2026-09-02T02:21:44.158155+00:00,2,11,KRW-INJ,0.00493421
2026-09-02T02:21:44.158155+00:00,2,11,KRW-VVV,0.00311319
2026-09-02T02:21:44.158155+00:00,2,11,KRW-BIGTIME,0.00321716
2026-09-02T02:21:44.158155+00:00,2,11,KRW-BIO,0.00571429
2026-09-02T02:21:44.158155+00:00,2,11,KRW-RENDER,0.00154520
2026-09-02T02:21:44.158155+00:00,2,11,KRW-BARD,0.01162791
2026-09-02T02:21:44.158155+00:00,2,11,KRW-CHZ,0.00544959
2026-09-02T02:21:44.158155+00:00,2,11,KRW-LSK,0.00732601
2026-09-02T02:21:44.158155+00:00,2,11,KRW-CRO,0.00265604
2026-09-02T02:21:44.158155+00:00,2,11,KRW-VANA,0.00163934
2026-09-02T02:21:44.158155+00:00,2,11,KRW-LAYER,0.00210748
2026-09-02T02:21:44.158155+00:00,2,11,KRW-RED,0.00643087
2026-09-02T02:21:44.158155+00:00,2,11,KRW-DOT,0.00248859
2026-09-02T02:21:44.158155+00:00,2,11,KRW-ATOM,0.00198906
2026-09-02T02:21:44.158155+00:00,2,11,KRW-DOOD,0.00530504
2026-09-02T02:21:44.158155+00:00,2,11,KRW-XAUT,0.00016871
2026-09-02T02:21:44.158155+00:00,2,11,KRW-BORA,0.00333890
2026-09-02T02:21:44.158155+00:00,2,11,KRW-AWE,0.00117994
2026-09-02T02:21:44.158155+00:00,2,11,KRW-WAVES,0.00333890
2026-09-02T02:21:44.158155+00:00,2,11,KRW-ZKP,0.00330579
2026-09-02T02:21:44.158155+00:00,2,11,KRW-EDGE,0.00523286
2026-09-02T02:21:44.158155+00:00,2,11,KRW-ELF,0.00453515
2026-09-02T02:21:44.158155+00:00,2,11,KRW-AI,0.00754717
2026-09-02T02:21:44.158155+00:00,2,11,KRW-SNT,0.00340329
2026-09-02T02:21:44.158155+00:00,2,11,KRW-OPEN,0.00583090
2026-09-02T02:21:44.158155+00:00,2,11,KRW-SKR,0.00694444
2026-09-02T02:21:44.158155+00:00,2,11,KRW-MET2,0.00380952
2026-09-02T02:21:44.158155+00:00,2,11,KRW-FF,0.00732601
2026-09-02T02:21:44.158155+00:00,2,11,KRW-KAT,0.00327332
2026-09-02T02:21:44.158155+00:00,2,11,KRW-W,0.00754717
2026-09-02T02:21:44.158155+00:00,2,11,KRW-PENDLE,0.00202799
2026-09-02T02:21:44.158155+00:00,2,11,KRW-SPK,0.00359066
2026-09-02T02:21:44.158155+00:00,2,11,KRW-PYTH,0.00417537
2026-09-02T02:21:44.158155+00:00,2,11,KRW-STEEM,0.00509771
2026-09-02T02:21:44.158155+00:00,2,11,KRW-COW,0.00586510
2026-09-02T02:22:46.850749+00:00,2,11,KRW-SHIB,0.00142146
2026-09-02T02:22:46.850749+00:00,2,11,KRW-KAITO,0.00241255
2026-09-02T02:22:46.850749+00:00,2,11,KRW-SUI,0.00101061
2026-09-02T02:22:46.850749+00:00,2,11,KRW-MMT,0.00461894
2026-09-02T02:22:46.850749+00:00,2,11,KRW-LINK,0.00065083
2026-09-02T02:22:46.850749+00:00,2,11,KRW-PUMP,0.00172265
2026-09-02T02:22:46.850749+00:00,2,11,KRW-NEAR,0.00078278
2026-09-02T02:22:46.850749+00:00,2,11,KRW-ZBT,0.00888889
2026-09-02T02:22:46.850749+00:00,2,11,KRW-LA,0.00107239
2026-09-02T02:22:46.850749+00:00,2,11,KRW-CHIP,0.00332779
2026-09-02T02:22:46.850749+00:00,2,11,KRW-QUID,0.00112803
2026-09-02T02:22:46.850749+00:00,2,11,KRW-PENGU,0.00873362
2026-09-02T02:22:46.850749+00:00,2,11,KRW-AVAX,0.00050723
2026-09-02T02:22:46.850749+00:00,2,11,KRW-VIRTUAL,0.00320684
2026-09-02T02:22:46.850749+00:00,2,11,KRW-MOVE,0.00873362
2026-09-02T02:22:46.850749+00:00,2,11,KRW-UNI,0.00122549
2026-09-02T02:22:46.850749+00:00,2,11,KRW-PIEVERSE,0.00208406
2026-09-02T02:22:46.850749+00:00,2,11,KRW-PRL,0.00493827
2026-09-02T02:22:46.850749+00:00,2,11,KRW-HBAR,0.00985222
2026-09-02T02:22:46.850749+00:00,2,11,KRW-ONT,0.00273598
2026-09-02T02:22:46.850749+00:00,2,11,KRW-ENSO,0.00169779
2026-09-02T02:22:46.850749+00:00,2,11,KRW-XPL,0.00888889
2026-09-02T02:22:46.850749+00:00,2,11,KRW-SAHARA,0.00881057
2026-09-02T02:22:46.850749+00:00,2,11,KRW-AAVE,0.00114286
2026-09-02T02:22:46.850749+00:00,2,11,KRW-ARX,0.00586510
2026-09-02T02:22:46.850749+00:00,2,11,KRW-TRX,0.00225479
2026-09-02T02:22:46.850749+00:00,2,11,KRW-HOLO,0.00468384
2026-09-02T02:22:46.850749+00:00,2,11,KRW-WLFI,0.00255102
2026-09-02T02:22:46.850749+00:00,2,11,KRW-BCH,0.00147689
2026-09-02T02:22:46.850749+00:00,2,11,KRW-DATA,0.00373832
2026-09-02T02:22:46.850749+00:00,2,11,KRW-PLUME,0.00514139
2026-09-02T02:22:46.850749+00:00,2,11,KRW-ARB,0.00655738
2026-09-02T02:22:46.850749+00:00,2,11,KRW-STORJ,0.00135227
2026-09-02T02:22:46.850749+00:00,2,11,KRW-BONK,0.00170213
2026-09-02T02:22:46.850749+00:00,2,11,KRW-ETC,0.00252334
2026-09-02T02:22:46.850749+00:00,2,11,KRW-ESP,0.00888889
2026-09-02T02:22:46.850749+00:00,2,11,KRW-0G,0.00389864
2026-09-02T02:22:46.850749+00:00,2,11,KRW-META2,0.00484932
2026-09-02T02:22:46.850749+00:00,2,11,KRW-BSB,0.00682594
2026-09-02T02:22:46.850749+00:00,2,11,KRW-ERA,0.00376176
2026-09-02T02:22:46.850749+00:00,2,11,KRW-MIRA,0.00159109
2026-09-02T02:22:46.850749+00:00,2,11,KRW-SAND,0.00199800
2026-09-02T02:22:46.850749+00:00,2,11,KRW-PEPE,0.00208986
2026-09-02T02:22:46.850749+00:00,2,11,KRW-POL,0.00803213
2026-09-02T02:22:46.850749+00:00,2,11,KRW-STX,0.00574713
2026-09-02T02:22:46.850749+00:00,2,11,KRW-IRYS,0.00539084
2026-09-02T02:22:46.850749+00:00,2,11,KRW-AXS,0.00158604
2026-09-02T02:22:46.850749+00:00,2,11,KRW-TAO,0.00298954
2026-09-02T02:22:46.850749+00:00,2,11,KRW-ALGO,0.00823045
2026-09-02T02:22:46.850749+00:00,2,11,KRW-JTO,0.00171969
2026-09-02T02:22:46.850749+00:00,2,11,KRW-CC,0.00638978
2026-09-02T02:22:46.850749+00:00,2,11,KRW-BIRB,0.00126984
2026-09-02T02:22:46.850749+00:00,2,11,KRW-ME,0.00119261
2026-09-02T02:22:46.850749+00:00,2,11,KRW-SEI,0.00311526
2026-09-02T02:22:46.850749+00:00,2,11,KRW-ENS,0.00065125
2026-09-02T02:22:46.850749+00:00,2,11,KRW-ZRO,0.00214516
2026-09-02T02:22:46.850749+00:00,2,11,KRW-TRUMP,0.00064620
2026-09-02T02:22:46.850749+00:00,2,11,KRW-XEC,0.00316957
2026-09-02T02:22:46.850749+00:00,2,11,KRW-RVN,0.00514139
2026-09-02T02:22:46.850749+00:00,2,11,KRW-ZAMA,0.00293255
2026-09-02T02:22:46.850749+00:00,2,11,KRW-GEOD,0.00339559
2026-09-02T02:22:46.850749+00:00,2,11,KRW-AKT,0.00146306
2026-09-02T02:22:46.850749+00:00,2,11,KRW-FIL,0.00283688
2026-09-02T02:22:46.850749+00:00,2,11,KRW-APT,0.00266667
2026-09-02T02:22:46.850749+00:00,2,11,KRW-DRV,0.00514139
2026-09-02T02:22:46.850749+00:00,2,11,KRW-ID,0.00222469
2026-09-02T02:22:46.850749+00:00,2,11,KRW-SOON,0.00790514
2026-09-02T02:22:46.850749+00:00,2,11,KRW-O,0.00132714
2026-09-02T02:22:46.850749+00:00,2,11,KRW-AVNT,0.00716846
2026-09-02T02:22:46.850749+00:00,2,11,KRW-TREE,0.00367647
2026-09-02T02:22:46.850749+00:00,2,11,KRW-KITE,0.00586510
2026-09-02T02:22:46.850749+00:00,2,11,KRW-BLEND,0.00464037
2026-09-02T02:22:46.850749+00:00,2,11,KRW-MANTRA,0.00324675
2026-09-02T02:22:46.850749+00:00,2,11,KRW-CFG,0.00643087
2026-09-02T02:22:46.850749+00:00,2,11,KRW-GAS,0.00240240
2026-09-02T02:22:46.850749+00:00,2,11,KRW-BERA,0.00408998
2026-09-02T02:22:46.850749+00:00,2,11,KRW-MEGA,0.00392157
2026-09-02T02:22:46.850749+00:00,2,11,KRW-SOPH,0.00266312
2026-09-02T02:22:46.850749+00:00,2,11,KRW-UP2,0.00141543
2026-09-02T02:22:46.850749+00:00,2,11,KRW-ZORA,0.00966184
2026-09-02T02:22:46.850749+00:00,2,11,KRW-OPG,0.00738007
2026-09-02T02:22:46.850749+00:00,2,11,KRW-BSV,0.00232504
2026-09-02T02:22:46.850749+00:00,2,11,KRW-HYPER,0.00113186
2026-09-02T02:22:46.850749+00:00,2,11,KRW-TRAC,0.01129944
2026-09-02T02:22:46.850749+00:00,2,11,KRW-IN,0.00441501
2026-09-02T02:22:46.850749+00:00,2,11,KRW-ATH,0.00158103
2026-09-02T02:22:46.850749+00:00,2,11,KRW-ETHFI,0.00260417
2026-09-02T02:22:46.850749+00:00,2,11,KRW-MON,0.00280505
2026-09-02T02:22:46.850749+00:00,2,11,KRW-ZIL,0.00576369
2026-09-02T02:22:46.850749+00:00,2,11,KRW-B3,0.00160385
2026-09-02T02:22:46.850749+00:00,2,11,KRW-ELSA,0.00321543
2026-09-02T02:22:46.850749+00:00,2,11,KRW-JUP,0.00344234
2026-09-02T02:22:46.850749+00:00,2,11,KRW-SIGN,0.00803213
2026-09-02T02:22:46.850749+00:00,2,11,KRW-FLOCK,0.00212540
2026-09-02T02:22:46.850749+00:00,2,11,KRW-DEEP,0.00503778
2026-09-02T02:22:46.850749+00:00,2,11,KRW-G,0.00391389
2026-09-02T02:22:46.850749+00:00,2,11,KRW-INJ,0.00575421
2026-09-02T02:22:46.850749+00:00,2,11,KRW-VVV,0.00222469
2026-09-02T02:22:46.850749+00:00,2,11,KRW-BIGTIME,0.00214133
2026-09-02T02:22:46.850749+00:00,2,11,KRW-BIO,0.00571429
2026-09-02T02:22:46.850749+00:00,2,11,KRW-RENDER,0.00154520
2026-09-02T02:22:46.850749+00:00,2,11,KRW-BARD,0.00579710
2026-09-02T02:22:46.850749+00:00,2,11,KRW-CHZ,0.00544959
2026-09-02T02:22:46.850749+00:00,2,11,KRW-LSK,0.00732601
2026-09-02T02:22:46.850749+00:00,2,11,KRW-CRO,0.00398671
2026-09-02T02:22:46.850749+00:00,2,11,KRW-VANA,0.00327600
2026-09-02T02:22:46.850749+00:00,2,11,KRW-LAYER,0.00210748
2026-09-02T02:22:46.850749+00:00,2,11,KRW-RED,0.01290323
2026-09-02T02:22:46.850749+00:00,2,11,KRW-DOT,0.00248859
2026-09-02T02:22:46.850749+00:00,2,11,KRW-ATOM,0.00248571
2026-09-02T02:22:46.850749+00:00,2,11,KRW-DOOD,0.00530504
2026-09-02T02:22:46.850749+00:00,2,11,KRW-XAUT,0.00016871
2026-09-02T02:22:46.850749+00:00,2,11,KRW-BORA,0.00333890
2026-09-02T02:22:46.850749+00:00,2,11,KRW-AWE,0.00235849
2026-09-02T02:22:46.850749+00:00,2,11,KRW-WAVES,0.00333890
2026-09-02T02:22:46.850749+00:00,2,11,KRW-ZKP,0.00330579
2026-09-02T02:22:46.850749+00:00,2,11,KRW-EDGE,0.00523286
2026-09-02T02:22:46.850749+00:00,2,11,KRW-ELF,0.00453515
2026-09-02T02:22:46.850749+00:00,2,11,KRW-AI,0.00754717
2026-09-02T02:22:46.850749+00:00,2,11,KRW-SNT,0.00340329
2026-09-02T02:22:46.850749+00:00,2,11,KRW-OPEN,0.00583090
2026-09-02T02:22:46.850749+00:00,2,11,KRW-SKR,0.00347826
2026-09-02T02:22:46.850749+00:00,2,11,KRW-MET2,0.00380952
2026-09-02T02:22:46.850749+00:00,2,11,KRW-FF,0.00732601
2026-09-02T02:22:46.850749+00:00,2,11,KRW-KAT,0.00327332
2026-09-02T02:22:46.850749+00:00,2,11,KRW-W,0.00754717
2026-09-02T02:22:46.850749+00:00,2,11,KRW-PENDLE,0.00162404
2026-09-02T02:22:46.850749+00:00,2,11,KRW-SPK,0.00359066
2026-09-02T02:22:46.850749+00:00,2,11,KRW-PYTH,0.00278552
2026-09-02T02:22:46.850749+00:00,2,11,KRW-STEEM,0.00509771
2026-09-02T02:22:46.850749+00:00,2,11,KRW-COW,0.00586510
2026-09-02T02:23:49.754847+00:00,2,11,KRW-SHIB,0.00142146
2026-09-02T02:23:49.754847+00:00,2,11,KRW-KAITO,0.00241255
2026-09-02T02:23:49.754847+00:00,2,11,KRW-SUI,0.00100959
2026-09-02T02:23:49.754847+00:00,2,11,KRW-MMT,0.00461894
2026-09-02T02:23:49.754847+00:00,2,11,KRW-LINK,0.00065083
2026-09-02T02:23:49.754847+00:00,2,11,KRW-PUMP,0.00344828
2026-09-02T02:23:49.754847+00:00,2,11,KRW-NEAR,0.00078278
2026-09-02T02:23:49.754847+00:00,2,11,KRW-ZBT,0.00888889
2026-09-02T02:23:49.754847+00:00,2,11,KRW-LA,0.00214133
2026-09-02T02:23:49.754847+00:00,2,11,KRW-CHIP,0.00333333
2026-09-02T02:23:49.754847+00:00,2,11,KRW-QUID,0.00225734
2026-09-02T02:23:49.754847+00:00,2,11,KRW-PENGU,0.00873362
2026-09-02T02:23:49.754847+00:00,2,11,KRW-AVAX,0.00050749
2026-09-02T02:23:49.754847+00:00,2,11,KRW-VIRTUAL,0.00321027
2026-09-02T02:23:49.754847+00:00,2,11,KRW-MOVE,0.00873362
2026-09-02T02:23:49.754847+00:00,2,11,KRW-UNI,0.00245399
2026-09-02T02:23:49.754847+00:00,2,11,KRW-PIEVERSE,0.00207972
2026-09-02T02:23:49.754847+00:00,2,11,KRW-PRL,0.00493827
2026-09-02T02:23:49.754847+00:00,2,11,KRW-HBAR,0.00985222
2026-09-02T02:23:49.754847+00:00,2,11,KRW-ONT,0.00273598
2026-09-02T02:23:49.754847+00:00,2,11,KRW-ENSO,0.00254777
2026-09-02T02:23:49.754847+00:00,2,11,KRW-XPL,0.00888889
2026-09-02T02:23:49.754847+00:00,2,11,KRW-SAHARA,0.00881057
2026-09-02T02:23:49.754847+00:00,2,11,KRW-AAVE,0.00171576
2026-09-02T02:23:49.754847+00:00,2,11,KRW-ARX,0.00586510
2026-09-02T02:23:49.754847+00:00,2,11,KRW-TRX,0.00225479
2026-09-02T02:23:49.754847+00:00,2,11,KRW-HOLO,0.00350672
2026-09-02T02:23:49.754847+00:00,2,11,KRW-WLFI,0.00127470
2026-09-02T02:23:49.754847+00:00,2,11,KRW-BCH,0.00147689
2026-09-02T02:23:49.754847+00:00,2,11,KRW-DATA,0.00746269
2026-09-02T02:23:49.754847+00:00,2,11,KRW-PLUME,0.00514139
2026-09-02T02:23:49.754847+00:00,2,11,KRW-ARB,0.00655738
2026-09-02T02:23:49.754847+00:00,2,11,KRW-STORJ,0.00269179
2026-09-02T02:23:49.754847+00:00,2,11,KRW-BONK,0.00171086
2026-09-02T02:23:49.754847+00:00,2,11,KRW-ETC,0.00251826
2026-09-02T02:23:49.754847+00:00,2,11,KRW-ESP,0.00881057
2026-09-02T02:23:49.754847+00:00,2,11,KRW-0G,0.00784314
2026-09-02T02:23:49.754847+00:00,2,11,KRW-META2,0.00484932
2026-09-02T02:23:49.754847+00:00,2,11,KRW-BSB,0.00682594
2026-09-02T02:23:49.754847+00:00,2,11,KRW-ERA,0.00376176
2026-09-02T02:23:49.754847+00:00,2,11,KRW-MIRA,0.00318979
2026-09-02T02:23:49.754847+00:00,2,11,KRW-SAND,0.00400000
2026-09-02T02:23:49.754847+00:00,2,11,KRW-PEPE,0.00208986
2026-09-02T02:23:49.754847+00:00,2,11,KRW-POL,0.00803213
2026-09-02T02:23:49.754847+00:00,2,11,KRW-STX,0.00286123
2026-09-02T02:23:49.754847+00:00,2,11,KRW-IRYS,0.00539084
2026-09-02T02:23:49.754847+00:00,2,11,KRW-AXS,0.00158604
2026-09-02T02:23:49.754847+00:00,2,11,KRW-TAO,0.00166196
2026-09-02T02:23:49.754847+00:00,2,11,KRW-ALGO,0.00823045
2026-09-02T02:23:49.754847+00:00,2,11,KRW-JTO,0.00344234
2026-09-02T02:23:49.754847+00:00,2,11,KRW-CC,0.00638978
2026-09-02T02:23:49.754847+00:00,2,11,KRW-BIRB,0.00253807
2026-09-02T02:23:49.754847+00:00,2,11,KRW-ME,0.00119261
2026-09-02T02:23:49.754847+00:00,2,11,KRW-SEI,0.00155885
2026-09-02T02:23:49.754847+00:00,2,11,KRW-ENS,0.00130208
2026-09-02T02:23:49.754847+00:00,2,11,KRW-ZRO,0.00357270
2026-09-02T02:23:49.754847+00:00,2,11,KRW-TRUMP,0.00064620
2026-09-02T02:23:49.754847+00:00,2,11,KRW-XEC,0.00316957
2026-09-02T02:23:49.754847+00:00,2,11,KRW-RVN,0.00514139
2026-09-02T02:23:49.754847+00:00,2,11,KRW-ZAMA,0.00293255
2026-09-02T02:23:49.754847+00:00,2,11,KRW-GEOD,0.00339559
2026-09-02T02:23:49.754847+00:00,2,11,KRW-AKT,0.00292398
2026-09-02T02:23:49.754847+00:00,2,11,KRW-FIL,0.00189394
2026-09-02T02:23:49.754847+00:00,2,11,KRW-APT,0.00400267
2026-09-02T02:23:49.754847+00:00,2,11,KRW-DRV,0.00514139
2026-09-02T02:23:49.754847+00:00,2,11,KRW-ID,0.00222469
2026-09-02T02:23:49.754847+00:00,2,11,KRW-SOON,0.00790514
2026-09-02T02:23:49.754847+00:00,2,11,KRW-O,0.00132714
2026-09-02T02:23:49.754847+00:00,2,11,KRW-AVNT,0.00716846
2026-09-02T02:23:49.754847+00:00,2,11,KRW-TREE,0.00183993
2026-09-02T02:23:49.754847+00:00,2,11,KRW-KITE,0.00586510
2026-09-02T02:23:49.754847+00:00,2,11,KRW-BLEND,0.00348230
2026-09-02T02:23:49.754847+00:00,2,11,KRW-MANTRA,0.00487409
2026-09-02T02:23:49.754847+00:00,2,11,KRW-CFG,0.00643087
2026-09-02T02:23:49.754847+00:00,2,11,KRW-GAS,0.00240385
2026-09-02T02:23:49.754847+00:00,2,11,KRW-BERA,0.00408998
2026-09-02T02:23:49.754847+00:00,2,11,KRW-MEGA,0.00588813
2026-09-02T02:23:49.754847+00:00,2,11,KRW-SOPH,0.00266667
2026-09-02T02:23:49.754847+00:00,2,11,KRW-UP2,0.00141343
2026-09-02T02:23:49.754847+00:00,2,11,KRW-ZORA,0.00966184
2026-09-02T02:23:49.754847+00:00,2,11,KRW-OPG,0.00738007
2026-09-02T02:23:49.754847+00:00,2,11,KRW-BSV,0.00232504
2026-09-02T02:23:49.754847+00:00,2,11,KRW-HYPER,0.00113186
2026-09-02T02:23:49.754847+00:00,2,11,KRW-TRAC,0.01129944
2026-09-02T02:23:49.754847+00:00,2,11,KRW-IN,0.00220994
2026-09-02T02:23:49.754847+00:00,2,11,KRW-ATH,0.00316456
2026-09-02T02:23:49.754847+00:00,2,11,KRW-ETHFI,0.00260417
2026-09-02T02:23:49.754847+00:00,2,11,KRW-MON,0.00280505
2026-09-02T02:23:49.754847+00:00,2,11,KRW-ZIL,0.00576369
2026-09-02T02:23:49.754847+00:00,2,11,KRW-B3,0.00481928
2026-09-02T02:23:49.754847+00:00,2,11,KRW-ELSA,0.00643087
2026-09-02T02:23:49.754847+00:00,2,11,KRW-JUP,0.00344234
2026-09-02T02:23:49.754847+00:00,2,11,KRW-SIGN,0.00803213
2026-09-02T02:23:49.754847+00:00,2,11,KRW-FLOCK,0.00212540
2026-09-02T02:23:49.754847+00:00,2,11,KRW-DEEP,0.00503778
2026-09-02T02:23:49.754847+00:00,2,11,KRW-G,0.00391389
2026-09-02T02:23:49.754847+00:00,2,11,KRW-INJ,0.00575421
2026-09-02T02:23:49.754847+00:00,2,11,KRW-VVV,0.00356189
2026-09-02T02:23:49.754847+00:00,2,11,KRW-BIGTIME,0.00214592
2026-09-02T02:23:49.754847+00:00,2,11,KRW-BIO,0.00571429
2026-09-02T02:23:49.754847+00:00,2,11,KRW-RENDER,0.00205867
2026-09-02T02:23:49.754847+00:00,2,11,KRW-BARD,0.00579710
2026-09-02T02:23:49.754847+00:00,2,11,KRW-CHZ,0.00544959
2026-09-02T02:23:49.754847+00:00,2,11,KRW-LSK,0.00732601
2026-09-02T02:23:49.754847+00:00,2,11,KRW-CRO,0.00265604
2026-09-02T02:23:49.754847+00:00,2,11,KRW-VANA,0.00245801
2026-09-02T02:23:49.754847+00:00,2,11,KRW-LAYER,0.00210748
2026-09-02T02:23:49.754847+00:00,2,11,KRW-RED,0.01290323
2026-09-02T02:23:49.754847+00:00,2,11,KRW-DOT,0.00249066
2026-09-02T02:23:49.754847+00:00,2,11,KRW-ATOM,0.00248571
2026-09-02T02:23:49.754847+00:00,2,11,KRW-DOOD,0.00530504
2026-09-02T02:23:49.754847+00:00,2,11,KRW-XAUT,0.00016871
2026-09-02T02:23:49.754847+00:00,2,11,KRW-BORA,0.00333890
2026-09-02T02:23:49.754847+00:00,2,11,KRW-AWE,0.00235849
2026-09-02T02:23:49.754847+00:00,2,11,KRW-WAVES,0.00666667
2026-09-02T02:23:49.754847+00:00,2,11,KRW-ZKP,0.00165153
2026-09-02T02:23:49.754847+00:00,2,11,KRW-EDGE,0.00523286
2026-09-02T02:23:49.754847+00:00,2,11,KRW-ELF,0.00453515
2026-09-02T02:23:49.754847+00:00,2,11,KRW-AI,0.00754717
2026-09-02T02:23:49.754847+00:00,2,11,KRW-SNT,0.00340329
2026-09-02T02:23:49.754847+00:00,2,11,KRW-OPEN,0.00583090
2026-09-02T02:23:49.754847+00:00,2,11,KRW-SKR,0.00345423
2026-09-02T02:23:49.754847+00:00,2,11,KRW-MET2,0.00380952
2026-09-02T02:23:49.754847+00:00,2,11,KRW-FF,0.00732601
2026-09-02T02:23:49.754847+00:00,2,11,KRW-KAT,0.00327332
2026-09-02T02:23:49.754847+00:00,2,11,KRW-W,0.00754717
2026-09-02T02:23:49.754847+00:00,2,11,KRW-PENDLE,0.00162470
2026-09-02T02:23:49.754847+00:00,2,11,KRW-SPK,0.00359066
2026-09-02T02:23:49.754847+00:00,2,11,KRW-PYTH,0.00278940
2026-09-02T02:23:49.754847+00:00,2,11,KRW-STEEM,0.00509771
2026-09-02T02:23:49.754847+00:00,2,11,KRW-COW,0.00586510
2026-09-02T02:24:52.440374+00:00,2,11,KRW-SHIB,0.00142146
2026-09-02T02:24:52.440374+00:00,2,11,KRW-KAITO,0.00241255
2026-09-02T02:24:52.440374+00:00,2,11,KRW-SUI,0.00100756
2026-09-02T02:24:52.440374+00:00,2,11,KRW-MMT,0.00461894
2026-09-02T02:24:52.440374+00:00,2,11,KRW-LINK,0.00065083
2026-09-02T02:24:52.440374+00:00,2,11,KRW-PUMP,0.00344234
2026-09-02T02:24:52.440374+00:00,2,11,KRW-NEAR,0.00039085
2026-09-02T02:24:52.440374+00:00,2,11,KRW-ZBT,0.00881057
2026-09-02T02:24:52.440374+00:00,2,11,KRW-LA,0.00107933
2026-09-02T02:24:52.440374+00:00,2,11,KRW-CHIP,0.00167084
2026-09-02T02:24:52.440374+00:00,2,11,KRW-QUID,0.00225734
2026-09-02T02:24:52.440374+00:00,2,11,KRW-PENGU,0.00873362
2026-09-02T02:24:52.440374+00:00,2,11,KRW-AVAX,0.00050697
2026-09-02T02:24:52.440374+00:00,2,11,KRW-VIRTUAL,0.00320342
2026-09-02T02:24:52.440374+00:00,2,11,KRW-MOVE,0.00873362
2026-09-02T02:24:52.440374+00:00,2,11,KRW-UNI,0.00244200
2026-09-02T02:24:52.440374+00:00,2,11,KRW-PIEVERSE,0.00277200
2026-09-02T02:24:52.440374+00:00,2,11,KRW-PRL,0.00493827
2026-09-02T02:24:52.440374+00:00,2,11,KRW-HBAR,0.00985222
2026-09-02T02:24:52.440374+00:00,2,11,KRW-ONT,0.00136893
2026-09-02T02:24:52.440374+00:00,2,11,KRW-ENSO,0.00339559
2026-09-02T02:24:52.440374+00:00,2,11,KRW-XPL,0.00888889
2026-09-02T02:24:52.440374+00:00,2,11,KRW-SAHARA,0.00881057
2026-09-02T02:24:52.440374+00:00,2,11,KRW-AAVE,0.00114155
2026-09-02T02:24:52.440374+00:00,2,11,KRW-ARX,0.00586510
2026-09-02T02:24:52.440374+00:00,2,11,KRW-TRX,0.00225479
2026-09-02T02:24:52.440374+00:00,2,11,KRW-HOLO,0.00349854
2026-09-02T02:24:52.440374+00:00,2,11,KRW-WLFI,0.00254777
2026-09-02T02:24:52.440374+00:00,2,11,KRW-BCH,0.00176991
2026-09-02T02:24:52.440374+00:00,2,11,KRW-DATA,0.00373832
2026-09-02T02:24:52.440374+00:00,2,11,KRW-PLUME,0.00514139
2026-09-02T02:24:52.440374+00:00,2,11,KRW-ARB,0.00651466
2026-09-02T02:24:52.440374+00:00,2,11,KRW-STORJ,0.00671592
2026-09-02T02:24:52.440374+00:00,2,11,KRW-BONK,0.00172265
2026-09-02T02:24:52.440374+00:00,2,11,KRW-ETC,0.00251319
2026-09-02T02:24:52.440374+00:00,2,11,KRW-ESP,0.00881057
2026-09-02T02:24:52.440374+00:00,2,11,KRW-0G,0.00391389
2026-09-02T02:24:52.440374+00:00,2,11,KRW-META2,0.00346620
2026-09-02T02:24:52.440374+00:00,2,11,KRW-BSB,0.00682594
2026-09-02T02:24:52.440374+00:00,2,11,KRW-ERA,0.00249688
2026-09-02T02:24:52.440374+00:00,2,11,KRW-MIRA,0.00159617
2026-09-02T02:24:52.440374+00:00,2,11,KRW-SAND,0.00400000
2026-09-02T02:24:52.440374+00:00,2,11,KRW-PEPE,0.00208986
2026-09-02T02:24:52.440374+00:00,2,11,KRW-POL,0.00803213
2026-09-02T02:24:52.440374+00:00,2,11,KRW-STX,0.00285307
2026-09-02T02:24:52.440374+00:00,2,11,KRW-IRYS,0.00539084
2026-09-02T02:24:52.440374+00:00,2,11,KRW-AXS,0.00079271
2026-09-02T02:24:52.440374+00:00,2,11,KRW-TAO,0.00232442
2026-09-02T02:24:52.440374+00:00,2,11,KRW-ALGO,0.00823045
2026-09-02T02:24:52.440374+00:00,2,11,KRW-JTO,0.00170794
2026-09-02T02:24:52.440374+00:00,2,11,KRW-CC,0.00638978
2026-09-02T02:24:52.440374+00:00,2,11,KRW-BIRB,0.00253807
2026-09-02T02:24:52.440374+00:00,2,11,KRW-ME,0.00119261
2026-09-02T02:24:52.440374+00:00,2,11,KRW-SEI,0.00311526
2026-09-02T02:24:52.440374+00:00,2,11,KRW-ENS,0.00259740
2026-09-02T02:24:52.440374+00:00,2,11,KRW-ZRO,0.00142450
2026-09-02T02:24:52.440374+00:00,2,11,KRW-TRUMP,0.00032232
2026-09-02T02:24:52.440374+00:00,2,11,KRW-XEC,0.00316957
2026-09-02T02:24:52.440374+00:00,2,11,KRW-RVN,0.00257400
2026-09-02T02:24:52.440374+00:00,2,11,KRW-ZAMA,0.00293255
2026-09-02T02:24:52.440374+00:00,2,11,KRW-GEOD,0.00339559
2026-09-02T02:24:52.440374+00:00,2,11,KRW-AKT,0.00438276
2026-09-02T02:24:52.440374+00:00,2,11,KRW-FIL,0.00094384
2026-09-02T02:24:52.440374+00:00,2,11,KRW-APT,0.00266312
2026-09-02T02:24:52.440374+00:00,2,11,KRW-DRV,0.00514139
2026-09-02T02:24:52.440374+00:00,2,11,KRW-ID,0.00444444
2026-09-02T02:24:52.440374+00:00,2,11,KRW-SOON,0.00790514
2026-09-02T02:24:52.440374+00:00,2,11,KRW-O,0.00397614
2026-09-02T02:24:52.440374+00:00,2,11,KRW-AVNT,0.00716846
2026-09-02T02:24:52.440374+00:00,2,11,KRW-TREE,0.00184332
2026-09-02T02:24:52.440374+00:00,2,11,KRW-KITE,0.00586510
2026-09-02T02:24:52.440374+00:00,2,11,KRW-BLEND,0.00348230
2026-09-02T02:24:52.440374+00:00,2,11,KRW-MANTRA,0.00324675
2026-09-02T02:24:52.440374+00:00,2,11,KRW-CFG,0.00643087
2026-09-02T02:24:52.440374+00:00,2,11,KRW-GAS,0.00240385
2026-09-02T02:24:52.440374+00:00,2,11,KRW-BERA,0.00408998
2026-09-02T02:24:52.440374+00:00,2,11,KRW-MEGA,0.00392157
2026-09-02T02:24:52.440374+00:00,2,11,KRW-SOPH,0.00266312
2026-09-02T02:24:52.440374+00:00,2,11,KRW-UP2,0.00282087
2026-09-02T02:24:52.440374+00:00,2,11,KRW-ZORA,0.00966184
2026-09-02T02:24:52.440374+00:00,2,11,KRW-OPG,0.00738007
2026-09-02T02:24:52.440374+00:00,2,11,KRW-BSV,0.00232504
2026-09-02T02:24:52.440374+00:00,2,11,KRW-HYPER,0.00225734
2026-09-02T02:24:52.440374+00:00,2,11,KRW-TRAC,0.01129944
2026-09-02T02:24:52.440374+00:00,2,11,KRW-IN,0.00441501
2026-09-02T02:24:52.440374+00:00,2,11,KRW-ATH,0.00316456
2026-09-02T02:24:52.440374+00:00,2,11,KRW-ETHFI,0.00259740
2026-09-02T02:24:52.440374+00:00,2,11,KRW-MON,0.00280505
2026-09-02T02:24:52.440374+00:00,2,11,KRW-ZIL,0.00576369
2026-09-02T02:24:52.440374+00:00,2,11,KRW-B3,0.00321543
2026-09-02T02:24:52.440374+00:00,2,11,KRW-ELSA,0.00643087
2026-09-02T02:24:52.440374+00:00,2,11,KRW-JUP,0.00344234
2026-09-02T02:24:52.440374+00:00,2,11,KRW-SIGN,0.00803213
2026-09-02T02:24:52.440374+00:00,2,11,KRW-FLOCK,0.00212993
2026-09-02T02:24:52.440374+00:00,2,11,KRW-DEEP,0.00503778
2026-09-02T02:24:52.440374+00:00,2,11,KRW-G,0.00391389
2026-09-02T02:24:52.440374+00:00,2,11,KRW-INJ,0.00821018
2026-09-02T02:24:52.440374+00:00,2,11,KRW-VVV,0.00400089
2026-09-02T02:24:52.440374+00:00,2,11,KRW-BIGTIME,0.00321027
2026-09-02T02:24:52.440374+00:00,2,11,KRW-BIO,0.00571429
2026-09-02T02:24:52.440374+00:00,2,11,KRW-RENDER,0.00205550
2026-09-02T02:24:52.440374+00:00,2,11,KRW-BARD,0.00579710
2026-09-02T02:24:52.440374+00:00,2,11,KRW-CHZ,0.00544959
2026-09-02T02:24:52.440374+00:00,2,11,KRW-LSK,0.00732601
2026-09-02T02:24:52.440374+00:00,2,11,KRW-CRO,0.00265604
2026-09-02T02:24:52.440374+00:00,2,11,KRW-VANA,0.00327600
2026-09-02T02:24:52.440374+00:00,2,11,KRW-LAYER,0.00210748
2026-09-02T02:24:52.440374+00:00,2,11,KRW-RED,0.01290323
2026-09-02T02:24:52.440374+00:00,2,11,KRW-DOT,0.00248859
2026-09-02T02:24:52.440374+00:00,2,11,KRW-ATOM,0.00099552
2026-09-02T02:24:52.440374+00:00,2,11,KRW-DOOD,0.00530504
2026-09-02T02:24:52.440374+00:00,2,11,KRW-XAUT,0.00168549
2026-09-02T02:24:52.440374+00:00,2,11,KRW-BORA,0.00333890
2026-09-02T02:24:52.440374+00:00,2,11,KRW-AWE,0.00235849
2026-09-02T02:24:52.440374+00:00,2,11,KRW-WAVES,0.00666667
2026-09-02T02:24:52.440374+00:00,2,11,KRW-ZKP,0.00164880
2026-09-02T02:24:52.440374+00:00,2,11,KRW-EDGE,0.00523286
2026-09-02T02:24:52.440374+00:00,2,11,KRW-ELF,0.00453515
2026-09-02T02:24:52.440374+00:00,2,11,KRW-AI,0.00378072
2026-09-02T02:24:52.440374+00:00,2,11,KRW-SNT,0.00340329
2026-09-02T02:24:52.440374+00:00,2,11,KRW-OPEN,0.00583090
2026-09-02T02:24:52.440374+00:00,2,11,KRW-SKR,0.00687285
2026-09-02T02:24:52.440374+00:00,2,11,KRW-MET2,0.00380952
2026-09-02T02:24:52.440374+00:00,2,11,KRW-FF,0.00732601
2026-09-02T02:24:52.440374+00:00,2,11,KRW-KAT,0.00163532
2026-09-02T02:24:52.440374+00:00,2,11,KRW-W,0.00754717
2026-09-02T02:24:52.440374+00:00,2,11,KRW-PENDLE,0.00202552
2026-09-02T02:24:52.440374+00:00,2,11,KRW-SPK,0.00357782
2026-09-02T02:24:52.440374+00:00,2,11,KRW-PYTH,0.00277008
2026-09-02T02:24:52.440374+00:00,2,11,KRW-STEEM,0.00509771
2026-09-02T02:24:52.440374+00:00,2,11,KRW-COW,0.00586510
2026-09-02T09:30:00.252626+00:00,9,18,KRW-SHIB,0.00141543
2026-09-02T09:30:00.252626+00:00,9,18,KRW-KAITO,0.00483092
2026-09-02T09:30:00.252626+00:00,9,18,KRW-SUI,0.00201816
2026-09-02T09:30:00.252626+00:00,9,18,KRW-MMT,0.00464037
2026-09-02T09:30:00.252626+00:00,9,18,KRW-LINK,0.00196528
2026-09-02T09:30:00.252626+00:00,9,18,KRW-PUMP,0.00343643
2026-09-02T09:30:00.252626+00:00,9,18,KRW-NEAR,0.00039223
2026-09-02T09:30:00.252626+00:00,9,18,KRW-ZBT,0.00896861
2026-09-02T09:30:00.252626+00:00,9,18,KRW-LA,0.00115009
2026-09-02T09:30:00.252626+00:00,9,18,KRW-CHIP,0.00313480
2026-09-02T09:30:00.252626+00:00,9,18,KRW-QUID,0.00338409
2026-09-02T09:30:00.252626+00:00,9,18,KRW-PENGU,0.00873362
2026-09-02T09:30:00.252626+00:00,9,18,KRW-AVAX,0.00101781
2026-09-02T09:30:00.252626+00:00,9,18,KRW-VIRTUAL,0.00104330
2026-09-02T09:30:00.252626+00:00,9,18,KRW-MOVE,0.00858369
2026-09-02T09:30:00.252626+00:00,9,18,KRW-UNI,0.00174469
2026-09-02T09:30:00.252626+00:00,9,18,KRW-PIEVERSE,0.00258065
2026-09-02T09:30:00.252626+00:00,9,18,KRW-PRL,0.00503778
2026-09-02T09:30:00.252626+00:00,9,18,KRW-HBAR,0.00985222
2026-09-02T09:30:00.252626+00:00,9,18,KRW-ONT,0.00275482
2026-09-02T09:30:00.252626+00:00,9,18,KRW-ENSO,0.00251151
2026-09-02T09:30:00.252626+00:00,9,18,KRW-XPL,0.00865801
2026-09-02T09:30:00.252626+00:00,9,18,KRW-SAHARA,0.00873362
2026-09-02T09:30:00.252626+00:00,9,18,KRW-AAVE,0.00228441
2026-09-02T09:30:00.252626+00:00,9,18,KRW-ARX,0.00579710
2026-09-02T09:30:00.252626+00:00,9,18,KRW-TRX,0.00224972
2026-09-02T09:30:00.252626+00:00,9,18,KRW-HOLO,0.00350263
2026-09-02T09:30:00.252626+00:00,9,18,KRW-WLFI,0.00255102
2026-09-02T09:30:00.252626+00:00,9,18,KRW-BCH,0.00148390
2026-09-02T09:30:00.252626+00:00,9,18,KRW-DATA,0.00778210
2026-09-02T09:30:00.252626+00:00,9,18,KRW-PLUME,0.00514139
2026-09-02T09:30:00.252626+00:00,9,18,KRW-ARB,0.00626959
2026-09-02T09:30:00.252626+00:00,9,18,KRW-STORJ,0.00280505
2026-09-02T09:30:00.252626+00:00,9,18,KRW-BONK,0.00182315
2026-09-02T09:30:00.252626+00:00,9,18,KRW-ETC,0.00150716
2026-09-02T09:30:00.252626+00:00,9,18,KRW-ESP,0.00888889
2026-09-02T09:30:00.252626+00:00,9,18,KRW-0G,0.00391389
2026-09-02T09:30:00.252626+00:00,9,18,KRW-META2,0.00828729
2026-09-02T09:30:00.252626+00:00,9,18,KRW-BSB,0.01360544
2026-09-02T09:30:00.252626+00:00,9,18,KRW-ERA,0.00124766
2026-09-02T09:30:00.252626+00:00,9,18,KRW-MIRA,0.00326797
2026-09-02T09:30:00.252626+00:00,9,18,KRW-SAND,0.00199800
2026-09-02T09:30:00.252626+00:00,9,18,KRW-PEPE,0.00211640
2026-09-02T09:30:00.252626+00:00,9,18,KRW-POL,0.00803213
2026-09-02T09:30:00.252626+00:00,9,18,KRW-STX,0.00284495
2026-09-02T09:30:00.252626+00:00,9,18,KRW-IRYS,0.00542005
2026-09-02T09:30:00.252626+00:00,9,18,KRW-AXS,0.00237812
2026-09-02T09:30:00.252626+00:00,9,18,KRW-TAO,0.00100150
2026-09-02T09:30:00.252626+00:00,9,18,KRW-ALGO,0.00809717
2026-09-02T09:30:00.252626+00:00,9,18,KRW-JTO,0.00171086
2026-09-02T09:30:00.252626+00:00,9,18,KRW-CC,0.00647249
2026-09-02T09:30:00.252626+00:00,9,18,KRW-BIRB,0.00252207
2026-09-02T09:30:00.252626+00:00,9,18,KRW-ME,0.00236686
2026-09-02T09:30:00.252626+00:00,9,18,KRW-SEI,0.00309119
2026-09-02T09:30:00.252626+00:00,9,18,KRW-ENS,0.00198873
2026-09-02T09:30:00.252626+00:00,9,18,KRW-ZRO,0.00426743
2026-09-02T09:30:00.252626+00:00,9,18,KRW-TRUMP,0.00162522
2026-09-02T09:30:00.252626+00:00,9,18,KRW-XEC,0.00319319
2026-09-02T09:30:00.252626+00:00,9,18,KRW-RVN,0.01036269
2026-09-02T09:30:00.252626+00:00,9,18,KRW-ZAMA,0.00291971
2026-09-02T09:30:00.252626+00:00,9,18,KRW-GEOD,0.00328407
2026-09-02T09:30:00.252626+00:00,9,18,KRW-AKT,0.00433213
2026-09-02T09:30:00.252626+00:00,9,18,KRW-FIL,0.00278164
2026-09-02T09:30:00.252626+00:00,9,18,KRW-APT,0.00260417
2026-09-02T09:30:00.252626+00:00,9,18,KRW-DRV,0.00516796
2026-09-02T09:30:00.252626+00:00,9,18,KRW-ID,0.00226501
2026-09-02T09:30:00.252626+00:00,9,18,KRW-SOON,0.00399202
2026-09-02T09:30:00.252626+00:00,9,18,KRW-O,0.00269179
2026-09-02T09:30:00.252626+00:00,9,18,KRW-AVNT,0.00716846
2026-09-02T09:30:00.252626+00:00,9,18,KRW-TREE,0.00366972
2026-09-02T09:30:00.252626+00:00,9,18,KRW-KITE,0.00536193
2026-09-02T09:30:00.252626+00:00,9,18,KRW-BLEND,0.00235018
2026-09-02T09:30:00.252626+00:00,9,18,KRW-MANTRA,0.00166806
2026-09-02T09:30:00.252626+00:00,9,18,KRW-CFG,0.00668896
2026-09-02T09:30:00.252626+00:00,9,18,KRW-GAS,0.00241109
2026-09-02T09:30:00.252626+00:00,9,18,KRW-BERA,0.00410678
2026-09-02T09:30:00.252626+00:00,9,18,KRW-MEGA,0.00197433
2026-09-02T09:30:00.252626+00:00,9,18,KRW-SOPH,0.00278164
2026-09-02T09:30:00.252626+00:00,9,18,KRW-UP2,0.00282486
2026-09-02T09:30:00.252626+00:00,9,18,KRW-ZORA,0.00966184
2026-09-02T09:30:00.252626+00:00,9,18,KRW-OPG,0.00732601
2026-09-02T09:30:00.252626+00:00,9,18,KRW-BSV,0.00508671
2026-09-02T09:30:00.252626+00:00,9,18,KRW-HYPER,0.00440529
2026-09-02T09:30:00.252626+00:00,9,18,KRW-TRAC,0.00676437
2026-09-02T09:30:00.252626+00:00,9,18,KRW-IN,0.00220507
2026-09-02T09:30:00.252626+00:00,9,18,KRW-ATH,0.00476569
2026-09-02T09:30:00.252626+00:00,9,18,KRW-ETHFI,0.00249377
2026-09-02T09:30:00.252626+00:00,9,18,KRW-MON,0.00564972
2026-09-02T09:30:00.252626+00:00,9,18,KRW-ZIL,0.01162791
2026-09-02T09:30:00.252626+00:00,9,18,KRW-B3,0.00161681
2026-09-02T09:30:00.252626+00:00,9,18,KRW-ELSA,0.00320000
2026-09-02T09:30:00.252626+00:00,9,18,KRW-JUP,0.00338409
2026-09-02T09:30:00.252626+00:00,9,18,KRW-SIGN,0.00772201
2026-09-02T09:30:00.252626+00:00,9,18,KRW-FLOCK,0.00380952
2026-09-02T09:30:00.252626+00:00,9,18,KRW-DEEP,0.00508906
2026-09-02T09:30:00.252626+00:00,9,18,KRW-G,0.00380228
2026-09-02T09:30:00.252626+00:00,9,18,KRW-INJ,0.00071454
2026-09-02T09:30:00.252626+00:00,9,18,KRW-VVV,0.00407332
2026-09-02T09:30:00.252626+00:00,9,18,KRW-BIGTIME,0.00112423
2026-09-02T09:30:00.252626+00:00,9,18,KRW-BIO,0.00573066
2026-09-02T09:30:00.252626+00:00,9,18,KRW-RENDER,0.00102564
2026-09-02T09:30:00.252626+00:00,9,18,KRW-BARD,0.00593472
2026-09-02T09:30:00.252626+00:00,9,18,KRW-CHZ,0.00547945
2026-09-02T09:30:00.252626+00:00,9,18,KRW-LSK,0.00732601
2026-09-02T09:30:00.252626+00:00,9,18,KRW-CRO,0.00266312
2026-09-02T09:30:00.252626+00:00,9,18,KRW-VANA,0.00411015
2026-09-02T09:30:00.252626+00:00,9,18,KRW-LAYER,0.00214592
2026-09-02T09:30:00.252626+00:00,9,18,KRW-RED,0.00655738
2026-09-02T09:30:00.252626+00:00,9,18,KRW-DOT,0.00254994
2026-09-02T09:30:00.252626+00:00,9,18,KRW-ATOM,0.00200000
2026-09-02T09:30:00.252626+00:00,9,18,KRW-DOOD,0.01092896
2026-09-02T09:30:00.252626+00:00,9,18,KRW-XAUT,0.00135044
2026-09-02T09:30:00.252626+00:00,9,18,KRW-BORA,0.00328407
2026-09-02T09:30:00.252626+00:00,9,18,KRW-AWE,0.00118273
2026-09-02T09:30:00.252626+00:00,9,18,KRW-WAVES,0.00671141
2026-09-02T09:30:00.252626+00:00,9,18,KRW-ZKP,0.00323102
2026-09-02T09:30:00.252626+00:00,9,18,KRW-EDGE,0.00965147
2026-09-02T09:30:00.252626+00:00,9,18,KRW-ELF,0.00457666
2026-09-02T09:30:00.252626+00:00,9,18,KRW-AI,0.00378072
2026-09-02T09:30:00.252626+00:00,9,18,KRW-SNT,0.00563380
2026-09-02T09:30:00.252626+00:00,9,18,KRW-OPEN,0.00589971
2026-09-02T09:30:00.252626+00:00,9,18,KRW-SKR,0.00666667
2026-09-02T09:30:00.252626+00:00,9,18,KRW-MET2,0.00378072
2026-09-02T09:30:00.252626+00:00,9,18,KRW-FF,0.00687285
2026-09-02T09:30:00.252626+00:00,9,18,KRW-KAT,0.00493016
2026-09-02T09:30:00.252626+00:00,9,18,KRW-W,0.01515152
2026-09-02T09:30:00.252626+00:00,9,18,KRW-PENDLE,0.00160966
2026-09-02T09:30:00.252626+00:00,9,18,KRW-SPK,0.00365631
2026-09-02T09:30:00.252626+00:00,9,18,KRW-PYTH,0.00132714
2026-09-02T09:30:00.252626+00:00,9,18,KRW-STEEM,0.00337268
2026-09-02T09:30:00.252626+00:00,9,18,KRW-COW,0.01142857
2026-09-02T09:31:02.930194+00:00,9,18,KRW-SHIB,0.00141743
2026-09-02T09:31:02.930194+00:00,9,18,KRW-KAITO,0.00241838
2026-09-02T09:31:02.930194+00:00,9,18,KRW-SUI,0.00101163
2026-09-02T09:31:02.930194+00:00,9,18,KRW-MMT,0.00930233
2026-09-02T09:31:02.930194+00:00,9,18,KRW-LINK,0.00065638
2026-09-02T09:31:02.930194+00:00,9,18,KRW-PUMP,0.00344234
2026-09-02T09:31:02.930194+00:00,9,18,KRW-NEAR,0.00039300
2026-09-02T09:31:02.930194+00:00,9,18,KRW-ZBT,0.00896861
2026-09-02T09:31:02.930194+00:00,9,18,KRW-LA,0.00229095
2026-09-02T09:31:02.930194+00:00,9,18,KRW-CHIP,0.00314465
2026-09-02T09:31:02.930194+00:00,9,18,KRW-QUID,0.00338409
2026-09-02T09:31:02.930194+00:00,9,18,KRW-PENGU,0.00873362
2026-09-02T09:31:02.930194+00:00,9,18,KRW-AVAX,0.00050981
2026-09-02T09:31:02.930194+00:00,9,18,KRW-VIRTUAL,0.00314630
2026-09-02T09:31:02.930194+00:00,9,18,KRW-MOVE,0.00858369
2026-09-02T09:31:02.930194+00:00,9,18,KRW-UNI,0.00175285
2026-09-02T09:31:02.930194+00:00,9,18,KRW-PIEVERSE,0.00257898
2026-09-02T09:31:02.930194+00:00,9,18,KRW-PRL,0.00503778
2026-09-02T09:31:02.930194+00:00,9,18,KRW-HBAR,0.00985222
2026-09-02T09:31:02.930194+00:00,9,18,KRW-ONT,0.00275482
2026-09-02T09:31:02.930194+00:00,9,18,KRW-ENSO,0.00251362
2026-09-02T09:31:02.930194+00:00,9,18,KRW-XPL,0.00873362
2026-09-02T09:31:02.930194+00:00,9,18,KRW-SAHARA,0.00873362
2026-09-02T09:31:02.930194+00:00,9,18,KRW-AAVE,0.00057225
2026-09-02T09:31:02.930194+00:00,9,18,KRW-ARX,0.00579710
2026-09-02T09:31:02.930194+00:00,9,18,KRW-TRX,0.00224972
2026-09-02T09:31:02.930194+00:00,9,18,KRW-HOLO,0.00117028
2026-09-02T09:31:02.930194+00:00,9,18,KRW-WLFI,0.00255428
2026-09-02T09:31:02.930194+00:00,9,18,KRW-BCH,0.00148743
2026-09-02T09:31:02.930194+00:00,9,18,KRW-DATA,0.00389864
2026-09-02T09:31:02.930194+00:00,9,18,KRW-PLUME,0.00514139
2026-09-02T09:31:02.930194+00:00,9,18,KRW-ARB,0.00626959
2026-09-02T09:31:02.930194+00:00,9,18,KRW-STORJ,0.00281294
2026-09-02T09:31:02.930194+00:00,9,18,KRW-BONK,0.00181984
2026-09-02T09:31:02.930194+00:00,9,18,KRW-ETC,0.00100503
2026-09-02T09:31:02.930194+00:00,9,18,KRW-ESP,0.00888889
2026-09-02T09:31:02.930194+00:00,9,18,KRW-0G,0.00391389
2026-09-02T09:31:02.930194+00:00,9,18,KRW-META2,0.00621762
2026-09-02T09:31:02.930194+00:00,9,18,KRW-BSB,0.01360544
2026-09-02T09:31:02.930194+00:00,9,18,KRW-ERA,0.00249688
2026-09-02T09:31:02.930194+00:00,9,18,KRW-MIRA,0.00326797
2026-09-02T09:31:02.930194+00:00,9,18,KRW-SAND,0.00200200
2026-09-02T09:31:02.930194+00:00,9,18,KRW-PEPE,0.00423729
2026-09-02T09:31:02.930194+00:00,9,18,KRW-POL,0.00803213
2026-09-02T09:31:02.930194+00:00,9,18,KRW-STX,0.00284495
2026-09-02T09:31:02.930194+00:00,9,18,KRW-IRYS,0.00542005
2026-09-02T09:31:02.930194+00:00,9,18,KRW-AXS,0.00079460
2026-09-02T09:31:02.930194+00:00,9,18,KRW-TAO,0.00033450
2026-09-02T09:31:02.930194+00:00,9,18,KRW-ALGO,0.00809717
2026-09-02T09:31:02.930194+00:00,9,18,KRW-JTO,0.00342466
2026-09-02T09:31:02.930194+00:00,9,18,KRW-CC,0.00647249
2026-09-02T09:31:02.930194+00:00,9,18,KRW-BIRB,0.00505051
2026-09-02T09:31:02.930194+00:00,9,18,KRW-ME,0.00355240
2026-09-02T09:31:02.930194+00:00,9,18,KRW-SEI,0.00309598
2026-09-02T09:31:02.930194+00:00,9,18,KRW-ENS,0.00132714
2026-09-02T09:31:02.930194+00:00,9,18,KRW-ZRO,0.00214362
2026-09-02T09:31:02.930194+00:00,9,18,KRW-TRUMP,0.00065168
2026-09-02T09:31:02.930194+00:00,9,18,KRW-XEC,0.00319319
2026-09-02T09:31:02.930194+00:00,9,18,KRW-RVN,0.00776197
2026-09-02T09:31:02.930194+00:00,9,18,KRW-ZAMA,0.00438276
2026-09-02T09:31:02.930194+00:00,9,18,KRW-GEOD,0.00328407
2026-09-02T09:31:02.930194+00:00,9,18,KRW-AKT,0.00578035
2026-09-02T09:31:02.930194+00:00,9,18,KRW-FIL,0.00278422
2026-09-02T09:31:02.930194+00:00,9,18,KRW-APT,0.00130634
2026-09-02T09:31:02.930194+00:00,9,18,KRW-DRV,0.00516796
2026-09-02T09:31:02.930194+00:00,9,18,KRW-ID,0.00454545
2026-09-02T09:31:02.930194+00:00,9,18,KRW-SOON,0.00399202
2026-09-02T09:31:02.930194+00:00,9,18,KRW-O,0.00404585
2026-09-02T09:31:02.930194+00:00,9,18,KRW-AVNT,0.00716846
2026-09-02T09:31:02.930194+00:00,9,18,KRW-TREE,0.00367647
2026-09-02T09:31:02.930194+00:00,9,18,KRW-KITE,0.00536193
2026-09-02T09:31:02.930194+00:00,9,18,KRW-BLEND,0.00235018
2026-09-02T09:31:02.930194+00:00,9,18,KRW-MANTRA,0.00166528
2026-09-02T09:31:02.930194+00:00,9,18,KRW-CFG,0.01351351
2026-09-02T09:31:02.930194+00:00,9,18,KRW-GAS,0.00181105
2026-09-02T09:31:02.930194+00:00,9,18,KRW-BERA,0.00412371
2026-09-02T09:31:02.930194+00:00,9,18,KRW-MEGA,0.00395257
2026-09-02T09:31:02.930194+00:00,9,18,KRW-SOPH,0.00139179
2026-09-02T09:31:02.930194+00:00,9,18,KRW-UP2,0.00282486
2026-09-02T09:31:02.930194+00:00,9,18,KRW-ZORA,0.00966184
2026-09-02T09:31:02.930194+00:00,9,18,KRW-OPG,0.00732601
2026-09-02T09:31:02.930194+00:00,9,18,KRW-BSV,0.00323999
2026-09-02T09:31:02.930194+00:00,9,18,KRW-HYPER,0.00551572
2026-09-02T09:31:02.930194+00:00,9,18,KRW-TRAC,0.00676437
2026-09-02T09:31:02.930194+00:00,9,18,KRW-IN,0.00441501
2026-09-02T09:31:02.930194+00:00,9,18,KRW-ATH,0.00318471
2026-09-02T09:31:02.930194+00:00,9,18,KRW-ETHFI,0.00249688
2026-09-02T09:31:02.930194+00:00,9,18,KRW-MON,0.00282087
2026-09-02T09:31:02.930194+00:00,9,18,KRW-ZIL,0.00873362
2026-09-02T09:31:02.930194+00:00,9,18,KRW-B3,0.00161681
2026-09-02T09:31:02.930194+00:00,9,18,KRW-ELSA,0.00320513
2026-09-02T09:31:02.930194+00:00,9,18,KRW-JUP,0.00677966
2026-09-02T09:31:02.930194+00:00,9,18,KRW-SIGN,0.00766284
2026-09-02T09:31:02.930194+00:00,9,18,KRW-FLOCK,0.00191022
2026-09-02T09:31:02.930194+00:00,9,18,KRW-DEEP,0.00508906
2026-09-02T09:31:02.930194+00:00,9,18,KRW-G,0.00190295
2026-09-02T09:31:02.930194+00:00,9,18,KRW-INJ,0.00143164
2026-09-02T09:31:02.930194+00:00,9,18,KRW-VVV,0.00181406
2026-09-02T09:31:02.930194+00:00,9,18,KRW-BIGTIME,0.00225479
2026-09-02T09:31:02.930194+00:00,9,18,KRW-BIO,0.00574713
2026-09-02T09:31:02.930194+00:00,9,18,KRW-RENDER,0.00051348
2026-09-02T09:31:02.930194+00:00,9,18,KRW-BARD,0.00593472
2026-09-02T09:31:02.930194+00:00,9,18,KRW-CHZ,0.00547945
2026-09-02T09:31:02.930194+00:00,9,18,KRW-LSK,0.00732601
2026-09-02T09:31:02.930194+00:00,9,18,KRW-CRO,0.00266312
2026-09-02T09:31:02.930194+00:00,9,18,KRW-VANA,0.00246812
2026-09-02T09:31:02.930194+00:00,9,18,KRW-LAYER,0.00107354
2026-09-02T09:31:02.930194+00:00,9,18,KRW-RED,0.00655738
2026-09-02T09:31:02.930194+00:00,9,18,KRW-DOT,0.00255428
2026-09-02T09:31:02.930194+00:00,9,18,KRW-ATOM,0.00400400
2026-09-02T09:31:02.930194+00:00,9,18,KRW-DOOD,0.00544959
2026-09-02T09:31:02.930194+00:00,9,18,KRW-XAUT,0.00135044
2026-09-02T09:31:02.930194+00:00,9,18,KRW-BORA,0.00328407
2026-09-02T09:31:02.930194+00:00,9,18,KRW-AWE,0.00236407
2026-09-02T09:31:02.930194+00:00,9,18,KRW-WAVES,0.00671141
2026-09-02T09:31:02.930194+00:00,9,18,KRW-ZKP,0.00324149
2026-09-02T09:31:02.930194+00:00,9,18,KRW-EDGE,0.00322754
2026-09-02T09:31:02.930194+00:00,9,18,KRW-ELF,0.00229095
2026-09-02T09:31:02.930194+00:00,9,18,KRW-AI,0.00378072
2026-09-02T09:31:02.930194+00:00,9,18,KRW-SNT,0.00563380
2026-09-02T09:31:02.930194+00:00,9,18,KRW-OPEN,0.00589971
2026-09-02T09:31:02.930194+00:00,9,18,KRW-SKR,0.00330579
2026-09-02T09:31:02.930194+00:00,9,18,KRW-MET2,0.00757576
2026-09-02T09:31:02.930194+00:00,9,18,KRW-FF,0.00682594
2026-09-02T09:31:02.930194+00:00,9,18,KRW-KAT,0.00164609
2026-09-02T09:31:02.930194+00:00,9,18,KRW-W,0.00760456
2026-09-02T09:31:02.930194+00:00,9,18,KRW-PENDLE,0.00120992
2026-09-02T09:31:02.930194+00:00,9,18,KRW-SPK,0.00368324
2026-09-02T09:31:02.930194+00:00,9,18,KRW-PYTH,0.00265604
2026-09-02T09:31:02.930194+00:00,9,18,KRW-STEEM,0.00506329
2026-09-02T09:31:02.930194+00:00,9,18,KRW-COW,0.00573066
2026-09-02T09:32:05.654387+00:00,9,18,KRW-SHIB,0.00141945
2026-09-02T09:32:05.654387+00:00,9,18,KRW-KAITO,0.00241838
2026-09-02T09:32:05.654387+00:00,9,18,KRW-SUI,0.00202429
2026-09-02T09:32:05.654387+00:00,9,18,KRW-MMT,0.00466200
2026-09-02T09:32:05.654387+00:00,9,18,KRW-LINK,0.00131406
2026-09-02T09:32:05.654387+00:00,9,18,KRW-PUMP,0.00344234
2026-09-02T09:32:05.654387+00:00,9,18,KRW-NEAR,0.00118041
2026-09-02T09:32:05.654387+00:00,9,18,KRW-ZBT,0.00896861
2026-09-02T09:32:05.654387+00:00,9,18,KRW-LA,0.00114877
2026-09-02T09:32:05.654387+00:00,9,18,KRW-CHIP,0.00315956
2026-09-02T09:32:05.654387+00:00,9,18,KRW-QUID,0.00338409
2026-09-02T09:32:05.654387+00:00,9,18,KRW-PENGU,0.00873362
2026-09-02T09:32:05.654387+00:00,9,18,KRW-AVAX,0.00051033
2026-09-02T09:32:05.654387+00:00,9,18,KRW-VIRTUAL,0.00209644
2026-09-02T09:32:05.654387+00:00,9,18,KRW-MOVE,0.00858369
2026-09-02T09:32:05.654387+00:00,9,18,KRW-UNI,0.00175490
2026-09-02T09:32:05.654387+00:00,9,18,KRW-PIEVERSE,0.00193861
2026-09-02T09:32:05.654387+00:00,9,18,KRW-PRL,0.00503778
2026-09-02T09:32:05.654387+00:00,9,18,KRW-HBAR,0.00985222
2026-09-02T09:32:05.654387+00:00,9,18,KRW-ONT,0.00275482
2026-09-02T09:32:05.654387+00:00,9,18,KRW-ENSO,0.00335008
2026-09-02T09:32:05.654387+00:00,9,18,KRW-XPL,0.00873362
2026-09-02T09:32:05.654387+00:00,9,18,KRW-SAHARA,0.00873362
2026-09-02T09:32:05.654387+00:00,9,18,KRW-AAVE,0.00057323
2026-09-02T09:32:05.654387+00:00,9,18,KRW-ARX,0.00579710
2026-09-02T09:32:05.654387+00:00,9,18,KRW-TRX,0.00224972
2026-09-02T09:32:05.654387+00:00,9,18,KRW-HOLO,0.00117165
2026-09-02T09:32:05.654387+00:00,9,18,KRW-WLFI,0.00255428
2026-09-02T09:32:05.654387+00:00,9,18,KRW-BCH,0.00148743
2026-09-02T09:32:05.654387+00:00,9,18,KRW-DATA,0.00388350
2026-09-02T09:32:05.654387+00:00,9,18,KRW-PLUME,0.00516796
2026-09-02T09:32:05.654387+00:00,9,18,KRW-ARB,0.00626959
2026-09-02T09:32:05.654387+00:00,9,18,KRW-STORJ,0.00422238
2026-09-02T09:32:05.654387+00:00,9,18,KRW-BONK,0.00546946
2026-09-02T09:32:05.654387+00:00,9,18,KRW-ETC,0.00150867
2026-09-02T09:32:05.654387+00:00,9,18,KRW-ESP,0.00888889
2026-09-02T09:32:05.654387+00:00,9,18,KRW-0G,0.00391389
2026-09-02T09:32:05.654387+00:00,9,18,KRW-META2,0.00621762
2026-09-02T09:32:05.654387+00:00,9,18,KRW-BSB,0.01360544
2026-09-02T09:32:05.654387+00:00,9,18,KRW-ERA,0.00374298
2026-09-02T09:32:05.654387+00:00,9,18,KRW-MIRA,0.00324675
2026-09-02T09:32:05.654387+00:00,9,18,KRW-SAND,0.00201005
2026-09-02T09:32:05.654387+00:00,9,18,KRW-PEPE,0.00212089
2026-09-02T09:32:05.654387+00:00,9,18,KRW-POL,0.00803213
2026-09-02T09:32:05.654387+00:00,9,18,KRW-STX,0.00284495
2026-09-02T09:32:05.654387+00:00,9,18,KRW-IRYS,0.00542005
2026-09-02T09:32:05.654387+00:00,9,18,KRW-AXS,0.00079523
2026-09-02T09:32:05.654387+00:00,9,18,KRW-TAO,0.00066912
2026-09-02T09:32:05.654387+00:00,9,18,KRW-ALGO,0.00809717
2026-09-02T09:32:05.654387+00:00,9,18,KRW-JTO,0.00342466
2026-09-02T09:32:05.654387+00:00,9,18,KRW-CC,0.00647249
2026-09-02T09:32:05.654387+00:00,9,18,KRW-BIRB,0.00379027
2026-09-02T09:32:05.654387+00:00,9,18,KRW-ME,0.00236967
2026-09-02T09:32:05.654387+00:00,9,18,KRW-SEI,0.00309598
2026-09-02T09:32:05.654387+00:00,9,18,KRW-ENS,0.00066423
2026-09-02T09:32:05.654387+00:00,9,18,KRW-ZRO,0.00357526
2026-09-02T09:32:05.654387+00:00,9,18,KRW-TRUMP,0.00065168
2026-09-02T09:32:05.654387+00:00,9,18,KRW-XEC,0.00319319
2026-09-02T09:32:05.654387+00:00,9,18,KRW-RVN,0.00776197
2026-09-02T09:32:05.654387+00:00,9,18,KRW-ZAMA,0.00292398
2026-09-02T09:32:05.654387+00:00,9,18,KRW-GEOD,0.00328407
2026-09-02T09:32:05.654387+00:00,9,18,KRW-AKT,0.00578035
2026-09-02T09:32:05.654387+00:00,9,18,KRW-FIL,0.00185874
2026-09-02T09:32:05.654387+00:00,9,18,KRW-APT,0.00130634
2026-09-02T09:32:05.654387+00:00,9,18,KRW-DRV,0.00516796
2026-09-02T09:32:05.654387+00:00,9,18,KRW-ID,0.00454545
2026-09-02T09:32:05.654387+00:00,9,18,KRW-SOON,0.00399202
2026-09-02T09:32:05.654387+00:00,9,18,KRW-O,0.00269906
2026-09-02T09:32:05.654387+00:00,9,18,KRW-AVNT,0.00716846
2026-09-02T09:32:05.654387+00:00,9,18,KRW-TREE,0.00550964
2026-09-02T09:32:05.654387+00:00,9,18,KRW-KITE,0.00539084
2026-09-02T09:32:05.654387+00:00,9,18,KRW-BLEND,0.00235571
2026-09-02T09:32:05.654387+00:00,9,18,KRW-MANTRA,0.00166528
2026-09-02T09:32:05.654387+00:00,9,18,KRW-CFG,0.00677966
2026-09-02T09:32:05.654387+00:00,9,18,KRW-GAS,0.00181105
2026-09-02T09:32:05.654387+00:00,9,18,KRW-BERA,0.00826446
2026-09-02T09:32:05.654387+00:00,9,18,KRW-MEGA,0.00197433
2026-09-02T09:32:05.654387+00:00,9,18,KRW-SOPH,0.00138026
2026-09-02T09:32:05.654387+00:00,9,18,KRW-UP2,0.00282486
2026-09-02T09:32:05.654387+00:00,9,18,KRW-ZORA,0.00966184
2026-09-02T09:32:05.654387+00:00,9,18,KRW-OPG,0.00732601
2026-09-02T09:32:05.654387+00:00,9,18,KRW-BSV,0.00231535
2026-09-02T09:32:05.654387+00:00,9,18,KRW-HYPER,0.00441989
2026-09-02T09:32:05.654387+00:00,9,18,KRW-TRAC,0.00902935
2026-09-02T09:32:05.654387+00:00,9,18,KRW-IN,0.00441501
2026-09-02T09:32:05.654387+00:00,9,18,KRW-ATH,0.00318471
2026-09-02T09:32:05.654387+00:00,9,18,KRW-ETHFI,0.00124922
2026-09-02T09:32:05.654387+00:00,9,18,KRW-MON,0.00282087
2026-09-02T09:32:05.654387+00:00,9,18,KRW-ZIL,0.00873362
2026-09-02T09:32:05.654387+00:00,9,18,KRW-B3,0.00161681
2026-09-02T09:32:05.654387+00:00,9,18,KRW-ELSA,0.00320513
2026-09-02T09:32:05.654387+00:00,9,18,KRW-JUP,0.00677966
2026-09-02T09:32:05.654387+00:00,9,18,KRW-SIGN,0.00766284
2026-09-02T09:32:05.654387+00:00,9,18,KRW-FLOCK,0.00380952
2026-09-02T09:32:05.654387+00:00,9,18,KRW-DEEP,0.00508906
2026-09-02T09:32:05.654387+00:00,9,18,KRW-G,0.00190658
2026-09-02T09:32:05.654387+00:00,9,18,KRW-INJ,0.00213295
2026-09-02T09:32:05.654387+00:00,9,18,KRW-VVV,0.00272356
2026-09-02T09:32:05.654387+00:00,9,18,KRW-BIGTIME,0.00225479
2026-09-02T09:32:05.654387+00:00,9,18,KRW-BIO,0.00574713
2026-09-02T09:32:05.654387+00:00,9,18,KRW-RENDER,0.00051401
2026-09-02T09:32:05.654387+00:00,9,18,KRW-BARD,0.00593472
2026-09-02T09:32:05.654387+00:00,9,18,KRW-CHZ,0.00547945
2026-09-02T09:32:05.654387+00:00,9,18,KRW-LSK,0.00732601
2026-09-02T09:32:05.654387+00:00,9,18,KRW-CRO,0.00399734
2026-09-02T09:32:05.654387+00:00,9,18,KRW-VANA,0.00164609
2026-09-02T09:32:05.654387+00:00,9,18,KRW-LAYER,0.00215054
2026-09-02T09:32:05.654387+00:00,9,18,KRW-RED,0.00655738
2026-09-02T09:32:05.654387+00:00,9,18,KRW-DOT,0.00170503
2026-09-02T09:32:05.654387+00:00,9,18,KRW-ATOM,0.00400400
2026-09-02T09:32:05.654387+00:00,9,18,KRW-DOOD,0.00547945
2026-09-02T09:32:05.654387+00:00,9,18,KRW-XAUT,0.00118153
2026-09-02T09:32:05.654387+00:00,9,18,KRW-BORA,0.00328407
2026-09-02T09:32:05.654387+00:00,9,18,KRW-AWE,0.00118273
2026-09-02T09:32:05.654387+00:00,9,18,KRW-WAVES,0.00671141
2026-09-02T09:32:05.654387+00:00,9,18,KRW-ZKP,0.00161943
2026-09-02T09:32:05.654387+00:00,9,18,KRW-EDGE,0.00322754
2026-09-02T09:32:05.654387+00:00,9,18,KRW-ELF,0.00343446
2026-09-02T09:32:05.654387+00:00,9,18,KRW-AI,0.00378072
2026-09-02T09:32:05.654387+00:00,9,18,KRW-SNT,0.00338409
2026-09-02T09:32:05.654387+00:00,9,18,KRW-OPEN,0.00589971
2026-09-02T09:32:05.654387+00:00,9,18,KRW-SKR,0.00331675
2026-09-02T09:32:05.654387+00:00,9,18,KRW-MET2,0.00757576
2026-09-02T09:32:05.654387+00:00,9,18,KRW-FF,0.00682594
2026-09-02T09:32:05.654387+00:00,9,18,KRW-KAT,0.00164609
2026-09-02T09:32:05.654387+00:00,9,18,KRW-W,0.00760456
2026-09-02T09:32:05.654387+00:00,9,18,KRW-PENDLE,0.00040380
2026-09-02T09:32:05.654387+00:00,9,18,KRW-SPK,0.00368324
2026-09-02T09:32:05.654387+00:00,9,18,KRW-PYTH,0.00398671
2026-09-02T09:32:05.654387+00:00,9,18,KRW-STEEM,0.00336700
2026-09-02T09:32:05.654387+00:00,9,18,KRW-COW,0.00573066
2026-09-02T09:33:08.283421+00:00,9,18,KRW-SHIB,0.00141945
2026-09-02T09:33:08.283421+00:00,9,18,KRW-KAITO,0.00241838
2026-09-02T09:33:08.283421+00:00,9,18,KRW-SUI,0.00202634
2026-09-02T09:33:08.283421+00:00,9,18,KRW-MMT,0.00466200
2026-09-02T09:33:08.283421+00:00,9,18,KRW-LINK,0.00065725
2026-09-02T09:33:08.283421+00:00,9,18,KRW-PUMP,0.00172265
2026-09-02T09:33:08.283421+00:00,9,18,KRW-NEAR,0.00078771
2026-09-02T09:33:08.283421+00:00,9,18,KRW-ZBT,0.00896861
2026-09-02T09:33:08.283421+00:00,9,18,KRW-LA,0.00229621
2026-09-02T09:33:08.283421+00:00,9,18,KRW-CHIP,0.00158103
2026-09-02T09:33:08.283421+00:00,9,18,KRW-QUID,0.00338409
2026-09-02T09:33:08.283421+00:00,9,18,KRW-PENGU,0.00881057
2026-09-02T09:33:08.283421+00:00,9,18,KRW-AVAX,0.00051059
2026-09-02T09:33:08.283421+00:00,9,18,KRW-VIRTUAL,0.00104987
2026-09-02T09:33:08.283421+00:00,9,18,KRW-MOVE,0.00858369
2026-09-02T09:33:08.283421+00:00,9,18,KRW-UNI,0.00117165
2026-09-02T09:33:08.283421+00:00,9,18,KRW-PIEVERSE,0.00194112
2026-09-02T09:33:08.283421+00:00,9,18,KRW-PRL,0.00506329
2026-09-02T09:33:08.283421+00:00,9,18,KRW-HBAR,0.00985222
2026-09-02T09:33:08.283421+00:00,9,18,KRW-ONT,0.00275482
2026-09-02T09:33:08.283421+00:00,9,18,KRW-ENSO,0.00334448
2026-09-02T09:33:08.283421+00:00,9,18,KRW-XPL,0.00873362
2026-09-02T09:33:08.283421+00:00,9,18,KRW-SAHARA,0.00873362
2026-09-02T09:33:08.283421+00:00,9,18,KRW-AAVE,0.00114613
2026-09-02T09:33:08.283421+00:00,9,18,KRW-ARX,0.00579710
2026-09-02T09:33:08.283421+00:00,9,18,KRW-TRX,0.00224972
2026-09-02T09:33:08.283421+00:00,9,18,KRW-HOLO,0.00117165
2026-09-02T09:33:08.283421+00:00,9,18,KRW-WLFI,0.00127796
2026-09-02T09:33:08.283421+00:00,9,18,KRW-BCH,0.00059524
2026-09-02T09:33:08.283421+00:00,9,18,KRW-DATA,0.00388350
2026-09-02T09:33:08.283421+00:00,9,18,KRW-PLUME,0.00516796
2026-09-02T09:33:08.283421+00:00,9,18,KRW-ARB,0.00626959
2026-09-02T09:33:08.283421+00:00,9,18,KRW-STORJ,0.00141143
2026-09-02T09:33:08.283421+00:00,9,18,KRW-BONK,0.00181984
2026-09-02T09:33:08.283421+00:00,9,18,KRW-ETC,0.00251953
2026-09-02T09:33:08.283421+00:00,9,18,KRW-ESP,0.00888889
2026-09-02T09:33:08.283421+00:00,9,18,KRW-0G,0.00391389
2026-09-02T09:33:08.283421+00:00,9,18,KRW-META2,0.00896243
2026-09-02T09:33:08.283421+00:00,9,18,KRW-BSB,0.01360544
2026-09-02T09:33:08.283421+00:00,9,18,KRW-ERA,0.00124766
2026-09-02T09:33:08.283421+00:00,9,18,KRW-MIRA,0.00324149
2026-09-02T09:33:08.283421+00:00,9,18,KRW-SAND,0.00600601
2026-09-02T09:33:08.283421+00:00,9,18,KRW-PEPE,0.00212089
2026-09-02T09:33:08.283421+00:00,9,18,KRW-POL,0.00803213
2026-09-02T09:33:08.283421+00:00,9,18,KRW-STX,0.00285307
2026-09-02T09:33:08.283421+00:00,9,18,KRW-IRYS,0.00542005
2026-09-02T09:33:08.283421+00:00,9,18,KRW-AXS,0.00079586
2026-09-02T09:33:08.283421+00:00,9,18,KRW-TAO,0.00100452
2026-09-02T09:33:08.283421+00:00,9,18,KRW-ALGO,0.00809717
2026-09-02T09:33:08.283421+00:00,9,18,KRW-JTO,0.00171380
2026-09-02T09:33:08.283421+00:00,9,18,KRW-CC,0.00647249
2026-09-02T09:33:08.283421+00:00,9,18,KRW-BIRB,0.00126662
2026-09-02T09:33:08.283421+00:00,9,18,KRW-ME,0.00236967
2026-09-02T09:33:08.283421+00:00,9,18,KRW-SEI,0.00155400
2026-09-02T09:33:08.283421+00:00,9,18,KRW-ENS,0.00132979
2026-09-02T09:33:08.283421+00:00,9,18,KRW-ZRO,0.00357782
2026-09-02T09:33:08.283421+00:00,9,18,KRW-TRUMP,0.00097863
2026-09-02T09:33:08.283421+00:00,9,18,KRW-XEC,0.00319319
2026-09-02T09:33:08.283421+00:00,9,18,KRW-RVN,0.00776197
2026-09-02T09:33:08.283421+00:00,9,18,KRW-ZAMA,0.00292826
2026-09-02T09:33:08.283421+00:00,9,18,KRW-GEOD,0.00328407
2026-09-02T09:33:08.283421+00:00,9,18,KRW-AKT,0.00578035
2026-09-02T09:33:08.283421+00:00,9,18,KRW-FIL,0.00185874
2026-09-02T09:33:08.283421+00:00,9,18,KRW-APT,0.00130804
2026-09-02T09:33:08.283421+00:00,9,18,KRW-DRV,0.00516796
2026-09-02T09:33:08.283421+00:00,9,18,KRW-ID,0.00454545
2026-09-02T09:33:08.283421+00:00,9,18,KRW-SOON,0.00399202
2026-09-02T09:33:08.283421+00:00,9,18,KRW-O,0.00405132
2026-09-02T09:33:08.283421+00:00,9,18,KRW-AVNT,0.00716846
2026-09-02T09:33:08.283421+00:00,9,18,KRW-TREE,0.00183318
2026-09-02T09:33:08.283421+00:00,9,18,KRW-KITE,0.00536193
2026-09-02T09:33:08.283421+00:00,9,18,KRW-BLEND,0.00471143
2026-09-02T09:33:08.283421+00:00,9,18,KRW-MANTRA,0.00166528
2026-09-02T09:33:08.283421+00:00,9,18,KRW-CFG,0.00677966
2026-09-02T09:33:08.283421+00:00,9,18,KRW-GAS,0.00120773
2026-09-02T09:33:08.283421+00:00,9,18,KRW-BERA,0.00826446
2026-09-02T09:33:08.283421+00:00,9,18,KRW-MEGA,0.00197433
2026-09-02T09:33:08.283421+00:00,9,18,KRW-SOPH,0.00137836
2026-09-02T09:33:08.283421+00:00,9,18,KRW-UP2,0.00282486
2026-09-02T09:33:08.283421+00:00,9,18,KRW-ZORA,0.00975610
2026-09-02T09:33:08.283421+00:00,9,18,KRW-OPG,0.00732601
2026-09-02T09:33:08.283421+00:00,9,18,KRW-BSV,0.00231535
2026-09-02T09:33:08.283421+00:00,9,18,KRW-HYPER,0.00552181
2026-09-02T09:33:08.283421+00:00,9,18,KRW-TRAC,0.00902935
2026-09-02T09:33:08.283421+00:00,9,18,KRW-IN,0.00441501
2026-09-02T09:33:08.283421+00:00,9,18,KRW-ATH,0.00159109
2026-09-02T09:33:08.283421+00:00,9,18,KRW-ETHFI,0.00124922
2026-09-02T09:33:08.283421+00:00,9,18,KRW-MON,0.00282087
2026-09-02T09:33:08.283421+00:00,9,18,KRW-ZIL,0.00581395
2026-09-02T09:33:08.283421+00:00,9,18,KRW-B3,0.00324675
2026-09-02T09:33:08.283421+00:00,9,18,KRW-ELSA,0.00320513
2026-09-02T09:33:08.283421+00:00,9,18,KRW-JUP,0.00677966
2026-09-02T09:33:08.283421+00:00,9,18,KRW-SIGN,0.00772201
2026-09-02T09:33:08.283421+00:00,9,18,KRW-FLOCK,0.00383877
2026-09-02T09:33:08.283421+00:00,9,18,KRW-DEEP,0.00508906
2026-09-02T09:33:08.283421+00:00,9,18,KRW-G,0.00190658
2026-09-02T09:33:08.283421+00:00,9,18,KRW-INJ,0.00354484
2026-09-02T09:33:08.283421+00:00,9,18,KRW-VVV,0.00272356
2026-09-02T09:33:08.283421+00:00,9,18,KRW-BIGTIME,0.00112676
2026-09-02T09:33:08.283421+00:00,9,18,KRW-BIO,0.00287770
2026-09-02T09:33:08.283421+00:00,9,18,KRW-RENDER,0.00051401
2026-09-02T09:33:08.283421+00:00,9,18,KRW-BARD,0.00593472
2026-09-02T09:33:08.283421+00:00,9,18,KRW-CHZ,0.00547945
2026-09-02T09:33:08.283421+00:00,9,18,KRW-LSK,0.00732601
2026-09-02T09:33:08.283421+00:00,9,18,KRW-CRO,0.00133422
2026-09-02T09:33:08.283421+00:00,9,18,KRW-VANA,0.00164609
2026-09-02T09:33:08.283421+00:00,9,18,KRW-LAYER,0.00215054
2026-09-02T09:33:08.283421+00:00,9,18,KRW-RED,0.00655738
2026-09-02T09:33:08.283421+00:00,9,18,KRW-DOT,0.00170358
2026-09-02T09:33:08.283421+00:00,9,18,KRW-ATOM,0.00200200
2026-09-02T09:33:08.283421+00:00,9,18,KRW-DOOD,0.00547945
2026-09-02T09:33:08.283421+00:00,9,18,KRW-XAUT,0.00118153
2026-09-02T09:33:08.283421+00:00,9,18,KRW-BORA,0.00329489
2026-09-02T09:33:08.283421+00:00,9,18,KRW-AWE,0.00118273
2026-09-02T09:33:08.283421+00:00,9,18,KRW-WAVES,0.00671141
2026-09-02T09:33:08.283421+00:00,9,18,KRW-ZKP,0.00161943
2026-09-02T09:33:08.283421+00:00,9,18,KRW-EDGE,0.00322754
2026-09-02T09:33:08.283421+00:00,9,18,KRW-ELF,0.00343446
2026-09-02T09:33:08.283421+00:00,9,18,KRW-AI,0.00378072
2026-09-02T09:33:08.283421+00:00,9,18,KRW-SNT,0.00338409
2026-09-02T09:33:08.283421+00:00,9,18,KRW-OPEN,0.00589971
2026-09-02T09:33:08.283421+00:00,9,18,KRW-SKR,0.00332779
2026-09-02T09:33:08.283421+00:00,9,18,KRW-MET2,0.00378072
2026-09-02T09:33:08.283421+00:00,9,18,KRW-FF,0.00677966
2026-09-02T09:33:08.283421+00:00,9,18,KRW-KAT,0.00164609
2026-09-02T09:33:08.283421+00:00,9,18,KRW-W,0.00760456
2026-09-02T09:33:08.283421+00:00,9,18,KRW-PENDLE,0.00080808
2026-09-02T09:33:08.283421+00:00,9,18,KRW-SPK,0.00368324
2026-09-02T09:33:08.283421+00:00,9,18,KRW-PYTH,0.00266667
2026-09-02T09:33:08.283421+00:00,9,18,KRW-STEEM,0.00337268
2026-09-02T09:33:08.283421+00:00,9,18,KRW-COW,0.01149425
2026-09-02T09:34:10.794018+00:00,9,18,KRW-SHIB,0.00141945
2026-09-02T09:34:10.794018+00:00,9,18,KRW-KAITO,0.00241838
2026-09-02T09:34:10.794018+00:00,9,18,KRW-SUI,0.00202224
2026-09-02T09:34:10.794018+00:00,9,18,KRW-MMT,0.00464037
2026-09-02T09:34:10.794018+00:00,9,18,KRW-LINK,0.00197174
2026-09-02T09:34:10.794018+00:00,9,18,KRW-PUMP,0.00344234
2026-09-02T09:34:10.794018+00:00,9,18,KRW-NEAR,0.00157480
2026-09-02T09:34:10.794018+00:00,9,18,KRW-ZBT,0.00896861
2026-09-02T09:34:10.794018+00:00,9,18,KRW-LA,0.00113701
2026-09-02T09:34:10.794018+00:00,9,18,KRW-CHIP,0.00315956
2026-09-02T09:34:10.794018+00:00,9,18,KRW-QUID,0.00338409
2026-09-02T09:34:10.794018+00:00,9,18,KRW-PENGU,0.00873362
2026-09-02T09:34:10.794018+00:00,9,18,KRW-AVAX,0.00102093
2026-09-02T09:34:10.794018+00:00,9,18,KRW-VIRTUAL,0.00105208
2026-09-02T09:34:10.794018+00:00,9,18,KRW-MOVE,0.00858369
2026-09-02T09:34:10.794018+00:00,9,18,KRW-UNI,0.00176211
2026-09-02T09:34:10.794018+00:00,9,18,KRW-PIEVERSE,0.00193861
2026-09-02T09:34:10.794018+00:00,9,18,KRW-PRL,0.00508906
2026-09-02T09:34:10.794018+00:00,9,18,KRW-HBAR,0.00985222
2026-09-02T09:34:10.794018+00:00,9,18,KRW-ONT,0.00275482
2026-09-02T09:34:10.794018+00:00,9,18,KRW-ENSO,0.00250104
2026-09-02T09:34:10.794018+00:00,9,18,KRW-XPL,0.00873362
2026-09-02T09:34:10.794018+00:00,9,18,KRW-SAHARA,0.00873362
2026-09-02T09:34:10.794018+00:00,9,18,KRW-AAVE,0.00229095
2026-09-02T09:34:10.794018+00:00,9,18,KRW-ARX,0.00583090
2026-09-02T09:34:10.794018+00:00,9,18,KRW-TRX,0.00450450
2026-09-02T09:34:10.794018+00:00,9,18,KRW-HOLO,0.00233918
2026-09-02T09:34:10.794018+00:00,9,18,KRW-WLFI,0.00255428
2026-09-02T09:34:10.794018+00:00,9,18,KRW-BCH,0.00148699
2026-09-02T09:34:10.794018+00:00,9,18,KRW-DATA,0.00388350
2026-09-02T09:34:10.794018+00:00,9,18,KRW-PLUME,0.00514139
2026-09-02T09:34:10.794018+00:00,9,18,KRW-ARB,0.00626959
2026-09-02T09:34:10.794018+00:00,9,18,KRW-STORJ,0.00424028
2026-09-02T09:34:10.794018+00:00,9,18,KRW-BONK,0.00181984
2026-09-02T09:34:10.794018+00:00,9,18,KRW-ETC,0.00402414
2026-09-02T09:34:10.794018+00:00,9,18,KRW-ESP,0.00888889
2026-09-02T09:34:10.794018+00:00,9,18,KRW-0G,0.00389864
2026-09-02T09:34:10.794018+00:00,9,18,KRW-META2,0.00965517
2026-09-02T09:34:10.794018+00:00,9,18,KRW-BSB,0.01360544
2026-09-02T09:34:10.794018+00:00,9,18,KRW-ERA,0.00249377
2026-09-02T09:34:10.794018+00:00,9,18,KRW-MIRA,0.00161943
2026-09-02T09:34:10.794018+00:00,9,18,KRW-SAND,0.00600601
2026-09-02T09:34:10.794018+00:00,9,18,KRW-PEPE,0.00423729
2026-09-02T09:34:10.794018+00:00,9,18,KRW-POL,0.00803213
2026-09-02T09:34:10.794018+00:00,9,18,KRW-STX,0.00569801
2026-09-02T09:34:10.794018+00:00,9,18,KRW-IRYS,0.00542005
2026-09-02T09:34:10.794018+00:00,9,18,KRW-AXS,0.00238569
2026-09-02T09:34:10.794018+00:00,9,18,KRW-TAO,0.00267469
2026-09-02T09:34:10.794018+00:00,9,18,KRW-ALGO,0.00809717
2026-09-02T09:34:10.794018+00:00,9,18,KRW-JTO,0.00341880
2026-09-02T09:34:10.794018+00:00,9,18,KRW-CC,0.00647249
2026-09-02T09:34:10.794018+00:00,9,18,KRW-BIRB,0.00253165
2026-09-02T09:34:10.794018+00:00,9,18,KRW-ME,0.00355661
2026-09-02T09:34:10.794018+00:00,9,18,KRW-SEI,0.00311526
2026-09-02T09:34:10.794018+00:00,9,18,KRW-ENS,0.00132714
2026-09-02T09:34:10.794018+00:00,9,18,KRW-ZRO,0.00286738
2026-09-02T09:34:10.794018+00:00,9,18,KRW-TRUMP,0.00065189
2026-09-02T09:34:10.794018+00:00,9,18,KRW-XEC,0.00319659
2026-09-02T09:34:10.794018+00:00,9,18,KRW-RVN,0.00780234
2026-09-02T09:34:10.794018+00:00,9,18,KRW-ZAMA,0.00293255
2026-09-02T09:34:10.794018+00:00,9,18,KRW-GEOD,0.00328407
2026-09-02T09:34:10.794018+00:00,9,18,KRW-AKT,0.00433839
2026-09-02T09:34:10.794018+00:00,9,18,KRW-FIL,0.00185701
2026-09-02T09:34:10.794018+00:00,9,18,KRW-APT,0.00130804
2026-09-02T09:34:10.794018+00:00,9,18,KRW-DRV,0.00516796
2026-09-02T09:34:10.794018+00:00,9,18,KRW-ID,0.00454545
2026-09-02T09:34:10.794018+00:00,9,18,KRW-SOON,0.00399202
2026-09-02T09:34:10.794018+00:00,9,18,KRW-O,0.00270270
2026-09-02T09:34:10.794018+00:00,9,18,KRW-AVNT,0.00716846
2026-09-02T09:34:10.794018+00:00,9,18,KRW-TREE,0.00366972
2026-09-02T09:34:10.794018+00:00,9,18,KRW-KITE,0.00536193
2026-09-02T09:34:10.794018+00:00,9,18,KRW-BLEND,0.00471143
2026-09-02T09:34:10.794018+00:00,9,18,KRW-MANTRA,0.00166528
2026-09-02T09:34:10.794018+00:00,9,18,KRW-CFG,0.00677966
2026-09-02T09:34:10.794018+00:00,9,18,KRW-GAS,0.00302206
2026-09-02T09:34:10.794018+00:00,9,18,KRW-BERA,0.00826446
2026-09-02T09:34:10.794018+00:00,9,18,KRW-MEGA,0.00197433
2026-09-02T09:34:10.794018+00:00,9,18,KRW-SOPH,0.00277778
2026-09-02T09:34:10.794018+00:00,9,18,KRW-UP2,0.00424028
2026-09-02T09:34:10.794018+00:00,9,18,KRW-ZORA,0.00975610
2026-09-02T09:34:10.794018+00:00,9,18,KRW-OPG,0.01459854
2026-09-02T09:34:10.794018+00:00,9,18,KRW-BSV,0.00323999
2026-09-02T09:34:10.794018+00:00,9,18,KRW-HYPER,0.00550964
2026-09-02T09:34:10.794018+00:00,9,18,KRW-TRAC,0.00902935
2026-09-02T09:34:10.794018+00:00,9,18,KRW-IN,0.00441501
2026-09-02T09:34:10.794018+00:00,9,18,KRW-ATH,0.00317965
2026-09-02T09:34:10.794018+00:00,9,18,KRW-ETHFI,0.00125078
2026-09-02T09:34:10.794018+00:00,9,18,KRW-MON,0.00282087
2026-09-02T09:34:10.794018+00:00,9,18,KRW-ZIL,0.00581395
2026-09-02T09:34:10.794018+00:00,9,18,KRW-B3,0.00324675
2026-09-02T09:34:10.794018+00:00,9,18,KRW-ELSA,0.00320513
2026-09-02T09:34:10.794018+00:00,9,18,KRW-JUP,0.00339559
2026-09-02T09:34:10.794018+00:00,9,18,KRW-SIGN,0.00772201
2026-09-02T09:34:10.794018+00:00,9,18,KRW-FLOCK,0.00387597
2026-09-02T09:34:10.794018+00:00,9,18,KRW-DEEP,0.00508906
2026-09-02T09:34:10.794018+00:00,9,18,KRW-G,0.00573066
2026-09-02T09:34:10.794018+00:00,9,18,KRW-INJ,0.00071250
2026-09-02T09:34:10.794018+00:00,9,18,KRW-VVV,0.00363306
2026-09-02T09:34:10.794018+00:00,9,18,KRW-BIGTIME,0.00225225
2026-09-02T09:34:10.794018+00:00,9,18,KRW-BIO,0.00574713
2026-09-02T09:34:10.794018+00:00,9,18,KRW-RENDER,0.00051401
2026-09-02T09:34:10.794018+00:00,9,18,KRW-BARD,0.00593472
2026-09-02T09:34:10.794018+00:00,9,18,KRW-CHZ,0.00547945
2026-09-02T09:34:10.794018+00:00,9,18,KRW-LSK,0.00732601
2026-09-02T09:34:10.794018+00:00,9,18,KRW-CRO,0.00133601
2026-09-02T09:34:10.794018+00:00,9,18,KRW-VANA,0.00246812
2026-09-02T09:34:10.794018+00:00,9,18,KRW-LAYER,0.00429646
2026-09-02T09:34:10.794018+00:00,9,18,KRW-RED,0.00655738
2026-09-02T09:34:10.794018+00:00,9,18,KRW-DOT,0.00255211
2026-09-02T09:34:10.794018+00:00,9,18,KRW-ATOM,0.00150188
2026-09-02T09:34:10.794018+00:00,9,18,KRW-DOOD,0.00547945
2026-09-02T09:34:10.794018+00:00,9,18,KRW-XAUT,0.00118153
2026-09-02T09:34:10.794018+00:00,9,18,KRW-BORA,0.00329489
2026-09-02T09:34:10.794018+00:00,9,18,KRW-AWE,0.00236407
2026-09-02T09:34:10.794018+00:00,9,18,KRW-WAVES,0.00671141
2026-09-02T09:34:10.794018+00:00,9,18,KRW-ZKP,0.00324149
2026-09-02T09:34:10.794018+00:00,9,18,KRW-EDGE,0.00322754
2026-09-02T09:34:10.794018+00:00,9,18,KRW-ELF,0.00343446
2026-09-02T09:34:10.794018+00:00,9,18,KRW-AI,0.00378072
2026-09-02T09:34:10.794018+00:00,9,18,KRW-SNT,0.00451467
2026-09-02T09:34:10.794018+00:00,9,18,KRW-OPEN,0.00589971
2026-09-02T09:34:10.794018+00:00,9,18,KRW-SKR,0.00664452
2026-09-02T09:34:10.794018+00:00,9,18,KRW-MET2,0.00378072
2026-09-02T09:34:10.794018+00:00,9,18,KRW-FF,0.00682594
2026-09-02T09:34:10.794018+00:00,9,18,KRW-KAT,0.00328947
2026-09-02T09:34:10.794018+00:00,9,18,KRW-W,0.00760456
2026-09-02T09:34:10.794018+00:00,9,18,KRW-PENDLE,0.00161225
2026-09-02T09:34:10.794018+00:00,9,18,KRW-SPK,0.00366972
2026-09-02T09:34:10.794018+00:00,9,18,KRW-PYTH,0.00133422
2026-09-02T09:34:10.794018+00:00,9,18,KRW-STEEM,0.00168492
2026-09-02T09:34:10.794018+00:00,9,18,KRW-COW,0.01149425
2026-09-02T09:35:13.268619+00:00,9,18,KRW-SHIB,0.00141945
2026-09-02T09:35:13.268619+00:00,9,18,KRW-KAITO,0.00241838
2026-09-02T09:35:13.268619+00:00,9,18,KRW-SUI,0.00303797
2026-09-02T09:35:13.268619+00:00,9,18,KRW-MMT,0.00464037
2026-09-02T09:35:13.268619+00:00,9,18,KRW-LINK,0.00065768
2026-09-02T09:35:13.268619+00:00,9,18,KRW-PUMP,0.00172265
2026-09-02T09:35:13.268619+00:00,9,18,KRW-NEAR,0.00157667
2026-09-02T09:35:13.268619+00:00,9,18,KRW-ZBT,0.00896861
2026-09-02T09:35:13.268619+00:00,9,18,KRW-LA,0.00226244
2026-09-02T09:35:13.268619+00:00,9,18,KRW-CHIP,0.00158103
2026-09-02T09:35:13.268619+00:00,9,18,KRW-QUID,0.00338409
2026-09-02T09:35:13.268619+00:00,9,18,KRW-PENGU,0.00873362
2026-09-02T09:35:13.268619+00:00,9,18,KRW-AVAX,0.00102145
2026-09-02T09:35:13.268619+00:00,9,18,KRW-VIRTUAL,0.00105430
2026-09-02T09:35:13.268619+00:00,9,18,KRW-MOVE,0.00858369
2026-09-02T09:35:13.268619+00:00,9,18,KRW-UNI,0.00058703
2026-09-02T09:35:13.268619+00:00,9,18,KRW-PIEVERSE,0.00064579
2026-09-02T09:35:13.268619+00:00,9,18,KRW-PRL,0.00508906
2026-09-02T09:35:13.268619+00:00,9,18,KRW-HBAR,0.00985222
2026-09-02T09:35:13.268619+00:00,9,18,KRW-ONT,0.00275482
2026-09-02T09:35:13.268619+00:00,9,18,KRW-ENSO,0.00333611
2026-09-02T09:35:13.268619+00:00,9,18,KRW-XPL,0.00873362
2026-09-02T09:35:13.268619+00:00,9,18,KRW-SAHARA,0.00873362
2026-09-02T09:35:13.268619+00:00,9,18,KRW-AAVE,0.00114613
2026-09-02T09:35:13.268619+00:00,9,18,KRW-ARX,0.00583090
2026-09-02T09:35:13.268619+00:00,9,18,KRW-TRX,0.00225479
2026-09-02T09:35:13.268619+00:00,9,18,KRW-HOLO,0.00234192
2026-09-02T09:35:13.268619+00:00,9,18,KRW-WLFI,0.00255428
2026-09-02T09:35:13.268619+00:00,9,18,KRW-BCH,0.00148832
2026-09-02T09:35:13.268619+00:00,9,18,KRW-DATA,0.00778210
2026-09-02T09:35:13.268619+00:00,9,18,KRW-PLUME,0.00516796
2026-09-02T09:35:13.268619+00:00,9,18,KRW-ARB,0.00626959
2026-09-02T09:35:13.268619+00:00,9,18,KRW-STORJ,0.00566572
2026-09-02T09:35:13.268619+00:00,9,18,KRW-BONK,0.00363636
2026-09-02T09:35:13.268619+00:00,9,18,KRW-ETC,0.00352379
2026-09-02T09:35:13.268619+00:00,9,18,KRW-ESP,0.00888889
2026-09-02T09:35:13.268619+00:00,9,18,KRW-0G,0.00389864
2026-09-02T09:35:13.268619+00:00,9,18,KRW-META2,0.01235415
2026-09-02T09:35:13.268619+00:00,9,18,KRW-BSB,0.01360544
2026-09-02T09:35:13.268619+00:00,9,18,KRW-ERA,0.00249377
2026-09-02T09:35:13.268619+00:00,9,18,KRW-MIRA,0.00323625
2026-09-02T09:35:13.268619+00:00,9,18,KRW-SAND,0.00601805
2026-09-02T09:35:13.268619+00:00,9,18,KRW-PEPE,0.00212089
2026-09-02T09:35:13.268619+00:00,9,18,KRW-POL,0.00803213
2026-09-02T09:35:13.268619+00:00,9,18,KRW-STX,0.00285307
2026-09-02T09:35:13.268619+00:00,9,18,KRW-IRYS,0.00542005
2026-09-02T09:35:13.268619+00:00,9,18,KRW-AXS,0.00079586
2026-09-02T09:35:13.268619+00:00,9,18,KRW-TAO,0.00200870
2026-09-02T09:35:13.268619+00:00,9,18,KRW-ALGO,0.00809717
2026-09-02T09:35:13.268619+00:00,9,18,KRW-JTO,0.00171380
2026-09-02T09:35:13.268619+00:00,9,18,KRW-CC,0.00647249
2026-09-02T09:35:13.268619+00:00,9,18,KRW-BIRB,0.00253165
2026-09-02T09:35:13.268619+00:00,9,18,KRW-ME,0.00237248
2026-09-02T09:35:13.268619+00:00,9,18,KRW-SEI,0.00311526
2026-09-02T09:35:13.268619+00:00,9,18,KRW-ENS,0.00199402
2026-09-02T09:35:13.268619+00:00,9,18,KRW-ZRO,0.00215131
2026-09-02T09:35:13.268619+00:00,9,18,KRW-TRUMP,0.00065295
2026-09-02T09:35:13.268619+00:00,9,18,KRW-XEC,0.00319659
2026-09-02T09:35:13.268619+00:00,9,18,KRW-RVN,0.00260078
2026-09-02T09:35:13.268619+00:00,9,18,KRW-ZAMA,0.00293255
2026-09-02T09:35:13.268619+00:00,9,18,KRW-GEOD,0.00328407
2026-09-02T09:35:13.268619+00:00,9,18,KRW-AKT,0.00433839
2026-09-02T09:35:13.268619+00:00,9,18,KRW-FIL,0.00185874
2026-09-02T09:35:13.268619+00:00,9,18,KRW-APT,0.00130804
2026-09-02T09:35:13.268619+00:00,9,18,KRW-DRV,0.00516796
2026-09-02T09:35:13.268619+00:00,9,18,KRW-ID,0.00454545
2026-09-02T09:35:13.268619+00:00,9,18,KRW-SOON,0.00399202
2026-09-02T09:35:13.268619+00:00,9,18,KRW-O,0.00405132
2026-09-02T09:35:13.268619+00:00,9,18,KRW-AVNT,0.00716846
2026-09-02T09:35:13.268619+00:00,9,18,KRW-TREE,0.00366972
2026-09-02T09:35:13.268619+00:00,9,18,KRW-KITE,0.00536193
2026-09-02T09:35:13.268619+00:00,9,18,KRW-BLEND,0.00589275
2026-09-02T09:35:13.268619+00:00,9,18,KRW-MANTRA,0.00166528
2026-09-02T09:35:13.268619+00:00,9,18,KRW-CFG,0.00677966
2026-09-02T09:35:13.268619+00:00,9,18,KRW-GAS,0.00120992
2026-09-02T09:35:13.268619+00:00,9,18,KRW-BERA,0.00414079
2026-09-02T09:35:13.268619+00:00,9,18,KRW-MEGA,0.00197433
2026-09-02T09:35:13.268619+00:00,9,18,KRW-SOPH,0.00138793
2026-09-02T09:35:13.268619+00:00,9,18,KRW-UP2,0.00282486
2026-09-02T09:35:13.268619+00:00,9,18,KRW-ZORA,0.00975610
2026-09-02T09:35:13.268619+00:00,9,18,KRW-OPG,0.01459854
2026-09-02T09:35:13.268619+00:00,9,18,KRW-BSV,0.00277778
2026-09-02T09:35:13.268619+00:00,9,18,KRW-HYPER,0.00440529
2026-09-02T09:35:13.268619+00:00,9,18,KRW-TRAC,0.00902935
2026-09-02T09:35:13.268619+00:00,9,18,KRW-IN,0.00441501
2026-09-02T09:35:13.268619+00:00,9,18,KRW-ATH,0.00159109
2026-09-02T09:35:13.268619+00:00,9,18,KRW-ETHFI,0.00125235
2026-09-02T09:35:13.268619+00:00,9,18,KRW-MON,0.00282087
2026-09-02T09:35:13.268619+00:00,9,18,KRW-ZIL,0.00875912
2026-09-02T09:35:13.268619+00:00,9,18,KRW-B3,0.00324675
2026-09-02T09:35:13.268619+00:00,9,18,KRW-ELSA,0.00160385
2026-09-02T09:35:13.268619+00:00,9,18,KRW-JUP,0.00339559
2026-09-02T09:35:13.268619+00:00,9,18,KRW-SIGN,0.00766284
2026-09-02T09:35:13.268619+00:00,9,18,KRW-FLOCK,0.00193237
2026-09-02T09:35:13.268619+00:00,9,18,KRW-DEEP,0.00508906
2026-09-02T09:35:13.268619+00:00,9,18,KRW-G,0.00381679
2026-09-02T09:35:13.268619+00:00,9,18,KRW-INJ,0.00357270
2026-09-02T09:35:13.268619+00:00,9,18,KRW-VVV,0.00227221
2026-09-02T09:35:13.268619+00:00,9,18,KRW-BIGTIME,0.00225225
2026-09-02T09:35:13.268619+00:00,9,18,KRW-BIO,0.00574713
2026-09-02T09:35:13.268619+00:00,9,18,KRW-RENDER,0.00051401
2026-09-02T09:35:13.268619+00:00,9,18,KRW-BARD,0.00593472
2026-09-02T09:35:13.268619+00:00,9,18,KRW-CHZ,0.00547945
2026-09-02T09:35:13.268619+00:00,9,18,KRW-LSK,0.00732601
2026-09-02T09:35:13.268619+00:00,9,18,KRW-CRO,0.00133601
2026-09-02T09:35:13.268619+00:00,9,18,KRW-VANA,0.00164609
2026-09-02T09:35:13.268619+00:00,9,18,KRW-LAYER,0.00215054
2026-09-02T09:35:13.268619+00:00,9,18,KRW-RED,0.00655738
2026-09-02T09:35:13.268619+00:00,9,18,KRW-DOT,0.00170358
2026-09-02T09:35:13.268619+00:00,9,18,KRW-ATOM,0.00250438
2026-09-02T09:35:13.268619+00:00,9,18,KRW-DOOD,0.00547945
2026-09-02T09:35:13.268619+00:00,9,18,KRW-XAUT,0.00118153
2026-09-02T09:35:13.268619+00:00,9,18,KRW-BORA,0.00329489
2026-09-02T09:35:13.268619+00:00,9,18,KRW-AWE,0.00236407
2026-09-02T09:35:13.268619+00:00,9,18,KRW-WAVES,0.00671141
2026-09-02T09:35:13.268619+00:00,9,18,KRW-ZKP,0.00162470
2026-09-02T09:35:13.268619+00:00,9,18,KRW-EDGE,0.00107354
2026-09-02T09:35:13.268619+00:00,9,18,KRW-ELF,0.00343446
2026-09-02T09:35:13.268619+00:00,9,18,KRW-AI,0.00378072
2026-09-02T09:35:13.268619+00:00,9,18,KRW-SNT,0.00451467
2026-09-02T09:35:13.268619+00:00,9,18,KRW-OPEN,0.00589971
2026-09-02T09:35:13.268619+00:00,9,18,KRW-SKR,0.00331675
2026-09-02T09:35:13.268619+00:00,9,18,KRW-MET2,0.00378072
2026-09-02T09:35:13.268619+00:00,9,18,KRW-FF,0.01360544
2026-09-02T09:35:13.268619+00:00,9,18,KRW-KAT,0.00328947
2026-09-02T09:35:13.268619+00:00,9,18,KRW-W,0.00760456
2026-09-02T09:35:13.268619+00:00,9,18,KRW-PENDLE,0.00242229
2026-09-02T09:35:13.268619+00:00,9,18,KRW-SPK,0.00366972
2026-09-02T09:35:13.268619+00:00,9,18,KRW-PYTH,0.00400267
2026-09-02T09:35:13.268619+00:00,9,18,KRW-STEEM,0.00168492
2026-09-02T09:35:13.268619+00:00,9,18,KRW-COW,0.00576369
2026-09-02T09:36:15.924594+00:00,9,18,KRW-SHIB,0.00142146
2026-09-02T09:36:15.924594+00:00,9,18,KRW-KAITO,0.00241838
2026-09-02T09:36:15.924594+00:00,9,18,KRW-SUI,0.00101471
2026-09-02T09:36:15.924594+00:00,9,18,KRW-MMT,0.00466200
2026-09-02T09:36:15.924594+00:00,9,18,KRW-LINK,0.00065898
2026-09-02T09:36:15.924594+00:00,9,18,KRW-PUMP,0.00344828
2026-09-02T09:36:15.924594+00:00,9,18,KRW-NEAR,0.00078927
2026-09-02T09:36:15.924594+00:00,9,18,KRW-ZBT,0.00896861
2026-09-02T09:36:15.924594+00:00,9,18,KRW-LA,0.00113701
2026-09-02T09:36:15.924594+00:00,9,18,KRW-CHIP,0.00474308
2026-09-02T09:36:15.924594+00:00,9,18,KRW-QUID,0.00338409
2026-09-02T09:36:15.924594+00:00,9,18,KRW-PENGU,0.00881057
2026-09-02T09:36:15.924594+00:00,9,18,KRW-AVAX,0.00051112
2026-09-02T09:36:15.924594+00:00,9,18,KRW-VIRTUAL,0.00105652
2026-09-02T09:36:15.924594+00:00,9,18,KRW-MOVE,0.00858369
2026-09-02T09:36:15.924594+00:00,9,18,KRW-UNI,0.00176626
2026-09-02T09:36:15.924594+00:00,9,18,KRW-PIEVERSE,0.00129282
2026-09-02T09:36:15.924594+00:00,9,18,KRW-PRL,0.00508906
2026-09-02T09:36:15.924594+00:00,9,18,KRW-HBAR,0.00985222
2026-09-02T09:36:15.924594+00:00,9,18,KRW-ONT,0.00137836
2026-09-02T09:36:15.924594+00:00,9,18,KRW-ENSO,0.00333611
2026-09-02T09:36:15.924594+00:00,9,18,KRW-XPL,0.00881057
2026-09-02T09:36:15.924594+00:00,9,18,KRW-SAHARA,0.00873362
2026-09-02T09:36:15.924594+00:00,9,18,KRW-AAVE,0.00057455
2026-09-02T09:36:15.924594+00:00,9,18,KRW-ARX,0.00583090
2026-09-02T09:36:15.924594+00:00,9,18,KRW-TRX,0.00450450
2026-09-02T09:36:15.924594+00:00,9,18,KRW-HOLO,0.00234192
2026-09-02T09:36:15.924594+00:00,9,18,KRW-WLFI,0.00127796
2026-09-02T09:36:15.924594+00:00,9,18,KRW-BCH,0.00089352
2026-09-02T09:36:15.924594+00:00,9,18,KRW-DATA,0.00778210
2026-09-02T09:36:15.924594+00:00,9,18,KRW-PLUME,0.00516796
2026-09-02T09:36:15.924594+00:00,9,18,KRW-ARB,0.00630915
2026-09-02T09:36:15.924594+00:00,9,18,KRW-STORJ,0.00566572
2026-09-02T09:36:15.924594+00:00,9,18,KRW-BONK,0.00181324
2026-09-02T09:36:15.924594+00:00,9,18,KRW-ETC,0.00151095
2026-09-02T09:36:15.924594+00:00,9,18,KRW-ESP,0.00888889
2026-09-02T09:36:15.924594+00:00,9,18,KRW-0G,0.00391389
2026-09-02T09:36:15.924594+00:00,9,18,KRW-META2,0.00823045
2026-09-02T09:36:15.924594+00:00,9,18,KRW-BSB,0.01369863
2026-09-02T09:36:15.924594+00:00,9,18,KRW-ERA,0.00374766
2026-09-02T09:36:15.924594+00:00,9,18,KRW-MIRA,0.00161943
2026-09-02T09:36:15.924594+00:00,9,18,KRW-SAND,0.00601805
2026-09-02T09:36:15.924594+00:00,9,18,KRW-PEPE,0.00212540
2026-09-02T09:36:15.924594+00:00,9,18,KRW-POL,0.00803213
2026-09-02T09:36:15.924594+00:00,9,18,KRW-STX,0.00285307
2026-09-02T09:36:15.924594+00:00,9,18,KRW-IRYS,0.00542005
2026-09-02T09:36:15.924594+00:00,9,18,KRW-AXS,0.00159236
2026-09-02T09:36:15.924594+00:00,9,18,KRW-TAO,0.00100654
2026-09-02T09:36:15.924594+00:00,9,18,KRW-ALGO,0.00809717
2026-09-02T09:36:15.924594+00:00,9,18,KRW-JTO,0.00171380
2026-09-02T09:36:15.924594+00:00,9,18,KRW-CC,0.00647249
2026-09-02T09:36:15.924594+00:00,9,18,KRW-BIRB,0.00380469
2026-09-02T09:36:15.924594+00:00,9,18,KRW-ME,0.00237248
2026-09-02T09:36:15.924594+00:00,9,18,KRW-SEI,0.00312012
2026-09-02T09:36:15.924594+00:00,9,18,KRW-ENS,0.00066511
2026-09-02T09:36:15.924594+00:00,9,18,KRW-ZRO,0.00215750
2026-09-02T09:36:15.924594+00:00,9,18,KRW-TRUMP,0.00098151
2026-09-02T09:36:15.924594+00:00,9,18,KRW-XEC,0.00106667
2026-09-02T09:36:15.924594+00:00,9,18,KRW-RVN,0.00260078
2026-09-02T09:36:15.924594+00:00,9,18,KRW-ZAMA,0.00440852
2026-09-02T09:36:15.924594+00:00,9,18,KRW-GEOD,0.00328407
2026-09-02T09:36:15.924594+00:00,9,18,KRW-AKT,0.00578871
2026-09-02T09:36:15.924594+00:00,9,18,KRW-FIL,0.00186047
2026-09-02T09:36:15.924594+00:00,9,18,KRW-APT,0.00130976
2026-09-02T09:36:15.924594+00:00,9,18,KRW-DRV,0.00516796
2026-09-02T09:36:15.924594+00:00,9,18,KRW-ID,0.00454545
2026-09-02T09:36:15.924594+00:00,9,18,KRW-SOON,0.00399202
2026-09-02T09:36:15.924594+00:00,9,18,KRW-O,0.00405132
2026-09-02T09:36:15.924594+00:00,9,18,KRW-AVNT,0.00716846
2026-09-02T09:36:15.924594+00:00,9,18,KRW-TREE,0.00183993
2026-09-02T09:36:15.924594+00:00,9,18,KRW-KITE,0.00542005
2026-09-02T09:36:15.924594+00:00,9,18,KRW-BLEND,0.00589275
2026-09-02T09:36:15.924594+00:00,9,18,KRW-MANTRA,0.00333333
2026-09-02T09:36:15.924594+00:00,9,18,KRW-CFG,0.00677966
2026-09-02T09:36:15.924594+00:00,9,18,KRW-GAS,0.00121139
2026-09-02T09:36:15.924594+00:00,9,18,KRW-BERA,0.00414079
2026-09-02T09:36:15.924594+00:00,9,18,KRW-MEGA,0.00197433
2026-09-02T09:36:15.924594+00:00,9,18,KRW-SOPH,0.00139567
2026-09-02T09:36:15.924594+00:00,9,18,KRW-UP2,0.00141343
2026-09-02T09:36:15.924594+00:00,9,18,KRW-ZORA,0.00975610
2026-09-02T09:36:15.924594+00:00,9,18,KRW-OPG,0.00732601
2026-09-02T09:36:15.924594+00:00,9,18,KRW-BSV,0.00092678
2026-09-02T09:36:15.924594+00:00,9,18,KRW-HYPER,0.00330579
2026-09-02T09:36:15.924594+00:00,9,18,KRW-TRAC,0.00677966
2026-09-02T09:36:15.924594+00:00,9,18,KRW-IN,0.00441501
2026-09-02T09:36:15.924594+00:00,9,18,KRW-ATH,0.00159363
2026-09-02T09:36:15.924594+00:00,9,18,KRW-ETHFI,0.00251572
2026-09-02T09:36:15.924594+00:00,9,18,KRW-MON,0.00282087
2026-09-02T09:36:15.924594+00:00,9,18,KRW-ZIL,0.00583090
2026-09-02T09:36:15.924594+00:00,9,18,KRW-B3,0.00162206
2026-09-02T09:36:15.924594+00:00,9,18,KRW-ELSA,0.00321027
2026-09-02T09:36:15.924594+00:00,9,18,KRW-JUP,0.00680272
2026-09-02T09:36:15.924594+00:00,9,18,KRW-SIGN,0.00766284
2026-09-02T09:36:15.924594+00:00,9,18,KRW-FLOCK,0.00193611
2026-09-02T09:36:15.924594+00:00,9,18,KRW-DEEP,0.00508906
2026-09-02T09:36:15.924594+00:00,9,18,KRW-G,0.00383142
2026-09-02T09:36:15.924594+00:00,9,18,KRW-INJ,0.00285714
2026-09-02T09:36:15.924594+00:00,9,18,KRW-VVV,0.00272851
2026-09-02T09:36:15.924594+00:00,9,18,KRW-BIGTIME,0.00112803
2026-09-02T09:36:15.924594+00:00,9,18,KRW-BIO,0.00287770
2026-09-02T09:36:15.924594+00:00,9,18,KRW-RENDER,0.00154599
2026-09-02T09:36:15.924594+00:00,9,18,KRW-BARD,0.00593472
2026-09-02T09:36:15.924594+00:00,9,18,KRW-CHZ,0.00547945
2026-09-02T09:36:15.924594+00:00,9,18,KRW-LSK,0.00732601
2026-09-02T09:36:15.924594+00:00,9,18,KRW-CRO,0.00133779
2026-09-02T09:36:15.924594+00:00,9,18,KRW-VANA,0.00082338
2026-09-02T09:36:15.924594+00:00,9,18,KRW-LAYER,0.00215285
2026-09-02T09:36:15.924594+00:00,9,18,KRW-RED,0.01307190
2026-09-02T09:36:15.924594+00:00,9,18,KRW-DOT,0.00085215
2026-09-02T09:36:15.924594+00:00,9,18,KRW-ATOM,0.00050138
2026-09-02T09:36:15.924594+00:00,9,18,KRW-DOOD,0.00547945
2026-09-02T09:36:15.924594+00:00,9,18,KRW-XAUT,0.00118153
2026-09-02T09:36:15.924594+00:00,9,18,KRW-BORA,0.00329489
2026-09-02T09:36:15.924594+00:00,9,18,KRW-AWE,0.00236407
2026-09-02T09:36:15.924594+00:00,9,18,KRW-WAVES,0.00671141
2026-09-02T09:36:15.924594+00:00,9,18,KRW-ZKP,0.00162999
2026-09-02T09:36:15.924594+00:00,9,18,KRW-EDGE,0.00430108
2026-09-02T09:36:15.924594+00:00,9,18,KRW-ELF,0.00343446
2026-09-02T09:36:15.924594+00:00,9,18,KRW-AI,0.00378072
2026-09-02T09:36:15.924594+00:00,9,18,KRW-SNT,0.00451467
2026-09-02T09:36:15.924594+00:00,9,18,KRW-OPEN,0.00593472
2026-09-02T09:36:15.924594+00:00,9,18,KRW-SKR,0.00332779
2026-09-02T09:36:15.924594+00:00,9,18,KRW-MET2,0.00379507
2026-09-02T09:36:15.924594+00:00,9,18,KRW-FF,0.00677966
2026-09-02T09:36:15.924594+00:00,9,18,KRW-KAT,0.00328947
2026-09-02T09:36:15.924594+00:00,9,18,KRW-W,0.00760456
2026-09-02T09:36:15.924594+00:00,9,18,KRW-PENDLE,0.00202634
2026-09-02T09:36:15.924594+00:00,9,18,KRW-SPK,0.00366972
2026-09-02T09:36:15.924594+00:00,9,18,KRW-PYTH,0.00267380
2026-09-02T09:36:15.924594+00:00,9,18,KRW-STEEM,0.00168492
2026-09-02T09:36:15.924594+00:00,9,18,KRW-COW,0.00576369
2026-09-02T09:37:18.447352+00:00,9,18,KRW-SHIB,0.00142146
2026-09-02T09:37:18.447352+00:00,9,18,KRW-KAITO,0.00241838
2026-09-02T09:37:18.447352+00:00,9,18,KRW-SUI,0.00101471
2026-09-02T09:37:18.447352+00:00,9,18,KRW-MMT,0.00466200
2026-09-02T09:37:18.447352+00:00,9,18,KRW-LINK,0.00065941
2026-09-02T09:37:18.447352+00:00,9,18,KRW-PUMP,0.00344828
2026-09-02T09:37:18.447352+00:00,9,18,KRW-NEAR,0.00039456
2026-09-02T09:37:18.447352+00:00,9,18,KRW-ZBT,0.00896861
2026-09-02T09:37:18.447352+00:00,9,18,KRW-LA,0.00113314
2026-09-02T09:37:18.447352+00:00,9,18,KRW-CHIP,0.00317965
2026-09-02T09:37:18.447352+00:00,9,18,KRW-QUID,0.00225734
2026-09-02T09:37:18.447352+00:00,9,18,KRW-PENGU,0.00881057
2026-09-02T09:37:18.447352+00:00,9,18,KRW-AVAX,0.00102302
2026-09-02T09:37:18.447352+00:00,9,18,KRW-VIRTUAL,0.00211416
2026-09-02T09:37:18.447352+00:00,9,18,KRW-MOVE,0.00858369
2026-09-02T09:37:18.447352+00:00,9,18,KRW-UNI,0.00058875
2026-09-02T09:37:18.447352+00:00,9,18,KRW-PIEVERSE,0.00128783
2026-09-02T09:37:18.447352+00:00,9,18,KRW-PRL,0.00508906
2026-09-02T09:37:18.447352+00:00,9,18,KRW-HBAR,0.01980198
2026-09-02T09:37:18.447352+00:00,9,18,KRW-ONT,0.00137836
2026-09-02T09:37:18.447352+00:00,9,18,KRW-ENSO,0.00333333
2026-09-02T09:37:18.447352+00:00,9,18,KRW-XPL,0.00881057
2026-09-02T09:37:18.447352+00:00,9,18,KRW-SAHARA,0.00873362
2026-09-02T09:37:18.447352+00:00,9,18,KRW-AAVE,0.00172662
2026-09-02T09:37:18.447352+00:00,9,18,KRW-ARX,0.00586510
2026-09-02T09:37:18.447352+00:00,9,18,KRW-TRX,0.00450450
2026-09-02T09:37:18.447352+00:00,9,18,KRW-HOLO,0.00117165
2026-09-02T09:37:18.447352+00:00,9,18,KRW-WLFI,0.00255754
2026-09-02T09:37:18.447352+00:00,9,18,KRW-BCH,0.00059577
2026-09-02T09:37:18.447352+00:00,9,18,KRW-DATA,0.00389864
2026-09-02T09:37:18.447352+00:00,9,18,KRW-PLUME,0.00519481
2026-09-02T09:37:18.447352+00:00,9,18,KRW-ARB,0.00630915
2026-09-02T09:37:18.447352+00:00,9,18,KRW-STORJ,0.00992204
2026-09-02T09:37:18.447352+00:00,9,18,KRW-BONK,0.00181324
2026-09-02T09:37:18.447352+00:00,9,18,KRW-ETC,0.00151095
2026-09-02T09:37:18.447352+00:00,9,18,KRW-ESP,0.00888889
2026-09-02T09:37:18.447352+00:00,9,18,KRW-0G,0.00391389
2026-09-02T09:37:18.447352+00:00,9,18,KRW-META2,0.00680272
2026-09-02T09:37:18.447352+00:00,9,18,KRW-BSB,0.00682594
2026-09-02T09:37:18.447352+00:00,9,18,KRW-ERA,0.00250000
2026-09-02T09:37:18.447352+00:00,9,18,KRW-MIRA,0.00161943
2026-09-02T09:37:18.447352+00:00,9,18,KRW-SAND,0.00400802
2026-09-02T09:37:18.447352+00:00,9,18,KRW-PEPE,0.00212540
2026-09-02T09:37:18.447352+00:00,9,18,KRW-POL,0.00803213
2026-09-02T09:37:18.447352+00:00,9,18,KRW-STX,0.00571429
2026-09-02T09:37:18.447352+00:00,9,18,KRW-IRYS,0.00542005
2026-09-02T09:37:18.447352+00:00,9,18,KRW-AXS,0.00079713
2026-09-02T09:37:18.447352+00:00,9,18,KRW-TAO,0.00067092
2026-09-02T09:37:18.447352+00:00,9,18,KRW-ALGO,0.00809717
2026-09-02T09:37:18.447352+00:00,9,18,KRW-JTO,0.00171674
2026-09-02T09:37:18.447352+00:00,9,18,KRW-CC,0.00647249
2026-09-02T09:37:18.447352+00:00,9,18,KRW-BIRB,0.00254130
2026-09-02T09:37:18.447352+00:00,9,18,KRW-ME,0.00237530
2026-09-02T09:37:18.447352+00:00,9,18,KRW-SEI,0.00311526
2026-09-02T09:37:18.447352+00:00,9,18,KRW-ENS,0.00199667
2026-09-02T09:37:18.447352+00:00,9,18,KRW-ZRO,0.00215905
2026-09-02T09:37:18.447352+00:00,9,18,KRW-TRUMP,0.00130933
2026-09-02T09:37:18.447352+00:00,9,18,KRW-XEC,0.00213220
2026-09-02T09:37:18.447352+00:00,9,18,KRW-RVN,0.00518135
2026-09-02T09:37:18.447352+00:00,9,18,KRW-ZAMA,0.00294551
2026-09-02T09:37:18.447352+00:00,9,18,KRW-GEOD,0.00328407
2026-09-02T09:37:18.447352+00:00,9,18,KRW-AKT,0.00578871
2026-09-02T09:37:18.447352+00:00,9,18,KRW-FIL,0.00279460
2026-09-02T09:37:18.447352+00:00,9,18,KRW-APT,0.00262467
2026-09-02T09:37:18.447352+00:00,9,18,KRW-DRV,0.00516796
2026-09-02T09:37:18.447352+00:00,9,18,KRW-ID,0.00227531
2026-09-02T09:37:18.447352+00:00,9,18,KRW-SOON,0.00399202
2026-09-02T09:37:18.447352+00:00,9,18,KRW-O,0.00405132
2026-09-02T09:37:18.447352+00:00,9,18,KRW-AVNT,0.00716846
2026-09-02T09:37:18.447352+00:00,9,18,KRW-TREE,0.00367647
2026-09-02T09:37:18.447352+00:00,9,18,KRW-KITE,0.00542005
2026-09-02T09:37:18.447352+00:00,9,18,KRW-BLEND,0.00589275
2026-09-02T09:37:18.447352+00:00,9,18,KRW-MANTRA,0.00166806
2026-09-02T09:37:18.447352+00:00,9,18,KRW-CFG,0.01360544
2026-09-02T09:37:18.447352+00:00,9,18,KRW-GAS,0.00242131
2026-09-02T09:37:18.447352+00:00,9,18,KRW-BERA,0.00414079
2026-09-02T09:37:18.447352+00:00,9,18,KRW-MEGA,0.00395257
2026-09-02T09:37:18.447352+00:00,9,18,KRW-SOPH,0.00137646
2026-09-02T09:37:18.447352+00:00,9,18,KRW-UP2,0.00141143
2026-09-02T09:37:18.447352+00:00,9,18,KRW-ZORA,0.00975610
2026-09-02T09:37:18.447352+00:00,9,18,KRW-OPG,0.00732601
2026-09-02T09:37:18.447352+00:00,9,18,KRW-BSV,0.00138985
2026-09-02T09:37:18.447352+00:00,9,18,KRW-HYPER,0.00220507
2026-09-02T09:37:18.447352+00:00,9,18,KRW-TRAC,0.00452489
2026-09-02T09:37:18.447352+00:00,9,18,KRW-IN,0.00221484
2026-09-02T09:37:18.447352+00:00,9,18,KRW-ATH,0.00159363
2026-09-02T09:37:18.447352+00:00,9,18,KRW-ETHFI,0.00251572
2026-09-02T09:37:18.447352+00:00,9,18,KRW-MON,0.00282087
2026-09-02T09:37:18.447352+00:00,9,18,KRW-ZIL,0.00875912
2026-09-02T09:37:18.447352+00:00,9,18,KRW-B3,0.00323625
2026-09-02T09:37:18.447352+00:00,9,18,KRW-ELSA,0.00481928
2026-09-02T09:37:18.447352+00:00,9,18,KRW-JUP,0.00680272
2026-09-02T09:37:18.447352+00:00,9,18,KRW-SIGN,0.00766284
2026-09-02T09:37:18.447352+00:00,9,18,KRW-FLOCK,0.00387597
2026-09-02T09:37:18.447352+00:00,9,18,KRW-DEEP,0.00508906
2026-09-02T09:37:18.447352+00:00,9,18,KRW-G,0.00384615
2026-09-02T09:37:18.447352+00:00,9,18,KRW-INJ,0.00071556
2026-09-02T09:37:18.447352+00:00,9,18,KRW-VVV,0.00227428
2026-09-02T09:37:18.447352+00:00,9,18,KRW-BIGTIME,0.00112931
2026-09-02T09:37:18.447352+00:00,9,18,KRW-BIO,0.00287770
2026-09-02T09:37:18.447352+00:00,9,18,KRW-RENDER,0.00051560
2026-09-02T09:37:18.447352+00:00,9,18,KRW-BARD,0.00593472
2026-09-02T09:37:18.447352+00:00,9,18,KRW-CHZ,0.00547945
2026-09-02T09:37:18.447352+00:00,9,18,KRW-LSK,0.00732601
2026-09-02T09:37:18.447352+00:00,9,18,KRW-CRO,0.00267380
2026-09-02T09:37:18.447352+00:00,9,18,KRW-VANA,0.00412712
2026-09-02T09:37:18.447352+00:00,9,18,KRW-LAYER,0.00215285
2026-09-02T09:37:18.447352+00:00,9,18,KRW-RED,0.01307190
2026-09-02T09:37:18.447352+00:00,9,18,KRW-DOT,0.00085507
2026-09-02T09:37:18.447352+00:00,9,18,KRW-ATOM,0.00100351
2026-09-02T09:37:18.447352+00:00,9,18,KRW-DOOD,0.00547945
2026-09-02T09:37:18.447352+00:00,9,18,KRW-XAUT,0.00118153
2026-09-02T09:37:18.447352+00:00,9,18,KRW-BORA,0.00329489
2026-09-02T09:37:18.447352+00:00,9,18,KRW-AWE,0.00118413
2026-09-02T09:37:18.447352+00:00,9,18,KRW-WAVES,0.00335008
2026-09-02T09:37:18.447352+00:00,9,18,KRW-ZKP,0.00162999
2026-09-02T09:37:18.447352+00:00,9,18,KRW-EDGE,0.00430108
2026-09-02T09:37:18.447352+00:00,9,18,KRW-ELF,0.00343446
2026-09-02T09:37:18.447352+00:00,9,18,KRW-AI,0.00378072
2026-09-02T09:37:18.447352+00:00,9,18,KRW-SNT,0.00564653
2026-09-02T09:37:18.447352+00:00,9,18,KRW-OPEN,0.00593472
2026-09-02T09:37:18.447352+00:00,9,18,KRW-SKR,0.00332779
2026-09-02T09:37:18.447352+00:00,9,18,KRW-MET2,0.00379507
2026-09-02T09:37:18.447352+00:00,9,18,KRW-FF,0.00677966
2026-09-02T09:37:18.447352+00:00,9,18,KRW-KAT,0.00164880
2026-09-02T09:37:18.447352+00:00,9,18,KRW-W,0.00760456
2026-09-02T09:37:18.447352+00:00,9,18,KRW-PENDLE,0.00121679
2026-09-02T09:37:18.447352+00:00,9,18,KRW-SPK,0.00366972
2026-09-02T09:37:18.447352+00:00,9,18,KRW-PYTH,0.00267380
2026-09-02T09:37:18.447352+00:00,9,18,KRW-STEEM,0.00168492
2026-09-02T09:37:18.447352+00:00,9,18,KRW-COW,0.00576369
2026-09-02T09:38:21.246193+00:00,9,18,KRW-SHIB,0.00284495
2026-09-02T09:38:21.246193+00:00,9,18,KRW-KAITO,0.00242424
2026-09-02T09:38:21.246193+00:00,9,18,KRW-SUI,0.00101574
2026-09-02T09:38:21.246193+00:00,9,18,KRW-MMT,0.00466200
2026-09-02T09:38:21.246193+00:00,9,18,KRW-LINK,0.00065941
2026-09-02T09:38:21.246193+00:00,9,18,KRW-PUMP,0.00344828
2026-09-02T09:38:21.246193+00:00,9,18,KRW-NEAR,0.00118367
2026-09-02T09:38:21.246193+00:00,9,18,KRW-ZBT,0.00896861
2026-09-02T09:38:21.246193+00:00,9,18,KRW-LA,0.00113186
2026-09-02T09:38:21.246193+00:00,9,18,KRW-CHIP,0.00159363
2026-09-02T09:38:21.246193+00:00,9,18,KRW-QUID,0.00563380
2026-09-02T09:38:21.246193+00:00,9,18,KRW-PENGU,0.00881057
2026-09-02T09:38:21.246193+00:00,9,18,KRW-AVAX,0.00051164
2026-09-02T09:38:21.246193+00:00,9,18,KRW-VIRTUAL,0.00105764
2026-09-02T09:38:21.246193+00:00,9,18,KRW-MOVE,0.00858369
2026-09-02T09:38:21.246193+00:00,9,18,KRW-UNI,0.00058841
2026-09-02T09:38:21.246193+00:00,9,18,KRW-PIEVERSE,0.00256575
2026-09-02T09:38:21.246193+00:00,9,18,KRW-PRL,0.00508906
2026-09-02T09:38:21.246193+00:00,9,18,KRW-HBAR,0.00995025
2026-09-02T09:38:21.246193+00:00,9,18,KRW-ONT,0.00137836
2026-09-02T09:38:21.246193+00:00,9,18,KRW-ENSO,0.00083160
2026-09-02T09:38:21.246193+00:00,9,18,KRW-XPL,0.00881057
2026-09-02T09:38:21.246193+00:00,9,18,KRW-SAHARA,0.00873362
2026-09-02T09:38:21.246193+00:00,9,18,KRW-AAVE,0.00172662
2026-09-02T09:38:21.246193+00:00,9,18,KRW-ARX,0.00586510
2026-09-02T09:38:21.246193+00:00,9,18,KRW-TRX,0.00450450
2026-09-02T09:38:21.246193+00:00,9,18,KRW-HOLO,0.00117440
2026-09-02T09:38:21.246193+00:00,9,18,KRW-WLFI,0.00255754
2026-09-02T09:38:21.246193+00:00,9,18,KRW-BCH,0.00059630
2026-09-02T09:38:21.246193+00:00,9,18,KRW-DATA,0.00389864
2026-09-02T09:38:21.246193+00:00,9,18,KRW-PLUME,0.00519481
2026-09-02T09:38:21.246193+00:00,9,18,KRW-ARB,0.00630915
2026-09-02T09:38:21.246193+00:00,9,18,KRW-STORJ,0.00851064
2026-09-02T09:38:21.246193+00:00,9,18,KRW-BONK,0.00363636
2026-09-02T09:38:21.246193+00:00,9,18,KRW-ETC,0.00252207
2026-09-02T09:38:21.246193+00:00,9,18,KRW-ESP,0.00888889
2026-09-02T09:38:21.246193+00:00,9,18,KRW-0G,0.00391389
2026-09-02T09:38:21.246193+00:00,9,18,KRW-META2,0.00680272
2026-09-02T09:38:21.246193+00:00,9,18,KRW-BSB,0.01369863
2026-09-02T09:38:21.246193+00:00,9,18,KRW-ERA,0.00250000
2026-09-02T09:38:21.246193+00:00,9,18,KRW-MIRA,0.00324149
2026-09-02T09:38:21.246193+00:00,9,18,KRW-SAND,0.00200200
2026-09-02T09:38:21.246193+00:00,9,18,KRW-PEPE,0.00212993
2026-09-02T09:38:21.246193+00:00,9,18,KRW-POL,0.00803213
2026-09-02T09:38:21.246193+00:00,9,18,KRW-STX,0.00286123
2026-09-02T09:38:21.246193+00:00,9,18,KRW-IRYS,0.00542005
2026-09-02T09:38:21.246193+00:00,9,18,KRW-AXS,0.00079713
2026-09-02T09:38:21.246193+00:00,9,18,KRW-TAO,0.00201410
2026-09-02T09:38:21.246193+00:00,9,18,KRW-ALGO,0.00809717
2026-09-02T09:38:21.246193+00:00,9,18,KRW-JTO,0.00343643
2026-09-02T09:38:21.246193+00:00,9,18,KRW-CC,0.00647249
2026-09-02T09:38:21.246193+00:00,9,18,KRW-BIRB,0.00381437
2026-09-02T09:38:21.246193+00:00,9,18,KRW-ME,0.00237530
2026-09-02T09:38:21.246193+00:00,9,18,KRW-SEI,0.00156128
2026-09-02T09:38:21.246193+00:00,9,18,KRW-ENS,0.00199667
2026-09-02T09:38:21.246193+00:00,9,18,KRW-ZRO,0.00143988
2026-09-02T09:38:21.246193+00:00,9,18,KRW-TRUMP,0.00032749
2026-09-02T09:38:21.246193+00:00,9,18,KRW-XEC,0.00106895
2026-09-02T09:38:21.246193+00:00,9,18,KRW-RVN,0.00519481
2026-09-02T09:38:21.246193+00:00,9,18,KRW-ZAMA,0.00442152
2026-09-02T09:38:21.246193+00:00,9,18,KRW-GEOD,0.00328407
2026-09-02T09:38:21.246193+00:00,9,18,KRW-AKT,0.00578871
2026-09-02T09:38:21.246193+00:00,9,18,KRW-FIL,0.00186220
2026-09-02T09:38:21.246193+00:00,9,18,KRW-APT,0.00131320
2026-09-02T09:38:21.246193+00:00,9,18,KRW-DRV,0.00516796
2026-09-02T09:38:21.246193+00:00,9,18,KRW-ID,0.00227531
2026-09-02T09:38:21.246193+00:00,9,18,KRW-SOON,0.00800000
2026-09-02T09:38:21.246193+00:00,9,18,KRW-O,0.00270270
2026-09-02T09:38:21.246193+00:00,9,18,KRW-AVNT,0.00716846
2026-09-02T09:38:21.246193+00:00,9,18,KRW-TREE,0.00184332
2026-09-02T09:38:21.246193+00:00,9,18,KRW-KITE,0.00539084
2026-09-02T09:38:21.246193+00:00,9,18,KRW-BLEND,0.00589275
2026-09-02T09:38:21.246193+00:00,9,18,KRW-MANTRA,0.00166806
2026-09-02T09:38:21.246193+00:00,9,18,KRW-CFG,0.00682594
2026-09-02T09:38:21.246193+00:00,9,18,KRW-GAS,0.00121359
2026-09-02T09:38:21.246193+00:00,9,18,KRW-BERA,0.00414079
2026-09-02T09:38:21.246193+00:00,9,18,KRW-MEGA,0.00395257
2026-09-02T09:38:21.246193+00:00,9,18,KRW-SOPH,0.00692042
2026-09-02T09:38:21.246193+00:00,9,18,KRW-UP2,0.00141343
2026-09-02T09:38:21.246193+00:00,9,18,KRW-ZORA,0.00975610
2026-09-02T09:38:21.246193+00:00,9,18,KRW-OPG,0.00732601
2026-09-02T09:38:21.246193+00:00,9,18,KRW-BSV,0.00046350
2026-09-02T09:38:21.246193+00:00,9,18,KRW-HYPER,0.00220507
2026-09-02T09:38:21.246193+00:00,9,18,KRW-TRAC,0.00452489
2026-09-02T09:38:21.246193+00:00,9,18,KRW-IN,0.00221484
2026-09-02T09:38:21.246193+00:00,9,18,KRW-ATH,0.00159363
2026-09-02T09:38:21.246193+00:00,9,18,KRW-ETHFI,0.00125865
2026-09-02T09:38:21.246193+00:00,9,18,KRW-MON,0.00566572
2026-09-02T09:38:21.246193+00:00,9,18,KRW-ZIL,0.00875912
2026-09-02T09:38:21.246193+00:00,9,18,KRW-B3,0.00323625
2026-09-02T09:38:21.246193+00:00,9,18,KRW-ELSA,0.00321543
2026-09-02T09:38:21.246193+00:00,9,18,KRW-JUP,0.00680272
2026-09-02T09:38:21.246193+00:00,9,18,KRW-SIGN,0.00772201
2026-09-02T09:38:21.246193+00:00,9,18,KRW-FLOCK,0.00193986
2026-09-02T09:38:21.246193+00:00,9,18,KRW-DEEP,0.00508906
2026-09-02T09:38:21.246193+00:00,9,18,KRW-G,0.00384615
2026-09-02T09:38:21.246193+00:00,9,18,KRW-INJ,0.00143369
2026-09-02T09:38:21.246193+00:00,9,18,KRW-VVV,0.00227428
2026-09-02T09:38:21.246193+00:00,9,18,KRW-BIGTIME,0.00112931
2026-09-02T09:38:21.246193+00:00,9,18,KRW-BIO,0.00287770
2026-09-02T09:38:21.246193+00:00,9,18,KRW-RENDER,0.00051666
2026-09-02T09:38:21.246193+00:00,9,18,KRW-BARD,0.00593472
2026-09-02T09:38:21.246193+00:00,9,18,KRW-CHZ,0.00547945
2026-09-02T09:38:21.246193+00:00,9,18,KRW-LSK,0.00732601
2026-09-02T09:38:21.246193+00:00,9,18,KRW-CRO,0.00267380
2026-09-02T09:38:21.246193+00:00,9,18,KRW-VANA,0.00330306
2026-09-02T09:38:21.246193+00:00,9,18,KRW-LAYER,0.00215285
2026-09-02T09:38:21.246193+00:00,9,18,KRW-RED,0.00655738
2026-09-02T09:38:21.246193+00:00,9,18,KRW-DOT,0.00171233
2026-09-02T09:38:21.246193+00:00,9,18,KRW-ATOM,0.00100351
2026-09-02T09:38:21.246193+00:00,9,18,KRW-DOOD,0.00547945
2026-09-02T09:38:21.246193+00:00,9,18,KRW-XAUT,0.00118153
2026-09-02T09:38:21.246193+00:00,9,18,KRW-BORA,0.00329489
2026-09-02T09:38:21.246193+00:00,9,18,KRW-AWE,0.00236686
2026-09-02T09:38:21.246193+00:00,9,18,KRW-WAVES,0.00336134
2026-09-02T09:38:21.246193+00:00,9,18,KRW-ZKP,0.00325733
2026-09-02T09:38:21.246193+00:00,9,18,KRW-EDGE,0.00430108
2026-09-02T09:38:21.246193+00:00,9,18,KRW-ELF,0.00343446
2026-09-02T09:38:21.246193+00:00,9,18,KRW-AI,0.00378072
2026-09-02T09:38:21.246193+00:00,9,18,KRW-SNT,0.00564653
2026-09-02T09:38:21.246193+00:00,9,18,KRW-OPEN,0.00593472
2026-09-02T09:38:21.246193+00:00,9,18,KRW-SKR,0.00332779
2026-09-02T09:38:21.246193+00:00,9,18,KRW-MET2,0.00379507
2026-09-02T09:38:21.246193+00:00,9,18,KRW-FF,0.00682594
2026-09-02T09:38:21.246193+00:00,9,18,KRW-KAT,0.00164880
2026-09-02T09:38:21.246193+00:00,9,18,KRW-W,0.00760456
2026-09-02T09:38:21.246193+00:00,9,18,KRW-PENDLE,0.00121729
2026-09-02T09:38:21.246193+00:00,9,18,KRW-SPK,0.00368324
2026-09-02T09:38:21.246193+00:00,9,18,KRW-PYTH,0.00267380
2026-09-02T09:38:21.246193+00:00,9,18,KRW-STEEM,0.00168492
2026-09-02T09:38:21.246193+00:00,9,18,KRW-COW,0.00576369
2026-09-02T09:39:23.910812+00:00,9,18,KRW-SHIB,0.00142349
2026-09-02T09:39:23.910812+00:00,9,18,KRW-KAITO,0.00242424
2026-09-02T09:39:23.910812+00:00,9,18,KRW-SUI,0.00101574
2026-09-02T09:39:23.910812+00:00,9,18,KRW-MMT,0.00466200
2026-09-02T09:39:23.910812+00:00,9,18,KRW-LINK,0.00131839
2026-09-02T09:39:23.910812+00:00,9,18,KRW-PUMP,0.00171674
2026-09-02T09:39:23.910812+00:00,9,18,KRW-NEAR,0.00157729
2026-09-02T09:39:23.910812+00:00,9,18,KRW-ZBT,0.00896861
2026-09-02T09:39:23.910812+00:00,9,18,KRW-LA,0.00112549
2026-09-02T09:39:23.910812+00:00,9,18,KRW-CHIP,0.00159363
2026-09-02T09:39:23.910812+00:00,9,18,KRW-QUID,0.00450958
2026-09-02T09:39:23.910812+00:00,9,18,KRW-PENGU,0.00881057
2026-09-02T09:39:23.910812+00:00,9,18,KRW-AVAX,0.00102302
2026-09-02T09:39:23.910812+00:00,9,18,KRW-VIRTUAL,0.00211416
2026-09-02T09:39:23.910812+00:00,9,18,KRW-MOVE,0.00858369
2026-09-02T09:39:23.910812+00:00,9,18,KRW-UNI,0.00176939
2026-09-02T09:39:23.910812+00:00,9,18,KRW-PIEVERSE,0.00192000
2026-09-02T09:39:23.910812+00:00,9,18,KRW-PRL,0.00508906
2026-09-02T09:39:23.910812+00:00,9,18,KRW-HBAR,0.00995025
2026-09-02T09:39:23.910812+00:00,9,18,KRW-ONT,0.00137836
2026-09-02T09:39:23.910812+00:00,9,18,KRW-ENSO,0.00166251
2026-09-02T09:39:23.910812+00:00,9,18,KRW-XPL,0.00881057
2026-09-02T09:39:23.910812+00:00,9,18,KRW-SAHARA,0.00873362
2026-09-02T09:39:23.910812+00:00,9,18,KRW-AAVE,0.00172563
2026-09-02T09:39:23.910812+00:00,9,18,KRW-ARX,0.00586510
2026-09-02T09:39:23.910812+00:00,9,18,KRW-TRX,0.00225479
2026-09-02T09:39:23.910812+00:00,9,18,KRW-HOLO,0.00234742
2026-09-02T09:39:23.910812+00:00,9,18,KRW-WLFI,0.00255754
2026-09-02T09:39:23.910812+00:00,9,18,KRW-BCH,0.00029837
2026-09-02T09:39:23.910812+00:00,9,18,KRW-DATA,0.00389864
2026-09-02T09:39:23.910812+00:00,9,18,KRW-PLUME,0.00516796
2026-09-02T09:39:23.910812+00:00,9,18,KRW-ARB,0.00630915
2026-09-02T09:39:23.910812+00:00,9,18,KRW-STORJ,0.00853485
2026-09-02T09:39:23.910812+00:00,9,18,KRW-BONK,0.00181653
2026-09-02T09:39:23.910812+00:00,9,18,KRW-ETC,0.00302572
2026-09-02T09:39:23.910812+00:00,9,18,KRW-ESP,0.00888889
2026-09-02T09:39:23.910812+00:00,9,18,KRW-0G,0.00392927
2026-09-02T09:39:23.910812+00:00,9,18,KRW-META2,0.00680272
2026-09-02T09:39:23.910812+00:00,9,18,KRW-BSB,0.00682594
2026-09-02T09:39:23.910812+00:00,9,18,KRW-ERA,0.00125078
2026-09-02T09:39:23.910812+00:00,9,18,KRW-MIRA,0.00325203
2026-09-02T09:39:23.910812+00:00,9,18,KRW-SAND,0.00402414
2026-09-02T09:39:23.910812+00:00,9,18,KRW-PEPE,0.00212993
2026-09-02T09:39:23.910812+00:00,9,18,KRW-POL,0.00803213
2026-09-02T09:39:23.910812+00:00,9,18,KRW-STX,0.00286123
2026-09-02T09:39:23.910812+00:00,9,18,KRW-IRYS,0.00542005
2026-09-02T09:39:23.910812+00:00,9,18,KRW-AXS,0.00079713
2026-09-02T09:39:23.910812+00:00,9,18,KRW-TAO,0.00167813
2026-09-02T09:39:23.910812+00:00,9,18,KRW-ALGO,0.00816327
2026-09-02T09:39:23.910812+00:00,9,18,KRW-JTO,0.00343643
2026-09-02T09:39:23.910812+00:00,9,18,KRW-CC,0.00647249
2026-09-02T09:39:23.910812+00:00,9,18,KRW-BIRB,0.00253485
2026-09-02T09:39:23.910812+00:00,9,18,KRW-ME,0.00118835
2026-09-02T09:39:23.910812+00:00,9,18,KRW-SEI,0.00156128
2026-09-02T09:39:23.910812+00:00,9,18,KRW-ENS,0.00066556
2026-09-02T09:39:23.910812+00:00,9,18,KRW-ZRO,0.00215905
2026-09-02T09:39:23.910812+00:00,9,18,KRW-TRUMP,0.00032749
2026-09-02T09:39:23.910812+00:00,9,18,KRW-XEC,0.00213675
2026-09-02T09:39:23.910812+00:00,9,18,KRW-RVN,0.00519481
2026-09-02T09:39:23.910812+00:00,9,18,KRW-ZAMA,0.00442152
2026-09-02T09:39:23.910812+00:00,9,18,KRW-GEOD,0.00328407
2026-09-02T09:39:23.910812+00:00,9,18,KRW-AKT,0.00578871
2026-09-02T09:39:23.910812+00:00,9,18,KRW-FIL,0.00279720
2026-09-02T09:39:23.910812+00:00,9,18,KRW-APT,0.00262812
2026-09-02T09:39:23.910812+00:00,9,18,KRW-DRV,0.00516796
2026-09-02T09:39:23.910812+00:00,9,18,KRW-ID,0.00227531
2026-09-02T09:39:23.910812+00:00,9,18,KRW-SOON,0.00399202
2026-09-02T09:39:23.910812+00:00,9,18,KRW-O,0.00269542
2026-09-02T09:39:23.910812+00:00,9,18,KRW-AVNT,0.00716846
2026-09-02T09:39:23.910812+00:00,9,18,KRW-TREE,0.00551978
2026-09-02T09:39:23.910812+00:00,9,18,KRW-KITE,0.00539084
2026-09-02T09:39:23.910812+00:00,9,18,KRW-BLEND,0.00589275
2026-09-02T09:39:23.910812+00:00,9,18,KRW-MANTRA,0.00166806
2026-09-02T09:39:23.910812+00:00,9,18,KRW-CFG,0.00682594
2026-09-02T09:39:23.910812+00:00,9,18,KRW-GAS,0.00303122
2026-09-02T09:39:23.910812+00:00,9,18,KRW-BERA,0.00829876
2026-09-02T09:39:23.910812+00:00,9,18,KRW-MEGA,0.00395257
2026-09-02T09:39:23.910812+00:00,9,18,KRW-SOPH,0.00277008
2026-09-02T09:39:23.910812+00:00,9,18,KRW-UP2,0.00141343
2026-09-02T09:39:23.910812+00:00,9,18,KRW-ZORA,0.00975610
2026-09-02T09:39:23.910812+00:00,9,18,KRW-OPG,0.00732601
2026-09-02T09:39:23.910812+00:00,9,18,KRW-BSV,0.00185615
2026-09-02T09:39:23.910812+00:00,9,18,KRW-HYPER,0.00220507
2026-09-02T09:39:23.910812+00:00,9,18,KRW-TRAC,0.00452489
2026-09-02T09:39:23.910812+00:00,9,18,KRW-IN,0.00221484
2026-09-02T09:39:23.910812+00:00,9,18,KRW-ATH,0.00159363
2026-09-02T09:39:23.910812+00:00,9,18,KRW-ETHFI,0.00125865
2026-09-02T09:39:23.910812+00:00,9,18,KRW-MON,0.00566572
2026-09-02T09:39:23.910812+00:00,9,18,KRW-ZIL,0.00875912
2026-09-02T09:39:23.910812+00:00,9,18,KRW-B3,0.00161681
2026-09-02T09:39:23.910812+00:00,9,18,KRW-ELSA,0.00321543
2026-09-02T09:39:23.910812+00:00,9,18,KRW-JUP,0.00680272
2026-09-02T09:39:23.910812+00:00,9,18,KRW-SIGN,0.00766284
2026-09-02T09:39:23.910812+00:00,9,18,KRW-FLOCK,0.00394477
2026-09-02T09:39:23.910812+00:00,9,18,KRW-DEEP,0.00508906
2026-09-02T09:39:23.910812+00:00,9,18,KRW-G,0.00383877
2026-09-02T09:39:23.910812+00:00,9,18,KRW-INJ,0.00071301
2026-09-02T09:39:23.910812+00:00,9,18,KRW-VVV,0.00227428
2026-09-02T09:39:23.910812+00:00,9,18,KRW-BIGTIME,0.00112931
2026-09-02T09:39:23.910812+00:00,9,18,KRW-BIO,0.00287770
2026-09-02T09:39:23.910812+00:00,9,18,KRW-RENDER,0.00051666
2026-09-02T09:39:23.910812+00:00,9,18,KRW-BARD,0.00593472
2026-09-02T09:39:23.910812+00:00,9,18,KRW-CHZ,0.00547945
2026-09-02T09:39:23.910812+00:00,9,18,KRW-LSK,0.00732601
2026-09-02T09:39:23.910812+00:00,9,18,KRW-CRO,0.00267380
2026-09-02T09:39:23.910812+00:00,9,18,KRW-VANA,0.00412712
2026-09-02T09:39:23.910812+00:00,9,18,KRW-LAYER,0.00215285
2026-09-02T09:39:23.910812+00:00,9,18,KRW-RED,0.00655738
2026-09-02T09:39:23.910812+00:00,9,18,KRW-DOT,0.00256520
2026-09-02T09:39:23.910812+00:00,9,18,KRW-ATOM,0.00150414
2026-09-02T09:39:23.910812+00:00,9,18,KRW-DOOD,0.01111111
2026-09-02T09:39:23.910812+00:00,9,18,KRW-XAUT,0.00118153
2026-09-02T09:39:23.910812+00:00,9,18,KRW-BORA,0.00660066
2026-09-02T09:39:23.910812+00:00,9,18,KRW-AWE,0.00118413
2026-09-02T09:39:23.910812+00:00,9,18,KRW-WAVES,0.01008403
2026-09-02T09:39:23.910812+00:00,9,18,KRW-ZKP,0.00162470
2026-09-02T09:39:23.910812+00:00,9,18,KRW-EDGE,0.00430108
2026-09-02T09:39:23.910812+00:00,9,18,KRW-ELF,0.00343446
2026-09-02T09:39:23.910812+00:00,9,18,KRW-AI,0.00378072
2026-09-02T09:39:23.910812+00:00,9,18,KRW-SNT,0.00113186
2026-09-02T09:39:23.910812+00:00,9,18,KRW-OPEN,0.00593472
2026-09-02T09:39:23.910812+00:00,9,18,KRW-SKR,0.00331675
2026-09-02T09:39:23.910812+00:00,9,18,KRW-MET2,0.00379507
2026-09-02T09:39:23.910812+00:00,9,18,KRW-FF,0.01360544
2026-09-02T09:39:23.910812+00:00,9,18,KRW-KAT,0.00164880
2026-09-02T09:39:23.910812+00:00,9,18,KRW-W,0.00760456
2026-09-02T09:39:23.910812+00:00,9,18,KRW-PENDLE,0.00283688
2026-09-02T09:39:23.910812+00:00,9,18,KRW-SPK,0.00368324
2026-09-02T09:39:23.910812+00:00,9,18,KRW-PYTH,0.00267380
2026-09-02T09:39:23.910812+00:00,9,18,KRW-STEEM,0.00168492
2026-09-02T09:39:23.910812+00:00,9,18,KRW-COW,0.01156069
2026-09-02T09:40:26.419689+00:00,9,18,KRW-SHIB,0.00142349
2026-09-02T09:40:26.419689+00:00,9,18,KRW-KAITO,0.00484262
2026-09-02T09:40:26.419689+00:00,9,18,KRW-SUI,0.00101574
2026-09-02T09:40:26.419689+00:00,9,18,KRW-MMT,0.00466200
2026-09-02T09:40:26.419689+00:00,9,18,KRW-LINK,0.00197824
2026-09-02T09:40:26.419689+00:00,9,18,KRW-PUMP,0.00343053
2026-09-02T09:40:26.419689+00:00,9,18,KRW-NEAR,0.00157729
2026-09-02T09:40:26.419689+00:00,9,18,KRW-ZBT,0.00896861
2026-09-02T09:40:26.419689+00:00,9,18,KRW-LA,0.00112676
2026-09-02T09:40:26.419689+00:00,9,18,KRW-CHIP,0.00319489
2026-09-02T09:40:26.419689+00:00,9,18,KRW-QUID,0.00450958
2026-09-02T09:40:26.419689+00:00,9,18,KRW-PENGU,0.00881057
2026-09-02T09:40:26.419689+00:00,9,18,KRW-AVAX,0.00051112
2026-09-02T09:40:26.419689+00:00,9,18,KRW-VIRTUAL,0.00211416
2026-09-02T09:40:26.419689+00:00,9,18,KRW-MOVE,0.00858369
2026-09-02T09:40:26.419689+00:00,9,18,KRW-UNI,0.00177883
2026-09-02T09:40:26.419689+00:00,9,18,KRW-PIEVERSE,0.00256739
2026-09-02T09:40:26.419689+00:00,9,18,KRW-PRL,0.00508906
2026-09-02T09:40:26.419689+00:00,9,18,KRW-HBAR,0.00995025
2026-09-02T09:40:26.419689+00:00,9,18,KRW-ONT,0.00137836
2026-09-02T09:40:26.419689+00:00,9,18,KRW-ENSO,0.00165975
2026-09-02T09:40:26.419689+00:00,9,18,KRW-XPL,0.00881057
2026-09-02T09:40:26.419689+00:00,9,18,KRW-SAHARA,0.00873362
2026-09-02T09:40:26.419689+00:00,9,18,KRW-AAVE,0.00172364
2026-09-02T09:40:26.419689+00:00,9,18,KRW-ARX,0.00586510
2026-09-02T09:40:26.419689+00:00,9,18,KRW-TRX,0.00225479
2026-09-02T09:40:26.419689+00:00,9,18,KRW-HOLO,0.00234742
2026-09-02T09:40:26.419689+00:00,9,18,KRW-WLFI,0.00255754
2026-09-02T09:40:26.419689+00:00,9,18,KRW-BCH,0.00119296
2026-09-02T09:40:26.419689+00:00,9,18,KRW-DATA,0.00389864
2026-09-02T09:40:26.419689+00:00,9,18,KRW-PLUME,0.00516796
2026-09-02T09:40:26.419689+00:00,9,18,KRW-ARB,0.00630915
2026-09-02T09:40:26.419689+00:00,9,18,KRW-STORJ,0.00425834
2026-09-02T09:40:26.419689+00:00,9,18,KRW-BONK,0.00365631
2026-09-02T09:40:26.419689+00:00,9,18,KRW-ETC,0.00252207
2026-09-02T09:40:26.419689+00:00,9,18,KRW-ESP,0.00888889
2026-09-02T09:40:26.419689+00:00,9,18,KRW-0G,0.00784314
2026-09-02T09:40:26.419689+00:00,9,18,KRW-META2,0.00680272
2026-09-02T09:40:26.419689+00:00,9,18,KRW-BSB,0.01369863
2026-09-02T09:40:26.419689+00:00,9,18,KRW-ERA,0.00250941
2026-09-02T09:40:26.419689+00:00,9,18,KRW-MIRA,0.00325203
2026-09-02T09:40:26.419689+00:00,9,18,KRW-SAND,0.00201410
2026-09-02T09:40:26.419689+00:00,9,18,KRW-PEPE,0.00212993
2026-09-02T09:40:26.419689+00:00,9,18,KRW-POL,0.00803213
2026-09-02T09:40:26.419689+00:00,9,18,KRW-STX,0.00285307
2026-09-02T09:40:26.419689+00:00,9,18,KRW-IRYS,0.00542005
2026-09-02T09:40:26.419689+00:00,9,18,KRW-AXS,0.00159490
2026-09-02T09:40:26.419689+00:00,9,18,KRW-TAO,0.00167813
2026-09-02T09:40:26.419689+00:00,9,18,KRW-ALGO,0.00816327
2026-09-02T09:40:26.419689+00:00,9,18,KRW-JTO,0.00171674
2026-09-02T09:40:26.419689+00:00,9,18,KRW-CC,0.00647249
2026-09-02T09:40:26.419689+00:00,9,18,KRW-BIRB,0.00506971
2026-09-02T09:40:26.419689+00:00,9,18,KRW-ME,0.00237530
2026-09-02T09:40:26.419689+00:00,9,18,KRW-SEI,0.00156128
2026-09-02T09:40:26.419689+00:00,9,18,KRW-ENS,0.00133067
2026-09-02T09:40:26.419689+00:00,9,18,KRW-ZRO,0.00215905
2026-09-02T09:40:26.419689+00:00,9,18,KRW-TRUMP,0.00032749
2026-09-02T09:40:26.419689+00:00,9,18,KRW-XEC,0.00213675
2026-09-02T09:40:26.419689+00:00,9,18,KRW-RVN,0.00519481
2026-09-02T09:40:26.419689+00:00,9,18,KRW-ZAMA,0.00294551
2026-09-02T09:40:26.419689+00:00,9,18,KRW-GEOD,0.00328407
2026-09-02T09:40:26.419689+00:00,9,18,KRW-AKT,0.00145243
2026-09-02T09:40:26.419689+00:00,9,18,KRW-FIL,0.00278940
2026-09-02T09:40:26.419689+00:00,9,18,KRW-APT,0.00262467
2026-09-02T09:40:26.419689+00:00,9,18,KRW-DRV,0.00516796
2026-09-02T09:40:26.419689+00:00,9,18,KRW-ID,0.00454545
2026-09-02T09:40:26.419689+00:00,9,18,KRW-SOON,0.00399202
2026-09-02T09:40:26.419689+00:00,9,18,KRW-O,0.00269906
2026-09-02T09:40:26.419689+00:00,9,18,KRW-AVNT,0.00716846
2026-09-02T09:40:26.419689+00:00,9,18,KRW-TREE,0.00368324
2026-09-02T09:40:26.419689+00:00,9,18,KRW-KITE,0.00539084
2026-09-02T09:40:26.419689+00:00,9,18,KRW-BLEND,0.00471698
2026-09-02T09:40:26.419689+00:00,9,18,KRW-MANTRA,0.00334448
2026-09-02T09:40:26.419689+00:00,9,18,KRW-CFG,0.00677966
2026-09-02T09:40:26.419689+00:00,9,18,KRW-GAS,0.00303306
2026-09-02T09:40:26.419689+00:00,9,18,KRW-BERA,0.00829876
2026-09-02T09:40:26.419689+00:00,9,18,KRW-MEGA,0.00198216
2026-09-02T09:40:26.419689+00:00,9,18,KRW-SOPH,0.00139373
2026-09-02T09:40:26.419689+00:00,9,18,KRW-UP2,0.00141343
2026-09-02T09:40:26.419689+00:00,9,18,KRW-ZORA,0.00975610
2026-09-02T09:40:26.419689+00:00,9,18,KRW-OPG,0.00732601
2026-09-02T09:40:26.419689+00:00,9,18,KRW-BSV,0.00185615
2026-09-02T09:40:26.419689+00:00,9,18,KRW-HYPER,0.00220507
2026-09-02T09:40:26.419689+00:00,9,18,KRW-TRAC,0.00452489
2026-09-02T09:40:26.419689+00:00,9,18,KRW-IN,0.00221484
2026-09-02T09:40:26.419689+00:00,9,18,KRW-ATH,0.00159617
2026-09-02T09:40:26.419689+00:00,9,18,KRW-ETHFI,0.00125865
2026-09-02T09:40:26.419689+00:00,9,18,KRW-MON,0.00566572
2026-09-02T09:40:26.419689+00:00,9,18,KRW-ZIL,0.00875912
2026-09-02T09:40:26.419689+00:00,9,18,KRW-B3,0.00161681
2026-09-02T09:40:26.419689+00:00,9,18,KRW-ELSA,0.00321543
2026-09-02T09:40:26.419689+00:00,9,18,KRW-JUP,0.00680272
2026-09-02T09:40:26.419689+00:00,9,18,KRW-SIGN,0.00766284
2026-09-02T09:40:26.419689+00:00,9,18,KRW-FLOCK,0.00195886
2026-09-02T09:40:26.419689+00:00,9,18,KRW-DEEP,0.00508906
2026-09-02T09:40:26.419689+00:00,9,18,KRW-G,0.00383877
2026-09-02T09:40:26.419689+00:00,9,18,KRW-INJ,0.00214056
2026-09-02T09:40:26.419689+00:00,9,18,KRW-VVV,0.00136581
2026-09-02T09:40:26.419689+00:00,9,18,KRW-BIGTIME,0.00112803
2026-09-02T09:40:26.419689+00:00,9,18,KRW-BIO,0.00287770
2026-09-02T09:40:26.419689+00:00,9,18,KRW-RENDER,0.00154919
2026-09-02T09:40:26.419689+00:00,9,18,KRW-BARD,0.00593472
2026-09-02T09:40:26.419689+00:00,9,18,KRW-CHZ,0.00547945
2026-09-02T09:40:26.419689+00:00,9,18,KRW-LSK,0.00732601
2026-09-02T09:40:26.419689+00:00,9,18,KRW-CRO,0.00267380
2026-09-02T09:40:26.419689+00:00,9,18,KRW-VANA,0.00412712
2026-09-02T09:40:26.419689+00:00,9,18,KRW-LAYER,0.00215285
2026-09-02T09:40:26.419689+00:00,9,18,KRW-RED,0.00655738
2026-09-02T09:40:26.419689+00:00,9,18,KRW-DOT,0.00171527
2026-09-02T09:40:26.419689+00:00,9,18,KRW-ATOM,0.00300601
2026-09-02T09:40:26.419689+00:00,9,18,KRW-DOOD,0.00554017
2026-09-02T09:40:26.419689+00:00,9,18,KRW-XAUT,0.00185732
2026-09-02T09:40:26.419689+00:00,9,18,KRW-BORA,0.00330579
2026-09-02T09:40:26.419689+00:00,9,18,KRW-AWE,0.00118413
2026-09-02T09:40:26.419689+00:00,9,18,KRW-WAVES,0.01008403
2026-09-02T09:40:26.419689+00:00,9,18,KRW-ZKP,0.00325733
2026-09-02T09:40:26.419689+00:00,9,18,KRW-EDGE,0.00430108
2026-09-02T09:40:26.419689+00:00,9,18,KRW-ELF,0.00343446
2026-09-02T09:40:26.419689+00:00,9,18,KRW-AI,0.00378072
2026-09-02T09:40:26.419689+00:00,9,18,KRW-SNT,0.00564653
2026-09-02T09:40:26.419689+00:00,9,18,KRW-OPEN,0.00597015
2026-09-02T09:40:26.419689+00:00,9,18,KRW-SKR,0.00664452
2026-09-02T09:40:26.419689+00:00,9,18,KRW-MET2,0.00379507
2026-09-02T09:40:26.419689+00:00,9,18,KRW-FF,0.00673401
2026-09-02T09:40:26.419689+00:00,9,18,KRW-KAT,0.00164880
2026-09-02T09:40:26.419689+00:00,9,18,KRW-W,0.00760456
2026-09-02T09:40:26.419689+00:00,9,18,KRW-PENDLE,0.00162272
2026-09-02T09:40:26.419689+00:00,9,18,KRW-SPK,0.00735294
2026-09-02T09:40:26.419689+00:00,9,18,KRW-PYTH,0.00133601
2026-09-02T09:40:26.419689+00:00,9,18,KRW-STEEM,0.00168492
2026-09-02T09:40:26.419689+00:00,9,18,KRW-COW,0.01156069
2026-09-02T09:41:29.337646+00:00,9,18,KRW-SHIB,0.00142349
2026-09-02T09:41:29.337646+00:00,9,18,KRW-KAITO,0.00484262
2026-09-02T09:41:29.337646+00:00,9,18,KRW-SUI,0.00101471
2026-09-02T09:41:29.337646+00:00,9,18,KRW-MMT,0.00466200
2026-09-02T09:41:29.337646+00:00,9,18,KRW-LINK,0.00131839
2026-09-02T09:41:29.337646+00:00,9,18,KRW-PUMP,0.00343053
2026-09-02T09:41:29.337646+00:00,9,18,KRW-NEAR,0.00157667
2026-09-02T09:41:29.337646+00:00,9,18,KRW-ZBT,0.00896861
2026-09-02T09:41:29.337646+00:00,9,18,KRW-LA,0.00113830
2026-09-02T09:41:29.337646+00:00,9,18,KRW-CHIP,0.00478088
2026-09-02T09:41:29.337646+00:00,9,18,KRW-QUID,0.00450958
2026-09-02T09:41:29.337646+00:00,9,18,KRW-PENGU,0.00881057
2026-09-02T09:41:29.337646+00:00,9,18,KRW-AVAX,0.00051138
2026-09-02T09:41:29.337646+00:00,9,18,KRW-VIRTUAL,0.00211416
2026-09-02T09:41:29.337646+00:00,9,18,KRW-MOVE,0.00858369
2026-09-02T09:41:29.337646+00:00,9,18,KRW-UNI,0.00118343
2026-09-02T09:41:29.337646+00:00,9,18,KRW-PIEVERSE,0.00128205
2026-09-02T09:41:29.337646+00:00,9,18,KRW-PRL,0.00508906
2026-09-02T09:41:29.337646+00:00,9,18,KRW-HBAR,0.00995025
2026-09-02T09:41:29.337646+00:00,9,18,KRW-ONT,0.00137836
2026-09-02T09:41:29.337646+00:00,9,18,KRW-ENSO,0.00249273
2026-09-02T09:41:29.337646+00:00,9,18,KRW-XPL,0.00881057
2026-09-02T09:41:29.337646+00:00,9,18,KRW-SAHARA,0.00873362
2026-09-02T09:41:29.337646+00:00,9,18,KRW-AAVE,0.00172463
2026-09-02T09:41:29.337646+00:00,9,18,KRW-ARX,0.01176471
2026-09-02T09:41:29.337646+00:00,9,18,KRW-TRX,0.00225479
2026-09-02T09:41:29.337646+00:00,9,18,KRW-HOLO,0.00234742
2026-09-02T09:41:29.337646+00:00,9,18,KRW-WLFI,0.00255754
2026-09-02T09:41:29.337646+00:00,9,18,KRW-BCH,0.00119296
2026-09-02T09:41:29.337646+00:00,9,18,KRW-DATA,0.00389864
2026-09-02T09:41:29.337646+00:00,9,18,KRW-PLUME,0.00516796
2026-09-02T09:41:29.337646+00:00,9,18,KRW-ARB,0.00630915
2026-09-02T09:41:29.337646+00:00,9,18,KRW-STORJ,0.00425834
2026-09-02T09:41:29.337646+00:00,9,18,KRW-BONK,0.00182983
2026-09-02T09:41:29.337646+00:00,9,18,KRW-ETC,0.00252207
2026-09-02T09:41:29.337646+00:00,9,18,KRW-ESP,0.00888889
2026-09-02T09:41:29.337646+00:00,9,18,KRW-0G,0.00784314
2026-09-02T09:41:29.337646+00:00,9,18,KRW-META2,0.01502732
2026-09-02T09:41:29.337646+00:00,9,18,KRW-BSB,0.01369863
2026-09-02T09:41:29.337646+00:00,9,18,KRW-ERA,0.00375704
2026-09-02T09:41:29.337646+00:00,9,18,KRW-MIRA,0.00324675
2026-09-02T09:41:29.337646+00:00,9,18,KRW-SAND,0.00200602
2026-09-02T09:41:29.337646+00:00,9,18,KRW-PEPE,0.00212993
2026-09-02T09:41:29.337646+00:00,9,18,KRW-POL,0.00803213
2026-09-02T09:41:29.337646+00:00,9,18,KRW-STX,0.00286123
2026-09-02T09:41:29.337646+00:00,9,18,KRW-IRYS,0.00542005
2026-09-02T09:41:29.337646+00:00,9,18,KRW-AXS,0.00159490
2026-09-02T09:41:29.337646+00:00,9,18,KRW-TAO,0.00167757
2026-09-02T09:41:29.337646+00:00,9,18,KRW-ALGO,0.00816327
2026-09-02T09:41:29.337646+00:00,9,18,KRW-JTO,0.00171674
2026-09-02T09:41:29.337646+00:00,9,18,KRW-CC,0.00647249
2026-09-02T09:41:29.337646+00:00,9,18,KRW-BIRB,0.00380469
2026-09-02T09:41:29.337646+00:00,9,18,KRW-ME,0.00237530
2026-09-02T09:41:29.337646+00:00,9,18,KRW-SEI,0.00156128
2026-09-02T09:41:29.337646+00:00,9,18,KRW-ENS,0.00199667
2026-09-02T09:41:29.337646+00:00,9,18,KRW-ZRO,0.00215905
2026-09-02T09:41:29.337646+00:00,9,18,KRW-TRUMP,0.00065574
2026-09-02T09:41:29.337646+00:00,9,18,KRW-XEC,0.00213675
2026-09-02T09:41:29.337646+00:00,9,18,KRW-RVN,0.00519481
2026-09-02T09:41:29.337646+00:00,9,18,KRW-ZAMA,0.00294551
2026-09-02T09:41:29.337646+00:00,9,18,KRW-GEOD,0.00328407
2026-09-02T09:41:29.337646+00:00,9,18,KRW-AKT,0.00145243
2026-09-02T09:41:29.337646+00:00,9,18,KRW-FIL,0.00278422
2026-09-02T09:41:29.337646+00:00,9,18,KRW-APT,0.00262812
2026-09-02T09:41:29.337646+00:00,9,18,KRW-DRV,0.00516796
2026-09-02T09:41:29.337646+00:00,9,18,KRW-ID,0.00454545
2026-09-02T09:41:29.337646+00:00,9,18,KRW-SOON,0.00399202
2026-09-02T09:41:29.337646+00:00,9,18,KRW-O,0.00541272
2026-09-02T09:41:29.337646+00:00,9,18,KRW-AVNT,0.00716846
2026-09-02T09:41:29.337646+00:00,9,18,KRW-TREE,0.00368324
2026-09-02T09:41:29.337646+00:00,9,18,KRW-KITE,0.00539084
2026-09-02T09:41:29.337646+00:00,9,18,KRW-BLEND,0.00353565
2026-09-02T09:41:29.337646+00:00,9,18,KRW-MANTRA,0.00334448
2026-09-02T09:41:29.337646+00:00,9,18,KRW-CFG,0.00677966
2026-09-02T09:41:29.337646+00:00,9,18,KRW-GAS,0.00242571
2026-09-02T09:41:29.337646+00:00,9,18,KRW-BERA,0.00829876
2026-09-02T09:41:29.337646+00:00,9,18,KRW-MEGA,0.00395257
2026-09-02T09:41:29.337646+00:00,9,18,KRW-SOPH,0.00555556
2026-09-02T09:41:29.337646+00:00,9,18,KRW-UP2,0.00282885
2026-09-02T09:41:29.337646+00:00,9,18,KRW-ZORA,0.00975610
2026-09-02T09:41:29.337646+00:00,9,18,KRW-OPG,0.00732601
2026-09-02T09:41:29.337646+00:00,9,18,KRW-BSV,0.00185615
2026-09-02T09:41:29.337646+00:00,9,18,KRW-HYPER,0.00220507
2026-09-02T09:41:29.337646+00:00,9,18,KRW-TRAC,0.00226501
2026-09-02T09:41:29.337646+00:00,9,18,KRW-IN,0.00220994
2026-09-02T09:41:29.337646+00:00,9,18,KRW-ATH,0.00159617
2026-09-02T09:41:29.337646+00:00,9,18,KRW-ETHFI,0.00125865
2026-09-02T09:41:29.337646+00:00,9,18,KRW-MON,0.00566572
2026-09-02T09:41:29.337646+00:00,9,18,KRW-ZIL,0.00878477
2026-09-02T09:41:29.337646+00:00,9,18,KRW-B3,0.00161681
2026-09-02T09:41:29.337646+00:00,9,18,KRW-ELSA,0.00321543
2026-09-02T09:41:29.337646+00:00,9,18,KRW-JUP,0.00680272
2026-09-02T09:41:29.337646+00:00,9,18,KRW-SIGN,0.00766284
2026-09-02T09:41:29.337646+00:00,9,18,KRW-FLOCK,0.00392927
2026-09-02T09:41:29.337646+00:00,9,18,KRW-DEEP,0.00508906
2026-09-02T09:41:29.337646+00:00,9,18,KRW-G,0.00383877
2026-09-02T09:41:29.337646+00:00,9,18,KRW-INJ,0.00215750
2026-09-02T09:41:29.337646+00:00,9,18,KRW-VVV,0.00136581
2026-09-02T09:41:29.337646+00:00,9,18,KRW-BIGTIME,0.00225225
2026-09-02T09:41:29.337646+00:00,9,18,KRW-BIO,0.00287770
2026-09-02T09:41:29.337646+00:00,9,18,KRW-RENDER,0.00051560
2026-09-02T09:41:29.337646+00:00,9,18,KRW-BARD,0.00593472
2026-09-02T09:41:29.337646+00:00,9,18,KRW-CHZ,0.00547945
2026-09-02T09:41:29.337646+00:00,9,18,KRW-LSK,0.00732601
2026-09-02T09:41:29.337646+00:00,9,18,KRW-CRO,0.00133779
2026-09-02T09:41:29.337646+00:00,9,18,KRW-VANA,0.00412712
2026-09-02T09:41:29.337646+00:00,9,18,KRW-LAYER,0.00215285
2026-09-02T09:41:29.337646+00:00,9,18,KRW-RED,0.00655738
2026-09-02T09:41:29.337646+00:00,9,18,KRW-DOT,0.00171380
2026-09-02T09:41:29.337646+00:00,9,18,KRW-ATOM,0.00250438
2026-09-02T09:41:29.337646+00:00,9,18,KRW-DOOD,0.00554017
2026-09-02T09:41:29.337646+00:00,9,18,KRW-XAUT,0.00185732
2026-09-02T09:41:29.337646+00:00,9,18,KRW-BORA,0.00330579
2026-09-02T09:41:29.337646+00:00,9,18,KRW-AWE,0.00236686
2026-09-02T09:41:29.337646+00:00,9,18,KRW-WAVES,0.00671141
2026-09-02T09:41:29.337646+00:00,9,18,KRW-ZKP,0.00488202
2026-09-02T09:41:29.337646+00:00,9,18,KRW-EDGE,0.00430108
2026-09-02T09:41:29.337646+00:00,9,18,KRW-ELF,0.00343446
2026-09-02T09:41:29.337646+00:00,9,18,KRW-AI,0.00378072
2026-09-02T09:41:29.337646+00:00,9,18,KRW-SNT,0.00451977
2026-09-02T09:41:29.337646+00:00,9,18,KRW-OPEN,0.00597015
2026-09-02T09:41:29.337646+00:00,9,18,KRW-SKR,0.00664452
2026-09-02T09:41:29.337646+00:00,9,18,KRW-MET2,0.00379507
2026-09-02T09:41:29.337646+00:00,9,18,KRW-FF,0.00673401
2026-09-02T09:41:29.337646+00:00,9,18,KRW-KAT,0.00164880
2026-09-02T09:41:29.337646+00:00,9,18,KRW-W,0.00754717
2026-09-02T09:41:29.337646+00:00,9,18,KRW-PENDLE,0.00162338
2026-09-02T09:41:29.337646+00:00,9,18,KRW-SPK,0.00735294
2026-09-02T09:41:29.337646+00:00,9,18,KRW-PYTH,0.00267023
2026-09-02T09:41:29.337646+00:00,9,18,KRW-STEEM,0.00168492
2026-09-02T09:41:29.337646+00:00,9,18,KRW-COW,0.01156069
2026-09-02T09:42:31.976759+00:00,9,18,KRW-SHIB,0.00142349
2026-09-02T09:42:31.976759+00:00,9,18,KRW-KAITO,0.00242424
2026-09-02T09:42:31.976759+00:00,9,18,KRW-SUI,0.00101574
2026-09-02T09:42:31.976759+00:00,9,18,KRW-MMT,0.00466200
2026-09-02T09:42:31.976759+00:00,9,18,KRW-LINK,0.00131926
2026-09-02T09:42:31.976759+00:00,9,18,KRW-PUMP,0.00343643
2026-09-02T09:42:31.976759+00:00,9,18,KRW-NEAR,0.00118320
2026-09-02T09:42:31.976759+00:00,9,18,KRW-ZBT,0.00896861
2026-09-02T09:42:31.976759+00:00,9,18,KRW-LA,0.00114482
2026-09-02T09:42:31.976759+00:00,9,18,KRW-CHIP,0.00317965
2026-09-02T09:42:31.976759+00:00,9,18,KRW-QUID,0.00113186
2026-09-02T09:42:31.976759+00:00,9,18,KRW-PENGU,0.00881057
2026-09-02T09:42:31.976759+00:00,9,18,KRW-AVAX,0.00102302
2026-09-02T09:42:31.976759+00:00,9,18,KRW-VIRTUAL,0.00105764
2026-09-02T09:42:31.976759+00:00,9,18,KRW-MOVE,0.00858369
2026-09-02T09:42:31.976759+00:00,9,18,KRW-UNI,0.00178094
2026-09-02T09:42:31.976759+00:00,9,18,KRW-PIEVERSE,0.00128205
2026-09-02T09:42:31.976759+00:00,9,18,KRW-PRL,0.00508906
2026-09-02T09:42:31.976759+00:00,9,18,KRW-HBAR,0.00995025
2026-09-02T09:42:31.976759+00:00,9,18,KRW-ONT,0.00137836
2026-09-02T09:42:31.976759+00:00,9,18,KRW-ENSO,0.00249273
2026-09-02T09:42:31.976759+00:00,9,18,KRW-XPL,0.00881057
2026-09-02T09:42:31.976759+00:00,9,18,KRW-SAHARA,0.00873362
2026-09-02T09:42:31.976759+00:00,9,18,KRW-AAVE,0.00057488
2026-09-02T09:42:31.976759+00:00,9,18,KRW-ARX,0.00589971
2026-09-02T09:42:31.976759+00:00,9,18,KRW-TRX,0.00224972
2026-09-02T09:42:31.976759+00:00,9,18,KRW-HOLO,0.00234742
2026-09-02T09:42:31.976759+00:00,9,18,KRW-WLFI,0.00255754
2026-09-02T09:42:31.976759+00:00,9,18,KRW-BCH,0.00089485
2026-09-02T09:42:31.976759+00:00,9,18,KRW-DATA,0.00389864
2026-09-02T09:42:31.976759+00:00,9,18,KRW-PLUME,0.00516796
2026-09-02T09:42:31.976759+00:00,9,18,KRW-ARB,0.00630915
2026-09-02T09:42:31.976759+00:00,9,18,KRW-STORJ,0.00142349
2026-09-02T09:42:31.976759+00:00,9,18,KRW-BONK,0.00181984
2026-09-02T09:42:31.976759+00:00,9,18,KRW-ETC,0.00252207
2026-09-02T09:42:31.976759+00:00,9,18,KRW-ESP,0.00888889
2026-09-02T09:42:31.976759+00:00,9,18,KRW-0G,0.00392927
2026-09-02T09:42:31.976759+00:00,9,18,KRW-META2,0.00068705
2026-09-02T09:42:31.976759+00:00,9,18,KRW-BSB,0.00687285
2026-09-02T09:42:31.976759+00:00,9,18,KRW-ERA,0.00375235
2026-09-02T09:42:31.976759+00:00,9,18,KRW-MIRA,0.00324149
2026-09-02T09:42:31.976759+00:00,9,18,KRW-SAND,0.00200602
2026-09-02T09:42:31.976759+00:00,9,18,KRW-PEPE,0.00212993
2026-09-02T09:42:31.976759+00:00,9,18,KRW-POL,0.00803213
2026-09-02T09:42:31.976759+00:00,9,18,KRW-STX,0.00286123
2026-09-02T09:42:31.976759+00:00,9,18,KRW-IRYS,0.00542005
2026-09-02T09:42:31.976759+00:00,9,18,KRW-AXS,0.00159490
2026-09-02T09:42:31.976759+00:00,9,18,KRW-TAO,0.00134228
2026-09-02T09:42:31.976759+00:00,9,18,KRW-ALGO,0.00816327
2026-09-02T09:42:31.976759+00:00,9,18,KRW-JTO,0.00171674
2026-09-02T09:42:31.976759+00:00,9,18,KRW-CC,0.00647249
2026-09-02T09:42:31.976759+00:00,9,18,KRW-BIRB,0.00380469
2026-09-02T09:42:31.976759+00:00,9,18,KRW-ME,0.00237812
2026-09-02T09:42:31.976759+00:00,9,18,KRW-SEI,0.00156128
2026-09-02T09:42:31.976759+00:00,9,18,KRW-ENS,0.00066600
2026-09-02T09:42:31.976759+00:00,9,18,KRW-ZRO,0.00143988
2026-09-02T09:42:31.976759+00:00,9,18,KRW-TRUMP,0.00098733
2026-09-02T09:42:31.976759+00:00,9,18,KRW-XEC,0.00213675
2026-09-02T09:42:31.976759+00:00,9,18,KRW-RVN,0.00260078
2026-09-02T09:42:31.976759+00:00,9,18,KRW-ZAMA,0.00294551
2026-09-02T09:42:31.976759+00:00,9,18,KRW-GEOD,0.00328407
2026-09-02T09:42:31.976759+00:00,9,18,KRW-AKT,0.00145243
2026-09-02T09:42:31.976759+00:00,9,18,KRW-FIL,0.00185701
2026-09-02T09:42:31.976759+00:00,9,18,KRW-APT,0.00262812
2026-09-02T09:42:31.976759+00:00,9,18,KRW-DRV,0.00516796
2026-09-02T09:42:31.976759+00:00,9,18,KRW-ID,0.00454545
2026-09-02T09:42:31.976759+00:00,9,18,KRW-SOON,0.00399202
2026-09-02T09:42:31.976759+00:00,9,18,KRW-O,0.00542005
2026-09-02T09:42:31.976759+00:00,9,18,KRW-AVNT,0.00716846
2026-09-02T09:42:31.976759+00:00,9,18,KRW-TREE,0.00366300
2026-09-02T09:42:31.976759+00:00,9,18,KRW-KITE,0.00539084
2026-09-02T09:42:31.976759+00:00,9,18,KRW-BLEND,0.00353565
2026-09-02T09:42:31.976759+00:00,9,18,KRW-MANTRA,0.00335008
2026-09-02T09:42:31.976759+00:00,9,18,KRW-CFG,0.00677966
2026-09-02T09:42:31.976759+00:00,9,18,KRW-GAS,0.00182094
2026-09-02T09:42:31.976759+00:00,9,18,KRW-BERA,0.00415800
2026-09-02T09:42:31.976759+00:00,9,18,KRW-MEGA,0.00395257
2026-09-02T09:42:31.976759+00:00,9,18,KRW-SOPH,0.00139179
2026-09-02T09:42:31.976759+00:00,9,18,KRW-UP2,0.00141543
2026-09-02T09:42:31.976759+00:00,9,18,KRW-ZORA,0.00975610
2026-09-02T09:42:31.976759+00:00,9,18,KRW-OPG,0.00732601
2026-09-02T09:42:31.976759+00:00,9,18,KRW-BSV,0.00185615
2026-09-02T09:42:31.976759+00:00,9,18,KRW-HYPER,0.00220507
2026-09-02T09:42:31.976759+00:00,9,18,KRW-TRAC,0.00226501
2026-09-02T09:42:31.976759+00:00,9,18,KRW-IN,0.00442478
2026-09-02T09:42:31.976759+00:00,9,18,KRW-ATH,0.00319489
2026-09-02T09:42:31.976759+00:00,9,18,KRW-ETHFI,0.00252207
2026-09-02T09:42:31.976759+00:00,9,18,KRW-MON,0.00566572
2026-09-02T09:42:31.976759+00:00,9,18,KRW-ZIL,0.00291971
2026-09-02T09:42:31.976759+00:00,9,18,KRW-B3,0.00161681
2026-09-02T09:42:31.976759+00:00,9,18,KRW-ELSA,0.00321543
2026-09-02T09:42:31.976759+00:00,9,18,KRW-JUP,0.00340716
2026-09-02T09:42:31.976759+00:00,9,18,KRW-SIGN,0.00766284
2026-09-02T09:42:31.976759+00:00,9,18,KRW-FLOCK,0.00196657
2026-09-02T09:42:31.976759+00:00,9,18,KRW-DEEP,0.00508906
2026-09-02T09:42:31.976759+00:00,9,18,KRW-G,0.00383877
2026-09-02T09:42:31.976759+00:00,9,18,KRW-INJ,0.00214209
2026-09-02T09:42:31.976759+00:00,9,18,KRW-VVV,0.00273973
2026-09-02T09:42:31.976759+00:00,9,18,KRW-BIGTIME,0.00337648
2026-09-02T09:42:31.976759+00:00,9,18,KRW-BIO,0.00287770
2026-09-02T09:42:31.976759+00:00,9,18,KRW-RENDER,0.00154919
2026-09-02T09:42:31.976759+00:00,9,18,KRW-BARD,0.00593472
2026-09-02T09:42:31.976759+00:00,9,18,KRW-CHZ,0.00550964
2026-09-02T09:42:31.976759+00:00,9,18,KRW-LSK,0.00732601
2026-09-02T09:42:31.976759+00:00,9,18,KRW-CRO,0.00133779
2026-09-02T09:42:31.976759+00:00,9,18,KRW-VANA,0.00495458
2026-09-02T09:42:31.976759+00:00,9,18,KRW-LAYER,0.00215285
2026-09-02T09:42:31.976759+00:00,9,18,KRW-RED,0.00655738
2026-09-02T09:42:31.976759+00:00,9,18,KRW-DOT,0.00171380
2026-09-02T09:42:31.976759+00:00,9,18,KRW-ATOM,0.00300150
2026-09-02T09:42:31.976759+00:00,9,18,KRW-DOOD,0.00554017
2026-09-02T09:42:31.976759+00:00,9,18,KRW-XAUT,0.00168833
2026-09-02T09:42:31.976759+00:00,9,18,KRW-BORA,0.00660066
2026-09-02T09:42:31.976759+00:00,9,18,KRW-AWE,0.00236686
2026-09-02T09:42:31.976759+00:00,9,18,KRW-WAVES,0.00671141
2026-09-02T09:42:31.976759+00:00,9,18,KRW-ZKP,0.00325733
2026-09-02T09:42:31.976759+00:00,9,18,KRW-EDGE,0.00430108
2026-09-02T09:42:31.976759+00:00,9,18,KRW-ELF,0.00343446
2026-09-02T09:42:31.976759+00:00,9,18,KRW-AI,0.00378072
2026-09-02T09:42:31.976759+00:00,9,18,KRW-SNT,0.00451977
2026-09-02T09:42:31.976759+00:00,9,18,KRW-OPEN,0.00597015
2026-09-02T09:42:31.976759+00:00,9,18,KRW-SKR,0.00333890
2026-09-02T09:42:31.976759+00:00,9,18,KRW-MET2,0.00379507
2026-09-02T09:42:31.976759+00:00,9,18,KRW-FF,0.00673401
2026-09-02T09:42:31.976759+00:00,9,18,KRW-KAT,0.00164880
2026-09-02T09:42:31.976759+00:00,9,18,KRW-W,0.01515152
2026-09-02T09:42:31.976759+00:00,9,18,KRW-PENDLE,0.00162338
2026-09-02T09:42:31.976759+00:00,9,18,KRW-SPK,0.00735294
2026-09-02T09:42:31.976759+00:00,9,18,KRW-PYTH,0.00267380
2026-09-02T09:42:31.976759+00:00,9,18,KRW-STEEM,0.00168492
2026-09-02T09:42:31.976759+00:00,9,18,KRW-COW,0.01156069
2026-09-02T09:43:34.592943+00:00,9,18,KRW-SHIB,0.00142349
2026-09-02T09:43:34.592943+00:00,9,18,KRW-KAITO,0.00242424
2026-09-02T09:43:34.592943+00:00,9,18,KRW-SUI,0.00101678
2026-09-02T09:43:34.592943+00:00,9,18,KRW-MMT,0.00466200
2026-09-02T09:43:34.592943+00:00,9,18,KRW-LINK,0.00131926
2026-09-02T09:43:34.592943+00:00,9,18,KRW-PUMP,0.00343643
2026-09-02T09:43:34.592943+00:00,9,18,KRW-NEAR,0.00118320
2026-09-02T09:43:34.592943+00:00,9,18,KRW-ZBT,0.00896861
2026-09-02T09:43:34.592943+00:00,9,18,KRW-LA,0.00114745
2026-09-02T09:43:34.592943+00:00,9,18,KRW-CHIP,0.00318979
2026-09-02T09:43:34.592943+00:00,9,18,KRW-QUID,0.00113186
2026-09-02T09:43:34.592943+00:00,9,18,KRW-PENGU,0.00881057
2026-09-02T09:43:34.592943+00:00,9,18,KRW-AVAX,0.00051138
2026-09-02T09:43:34.592943+00:00,9,18,KRW-VIRTUAL,0.00105764
2026-09-02T09:43:34.592943+00:00,9,18,KRW-MOVE,0.00858369
2026-09-02T09:43:34.592943+00:00,9,18,KRW-UNI,0.00179051
2026-09-02T09:43:34.592943+00:00,9,18,KRW-PIEVERSE,0.00128123
2026-09-02T09:43:34.592943+00:00,9,18,KRW-PRL,0.00508906
2026-09-02T09:43:34.592943+00:00,9,18,KRW-HBAR,0.00995025
2026-09-02T09:43:34.592943+00:00,9,18,KRW-ONT,0.00137836
2026-09-02T09:43:34.592943+00:00,9,18,KRW-ENSO,0.00249273
2026-09-02T09:43:34.592943+00:00,9,18,KRW-XPL,0.00881057
2026-09-02T09:43:34.592943+00:00,9,18,KRW-SAHARA,0.00873362
2026-09-02T09:43:34.592943+00:00,9,18,KRW-AAVE,0.00057488
2026-09-02T09:43:34.592943+00:00,9,18,KRW-ARX,0.00589971
2026-09-02T09:43:34.592943+00:00,9,18,KRW-TRX,0.00224972
2026-09-02T09:43:34.592943+00:00,9,18,KRW-HOLO,0.00117440
2026-09-02T09:43:34.592943+00:00,9,18,KRW-WLFI,0.00255754
2026-09-02T09:43:34.592943+00:00,9,18,KRW-BCH,0.00119403
2026-09-02T09:43:34.592943+00:00,9,18,KRW-DATA,0.00389864
2026-09-02T09:43:34.592943+00:00,9,18,KRW-PLUME,0.00516796
2026-09-02T09:43:34.592943+00:00,9,18,KRW-ARB,0.00630915
2026-09-02T09:43:34.592943+00:00,9,18,KRW-STORJ,0.00142349
2026-09-02T09:43:34.592943+00:00,9,18,KRW-BONK,0.00182315
2026-09-02T09:43:34.592943+00:00,9,18,KRW-ETC,0.00151400
2026-09-02T09:43:34.592943+00:00,9,18,KRW-ESP,0.00888889
2026-09-02T09:43:34.592943+00:00,9,18,KRW-0G,0.00787402
2026-09-02T09:43:34.592943+00:00,9,18,KRW-META2,0.01091405
2026-09-02T09:43:34.592943+00:00,9,18,KRW-BSB,0.00687285
2026-09-02T09:43:34.592943+00:00,9,18,KRW-ERA,0.00249688
2026-09-02T09:43:34.592943+00:00,9,18,KRW-MIRA,0.00324675
2026-09-02T09:43:34.592943+00:00,9,18,KRW-SAND,0.00201410
2026-09-02T09:43:34.592943+00:00,9,18,KRW-PEPE,0.00212993
2026-09-02T09:43:34.592943+00:00,9,18,KRW-POL,0.00803213
2026-09-02T09:43:34.592943+00:00,9,18,KRW-STX,0.00286123
2026-09-02T09:43:34.592943+00:00,9,18,KRW-IRYS,0.00542005
2026-09-02T09:43:34.592943+00:00,9,18,KRW-AXS,0.00159490
2026-09-02T09:43:34.592943+00:00,9,18,KRW-TAO,0.00134228
2026-09-02T09:43:34.592943+00:00,9,18,KRW-ALGO,0.00816327
2026-09-02T09:43:34.592943+00:00,9,18,KRW-JTO,0.00171674
2026-09-02T09:43:34.592943+00:00,9,18,KRW-CC,0.00647249
2026-09-02T09:43:34.592943+00:00,9,18,KRW-BIRB,0.00380469
2026-09-02T09:43:34.592943+00:00,9,18,KRW-ME,0.00118977
2026-09-02T09:43:34.592943+00:00,9,18,KRW-SEI,0.00156128
2026-09-02T09:43:34.592943+00:00,9,18,KRW-ENS,0.00133245
2026-09-02T09:43:34.592943+00:00,9,18,KRW-ZRO,0.00215905
2026-09-02T09:43:34.592943+00:00,9,18,KRW-TRUMP,0.00032987
2026-09-02T09:43:34.592943+00:00,9,18,KRW-XEC,0.00213675
2026-09-02T09:43:34.592943+00:00,9,18,KRW-RVN,0.00260078
2026-09-02T09:43:34.592943+00:00,9,18,KRW-ZAMA,0.00295858
2026-09-02T09:43:34.592943+00:00,9,18,KRW-GEOD,0.00328407
2026-09-02T09:43:34.592943+00:00,9,18,KRW-AKT,0.00145243
2026-09-02T09:43:34.592943+00:00,9,18,KRW-FIL,0.00278422
2026-09-02T09:43:34.592943+00:00,9,18,KRW-APT,0.00262812
2026-09-02T09:43:34.592943+00:00,9,18,KRW-DRV,0.00516796
2026-09-02T09:43:34.592943+00:00,9,18,KRW-ID,0.00454545
2026-09-02T09:43:34.592943+00:00,9,18,KRW-SOON,0.00800000
2026-09-02T09:43:34.592943+00:00,9,18,KRW-O,0.00406229
2026-09-02T09:43:34.592943+00:00,9,18,KRW-AVNT,0.00716846
2026-09-02T09:43:34.592943+00:00,9,18,KRW-TREE,0.00368324
2026-09-02T09:43:34.592943+00:00,9,18,KRW-KITE,0.00539084
2026-09-02T09:43:34.592943+00:00,9,18,KRW-BLEND,0.00353565
2026-09-02T09:43:34.592943+00:00,9,18,KRW-MANTRA,0.00335008
2026-09-02T09:43:34.592943+00:00,9,18,KRW-CFG,0.00677966
2026-09-02T09:43:34.592943+00:00,9,18,KRW-GAS,0.00303306
2026-09-02T09:43:34.592943+00:00,9,18,KRW-BERA,0.00415800
2026-09-02T09:43:34.592943+00:00,9,18,KRW-MEGA,0.00395257
2026-09-02T09:43:34.592943+00:00,9,18,KRW-SOPH,0.00138985
2026-09-02T09:43:34.592943+00:00,9,18,KRW-UP2,0.00141543
2026-09-02T09:43:34.592943+00:00,9,18,KRW-ZORA,0.00975610
2026-09-02T09:43:34.592943+00:00,9,18,KRW-OPG,0.00732601
2026-09-02T09:43:34.592943+00:00,9,18,KRW-BSV,0.00185615
2026-09-02T09:43:34.592943+00:00,9,18,KRW-HYPER,0.00110314
2026-09-02T09:43:34.592943+00:00,9,18,KRW-TRAC,0.00226501
2026-09-02T09:43:34.592943+00:00,9,18,KRW-IN,0.00442478
2026-09-02T09:43:34.592943+00:00,9,18,KRW-ATH,0.00319489
2026-09-02T09:43:34.592943+00:00,9,18,KRW-ETHFI,0.00252207
2026-09-02T09:43:34.592943+00:00,9,18,KRW-MON,0.00285307
2026-09-02T09:43:34.592943+00:00,9,18,KRW-ZIL,0.00291121
2026-09-02T09:43:34.592943+00:00,9,18,KRW-B3,0.00161681
2026-09-02T09:43:34.592943+00:00,9,18,KRW-ELSA,0.00321543
2026-09-02T09:43:34.592943+00:00,9,18,KRW-JUP,0.00340716
2026-09-02T09:43:34.592943+00:00,9,18,KRW-SIGN,0.00766284
2026-09-02T09:43:34.592943+00:00,9,18,KRW-FLOCK,0.00390625
2026-09-02T09:43:34.592943+00:00,9,18,KRW-DEEP,0.00508906
2026-09-02T09:43:34.592943+00:00,9,18,KRW-G,0.00383877
2026-09-02T09:43:34.592943+00:00,9,18,KRW-INJ,0.00358551
2026-09-02T09:43:34.592943+00:00,9,18,KRW-VVV,0.00273973
2026-09-02T09:43:34.592943+00:00,9,18,KRW-BIGTIME,0.00225225
2026-09-02T09:43:34.592943+00:00,9,18,KRW-BIO,0.00287770
2026-09-02T09:43:34.592943+00:00,9,18,KRW-RENDER,0.00103306
2026-09-02T09:43:34.592943+00:00,9,18,KRW-BARD,0.00593472
2026-09-02T09:43:34.592943+00:00,9,18,KRW-CHZ,0.00550964
2026-09-02T09:43:34.592943+00:00,9,18,KRW-LSK,0.00732601
2026-09-02T09:43:34.592943+00:00,9,18,KRW-CRO,0.00267738
2026-09-02T09:43:34.592943+00:00,9,18,KRW-VANA,0.00082338
2026-09-02T09:43:34.592943+00:00,9,18,KRW-LAYER,0.00215285
2026-09-02T09:43:34.592943+00:00,9,18,KRW-RED,0.00655738
2026-09-02T09:43:34.592943+00:00,9,18,KRW-DOT,0.00085727
2026-09-02T09:43:34.592943+00:00,9,18,KRW-ATOM,0.00250564
2026-09-02T09:43:34.592943+00:00,9,18,KRW-DOOD,0.00554017
2026-09-02T09:43:34.592943+00:00,9,18,KRW-XAUT,0.00067454
2026-09-02T09:43:34.592943+00:00,9,18,KRW-BORA,0.00660066
2026-09-02T09:43:34.592943+00:00,9,18,KRW-AWE,0.00236686
2026-09-02T09:43:34.592943+00:00,9,18,KRW-WAVES,0.00671141
2026-09-02T09:43:34.592943+00:00,9,18,KRW-ZKP,0.00163532
2026-09-02T09:43:34.592943+00:00,9,18,KRW-EDGE,0.00430108
2026-09-02T09:43:34.592943+00:00,9,18,KRW-ELF,0.00343446
2026-09-02T09:43:34.592943+00:00,9,18,KRW-AI,0.00378072
2026-09-02T09:43:34.592943+00:00,9,18,KRW-SNT,0.00451977
2026-09-02T09:43:34.592943+00:00,9,18,KRW-OPEN,0.00597015
2026-09-02T09:43:34.592943+00:00,9,18,KRW-SKR,0.00333890
2026-09-02T09:43:34.592943+00:00,9,18,KRW-MET2,0.00379507
2026-09-02T09:43:34.592943+00:00,9,18,KRW-FF,0.00673401
2026-09-02T09:43:34.592943+00:00,9,18,KRW-KAT,0.00164880
2026-09-02T09:43:34.592943+00:00,9,18,KRW-W,0.01515152
2026-09-02T09:43:34.592943+00:00,9,18,KRW-PENDLE,0.00122125
2026-09-02T09:43:34.592943+00:00,9,18,KRW-SPK,0.00368324
2026-09-02T09:43:34.592943+00:00,9,18,KRW-PYTH,0.00267738
2026-09-02T09:43:34.592943+00:00,9,18,KRW-STEEM,0.00168492
2026-09-02T09:43:34.592943+00:00,9,18,KRW-COW,0.00576369
2026-09-02T09:44:37.295050+00:00,9,18,KRW-SHIB,0.00142349
2026-09-02T09:44:37.295050+00:00,9,18,KRW-KAITO,0.00242424
2026-09-02T09:44:37.295050+00:00,9,18,KRW-SUI,0.00101678
2026-09-02T09:44:37.295050+00:00,9,18,KRW-MMT,0.00466200
2026-09-02T09:44:37.295050+00:00,9,18,KRW-LINK,0.00131926
2026-09-02T09:44:37.295050+00:00,9,18,KRW-PUMP,0.00343643
2026-09-02T09:44:37.295050+00:00,9,18,KRW-NEAR,0.00157916
2026-09-02T09:44:37.295050+00:00,9,18,KRW-ZBT,0.00896861
2026-09-02T09:44:37.295050+00:00,9,18,KRW-LA,0.00114482
2026-09-02T09:44:37.295050+00:00,9,18,KRW-CHIP,0.00478088
2026-09-02T09:44:37.295050+00:00,9,18,KRW-QUID,0.00113186
2026-09-02T09:44:37.295050+00:00,9,18,KRW-PENGU,0.00881057
2026-09-02T09:44:37.295050+00:00,9,18,KRW-AVAX,0.00102459
2026-09-02T09:44:37.295050+00:00,9,18,KRW-VIRTUAL,0.00211640
2026-09-02T09:44:37.295050+00:00,9,18,KRW-MOVE,0.00858369
2026-09-02T09:44:37.295050+00:00,9,18,KRW-UNI,0.00119048
2026-09-02T09:44:37.295050+00:00,9,18,KRW-PIEVERSE,0.00063391
2026-09-02T09:44:37.295050+00:00,9,18,KRW-PRL,0.00511509
2026-09-02T09:44:37.295050+00:00,9,18,KRW-HBAR,0.00995025
2026-09-02T09:44:37.295050+00:00,9,18,KRW-ONT,0.00137836
2026-09-02T09:44:37.295050+00:00,9,18,KRW-ENSO,0.00166113
2026-09-02T09:44:37.295050+00:00,9,18,KRW-XPL,0.00881057
2026-09-02T09:44:37.295050+00:00,9,18,KRW-SAHARA,0.00873362
2026-09-02T09:44:37.295050+00:00,9,18,KRW-AAVE,0.00172463
2026-09-02T09:44:37.295050+00:00,9,18,KRW-ARX,0.00589971
2026-09-02T09:44:37.295050+00:00,9,18,KRW-TRX,0.00225479
2026-09-02T09:44:37.295050+00:00,9,18,KRW-HOLO,0.00117440
2026-09-02T09:44:37.295050+00:00,9,18,KRW-WLFI,0.00128123
2026-09-02T09:44:37.295050+00:00,9,18,KRW-BCH,0.00059719
2026-09-02T09:44:37.295050+00:00,9,18,KRW-DATA,0.00388350
2026-09-02T09:44:37.295050+00:00,9,18,KRW-PLUME,0.00516796
2026-09-02T09:44:37.295050+00:00,9,18,KRW-ARB,0.01265823
2026-09-02T09:44:37.295050+00:00,9,18,KRW-STORJ,0.00853485
2026-09-02T09:44:37.295050+00:00,9,18,KRW-BONK,0.00182648
2026-09-02T09:44:37.295050+00:00,9,18,KRW-ETC,0.00100959
2026-09-02T09:44:37.295050+00:00,9,18,KRW-ESP,0.00888889
2026-09-02T09:44:37.295050+00:00,9,18,KRW-0G,0.00392927
2026-09-02T09:44:37.295050+00:00,9,18,KRW-META2,0.01091405
2026-09-02T09:44:37.295050+00:00,9,18,KRW-BSB,0.00687285
2026-09-02T09:44:37.295050+00:00,9,18,KRW-ERA,0.00249688
2026-09-02T09:44:37.295050+00:00,9,18,KRW-MIRA,0.00324675
2026-09-02T09:44:37.295050+00:00,9,18,KRW-SAND,0.00201410
2026-09-02T09:44:37.295050+00:00,9,18,KRW-PEPE,0.00212993
2026-09-02T09:44:37.295050+00:00,9,18,KRW-POL,0.00803213
2026-09-02T09:44:37.295050+00:00,9,18,KRW-STX,0.00286123
2026-09-02T09:44:37.295050+00:00,9,18,KRW-IRYS,0.00542005
2026-09-02T09:44:37.295050+00:00,9,18,KRW-AXS,0.00159490
2026-09-02T09:44:37.295050+00:00,9,18,KRW-TAO,0.00067137
2026-09-02T09:44:37.295050+00:00,9,18,KRW-ALGO,0.00816327
2026-09-02T09:44:37.295050+00:00,9,18,KRW-JTO,0.00172563
2026-09-02T09:44:37.295050+00:00,9,18,KRW-CC,0.00647249
2026-09-02T09:44:37.295050+00:00,9,18,KRW-BIRB,0.00380469
2026-09-02T09:44:37.295050+00:00,9,18,KRW-ME,0.00119119
2026-09-02T09:44:37.295050+00:00,9,18,KRW-SEI,0.00156372
2026-09-02T09:44:37.295050+00:00,9,18,KRW-ENS,0.00133245
2026-09-02T09:44:37.295050+00:00,9,18,KRW-ZRO,0.00215905
2026-09-02T09:44:37.295050+00:00,9,18,KRW-TRUMP,0.00032944
2026-09-02T09:44:37.295050+00:00,9,18,KRW-XEC,0.00213675
2026-09-02T09:44:37.295050+00:00,9,18,KRW-RVN,0.00776197
2026-09-02T09:44:37.295050+00:00,9,18,KRW-ZAMA,0.00295858
2026-09-02T09:44:37.295050+00:00,9,18,KRW-GEOD,0.00328407
2026-09-02T09:44:37.295050+00:00,9,18,KRW-AKT,0.00145243
2026-09-02T09:44:37.295050+00:00,9,18,KRW-FIL,0.00185357
2026-09-02T09:44:37.295050+00:00,9,18,KRW-APT,0.00131839
2026-09-02T09:44:37.295050+00:00,9,18,KRW-DRV,0.00516796
2026-09-02T09:44:37.295050+00:00,9,18,KRW-ID,0.00455581
2026-09-02T09:44:37.295050+00:00,9,18,KRW-SOON,0.00800000
2026-09-02T09:44:37.295050+00:00,9,18,KRW-O,0.00405680
2026-09-02T09:44:37.295050+00:00,9,18,KRW-AVNT,0.00716846
2026-09-02T09:44:37.295050+00:00,9,18,KRW-TREE,0.00368324
2026-09-02T09:44:37.295050+00:00,9,18,KRW-KITE,0.00539084
2026-09-02T09:44:37.295050+00:00,9,18,KRW-BLEND,0.00353565
2026-09-02T09:44:37.295050+00:00,9,18,KRW-MANTRA,0.00167364
2026-09-02T09:44:37.295050+00:00,9,18,KRW-CFG,0.00682594
2026-09-02T09:44:37.295050+00:00,9,18,KRW-GAS,0.00242866
2026-09-02T09:44:37.295050+00:00,9,18,KRW-BERA,0.00415800
2026-09-02T09:44:37.295050+00:00,9,18,KRW-MEGA,0.00395257
2026-09-02T09:44:37.295050+00:00,9,18,KRW-SOPH,0.00138985
2026-09-02T09:44:37.295050+00:00,9,18,KRW-UP2,0.00141543
2026-09-02T09:44:37.295050+00:00,9,18,KRW-ZORA,0.00975610
2026-09-02T09:44:37.295050+00:00,9,18,KRW-OPG,0.00732601
2026-09-02T09:44:37.295050+00:00,9,18,KRW-BSV,0.00185615
2026-09-02T09:44:37.295050+00:00,9,18,KRW-HYPER,0.00110314
2026-09-02T09:44:37.295050+00:00,9,18,KRW-TRAC,0.00226501
2026-09-02T09:44:37.295050+00:00,9,18,KRW-IN,0.00221484
2026-09-02T09:44:37.295050+00:00,9,18,KRW-ATH,0.00319489
2026-09-02T09:44:37.295050+00:00,9,18,KRW-ETHFI,0.00252207
2026-09-02T09:44:37.295050+00:00,9,18,KRW-MON,0.00285307
2026-09-02T09:44:37.295050+00:00,9,18,KRW-ZIL,0.00291121
2026-09-02T09:44:37.295050+00:00,9,18,KRW-B3,0.00161681
2026-09-02T09:44:37.295050+00:00,9,18,KRW-ELSA,0.00322061
2026-09-02T09:44:37.295050+00:00,9,18,KRW-JUP,0.00340716
2026-09-02T09:44:37.295050+00:00,9,18,KRW-SIGN,0.00766284
2026-09-02T09:44:37.295050+00:00,9,18,KRW-FLOCK,0.00195886
2026-09-02T09:44:37.295050+00:00,9,18,KRW-DEEP,0.00508906
2026-09-02T09:44:37.295050+00:00,9,18,KRW-G,0.00575264
2026-09-02T09:44:37.295050+00:00,9,18,KRW-INJ,0.00071865
2026-09-02T09:44:37.295050+00:00,9,18,KRW-VVV,0.00045735
2026-09-02T09:44:37.295050+00:00,9,18,KRW-BIGTIME,0.00337648
2026-09-02T09:44:37.295050+00:00,9,18,KRW-BIO,0.00576369
2026-09-02T09:44:37.295050+00:00,9,18,KRW-RENDER,0.00051666
2026-09-02T09:44:37.295050+00:00,9,18,KRW-BARD,0.00593472
2026-09-02T09:44:37.295050+00:00,9,18,KRW-CHZ,0.00550964
2026-09-02T09:44:37.295050+00:00,9,18,KRW-LSK,0.00732601
2026-09-02T09:44:37.295050+00:00,9,18,KRW-CRO,0.00267738
2026-09-02T09:44:37.295050+00:00,9,18,KRW-VANA,0.00412712
2026-09-02T09:44:37.295050+00:00,9,18,KRW-LAYER,0.00107817
2026-09-02T09:44:37.295050+00:00,9,18,KRW-RED,0.00655738
2026-09-02T09:44:37.295050+00:00,9,18,KRW-DOT,0.00085727
2026-09-02T09:44:37.295050+00:00,9,18,KRW-ATOM,0.00250689
2026-09-02T09:44:37.295050+00:00,9,18,KRW-DOOD,0.00554017
2026-09-02T09:44:37.295050+00:00,9,18,KRW-XAUT,0.00253186
2026-09-02T09:44:37.295050+00:00,9,18,KRW-BORA,0.00660066
2026-09-02T09:44:37.295050+00:00,9,18,KRW-AWE,0.00236686
2026-09-02T09:44:37.295050+00:00,9,18,KRW-WAVES,0.00671141
2026-09-02T09:44:37.295050+00:00,9,18,KRW-ZKP,0.00327869
2026-09-02T09:44:37.295050+00:00,9,18,KRW-EDGE,0.00430108
2026-09-02T09:44:37.295050+00:00,9,18,KRW-ELF,0.00684932
2026-09-02T09:44:37.295050+00:00,9,18,KRW-AI,0.00378072
2026-09-02T09:44:37.295050+00:00,9,18,KRW-SNT,0.00451977
2026-09-02T09:44:37.295050+00:00,9,18,KRW-OPEN,0.00597015
2026-09-02T09:44:37.295050+00:00,9,18,KRW-SKR,0.00333890
2026-09-02T09:44:37.295050+00:00,9,18,KRW-MET2,0.00379507
2026-09-02T09:44:37.295050+00:00,9,18,KRW-FF,0.00673401
2026-09-02T09:44:37.295050+00:00,9,18,KRW-KAT,0.00164880
2026-09-02T09:44:37.295050+00:00,9,18,KRW-W,0.00760456
2026-09-02T09:44:37.295050+00:00,9,18,KRW-PENDLE,0.00203707
2026-09-02T09:44:37.295050+00:00,9,18,KRW-SPK,0.00735294
2026-09-02T09:44:37.295050+00:00,9,18,KRW-PYTH,0.00268456
2026-09-02T09:44:37.295050+00:00,9,18,KRW-STEEM,0.00168492
2026-09-02T09:44:37.295050+00:00,9,18,KRW-COW,0.00579710
2026-09-02T09:45:39.885335+00:00,9,18,KRW-SHIB,0.00142349
2026-09-02T09:45:39.885335+00:00,9,18,KRW-KAITO,0.00242424
2026-09-02T09:45:39.885335+00:00,9,18,KRW-SUI,0.00101678
2026-09-02T09:45:39.885335+00:00,9,18,KRW-MMT,0.00466200
2026-09-02T09:45:39.885335+00:00,9,18,KRW-LINK,0.00131926
2026-09-02T09:45:39.885335+00:00,9,18,KRW-PUMP,0.00343643
2026-09-02T09:45:39.885335+00:00,9,18,KRW-NEAR,0.00039471
2026-09-02T09:45:39.885335+00:00,9,18,KRW-ZBT,0.00896861
2026-09-02T09:45:39.885335+00:00,9,18,KRW-LA,0.00114877
2026-09-02T09:45:39.885335+00:00,9,18,KRW-CHIP,0.00159363
2026-09-02T09:45:39.885335+00:00,9,18,KRW-QUID,0.00111919
2026-09-02T09:45:39.885335+00:00,9,18,KRW-PENGU,0.00881057
2026-09-02T09:45:39.885335+00:00,9,18,KRW-AVAX,0.00051295
2026-09-02T09:45:39.885335+00:00,9,18,KRW-VIRTUAL,0.00317292
2026-09-02T09:45:39.885335+00:00,9,18,KRW-MOVE,0.00858369
2026-09-02T09:45:39.885335+00:00,9,18,KRW-UNI,0.00118765
2026-09-02T09:45:39.885335+00:00,9,18,KRW-PIEVERSE,0.00127470
2026-09-02T09:45:39.885335+00:00,9,18,KRW-PRL,0.00508906
2026-09-02T09:45:39.885335+00:00,9,18,KRW-HBAR,0.00995025
2026-09-02T09:45:39.885335+00:00,9,18,KRW-ONT,0.00137836
2026-09-02T09:45:39.885335+00:00,9,18,KRW-ENSO,0.00166528
2026-09-02T09:45:39.885335+00:00,9,18,KRW-XPL,0.00881057
2026-09-02T09:45:39.885335+00:00,9,18,KRW-SAHARA,0.00873362
2026-09-02T09:45:39.885335+00:00,9,18,KRW-AAVE,0.00114943
2026-09-02T09:45:39.885335+00:00,9,18,KRW-ARX,0.00589971
2026-09-02T09:45:39.885335+00:00,9,18,KRW-TRX,0.00225479
2026-09-02T09:45:39.885335+00:00,9,18,KRW-HOLO,0.00117440
2026-09-02T09:45:39.885335+00:00,9,18,KRW-WLFI,0.00255754
2026-09-02T09:45:39.885335+00:00,9,18,KRW-BCH,0.00089512
2026-09-02T09:45:39.885335+00:00,9,18,KRW-DATA,0.00388350
2026-09-02T09:45:39.885335+00:00,9,18,KRW-PLUME,0.00516796
2026-09-02T09:45:39.885335+00:00,9,18,KRW-ARB,0.00630915
2026-09-02T09:45:39.885335+00:00,9,18,KRW-STORJ,0.00711744
2026-09-02T09:45:39.885335+00:00,9,18,KRW-BONK,0.00182983
2026-09-02T09:45:39.885335+00:00,9,18,KRW-ETC,0.00100959
2026-09-02T09:45:39.885335+00:00,9,18,KRW-ESP,0.00888889
2026-09-02T09:45:39.885335+00:00,9,18,KRW-0G,0.00392927
2026-09-02T09:45:39.885335+00:00,9,18,KRW-META2,0.01091405
2026-09-02T09:45:39.885335+00:00,9,18,KRW-BSB,0.00687285
2026-09-02T09:45:39.885335+00:00,9,18,KRW-ERA,0.00249377
2026-09-02T09:45:39.885335+00:00,9,18,KRW-MIRA,0.00162470
2026-09-02T09:45:39.885335+00:00,9,18,KRW-SAND,0.00201410
2026-09-02T09:45:39.885335+00:00,9,18,KRW-PEPE,0.00212993
2026-09-02T09:45:39.885335+00:00,9,18,KRW-POL,0.00803213
2026-09-02T09:45:39.885335+00:00,9,18,KRW-STX,0.00286123
2026-09-02T09:45:39.885335+00:00,9,18,KRW-IRYS,0.00542005
2026-09-02T09:45:39.885335+00:00,9,18,KRW-AXS,0.00159490
2026-09-02T09:45:39.885335+00:00,9,18,KRW-TAO,0.00134228
2026-09-02T09:45:39.885335+00:00,9,18,KRW-ALGO,0.00816327
2026-09-02T09:45:39.885335+00:00,9,18,KRW-JTO,0.00172563
2026-09-02T09:45:39.885335+00:00,9,18,KRW-CC,0.00647249
2026-09-02T09:45:39.885335+00:00,9,18,KRW-BIRB,0.00380469
2026-09-02T09:45:39.885335+00:00,9,18,KRW-ME,0.00238095
2026-09-02T09:45:39.885335+00:00,9,18,KRW-SEI,0.00156372
2026-09-02T09:45:39.885335+00:00,9,18,KRW-ENS,0.00066689
2026-09-02T09:45:39.885335+00:00,9,18,KRW-ZRO,0.00287770
2026-09-02T09:45:39.885335+00:00,9,18,KRW-TRUMP,0.00131796
2026-09-02T09:45:39.885335+00:00,9,18,KRW-XEC,0.00213675
2026-09-02T09:45:39.885335+00:00,9,18,KRW-RVN,0.00776197
2026-09-02T09:45:39.885335+00:00,9,18,KRW-ZAMA,0.00295421
2026-09-02T09:45:39.885335+00:00,9,18,KRW-GEOD,0.00328407
2026-09-02T09:45:39.885335+00:00,9,18,KRW-AKT,0.00145243
2026-09-02T09:45:39.885335+00:00,9,18,KRW-FIL,0.00185185
2026-09-02T09:45:39.885335+00:00,9,18,KRW-APT,0.00263158
2026-09-02T09:45:39.885335+00:00,9,18,KRW-DRV,0.00516796
2026-09-02T09:45:39.885335+00:00,9,18,KRW-ID,0.00455581
2026-09-02T09:45:39.885335+00:00,9,18,KRW-SOON,0.00400802
2026-09-02T09:45:39.885335+00:00,9,18,KRW-O,0.00406229
2026-09-02T09:45:39.885335+00:00,9,18,KRW-AVNT,0.00716846
2026-09-02T09:45:39.885335+00:00,9,18,KRW-TREE,0.00368324
2026-09-02T09:45:39.885335+00:00,9,18,KRW-KITE,0.00542005
2026-09-02T09:45:39.885335+00:00,9,18,KRW-BLEND,0.00353565
2026-09-02T09:45:39.885335+00:00,9,18,KRW-MANTRA,0.00167364
2026-09-02T09:45:39.885335+00:00,9,18,KRW-CFG,0.00682594
2026-09-02T09:45:39.885335+00:00,9,18,KRW-GAS,0.00242866
2026-09-02T09:45:39.885335+00:00,9,18,KRW-BERA,0.00415800
2026-09-02T09:45:39.885335+00:00,9,18,KRW-MEGA,0.00395257
2026-09-02T09:45:39.885335+00:00,9,18,KRW-SOPH,0.00555556
2026-09-02T09:45:39.885335+00:00,9,18,KRW-UP2,0.00283286
2026-09-02T09:45:39.885335+00:00,9,18,KRW-ZORA,0.00975610
2026-09-02T09:45:39.885335+00:00,9,18,KRW-OPG,0.00732601
2026-09-02T09:45:39.885335+00:00,9,18,KRW-BSV,0.00139243
2026-09-02T09:45:39.885335+00:00,9,18,KRW-HYPER,0.00110314
2026-09-02T09:45:39.885335+00:00,9,18,KRW-TRAC,0.00226501
2026-09-02T09:45:39.885335+00:00,9,18,KRW-IN,0.00221484
2026-09-02T09:45:39.885335+00:00,9,18,KRW-ATH,0.00319489
2026-09-02T09:45:39.885335+00:00,9,18,KRW-ETHFI,0.00126183
2026-09-02T09:45:39.885335+00:00,9,18,KRW-MON,0.00284495
2026-09-02T09:45:39.885335+00:00,9,18,KRW-ZIL,0.00291121
2026-09-02T09:45:39.885335+00:00,9,18,KRW-B3,0.00161681
2026-09-02T09:45:39.885335+00:00,9,18,KRW-ELSA,0.00322061
2026-09-02T09:45:39.885335+00:00,9,18,KRW-JUP,0.00340716
2026-09-02T09:45:39.885335+00:00,9,18,KRW-SIGN,0.00760456
2026-09-02T09:45:39.885335+00:00,9,18,KRW-FLOCK,0.00195886
2026-09-02T09:45:39.885335+00:00,9,18,KRW-DEEP,0.00508906
2026-09-02T09:45:39.885335+00:00,9,18,KRW-G,0.00382409
2026-09-02T09:45:39.885335+00:00,9,18,KRW-INJ,0.00214977
2026-09-02T09:45:39.885335+00:00,9,18,KRW-VVV,0.00319562
2026-09-02T09:45:39.885335+00:00,9,18,KRW-BIGTIME,0.00337648
2026-09-02T09:45:39.885335+00:00,9,18,KRW-BIO,0.00576369
2026-09-02T09:45:39.885335+00:00,9,18,KRW-RENDER,0.00103306
2026-09-02T09:45:39.885335+00:00,9,18,KRW-BARD,0.00593472
2026-09-02T09:45:39.885335+00:00,9,18,KRW-CHZ,0.00550964
2026-09-02T09:45:39.885335+00:00,9,18,KRW-LSK,0.00732601
2026-09-02T09:45:39.885335+00:00,9,18,KRW-CRO,0.00267738
2026-09-02T09:45:39.885335+00:00,9,18,KRW-VANA,0.00412712
2026-09-02T09:45:39.885335+00:00,9,18,KRW-LAYER,0.00107817
2026-09-02T09:45:39.885335+00:00,9,18,KRW-RED,0.00655738
2026-09-02T09:45:39.885335+00:00,9,18,KRW-DOT,0.00171380
2026-09-02T09:45:39.885335+00:00,9,18,KRW-ATOM,0.00250689
2026-09-02T09:45:39.885335+00:00,9,18,KRW-DOOD,0.00554017
2026-09-02T09:45:39.885335+00:00,9,18,KRW-XAUT,0.00219391
2026-09-02T09:45:39.885335+00:00,9,18,KRW-BORA,0.00660066
2026-09-02T09:45:39.885335+00:00,9,18,KRW-AWE,0.00118554
2026-09-02T09:45:39.885335+00:00,9,18,KRW-WAVES,0.00671141
2026-09-02T09:45:39.885335+00:00,9,18,KRW-ZKP,0.00327332
2026-09-02T09:45:39.885335+00:00,9,18,KRW-EDGE,0.00430108
2026-09-02T09:45:39.885335+00:00,9,18,KRW-ELF,0.00684932
2026-09-02T09:45:39.885335+00:00,9,18,KRW-AI,0.00378072
2026-09-02T09:45:39.885335+00:00,9,18,KRW-SNT,0.00451977
2026-09-02T09:45:39.885335+00:00,9,18,KRW-OPEN,0.00593472
2026-09-02T09:45:39.885335+00:00,9,18,KRW-SKR,0.00333890
2026-09-02T09:45:39.885335+00:00,9,18,KRW-MET2,0.00379507
2026-09-02T09:45:39.885335+00:00,9,18,KRW-FF,0.00673401
2026-09-02T09:45:39.885335+00:00,9,18,KRW-KAT,0.00330033
2026-09-02T09:45:39.885335+00:00,9,18,KRW-W,0.00760456
2026-09-02T09:45:39.885335+00:00,9,18,KRW-PENDLE,0.00162800
2026-09-02T09:45:39.885335+00:00,9,18,KRW-SPK,0.00735294
2026-09-02T09:45:39.885335+00:00,9,18,KRW-PYTH,0.00268456
2026-09-02T09:45:39.885335+00:00,9,18,KRW-STEEM,0.00168492
2026-09-02T09:45:39.885335+00:00,9,18,KRW-COW,0.00579710
2026-09-02T09:46:42.846190+00:00,9,18,KRW-SHIB,0.00284900
2026-09-02T09:46:42.846190+00:00,9,18,KRW-KAITO,0.00242424
2026-09-02T09:46:42.846190+00:00,9,18,KRW-SUI,0.00203459
2026-09-02T09:46:42.846190+00:00,9,18,KRW-MMT,0.00466200
2026-09-02T09:46:42.846190+00:00,9,18,KRW-LINK,0.00066028
2026-09-02T09:46:42.846190+00:00,9,18,KRW-PUMP,0.00171969
2026-09-02T09:46:42.846190+00:00,9,18,KRW-NEAR,0.00118460
2026-09-02T09:46:42.846190+00:00,9,18,KRW-ZBT,0.00896861
2026-09-02T09:46:42.846190+00:00,9,18,KRW-LA,0.00115141
2026-09-02T09:46:42.846190+00:00,9,18,KRW-CHIP,0.00319489
2026-09-02T09:46:42.846190+00:00,9,18,KRW-QUID,0.00111919
2026-09-02T09:46:42.846190+00:00,9,18,KRW-PENGU,0.00881057
2026-09-02T09:46:42.846190+00:00,9,18,KRW-AVAX,0.00153886
2026-09-02T09:46:42.846190+00:00,9,18,KRW-VIRTUAL,0.00211640
2026-09-02T09:46:42.846190+00:00,9,18,KRW-MOVE,0.00858369
2026-09-02T09:46:42.846190+00:00,9,18,KRW-UNI,0.00237107
2026-09-02T09:46:42.846190+00:00,9,18,KRW-PIEVERSE,0.00127959
2026-09-02T09:46:42.846190+00:00,9,18,KRW-PRL,0.00508906
2026-09-02T09:46:42.846190+00:00,9,18,KRW-HBAR,0.00995025
2026-09-02T09:46:42.846190+00:00,9,18,KRW-ONT,0.00138026
2026-09-02T09:46:42.846190+00:00,9,18,KRW-ENSO,0.00332502
2026-09-02T09:46:42.846190+00:00,9,18,KRW-XPL,0.00881057
2026-09-02T09:46:42.846190+00:00,9,18,KRW-SAHARA,0.00881057
2026-09-02T09:46:42.846190+00:00,9,18,KRW-AAVE,0.00172463
2026-09-02T09:46:42.846190+00:00,9,18,KRW-ARX,0.00589971
2026-09-02T09:46:42.846190+00:00,9,18,KRW-TRX,0.00225479
2026-09-02T09:46:42.846190+00:00,9,18,KRW-HOLO,0.00235018
2026-09-02T09:46:42.846190+00:00,9,18,KRW-WLFI,0.00127959
2026-09-02T09:46:42.846190+00:00,9,18,KRW-BCH,0.00089592
2026-09-02T09:46:42.846190+00:00,9,18,KRW-DATA,0.00778210
2026-09-02T09:46:42.846190+00:00,9,18,KRW-PLUME,0.00519481
2026-09-02T09:46:42.846190+00:00,9,18,KRW-ARB,0.00634921
2026-09-02T09:46:42.846190+00:00,9,18,KRW-STORJ,0.00141945
2026-09-02T09:46:42.846190+00:00,9,18,KRW-BONK,0.00182983
2026-09-02T09:46:42.846190+00:00,9,18,KRW-ETC,0.00202020
2026-09-02T09:46:42.846190+00:00,9,18,KRW-ESP,0.00888889
2026-09-02T09:46:42.846190+00:00,9,18,KRW-0G,0.00392927
2026-09-02T09:46:42.846190+00:00,9,18,KRW-META2,0.00955631
2026-09-02T09:46:42.846190+00:00,9,18,KRW-BSB,0.01369863
2026-09-02T09:46:42.846190+00:00,9,18,KRW-ERA,0.00249688
2026-09-02T09:46:42.846190+00:00,9,18,KRW-MIRA,0.00325203
2026-09-02T09:46:42.846190+00:00,9,18,KRW-SAND,0.00201005
2026-09-02T09:46:42.846190+00:00,9,18,KRW-PEPE,0.00212993
2026-09-02T09:46:42.846190+00:00,9,18,KRW-POL,0.00803213
2026-09-02T09:46:42.846190+00:00,9,18,KRW-STX,0.00286123
2026-09-02T09:46:42.846190+00:00,9,18,KRW-IRYS,0.00542005
2026-09-02T09:46:42.846190+00:00,9,18,KRW-AXS,0.00159490
2026-09-02T09:46:42.846190+00:00,9,18,KRW-TAO,0.00134318
2026-09-02T09:46:42.846190+00:00,9,18,KRW-ALGO,0.00816327
2026-09-02T09:46:42.846190+00:00,9,18,KRW-JTO,0.00172861
2026-09-02T09:46:42.846190+00:00,9,18,KRW-CC,0.00647249
2026-09-02T09:46:42.846190+00:00,9,18,KRW-BIRB,0.00380469
2026-09-02T09:46:42.846190+00:00,9,18,KRW-ME,0.00119119
2026-09-02T09:46:42.846190+00:00,9,18,KRW-SEI,0.00156372
2026-09-02T09:46:42.846190+00:00,9,18,KRW-ENS,0.00133422
2026-09-02T09:46:42.846190+00:00,9,18,KRW-ZRO,0.00359842
2026-09-02T09:46:42.846190+00:00,9,18,KRW-TRUMP,0.00098896
2026-09-02T09:46:42.846190+00:00,9,18,KRW-XEC,0.00107009
2026-09-02T09:46:42.846190+00:00,9,18,KRW-RVN,0.00776197
2026-09-02T09:46:42.846190+00:00,9,18,KRW-ZAMA,0.00295421
2026-09-02T09:46:42.846190+00:00,9,18,KRW-GEOD,0.00328407
2026-09-02T09:46:42.846190+00:00,9,18,KRW-AKT,0.00145243
2026-09-02T09:46:42.846190+00:00,9,18,KRW-FIL,0.00278422
2026-09-02T09:46:42.846190+00:00,9,18,KRW-APT,0.00394997
2026-09-02T09:46:42.846190+00:00,9,18,KRW-DRV,0.00516796
2026-09-02T09:46:42.846190+00:00,9,18,KRW-ID,0.00455581
2026-09-02T09:46:42.846190+00:00,9,18,KRW-SOON,0.00400802
2026-09-02T09:46:42.846190+00:00,9,18,KRW-O,0.00270636
2026-09-02T09:46:42.846190+00:00,9,18,KRW-AVNT,0.00716846
2026-09-02T09:46:42.846190+00:00,9,18,KRW-TREE,0.00184332
2026-09-02T09:46:42.846190+00:00,9,18,KRW-KITE,0.00542005
2026-09-02T09:46:42.846190+00:00,9,18,KRW-BLEND,0.00353565
2026-09-02T09:46:42.846190+00:00,9,18,KRW-MANTRA,0.00167084
2026-09-02T09:46:42.846190+00:00,9,18,KRW-CFG,0.00682594
2026-09-02T09:46:42.846190+00:00,9,18,KRW-GAS,0.00242866
2026-09-02T09:46:42.846190+00:00,9,18,KRW-BERA,0.00415800
2026-09-02T09:46:42.846190+00:00,9,18,KRW-MEGA,0.00197824
2026-09-02T09:46:42.846190+00:00,9,18,KRW-SOPH,0.00275103
2026-09-02T09:46:42.846190+00:00,9,18,KRW-UP2,0.00283286
2026-09-02T09:46:42.846190+00:00,9,18,KRW-ZORA,0.00985222
2026-09-02T09:46:42.846190+00:00,9,18,KRW-OPG,0.00732601
2026-09-02T09:46:42.846190+00:00,9,18,KRW-BSV,0.00139243
2026-09-02T09:46:42.846190+00:00,9,18,KRW-HYPER,0.00110314
2026-09-02T09:46:42.846190+00:00,9,18,KRW-TRAC,0.00226501
2026-09-02T09:46:42.846190+00:00,9,18,KRW-IN,0.00442478
2026-09-02T09:46:42.846190+00:00,9,18,KRW-ATH,0.00159872
2026-09-02T09:46:42.846190+00:00,9,18,KRW-ETHFI,0.00380952
2026-09-02T09:46:42.846190+00:00,9,18,KRW-MON,0.00285307
2026-09-02T09:46:42.846190+00:00,9,18,KRW-ZIL,0.00290276
2026-09-02T09:46:42.846190+00:00,9,18,KRW-B3,0.00323625
2026-09-02T09:46:42.846190+00:00,9,18,KRW-ELSA,0.00322061
2026-09-02T09:46:42.846190+00:00,9,18,KRW-JUP,0.00340716
2026-09-02T09:46:42.846190+00:00,9,18,KRW-SIGN,0.00766284
2026-09-02T09:46:42.846190+00:00,9,18,KRW-FLOCK,0.00195503
2026-09-02T09:46:42.846190+00:00,9,18,KRW-DEEP,0.00508906
2026-09-02T09:46:42.846190+00:00,9,18,KRW-G,0.00382409
2026-09-02T09:46:42.846190+00:00,9,18,KRW-INJ,0.00286123
2026-09-02T09:46:42.846190+00:00,9,18,KRW-VVV,0.00091491
2026-09-02T09:46:42.846190+00:00,9,18,KRW-BIGTIME,0.00225225
2026-09-02T09:46:42.846190+00:00,9,18,KRW-BIO,0.00576369
2026-09-02T09:46:42.846190+00:00,9,18,KRW-RENDER,0.00206718
2026-09-02T09:46:42.846190+00:00,9,18,KRW-BARD,0.00593472
2026-09-02T09:46:42.846190+00:00,9,18,KRW-CHZ,0.00550964
2026-09-02T09:46:42.846190+00:00,9,18,KRW-LSK,0.00732601
2026-09-02T09:46:42.846190+00:00,9,18,KRW-CRO,0.00267738
2026-09-02T09:46:42.846190+00:00,9,18,KRW-VANA,0.00412712
2026-09-02T09:46:42.846190+00:00,9,18,KRW-LAYER,0.00215517
2026-09-02T09:46:42.846190+00:00,9,18,KRW-RED,0.00660066
2026-09-02T09:46:42.846190+00:00,9,18,KRW-DOT,0.00171380
2026-09-02T09:46:42.846190+00:00,9,18,KRW-ATOM,0.00300752
2026-09-02T09:46:42.846190+00:00,9,18,KRW-DOOD,0.00554017
2026-09-02T09:46:42.846190+00:00,9,18,KRW-XAUT,0.00219391
2026-09-02T09:46:42.846190+00:00,9,18,KRW-BORA,0.00660066
2026-09-02T09:46:42.846190+00:00,9,18,KRW-AWE,0.00118554
2026-09-02T09:46:42.846190+00:00,9,18,KRW-WAVES,0.00671141
2026-09-02T09:46:42.846190+00:00,9,18,KRW-ZKP,0.00327332
2026-09-02T09:46:42.846190+00:00,9,18,KRW-EDGE,0.00322407
2026-09-02T09:46:42.846190+00:00,9,18,KRW-ELF,0.00684932
2026-09-02T09:46:42.846190+00:00,9,18,KRW-AI,0.00378072
2026-09-02T09:46:42.846190+00:00,9,18,KRW-SNT,0.00678733
2026-09-02T09:46:42.846190+00:00,9,18,KRW-OPEN,0.00597015
2026-09-02T09:46:42.846190+00:00,9,18,KRW-SKR,0.00668896
2026-09-02T09:46:42.846190+00:00,9,18,KRW-MET2,0.00379507
2026-09-02T09:46:42.846190+00:00,9,18,KRW-FF,0.00682594
2026-09-02T09:46:42.846190+00:00,9,18,KRW-KAT,0.00165153
2026-09-02T09:46:42.846190+00:00,9,18,KRW-W,0.00760456
2026-09-02T09:46:42.846190+00:00,9,18,KRW-PENDLE,0.00162933
2026-09-02T09:46:42.846190+00:00,9,18,KRW-SPK,0.00735294
2026-09-02T09:46:42.846190+00:00,9,18,KRW-PYTH,0.00134318
2026-09-02T09:46:42.846190+00:00,9,18,KRW-STEEM,0.00168492
2026-09-02T09:46:42.846190+00:00,9,18,KRW-COW,0.00579710
2026-09-02T09:47:45.417916+00:00,9,18,KRW-SHIB,0.00142349
2026-09-02T09:47:45.417916+00:00,9,18,KRW-KAITO,0.00242424
2026-09-02T09:47:45.417916+00:00,9,18,KRW-SUI,0.00101678
2026-09-02T09:47:45.417916+00:00,9,18,KRW-MMT,0.00464037
2026-09-02T09:47:45.417916+00:00,9,18,KRW-LINK,0.00065985
2026-09-02T09:47:45.417916+00:00,9,18,KRW-PUMP,0.00171969
2026-09-02T09:47:45.417916+00:00,9,18,KRW-NEAR,0.00118460
2026-09-02T09:47:45.417916+00:00,9,18,KRW-ZBT,0.00896861
2026-09-02T09:47:45.417916+00:00,9,18,KRW-LA,0.00114482
2026-09-02T09:47:45.417916+00:00,9,18,KRW-CHIP,0.00159872
2026-09-02T09:47:45.417916+00:00,9,18,KRW-QUID,0.00111919
2026-09-02T09:47:45.417916+00:00,9,18,KRW-PENGU,0.00881057
2026-09-02T09:47:45.417916+00:00,9,18,KRW-AVAX,0.00205023
2026-09-02T09:47:45.417916+00:00,9,18,KRW-VIRTUAL,0.00211416
2026-09-02T09:47:45.417916+00:00,9,18,KRW-MOVE,0.00858369
2026-09-02T09:47:45.417916+00:00,9,18,KRW-UNI,0.00177148
2026-09-02T09:47:45.417916+00:00,9,18,KRW-PIEVERSE,0.00190658
2026-09-02T09:47:45.417916+00:00,9,18,KRW-PRL,0.00511509
2026-09-02T09:47:45.417916+00:00,9,18,KRW-HBAR,0.00995025
2026-09-02T09:47:45.417916+00:00,9,18,KRW-ONT,0.00138026
2026-09-02T09:47:45.417916+00:00,9,18,KRW-ENSO,0.00249273
2026-09-02T09:47:45.417916+00:00,9,18,KRW-XPL,0.00881057
2026-09-02T09:47:45.417916+00:00,9,18,KRW-SAHARA,0.00881057
2026-09-02T09:47:45.417916+00:00,9,18,KRW-AAVE,0.00172265
2026-09-02T09:47:45.417916+00:00,9,18,KRW-ARX,0.00589971
2026-09-02T09:47:45.417916+00:00,9,18,KRW-TRX,0.00225479
2026-09-02T09:47:45.417916+00:00,9,18,KRW-HOLO,0.00234742
2026-09-02T09:47:45.417916+00:00,9,18,KRW-WLFI,0.00256082
2026-09-02T09:47:45.417916+00:00,9,18,KRW-BCH,0.00089485
2026-09-02T09:47:45.417916+00:00,9,18,KRW-DATA,0.00778210
2026-09-02T09:47:45.417916+00:00,9,18,KRW-PLUME,0.00519481
2026-09-02T09:47:45.417916+00:00,9,18,KRW-ARB,0.00634921
2026-09-02T09:47:45.417916+00:00,9,18,KRW-STORJ,0.00568990
2026-09-02T09:47:45.417916+00:00,9,18,KRW-BONK,0.00182315
2026-09-02T09:47:45.417916+00:00,9,18,KRW-ETC,0.00151400
2026-09-02T09:47:45.417916+00:00,9,18,KRW-ESP,0.00888889
2026-09-02T09:47:45.417916+00:00,9,18,KRW-0G,0.00392927
2026-09-02T09:47:45.417916+00:00,9,18,KRW-META2,0.00547196
2026-09-02T09:47:45.417916+00:00,9,18,KRW-BSB,0.01369863
2026-09-02T09:47:45.417916+00:00,9,18,KRW-ERA,0.00249688
2026-09-02T09:47:45.417916+00:00,9,18,KRW-MIRA,0.00162206
2026-09-02T09:47:45.417916+00:00,9,18,KRW-SAND,0.00201005
2026-09-02T09:47:45.417916+00:00,9,18,KRW-PEPE,0.00425532
2026-09-02T09:47:45.417916+00:00,9,18,KRW-POL,0.00803213
2026-09-02T09:47:45.417916+00:00,9,18,KRW-STX,0.00285307
2026-09-02T09:47:45.417916+00:00,9,18,KRW-IRYS,0.00542005
2026-09-02T09:47:45.417916+00:00,9,18,KRW-AXS,0.00318725
2026-09-02T09:47:45.417916+00:00,9,18,KRW-TAO,0.00134318
2026-09-02T09:47:45.417916+00:00,9,18,KRW-ALGO,0.00816327
2026-09-02T09:47:45.417916+00:00,9,18,KRW-JTO,0.00172861
2026-09-02T09:47:45.417916+00:00,9,18,KRW-CC,0.00647249
2026-09-02T09:47:45.417916+00:00,9,18,KRW-BIRB,0.00380469
2026-09-02T09:47:45.417916+00:00,9,18,KRW-ME,0.00356930
2026-09-02T09:47:45.417916+00:00,9,18,KRW-SEI,0.00155885
2026-09-02T09:47:45.417916+00:00,9,18,KRW-ENS,0.00199402
2026-09-02T09:47:45.417916+00:00,9,18,KRW-ZRO,0.00359583
2026-09-02T09:47:45.417916+00:00,9,18,KRW-TRUMP,0.00098668
2026-09-02T09:47:45.417916+00:00,9,18,KRW-XEC,0.00320684
2026-09-02T09:47:45.417916+00:00,9,18,KRW-RVN,0.00776197
2026-09-02T09:47:45.417916+00:00,9,18,KRW-ZAMA,0.00294985
2026-09-02T09:47:45.417916+00:00,9,18,KRW-GEOD,0.00328407
2026-09-02T09:47:45.417916+00:00,9,18,KRW-AKT,0.00435098
2026-09-02T09:47:45.417916+00:00,9,18,KRW-FIL,0.00278164
2026-09-02T09:47:45.417916+00:00,9,18,KRW-APT,0.00263158
2026-09-02T09:47:45.417916+00:00,9,18,KRW-DRV,0.00516796
2026-09-02T09:47:45.417916+00:00,9,18,KRW-ID,0.00455581
2026-09-02T09:47:45.417916+00:00,9,18,KRW-SOON,0.00400802
2026-09-02T09:47:45.417916+00:00,9,18,KRW-O,0.00270636
2026-09-02T09:47:45.417916+00:00,9,18,KRW-AVNT,0.00716846
2026-09-02T09:47:45.417916+00:00,9,18,KRW-TREE,0.00554017
2026-09-02T09:47:45.417916+00:00,9,18,KRW-KITE,0.01081081
2026-09-02T09:47:45.417916+00:00,9,18,KRW-BLEND,0.00353565
2026-09-02T09:47:45.417916+00:00,9,18,KRW-MANTRA,0.00167084
2026-09-02T09:47:45.417916+00:00,9,18,KRW-CFG,0.00682594
2026-09-02T09:47:45.417916+00:00,9,18,KRW-GAS,0.00242866
2026-09-02T09:47:45.417916+00:00,9,18,KRW-BERA,0.00415800
2026-09-02T09:47:45.417916+00:00,9,18,KRW-MEGA,0.00197824
2026-09-02T09:47:45.417916+00:00,9,18,KRW-SOPH,0.00276243
2026-09-02T09:47:45.417916+00:00,9,18,KRW-UP2,0.00283286
2026-09-02T09:47:45.417916+00:00,9,18,KRW-ZORA,0.01960784
2026-09-02T09:47:45.417916+00:00,9,18,KRW-OPG,0.00732601
2026-09-02T09:47:45.417916+00:00,9,18,KRW-BSV,0.00185615
2026-09-02T09:47:45.417916+00:00,9,18,KRW-HYPER,0.00110314
2026-09-02T09:47:45.417916+00:00,9,18,KRW-TRAC,0.00226501
2026-09-02T09:47:45.417916+00:00,9,18,KRW-IN,0.00442478
2026-09-02T09:47:45.417916+00:00,9,18,KRW-ATH,0.00319489
2026-09-02T09:47:45.417916+00:00,9,18,KRW-ETHFI,0.00253485
2026-09-02T09:47:45.417916+00:00,9,18,KRW-MON,0.00569801
2026-09-02T09:47:45.417916+00:00,9,18,KRW-ZIL,0.00290276
2026-09-02T09:47:45.417916+00:00,9,18,KRW-B3,0.00323625
2026-09-02T09:47:45.417916+00:00,9,18,KRW-ELSA,0.00322061
2026-09-02T09:47:45.417916+00:00,9,18,KRW-JUP,0.00340716
2026-09-02T09:47:45.417916+00:00,9,18,KRW-SIGN,0.01526718
2026-09-02T09:47:45.417916+00:00,9,18,KRW-FLOCK,0.00195122
2026-09-02T09:47:45.417916+00:00,9,18,KRW-DEEP,0.00508906
2026-09-02T09:47:45.417916+00:00,9,18,KRW-G,0.00191022
2026-09-02T09:47:45.417916+00:00,9,18,KRW-INJ,0.00429492
2026-09-02T09:47:45.417916+00:00,9,18,KRW-VVV,0.00091491
2026-09-02T09:47:45.417916+00:00,9,18,KRW-BIGTIME,0.00112423
2026-09-02T09:47:45.417916+00:00,9,18,KRW-BIO,0.00576369
2026-09-02T09:47:45.417916+00:00,9,18,KRW-RENDER,0.00154839
2026-09-02T09:47:45.417916+00:00,9,18,KRW-BARD,0.00593472
2026-09-02T09:47:45.417916+00:00,9,18,KRW-CHZ,0.00550964
2026-09-02T09:47:45.417916+00:00,9,18,KRW-LSK,0.00732601
2026-09-02T09:47:45.417916+00:00,9,18,KRW-CRO,0.00267738
2026-09-02T09:47:45.417916+00:00,9,18,KRW-VANA,0.00412031
2026-09-02T09:47:45.417916+00:00,9,18,KRW-LAYER,0.00215517
2026-09-02T09:47:45.417916+00:00,9,18,KRW-RED,0.00660066
2026-09-02T09:47:45.417916+00:00,9,18,KRW-DOT,0.00256739
2026-09-02T09:47:45.417916+00:00,9,18,KRW-ATOM,0.00400400
2026-09-02T09:47:45.417916+00:00,9,18,KRW-DOOD,0.00554017
2026-09-02T09:47:45.417916+00:00,9,18,KRW-XAUT,0.00219391
2026-09-02T09:47:45.417916+00:00,9,18,KRW-BORA,0.00660066
2026-09-02T09:47:45.417916+00:00,9,18,KRW-AWE,0.00118554
2026-09-02T09:47:45.417916+00:00,9,18,KRW-WAVES,0.00671141
2026-09-02T09:47:45.417916+00:00,9,18,KRW-ZKP,0.00326797
2026-09-02T09:47:45.417916+00:00,9,18,KRW-EDGE,0.00322407
2026-09-02T09:47:45.417916+00:00,9,18,KRW-ELF,0.00684932
2026-09-02T09:47:45.417916+00:00,9,18,KRW-AI,0.00378072
2026-09-02T09:47:45.417916+00:00,9,18,KRW-SNT,0.00678733
2026-09-02T09:47:45.417916+00:00,9,18,KRW-OPEN,0.00597015
2026-09-02T09:47:45.417916+00:00,9,18,KRW-SKR,0.00333890
2026-09-02T09:47:45.417916+00:00,9,18,KRW-MET2,0.00379507
2026-09-02T09:47:45.417916+00:00,9,18,KRW-FF,0.00682594
2026-09-02T09:47:45.417916+00:00,9,18,KRW-KAT,0.00164880
2026-09-02T09:47:45.417916+00:00,9,18,KRW-W,0.00760456
2026-09-02T09:47:45.417916+00:00,9,18,KRW-PENDLE,0.00203376
2026-09-02T09:47:45.417916+00:00,9,18,KRW-SPK,0.00368324
2026-09-02T09:47:45.417916+00:00,9,18,KRW-PYTH,0.00268097
2026-09-02T09:47:45.417916+00:00,9,18,KRW-STEEM,0.00168492
2026-09-02T09:47:45.417916+00:00,9,18,KRW-COW,0.00579710
2026-09-02T09:48:48.014765+00:00,9,18,KRW-SHIB,0.00142349
2026-09-02T09:48:48.014765+00:00,9,18,KRW-KAITO,0.00242424
2026-09-02T09:48:48.014765+00:00,9,18,KRW-SUI,0.00203252
2026-09-02T09:48:48.014765+00:00,9,18,KRW-MMT,0.00464037
2026-09-02T09:48:48.014765+00:00,9,18,KRW-LINK,0.00065941
2026-09-02T09:48:48.014765+00:00,9,18,KRW-PUMP,0.00171969
2026-09-02T09:48:48.014765+00:00,9,18,KRW-NEAR,0.00197200
2026-09-02T09:48:48.014765+00:00,9,18,KRW-ZBT,0.00896861
2026-09-02T09:48:48.014765+00:00,9,18,KRW-LA,0.00114745
2026-09-02T09:48:48.014765+00:00,9,18,KRW-CHIP,0.00161160
2026-09-02T09:48:48.014765+00:00,9,18,KRW-QUID,0.00111919
2026-09-02T09:48:48.014765+00:00,9,18,KRW-PENGU,0.00881057
2026-09-02T09:48:48.014765+00:00,9,18,KRW-AVAX,0.00102564
2026-09-02T09:48:48.014765+00:00,9,18,KRW-VIRTUAL,0.00105652
2026-09-02T09:48:48.014765+00:00,9,18,KRW-MOVE,0.00858369
2026-09-02T09:48:48.014765+00:00,9,18,KRW-UNI,0.00177567
2026-09-02T09:48:48.014765+00:00,9,18,KRW-PIEVERSE,0.00190658
2026-09-02T09:48:48.014765+00:00,9,18,KRW-PRL,0.00511509
2026-09-02T09:48:48.014765+00:00,9,18,KRW-HBAR,0.00995025
2026-09-02T09:48:48.014765+00:00,9,18,KRW-ONT,0.00138026
2026-09-02T09:48:48.014765+00:00,9,18,KRW-ENSO,0.00332502
2026-09-02T09:48:48.014765+00:00,9,18,KRW-XPL,0.00881057
2026-09-02T09:48:48.014765+00:00,9,18,KRW-SAHARA,0.00881057
2026-09-02T09:48:48.014765+00:00,9,18,KRW-AAVE,0.00172463
2026-09-02T09:48:48.014765+00:00,9,18,KRW-ARX,0.00589971
2026-09-02T09:48:48.014765+00:00,9,18,KRW-TRX,0.00225479
2026-09-02T09:48:48.014765+00:00,9,18,KRW-HOLO,0.00351906
2026-09-02T09:48:48.014765+00:00,9,18,KRW-WLFI,0.00127959
2026-09-02T09:48:48.014765+00:00,9,18,KRW-BCH,0.00059648
2026-09-02T09:48:48.014765+00:00,9,18,KRW-DATA,0.00778210
2026-09-02T09:48:48.014765+00:00,9,18,KRW-PLUME,0.00519481
2026-09-02T09:48:48.014765+00:00,9,18,KRW-ARB,0.00634921
2026-09-02T09:48:48.014765+00:00,9,18,KRW-STORJ,0.00852273
2026-09-02T09:48:48.014765+00:00,9,18,KRW-BONK,0.00182315
2026-09-02T09:48:48.014765+00:00,9,18,KRW-ETC,0.00151400
2026-09-02T09:48:48.014765+00:00,9,18,KRW-ESP,0.00888889
2026-09-02T09:48:48.014765+00:00,9,18,KRW-0G,0.00787402
2026-09-02T09:48:48.014765+00:00,9,18,KRW-META2,0.00205691
2026-09-02T09:48:48.014765+00:00,9,18,KRW-BSB,0.00682594
2026-09-02T09:48:48.014765+00:00,9,18,KRW-ERA,0.00249688
2026-09-02T09:48:48.014765+00:00,9,18,KRW-MIRA,0.00324675
2026-09-02T09:48:48.014765+00:00,9,18,KRW-SAND,0.00201005
2026-09-02T09:48:48.014765+00:00,9,18,KRW-PEPE,0.00212540
2026-09-02T09:48:48.014765+00:00,9,18,KRW-POL,0.00796813
2026-09-02T09:48:48.014765+00:00,9,18,KRW-STX,0.00285307
2026-09-02T09:48:48.014765+00:00,9,18,KRW-IRYS,0.00542005
2026-09-02T09:48:48.014765+00:00,9,18,KRW-AXS,0.00318218
2026-09-02T09:48:48.014765+00:00,9,18,KRW-TAO,0.00100722
2026-09-02T09:48:48.014765+00:00,9,18,KRW-ALGO,0.00816327
2026-09-02T09:48:48.014765+00:00,9,18,KRW-JTO,0.00346620
2026-09-02T09:48:48.014765+00:00,9,18,KRW-CC,0.00647249
2026-09-02T09:48:48.014765+00:00,9,18,KRW-BIRB,0.00126662
2026-09-02T09:48:48.014765+00:00,9,18,KRW-ME,0.00356930
2026-09-02T09:48:48.014765+00:00,9,18,KRW-SEI,0.00155642
2026-09-02T09:48:48.014765+00:00,9,18,KRW-ENS,0.00132802
2026-09-02T09:48:48.014765+00:00,9,18,KRW-ZRO,0.00359583
2026-09-02T09:48:48.014765+00:00,9,18,KRW-TRUMP,0.00032900
2026-09-02T09:48:48.014765+00:00,9,18,KRW-XEC,0.00320684
2026-09-02T09:48:48.014765+00:00,9,18,KRW-RVN,0.00776197
2026-09-02T09:48:48.014765+00:00,9,18,KRW-ZAMA,0.00442804
2026-09-02T09:48:48.014765+00:00,9,18,KRW-GEOD,0.00328407
2026-09-02T09:48:48.014765+00:00,9,18,KRW-AKT,0.00435098
2026-09-02T09:48:48.014765+00:00,9,18,KRW-FIL,0.00277393
2026-09-02T09:48:48.014765+00:00,9,18,KRW-APT,0.00262467
2026-09-02T09:48:48.014765+00:00,9,18,KRW-DRV,0.00516796
2026-09-02T09:48:48.014765+00:00,9,18,KRW-ID,0.00455581
2026-09-02T09:48:48.014765+00:00,9,18,KRW-SOON,0.00400802
2026-09-02T09:48:48.014765+00:00,9,18,KRW-O,0.00542005
2026-09-02T09:48:48.014765+00:00,9,18,KRW-AVNT,0.00716846
2026-09-02T09:48:48.014765+00:00,9,18,KRW-TREE,0.00369686
2026-09-02T09:48:48.014765+00:00,9,18,KRW-KITE,0.00539084
2026-09-02T09:48:48.014765+00:00,9,18,KRW-BLEND,0.00353565
2026-09-02T09:48:48.014765+00:00,9,18,KRW-MANTRA,0.00499584
2026-09-02T09:48:48.014765+00:00,9,18,KRW-CFG,0.00682594
2026-09-02T09:48:48.014765+00:00,9,18,KRW-GAS,0.00121212
2026-09-02T09:48:48.014765+00:00,9,18,KRW-BERA,0.00415800
2026-09-02T09:48:48.014765+00:00,9,18,KRW-MEGA,0.00197433
2026-09-02T09:48:48.014765+00:00,9,18,KRW-SOPH,0.00276625
2026-09-02T09:48:48.014765+00:00,9,18,KRW-UP2,0.00283286
2026-09-02T09:48:48.014765+00:00,9,18,KRW-ZORA,0.00975610
2026-09-02T09:48:48.014765+00:00,9,18,KRW-OPG,0.00732601
2026-09-02T09:48:48.014765+00:00,9,18,KRW-BSV,0.00185615
2026-09-02T09:48:48.014765+00:00,9,18,KRW-HYPER,0.00110314
2026-09-02T09:48:48.014765+00:00,9,18,KRW-TRAC,0.00226501
2026-09-02T09:48:48.014765+00:00,9,18,KRW-IN,0.00220994
2026-09-02T09:48:48.014765+00:00,9,18,KRW-ATH,0.00319489
2026-09-02T09:48:48.014765+00:00,9,18,KRW-ETHFI,0.00253485
2026-09-02T09:48:48.014765+00:00,9,18,KRW-MON,0.00568182
2026-09-02T09:48:48.014765+00:00,9,18,KRW-ZIL,0.00291121
2026-09-02T09:48:48.014765+00:00,9,18,KRW-B3,0.00323625
2026-09-02T09:48:48.014765+00:00,9,18,KRW-ELSA,0.00322061
2026-09-02T09:48:48.014765+00:00,9,18,KRW-JUP,0.00680272
2026-09-02T09:48:48.014765+00:00,9,18,KRW-SIGN,0.01526718
2026-09-02T09:48:48.014765+00:00,9,18,KRW-FLOCK,0.00391389
2026-09-02T09:48:48.014765+00:00,9,18,KRW-DEEP,0.00508906
2026-09-02T09:48:48.014765+00:00,9,18,KRW-G,0.00191388
2026-09-02T09:48:48.014765+00:00,9,18,KRW-INJ,0.00071710
2026-09-02T09:48:48.014765+00:00,9,18,KRW-VVV,0.00091491
2026-09-02T09:48:48.014765+00:00,9,18,KRW-BIGTIME,0.00224467
2026-09-02T09:48:48.014765+00:00,9,18,KRW-BIO,0.00576369
2026-09-02T09:48:48.014765+00:00,9,18,KRW-RENDER,0.00258065
2026-09-02T09:48:48.014765+00:00,9,18,KRW-BARD,0.00593472
2026-09-02T09:48:48.014765+00:00,9,18,KRW-CHZ,0.00550964
2026-09-02T09:48:48.014765+00:00,9,18,KRW-LSK,0.00732601
2026-09-02T09:48:48.014765+00:00,9,18,KRW-CRO,0.00267738
2026-09-02T09:48:48.014765+00:00,9,18,KRW-VANA,0.00494234
2026-09-02T09:48:48.014765+00:00,9,18,KRW-LAYER,0.00215517
2026-09-02T09:48:48.014765+00:00,9,18,KRW-RED,0.00660066
2026-09-02T09:48:48.014765+00:00,9,18,KRW-DOT,0.00256739
2026-09-02T09:48:48.014765+00:00,9,18,KRW-ATOM,0.00200000
2026-09-02T09:48:48.014765+00:00,9,18,KRW-DOOD,0.00554017
2026-09-02T09:48:48.014765+00:00,9,18,KRW-XAUT,0.00202497
2026-09-02T09:48:48.014765+00:00,9,18,KRW-BORA,0.00330579
2026-09-02T09:48:48.014765+00:00,9,18,KRW-AWE,0.00118554
2026-09-02T09:48:48.014765+00:00,9,18,KRW-WAVES,0.00671141
2026-09-02T09:48:48.014765+00:00,9,18,KRW-ZKP,0.00326797
2026-09-02T09:48:48.014765+00:00,9,18,KRW-EDGE,0.00322407
2026-09-02T09:48:48.014765+00:00,9,18,KRW-ELF,0.00684932
2026-09-02T09:48:48.014765+00:00,9,18,KRW-AI,0.00378072
2026-09-02T09:48:48.014765+00:00,9,18,KRW-SNT,0.00678733
2026-09-02T09:48:48.014765+00:00,9,18,KRW-OPEN,0.00597015
2026-09-02T09:48:48.014765+00:00,9,18,KRW-SKR,0.00332779
2026-09-02T09:48:48.014765+00:00,9,18,KRW-MET2,0.00379507
2026-09-02T09:48:48.014765+00:00,9,18,KRW-FF,0.01369863
2026-09-02T09:48:48.014765+00:00,9,18,KRW-KAT,0.00164880
2026-09-02T09:48:48.014765+00:00,9,18,KRW-W,0.00760456
2026-09-02T09:48:48.014765+00:00,9,18,KRW-PENDLE,0.00162536
2026-09-02T09:48:48.014765+00:00,9,18,KRW-SPK,0.00368324
2026-09-02T09:48:48.014765+00:00,9,18,KRW-PYTH,0.00402414
2026-09-02T09:48:48.014765+00:00,9,18,KRW-STEEM,0.00168492
2026-09-02T09:48:48.014765+00:00,9,18,KRW-COW,0.00579710
2026-09-02T09:49:50.663919+00:00,9,18,KRW-SHIB,0.00142146
2026-09-02T09:49:50.663919+00:00,9,18,KRW-KAITO,0.00484262
2026-09-02T09:49:50.663919+00:00,9,18,KRW-SUI,0.00202840
2026-09-02T09:49:50.663919+00:00,9,18,KRW-MMT,0.00464037
2026-09-02T09:49:50.663919+00:00,9,18,KRW-LINK,0.00131752
2026-09-02T09:49:50.663919+00:00,9,18,KRW-PUMP,0.00343053
2026-09-02T09:49:50.663919+00:00,9,18,KRW-NEAR,0.00118273
2026-09-02T09:49:50.663919+00:00,9,18,KRW-ZBT,0.00896861
2026-09-02T09:49:50.663919+00:00,9,18,KRW-LA,0.00113960
2026-09-02T09:49:50.663919+00:00,9,18,KRW-CHIP,0.00320000
2026-09-02T09:49:50.663919+00:00,9,18,KRW-QUID,0.00111919
2026-09-02T09:49:50.663919+00:00,9,18,KRW-PENGU,0.00873362
2026-09-02T09:49:50.663919+00:00,9,18,KRW-AVAX,0.00102354
2026-09-02T09:49:50.663919+00:00,9,18,KRW-VIRTUAL,0.00210748
2026-09-02T09:49:50.663919+00:00,9,18,KRW-MOVE,0.00858369
2026-09-02T09:49:50.663919+00:00,9,18,KRW-UNI,0.00118203
2026-09-02T09:49:50.663919+00:00,9,18,KRW-PIEVERSE,0.00254615
2026-09-02T09:49:50.663919+00:00,9,18,KRW-PRL,0.00508906
2026-09-02T09:49:50.663919+00:00,9,18,KRW-HBAR,0.00995025
2026-09-02T09:49:50.663919+00:00,9,18,KRW-ONT,0.00275482
2026-09-02T09:49:50.663919+00:00,9,18,KRW-ENSO,0.00249066
2026-09-02T09:49:50.663919+00:00,9,18,KRW-XPL,0.00881057
2026-09-02T09:49:50.663919+00:00,9,18,KRW-SAHARA,0.00873362
2026-09-02T09:49:50.663919+00:00,9,18,KRW-AAVE,0.00114811
2026-09-02T09:49:50.663919+00:00,9,18,KRW-ARX,0.00589971
2026-09-02T09:49:50.663919+00:00,9,18,KRW-TRX,0.00225479
2026-09-02T09:49:50.663919+00:00,9,18,KRW-HOLO,0.00234467
2026-09-02T09:49:50.663919+00:00,9,18,KRW-WLFI,0.00255754
2026-09-02T09:49:50.663919+00:00,9,18,KRW-BCH,0.00059524
2026-09-02T09:49:50.663919+00:00,9,18,KRW-DATA,0.00389864
2026-09-02T09:49:50.663919+00:00,9,18,KRW-PLUME,0.00516796
2026-09-02T09:49:50.663919+00:00,9,18,KRW-ARB,0.00634921
2026-09-02T09:49:50.663919+00:00,9,18,KRW-STORJ,0.00851064
2026-09-02T09:49:50.663919+00:00,9,18,KRW-BONK,0.00182315
2026-09-02T09:49:50.663919+00:00,9,18,KRW-ETC,0.00100806
2026-09-02T09:49:50.663919+00:00,9,18,KRW-ESP,0.00888889
2026-09-02T09:49:50.663919+00:00,9,18,KRW-0G,0.00784314
2026-09-02T09:49:50.663919+00:00,9,18,KRW-META2,0.00205691
2026-09-02T09:49:50.663919+00:00,9,18,KRW-BSB,0.00682594
2026-09-02T09:49:50.663919+00:00,9,18,KRW-ERA,0.00124766
2026-09-02T09:49:50.663919+00:00,9,18,KRW-MIRA,0.00324675
2026-09-02T09:49:50.663919+00:00,9,18,KRW-SAND,0.00201410
2026-09-02T09:49:50.663919+00:00,9,18,KRW-PEPE,0.00212540
2026-09-02T09:49:50.663919+00:00,9,18,KRW-POL,0.00796813
2026-09-02T09:49:50.663919+00:00,9,18,KRW-STX,0.00285307
2026-09-02T09:49:50.663919+00:00,9,18,KRW-IRYS,0.00542005
2026-09-02T09:49:50.663919+00:00,9,18,KRW-AXS,0.00238569
2026-09-02T09:49:50.663919+00:00,9,18,KRW-TAO,0.00268007
2026-09-02T09:49:50.663919+00:00,9,18,KRW-ALGO,0.00816327
2026-09-02T09:49:50.663919+00:00,9,18,KRW-JTO,0.00346021
2026-09-02T09:49:50.663919+00:00,9,18,KRW-CC,0.00647249
2026-09-02T09:49:50.663919+00:00,9,18,KRW-BIRB,0.00252845
2026-09-02T09:49:50.663919+00:00,9,18,KRW-ME,0.00237812
2026-09-02T09:49:50.663919+00:00,9,18,KRW-SEI,0.00310078
2026-09-02T09:49:50.663919+00:00,9,18,KRW-ENS,0.00132626
2026-09-02T09:49:50.663919+00:00,9,18,KRW-ZRO,0.00502693
2026-09-02T09:49:50.663919+00:00,9,18,KRW-TRUMP,0.00065703
2026-09-02T09:49:50.663919+00:00,9,18,KRW-XEC,0.00213675
2026-09-02T09:49:50.663919+00:00,9,18,KRW-RVN,0.00776197
2026-09-02T09:49:50.663919+00:00,9,18,KRW-ZAMA,0.00442804
2026-09-02T09:49:50.663919+00:00,9,18,KRW-GEOD,0.00328407
2026-09-02T09:49:50.663919+00:00,9,18,KRW-AKT,0.00435098
2026-09-02T09:49:50.663919+00:00,9,18,KRW-FIL,0.00275862
2026-09-02T09:49:50.663919+00:00,9,18,KRW-APT,0.00261780
2026-09-02T09:49:50.663919+00:00,9,18,KRW-DRV,0.00516796
2026-09-02T09:49:50.663919+00:00,9,18,KRW-ID,0.00454545
2026-09-02T09:49:50.663919+00:00,9,18,KRW-SOON,0.00800000
2026-09-02T09:49:50.663919+00:00,9,18,KRW-O,0.00406229
2026-09-02T09:49:50.663919+00:00,9,18,KRW-AVNT,0.00716846
2026-09-02T09:49:50.663919+00:00,9,18,KRW-TREE,0.00184672
2026-09-02T09:49:50.663919+00:00,9,18,KRW-KITE,0.00539084
2026-09-02T09:49:50.663919+00:00,9,18,KRW-BLEND,0.00353565
2026-09-02T09:49:50.663919+00:00,9,18,KRW-MANTRA,0.00166528
2026-09-02T09:49:50.663919+00:00,9,18,KRW-CFG,0.00677966
2026-09-02T09:49:50.663919+00:00,9,18,KRW-GAS,0.00363196
2026-09-02T09:49:50.663919+00:00,9,18,KRW-BERA,0.00829876
2026-09-02T09:49:50.663919+00:00,9,18,KRW-MEGA,0.00395257
2026-09-02T09:49:50.663919+00:00,9,18,KRW-SOPH,0.00555556
2026-09-02T09:49:50.663919+00:00,9,18,KRW-UP2,0.00283286
2026-09-02T09:49:50.663919+00:00,9,18,KRW-ZORA,0.00975610
2026-09-02T09:49:50.663919+00:00,9,18,KRW-OPG,0.01459854
2026-09-02T09:49:50.663919+00:00,9,18,KRW-BSV,0.00324299
2026-09-02T09:49:50.663919+00:00,9,18,KRW-HYPER,0.00110314
2026-09-02T09:49:50.663919+00:00,9,18,KRW-TRAC,0.00679502
2026-09-02T09:49:50.663919+00:00,9,18,KRW-IN,0.00220994
2026-09-02T09:49:50.663919+00:00,9,18,KRW-ATH,0.00637959
2026-09-02T09:49:50.663919+00:00,9,18,KRW-ETHFI,0.00126502
2026-09-02T09:49:50.663919+00:00,9,18,KRW-MON,0.00564972
2026-09-02T09:49:50.663919+00:00,9,18,KRW-ZIL,0.00581395
2026-09-02T09:49:50.663919+00:00,9,18,KRW-B3,0.00323625
2026-09-02T09:49:50.663919+00:00,9,18,KRW-ELSA,0.00322061
2026-09-02T09:49:50.663919+00:00,9,18,KRW-JUP,0.00339559
2026-09-02T09:49:50.663919+00:00,9,18,KRW-SIGN,0.00760456
2026-09-02T09:49:50.663919+00:00,9,18,KRW-FLOCK,0.00195886
2026-09-02T09:49:50.663919+00:00,9,18,KRW-DEEP,0.00508906
2026-09-02T09:49:50.663919+00:00,9,18,KRW-G,0.00191022
2026-09-02T09:49:50.663919+00:00,9,18,KRW-INJ,0.00142653
2026-09-02T09:49:50.663919+00:00,9,18,KRW-VVV,0.00319562
2026-09-02T09:49:50.663919+00:00,9,18,KRW-BIGTIME,0.00224467
2026-09-02T09:49:50.663919+00:00,9,18,KRW-BIO,0.00574713
2026-09-02T09:49:50.663919+00:00,9,18,KRW-RENDER,0.00309438
2026-09-02T09:49:50.663919+00:00,9,18,KRW-BARD,0.00593472
2026-09-02T09:49:50.663919+00:00,9,18,KRW-CHZ,0.00547945
2026-09-02T09:49:50.663919+00:00,9,18,KRW-LSK,0.00732601
2026-09-02T09:49:50.663919+00:00,9,18,KRW-CRO,0.00401338
2026-09-02T09:49:50.663919+00:00,9,18,KRW-VANA,0.00411692
2026-09-02T09:49:50.663919+00:00,9,18,KRW-LAYER,0.00215285
2026-09-02T09:49:50.663919+00:00,9,18,KRW-RED,0.00660066
2026-09-02T09:49:50.663919+00:00,9,18,KRW-DOT,0.00170794
2026-09-02T09:49:50.663919+00:00,9,18,KRW-ATOM,0.00199900
2026-09-02T09:49:50.663919+00:00,9,18,KRW-DOOD,0.00554017
2026-09-02T09:49:50.663919+00:00,9,18,KRW-XAUT,0.00219391
2026-09-02T09:49:50.663919+00:00,9,18,KRW-BORA,0.00660066
2026-09-02T09:49:50.663919+00:00,9,18,KRW-AWE,0.00236407
2026-09-02T09:49:50.663919+00:00,9,18,KRW-WAVES,0.00671141
2026-09-02T09:49:50.663919+00:00,9,18,KRW-ZKP,0.00163265
2026-09-02T09:49:50.663919+00:00,9,18,KRW-EDGE,0.00322407
2026-09-02T09:49:50.663919+00:00,9,18,KRW-ELF,0.00684932
2026-09-02T09:49:50.663919+00:00,9,18,KRW-AI,0.00378072
2026-09-02T09:49:50.663919+00:00,9,18,KRW-SNT,0.00678733
2026-09-02T09:49:50.663919+00:00,9,18,KRW-OPEN,0.00597015
2026-09-02T09:49:50.663919+00:00,9,18,KRW-SKR,0.00668896
2026-09-02T09:49:50.663919+00:00,9,18,KRW-MET2,0.00379507
2026-09-02T09:49:50.663919+00:00,9,18,KRW-FF,0.01369863
2026-09-02T09:49:50.663919+00:00,9,18,KRW-KAT,0.00164880
2026-09-02T09:49:50.663919+00:00,9,18,KRW-W,0.00760456
2026-09-02T09:49:50.663919+00:00,9,18,KRW-PENDLE,0.00243506
2026-09-02T09:49:50.663919+00:00,9,18,KRW-SPK,0.00366972
2026-09-02T09:49:50.663919+00:00,9,18,KRW-PYTH,0.00402955
2026-09-02T09:49:50.663919+00:00,9,18,KRW-STEEM,0.00168492
2026-09-02T09:49:50.663919+00:00,9,18,KRW-COW,0.00579710
2026-09-02T17:01:38.173676+00:00,17,2,KRW-SHIB,0.00140351
2026-09-02T17:01:38.173676+00:00,17,2,KRW-KAITO,0.00480769
2026-09-02T17:01:38.173676+00:00,17,2,KRW-SUI,0.00201613
2026-09-02T17:01:38.173676+00:00,17,2,KRW-MMT,0.00464037
2026-09-02T17:01:38.173676+00:00,17,2,KRW-LINK,0.00065638
2026-09-02T17:01:38.173676+00:00,17,2,KRW-PUMP,0.00178731
2026-09-02T17:01:38.173676+00:00,17,2,KRW-NEAR,0.00157295
2026-09-02T17:01:38.173676+00:00,17,2,KRW-ZBT,0.00881057
2026-09-02T17:01:38.173676+00:00,17,2,KRW-LA,0.00114613
2026-09-02T17:01:38.173676+00:00,17,2,KRW-CHIP,0.00180343
2026-09-02T17:01:38.173676+00:00,17,2,KRW-QUID,0.00449438
2026-09-02T17:01:38.173676+00:00,17,2,KRW-PENGU,0.00888889
2026-09-02T17:01:38.173676+00:00,17,2,KRW-AVAX,0.00101781
2026-09-02T17:01:38.173676+00:00,17,2,KRW-VIRTUAL,0.00107701
2026-09-02T17:01:38.173676+00:00,17,2,KRW-MOVE,0.00851064
2026-09-02T17:01:38.173676+00:00,17,2,KRW-UNI,0.00188029
2026-09-02T17:01:38.173676+00:00,17,2,KRW-PIEVERSE,0.00198873
2026-09-02T17:01:38.173676+00:00,17,2,KRW-PRL,0.00519481
2026-09-02T17:01:38.173676+00:00,17,2,KRW-HBAR,0.00995025
2026-09-02T17:01:38.173676+00:00,17,2,KRW-ONT,0.00555556
2026-09-02T17:01:38.173676+00:00,17,2,KRW-ENSO,0.00338409
2026-09-02T17:01:38.173676+00:00,17,2,KRW-XPL,0.00881057
2026-09-02T17:01:38.173676+00:00,17,2,KRW-SAHARA,0.00865801
2026-09-02T17:01:38.173676+00:00,17,2,KRW-AAVE,0.00114679
2026-09-02T17:01:38.173676+00:00,17,2,KRW-ARX,0.00576369
2026-09-02T17:01:38.173676+00:00,17,2,KRW-TRX,0.00224467
2026-09-02T17:01:38.173676+00:00,17,2,KRW-HOLO,0.00350672
2026-09-02T17:01:38.173676+00:00,17,2,KRW-WLFI,0.00258398
2026-09-02T17:01:38.173676+00:00,17,2,KRW-BCH,0.00120012
2026-09-02T17:01:38.173676+00:00,17,2,KRW-DATA,0.00385356
2026-09-02T17:01:38.173676+00:00,17,2,KRW-PLUME,0.00514139
2026-09-02T17:01:38.173676+00:00,17,2,KRW-ARB,0.00593472
2026-09-02T17:01:38.173676+00:00,17,2,KRW-STORJ,0.00143575
2026-09-02T17:01:38.173676+00:00,17,2,KRW-BONK,0.00195122
2026-09-02T17:01:38.173676+00:00,17,2,KRW-ETC,0.00151400
2026-09-02T17:01:38.173676+00:00,17,2,KRW-ESP,0.00873362
2026-09-02T17:01:38.173676+00:00,17,2,KRW-0G,0.00389864
2026-09-02T17:01:38.173676+00:00,17,2,KRW-META2,0.00202497
2026-09-02T17:01:38.173676+00:00,17,2,KRW-BSB,0.01369863
2026-09-02T17:01:38.173676+00:00,17,2,KRW-ERA,0.00371978
2026-09-02T17:01:38.173676+00:00,17,2,KRW-MIRA,0.00310078
2026-09-02T17:01:38.173676+00:00,17,2,KRW-SAND,0.00197433
2026-09-02T17:01:38.173676+00:00,17,2,KRW-PEPE,0.00214823
2026-09-02T17:01:38.173676+00:00,17,2,KRW-POL,0.00803213
2026-09-02T17:01:38.173676+00:00,17,2,KRW-STX,0.00281294
2026-09-02T17:01:38.173676+00:00,17,2,KRW-IRYS,0.00539084
2026-09-02T17:01:38.173676+00:00,17,2,KRW-AXS,0.00080225
2026-09-02T17:01:38.173676+00:00,17,2,KRW-TAO,0.00133869
2026-09-02T17:01:38.173676+00:00,17,2,KRW-ALGO,0.00790514
2026-09-02T17:01:38.173676+00:00,17,2,KRW-JTO,0.00346620
2026-09-02T17:01:38.173676+00:00,17,2,KRW-CC,0.00655738
2026-09-02T17:01:38.173676+00:00,17,2,KRW-BIRB,0.00253485
2026-09-02T17:01:38.173676+00:00,17,2,KRW-ME,0.00350263
2026-09-02T17:01:38.173676+00:00,17,2,KRW-SEI,0.00150038
2026-09-02T17:01:38.173676+00:00,17,2,KRW-ENS,0.00138026
2026-09-02T17:01:38.173676+00:00,17,2,KRW-ZRO,0.00217155
2026-09-02T17:01:38.173676+00:00,17,2,KRW-TRUMP,0.00166583
2026-09-02T17:01:38.173676+00:00,17,2,KRW-XEC,0.00425532
2026-09-02T17:01:38.173676+00:00,17,2,KRW-RVN,0.00522193
2026-09-02T17:01:38.173676+00:00,17,2,KRW-ZAMA,0.00433839
2026-09-02T17:01:38.173676+00:00,17,2,KRW-GEOD,0.00332779
2026-09-02T17:01:38.173676+00:00,17,2,KRW-AKT,0.00145666
2026-09-02T17:01:38.173676+00:00,17,2,KRW-FIL,0.00181653
2026-09-02T17:01:38.173676+00:00,17,2,KRW-APT,0.00261097
2026-09-02T17:01:38.173676+00:00,17,2,KRW-DRV,0.00506329
2026-09-02T17:01:38.173676+00:00,17,2,KRW-ID,0.00228050
2026-09-02T17:01:38.173676+00:00,17,2,KRW-SOON,0.00778210
2026-09-02T17:01:38.173676+00:00,17,2,KRW-O,0.00405680
2026-09-02T17:01:38.173676+00:00,17,2,KRW-AVNT,0.00706714
2026-09-02T17:01:38.173676+00:00,17,2,KRW-TREE,0.00172563
2026-09-02T17:01:38.173676+00:00,17,2,KRW-KITE,0.00514139
2026-09-02T17:01:38.173676+00:00,17,2,KRW-BLEND,0.00351083
2026-09-02T17:01:38.173676+00:00,17,2,KRW-MANTRA,0.00496278
2026-09-02T17:01:38.173676+00:00,17,2,KRW-CFG,0.00701754
2026-09-02T17:01:38.173676+00:00,17,2,KRW-GAS,0.00244648
2026-09-02T17:01:38.173676+00:00,17,2,KRW-BERA,0.00410678
2026-09-02T17:01:38.173676+00:00,17,2,KRW-MEGA,0.00198610
2026-09-02T17:01:38.173676+00:00,17,2,KRW-SOPH,0.00608828
2026-09-02T17:01:38.173676+00:00,17,2,KRW-UP2,0.00141343
2026-09-02T17:01:38.173676+00:00,17,2,KRW-ZORA,0.00403633
2026-09-02T17:01:38.173676+00:00,17,2,KRW-OPG,0.00732601
2026-09-02T17:01:38.173676+00:00,17,2,KRW-BSV,0.00323550
2026-09-02T17:01:38.173676+00:00,17,2,KRW-HYPER,0.00332779
2026-09-02T17:01:38.173676+00:00,17,2,KRW-TRAC,0.00227531
2026-09-02T17:01:38.173676+00:00,17,2,KRW-IN,0.00432900
2026-09-02T17:01:38.173676+00:00,17,2,KRW-ATH,0.00317965
2026-09-02T17:01:38.173676+00:00,17,2,KRW-ETHFI,0.00403497
2026-09-02T17:01:38.173676+00:00,17,2,KRW-MON,0.00284495
2026-09-02T17:01:38.173676+00:00,17,2,KRW-ZIL,0.01169591
2026-09-02T17:01:38.173676+00:00,17,2,KRW-B3,0.00646204
2026-09-02T17:01:38.173676+00:00,17,2,KRW-ELSA,0.00157109
2026-09-02T17:01:38.173676+00:00,17,2,KRW-JUP,0.00339559
2026-09-02T17:01:38.173676+00:00,17,2,KRW-SIGN,0.00796813
2026-09-02T17:01:38.173676+00:00,17,2,KRW-FLOCK,0.00192493
2026-09-02T17:01:38.173676+00:00,17,2,KRW-DEEP,0.00511509
2026-09-02T17:01:38.173676+00:00,17,2,KRW-G,0.00393701
2026-09-02T17:01:38.173676+00:00,17,2,KRW-INJ,0.00233554
2026-09-02T17:01:38.173676+00:00,17,2,KRW-VVV,0.00321027
2026-09-02T17:01:38.173676+00:00,17,2,KRW-BIGTIME,0.00113058
2026-09-02T17:01:38.173676+00:00,17,2,KRW-BIO,0.00574713
2026-09-02T17:01:38.173676+00:00,17,2,KRW-RENDER,0.00310078
2026-09-02T17:01:38.173676+00:00,17,2,KRW-BARD,0.00597015
2026-09-02T17:01:38.173676+00:00,17,2,KRW-CHZ,0.00542005
2026-09-02T17:01:38.173676+00:00,17,2,KRW-LSK,0.00738007
2026-09-02T17:01:38.173676+00:00,17,2,KRW-CRO,0.00269906
2026-09-02T17:01:38.173676+00:00,17,2,KRW-VANA,0.00082271
2026-09-02T17:01:38.173676+00:00,17,2,KRW-LAYER,0.00322407
2026-09-02T17:01:38.173676+00:00,17,2,KRW-RED,0.00634921
2026-09-02T17:01:38.173676+00:00,17,2,KRW-DOT,0.00255428
2026-09-02T17:01:38.173676+00:00,17,2,KRW-ATOM,0.00049988
2026-09-02T17:01:38.173676+00:00,17,2,KRW-DOOD,0.00544959
2026-09-02T17:01:38.173676+00:00,17,2,KRW-XAUT,0.00183165
2026-09-02T17:01:38.173676+00:00,17,2,KRW-BORA,0.00328407
2026-09-02T17:01:38.173676+00:00,17,2,KRW-AWE,0.00236686
2026-09-02T17:01:38.173676+00:00,17,2,KRW-WAVES,0.00333890
2026-09-02T17:01:38.173676+00:00,17,2,KRW-ZKP,0.00153965
2026-09-02T17:01:38.173676+00:00,17,2,KRW-EDGE,0.00433369
2026-09-02T17:01:38.173676+00:00,17,2,KRW-ELF,0.00333519
2026-09-02T17:01:38.173676+00:00,17,2,KRW-AI,0.00760456
2026-09-02T17:01:38.173676+00:00,17,2,KRW-SNT,0.00224719
2026-09-02T17:01:38.173676+00:00,17,2,KRW-OPEN,0.00600601
2026-09-02T17:01:38.173676+00:00,17,2,KRW-SKR,0.00303490
2026-09-02T17:01:38.173676+00:00,17,2,KRW-MET2,0.00754717
2026-09-02T17:01:38.173676+00:00,17,2,KRW-FF,0.00677966
2026-09-02T17:01:38.173676+00:00,17,2,KRW-KAT,0.00162999
2026-09-02T17:01:38.173676+00:00,17,2,KRW-W,0.00760456
2026-09-02T17:01:38.173676+00:00,17,2,KRW-PENDLE,0.00162140
2026-09-02T17:01:38.173676+00:00,17,2,KRW-SPK,0.00362976
2026-09-02T17:01:38.173676+00:00,17,2,KRW-PYTH,0.00125078
2026-09-02T17:01:38.173676+00:00,17,2,KRW-STEEM,0.00340716
2026-09-02T17:01:38.173676+00:00,17,2,KRW-COW,0.01149425
2026-09-02T17:02:41.218217+00:00,17,2,KRW-SHIB,0.00140351
2026-09-02T17:02:41.218217+00:00,17,2,KRW-KAITO,0.00480769
2026-09-02T17:02:41.218217+00:00,17,2,KRW-SUI,0.00201816
2026-09-02T17:02:41.218217+00:00,17,2,KRW-MMT,0.00464037
2026-09-02T17:02:41.218217+00:00,17,2,KRW-LINK,0.00131406
2026-09-02T17:02:41.218217+00:00,17,2,KRW-PUMP,0.00357782
2026-09-02T17:02:41.218217+00:00,17,2,KRW-NEAR,0.00078709
2026-09-02T17:02:41.218217+00:00,17,2,KRW-ZBT,0.00873362
2026-09-02T17:02:41.218217+00:00,17,2,KRW-LA,0.00229621
2026-09-02T17:02:41.218217+00:00,17,2,KRW-CHIP,0.00361011
2026-09-02T17:02:41.218217+00:00,17,2,KRW-QUID,0.00225479
2026-09-02T17:02:41.218217+00:00,17,2,KRW-PENGU,0.00888889
2026-09-02T17:02:41.218217+00:00,17,2,KRW-AVAX,0.00101781
2026-09-02T17:02:41.218217+00:00,17,2,KRW-VIRTUAL,0.00107817
2026-09-02T17:02:41.218217+00:00,17,2,KRW-MOVE,0.00851064
2026-09-02T17:02:41.218217+00:00,17,2,KRW-UNI,0.00125392
2026-09-02T17:02:41.218217+00:00,17,2,KRW-PIEVERSE,0.00198873
2026-09-02T17:02:41.218217+00:00,17,2,KRW-PRL,0.00519481
2026-09-02T17:02:41.218217+00:00,17,2,KRW-HBAR,0.00995025
2026-09-02T17:02:41.218217+00:00,17,2,KRW-ONT,0.00555556
2026-09-02T17:02:41.218217+00:00,17,2,KRW-ENSO,0.00254130
2026-09-02T17:02:41.218217+00:00,17,2,KRW-XPL,0.00881057
2026-09-02T17:02:41.218217+00:00,17,2,KRW-SAHARA,0.00865801
2026-09-02T17:02:41.218217+00:00,17,2,KRW-AAVE,0.00114811
2026-09-02T17:02:41.218217+00:00,17,2,KRW-ARX,0.00576369
2026-09-02T17:02:41.218217+00:00,17,2,KRW-TRX,0.00224467
2026-09-02T17:02:41.218217+00:00,17,2,KRW-HOLO,0.00350672
2026-09-02T17:02:41.218217+00:00,17,2,KRW-WLFI,0.00258398
2026-09-02T17:02:41.218217+00:00,17,2,KRW-BCH,0.00090050
2026-09-02T17:02:41.218217+00:00,17,2,KRW-DATA,0.00385356
2026-09-02T17:02:41.218217+00:00,17,2,KRW-PLUME,0.00514139
2026-09-02T17:02:41.218217+00:00,17,2,KRW-ARB,0.00593472
2026-09-02T17:02:41.218217+00:00,17,2,KRW-STORJ,0.00287356
2026-09-02T17:02:41.218217+00:00,17,2,KRW-BONK,0.00194742
2026-09-02T17:02:41.218217+00:00,17,2,KRW-ETC,0.00151400
2026-09-02T17:02:41.218217+00:00,17,2,KRW-ESP,0.00873362
2026-09-02T17:02:41.218217+00:00,17,2,KRW-0G,0.00781250
2026-09-02T17:02:41.218217+00:00,17,2,KRW-META2,0.00202497
2026-09-02T17:02:41.218217+00:00,17,2,KRW-BSB,0.01369863
2026-09-02T17:02:41.218217+00:00,17,2,KRW-ERA,0.00124146
2026-09-02T17:02:41.218217+00:00,17,2,KRW-MIRA,0.00154919
2026-09-02T17:02:41.218217+00:00,17,2,KRW-SAND,0.00197433
2026-09-02T17:02:41.218217+00:00,17,2,KRW-PEPE,0.00214823
2026-09-02T17:02:41.218217+00:00,17,2,KRW-POL,0.00803213
2026-09-02T17:02:41.218217+00:00,17,2,KRW-STX,0.00281294
2026-09-02T17:02:41.218217+00:00,17,2,KRW-IRYS,0.00539084
2026-09-02T17:02:41.218217+00:00,17,2,KRW-AXS,0.00160514
2026-09-02T17:02:41.218217+00:00,17,2,KRW-TAO,0.00167476
2026-09-02T17:02:41.218217+00:00,17,2,KRW-ALGO,0.00796813
2026-09-02T17:02:41.218217+00:00,17,2,KRW-JTO,0.00173461
2026-09-02T17:02:41.218217+00:00,17,2,KRW-CC,0.00655738
2026-09-02T17:02:41.218217+00:00,17,2,KRW-BIRB,0.00253807
2026-09-02T17:02:41.218217+00:00,17,2,KRW-ME,0.00350263
2026-09-02T17:02:41.218217+00:00,17,2,KRW-SEI,0.00150263
2026-09-02T17:02:41.218217+00:00,17,2,KRW-ENS,0.00138026
2026-09-02T17:02:41.218217+00:00,17,2,KRW-ZRO,0.00217155
2026-09-02T17:02:41.218217+00:00,17,2,KRW-TRUMP,0.00066667
2026-09-02T17:02:41.218217+00:00,17,2,KRW-XEC,0.00212993
2026-09-02T17:02:41.218217+00:00,17,2,KRW-RVN,0.00522193
2026-09-02T17:02:41.218217+00:00,17,2,KRW-ZAMA,0.00433839
2026-09-02T17:02:41.218217+00:00,17,2,KRW-GEOD,0.00332779
2026-09-02T17:02:41.218217+00:00,17,2,KRW-AKT,0.00291545
2026-09-02T17:02:41.218217+00:00,17,2,KRW-FIL,0.00273349
2026-09-02T17:02:41.218217+00:00,17,2,KRW-APT,0.00392413
2026-09-02T17:02:41.218217+00:00,17,2,KRW-DRV,0.00506329
2026-09-02T17:02:41.218217+00:00,17,2,KRW-ID,0.00228050
2026-09-02T17:02:41.218217+00:00,17,2,KRW-SOON,0.00778210
2026-09-02T17:02:41.218217+00:00,17,2,KRW-O,0.00541272
2026-09-02T17:02:41.218217+00:00,17,2,KRW-AVNT,0.00706714
2026-09-02T17:02:41.218217+00:00,17,2,KRW-TREE,0.00518583
2026-09-02T17:02:41.218217+00:00,17,2,KRW-KITE,0.00514139
2026-09-02T17:02:41.218217+00:00,17,2,KRW-BLEND,0.00351083
2026-09-02T17:02:41.218217+00:00,17,2,KRW-MANTRA,0.00662252
2026-09-02T17:02:41.218217+00:00,17,2,KRW-CFG,0.00701754
2026-09-02T17:02:41.218217+00:00,17,2,KRW-GAS,0.00305904
2026-09-02T17:02:41.218217+00:00,17,2,KRW-BERA,0.00412371
2026-09-02T17:02:41.218217+00:00,17,2,KRW-MEGA,0.00199005
2026-09-02T17:02:41.218217+00:00,17,2,KRW-SOPH,0.00608828
2026-09-02T17:02:41.218217+00:00,17,2,KRW-UP2,0.00141343
2026-09-02T17:02:41.218217+00:00,17,2,KRW-ZORA,0.00402820
2026-09-02T17:02:41.218217+00:00,17,2,KRW-OPG,0.01459854
2026-09-02T17:02:41.218217+00:00,17,2,KRW-BSV,0.00323550
2026-09-02T17:02:41.218217+00:00,17,2,KRW-HYPER,0.00332779
2026-09-02T17:02:41.218217+00:00,17,2,KRW-TRAC,0.00227531
2026-09-02T17:02:41.218217+00:00,17,2,KRW-IN,0.00432900
2026-09-02T17:02:41.218217+00:00,17,2,KRW-ATH,0.00317965
2026-09-02T17:02:41.218217+00:00,17,2,KRW-ETHFI,0.00269179
2026-09-02T17:02:41.218217+00:00,17,2,KRW-MON,0.00284495
2026-09-02T17:02:41.218217+00:00,17,2,KRW-ZIL,0.01169591
2026-09-02T17:02:41.218217+00:00,17,2,KRW-B3,0.00483481
2026-09-02T17:02:41.218217+00:00,17,2,KRW-ELSA,0.00157356
2026-09-02T17:02:41.218217+00:00,17,2,KRW-JUP,0.00680272
2026-09-02T17:02:41.218217+00:00,17,2,KRW-SIGN,0.00796813
2026-09-02T17:02:41.218217+00:00,17,2,KRW-FLOCK,0.00192493
2026-09-02T17:02:41.218217+00:00,17,2,KRW-DEEP,0.00511509
2026-09-02T17:02:41.218217+00:00,17,2,KRW-G,0.00196271
2026-09-02T17:02:41.218217+00:00,17,2,KRW-INJ,0.00233554
2026-09-02T17:02:41.218217+00:00,17,2,KRW-VVV,0.00366972
2026-09-02T17:02:41.218217+00:00,17,2,KRW-BIGTIME,0.00113058
2026-09-02T17:02:41.218217+00:00,17,2,KRW-BIO,0.00287770
2026-09-02T17:02:41.218217+00:00,17,2,KRW-RENDER,0.00310078
2026-09-02T17:02:41.218217+00:00,17,2,KRW-BARD,0.00597015
2026-09-02T17:02:41.218217+00:00,17,2,KRW-CHZ,0.00542005
2026-09-02T17:02:41.218217+00:00,17,2,KRW-LSK,0.00743494
2026-09-02T17:02:41.218217+00:00,17,2,KRW-CRO,0.00269906
2026-09-02T17:02:41.218217+00:00,17,2,KRW-VANA,0.00164609
2026-09-02T17:02:41.218217+00:00,17,2,KRW-LAYER,0.00215285
2026-09-02T17:02:41.218217+00:00,17,2,KRW-RED,0.00634921
2026-09-02T17:02:41.218217+00:00,17,2,KRW-DOT,0.00170648
2026-09-02T17:02:41.218217+00:00,17,2,KRW-ATOM,0.00049988
2026-09-02T17:02:41.218217+00:00,17,2,KRW-DOOD,0.00544959
2026-09-02T17:02:41.218217+00:00,17,2,KRW-XAUT,0.00183165
2026-09-02T17:02:41.218217+00:00,17,2,KRW-BORA,0.00328407
2026-09-02T17:02:41.218217+00:00,17,2,KRW-AWE,0.00236686
2026-09-02T17:02:41.218217+00:00,17,2,KRW-WAVES,0.00333890
2026-09-02T17:02:41.218217+00:00,17,2,KRW-ZKP,0.00153728
2026-09-02T17:02:41.218217+00:00,17,2,KRW-EDGE,0.00325203
2026-09-02T17:02:41.218217+00:00,17,2,KRW-ELF,0.00333519
2026-09-02T17:02:41.218217+00:00,17,2,KRW-AI,0.00760456
2026-09-02T17:02:41.218217+00:00,17,2,KRW-SNT,0.00112296
2026-09-02T17:02:41.218217+00:00,17,2,KRW-OPEN,0.00600601
2026-09-02T17:02:41.218217+00:00,17,2,KRW-SKR,0.00303490
2026-09-02T17:02:41.218217+00:00,17,2,KRW-MET2,0.00757576
2026-09-02T17:02:41.218217+00:00,17,2,KRW-FF,0.00677966
2026-09-02T17:02:41.218217+00:00,17,2,KRW-KAT,0.00162999
2026-09-02T17:02:41.218217+00:00,17,2,KRW-W,0.00760456
2026-09-02T17:02:41.218217+00:00,17,2,KRW-PENDLE,0.00202634
2026-09-02T17:02:41.218217+00:00,17,2,KRW-SPK,0.00727273
2026-09-02T17:02:41.218217+00:00,17,2,KRW-PYTH,0.00250627
2026-09-02T17:02:41.218217+00:00,17,2,KRW-STEEM,0.00340716
2026-09-02T17:02:41.218217+00:00,17,2,KRW-COW,0.01149425
2026-09-02T17:03:44.100223+00:00,17,2,KRW-SHIB,0.00280505
2026-09-02T17:03:44.100223+00:00,17,2,KRW-KAITO,0.00480769
2026-09-02T17:03:44.100223+00:00,17,2,KRW-SUI,0.00100959
2026-09-02T17:03:44.100223+00:00,17,2,KRW-MMT,0.00464037
2026-09-02T17:03:44.100223+00:00,17,2,KRW-LINK,0.00065725
2026-09-02T17:03:44.100223+00:00,17,2,KRW-PUMP,0.00357782
2026-09-02T17:03:44.100223+00:00,17,2,KRW-NEAR,0.00157480
2026-09-02T17:03:44.100223+00:00,17,2,KRW-ZBT,0.00873362
2026-09-02T17:03:44.100223+00:00,17,2,KRW-LA,0.00114745
2026-09-02T17:03:44.100223+00:00,17,2,KRW-CHIP,0.00360360
2026-09-02T17:03:44.100223+00:00,17,2,KRW-QUID,0.00225479
2026-09-02T17:03:44.100223+00:00,17,2,KRW-PENGU,0.00888889
2026-09-02T17:03:44.100223+00:00,17,2,KRW-AVAX,0.00101781
2026-09-02T17:03:44.100223+00:00,17,2,KRW-VIRTUAL,0.00107817
2026-09-02T17:03:44.100223+00:00,17,2,KRW-MOVE,0.00851064
2026-09-02T17:03:44.100223+00:00,17,2,KRW-UNI,0.00188029
2026-09-02T17:03:44.100223+00:00,17,2,KRW-PIEVERSE,0.00198873
2026-09-02T17:03:44.100223+00:00,17,2,KRW-PRL,0.00519481
2026-09-02T17:03:44.100223+00:00,17,2,KRW-HBAR,0.00995025
2026-09-02T17:03:44.100223+00:00,17,2,KRW-ONT,0.00555556
2026-09-02T17:03:44.100223+00:00,17,2,KRW-ENSO,0.00254130
2026-09-02T17:03:44.100223+00:00,17,2,KRW-XPL,0.00881057
2026-09-02T17:03:44.100223+00:00,17,2,KRW-SAHARA,0.00865801
2026-09-02T17:03:44.100223+00:00,17,2,KRW-AAVE,0.00114811
2026-09-02T17:03:44.100223+00:00,17,2,KRW-ARX,0.00576369
2026-09-02T17:03:44.100223+00:00,17,2,KRW-TRX,0.00224467
2026-09-02T17:03:44.100223+00:00,17,2,KRW-HOLO,0.00350672
2026-09-02T17:03:44.100223+00:00,17,2,KRW-WLFI,0.00129116
2026-09-02T17:03:44.100223+00:00,17,2,KRW-BCH,0.00090050
2026-09-02T17:03:44.100223+00:00,17,2,KRW-DATA,0.00385356
2026-09-02T17:03:44.100223+00:00,17,2,KRW-PLUME,0.00514139
2026-09-02T17:03:44.100223+00:00,17,2,KRW-ARB,0.00593472
2026-09-02T17:03:44.100223+00:00,17,2,KRW-STORJ,0.00719942
2026-09-02T17:03:44.100223+00:00,17,2,KRW-BONK,0.00194742
2026-09-02T17:03:44.100223+00:00,17,2,KRW-ETC,0.00201816
2026-09-02T17:03:44.100223+00:00,17,2,KRW-ESP,0.00873362
2026-09-02T17:03:44.100223+00:00,17,2,KRW-0G,0.00781250
2026-09-02T17:03:44.100223+00:00,17,2,KRW-META2,0.00202497
2026-09-02T17:03:44.100223+00:00,17,2,KRW-BSB,0.01369863
2026-09-02T17:03:44.100223+00:00,17,2,KRW-ERA,0.00248139
2026-09-02T17:03:44.100223+00:00,17,2,KRW-MIRA,0.00309119
2026-09-02T17:03:44.100223+00:00,17,2,KRW-SAND,0.00197433
2026-09-02T17:03:44.100223+00:00,17,2,KRW-PEPE,0.00214823
2026-09-02T17:03:44.100223+00:00,17,2,KRW-POL,0.00803213
2026-09-02T17:03:44.100223+00:00,17,2,KRW-STX,0.00563380
2026-09-02T17:03:44.100223+00:00,17,2,KRW-IRYS,0.00539084
2026-09-02T17:03:44.100223+00:00,17,2,KRW-AXS,0.00080225
2026-09-02T17:03:44.100223+00:00,17,2,KRW-TAO,0.00167645
2026-09-02T17:03:44.100223+00:00,17,2,KRW-ALGO,0.00796813
2026-09-02T17:03:44.100223+00:00,17,2,KRW-JTO,0.00173461
2026-09-02T17:03:44.100223+00:00,17,2,KRW-CC,0.00655738
2026-09-02T17:03:44.100223+00:00,17,2,KRW-BIRB,0.00253807
2026-09-02T17:03:44.100223+00:00,17,2,KRW-ME,0.00233645
2026-09-02T17:03:44.100223+00:00,17,2,KRW-SEI,0.00300752
2026-09-02T17:03:44.100223+00:00,17,2,KRW-ENS,0.00138026
2026-09-02T17:03:44.100223+00:00,17,2,KRW-ZRO,0.00217155
2026-09-02T17:03:44.100223+00:00,17,2,KRW-TRUMP,0.00066667
2026-09-02T17:03:44.100223+00:00,17,2,KRW-XEC,0.00212993
2026-09-02T17:03:44.100223+00:00,17,2,KRW-RVN,0.00522193
2026-09-02T17:03:44.100223+00:00,17,2,KRW-ZAMA,0.00433839
2026-09-02T17:03:44.100223+00:00,17,2,KRW-GEOD,0.00332779
2026-09-02T17:03:44.100223+00:00,17,2,KRW-AKT,0.00291545
2026-09-02T17:03:44.100223+00:00,17,2,KRW-FIL,0.00273349
2026-09-02T17:03:44.100223+00:00,17,2,KRW-APT,0.00392413
2026-09-02T17:03:44.100223+00:00,17,2,KRW-DRV,0.00508906
2026-09-02T17:03:44.100223+00:00,17,2,KRW-ID,0.00228050
2026-09-02T17:03:44.100223+00:00,17,2,KRW-SOON,0.00388350
2026-09-02T17:03:44.100223+00:00,17,2,KRW-O,0.00540541
2026-09-02T17:03:44.100223+00:00,17,2,KRW-AVNT,0.00711744
2026-09-02T17:03:44.100223+00:00,17,2,KRW-TREE,0.00347222
2026-09-02T17:03:44.100223+00:00,17,2,KRW-KITE,0.00511509
2026-09-02T17:03:44.100223+00:00,17,2,KRW-BLEND,0.00351083
2026-09-02T17:03:44.100223+00:00,17,2,KRW-MANTRA,0.00662252
2026-09-02T17:03:44.100223+00:00,17,2,KRW-CFG,0.00701754
2026-09-02T17:03:44.100223+00:00,17,2,KRW-GAS,0.00305904
2026-09-02T17:03:44.100223+00:00,17,2,KRW-BERA,0.00412371
2026-09-02T17:03:44.100223+00:00,17,2,KRW-MEGA,0.00399202
2026-09-02T17:03:44.100223+00:00,17,2,KRW-SOPH,0.00760456
2026-09-02T17:03:44.100223+00:00,17,2,KRW-UP2,0.00141343
2026-09-02T17:03:44.100223+00:00,17,2,KRW-ZORA,0.00201207
2026-09-02T17:03:44.100223+00:00,17,2,KRW-OPG,0.00727273
2026-09-02T17:03:44.100223+00:00,17,2,KRW-BSV,0.00323550
2026-09-02T17:03:44.100223+00:00,17,2,KRW-HYPER,0.00332779
2026-09-02T17:03:44.100223+00:00,17,2,KRW-TRAC,0.00227531
2026-09-02T17:03:44.100223+00:00,17,2,KRW-IN,0.00432900
2026-09-02T17:03:44.100223+00:00,17,2,KRW-ATH,0.00159109
2026-09-02T17:03:44.100223+00:00,17,2,KRW-ETHFI,0.00269179
2026-09-02T17:03:44.100223+00:00,17,2,KRW-MON,0.00284495
2026-09-02T17:03:44.100223+00:00,17,2,KRW-ZIL,0.01169591
2026-09-02T17:03:44.100223+00:00,17,2,KRW-B3,0.00483481
2026-09-02T17:03:44.100223+00:00,17,2,KRW-ELSA,0.00314465
2026-09-02T17:03:44.100223+00:00,17,2,KRW-JUP,0.00680272
2026-09-02T17:03:44.100223+00:00,17,2,KRW-SIGN,0.00796813
2026-09-02T17:03:44.100223+00:00,17,2,KRW-FLOCK,0.00386100
2026-09-02T17:03:44.100223+00:00,17,2,KRW-DEEP,0.00511509
2026-09-02T17:03:44.100223+00:00,17,2,KRW-G,0.00392157
2026-09-02T17:03:44.100223+00:00,17,2,KRW-INJ,0.00703400
2026-09-02T17:03:44.100223+00:00,17,2,KRW-VVV,0.00275103
2026-09-02T17:03:44.100223+00:00,17,2,KRW-BIGTIME,0.00339559
2026-09-02T17:03:44.100223+00:00,17,2,KRW-BIO,0.00287770
2026-09-02T17:03:44.100223+00:00,17,2,KRW-RENDER,0.00310078
2026-09-02T17:03:44.100223+00:00,17,2,KRW-BARD,0.00600601
2026-09-02T17:03:44.100223+00:00,17,2,KRW-CHZ,0.00542005
2026-09-02T17:03:44.100223+00:00,17,2,KRW-LSK,0.00743494
2026-09-02T17:03:44.100223+00:00,17,2,KRW-CRO,0.00269906
2026-09-02T17:03:44.100223+00:00,17,2,KRW-VANA,0.00164609
2026-09-02T17:03:44.100223+00:00,17,2,KRW-LAYER,0.00323102
2026-09-02T17:03:44.100223+00:00,17,2,KRW-RED,0.00634921
2026-09-02T17:03:44.100223+00:00,17,2,KRW-DOT,0.00170794
2026-09-02T17:03:44.100223+00:00,17,2,KRW-ATOM,0.00049988
2026-09-02T17:03:44.100223+00:00,17,2,KRW-DOOD,0.00544959
2026-09-02T17:03:44.100223+00:00,17,2,KRW-XAUT,0.00216432
2026-09-02T17:03:44.100223+00:00,17,2,KRW-BORA,0.00328407
2026-09-02T17:03:44.100223+00:00,17,2,KRW-AWE,0.00236407
2026-09-02T17:03:44.100223+00:00,17,2,KRW-WAVES,0.00333890
2026-09-02T17:03:44.100223+00:00,17,2,KRW-ZKP,0.00153965
2026-09-02T17:03:44.100223+00:00,17,2,KRW-EDGE,0.00325203
2026-09-02T17:03:44.100223+00:00,17,2,KRW-ELF,0.00333519
2026-09-02T17:03:44.100223+00:00,17,2,KRW-AI,0.00760456
2026-09-02T17:03:44.100223+00:00,17,2,KRW-SNT,0.00112296
2026-09-02T17:03:44.100223+00:00,17,2,KRW-OPEN,0.00600601
2026-09-02T17:03:44.100223+00:00,17,2,KRW-SKR,0.00301659
2026-09-02T17:03:44.100223+00:00,17,2,KRW-MET2,0.00757576
2026-09-02T17:03:44.100223+00:00,17,2,KRW-FF,0.00677966
2026-09-02T17:03:44.100223+00:00,17,2,KRW-KAT,0.00162999
2026-09-02T17:03:44.100223+00:00,17,2,KRW-W,0.01526718
2026-09-02T17:03:44.100223+00:00,17,2,KRW-PENDLE,0.00202799
2026-09-02T17:03:44.100223+00:00,17,2,KRW-SPK,0.00364299
2026-09-02T17:03:44.100223+00:00,17,2,KRW-PYTH,0.00251889
2026-09-02T17:03:44.100223+00:00,17,2,KRW-STEEM,0.00170503
2026-09-02T17:03:44.100223+00:00,17,2,KRW-COW,0.01149425
2026-09-02T17:04:47.068845+00:00,17,2,KRW-SHIB,0.00280505
2026-09-02T17:04:47.068845+00:00,17,2,KRW-KAITO,0.00480769
2026-09-02T17:04:47.068845+00:00,17,2,KRW-SUI,0.00201816
2026-09-02T17:04:47.068845+00:00,17,2,KRW-MMT,0.00464037
2026-09-02T17:04:47.068845+00:00,17,2,KRW-LINK,0.00131406
2026-09-02T17:04:47.068845+00:00,17,2,KRW-PUMP,0.00358423
2026-09-02T17:04:47.068845+00:00,17,2,KRW-NEAR,0.00157356
2026-09-02T17:04:47.068845+00:00,17,2,KRW-ZBT,0.00873362
2026-09-02T17:04:47.068845+00:00,17,2,KRW-LA,0.00229358
2026-09-02T17:04:47.068845+00:00,17,2,KRW-CHIP,0.00180343
2026-09-02T17:04:47.068845+00:00,17,2,KRW-QUID,0.00225479
2026-09-02T17:04:47.068845+00:00,17,2,KRW-PENGU,0.00888889
2026-09-02T17:04:47.068845+00:00,17,2,KRW-AVAX,0.00101781
2026-09-02T17:04:47.068845+00:00,17,2,KRW-VIRTUAL,0.00215517
2026-09-02T17:04:47.068845+00:00,17,2,KRW-MOVE,0.00851064
2026-09-02T17:04:47.068845+00:00,17,2,KRW-UNI,0.00187793
2026-09-02T17:04:47.068845+00:00,17,2,KRW-PIEVERSE,0.00265076
2026-09-02T17:04:47.068845+00:00,17,2,KRW-PRL,0.00519481
2026-09-02T17:04:47.068845+00:00,17,2,KRW-HBAR,0.00995025
2026-09-02T17:04:47.068845+00:00,17,2,KRW-ONT,0.00555556
2026-09-02T17:04:47.068845+00:00,17,2,KRW-ENSO,0.00254130
2026-09-02T17:04:47.068845+00:00,17,2,KRW-XPL,0.00881057
2026-09-02T17:04:47.068845+00:00,17,2,KRW-SAHARA,0.00865801
2026-09-02T17:04:47.068845+00:00,17,2,KRW-AAVE,0.00229358
2026-09-02T17:04:47.068845+00:00,17,2,KRW-ARX,0.00576369
2026-09-02T17:04:47.068845+00:00,17,2,KRW-TRX,0.00224467
2026-09-02T17:04:47.068845+00:00,17,2,KRW-HOLO,0.00350672
2026-09-02T17:04:47.068845+00:00,17,2,KRW-WLFI,0.00128949
2026-09-02T17:04:47.068845+00:00,17,2,KRW-BCH,0.00060042
2026-09-02T17:04:47.068845+00:00,17,2,KRW-DATA,0.00385356
2026-09-02T17:04:47.068845+00:00,17,2,KRW-PLUME,0.00514139
2026-09-02T17:04:47.068845+00:00,17,2,KRW-ARB,0.00593472
2026-09-02T17:04:47.068845+00:00,17,2,KRW-STORJ,0.00287356
2026-09-02T17:04:47.068845+00:00,17,2,KRW-BONK,0.00194363
2026-09-02T17:04:47.068845+00:00,17,2,KRW-ETC,0.00302419
2026-09-02T17:04:47.068845+00:00,17,2,KRW-ESP,0.00873362
2026-09-02T17:04:47.068845+00:00,17,2,KRW-0G,0.00391389
2026-09-02T17:04:47.068845+00:00,17,2,KRW-META2,0.00202497
2026-09-02T17:04:47.068845+00:00,17,2,KRW-BSB,0.01369863
2026-09-02T17:04:47.068845+00:00,17,2,KRW-ERA,0.00248139
2026-09-02T17:04:47.068845+00:00,17,2,KRW-MIRA,0.00309598
2026-09-02T17:04:47.068845+00:00,17,2,KRW-SAND,0.00197433
2026-09-02T17:04:47.068845+00:00,17,2,KRW-PEPE,0.00214823
2026-09-02T17:04:47.068845+00:00,17,2,KRW-POL,0.00803213
2026-09-02T17:04:47.068845+00:00,17,2,KRW-STX,0.00563380
2026-09-02T17:04:47.068845+00:00,17,2,KRW-IRYS,0.00539084
2026-09-02T17:04:47.068845+00:00,17,2,KRW-AXS,0.00160256
2026-09-02T17:04:47.068845+00:00,17,2,KRW-TAO,0.00134138
2026-09-02T17:04:47.068845+00:00,17,2,KRW-ALGO,0.00796813
2026-09-02T17:04:47.068845+00:00,17,2,KRW-JTO,0.00347222
2026-09-02T17:04:47.068845+00:00,17,2,KRW-CC,0.00655738
2026-09-02T17:04:47.068845+00:00,17,2,KRW-BIRB,0.00253807
2026-09-02T17:04:47.068845+00:00,17,2,KRW-ME,0.00233645
2026-09-02T17:04:47.068845+00:00,17,2,KRW-SEI,0.00300752
2026-09-02T17:04:47.068845+00:00,17,2,KRW-ENS,0.00138026
2026-09-02T17:04:47.068845+00:00,17,2,KRW-ZRO,0.00216998
2026-09-02T17:04:47.068845+00:00,17,2,KRW-TRUMP,0.00066644
2026-09-02T17:04:47.068845+00:00,17,2,KRW-XEC,0.00212993
2026-09-02T17:04:47.068845+00:00,17,2,KRW-RVN,0.00522193
2026-09-02T17:04:47.068845+00:00,17,2,KRW-ZAMA,0.00433839
2026-09-02T17:04:47.068845+00:00,17,2,KRW-GEOD,0.00332779
2026-09-02T17:04:47.068845+00:00,17,2,KRW-AKT,0.00291545
2026-09-02T17:04:47.068845+00:00,17,2,KRW-FIL,0.00272109
2026-09-02T17:04:47.068845+00:00,17,2,KRW-APT,0.00392413
2026-09-02T17:04:47.068845+00:00,17,2,KRW-DRV,0.00508906
2026-09-02T17:04:47.068845+00:00,17,2,KRW-ID,0.00228050
2026-09-02T17:04:47.068845+00:00,17,2,KRW-SOON,0.00388350
2026-09-02T17:04:47.068845+00:00,17,2,KRW-O,0.00540541
2026-09-02T17:04:47.068845+00:00,17,2,KRW-AVNT,0.00711744
2026-09-02T17:04:47.068845+00:00,17,2,KRW-TREE,0.00173762
2026-09-02T17:04:47.068845+00:00,17,2,KRW-KITE,0.00511509
2026-09-02T17:04:47.068845+00:00,17,2,KRW-BLEND,0.00351083
2026-09-02T17:04:47.068845+00:00,17,2,KRW-MANTRA,0.00662252
2026-09-02T17:04:47.068845+00:00,17,2,KRW-CFG,0.00701754
2026-09-02T17:04:47.068845+00:00,17,2,KRW-GAS,0.00305904
2026-09-02T17:04:47.068845+00:00,17,2,KRW-BERA,0.00412371
2026-09-02T17:04:47.068845+00:00,17,2,KRW-MEGA,0.00598205
2026-09-02T17:04:47.068845+00:00,17,2,KRW-SOPH,0.00760456
2026-09-02T17:04:47.068845+00:00,17,2,KRW-UP2,0.00141143
2026-09-02T17:04:47.068845+00:00,17,2,KRW-ZORA,0.00301963
2026-09-02T17:04:47.068845+00:00,17,2,KRW-OPG,0.00727273
2026-09-02T17:04:47.068845+00:00,17,2,KRW-BSV,0.00323550
2026-09-02T17:04:47.068845+00:00,17,2,KRW-HYPER,0.00332779
2026-09-02T17:04:47.068845+00:00,17,2,KRW-TRAC,0.00227531
2026-09-02T17:04:47.068845+00:00,17,2,KRW-IN,0.00432900
2026-09-02T17:04:47.068845+00:00,17,2,KRW-ATH,0.00159109
2026-09-02T17:04:47.068845+00:00,17,2,KRW-ETHFI,0.00268817
2026-09-02T17:04:47.068845+00:00,17,2,KRW-MON,0.00568182
2026-09-02T17:04:47.068845+00:00,17,2,KRW-ZIL,0.01169591
2026-09-02T17:04:47.068845+00:00,17,2,KRW-B3,0.00483481
2026-09-02T17:04:47.068845+00:00,17,2,KRW-ELSA,0.00314465
2026-09-02T17:04:47.068845+00:00,17,2,KRW-JUP,0.00340716
2026-09-02T17:04:47.068845+00:00,17,2,KRW-SIGN,0.00796813
2026-09-02T17:04:47.068845+00:00,17,2,KRW-FLOCK,0.00192864
2026-09-02T17:04:47.068845+00:00,17,2,KRW-DEEP,0.00511509
2026-09-02T17:04:47.068845+00:00,17,2,KRW-G,0.00392157
2026-09-02T17:04:47.068845+00:00,17,2,KRW-INJ,0.00781250
2026-09-02T17:04:47.068845+00:00,17,2,KRW-VVV,0.00275103
2026-09-02T17:04:47.068845+00:00,17,2,KRW-BIGTIME,0.00339559
2026-09-02T17:04:47.068845+00:00,17,2,KRW-BIO,0.00574713
2026-09-02T17:04:47.068845+00:00,17,2,KRW-RENDER,0.00206825
2026-09-02T17:04:47.068845+00:00,17,2,KRW-BARD,0.00600601
2026-09-02T17:04:47.068845+00:00,17,2,KRW-CHZ,0.00542005
2026-09-02T17:04:47.068845+00:00,17,2,KRW-LSK,0.00743494
2026-09-02T17:04:47.068845+00:00,17,2,KRW-CRO,0.00269906
2026-09-02T17:04:47.068845+00:00,17,2,KRW-VANA,0.00164609
2026-09-02T17:04:47.068845+00:00,17,2,KRW-LAYER,0.00323102
2026-09-02T17:04:47.068845+00:00,17,2,KRW-RED,0.00634921
2026-09-02T17:04:47.068845+00:00,17,2,KRW-DOT,0.00170794
2026-09-02T17:04:47.068845+00:00,17,2,KRW-ATOM,0.00150038
2026-09-02T17:04:47.068845+00:00,17,2,KRW-DOOD,0.00544959
2026-09-02T17:04:47.068845+00:00,17,2,KRW-XAUT,0.00199767
2026-09-02T17:04:47.068845+00:00,17,2,KRW-BORA,0.00328407
2026-09-02T17:04:47.068845+00:00,17,2,KRW-AWE,0.00236407
2026-09-02T17:04:47.068845+00:00,17,2,KRW-WAVES,0.00333890
2026-09-02T17:04:47.068845+00:00,17,2,KRW-ZKP,0.00308166
2026-09-02T17:04:47.068845+00:00,17,2,KRW-EDGE,0.00433839
2026-09-02T17:04:47.068845+00:00,17,2,KRW-ELF,0.00333519
2026-09-02T17:04:47.068845+00:00,17,2,KRW-AI,0.00760456
2026-09-02T17:04:47.068845+00:00,17,2,KRW-SNT,0.00112296
2026-09-02T17:04:47.068845+00:00,17,2,KRW-OPEN,0.00600601
2026-09-02T17:04:47.068845+00:00,17,2,KRW-SKR,0.00604230
2026-09-02T17:04:47.068845+00:00,17,2,KRW-MET2,0.00757576
2026-09-02T17:04:47.068845+00:00,17,2,KRW-FF,0.00677966
2026-09-02T17:04:47.068845+00:00,17,2,KRW-KAT,0.00326264
2026-09-02T17:04:47.068845+00:00,17,2,KRW-W,0.01526718
2026-09-02T17:04:47.068845+00:00,17,2,KRW-PENDLE,0.00202881
2026-09-02T17:04:47.068845+00:00,17,2,KRW-SPK,0.00364299
2026-09-02T17:04:47.068845+00:00,17,2,KRW-PYTH,0.00251889
2026-09-02T17:04:47.068845+00:00,17,2,KRW-STEEM,0.00170503
2026-09-02T17:04:47.068845+00:00,17,2,KRW-COW,0.01149425
2026-09-02T17:05:49.919940+00:00,17,2,KRW-SHIB,0.00140351
2026-09-02T17:05:49.919940+00:00,17,2,KRW-KAITO,0.00240674
2026-09-02T17:05:49.919940+00:00,17,2,KRW-SUI,0.00201816
2026-09-02T17:05:49.919940+00:00,17,2,KRW-MMT,0.00464037
2026-09-02T17:05:49.919940+00:00,17,2,KRW-LINK,0.00131406
2026-09-02T17:05:49.919940+00:00,17,2,KRW-PUMP,0.00358423
2026-09-02T17:05:49.919940+00:00,17,2,KRW-NEAR,0.00118133
2026-09-02T17:05:49.919940+00:00,17,2,KRW-ZBT,0.00873362
2026-09-02T17:05:49.919940+00:00,17,2,KRW-LA,0.00114745
2026-09-02T17:05:49.919940+00:00,17,2,KRW-CHIP,0.00361011
2026-09-02T17:05:49.919940+00:00,17,2,KRW-QUID,0.00225479
2026-09-02T17:05:49.919940+00:00,17,2,KRW-PENGU,0.00888889
2026-09-02T17:05:49.919940+00:00,17,2,KRW-AVAX,0.00152711
2026-09-02T17:05:49.919940+00:00,17,2,KRW-VIRTUAL,0.00215517
2026-09-02T17:05:49.919940+00:00,17,2,KRW-MOVE,0.00851064
2026-09-02T17:05:49.919940+00:00,17,2,KRW-UNI,0.00125392
2026-09-02T17:05:49.919940+00:00,17,2,KRW-PIEVERSE,0.00265076
2026-09-02T17:05:49.919940+00:00,17,2,KRW-PRL,0.00519481
2026-09-02T17:05:49.919940+00:00,17,2,KRW-HBAR,0.00995025
2026-09-02T17:05:49.919940+00:00,17,2,KRW-ONT,0.00555556
2026-09-02T17:05:49.919940+00:00,17,2,KRW-ENSO,0.00254130
2026-09-02T17:05:49.919940+00:00,17,2,KRW-XPL,0.00881057
2026-09-02T17:05:49.919940+00:00,17,2,KRW-SAHARA,0.00865801
2026-09-02T17:05:49.919940+00:00,17,2,KRW-AAVE,0.00172068
2026-09-02T17:05:49.919940+00:00,17,2,KRW-ARX,0.00576369
2026-09-02T17:05:49.919940+00:00,17,2,KRW-TRX,0.00224467
2026-09-02T17:05:49.919940+00:00,17,2,KRW-HOLO,0.00350672
2026-09-02T17:05:49.919940+00:00,17,2,KRW-WLFI,0.00258065
2026-09-02T17:05:49.919940+00:00,17,2,KRW-BCH,0.00090050
2026-09-02T17:05:49.919940+00:00,17,2,KRW-DATA,0.00385356
2026-09-02T17:05:49.919940+00:00,17,2,KRW-PLUME,0.00514139
2026-09-02T17:05:49.919940+00:00,17,2,KRW-ARB,0.00593472
2026-09-02T17:05:49.919940+00:00,17,2,KRW-STORJ,0.00143575
2026-09-02T17:05:49.919940+00:00,17,2,KRW-BONK,0.00194742
2026-09-02T17:05:49.919940+00:00,17,2,KRW-ETC,0.00302419
2026-09-02T17:05:49.919940+00:00,17,2,KRW-ESP,0.00873362
2026-09-02T17:05:49.919940+00:00,17,2,KRW-0G,0.00389864
2026-09-02T17:05:49.919940+00:00,17,2,KRW-META2,0.00202497
2026-09-02T17:05:49.919940+00:00,17,2,KRW-BSB,0.01369863
2026-09-02T17:05:49.919940+00:00,17,2,KRW-ERA,0.00248139
2026-09-02T17:05:49.919940+00:00,17,2,KRW-MIRA,0.00309598
2026-09-02T17:05:49.919940+00:00,17,2,KRW-SAND,0.00197433
2026-09-02T17:05:49.919940+00:00,17,2,KRW-PEPE,0.00214823
2026-09-02T17:05:49.919940+00:00,17,2,KRW-POL,0.00796813
2026-09-02T17:05:49.919940+00:00,17,2,KRW-STX,0.00281294
2026-09-02T17:05:49.919940+00:00,17,2,KRW-IRYS,0.00539084
2026-09-02T17:05:49.919940+00:00,17,2,KRW-AXS,0.00320770
2026-09-02T17:05:49.919940+00:00,17,2,KRW-TAO,0.00067363
2026-09-02T17:05:49.919940+00:00,17,2,KRW-ALGO,0.00796813
2026-09-02T17:05:49.919940+00:00,17,2,KRW-JTO,0.00347222
2026-09-02T17:05:49.919940+00:00,17,2,KRW-CC,0.00655738
2026-09-02T17:05:49.919940+00:00,17,2,KRW-BIRB,0.00126984
2026-09-02T17:05:49.919940+00:00,17,2,KRW-ME,0.00233645
2026-09-02T17:05:49.919940+00:00,17,2,KRW-SEI,0.00150263
2026-09-02T17:05:49.919940+00:00,17,2,KRW-ENS,0.00138026
2026-09-02T17:05:49.919940+00:00,17,2,KRW-ZRO,0.00217155
2026-09-02T17:05:49.919940+00:00,17,2,KRW-TRUMP,0.00066667
2026-09-02T17:05:49.919940+00:00,17,2,KRW-XEC,0.00319319
2026-09-02T17:05:49.919940+00:00,17,2,KRW-RVN,0.00522193
2026-09-02T17:05:49.919940+00:00,17,2,KRW-ZAMA,0.00433839
2026-09-02T17:05:49.919940+00:00,17,2,KRW-GEOD,0.00332779
2026-09-02T17:05:49.919940+00:00,17,2,KRW-AKT,0.00291545
2026-09-02T17:05:49.919940+00:00,17,2,KRW-FIL,0.00272356
2026-09-02T17:05:49.919940+00:00,17,2,KRW-APT,0.00261780
2026-09-02T17:05:49.919940+00:00,17,2,KRW-DRV,0.00511509
2026-09-02T17:05:49.919940+00:00,17,2,KRW-ID,0.00228050
2026-09-02T17:05:49.919940+00:00,17,2,KRW-SOON,0.00775194
2026-09-02T17:05:49.919940+00:00,17,2,KRW-O,0.00540541
2026-09-02T17:05:49.919940+00:00,17,2,KRW-AVNT,0.00711744
2026-09-02T17:05:49.919940+00:00,17,2,KRW-TREE,0.00173762
2026-09-02T17:05:49.919940+00:00,17,2,KRW-KITE,0.00511509
2026-09-02T17:05:49.919940+00:00,17,2,KRW-BLEND,0.00351083
2026-09-02T17:05:49.919940+00:00,17,2,KRW-MANTRA,0.00496278
2026-09-02T17:05:49.919940+00:00,17,2,KRW-CFG,0.00706714
2026-09-02T17:05:49.919940+00:00,17,2,KRW-GAS,0.00244648
2026-09-02T17:05:49.919940+00:00,17,2,KRW-BERA,0.00412371
2026-09-02T17:05:49.919940+00:00,17,2,KRW-MEGA,0.00398406
2026-09-02T17:05:49.919940+00:00,17,2,KRW-SOPH,0.00607903
2026-09-02T17:05:49.919940+00:00,17,2,KRW-UP2,0.00140548
2026-09-02T17:05:49.919940+00:00,17,2,KRW-ZORA,0.00201410
2026-09-02T17:05:49.919940+00:00,17,2,KRW-OPG,0.00727273
2026-09-02T17:05:49.919940+00:00,17,2,KRW-BSV,0.00323550
2026-09-02T17:05:49.919940+00:00,17,2,KRW-HYPER,0.00332779
2026-09-02T17:05:49.919940+00:00,17,2,KRW-TRAC,0.00227531
2026-09-02T17:05:49.919940+00:00,17,2,KRW-IN,0.00432900
2026-09-02T17:05:49.919940+00:00,17,2,KRW-ATH,0.00318471
2026-09-02T17:05:49.919940+00:00,17,2,KRW-ETHFI,0.00134680
2026-09-02T17:05:49.919940+00:00,17,2,KRW-MON,0.00568182
2026-09-02T17:05:49.919940+00:00,17,2,KRW-ZIL,0.01169591
2026-09-02T17:05:49.919940+00:00,17,2,KRW-B3,0.00483481
2026-09-02T17:05:49.919940+00:00,17,2,KRW-ELSA,0.00157356
2026-09-02T17:05:49.919940+00:00,17,2,KRW-JUP,0.00340716
2026-09-02T17:05:49.919940+00:00,17,2,KRW-SIGN,0.00796813
2026-09-02T17:05:49.919940+00:00,17,2,KRW-FLOCK,0.00385356
2026-09-02T17:05:49.919940+00:00,17,2,KRW-DEEP,0.00511509
2026-09-02T17:05:49.919940+00:00,17,2,KRW-G,0.00392157
2026-09-02T17:05:49.919940+00:00,17,2,KRW-INJ,0.01016817
2026-09-02T17:05:49.919940+00:00,17,2,KRW-VVV,0.00275103
2026-09-02T17:05:49.919940+00:00,17,2,KRW-BIGTIME,0.00339559
2026-09-02T17:05:49.919940+00:00,17,2,KRW-BIO,0.00574713
2026-09-02T17:05:49.919940+00:00,17,2,KRW-RENDER,0.00206825
2026-09-02T17:05:49.919940+00:00,17,2,KRW-BARD,0.00600601
2026-09-02T17:05:49.919940+00:00,17,2,KRW-CHZ,0.00542005
2026-09-02T17:05:49.919940+00:00,17,2,KRW-LSK,0.00743494
2026-09-02T17:05:49.919940+00:00,17,2,KRW-CRO,0.00269906
2026-09-02T17:05:49.919940+00:00,17,2,KRW-VANA,0.00164609
2026-09-02T17:05:49.919940+00:00,17,2,KRW-LAYER,0.00323102
2026-09-02T17:05:49.919940+00:00,17,2,KRW-RED,0.00634921
2026-09-02T17:05:49.919940+00:00,17,2,KRW-DOT,0.00170794
2026-09-02T17:05:49.919940+00:00,17,2,KRW-ATOM,0.00100050
2026-09-02T17:05:49.919940+00:00,17,2,KRW-DOOD,0.00544959
2026-09-02T17:05:49.919940+00:00,17,2,KRW-XAUT,0.00183104
2026-09-02T17:05:49.919940+00:00,17,2,KRW-BORA,0.00328407
2026-09-02T17:05:49.919940+00:00,17,2,KRW-AWE,0.00236686
2026-09-02T17:05:49.919940+00:00,17,2,KRW-WAVES,0.00333890
2026-09-02T17:05:49.919940+00:00,17,2,KRW-ZKP,0.00307692
2026-09-02T17:05:49.919940+00:00,17,2,KRW-EDGE,0.00650054
2026-09-02T17:05:49.919940+00:00,17,2,KRW-ELF,0.00333519
2026-09-02T17:05:49.919940+00:00,17,2,KRW-AI,0.00760456
2026-09-02T17:05:49.919940+00:00,17,2,KRW-SNT,0.00112296
2026-09-02T17:05:49.919940+00:00,17,2,KRW-OPEN,0.00600601
2026-09-02T17:05:49.919940+00:00,17,2,KRW-SKR,0.00602410
2026-09-02T17:05:49.919940+00:00,17,2,KRW-MET2,0.00757576
2026-09-02T17:05:49.919940+00:00,17,2,KRW-FF,0.00677966
2026-09-02T17:05:49.919940+00:00,17,2,KRW-KAT,0.00326264
2026-09-02T17:05:49.919940+00:00,17,2,KRW-W,0.00766284
2026-09-02T17:05:49.919940+00:00,17,2,KRW-PENDLE,0.00121877
2026-09-02T17:05:49.919940+00:00,17,2,KRW-SPK,0.00727273
2026-09-02T17:05:49.919940+00:00,17,2,KRW-PYTH,0.00126024
2026-09-02T17:05:49.919940+00:00,17,2,KRW-STEEM,0.00170503
2026-09-02T17:05:49.919940+00:00,17,2,KRW-COW,0.01149425
2026-09-02T17:06:53.026137+00:00,17,2,KRW-SHIB,0.00140351
2026-09-02T17:06:53.026137+00:00,17,2,KRW-KAITO,0.00240674
2026-09-02T17:06:53.026137+00:00,17,2,KRW-SUI,0.00202020
2026-09-02T17:06:53.026137+00:00,17,2,KRW-MMT,0.00464037
2026-09-02T17:06:53.026137+00:00,17,2,KRW-LINK,0.00131492
2026-09-02T17:06:53.026137+00:00,17,2,KRW-PUMP,0.00358423
2026-09-02T17:06:53.026137+00:00,17,2,KRW-NEAR,0.00039424
2026-09-02T17:06:53.026137+00:00,17,2,KRW-ZBT,0.00873362
2026-09-02T17:06:53.026137+00:00,17,2,KRW-LA,0.00115009
2026-09-02T17:06:53.026137+00:00,17,2,KRW-CHIP,0.00180343
2026-09-02T17:06:53.026137+00:00,17,2,KRW-QUID,0.00225479
2026-09-02T17:06:53.026137+00:00,17,2,KRW-PENGU,0.00888889
2026-09-02T17:06:53.026137+00:00,17,2,KRW-AVAX,0.00101833
2026-09-02T17:06:53.026137+00:00,17,2,KRW-VIRTUAL,0.00323799
2026-09-02T17:06:53.026137+00:00,17,2,KRW-MOVE,0.00851064
2026-09-02T17:06:53.026137+00:00,17,2,KRW-UNI,0.00188147
2026-09-02T17:06:53.026137+00:00,17,2,KRW-PIEVERSE,0.00265076
2026-09-02T17:06:53.026137+00:00,17,2,KRW-PRL,0.00519481
2026-09-02T17:06:53.026137+00:00,17,2,KRW-HBAR,0.00995025
2026-09-02T17:06:53.026137+00:00,17,2,KRW-ONT,0.00555556
2026-09-02T17:06:53.026137+00:00,17,2,KRW-ENSO,0.00254130
2026-09-02T17:06:53.026137+00:00,17,2,KRW-XPL,0.00881057
2026-09-02T17:06:53.026137+00:00,17,2,KRW-SAHARA,0.00865801
2026-09-02T17:06:53.026137+00:00,17,2,KRW-AAVE,0.00172463
2026-09-02T17:06:53.026137+00:00,17,2,KRW-ARX,0.00576369
2026-09-02T17:06:53.026137+00:00,17,2,KRW-TRX,0.00224467
2026-09-02T17:06:53.026137+00:00,17,2,KRW-HOLO,0.00350672
2026-09-02T17:06:53.026137+00:00,17,2,KRW-WLFI,0.00258398
2026-09-02T17:06:53.026137+00:00,17,2,KRW-BCH,0.00090050
2026-09-02T17:06:53.026137+00:00,17,2,KRW-DATA,0.00385356
2026-09-02T17:06:53.026137+00:00,17,2,KRW-PLUME,0.00514139
2026-09-02T17:06:53.026137+00:00,17,2,KRW-ARB,0.00597015
2026-09-02T17:06:53.026137+00:00,17,2,KRW-STORJ,0.00143575
2026-09-02T17:06:53.026137+00:00,17,2,KRW-BONK,0.00194742
2026-09-02T17:06:53.026137+00:00,17,2,KRW-ETC,0.00302419
2026-09-02T17:06:53.026137+00:00,17,2,KRW-ESP,0.00873362
2026-09-02T17:06:53.026137+00:00,17,2,KRW-0G,0.00391389
2026-09-02T17:06:53.026137+00:00,17,2,KRW-META2,0.00746016
2026-09-02T17:06:53.026137+00:00,17,2,KRW-BSB,0.01369863
2026-09-02T17:06:53.026137+00:00,17,2,KRW-ERA,0.00248139
2026-09-02T17:06:53.026137+00:00,17,2,KRW-MIRA,0.00309598
2026-09-02T17:06:53.026137+00:00,17,2,KRW-SAND,0.00197433
2026-09-02T17:06:53.026137+00:00,17,2,KRW-PEPE,0.00214823
2026-09-02T17:06:53.026137+00:00,17,2,KRW-POL,0.00796813
2026-09-02T17:06:53.026137+00:00,17,2,KRW-STX,0.00281294
2026-09-02T17:06:53.026137+00:00,17,2,KRW-IRYS,0.00539084
2026-09-02T17:06:53.026137+00:00,17,2,KRW-AXS,0.00160385
2026-09-02T17:06:53.026137+00:00,17,2,KRW-TAO,0.00134680
2026-09-02T17:06:53.026137+00:00,17,2,KRW-ALGO,0.00796813
2026-09-02T17:06:53.026137+00:00,17,2,KRW-JTO,0.00174064
2026-09-02T17:06:53.026137+00:00,17,2,KRW-CC,0.00655738
2026-09-02T17:06:53.026137+00:00,17,2,KRW-BIRB,0.00253807
2026-09-02T17:06:53.026137+00:00,17,2,KRW-ME,0.00350263
2026-09-02T17:06:53.026137+00:00,17,2,KRW-SEI,0.00150489
2026-09-02T17:06:53.026137+00:00,17,2,KRW-ENS,0.00138122
2026-09-02T17:06:53.026137+00:00,17,2,KRW-ZRO,0.00217155
2026-09-02T17:06:53.026137+00:00,17,2,KRW-TRUMP,0.00100117
2026-09-02T17:06:53.026137+00:00,17,2,KRW-XEC,0.00319319
2026-09-02T17:06:53.026137+00:00,17,2,KRW-RVN,0.00522193
2026-09-02T17:06:53.026137+00:00,17,2,KRW-ZAMA,0.00433839
2026-09-02T17:06:53.026137+00:00,17,2,KRW-GEOD,0.00332779
2026-09-02T17:06:53.026137+00:00,17,2,KRW-AKT,0.00291545
2026-09-02T17:06:53.026137+00:00,17,2,KRW-FIL,0.00271862
2026-09-02T17:06:53.026137+00:00,17,2,KRW-APT,0.00392413
2026-09-02T17:06:53.026137+00:00,17,2,KRW-DRV,0.00511509
2026-09-02T17:06:53.026137+00:00,17,2,KRW-ID,0.00228050
2026-09-02T17:06:53.026137+00:00,17,2,KRW-SOON,0.00775194
2026-09-02T17:06:53.026137+00:00,17,2,KRW-O,0.00405680
2026-09-02T17:06:53.026137+00:00,17,2,KRW-AVNT,0.00711744
2026-09-02T17:06:53.026137+00:00,17,2,KRW-TREE,0.00173762
2026-09-02T17:06:53.026137+00:00,17,2,KRW-KITE,0.00511509
2026-09-02T17:06:53.026137+00:00,17,2,KRW-BLEND,0.00351083
2026-09-02T17:06:53.026137+00:00,17,2,KRW-MANTRA,0.00496278
2026-09-02T17:06:53.026137+00:00,17,2,KRW-CFG,0.00701754
2026-09-02T17:06:53.026137+00:00,17,2,KRW-GAS,0.00183542
2026-09-02T17:06:53.026137+00:00,17,2,KRW-BERA,0.00412371
2026-09-02T17:06:53.026137+00:00,17,2,KRW-MEGA,0.00598205
2026-09-02T17:06:53.026137+00:00,17,2,KRW-SOPH,0.00607903
2026-09-02T17:06:53.026137+00:00,17,2,KRW-UP2,0.00140548
2026-09-02T17:06:53.026137+00:00,17,2,KRW-ZORA,0.00201207
2026-09-02T17:06:53.026137+00:00,17,2,KRW-OPG,0.00727273
2026-09-02T17:06:53.026137+00:00,17,2,KRW-BSV,0.00416185
2026-09-02T17:06:53.026137+00:00,17,2,KRW-HYPER,0.00111049
2026-09-02T17:06:53.026137+00:00,17,2,KRW-TRAC,0.00227531
2026-09-02T17:06:53.026137+00:00,17,2,KRW-IN,0.00432900
2026-09-02T17:06:53.026137+00:00,17,2,KRW-ATH,0.00159363
2026-09-02T17:06:53.026137+00:00,17,2,KRW-ETHFI,0.00134680
2026-09-02T17:06:53.026137+00:00,17,2,KRW-MON,0.00568182
2026-09-02T17:06:53.026137+00:00,17,2,KRW-ZIL,0.01169591
2026-09-02T17:06:53.026137+00:00,17,2,KRW-B3,0.00483481
2026-09-02T17:06:53.026137+00:00,17,2,KRW-ELSA,0.00157356
2026-09-02T17:06:53.026137+00:00,17,2,KRW-JUP,0.00682594
2026-09-02T17:06:53.026137+00:00,17,2,KRW-SIGN,0.00796813
2026-09-02T17:06:53.026137+00:00,17,2,KRW-FLOCK,0.00192864
2026-09-02T17:06:53.026137+00:00,17,2,KRW-DEEP,0.00511509
2026-09-02T17:06:53.026137+00:00,17,2,KRW-G,0.00196271
2026-09-02T17:06:53.026137+00:00,17,2,KRW-INJ,0.00859711
2026-09-02T17:06:53.026137+00:00,17,2,KRW-VVV,0.00275103
2026-09-02T17:06:53.026137+00:00,17,2,KRW-BIGTIME,0.00113314
2026-09-02T17:06:53.026137+00:00,17,2,KRW-BIO,0.00287770
2026-09-02T17:06:53.026137+00:00,17,2,KRW-RENDER,0.00207254
2026-09-02T17:06:53.026137+00:00,17,2,KRW-BARD,0.00600601
2026-09-02T17:06:53.026137+00:00,17,2,KRW-CHZ,0.00542005
2026-09-02T17:06:53.026137+00:00,17,2,KRW-LSK,0.00743494
2026-09-02T17:06:53.026137+00:00,17,2,KRW-CRO,0.00269906
2026-09-02T17:06:53.026137+00:00,17,2,KRW-VANA,0.00082406
2026-09-02T17:06:53.026137+00:00,17,2,KRW-LAYER,0.00323102
2026-09-02T17:06:53.026137+00:00,17,2,KRW-RED,0.00634921
2026-09-02T17:06:53.026137+00:00,17,2,KRW-DOT,0.00085434
2026-09-02T17:06:53.026137+00:00,17,2,KRW-ATOM,0.00100200
2026-09-02T17:06:53.026137+00:00,17,2,KRW-DOOD,0.00547945
2026-09-02T17:06:53.026137+00:00,17,2,KRW-XAUT,0.00216324
2026-09-02T17:06:53.026137+00:00,17,2,KRW-BORA,0.00328407
2026-09-02T17:06:53.026137+00:00,17,2,KRW-AWE,0.00236686
2026-09-02T17:06:53.026137+00:00,17,2,KRW-WAVES,0.00333890
2026-09-02T17:06:53.026137+00:00,17,2,KRW-ZKP,0.00154202
2026-09-02T17:06:53.026137+00:00,17,2,KRW-EDGE,0.00433839
2026-09-02T17:06:53.026137+00:00,17,2,KRW-ELF,0.00333519
2026-09-02T17:06:53.026137+00:00,17,2,KRW-AI,0.00760456
2026-09-02T17:06:53.026137+00:00,17,2,KRW-SNT,0.00112296
2026-09-02T17:06:53.026137+00:00,17,2,KRW-OPEN,0.00600601
2026-09-02T17:06:53.026137+00:00,17,2,KRW-SKR,0.00303490
2026-09-02T17:06:53.026137+00:00,17,2,KRW-MET2,0.00757576
2026-09-02T17:06:53.026137+00:00,17,2,KRW-FF,0.00677966
2026-09-02T17:06:53.026137+00:00,17,2,KRW-KAT,0.00326264
2026-09-02T17:06:53.026137+00:00,17,2,KRW-W,0.00766284
2026-09-02T17:06:53.026137+00:00,17,2,KRW-PENDLE,0.00162999
2026-09-02T17:06:53.026137+00:00,17,2,KRW-SPK,0.00364299
2026-09-02T17:06:53.026137+00:00,17,2,KRW-PYTH,0.00251889
2026-09-02T17:06:53.026137+00:00,17,2,KRW-STEEM,0.00170503
2026-09-02T17:06:53.026137+00:00,17,2,KRW-COW,0.01149425
2026-09-02T17:07:56.209292+00:00,17,2,KRW-SHIB,0.00280899
2026-09-02T17:07:56.209292+00:00,17,2,KRW-KAITO,0.00480769
2026-09-02T17:07:56.209292+00:00,17,2,KRW-SUI,0.00202020
2026-09-02T17:07:56.209292+00:00,17,2,KRW-MMT,0.00464037
2026-09-02T17:07:56.209292+00:00,17,2,KRW-LINK,0.00197433
2026-09-02T17:07:56.209292+00:00,17,2,KRW-PUMP,0.00179051
2026-09-02T17:07:56.209292+00:00,17,2,KRW-NEAR,0.00078927
2026-09-02T17:07:56.209292+00:00,17,2,KRW-ZBT,0.00873362
2026-09-02T17:07:56.209292+00:00,17,2,KRW-LA,0.00115009
2026-09-02T17:07:56.209292+00:00,17,2,KRW-CHIP,0.00359712
2026-09-02T17:07:56.209292+00:00,17,2,KRW-QUID,0.00337268
2026-09-02T17:07:56.209292+00:00,17,2,KRW-PENGU,0.00888889
2026-09-02T17:07:56.209292+00:00,17,2,KRW-AVAX,0.00101989
2026-09-02T17:07:56.209292+00:00,17,2,KRW-VIRTUAL,0.00108050
2026-09-02T17:07:56.209292+00:00,17,2,KRW-MOVE,0.00851064
2026-09-02T17:07:56.209292+00:00,17,2,KRW-UNI,0.00188147
2026-09-02T17:07:56.209292+00:00,17,2,KRW-PIEVERSE,0.00132626
2026-09-02T17:07:56.209292+00:00,17,2,KRW-PRL,0.00519481
2026-09-02T17:07:56.209292+00:00,17,2,KRW-HBAR,0.00995025
2026-09-02T17:07:56.209292+00:00,17,2,KRW-ONT,0.00416956
2026-09-02T17:07:56.209292+00:00,17,2,KRW-ENSO,0.00254130
2026-09-02T17:07:56.209292+00:00,17,2,KRW-XPL,0.00881057
2026-09-02T17:07:56.209292+00:00,17,2,KRW-SAHARA,0.00865801
2026-09-02T17:07:56.209292+00:00,17,2,KRW-AAVE,0.00172364
2026-09-02T17:07:56.209292+00:00,17,2,KRW-ARX,0.00576369
2026-09-02T17:07:56.209292+00:00,17,2,KRW-TRX,0.00224467
2026-09-02T17:07:56.209292+00:00,17,2,KRW-HOLO,0.00350672
2026-09-02T17:07:56.209292+00:00,17,2,KRW-WLFI,0.00258065
2026-09-02T17:07:56.209292+00:00,17,2,KRW-BCH,0.00120337
2026-09-02T17:07:56.209292+00:00,17,2,KRW-DATA,0.00385356
2026-09-02T17:07:56.209292+00:00,17,2,KRW-PLUME,0.00516796
2026-09-02T17:07:56.209292+00:00,17,2,KRW-ARB,0.00597015
2026-09-02T17:07:56.209292+00:00,17,2,KRW-STORJ,0.00143575
2026-09-02T17:07:56.209292+00:00,17,2,KRW-BONK,0.00194363
2026-09-02T17:07:56.209292+00:00,17,2,KRW-ETC,0.00201715
2026-09-02T17:07:56.209292+00:00,17,2,KRW-ESP,0.00873362
2026-09-02T17:07:56.209292+00:00,17,2,KRW-0G,0.00784314
2026-09-02T17:07:56.209292+00:00,17,2,KRW-META2,0.00746016
2026-09-02T17:07:56.209292+00:00,17,2,KRW-BSB,0.01369863
2026-09-02T17:07:56.209292+00:00,17,2,KRW-ERA,0.00123993
2026-09-02T17:07:56.209292+00:00,17,2,KRW-MIRA,0.00309598
2026-09-02T17:07:56.209292+00:00,17,2,KRW-SAND,0.00197433
2026-09-02T17:07:56.209292+00:00,17,2,KRW-PEPE,0.00215285
2026-09-02T17:07:56.209292+00:00,17,2,KRW-POL,0.00796813
2026-09-02T17:07:56.209292+00:00,17,2,KRW-STX,0.00281294
2026-09-02T17:07:56.209292+00:00,17,2,KRW-IRYS,0.00539084
2026-09-02T17:07:56.209292+00:00,17,2,KRW-AXS,0.00160385
2026-09-02T17:07:56.209292+00:00,17,2,KRW-TAO,0.00269270
2026-09-02T17:07:56.209292+00:00,17,2,KRW-ALGO,0.00796813
2026-09-02T17:07:56.209292+00:00,17,2,KRW-JTO,0.00348432
2026-09-02T17:07:56.209292+00:00,17,2,KRW-CC,0.00655738
2026-09-02T17:07:56.209292+00:00,17,2,KRW-BIRB,0.00254130
2026-09-02T17:07:56.209292+00:00,17,2,KRW-ME,0.00350263
2026-09-02T17:07:56.209292+00:00,17,2,KRW-SEI,0.00300300
2026-09-02T17:07:56.209292+00:00,17,2,KRW-ENS,0.00207111
2026-09-02T17:07:56.209292+00:00,17,2,KRW-ZRO,0.00217313
2026-09-02T17:07:56.209292+00:00,17,2,KRW-TRUMP,0.00100217
2026-09-02T17:07:56.209292+00:00,17,2,KRW-XEC,0.00212993
2026-09-02T17:07:56.209292+00:00,17,2,KRW-RVN,0.00522193
2026-09-02T17:07:56.209292+00:00,17,2,KRW-ZAMA,0.00433839
2026-09-02T17:07:56.209292+00:00,17,2,KRW-GEOD,0.00332779
2026-09-02T17:07:56.209292+00:00,17,2,KRW-AKT,0.00437637
2026-09-02T17:07:56.209292+00:00,17,2,KRW-FIL,0.00273349
2026-09-02T17:07:56.209292+00:00,17,2,KRW-APT,0.00261780
2026-09-02T17:07:56.209292+00:00,17,2,KRW-DRV,0.00511509
2026-09-02T17:07:56.209292+00:00,17,2,KRW-ID,0.00456621
2026-09-02T17:07:56.209292+00:00,17,2,KRW-SOON,0.00775194
2026-09-02T17:07:56.209292+00:00,17,2,KRW-O,0.00405680
2026-09-02T17:07:56.209292+00:00,17,2,KRW-AVNT,0.00711744
2026-09-02T17:07:56.209292+00:00,17,2,KRW-TREE,0.00173762
2026-09-02T17:07:56.209292+00:00,17,2,KRW-KITE,0.00511509
2026-09-02T17:07:56.209292+00:00,17,2,KRW-BLEND,0.00351083
2026-09-02T17:07:56.209292+00:00,17,2,KRW-MANTRA,0.00496278
2026-09-02T17:07:56.209292+00:00,17,2,KRW-CFG,0.00701754
2026-09-02T17:07:56.209292+00:00,17,2,KRW-GAS,0.00244798
2026-09-02T17:07:56.209292+00:00,17,2,KRW-BERA,0.00412371
2026-09-02T17:07:56.209292+00:00,17,2,KRW-MEGA,0.00399202
2026-09-02T17:07:56.209292+00:00,17,2,KRW-SOPH,0.00455581
2026-09-02T17:07:56.209292+00:00,17,2,KRW-UP2,0.00140548
2026-09-02T17:07:56.209292+00:00,17,2,KRW-ZORA,0.00302267
2026-09-02T17:07:56.209292+00:00,17,2,KRW-OPG,0.00727273
2026-09-02T17:07:56.209292+00:00,17,2,KRW-BSV,0.00416185
2026-09-02T17:07:56.209292+00:00,17,2,KRW-HYPER,0.00222222
2026-09-02T17:07:56.209292+00:00,17,2,KRW-TRAC,0.00227531
2026-09-02T17:07:56.209292+00:00,17,2,KRW-IN,0.00432900
2026-09-02T17:07:56.209292+00:00,17,2,KRW-ATH,0.00318979
2026-09-02T17:07:56.209292+00:00,17,2,KRW-ETHFI,0.00403497
2026-09-02T17:07:56.209292+00:00,17,2,KRW-MON,0.00284495
2026-09-02T17:07:56.209292+00:00,17,2,KRW-ZIL,0.01169591
2026-09-02T17:07:56.209292+00:00,17,2,KRW-B3,0.00483481
2026-09-02T17:07:56.209292+00:00,17,2,KRW-ELSA,0.00314961
2026-09-02T17:07:56.209292+00:00,17,2,KRW-JUP,0.00341880
2026-09-02T17:07:56.209292+00:00,17,2,KRW-SIGN,0.00796813
2026-09-02T17:07:56.209292+00:00,17,2,KRW-FLOCK,0.00193611
2026-09-02T17:07:56.209292+00:00,17,2,KRW-DEEP,0.00511509
2026-09-02T17:07:56.209292+00:00,17,2,KRW-G,0.00392927
2026-09-02T17:07:56.209292+00:00,17,2,KRW-INJ,0.01016817
2026-09-02T17:07:56.209292+00:00,17,2,KRW-VVV,0.00412939
2026-09-02T17:07:56.209292+00:00,17,2,KRW-BIGTIME,0.00226757
2026-09-02T17:07:56.209292+00:00,17,2,KRW-BIO,0.00287770
2026-09-02T17:07:56.209292+00:00,17,2,KRW-RENDER,0.00259134
2026-09-02T17:07:56.209292+00:00,17,2,KRW-BARD,0.00600601
2026-09-02T17:07:56.209292+00:00,17,2,KRW-CHZ,0.00542005
2026-09-02T17:07:56.209292+00:00,17,2,KRW-LSK,0.00743494
2026-09-02T17:07:56.209292+00:00,17,2,KRW-CRO,0.00405132
2026-09-02T17:07:56.209292+00:00,17,2,KRW-VANA,0.00247015
2026-09-02T17:07:56.209292+00:00,17,2,KRW-LAYER,0.00107817
2026-09-02T17:07:56.209292+00:00,17,2,KRW-RED,0.00634921
2026-09-02T17:07:56.209292+00:00,17,2,KRW-DOT,0.00170940
2026-09-02T17:07:56.209292+00:00,17,2,KRW-ATOM,0.00200401
2026-09-02T17:07:56.209292+00:00,17,2,KRW-DOOD,0.00547945
2026-09-02T17:07:56.209292+00:00,17,2,KRW-XAUT,0.00216324
2026-09-02T17:07:56.209292+00:00,17,2,KRW-BORA,0.00328407
2026-09-02T17:07:56.209292+00:00,17,2,KRW-AWE,0.00236686
2026-09-02T17:07:56.209292+00:00,17,2,KRW-WAVES,0.00333890
2026-09-02T17:07:56.209292+00:00,17,2,KRW-ZKP,0.00309119
2026-09-02T17:07:56.209292+00:00,17,2,KRW-EDGE,0.00433839
2026-09-02T17:07:56.209292+00:00,17,2,KRW-ELF,0.00333519
2026-09-02T17:07:56.209292+00:00,17,2,KRW-AI,0.00380952
2026-09-02T17:07:56.209292+00:00,17,2,KRW-SNT,0.00112296
2026-09-02T17:07:56.209292+00:00,17,2,KRW-OPEN,0.01204819
2026-09-02T17:07:56.209292+00:00,17,2,KRW-SKR,0.00302572
2026-09-02T17:07:56.209292+00:00,17,2,KRW-MET2,0.00379507
2026-09-02T17:07:56.209292+00:00,17,2,KRW-FF,0.00677966
2026-09-02T17:07:56.209292+00:00,17,2,KRW-KAT,0.00326264
2026-09-02T17:07:56.209292+00:00,17,2,KRW-W,0.00766284
2026-09-02T17:07:56.209292+00:00,17,2,KRW-PENDLE,0.00163066
2026-09-02T17:07:56.209292+00:00,17,2,KRW-SPK,0.00727273
2026-09-02T17:07:56.209292+00:00,17,2,KRW-PYTH,0.00125865
2026-09-02T17:07:56.209292+00:00,17,2,KRW-STEEM,0.00170794
2026-09-02T17:07:56.209292+00:00,17,2,KRW-COW,0.00576369
2026-09-02T17:08:59.150579+00:00,17,2,KRW-SHIB,0.00140548
2026-09-02T17:08:59.150579+00:00,17,2,KRW-KAITO,0.00240674
2026-09-02T17:08:59.150579+00:00,17,2,KRW-SUI,0.00202224
2026-09-02T17:08:59.150579+00:00,17,2,KRW-MMT,0.00464037
2026-09-02T17:08:59.150579+00:00,17,2,KRW-LINK,0.00197433
2026-09-02T17:08:59.150579+00:00,17,2,KRW-PUMP,0.00179051
2026-09-02T17:08:59.150579+00:00,17,2,KRW-NEAR,0.00118507
2026-09-02T17:08:59.150579+00:00,17,2,KRW-ZBT,0.00873362
2026-09-02T17:08:59.150579+00:00,17,2,KRW-LA,0.00115274
2026-09-02T17:08:59.150579+00:00,17,2,KRW-CHIP,0.00180018
2026-09-02T17:08:59.150579+00:00,17,2,KRW-QUID,0.00337268
2026-09-02T17:08:59.150579+00:00,17,2,KRW-PENGU,0.00888889
2026-09-02T17:08:59.150579+00:00,17,2,KRW-AVAX,0.00101989
2026-09-02T17:08:59.150579+00:00,17,2,KRW-VIRTUAL,0.00108167
2026-09-02T17:08:59.150579+00:00,17,2,KRW-MOVE,0.00851064
2026-09-02T17:08:59.150579+00:00,17,2,KRW-UNI,0.00188383
2026-09-02T17:08:59.150579+00:00,17,2,KRW-PIEVERSE,0.00132802
2026-09-02T17:08:59.150579+00:00,17,2,KRW-PRL,0.00519481
2026-09-02T17:08:59.150579+00:00,17,2,KRW-HBAR,0.00995025
2026-09-02T17:08:59.150579+00:00,17,2,KRW-ONT,0.00416956
2026-09-02T17:08:59.150579+00:00,17,2,KRW-ENSO,0.00423191
2026-09-02T17:08:59.150579+00:00,17,2,KRW-XPL,0.00888889
2026-09-02T17:08:59.150579+00:00,17,2,KRW-SAHARA,0.00865801
2026-09-02T17:08:59.150579+00:00,17,2,KRW-AAVE,0.00114943
2026-09-02T17:08:59.150579+00:00,17,2,KRW-ARX,0.00576369
2026-09-02T17:08:59.150579+00:00,17,2,KRW-TRX,0.00224467
2026-09-02T17:08:59.150579+00:00,17,2,KRW-HOLO,0.00350672
2026-09-02T17:08:59.150579+00:00,17,2,KRW-WLFI,0.00258065
2026-09-02T17:08:59.150579+00:00,17,2,KRW-BCH,0.00090266
2026-09-02T17:08:59.150579+00:00,17,2,KRW-DATA,0.00385356
2026-09-02T17:08:59.150579+00:00,17,2,KRW-PLUME,0.00514139
2026-09-02T17:08:59.150579+00:00,17,2,KRW-ARB,0.00597015
2026-09-02T17:08:59.150579+00:00,17,2,KRW-STORJ,0.00572246
2026-09-02T17:08:59.150579+00:00,17,2,KRW-BONK,0.00194363
2026-09-02T17:08:59.150579+00:00,17,2,KRW-ETC,0.00201715
2026-09-02T17:08:59.150579+00:00,17,2,KRW-ESP,0.00873362
2026-09-02T17:08:59.150579+00:00,17,2,KRW-0G,0.00392927
2026-09-02T17:08:59.150579+00:00,17,2,KRW-META2,0.00746016
2026-09-02T17:08:59.150579+00:00,17,2,KRW-BSB,0.01369863
2026-09-02T17:08:59.150579+00:00,17,2,KRW-ERA,0.00123993
2026-09-02T17:08:59.150579+00:00,17,2,KRW-MIRA,0.00463320
2026-09-02T17:08:59.150579+00:00,17,2,KRW-SAND,0.00197433
2026-09-02T17:08:59.150579+00:00,17,2,KRW-PEPE,0.00215285
2026-09-02T17:08:59.150579+00:00,17,2,KRW-POL,0.01600000
2026-09-02T17:08:59.150579+00:00,17,2,KRW-STX,0.00281294
2026-09-02T17:08:59.150579+00:00,17,2,KRW-IRYS,0.01081081
2026-09-02T17:08:59.150579+00:00,17,2,KRW-AXS,0.00240674
2026-09-02T17:08:59.150579+00:00,17,2,KRW-TAO,0.00269270
2026-09-02T17:08:59.150579+00:00,17,2,KRW-ALGO,0.00796813
2026-09-02T17:08:59.150579+00:00,17,2,KRW-JTO,0.00174368
2026-09-02T17:08:59.150579+00:00,17,2,KRW-CC,0.00655738
2026-09-02T17:08:59.150579+00:00,17,2,KRW-BIRB,0.00381437
2026-09-02T17:08:59.150579+00:00,17,2,KRW-ME,0.00233645
2026-09-02T17:08:59.150579+00:00,17,2,KRW-SEI,0.00300752
2026-09-02T17:08:59.150579+00:00,17,2,KRW-ENS,0.00138122
2026-09-02T17:08:59.150579+00:00,17,2,KRW-ZRO,0.00217313
2026-09-02T17:08:59.150579+00:00,17,2,KRW-TRUMP,0.00100217
2026-09-02T17:08:59.150579+00:00,17,2,KRW-XEC,0.00212993
2026-09-02T17:08:59.150579+00:00,17,2,KRW-RVN,0.00522193
2026-09-02T17:08:59.150579+00:00,17,2,KRW-ZAMA,0.00433839
2026-09-02T17:08:59.150579+00:00,17,2,KRW-GEOD,0.00332779
2026-09-02T17:08:59.150579+00:00,17,2,KRW-AKT,0.00437637
2026-09-02T17:08:59.150579+00:00,17,2,KRW-FIL,0.00273598
2026-09-02T17:08:59.150579+00:00,17,2,KRW-APT,0.00130976
2026-09-02T17:08:59.150579+00:00,17,2,KRW-DRV,0.00511509
2026-09-02T17:08:59.150579+00:00,17,2,KRW-ID,0.00456621
2026-09-02T17:08:59.150579+00:00,17,2,KRW-SOON,0.00775194
2026-09-02T17:08:59.150579+00:00,17,2,KRW-O,0.00540541
2026-09-02T17:08:59.150579+00:00,17,2,KRW-AVNT,0.00711744
2026-09-02T17:08:59.150579+00:00,17,2,KRW-TREE,0.00173762
2026-09-02T17:08:59.150579+00:00,17,2,KRW-KITE,0.00511509
2026-09-02T17:08:59.150579+00:00,17,2,KRW-BLEND,0.00351083
2026-09-02T17:08:59.150579+00:00,17,2,KRW-MANTRA,0.00496278
2026-09-02T17:08:59.150579+00:00,17,2,KRW-CFG,0.00701754
2026-09-02T17:08:59.150579+00:00,17,2,KRW-GAS,0.00244798
2026-09-02T17:08:59.150579+00:00,17,2,KRW-BERA,0.00412371
2026-09-02T17:08:59.150579+00:00,17,2,KRW-MEGA,0.00399202
2026-09-02T17:08:59.150579+00:00,17,2,KRW-SOPH,0.00455581
2026-09-02T17:08:59.150579+00:00,17,2,KRW-UP2,0.00140548
2026-09-02T17:08:59.150579+00:00,17,2,KRW-ZORA,0.00201816
2026-09-02T17:08:59.150579+00:00,17,2,KRW-OPG,0.00727273
2026-09-02T17:08:59.150579+00:00,17,2,KRW-BSV,0.00416185
2026-09-02T17:08:59.150579+00:00,17,2,KRW-HYPER,0.00111173
2026-09-02T17:08:59.150579+00:00,17,2,KRW-TRAC,0.00227015
2026-09-02T17:08:59.150579+00:00,17,2,KRW-IN,0.00432900
2026-09-02T17:08:59.150579+00:00,17,2,KRW-ATH,0.00318979
2026-09-02T17:08:59.150579+00:00,17,2,KRW-ETHFI,0.00403497
2026-09-02T17:08:59.150579+00:00,17,2,KRW-MON,0.00284495
2026-09-02T17:08:59.150579+00:00,17,2,KRW-ZIL,0.01169591
2026-09-02T17:08:59.150579+00:00,17,2,KRW-B3,0.00483481
2026-09-02T17:08:59.150579+00:00,17,2,KRW-ELSA,0.00314961
2026-09-02T17:08:59.150579+00:00,17,2,KRW-JUP,0.00341880
2026-09-02T17:08:59.150579+00:00,17,2,KRW-SIGN,0.00796813
2026-09-02T17:08:59.150579+00:00,17,2,KRW-FLOCK,0.00193986
2026-09-02T17:08:59.150579+00:00,17,2,KRW-DEEP,0.00511509
2026-09-02T17:08:59.150579+00:00,17,2,KRW-G,0.00589971
2026-09-02T17:08:59.150579+00:00,17,2,KRW-INJ,0.01016817
2026-09-02T17:08:59.150579+00:00,17,2,KRW-VVV,0.00275482
2026-09-02T17:08:59.150579+00:00,17,2,KRW-BIGTIME,0.00226757
2026-09-02T17:08:59.150579+00:00,17,2,KRW-BIO,0.00287770
2026-09-02T17:08:59.150579+00:00,17,2,KRW-RENDER,0.00259134
2026-09-02T17:08:59.150579+00:00,17,2,KRW-BARD,0.00600601
2026-09-02T17:08:59.150579+00:00,17,2,KRW-CHZ,0.00542005
2026-09-02T17:08:59.150579+00:00,17,2,KRW-LSK,0.00743494
2026-09-02T17:08:59.150579+00:00,17,2,KRW-CRO,0.00405132
2026-09-02T17:08:59.150579+00:00,17,2,KRW-VANA,0.00247015
2026-09-02T17:08:59.150579+00:00,17,2,KRW-LAYER,0.00215517
2026-09-02T17:08:59.150579+00:00,17,2,KRW-RED,0.00634921
2026-09-02T17:08:59.150579+00:00,17,2,KRW-DOT,0.00256520
2026-09-02T17:08:59.150579+00:00,17,2,KRW-ATOM,0.00200401
2026-09-02T17:08:59.150579+00:00,17,2,KRW-DOOD,0.00547945
2026-09-02T17:08:59.150579+00:00,17,2,KRW-XAUT,0.00199634
2026-09-02T17:08:59.150579+00:00,17,2,KRW-BORA,0.00328407
2026-09-02T17:08:59.150579+00:00,17,2,KRW-AWE,0.00236686
2026-09-02T17:08:59.150579+00:00,17,2,KRW-WAVES,0.00333890
2026-09-02T17:08:59.150579+00:00,17,2,KRW-ZKP,0.00463320
2026-09-02T17:08:59.150579+00:00,17,2,KRW-EDGE,0.00433839
2026-09-02T17:08:59.150579+00:00,17,2,KRW-ELF,0.00444939
2026-09-02T17:08:59.150579+00:00,17,2,KRW-AI,0.00380952
2026-09-02T17:08:59.150579+00:00,17,2,KRW-SNT,0.00224467
2026-09-02T17:08:59.150579+00:00,17,2,KRW-OPEN,0.01204819
2026-09-02T17:08:59.150579+00:00,17,2,KRW-SKR,0.00303490
2026-09-02T17:08:59.150579+00:00,17,2,KRW-MET2,0.00379507
2026-09-02T17:08:59.150579+00:00,17,2,KRW-FF,0.00682594
2026-09-02T17:08:59.150579+00:00,17,2,KRW-KAT,0.00326264
2026-09-02T17:08:59.150579+00:00,17,2,KRW-W,0.00766284
2026-09-02T17:08:59.150579+00:00,17,2,KRW-PENDLE,0.00162933
2026-09-02T17:08:59.150579+00:00,17,2,KRW-SPK,0.00727273
2026-09-02T17:08:59.150579+00:00,17,2,KRW-PYTH,0.00251889
2026-09-02T17:08:59.150579+00:00,17,2,KRW-STEEM,0.00170794
2026-09-02T17:08:59.150579+00:00,17,2,KRW-COW,0.00576369
2026-09-02T17:10:02.153596+00:00,17,2,KRW-SHIB,0.00280899
2026-09-02T17:10:02.153596+00:00,17,2,KRW-KAITO,0.00240674
2026-09-02T17:10:02.153596+00:00,17,2,KRW-SUI,0.00202020
2026-09-02T17:10:02.153596+00:00,17,2,KRW-MMT,0.00461894
2026-09-02T17:10:02.153596+00:00,17,2,KRW-LINK,0.00197304
2026-09-02T17:10:02.153596+00:00,17,2,KRW-PUMP,0.00357782
2026-09-02T17:10:02.153596+00:00,17,2,KRW-NEAR,0.00157729
2026-09-02T17:10:02.153596+00:00,17,2,KRW-ZBT,0.00873362
2026-09-02T17:10:02.153596+00:00,17,2,KRW-LA,0.00230681
2026-09-02T17:10:02.153596+00:00,17,2,KRW-CHIP,0.00179695
2026-09-02T17:10:02.153596+00:00,17,2,KRW-QUID,0.00337268
2026-09-02T17:10:02.153596+00:00,17,2,KRW-PENGU,0.00888889
2026-09-02T17:10:02.153596+00:00,17,2,KRW-AVAX,0.00101885
2026-09-02T17:10:02.153596+00:00,17,2,KRW-VIRTUAL,0.00324149
2026-09-02T17:10:02.153596+00:00,17,2,KRW-MOVE,0.00851064
2026-09-02T17:10:02.153596+00:00,17,2,KRW-UNI,0.00188029
2026-09-02T17:10:02.153596+00:00,17,2,KRW-PIEVERSE,0.00132802
2026-09-02T17:10:02.153596+00:00,17,2,KRW-PRL,0.00519481
2026-09-02T17:10:02.153596+00:00,17,2,KRW-HBAR,0.00995025
2026-09-02T17:10:02.153596+00:00,17,2,KRW-ONT,0.00555556
2026-09-02T17:10:02.153596+00:00,17,2,KRW-ENSO,0.00338409
2026-09-02T17:10:02.153596+00:00,17,2,KRW-XPL,0.00888889
2026-09-02T17:10:02.153596+00:00,17,2,KRW-SAHARA,0.00865801
2026-09-02T17:10:02.153596+00:00,17,2,KRW-AAVE,0.00229621
2026-09-02T17:10:02.153596+00:00,17,2,KRW-ARX,0.00576369
2026-09-02T17:10:02.153596+00:00,17,2,KRW-TRX,0.00224467
2026-09-02T17:10:02.153596+00:00,17,2,KRW-HOLO,0.00350672
2026-09-02T17:10:02.153596+00:00,17,2,KRW-WLFI,0.00129282
2026-09-02T17:10:02.153596+00:00,17,2,KRW-BCH,0.00120301
2026-09-02T17:10:02.153596+00:00,17,2,KRW-DATA,0.00769231
2026-09-02T17:10:02.153596+00:00,17,2,KRW-PLUME,0.00514139
2026-09-02T17:10:02.153596+00:00,17,2,KRW-ARB,0.00600601
2026-09-02T17:10:02.153596+00:00,17,2,KRW-STORJ,0.00142755
2026-09-02T17:10:02.153596+00:00,17,2,KRW-BONK,0.00389105
2026-09-02T17:10:02.153596+00:00,17,2,KRW-ETC,0.00302572
2026-09-02T17:10:02.153596+00:00,17,2,KRW-ESP,0.00873362
2026-09-02T17:10:02.153596+00:00,17,2,KRW-0G,0.00392927
2026-09-02T17:10:02.153596+00:00,17,2,KRW-META2,0.00746016
2026-09-02T17:10:02.153596+00:00,17,2,KRW-BSB,0.01369863
2026-09-02T17:10:02.153596+00:00,17,2,KRW-ERA,0.00123839
2026-09-02T17:10:02.153596+00:00,17,2,KRW-MIRA,0.00308166
2026-09-02T17:10:02.153596+00:00,17,2,KRW-SAND,0.00197433
2026-09-02T17:10:02.153596+00:00,17,2,KRW-PEPE,0.00430108
2026-09-02T17:10:02.153596+00:00,17,2,KRW-POL,0.00796813
2026-09-02T17:10:02.153596+00:00,17,2,KRW-STX,0.00281294
2026-09-02T17:10:02.153596+00:00,17,2,KRW-IRYS,0.01081081
2026-09-02T17:10:02.153596+00:00,17,2,KRW-AXS,0.00160256
2026-09-02T17:10:02.153596+00:00,17,2,KRW-TAO,0.00167926
2026-09-02T17:10:02.153596+00:00,17,2,KRW-ALGO,0.00796813
2026-09-02T17:10:02.153596+00:00,17,2,KRW-JTO,0.00348432
2026-09-02T17:10:02.153596+00:00,17,2,KRW-CC,0.00655738
2026-09-02T17:10:02.153596+00:00,17,2,KRW-BIRB,0.00381437
2026-09-02T17:10:02.153596+00:00,17,2,KRW-ME,0.00350263
2026-09-02T17:10:02.153596+00:00,17,2,KRW-SEI,0.00300300
2026-09-02T17:10:02.153596+00:00,17,2,KRW-ENS,0.00138026
2026-09-02T17:10:02.153596+00:00,17,2,KRW-ZRO,0.00217313
2026-09-02T17:10:02.153596+00:00,17,2,KRW-TRUMP,0.00166917
2026-09-02T17:10:02.153596+00:00,17,2,KRW-XEC,0.00319319
2026-09-02T17:10:02.153596+00:00,17,2,KRW-RVN,0.00522193
2026-09-02T17:10:02.153596+00:00,17,2,KRW-ZAMA,0.00433839
2026-09-02T17:10:02.153596+00:00,17,2,KRW-GEOD,0.00332779
2026-09-02T17:10:02.153596+00:00,17,2,KRW-AKT,0.00437637
2026-09-02T17:10:02.153596+00:00,17,2,KRW-FIL,0.00272356
2026-09-02T17:10:02.153596+00:00,17,2,KRW-APT,0.00261780
2026-09-02T17:10:02.153596+00:00,17,2,KRW-DRV,0.00511509
2026-09-02T17:10:02.153596+00:00,17,2,KRW-ID,0.00456621
2026-09-02T17:10:02.153596+00:00,17,2,KRW-SOON,0.00775194
2026-09-02T17:10:02.153596+00:00,17,2,KRW-O,0.00405132
2026-09-02T17:10:02.153596+00:00,17,2,KRW-AVNT,0.00711744
2026-09-02T17:10:02.153596+00:00,17,2,KRW-TREE,0.00173160
2026-09-02T17:10:02.153596+00:00,17,2,KRW-KITE,0.00511509
2026-09-02T17:10:02.153596+00:00,17,2,KRW-BLEND,0.00351083
2026-09-02T17:10:02.153596+00:00,17,2,KRW-MANTRA,0.00496278
2026-09-02T17:10:02.153596+00:00,17,2,KRW-CFG,0.00701754
2026-09-02T17:10:02.153596+00:00,17,2,KRW-GAS,0.00183542
2026-09-02T17:10:02.153596+00:00,17,2,KRW-BERA,0.00412371
2026-09-02T17:10:02.153596+00:00,17,2,KRW-MEGA,0.00398406
2026-09-02T17:10:02.153596+00:00,17,2,KRW-SOPH,0.00152323
2026-09-02T17:10:02.153596+00:00,17,2,KRW-UP2,0.00140548
2026-09-02T17:10:02.153596+00:00,17,2,KRW-ZORA,0.00100857
2026-09-02T17:10:02.153596+00:00,17,2,KRW-OPG,0.00727273
2026-09-02T17:10:02.153596+00:00,17,2,KRW-BSV,0.00416185
2026-09-02T17:10:02.153596+00:00,17,2,KRW-HYPER,0.00222222
2026-09-02T17:10:02.153596+00:00,17,2,KRW-TRAC,0.00227015
2026-09-02T17:10:02.153596+00:00,17,2,KRW-IN,0.00432900
2026-09-02T17:10:02.153596+00:00,17,2,KRW-ATH,0.00318979
2026-09-02T17:10:02.153596+00:00,17,2,KRW-ETHFI,0.00268456
2026-09-02T17:10:02.153596+00:00,17,2,KRW-MON,0.00284495
2026-09-02T17:10:02.153596+00:00,17,2,KRW-ZIL,0.01169591
2026-09-02T17:10:02.153596+00:00,17,2,KRW-B3,0.00483481
2026-09-02T17:10:02.153596+00:00,17,2,KRW-ELSA,0.00314961
2026-09-02T17:10:02.153596+00:00,17,2,KRW-JUP,0.00341880
2026-09-02T17:10:02.153596+00:00,17,2,KRW-SIGN,0.00796813
2026-09-02T17:10:02.153596+00:00,17,2,KRW-FLOCK,0.00387597
2026-09-02T17:10:02.153596+00:00,17,2,KRW-DEEP,0.00511509
2026-09-02T17:10:02.153596+00:00,17,2,KRW-G,0.00392927
2026-09-02T17:10:02.153596+00:00,17,2,KRW-INJ,0.00938233
2026-09-02T17:10:02.153596+00:00,17,2,KRW-VVV,0.00229200
2026-09-02T17:10:02.153596+00:00,17,2,KRW-BIGTIME,0.00226501
2026-09-02T17:10:02.153596+00:00,17,2,KRW-BIO,0.00574713
2026-09-02T17:10:02.153596+00:00,17,2,KRW-RENDER,0.00259134
2026-09-02T17:10:02.153596+00:00,17,2,KRW-BARD,0.00600601
2026-09-02T17:10:02.153596+00:00,17,2,KRW-CHZ,0.00542005
2026-09-02T17:10:02.153596+00:00,17,2,KRW-LSK,0.00743494
2026-09-02T17:10:02.153596+00:00,17,2,KRW-CRO,0.00405132
2026-09-02T17:10:02.153596+00:00,17,2,KRW-VANA,0.00247015
2026-09-02T17:10:02.153596+00:00,17,2,KRW-LAYER,0.00215517
2026-09-02T17:10:02.153596+00:00,17,2,KRW-RED,0.01265823
2026-09-02T17:10:02.153596+00:00,17,2,KRW-DOT,0.00170940
2026-09-02T17:10:02.153596+00:00,17,2,KRW-ATOM,0.00150263
2026-09-02T17:10:02.153596+00:00,17,2,KRW-DOOD,0.00547945
2026-09-02T17:10:02.153596+00:00,17,2,KRW-XAUT,0.00099834
2026-09-02T17:10:02.153596+00:00,17,2,KRW-BORA,0.00328407
2026-09-02T17:10:02.153596+00:00,17,2,KRW-AWE,0.00118273
2026-09-02T17:10:02.153596+00:00,17,2,KRW-WAVES,0.00333890
2026-09-02T17:10:02.153596+00:00,17,2,KRW-ZKP,0.00308642
2026-09-02T17:10:02.153596+00:00,17,2,KRW-EDGE,0.00433839
2026-09-02T17:10:02.153596+00:00,17,2,KRW-ELF,0.00444939
2026-09-02T17:10:02.153596+00:00,17,2,KRW-AI,0.00380952
2026-09-02T17:10:02.153596+00:00,17,2,KRW-SNT,0.00112296
2026-09-02T17:10:02.153596+00:00,17,2,KRW-OPEN,0.01204819
2026-09-02T17:10:02.153596+00:00,17,2,KRW-SKR,0.00301659
2026-09-02T17:10:02.153596+00:00,17,2,KRW-MET2,0.00379507
2026-09-02T17:10:02.153596+00:00,17,2,KRW-FF,0.00687285
2026-09-02T17:10:02.153596+00:00,17,2,KRW-KAT,0.00326264
2026-09-02T17:10:02.153596+00:00,17,2,KRW-W,0.00766284
2026-09-02T17:10:02.153596+00:00,17,2,KRW-PENDLE,0.00244101
2026-09-02T17:10:02.153596+00:00,17,2,KRW-SPK,0.00727273
2026-09-02T17:10:02.153596+00:00,17,2,KRW-PYTH,0.00251889
2026-09-02T17:10:02.153596+00:00,17,2,KRW-STEEM,0.00341297
2026-09-02T17:10:02.153596+00:00,17,2,KRW-COW,0.01149425
2026-09-02T17:11:05.004336+00:00,17,2,KRW-SHIB,0.00140351
2026-09-02T17:11:05.004336+00:00,17,2,KRW-KAITO,0.00240674
2026-09-02T17:11:05.004336+00:00,17,2,KRW-SUI,0.00201613
2026-09-02T17:11:05.004336+00:00,17,2,KRW-MMT,0.00461894
2026-09-02T17:11:05.004336+00:00,17,2,KRW-LINK,0.00197044
2026-09-02T17:11:05.004336+00:00,17,2,KRW-PUMP,0.00178731
2026-09-02T17:11:05.004336+00:00,17,2,KRW-NEAR,0.00118180
2026-09-02T17:11:05.004336+00:00,17,2,KRW-ZBT,0.00873362
2026-09-02T17:11:05.004336+00:00,17,2,KRW-LA,0.00229621
2026-09-02T17:11:05.004336+00:00,17,2,KRW-CHIP,0.00359066
2026-09-02T17:11:05.004336+00:00,17,2,KRW-QUID,0.00337268
2026-09-02T17:11:05.004336+00:00,17,2,KRW-PENGU,0.00888889
2026-09-02T17:11:05.004336+00:00,17,2,KRW-AVAX,0.00152711
2026-09-02T17:11:05.004336+00:00,17,2,KRW-VIRTUAL,0.00215750
2026-09-02T17:11:05.004336+00:00,17,2,KRW-MOVE,0.00851064
2026-09-02T17:11:05.004336+00:00,17,2,KRW-UNI,0.00188265
2026-09-02T17:11:05.004336+00:00,17,2,KRW-PIEVERSE,0.00199137
2026-09-02T17:11:05.004336+00:00,17,2,KRW-PRL,0.00519481
2026-09-02T17:11:05.004336+00:00,17,2,KRW-HBAR,0.00995025
2026-09-02T17:11:05.004336+00:00,17,2,KRW-ONT,0.00555556
2026-09-02T17:11:05.004336+00:00,17,2,KRW-ENSO,0.00338409
2026-09-02T17:11:05.004336+00:00,17,2,KRW-XPL,0.00888889
2026-09-02T17:11:05.004336+00:00,17,2,KRW-SAHARA,0.00865801
2026-09-02T17:11:05.004336+00:00,17,2,KRW-AAVE,0.00229489
2026-09-02T17:11:05.004336+00:00,17,2,KRW-ARX,0.00576369
2026-09-02T17:11:05.004336+00:00,17,2,KRW-TRX,0.00224467
2026-09-02T17:11:05.004336+00:00,17,2,KRW-HOLO,0.00233918
2026-09-02T17:11:05.004336+00:00,17,2,KRW-WLFI,0.00258065
2026-09-02T17:11:05.004336+00:00,17,2,KRW-BCH,0.00120048
2026-09-02T17:11:05.004336+00:00,17,2,KRW-DATA,0.00385356
2026-09-02T17:11:05.004336+00:00,17,2,KRW-PLUME,0.00514139
2026-09-02T17:11:05.004336+00:00,17,2,KRW-ARB,0.00597015
2026-09-02T17:11:05.004336+00:00,17,2,KRW-STORJ,0.00428878
2026-09-02T17:11:05.004336+00:00,17,2,KRW-BONK,0.00194363
2026-09-02T17:11:05.004336+00:00,17,2,KRW-ETC,0.00251699
2026-09-02T17:11:05.004336+00:00,17,2,KRW-ESP,0.00873362
2026-09-02T17:11:05.004336+00:00,17,2,KRW-0G,0.00392927
2026-09-02T17:11:05.004336+00:00,17,2,KRW-META2,0.00746016
2026-09-02T17:11:05.004336+00:00,17,2,KRW-BSB,0.00682594
2026-09-02T17:11:05.004336+00:00,17,2,KRW-ERA,0.00123839
2026-09-02T17:11:05.004336+00:00,17,2,KRW-MIRA,0.00307692
2026-09-02T17:11:05.004336+00:00,17,2,KRW-SAND,0.00197433
2026-09-02T17:11:05.004336+00:00,17,2,KRW-PEPE,0.00429185
2026-09-02T17:11:05.004336+00:00,17,2,KRW-POL,0.00796813
2026-09-02T17:11:05.004336+00:00,17,2,KRW-STX,0.00281294
2026-09-02T17:11:05.004336+00:00,17,2,KRW-IRYS,0.00539084
2026-09-02T17:11:05.004336+00:00,17,2,KRW-AXS,0.00160128
2026-09-02T17:11:05.004336+00:00,17,2,KRW-TAO,0.00033563
2026-09-02T17:11:05.004336+00:00,17,2,KRW-ALGO,0.00796813
2026-09-02T17:11:05.004336+00:00,17,2,KRW-JTO,0.00174064
2026-09-02T17:11:05.004336+00:00,17,2,KRW-CC,0.00655738
2026-09-02T17:11:05.004336+00:00,17,2,KRW-BIRB,0.00253807
2026-09-02T17:11:05.004336+00:00,17,2,KRW-ME,0.00350263
2026-09-02T17:11:05.004336+00:00,17,2,KRW-SEI,0.00300752
2026-09-02T17:11:05.004336+00:00,17,2,KRW-ENS,0.00138026
2026-09-02T17:11:05.004336+00:00,17,2,KRW-ZRO,0.00217155
2026-09-02T17:11:05.004336+00:00,17,2,KRW-TRUMP,0.00066689
2026-09-02T17:11:05.004336+00:00,17,2,KRW-XEC,0.00425080
2026-09-02T17:11:05.004336+00:00,17,2,KRW-RVN,0.00522193
2026-09-02T17:11:05.004336+00:00,17,2,KRW-ZAMA,0.00433213
2026-09-02T17:11:05.004336+00:00,17,2,KRW-GEOD,0.00332779
2026-09-02T17:11:05.004336+00:00,17,2,KRW-AKT,0.00437637
2026-09-02T17:11:05.004336+00:00,17,2,KRW-FIL,0.00271862
2026-09-02T17:11:05.004336+00:00,17,2,KRW-APT,0.00261780
2026-09-02T17:11:05.004336+00:00,17,2,KRW-DRV,0.00511509
2026-09-02T17:11:05.004336+00:00,17,2,KRW-ID,0.00455581
2026-09-02T17:11:05.004336+00:00,17,2,KRW-SOON,0.00775194
2026-09-02T17:11:05.004336+00:00,17,2,KRW-O,0.00269906
2026-09-02T17:11:05.004336+00:00,17,2,KRW-AVNT,0.00711744
2026-09-02T17:11:05.004336+00:00,17,2,KRW-TREE,0.00173762
2026-09-02T17:11:05.004336+00:00,17,2,KRW-KITE,0.00511509
2026-09-02T17:11:05.004336+00:00,17,2,KRW-BLEND,0.00351083
2026-09-02T17:11:05.004336+00:00,17,2,KRW-MANTRA,0.00496278
2026-09-02T17:11:05.004336+00:00,17,2,KRW-CFG,0.00696864
2026-09-02T17:11:05.004336+00:00,17,2,KRW-GAS,0.00122324
2026-09-02T17:11:05.004336+00:00,17,2,KRW-BERA,0.00412371
2026-09-02T17:11:05.004336+00:00,17,2,KRW-MEGA,0.00397614
2026-09-02T17:11:05.004336+00:00,17,2,KRW-SOPH,0.00607903
2026-09-02T17:11:05.004336+00:00,17,2,KRW-UP2,0.00140548
2026-09-02T17:11:05.004336+00:00,17,2,KRW-ZORA,0.00201613
2026-09-02T17:11:05.004336+00:00,17,2,KRW-OPG,0.00727273
2026-09-02T17:11:05.004336+00:00,17,2,KRW-BSV,0.00415800
2026-09-02T17:11:05.004336+00:00,17,2,KRW-HYPER,0.00443951
2026-09-02T17:11:05.004336+00:00,17,2,KRW-TRAC,0.00227015
2026-09-02T17:11:05.004336+00:00,17,2,KRW-IN,0.00432900
2026-09-02T17:11:05.004336+00:00,17,2,KRW-ATH,0.00318979
2026-09-02T17:11:05.004336+00:00,17,2,KRW-ETHFI,0.00268456
2026-09-02T17:11:05.004336+00:00,17,2,KRW-MON,0.00568182
2026-09-02T17:11:05.004336+00:00,17,2,KRW-ZIL,0.01169591
2026-09-02T17:11:05.004336+00:00,17,2,KRW-B3,0.00483481
2026-09-02T17:11:05.004336+00:00,17,2,KRW-ELSA,0.00314961
2026-09-02T17:11:05.004336+00:00,17,2,KRW-JUP,0.00340716
2026-09-02T17:11:05.004336+00:00,17,2,KRW-SIGN,0.00796813
2026-09-02T17:11:05.004336+00:00,17,2,KRW-FLOCK,0.00387597
2026-09-02T17:11:05.004336+00:00,17,2,KRW-DEEP,0.00511509
2026-09-02T17:11:05.004336+00:00,17,2,KRW-G,0.00588813
2026-09-02T17:11:05.004336+00:00,17,2,KRW-INJ,0.00861057
2026-09-02T17:11:05.004336+00:00,17,2,KRW-VVV,0.00320293
2026-09-02T17:11:05.004336+00:00,17,2,KRW-BIGTIME,0.00225989
2026-09-02T17:11:05.004336+00:00,17,2,KRW-BIO,0.00574713
2026-09-02T17:11:05.004336+00:00,17,2,KRW-RENDER,0.00414293
2026-09-02T17:11:05.004336+00:00,17,2,KRW-BARD,0.00600601
2026-09-02T17:11:05.004336+00:00,17,2,KRW-CHZ,0.00542005
2026-09-02T17:11:05.004336+00:00,17,2,KRW-LSK,0.00743494
2026-09-02T17:11:05.004336+00:00,17,2,KRW-CRO,0.00405132
2026-09-02T17:11:05.004336+00:00,17,2,KRW-VANA,0.00328947
2026-09-02T17:11:05.004336+00:00,17,2,KRW-LAYER,0.00323102
2026-09-02T17:11:05.004336+00:00,17,2,KRW-RED,0.01265823
2026-09-02T17:11:05.004336+00:00,17,2,KRW-DOT,0.00170794
2026-09-02T17:11:05.004336+00:00,17,2,KRW-ATOM,0.00250313
2026-09-02T17:11:05.004336+00:00,17,2,KRW-DOOD,0.01092896
2026-09-02T17:11:05.004336+00:00,17,2,KRW-XAUT,0.00199568
2026-09-02T17:11:05.004336+00:00,17,2,KRW-BORA,0.00328407
2026-09-02T17:11:05.004336+00:00,17,2,KRW-AWE,0.00236407
2026-09-02T17:11:05.004336+00:00,17,2,KRW-WAVES,0.00333890
2026-09-02T17:11:05.004336+00:00,17,2,KRW-ZKP,0.00307220
2026-09-02T17:11:05.004336+00:00,17,2,KRW-EDGE,0.00325203
2026-09-02T17:11:05.004336+00:00,17,2,KRW-ELF,0.00558971
2026-09-02T17:11:05.004336+00:00,17,2,KRW-AI,0.00760456
2026-09-02T17:11:05.004336+00:00,17,2,KRW-SNT,0.00112296
2026-09-02T17:11:05.004336+00:00,17,2,KRW-OPEN,0.01204819
2026-09-02T17:11:05.004336+00:00,17,2,KRW-SKR,0.00301659
2026-09-02T17:11:05.004336+00:00,17,2,KRW-MET2,0.00757576
2026-09-02T17:11:05.004336+00:00,17,2,KRW-FF,0.01369863
2026-09-02T17:11:05.004336+00:00,17,2,KRW-KAT,0.00162999
2026-09-02T17:11:05.004336+00:00,17,2,KRW-W,0.01526718
2026-09-02T17:11:05.004336+00:00,17,2,KRW-PENDLE,0.00121976
2026-09-02T17:11:05.004336+00:00,17,2,KRW-SPK,0.00362976
2026-09-02T17:11:05.004336+00:00,17,2,KRW-PYTH,0.00125865
2026-09-02T17:11:05.004336+00:00,17,2,KRW-STEEM,0.00511509
2026-09-02T17:11:05.004336+00:00,17,2,KRW-COW,0.01149425
2026-09-02T17:12:07.917392+00:00,17,2,KRW-SHIB,0.00280505
2026-09-02T17:12:07.917392+00:00,17,2,KRW-KAITO,0.00240674
2026-09-02T17:12:07.917392+00:00,17,2,KRW-SUI,0.00201410
2026-09-02T17:12:07.917392+00:00,17,2,KRW-MMT,0.00461894
2026-09-02T17:12:07.917392+00:00,17,2,KRW-LINK,0.00131234
2026-09-02T17:12:07.917392+00:00,17,2,KRW-PUMP,0.00357143
2026-09-02T17:12:07.917392+00:00,17,2,KRW-NEAR,0.00118133
2026-09-02T17:12:07.917392+00:00,17,2,KRW-ZBT,0.00873362
2026-09-02T17:12:07.917392+00:00,17,2,KRW-LA,0.00229621
2026-09-02T17:12:07.917392+00:00,17,2,KRW-CHIP,0.00179695
2026-09-02T17:12:07.917392+00:00,17,2,KRW-QUID,0.00337268
2026-09-02T17:12:07.917392+00:00,17,2,KRW-PENGU,0.00888889
2026-09-02T17:12:07.917392+00:00,17,2,KRW-AVAX,0.00152633
2026-09-02T17:12:07.917392+00:00,17,2,KRW-VIRTUAL,0.00215750
2026-09-02T17:12:07.917392+00:00,17,2,KRW-MOVE,0.00851064
2026-09-02T17:12:07.917392+00:00,17,2,KRW-UNI,0.00188029
2026-09-02T17:12:07.917392+00:00,17,2,KRW-PIEVERSE,0.00132802
2026-09-02T17:12:07.917392+00:00,17,2,KRW-PRL,0.00519481
2026-09-02T17:12:07.917392+00:00,17,2,KRW-HBAR,0.00995025
2026-09-02T17:12:07.917392+00:00,17,2,KRW-ONT,0.00555556
2026-09-02T17:12:07.917392+00:00,17,2,KRW-ENSO,0.00338409
2026-09-02T17:12:07.917392+00:00,17,2,KRW-XPL,0.00888889
2026-09-02T17:12:07.917392+00:00,17,2,KRW-SAHARA,0.00865801
2026-09-02T17:12:07.917392+00:00,17,2,KRW-AAVE,0.00172068
2026-09-02T17:12:07.917392+00:00,17,2,KRW-ARX,0.00576369
2026-09-02T17:12:07.917392+00:00,17,2,KRW-TRX,0.00224467
2026-09-02T17:12:07.917392+00:00,17,2,KRW-HOLO,0.00116891
2026-09-02T17:12:07.917392+00:00,17,2,KRW-WLFI,0.00258065
2026-09-02T17:12:07.917392+00:00,17,2,KRW-BCH,0.00120048
2026-09-02T17:12:07.917392+00:00,17,2,KRW-DATA,0.00385356
2026-09-02T17:12:07.917392+00:00,17,2,KRW-PLUME,0.00514139
2026-09-02T17:12:07.917392+00:00,17,2,KRW-ARB,0.00600601
2026-09-02T17:12:07.917392+00:00,17,2,KRW-STORJ,0.00428878
2026-09-02T17:12:07.917392+00:00,17,2,KRW-BONK,0.00194363
2026-09-02T17:12:07.917392+00:00,17,2,KRW-ETC,0.00302115
2026-09-02T17:12:07.917392+00:00,17,2,KRW-ESP,0.00873362
2026-09-02T17:12:07.917392+00:00,17,2,KRW-0G,0.00394477
2026-09-02T17:12:07.917392+00:00,17,2,KRW-META2,0.00746016
2026-09-02T17:12:07.917392+00:00,17,2,KRW-BSB,0.00682594
2026-09-02T17:12:07.917392+00:00,17,2,KRW-ERA,0.00123839
2026-09-02T17:12:07.917392+00:00,17,2,KRW-MIRA,0.00153965
2026-09-02T17:12:07.917392+00:00,17,2,KRW-SAND,0.00197433
2026-09-02T17:12:07.917392+00:00,17,2,KRW-PEPE,0.00429185
2026-09-02T17:12:07.917392+00:00,17,2,KRW-POL,0.00796813
2026-09-02T17:12:07.917392+00:00,17,2,KRW-STX,0.00281294
2026-09-02T17:12:07.917392+00:00,17,2,KRW-IRYS,0.00539084
2026-09-02T17:12:07.917392+00:00,17,2,KRW-AXS,0.00160128
2026-09-02T17:12:07.917392+00:00,17,2,KRW-TAO,0.00134363
2026-09-02T17:12:07.917392+00:00,17,2,KRW-ALGO,0.00796813
2026-09-02T17:12:07.917392+00:00,17,2,KRW-JTO,0.00347826
2026-09-02T17:12:07.917392+00:00,17,2,KRW-CC,0.00655738
2026-09-02T17:12:07.917392+00:00,17,2,KRW-BIRB,0.00380469
2026-09-02T17:12:07.917392+00:00,17,2,KRW-ME,0.00466744
2026-09-02T17:12:07.917392+00:00,17,2,KRW-SEI,0.00300300
2026-09-02T17:12:07.917392+00:00,17,2,KRW-ENS,0.00068989
2026-09-02T17:12:07.917392+00:00,17,2,KRW-ZRO,0.00217313
2026-09-02T17:12:07.917392+00:00,17,2,KRW-TRUMP,0.00033317
2026-09-02T17:12:07.917392+00:00,17,2,KRW-XEC,0.00425080
2026-09-02T17:12:07.917392+00:00,17,2,KRW-RVN,0.00522193
2026-09-02T17:12:07.917392+00:00,17,2,KRW-ZAMA,0.00433213
2026-09-02T17:12:07.917392+00:00,17,2,KRW-GEOD,0.00332779
2026-09-02T17:12:07.917392+00:00,17,2,KRW-AKT,0.00437637
2026-09-02T17:12:07.917392+00:00,17,2,KRW-FIL,0.00272356
2026-09-02T17:12:07.917392+00:00,17,2,KRW-APT,0.00392413
2026-09-02T17:12:07.917392+00:00,17,2,KRW-DRV,0.00511509
2026-09-02T17:12:07.917392+00:00,17,2,KRW-ID,0.00455581
2026-09-02T17:12:07.917392+00:00,17,2,KRW-SOON,0.00775194
2026-09-02T17:12:07.917392+00:00,17,2,KRW-O,0.00135044
2026-09-02T17:12:07.917392+00:00,17,2,KRW-AVNT,0.00706714
2026-09-02T17:12:07.917392+00:00,17,2,KRW-TREE,0.00347222
2026-09-02T17:12:07.917392+00:00,17,2,KRW-KITE,0.01020408
2026-09-02T17:12:07.917392+00:00,17,2,KRW-BLEND,0.00351083
2026-09-02T17:12:07.917392+00:00,17,2,KRW-MANTRA,0.00496278
2026-09-02T17:12:07.917392+00:00,17,2,KRW-CFG,0.00701754
2026-09-02T17:12:07.917392+00:00,17,2,KRW-GAS,0.00183542
2026-09-02T17:12:07.917392+00:00,17,2,KRW-BERA,0.00412371
2026-09-02T17:12:07.917392+00:00,17,2,KRW-MEGA,0.00397614
2026-09-02T17:12:07.917392+00:00,17,2,KRW-SOPH,0.00759301
2026-09-02T17:12:07.917392+00:00,17,2,KRW-UP2,0.00140548
2026-09-02T17:12:07.917392+00:00,17,2,KRW-ZORA,0.00202020
2026-09-02T17:12:07.917392+00:00,17,2,KRW-OPG,0.00727273
2026-09-02T17:12:07.917392+00:00,17,2,KRW-BSV,0.00415800
2026-09-02T17:12:07.917392+00:00,17,2,KRW-HYPER,0.00443951
2026-09-02T17:12:07.917392+00:00,17,2,KRW-TRAC,0.00227015
2026-09-02T17:12:07.917392+00:00,17,2,KRW-IN,0.00432900
2026-09-02T17:12:07.917392+00:00,17,2,KRW-ATH,0.00159363
2026-09-02T17:12:07.917392+00:00,17,2,KRW-ETHFI,0.00268456
2026-09-02T17:12:07.917392+00:00,17,2,KRW-MON,0.00568182
2026-09-02T17:12:07.917392+00:00,17,2,KRW-ZIL,0.01169591
2026-09-02T17:12:07.917392+00:00,17,2,KRW-B3,0.00483481
2026-09-02T17:12:07.917392+00:00,17,2,KRW-ELSA,0.00314961
2026-09-02T17:12:07.917392+00:00,17,2,KRW-JUP,0.00340716
2026-09-02T17:12:07.917392+00:00,17,2,KRW-SIGN,0.00796813
2026-09-02T17:12:07.917392+00:00,17,2,KRW-FLOCK,0.00387597
2026-09-02T17:12:07.917392+00:00,17,2,KRW-DEEP,0.00511509
2026-09-02T17:12:07.917392+00:00,17,2,KRW-G,0.00392927
2026-09-02T17:12:07.917392+00:00,17,2,KRW-INJ,0.00861057
2026-09-02T17:12:07.917392+00:00,17,2,KRW-VVV,0.00320293
2026-09-02T17:12:07.917392+00:00,17,2,KRW-BIGTIME,0.00225989
2026-09-02T17:12:07.917392+00:00,17,2,KRW-BIO,0.00574713
2026-09-02T17:12:07.917392+00:00,17,2,KRW-RENDER,0.00414293
2026-09-02T17:12:07.917392+00:00,17,2,KRW-BARD,0.00600601
2026-09-02T17:12:07.917392+00:00,17,2,KRW-CHZ,0.00542005
2026-09-02T17:12:07.917392+00:00,17,2,KRW-LSK,0.00743494
2026-09-02T17:12:07.917392+00:00,17,2,KRW-CRO,0.00405132
2026-09-02T17:12:07.917392+00:00,17,2,KRW-VANA,0.00246812
2026-09-02T17:12:07.917392+00:00,17,2,KRW-LAYER,0.00323102
2026-09-02T17:12:07.917392+00:00,17,2,KRW-RED,0.00634921
2026-09-02T17:12:07.917392+00:00,17,2,KRW-DOT,0.00341006
2026-09-02T17:12:07.917392+00:00,17,2,KRW-ATOM,0.00250313
2026-09-02T17:12:07.917392+00:00,17,2,KRW-DOOD,0.01092896
2026-09-02T17:12:07.917392+00:00,17,2,KRW-XAUT,0.00199568
2026-09-02T17:12:07.917392+00:00,17,2,KRW-BORA,0.00328407
2026-09-02T17:12:07.917392+00:00,17,2,KRW-AWE,0.00236407
2026-09-02T17:12:07.917392+00:00,17,2,KRW-WAVES,0.00333890
2026-09-02T17:12:07.917392+00:00,17,2,KRW-ZKP,0.00307220
2026-09-02T17:12:07.917392+00:00,17,2,KRW-EDGE,0.00325203
2026-09-02T17:12:07.917392+00:00,17,2,KRW-ELF,0.00786075
2026-09-02T17:12:07.917392+00:00,17,2,KRW-AI,0.00760456
2026-09-02T17:12:07.917392+00:00,17,2,KRW-SNT,0.00112296
2026-09-02T17:12:07.917392+00:00,17,2,KRW-OPEN,0.01204819
2026-09-02T17:12:07.917392+00:00,17,2,KRW-SKR,0.00302572
2026-09-02T17:12:07.917392+00:00,17,2,KRW-MET2,0.00757576
2026-09-02T17:12:07.917392+00:00,17,2,KRW-FF,0.00687285
2026-09-02T17:12:07.917392+00:00,17,2,KRW-KAT,0.00162999
2026-09-02T17:12:07.917392+00:00,17,2,KRW-W,0.01526718
2026-09-02T17:12:07.917392+00:00,17,2,KRW-PENDLE,0.00162602
2026-09-02T17:12:07.917392+00:00,17,2,KRW-SPK,0.00724638
2026-09-02T17:12:07.917392+00:00,17,2,KRW-PYTH,0.00251256
2026-09-02T17:12:07.917392+00:00,17,2,KRW-STEEM,0.00511509
2026-09-02T17:12:07.917392+00:00,17,2,KRW-COW,0.01149425
2026-09-02T17:13:10.682135+00:00,17,2,KRW-SHIB,0.00140351
2026-09-02T17:13:10.682135+00:00,17,2,KRW-KAITO,0.00240674
2026-09-02T17:13:10.682135+00:00,17,2,KRW-SUI,0.00201816
2026-09-02T17:13:10.682135+00:00,17,2,KRW-MMT,0.00461894
2026-09-02T17:13:10.682135+00:00,17,2,KRW-LINK,0.00131406
2026-09-02T17:13:10.682135+00:00,17,2,KRW-PUMP,0.00357782
2026-09-02T17:13:10.682135+00:00,17,2,KRW-NEAR,0.00118273
2026-09-02T17:13:10.682135+00:00,17,2,KRW-ZBT,0.00873362
2026-09-02T17:13:10.682135+00:00,17,2,KRW-LA,0.00115009
2026-09-02T17:13:10.682135+00:00,17,2,KRW-CHIP,0.00180018
2026-09-02T17:13:10.682135+00:00,17,2,KRW-QUID,0.00337268
2026-09-02T17:13:10.682135+00:00,17,2,KRW-PENGU,0.00888889
2026-09-02T17:13:10.682135+00:00,17,2,KRW-AVAX,0.00152711
2026-09-02T17:13:10.682135+00:00,17,2,KRW-VIRTUAL,0.00323799
2026-09-02T17:13:10.682135+00:00,17,2,KRW-MOVE,0.00851064
2026-09-02T17:13:10.682135+00:00,17,2,KRW-UNI,0.00125471
2026-09-02T17:13:10.682135+00:00,17,2,KRW-PIEVERSE,0.00066423
2026-09-02T17:13:10.682135+00:00,17,2,KRW-PRL,0.00519481
2026-09-02T17:13:10.682135+00:00,17,2,KRW-HBAR,0.00995025
2026-09-02T17:13:10.682135+00:00,17,2,KRW-ONT,0.00554017
2026-09-02T17:13:10.682135+00:00,17,2,KRW-ENSO,0.00338409
2026-09-02T17:13:10.682135+00:00,17,2,KRW-XPL,0.00888889
2026-09-02T17:13:10.682135+00:00,17,2,KRW-SAHARA,0.00865801
2026-09-02T17:13:10.682135+00:00,17,2,KRW-AAVE,0.00172166
2026-09-02T17:13:10.682135+00:00,17,2,KRW-ARX,0.00576369
2026-09-02T17:13:10.682135+00:00,17,2,KRW-TRX,0.00224467
2026-09-02T17:13:10.682135+00:00,17,2,KRW-HOLO,0.00116891
2026-09-02T17:13:10.682135+00:00,17,2,KRW-WLFI,0.00129116
2026-09-02T17:13:10.682135+00:00,17,2,KRW-BCH,0.00150173
2026-09-02T17:13:10.682135+00:00,17,2,KRW-DATA,0.00385356
2026-09-02T17:13:10.682135+00:00,17,2,KRW-PLUME,0.00514139
2026-09-02T17:13:10.682135+00:00,17,2,KRW-ARB,0.00600601
2026-09-02T17:13:10.682135+00:00,17,2,KRW-STORJ,0.00428878
2026-09-02T17:13:10.682135+00:00,17,2,KRW-BONK,0.00194363
2026-09-02T17:13:10.682135+00:00,17,2,KRW-ETC,0.00302115
2026-09-02T17:13:10.682135+00:00,17,2,KRW-ESP,0.00873362
2026-09-02T17:13:10.682135+00:00,17,2,KRW-0G,0.00790514
2026-09-02T17:13:10.682135+00:00,17,2,KRW-META2,0.00746016
2026-09-02T17:13:10.682135+00:00,17,2,KRW-BSB,0.01369863
2026-09-02T17:13:10.682135+00:00,17,2,KRW-ERA,0.00123839
2026-09-02T17:13:10.682135+00:00,17,2,KRW-MIRA,0.00307692
2026-09-02T17:13:10.682135+00:00,17,2,KRW-SAND,0.00197044
2026-09-02T17:13:10.682135+00:00,17,2,KRW-PEPE,0.00214823
2026-09-02T17:13:10.682135+00:00,17,2,KRW-POL,0.00796813
2026-09-02T17:13:10.682135+00:00,17,2,KRW-STX,0.00281294
2026-09-02T17:13:10.682135+00:00,17,2,KRW-IRYS,0.00539084
2026-09-02T17:13:10.682135+00:00,17,2,KRW-AXS,0.00240288
2026-09-02T17:13:10.682135+00:00,17,2,KRW-TAO,0.00235255
2026-09-02T17:13:10.682135+00:00,17,2,KRW-ALGO,0.00796813
2026-09-02T17:13:10.682135+00:00,17,2,KRW-JTO,0.00348432
2026-09-02T17:13:10.682135+00:00,17,2,KRW-CC,0.00655738
2026-09-02T17:13:10.682135+00:00,17,2,KRW-BIRB,0.00254130
2026-09-02T17:13:10.682135+00:00,17,2,KRW-ME,0.00349854
2026-09-02T17:13:10.682135+00:00,17,2,KRW-SEI,0.00300300
2026-09-02T17:13:10.682135+00:00,17,2,KRW-ENS,0.00138026
2026-09-02T17:13:10.682135+00:00,17,2,KRW-ZRO,0.00217313
2026-09-02T17:13:10.682135+00:00,17,2,KRW-TRUMP,0.00066756
2026-09-02T17:13:10.682135+00:00,17,2,KRW-XEC,0.00318979
2026-09-02T17:13:10.682135+00:00,17,2,KRW-RVN,0.00522193
2026-09-02T17:13:10.682135+00:00,17,2,KRW-ZAMA,0.00433213
2026-09-02T17:13:10.682135+00:00,17,2,KRW-GEOD,0.00332779
2026-09-02T17:13:10.682135+00:00,17,2,KRW-AKT,0.00437637
2026-09-02T17:13:10.682135+00:00,17,2,KRW-FIL,0.00181324
2026-09-02T17:13:10.682135+00:00,17,2,KRW-APT,0.00261780
2026-09-02T17:13:10.682135+00:00,17,2,KRW-DRV,0.00511509
2026-09-02T17:13:10.682135+00:00,17,2,KRW-ID,0.00456621
2026-09-02T17:13:10.682135+00:00,17,2,KRW-SOON,0.00775194
2026-09-02T17:13:10.682135+00:00,17,2,KRW-O,0.00269906
2026-09-02T17:13:10.682135+00:00,17,2,KRW-AVNT,0.00711744
2026-09-02T17:13:10.682135+00:00,17,2,KRW-TREE,0.00346620
2026-09-02T17:13:10.682135+00:00,17,2,KRW-KITE,0.00508906
2026-09-02T17:13:10.682135+00:00,17,2,KRW-BLEND,0.00351083
2026-09-02T17:13:10.682135+00:00,17,2,KRW-MANTRA,0.00496278
2026-09-02T17:13:10.682135+00:00,17,2,KRW-CFG,0.00701754
2026-09-02T17:13:10.682135+00:00,17,2,KRW-GAS,0.00183542
2026-09-02T17:13:10.682135+00:00,17,2,KRW-BERA,0.00412371
2026-09-02T17:13:10.682135+00:00,17,2,KRW-MEGA,0.00397614
2026-09-02T17:13:10.682135+00:00,17,2,KRW-SOPH,0.00759301
2026-09-02T17:13:10.682135+00:00,17,2,KRW-UP2,0.00140548
2026-09-02T17:13:10.682135+00:00,17,2,KRW-ZORA,0.00202224
2026-09-02T17:13:10.682135+00:00,17,2,KRW-OPG,0.00727273
2026-09-02T17:13:10.682135+00:00,17,2,KRW-BSV,0.00369515
2026-09-02T17:13:10.682135+00:00,17,2,KRW-HYPER,0.00332779
2026-09-02T17:13:10.682135+00:00,17,2,KRW-TRAC,0.00227015
2026-09-02T17:13:10.682135+00:00,17,2,KRW-IN,0.00432900
2026-09-02T17:13:10.682135+00:00,17,2,KRW-ATH,0.00318471
2026-09-02T17:13:10.682135+00:00,17,2,KRW-ETHFI,0.00268817
2026-09-02T17:13:10.682135+00:00,17,2,KRW-MON,0.00284495
2026-09-02T17:13:10.682135+00:00,17,2,KRW-ZIL,0.01169591
2026-09-02T17:13:10.682135+00:00,17,2,KRW-B3,0.00483481
2026-09-02T17:13:10.682135+00:00,17,2,KRW-ELSA,0.00314961
2026-09-02T17:13:10.682135+00:00,17,2,KRW-JUP,0.00340716
2026-09-02T17:13:10.682135+00:00,17,2,KRW-SIGN,0.00796813
2026-09-02T17:13:10.682135+00:00,17,2,KRW-FLOCK,0.00194363
2026-09-02T17:13:10.682135+00:00,17,2,KRW-DEEP,0.00511509
2026-09-02T17:13:10.682135+00:00,17,2,KRW-G,0.00392927
2026-09-02T17:13:10.682135+00:00,17,2,KRW-INJ,0.00861057
2026-09-02T17:13:10.682135+00:00,17,2,KRW-VVV,0.00274977
2026-09-02T17:13:10.682135+00:00,17,2,KRW-BIGTIME,0.00225989
2026-09-02T17:13:10.682135+00:00,17,2,KRW-BIO,0.00574713
2026-09-02T17:13:10.682135+00:00,17,2,KRW-RENDER,0.00362413
2026-09-02T17:13:10.682135+00:00,17,2,KRW-BARD,0.00600601
2026-09-02T17:13:10.682135+00:00,17,2,KRW-CHZ,0.00542005
2026-09-02T17:13:10.682135+00:00,17,2,KRW-LSK,0.00743494
2026-09-02T17:13:10.682135+00:00,17,2,KRW-CRO,0.00405132
2026-09-02T17:13:10.682135+00:00,17,2,KRW-VANA,0.00328947
2026-09-02T17:13:10.682135+00:00,17,2,KRW-LAYER,0.00215517
2026-09-02T17:13:10.682135+00:00,17,2,KRW-RED,0.00634921
2026-09-02T17:13:10.682135+00:00,17,2,KRW-DOT,0.00256082
2026-09-02T17:13:10.682135+00:00,17,2,KRW-ATOM,0.00200300
2026-09-02T17:13:10.682135+00:00,17,2,KRW-DOOD,0.01092896
2026-09-02T17:13:10.682135+00:00,17,2,KRW-XAUT,0.00232635
2026-09-02T17:13:10.682135+00:00,17,2,KRW-BORA,0.00328407
2026-09-02T17:13:10.682135+00:00,17,2,KRW-AWE,0.00236407
2026-09-02T17:13:10.682135+00:00,17,2,KRW-WAVES,0.00333890
2026-09-02T17:13:10.682135+00:00,17,2,KRW-ZKP,0.00307692
2026-09-02T17:13:10.682135+00:00,17,2,KRW-EDGE,0.00433839
2026-09-02T17:13:10.682135+00:00,17,2,KRW-ELF,0.00560852
2026-09-02T17:13:10.682135+00:00,17,2,KRW-AI,0.00760456
2026-09-02T17:13:10.682135+00:00,17,2,KRW-SNT,0.00112296
2026-09-02T17:13:10.682135+00:00,17,2,KRW-OPEN,0.00604230
2026-09-02T17:13:10.682135+00:00,17,2,KRW-SKR,0.00606061
2026-09-02T17:13:10.682135+00:00,17,2,KRW-MET2,0.00757576
2026-09-02T17:13:10.682135+00:00,17,2,KRW-FF,0.00687285
2026-09-02T17:13:10.682135+00:00,17,2,KRW-KAT,0.00326264
2026-09-02T17:13:10.682135+00:00,17,2,KRW-W,0.01526718
2026-09-02T17:13:10.682135+00:00,17,2,KRW-PENDLE,0.00203376
2026-09-02T17:13:10.682135+00:00,17,2,KRW-SPK,0.00724638
2026-09-02T17:13:10.682135+00:00,17,2,KRW-PYTH,0.00251889
2026-09-02T17:13:10.682135+00:00,17,2,KRW-STEEM,0.00511509
2026-09-02T17:13:10.682135+00:00,17,2,KRW-COW,0.01149425
2026-09-02T17:14:13.438345+00:00,17,2,KRW-SHIB,0.00140351
2026-09-02T17:14:13.438345+00:00,17,2,KRW-KAITO,0.00240674
2026-09-02T17:14:13.438345+00:00,17,2,KRW-SUI,0.00201816
2026-09-02T17:14:13.438345+00:00,17,2,KRW-MMT,0.00461894
2026-09-02T17:14:13.438345+00:00,17,2,KRW-LINK,0.00196915
2026-09-02T17:14:13.438345+00:00,17,2,KRW-PUMP,0.00178731
2026-09-02T17:14:13.438345+00:00,17,2,KRW-NEAR,0.00157729
2026-09-02T17:14:13.438345+00:00,17,2,KRW-ZBT,0.00873362
2026-09-02T17:14:13.438345+00:00,17,2,KRW-LA,0.00344234
2026-09-02T17:14:13.438345+00:00,17,2,KRW-CHIP,0.00180018
2026-09-02T17:14:13.438345+00:00,17,2,KRW-QUID,0.00337268
2026-09-02T17:14:13.438345+00:00,17,2,KRW-PENGU,0.00888889
2026-09-02T17:14:13.438345+00:00,17,2,KRW-AVAX,0.00152711
2026-09-02T17:14:13.438345+00:00,17,2,KRW-VIRTUAL,0.00215983
2026-09-02T17:14:13.438345+00:00,17,2,KRW-MOVE,0.00851064
2026-09-02T17:14:13.438345+00:00,17,2,KRW-UNI,0.00062755
2026-09-02T17:14:13.438345+00:00,17,2,KRW-PIEVERSE,0.00266134
2026-09-02T17:14:13.438345+00:00,17,2,KRW-PRL,0.00519481
2026-09-02T17:14:13.438345+00:00,17,2,KRW-HBAR,0.00995025
2026-09-02T17:14:13.438345+00:00,17,2,KRW-ONT,0.00276243
2026-09-02T17:14:13.438345+00:00,17,2,KRW-ENSO,0.00423191
2026-09-02T17:14:13.438345+00:00,17,2,KRW-XPL,0.00888889
2026-09-02T17:14:13.438345+00:00,17,2,KRW-SAHARA,0.00865801
2026-09-02T17:14:13.438345+00:00,17,2,KRW-AAVE,0.00172166
2026-09-02T17:14:13.438345+00:00,17,2,KRW-ARX,0.00576369
2026-09-02T17:14:13.438345+00:00,17,2,KRW-TRX,0.00224467
2026-09-02T17:14:13.438345+00:00,17,2,KRW-HOLO,0.00233918
2026-09-02T17:14:13.438345+00:00,17,2,KRW-WLFI,0.00258065
2026-09-02T17:14:13.438345+00:00,17,2,KRW-BCH,0.00150218
2026-09-02T17:14:13.438345+00:00,17,2,KRW-DATA,0.00385356
2026-09-02T17:14:13.438345+00:00,17,2,KRW-PLUME,0.00516796
2026-09-02T17:14:13.438345+00:00,17,2,KRW-ARB,0.00604230
2026-09-02T17:14:13.438345+00:00,17,2,KRW-STORJ,0.00572246
2026-09-02T17:14:13.438345+00:00,17,2,KRW-BONK,0.00194363
2026-09-02T17:14:13.438345+00:00,17,2,KRW-ETC,0.00201511
2026-09-02T17:14:13.438345+00:00,17,2,KRW-ESP,0.00873362
2026-09-02T17:14:13.438345+00:00,17,2,KRW-0G,0.00396040
2026-09-02T17:14:13.438345+00:00,17,2,KRW-META2,0.00746016
2026-09-02T17:14:13.438345+00:00,17,2,KRW-BSB,0.00687285
2026-09-02T17:14:13.438345+00:00,17,2,KRW-ERA,0.00123839
2026-09-02T17:14:13.438345+00:00,17,2,KRW-MIRA,0.00307692
2026-09-02T17:14:13.438345+00:00,17,2,KRW-SAND,0.00197044
2026-09-02T17:14:13.438345+00:00,17,2,KRW-PEPE,0.00214823
2026-09-02T17:14:13.438345+00:00,17,2,KRW-POL,0.00796813
2026-09-02T17:14:13.438345+00:00,17,2,KRW-STX,0.00281294
2026-09-02T17:14:13.438345+00:00,17,2,KRW-IRYS,0.00539084
2026-09-02T17:14:13.438345+00:00,17,2,KRW-AXS,0.00160128
2026-09-02T17:14:13.438345+00:00,17,2,KRW-TAO,0.00201681
2026-09-02T17:14:13.438345+00:00,17,2,KRW-ALGO,0.00796813
2026-09-02T17:14:13.438345+00:00,17,2,KRW-JTO,0.00348432
2026-09-02T17:14:13.438345+00:00,17,2,KRW-CC,0.00655738
2026-09-02T17:14:13.438345+00:00,17,2,KRW-BIRB,0.00127146
2026-09-02T17:14:13.438345+00:00,17,2,KRW-ME,0.00350263
2026-09-02T17:14:13.438345+00:00,17,2,KRW-SEI,0.00300300
2026-09-02T17:14:13.438345+00:00,17,2,KRW-ENS,0.00138026
2026-09-02T17:14:13.438345+00:00,17,2,KRW-ZRO,0.00217470
2026-09-02T17:14:13.438345+00:00,17,2,KRW-TRUMP,0.00166861
2026-09-02T17:14:13.438345+00:00,17,2,KRW-XEC,0.00319319
2026-09-02T17:14:13.438345+00:00,17,2,KRW-RVN,0.00522193
2026-09-02T17:14:13.438345+00:00,17,2,KRW-ZAMA,0.00433839
2026-09-02T17:14:13.438345+00:00,17,2,KRW-GEOD,0.00332779
2026-09-02T17:14:13.438345+00:00,17,2,KRW-AKT,0.00437637
2026-09-02T17:14:13.438345+00:00,17,2,KRW-FIL,0.00181984
2026-09-02T17:14:13.438345+00:00,17,2,KRW-APT,0.00261780
2026-09-02T17:14:13.438345+00:00,17,2,KRW-DRV,0.00511509
2026-09-02T17:14:13.438345+00:00,17,2,KRW-ID,0.00684151
2026-09-02T17:14:13.438345+00:00,17,2,KRW-SOON,0.00775194
2026-09-02T17:14:13.438345+00:00,17,2,KRW-O,0.00269542
2026-09-02T17:14:13.438345+00:00,17,2,KRW-AVNT,0.00711744
2026-09-02T17:14:13.438345+00:00,17,2,KRW-TREE,0.00346620
2026-09-02T17:14:13.438345+00:00,17,2,KRW-KITE,0.01020408
2026-09-02T17:14:13.438345+00:00,17,2,KRW-BLEND,0.00351083
2026-09-02T17:14:13.438345+00:00,17,2,KRW-MANTRA,0.00330579
2026-09-02T17:14:13.438345+00:00,17,2,KRW-CFG,0.00701754
2026-09-02T17:14:13.438345+00:00,17,2,KRW-GAS,0.00244798
2026-09-02T17:14:13.438345+00:00,17,2,KRW-BERA,0.00412371
2026-09-02T17:14:13.438345+00:00,17,2,KRW-MEGA,0.00398406
2026-09-02T17:14:13.438345+00:00,17,2,KRW-SOPH,0.00759301
2026-09-02T17:14:13.438345+00:00,17,2,KRW-UP2,0.00140548
2026-09-02T17:14:13.438345+00:00,17,2,KRW-ZORA,0.00404858
2026-09-02T17:14:13.438345+00:00,17,2,KRW-OPG,0.00727273
2026-09-02T17:14:13.438345+00:00,17,2,KRW-BSV,0.00369515
2026-09-02T17:14:13.438345+00:00,17,2,KRW-HYPER,0.00221976
2026-09-02T17:14:13.438345+00:00,17,2,KRW-TRAC,0.00227015
2026-09-02T17:14:13.438345+00:00,17,2,KRW-IN,0.00432900
2026-09-02T17:14:13.438345+00:00,17,2,KRW-ATH,0.00159363
2026-09-02T17:14:13.438345+00:00,17,2,KRW-ETHFI,0.00268817
2026-09-02T17:14:13.438345+00:00,17,2,KRW-MON,0.00284495
2026-09-02T17:14:13.438345+00:00,17,2,KRW-ZIL,0.01169591
2026-09-02T17:14:13.438345+00:00,17,2,KRW-B3,0.00483481
2026-09-02T17:14:13.438345+00:00,17,2,KRW-ELSA,0.00314961
2026-09-02T17:14:13.438345+00:00,17,2,KRW-JUP,0.00340716
2026-09-02T17:14:13.438345+00:00,17,2,KRW-SIGN,0.00796813
2026-09-02T17:14:13.438345+00:00,17,2,KRW-FLOCK,0.00193986
2026-09-02T17:14:13.438345+00:00,17,2,KRW-DEEP,0.00511509
2026-09-02T17:14:13.438345+00:00,17,2,KRW-G,0.00392927
2026-09-02T17:14:13.438345+00:00,17,2,KRW-INJ,0.00861057
2026-09-02T17:14:13.438345+00:00,17,2,KRW-VVV,0.00274977
2026-09-02T17:14:13.438345+00:00,17,2,KRW-BIGTIME,0.00339175
2026-09-02T17:14:13.438345+00:00,17,2,KRW-BIO,0.00574713
2026-09-02T17:14:13.438345+00:00,17,2,KRW-RENDER,0.00259134
2026-09-02T17:14:13.438345+00:00,17,2,KRW-BARD,0.00600601
2026-09-02T17:14:13.438345+00:00,17,2,KRW-CHZ,0.00542005
2026-09-02T17:14:13.438345+00:00,17,2,KRW-LSK,0.00743494
2026-09-02T17:14:13.438345+00:00,17,2,KRW-CRO,0.00405132
2026-09-02T17:14:13.438345+00:00,17,2,KRW-VANA,0.00328947
2026-09-02T17:14:13.438345+00:00,17,2,KRW-LAYER,0.00215517
2026-09-02T17:14:13.438345+00:00,17,2,KRW-RED,0.00634921
2026-09-02T17:14:13.438345+00:00,17,2,KRW-DOT,0.00256082
2026-09-02T17:14:13.438345+00:00,17,2,KRW-ATOM,0.00200300
2026-09-02T17:14:13.438345+00:00,17,2,KRW-DOOD,0.01092896
2026-09-02T17:14:13.438345+00:00,17,2,KRW-XAUT,0.00166196
2026-09-02T17:14:13.438345+00:00,17,2,KRW-BORA,0.00328407
2026-09-02T17:14:13.438345+00:00,17,2,KRW-AWE,0.00118273
2026-09-02T17:14:13.438345+00:00,17,2,KRW-WAVES,0.00333890
2026-09-02T17:14:13.438345+00:00,17,2,KRW-ZKP,0.00308166
2026-09-02T17:14:13.438345+00:00,17,2,KRW-EDGE,0.00433839
2026-09-02T17:14:13.438345+00:00,17,2,KRW-ELF,0.00560852
2026-09-02T17:14:13.438345+00:00,17,2,KRW-AI,0.00760456
2026-09-02T17:14:13.438345+00:00,17,2,KRW-SNT,0.00112296
2026-09-02T17:14:13.438345+00:00,17,2,KRW-OPEN,0.00604230
2026-09-02T17:14:13.438345+00:00,17,2,KRW-SKR,0.00303490
2026-09-02T17:14:13.438345+00:00,17,2,KRW-MET2,0.00757576
2026-09-02T17:14:13.438345+00:00,17,2,KRW-FF,0.00687285
2026-09-02T17:14:13.438345+00:00,17,2,KRW-KAT,0.00326264
2026-09-02T17:14:13.438345+00:00,17,2,KRW-W,0.01526718
2026-09-02T17:14:13.438345+00:00,17,2,KRW-PENDLE,0.00162602
2026-09-02T17:14:13.438345+00:00,17,2,KRW-SPK,0.00724638
2026-09-02T17:14:13.438345+00:00,17,2,KRW-PYTH,0.00251572
2026-09-02T17:14:13.438345+00:00,17,2,KRW-STEEM,0.00341297
2026-09-02T17:14:13.438345+00:00,17,2,KRW-COW,0.01149425
2026-09-02T17:15:16.616448+00:00,17,2,KRW-SHIB,0.00140351
2026-09-02T17:15:16.616448+00:00,17,2,KRW-KAITO,0.00240674
2026-09-02T17:15:16.616448+00:00,17,2,KRW-SUI,0.00100857
2026-09-02T17:15:16.616448+00:00,17,2,KRW-MMT,0.00461894
2026-09-02T17:15:16.616448+00:00,17,2,KRW-LINK,0.00196915
2026-09-02T17:15:16.616448+00:00,17,2,KRW-PUMP,0.00357782
2026-09-02T17:15:16.616448+00:00,17,2,KRW-NEAR,0.00118227
2026-09-02T17:15:16.616448+00:00,17,2,KRW-ZBT,0.00873362
2026-09-02T17:15:16.616448+00:00,17,2,KRW-LA,0.00344630
2026-09-02T17:15:16.616448+00:00,17,2,KRW-CHIP,0.00359712
2026-09-02T17:15:16.616448+00:00,17,2,KRW-QUID,0.00337268
2026-09-02T17:15:16.616448+00:00,17,2,KRW-PENGU,0.00888889
2026-09-02T17:15:16.616448+00:00,17,2,KRW-AVAX,0.00152711
2026-09-02T17:15:16.616448+00:00,17,2,KRW-VIRTUAL,0.00215750
2026-09-02T17:15:16.616448+00:00,17,2,KRW-MOVE,0.00851064
2026-09-02T17:15:16.616448+00:00,17,2,KRW-UNI,0.00188029
2026-09-02T17:15:16.616448+00:00,17,2,KRW-PIEVERSE,0.00199667
2026-09-02T17:15:16.616448+00:00,17,2,KRW-PRL,0.00519481
2026-09-02T17:15:16.616448+00:00,17,2,KRW-HBAR,0.00995025
2026-09-02T17:15:16.616448+00:00,17,2,KRW-ONT,0.00414651
2026-09-02T17:15:16.616448+00:00,17,2,KRW-ENSO,0.00254130
2026-09-02T17:15:16.616448+00:00,17,2,KRW-XPL,0.00888889
2026-09-02T17:15:16.616448+00:00,17,2,KRW-SAHARA,0.00865801
2026-09-02T17:15:16.616448+00:00,17,2,KRW-AAVE,0.00172265
2026-09-02T17:15:16.616448+00:00,17,2,KRW-ARX,0.00576369
2026-09-02T17:15:16.616448+00:00,17,2,KRW-TRX,0.00224467
2026-09-02T17:15:16.616448+00:00,17,2,KRW-HOLO,0.00233918
2026-09-02T17:15:16.616448+00:00,17,2,KRW-WLFI,0.00128949
2026-09-02T17:15:16.616448+00:00,17,2,KRW-BCH,0.00120192
2026-09-02T17:15:16.616448+00:00,17,2,KRW-DATA,0.00385356
2026-09-02T17:15:16.616448+00:00,17,2,KRW-PLUME,0.00516796
2026-09-02T17:15:16.616448+00:00,17,2,KRW-ARB,0.00600601
2026-09-02T17:15:16.616448+00:00,17,2,KRW-STORJ,0.00999286
2026-09-02T17:15:16.616448+00:00,17,2,KRW-BONK,0.00194742
2026-09-02T17:15:16.616448+00:00,17,2,KRW-ETC,0.00201511
2026-09-02T17:15:16.616448+00:00,17,2,KRW-ESP,0.00873362
2026-09-02T17:15:16.616448+00:00,17,2,KRW-0G,0.00396040
2026-09-02T17:15:16.616448+00:00,17,2,KRW-META2,0.00746016
2026-09-02T17:15:16.616448+00:00,17,2,KRW-BSB,0.00687285
2026-09-02T17:15:16.616448+00:00,17,2,KRW-ERA,0.00123839
2026-09-02T17:15:16.616448+00:00,17,2,KRW-MIRA,0.00154202
2026-09-02T17:15:16.616448+00:00,17,2,KRW-SAND,0.00197044
2026-09-02T17:15:16.616448+00:00,17,2,KRW-PEPE,0.00214823
2026-09-02T17:15:16.616448+00:00,17,2,KRW-POL,0.00796813
2026-09-02T17:15:16.616448+00:00,17,2,KRW-STX,0.00281294
2026-09-02T17:15:16.616448+00:00,17,2,KRW-IRYS,0.00539084
2026-09-02T17:15:16.616448+00:00,17,2,KRW-AXS,0.00320513
2026-09-02T17:15:16.616448+00:00,17,2,KRW-TAO,0.00134409
2026-09-02T17:15:16.616448+00:00,17,2,KRW-ALGO,0.00796813
2026-09-02T17:15:16.616448+00:00,17,2,KRW-JTO,0.00348432
2026-09-02T17:15:16.616448+00:00,17,2,KRW-CC,0.00655738
2026-09-02T17:15:16.616448+00:00,17,2,KRW-BIRB,0.00254453
2026-09-02T17:15:16.616448+00:00,17,2,KRW-ME,0.00233372
2026-09-02T17:15:16.616448+00:00,17,2,KRW-SEI,0.00300300
2026-09-02T17:15:16.616448+00:00,17,2,KRW-ENS,0.00138026
2026-09-02T17:15:16.616448+00:00,17,2,KRW-ZRO,0.00217470
2026-09-02T17:15:16.616448+00:00,17,2,KRW-TRUMP,0.00100083
2026-09-02T17:15:16.616448+00:00,17,2,KRW-XEC,0.00319319
2026-09-02T17:15:16.616448+00:00,17,2,KRW-RVN,0.00522193
2026-09-02T17:15:16.616448+00:00,17,2,KRW-ZAMA,0.00433839
2026-09-02T17:15:16.616448+00:00,17,2,KRW-GEOD,0.00332779
2026-09-02T17:15:16.616448+00:00,17,2,KRW-AKT,0.00437637
2026-09-02T17:15:16.616448+00:00,17,2,KRW-FIL,0.00181488
2026-09-02T17:15:16.616448+00:00,17,2,KRW-APT,0.00261780
2026-09-02T17:15:16.616448+00:00,17,2,KRW-DRV,0.00511509
2026-09-02T17:15:16.616448+00:00,17,2,KRW-ID,0.00684151
2026-09-02T17:15:16.616448+00:00,17,2,KRW-SOON,0.00386847
2026-09-02T17:15:16.616448+00:00,17,2,KRW-O,0.00403497
2026-09-02T17:15:16.616448+00:00,17,2,KRW-AVNT,0.00711744
2026-09-02T17:15:16.616448+00:00,17,2,KRW-TREE,0.00346620
2026-09-02T17:15:16.616448+00:00,17,2,KRW-KITE,0.00508906
2026-09-02T17:15:16.616448+00:00,17,2,KRW-BLEND,0.00351083
2026-09-02T17:15:16.616448+00:00,17,2,KRW-MANTRA,0.00496278
2026-09-02T17:15:16.616448+00:00,17,2,KRW-CFG,0.01398601
2026-09-02T17:15:16.616448+00:00,17,2,KRW-GAS,0.00244798
2026-09-02T17:15:16.616448+00:00,17,2,KRW-BERA,0.00412371
2026-09-02T17:15:16.616448+00:00,17,2,KRW-MEGA,0.00398406
2026-09-02T17:15:16.616448+00:00,17,2,KRW-SOPH,0.00607903
2026-09-02T17:15:16.616448+00:00,17,2,KRW-UP2,0.00280505
2026-09-02T17:15:16.616448+00:00,17,2,KRW-ZORA,0.00301659
2026-09-02T17:15:16.616448+00:00,17,2,KRW-OPG,0.00727273
2026-09-02T17:15:16.616448+00:00,17,2,KRW-BSV,0.00369515
2026-09-02T17:15:16.616448+00:00,17,2,KRW-HYPER,0.00221976
2026-09-02T17:15:16.616448+00:00,17,2,KRW-TRAC,0.00227015
2026-09-02T17:15:16.616448+00:00,17,2,KRW-IN,0.00432900
2026-09-02T17:15:16.616448+00:00,17,2,KRW-ATH,0.00159363
2026-09-02T17:15:16.616448+00:00,17,2,KRW-ETHFI,0.00268817
2026-09-02T17:15:16.616448+00:00,17,2,KRW-MON,0.00568182
2026-09-02T17:15:16.616448+00:00,17,2,KRW-ZIL,0.01169591
2026-09-02T17:15:16.616448+00:00,17,2,KRW-B3,0.00483481
2026-09-02T17:15:16.616448+00:00,17,2,KRW-ELSA,0.00314961
2026-09-02T17:15:16.616448+00:00,17,2,KRW-JUP,0.00340716
2026-09-02T17:15:16.616448+00:00,17,2,KRW-SIGN,0.00796813
2026-09-02T17:15:16.616448+00:00,17,2,KRW-FLOCK,0.00388350
2026-09-02T17:15:16.616448+00:00,17,2,KRW-DEEP,0.00511509
2026-09-02T17:15:16.616448+00:00,17,2,KRW-G,0.00392927
2026-09-02T17:15:16.616448+00:00,17,2,KRW-INJ,0.00861057
2026-09-02T17:15:16.616448+00:00,17,2,KRW-VVV,0.00457875
2026-09-02T17:15:16.616448+00:00,17,2,KRW-BIGTIME,0.00225989
2026-09-02T17:15:16.616448+00:00,17,2,KRW-BIO,0.00574713
2026-09-02T17:15:16.616448+00:00,17,2,KRW-RENDER,0.00207361
2026-09-02T17:15:16.616448+00:00,17,2,KRW-BARD,0.00600601
2026-09-02T17:15:16.616448+00:00,17,2,KRW-CHZ,0.00542005
2026-09-02T17:15:16.616448+00:00,17,2,KRW-LSK,0.00743494
2026-09-02T17:15:16.616448+00:00,17,2,KRW-CRO,0.00405132
2026-09-02T17:15:16.616448+00:00,17,2,KRW-VANA,0.00246812
2026-09-02T17:15:16.616448+00:00,17,2,KRW-LAYER,0.00215517
2026-09-02T17:15:16.616448+00:00,17,2,KRW-RED,0.00634921
2026-09-02T17:15:16.616448+00:00,17,2,KRW-DOT,0.00256082
2026-09-02T17:15:16.616448+00:00,17,2,KRW-ATOM,0.00200200
2026-09-02T17:15:16.616448+00:00,17,2,KRW-DOOD,0.01092896
2026-09-02T17:15:16.616448+00:00,17,2,KRW-XAUT,0.00199468
2026-09-02T17:15:16.616448+00:00,17,2,KRW-BORA,0.00328407
2026-09-02T17:15:16.616448+00:00,17,2,KRW-AWE,0.00118273
2026-09-02T17:15:16.616448+00:00,17,2,KRW-WAVES,0.00333890
2026-09-02T17:15:16.616448+00:00,17,2,KRW-ZKP,0.00461894
2026-09-02T17:15:16.616448+00:00,17,2,KRW-EDGE,0.00433839
2026-09-02T17:15:16.616448+00:00,17,2,KRW-ELF,0.00560852
2026-09-02T17:15:16.616448+00:00,17,2,KRW-AI,0.00760456
2026-09-02T17:15:16.616448+00:00,17,2,KRW-SNT,0.00112296
2026-09-02T17:15:16.616448+00:00,17,2,KRW-OPEN,0.00604230
2026-09-02T17:15:16.616448+00:00,17,2,KRW-SKR,0.00304414
2026-09-02T17:15:16.616448+00:00,17,2,KRW-MET2,0.00757576
2026-09-02T17:15:16.616448+00:00,17,2,KRW-FF,0.00687285
2026-09-02T17:15:16.616448+00:00,17,2,KRW-KAT,0.00326264
2026-09-02T17:15:16.616448+00:00,17,2,KRW-W,0.01526718
2026-09-02T17:15:16.616448+00:00,17,2,KRW-PENDLE,0.00202799
2026-09-02T17:15:16.616448+00:00,17,2,KRW-SPK,0.00724638
2026-09-02T17:15:16.616448+00:00,17,2,KRW-PYTH,0.00125865
2026-09-02T17:15:16.616448+00:00,17,2,KRW-STEEM,0.00341297
2026-09-02T17:15:16.616448+00:00,17,2,KRW-COW,0.01149425
2026-09-02T17:16:19.493164+00:00,17,2,KRW-SHIB,0.00140154
2026-09-02T17:16:19.493164+00:00,17,2,KRW-KAITO,0.00240674
2026-09-02T17:16:19.493164+00:00,17,2,KRW-SUI,0.00201613
2026-09-02T17:16:19.493164+00:00,17,2,KRW-MMT,0.00461894
2026-09-02T17:16:19.493164+00:00,17,2,KRW-LINK,0.00131234
2026-09-02T17:16:19.493164+00:00,17,2,KRW-PUMP,0.00357782
2026-09-02T17:16:19.493164+00:00,17,2,KRW-NEAR,0.00118087
2026-09-02T17:16:19.493164+00:00,17,2,KRW-ZBT,0.00873362
2026-09-02T17:16:19.493164+00:00,17,2,KRW-LA,0.00343840
2026-09-02T17:16:19.493164+00:00,17,2,KRW-CHIP,0.00359712
2026-09-02T17:16:19.493164+00:00,17,2,KRW-QUID,0.00337268
2026-09-02T17:16:19.493164+00:00,17,2,KRW-PENGU,0.00888889
2026-09-02T17:16:19.493164+00:00,17,2,KRW-AVAX,0.00203459
2026-09-02T17:16:19.493164+00:00,17,2,KRW-VIRTUAL,0.00323450
2026-09-02T17:16:19.493164+00:00,17,2,KRW-MOVE,0.00851064
2026-09-02T17:16:19.493164+00:00,17,2,KRW-UNI,0.00188029
2026-09-02T17:16:19.493164+00:00,17,2,KRW-PIEVERSE,0.00199667
2026-09-02T17:16:19.493164+00:00,17,2,KRW-PRL,0.00519481
2026-09-02T17:16:19.493164+00:00,17,2,KRW-HBAR,0.00995025
2026-09-02T17:16:19.493164+00:00,17,2,KRW-ONT,0.00276243
2026-09-02T17:16:19.493164+00:00,17,2,KRW-ENSO,0.00254130
2026-09-02T17:16:19.493164+00:00,17,2,KRW-XPL,0.00888889
2026-09-02T17:16:19.493164+00:00,17,2,KRW-SAHARA,0.00865801
2026-09-02T17:16:19.493164+00:00,17,2,KRW-AAVE,0.00229489
2026-09-02T17:16:19.493164+00:00,17,2,KRW-ARX,0.00576369
2026-09-02T17:16:19.493164+00:00,17,2,KRW-TRX,0.00224467
2026-09-02T17:16:19.493164+00:00,17,2,KRW-HOLO,0.00233918
2026-09-02T17:16:19.493164+00:00,17,2,KRW-WLFI,0.00257732
2026-09-02T17:16:19.493164+00:00,17,2,KRW-BCH,0.00150128
2026-09-02T17:16:19.493164+00:00,17,2,KRW-DATA,0.00385356
2026-09-02T17:16:19.493164+00:00,17,2,KRW-PLUME,0.00516796
2026-09-02T17:16:19.493164+00:00,17,2,KRW-ARB,0.00597015
2026-09-02T17:16:19.493164+00:00,17,2,KRW-STORJ,0.00999286
2026-09-02T17:16:19.493164+00:00,17,2,KRW-BONK,0.00194742
2026-09-02T17:16:19.493164+00:00,17,2,KRW-ETC,0.00251699
2026-09-02T17:16:19.493164+00:00,17,2,KRW-ESP,0.00873362
2026-09-02T17:16:19.493164+00:00,17,2,KRW-0G,0.00790514
2026-09-02T17:16:19.493164+00:00,17,2,KRW-META2,0.00677966
2026-09-02T17:16:19.493164+00:00,17,2,KRW-BSB,0.01369863
2026-09-02T17:16:19.493164+00:00,17,2,KRW-ERA,0.00123839
2026-09-02T17:16:19.493164+00:00,17,2,KRW-MIRA,0.00307692
2026-09-02T17:16:19.493164+00:00,17,2,KRW-SAND,0.00197044
2026-09-02T17:16:19.493164+00:00,17,2,KRW-PEPE,0.00214823
2026-09-02T17:16:19.493164+00:00,17,2,KRW-POL,0.00796813
2026-09-02T17:16:19.493164+00:00,17,2,KRW-STX,0.00281294
2026-09-02T17:16:19.493164+00:00,17,2,KRW-IRYS,0.00539084
2026-09-02T17:16:19.493164+00:00,17,2,KRW-AXS,0.00160128
2026-09-02T17:16:19.493164+00:00,17,2,KRW-TAO,0.00134363
2026-09-02T17:16:19.493164+00:00,17,2,KRW-ALGO,0.00796813
2026-09-02T17:16:19.493164+00:00,17,2,KRW-JTO,0.00174064
2026-09-02T17:16:19.493164+00:00,17,2,KRW-CC,0.00655738
2026-09-02T17:16:19.493164+00:00,17,2,KRW-BIRB,0.00381437
2026-09-02T17:16:19.493164+00:00,17,2,KRW-ME,0.00349854
2026-09-02T17:16:19.493164+00:00,17,2,KRW-SEI,0.00299401
2026-09-02T17:16:19.493164+00:00,17,2,KRW-ENS,0.00138026
2026-09-02T17:16:19.493164+00:00,17,2,KRW-ZRO,0.00217470
2026-09-02T17:16:19.493164+00:00,17,2,KRW-TRUMP,0.00100083
2026-09-02T17:16:19.493164+00:00,17,2,KRW-XEC,0.00425532
2026-09-02T17:16:19.493164+00:00,17,2,KRW-RVN,0.00522193
2026-09-02T17:16:19.493164+00:00,17,2,KRW-ZAMA,0.00433839
2026-09-02T17:16:19.493164+00:00,17,2,KRW-GEOD,0.00332779
2026-09-02T17:16:19.493164+00:00,17,2,KRW-AKT,0.00291545
2026-09-02T17:16:19.493164+00:00,17,2,KRW-FIL,0.00272356
2026-09-02T17:16:19.493164+00:00,17,2,KRW-APT,0.00392413
2026-09-02T17:16:19.493164+00:00,17,2,KRW-DRV,0.00511509
2026-09-02T17:16:19.493164+00:00,17,2,KRW-ID,0.00684151
2026-09-02T17:16:19.493164+00:00,17,2,KRW-SOON,0.00386847
2026-09-02T17:16:19.493164+00:00,17,2,KRW-O,0.00269179
2026-09-02T17:16:19.493164+00:00,17,2,KRW-AVNT,0.00711744
2026-09-02T17:16:19.493164+00:00,17,2,KRW-TREE,0.00346620
2026-09-02T17:16:19.493164+00:00,17,2,KRW-KITE,0.00511509
2026-09-02T17:16:19.493164+00:00,17,2,KRW-BLEND,0.00351083
2026-09-02T17:16:19.493164+00:00,17,2,KRW-MANTRA,0.00330579
2026-09-02T17:16:19.493164+00:00,17,2,KRW-CFG,0.01398601
2026-09-02T17:16:19.493164+00:00,17,2,KRW-GAS,0.00244648
2026-09-02T17:16:19.493164+00:00,17,2,KRW-BERA,0.00412371
2026-09-02T17:16:19.493164+00:00,17,2,KRW-MEGA,0.00597015
2026-09-02T17:16:19.493164+00:00,17,2,KRW-SOPH,0.00607903
2026-09-02T17:16:19.493164+00:00,17,2,KRW-UP2,0.00280505
2026-09-02T17:16:19.493164+00:00,17,2,KRW-ZORA,0.00200803
2026-09-02T17:16:19.493164+00:00,17,2,KRW-OPG,0.00727273
2026-09-02T17:16:19.493164+00:00,17,2,KRW-BSV,0.00369515
2026-09-02T17:16:19.493164+00:00,17,2,KRW-HYPER,0.00221976
2026-09-02T17:16:19.493164+00:00,17,2,KRW-TRAC,0.00227015
2026-09-02T17:16:19.493164+00:00,17,2,KRW-IN,0.00432900
2026-09-02T17:16:19.493164+00:00,17,2,KRW-ATH,0.00318471
2026-09-02T17:16:19.493164+00:00,17,2,KRW-ETHFI,0.00268456
2026-09-02T17:16:19.493164+00:00,17,2,KRW-MON,0.00568182
2026-09-02T17:16:19.493164+00:00,17,2,KRW-ZIL,0.01169591
2026-09-02T17:16:19.493164+00:00,17,2,KRW-B3,0.00483481
2026-09-02T17:16:19.493164+00:00,17,2,KRW-ELSA,0.00314961
2026-09-02T17:16:19.493164+00:00,17,2,KRW-JUP,0.00340716
2026-09-02T17:16:19.493164+00:00,17,2,KRW-SIGN,0.00790514
2026-09-02T17:16:19.493164+00:00,17,2,KRW-FLOCK,0.00193986
2026-09-02T17:16:19.493164+00:00,17,2,KRW-DEEP,0.00511509
2026-09-02T17:16:19.493164+00:00,17,2,KRW-G,0.00392927
2026-09-02T17:16:19.493164+00:00,17,2,KRW-INJ,0.00861057
2026-09-02T17:16:19.493164+00:00,17,2,KRW-VVV,0.00320293
2026-09-02T17:16:19.493164+00:00,17,2,KRW-BIGTIME,0.00225989
2026-09-02T17:16:19.493164+00:00,17,2,KRW-BIO,0.00574713
2026-09-02T17:16:19.493164+00:00,17,2,KRW-RENDER,0.00206932
2026-09-02T17:16:19.493164+00:00,17,2,KRW-BARD,0.00600601
2026-09-02T17:16:19.493164+00:00,17,2,KRW-CHZ,0.00542005
2026-09-02T17:16:19.493164+00:00,17,2,KRW-LSK,0.00743494
2026-09-02T17:16:19.493164+00:00,17,2,KRW-CRO,0.00405132
2026-09-02T17:16:19.493164+00:00,17,2,KRW-VANA,0.00328947
2026-09-02T17:16:19.493164+00:00,17,2,KRW-LAYER,0.00215517
2026-09-02T17:16:19.493164+00:00,17,2,KRW-RED,0.00634921
2026-09-02T17:16:19.493164+00:00,17,2,KRW-DOT,0.00085361
2026-09-02T17:16:19.493164+00:00,17,2,KRW-ATOM,0.00200200
2026-09-02T17:16:19.493164+00:00,17,2,KRW-DOOD,0.01092896
2026-09-02T17:16:19.493164+00:00,17,2,KRW-XAUT,0.00199468
2026-09-02T17:16:19.493164+00:00,17,2,KRW-BORA,0.00328407
2026-09-02T17:16:19.493164+00:00,17,2,KRW-AWE,0.00118273
2026-09-02T17:16:19.493164+00:00,17,2,KRW-WAVES,0.00333890
2026-09-02T17:16:19.493164+00:00,17,2,KRW-ZKP,0.00307692
2026-09-02T17:16:19.493164+00:00,17,2,KRW-EDGE,0.00433839
2026-09-02T17:16:19.493164+00:00,17,2,KRW-ELF,0.00449944
2026-09-02T17:16:19.493164+00:00,17,2,KRW-AI,0.00760456
2026-09-02T17:16:19.493164+00:00,17,2,KRW-SNT,0.00112296
2026-09-02T17:16:19.493164+00:00,17,2,KRW-OPEN,0.01204819
2026-09-02T17:16:19.493164+00:00,17,2,KRW-SKR,0.00304414
2026-09-02T17:16:19.493164+00:00,17,2,KRW-MET2,0.00757576
2026-09-02T17:16:19.493164+00:00,17,2,KRW-FF,0.00687285
2026-09-02T17:16:19.493164+00:00,17,2,KRW-KAT,0.00326264
2026-09-02T17:16:19.493164+00:00,17,2,KRW-W,0.01526718
2026-09-02T17:16:19.493164+00:00,17,2,KRW-PENDLE,0.00202881
2026-09-02T17:16:19.493164+00:00,17,2,KRW-SPK,0.00724638
2026-09-02T17:16:19.493164+00:00,17,2,KRW-PYTH,0.00251889
2026-09-02T17:16:19.493164+00:00,17,2,KRW-STEEM,0.00341297
2026-09-02T17:16:19.493164+00:00,17,2,KRW-COW,0.01149425
2026-09-02T17:17:22.476891+00:00,17,2,KRW-SHIB,0.00280505
2026-09-02T17:17:22.476891+00:00,17,2,KRW-KAITO,0.00241255
2026-09-02T17:17:22.476891+00:00,17,2,KRW-SUI,0.00100857
2026-09-02T17:17:22.476891+00:00,17,2,KRW-MMT,0.00461894
2026-09-02T17:17:22.476891+00:00,17,2,KRW-LINK,0.00196915
2026-09-02T17:17:22.476891+00:00,17,2,KRW-PUMP,0.00179051
2026-09-02T17:17:22.476891+00:00,17,2,KRW-NEAR,0.00078771
2026-09-02T17:17:22.476891+00:00,17,2,KRW-ZBT,0.00873362
2026-09-02T17:17:22.476891+00:00,17,2,KRW-LA,0.00229358
2026-09-02T17:17:22.476891+00:00,17,2,KRW-CHIP,0.00359066
2026-09-02T17:17:22.476891+00:00,17,2,KRW-QUID,0.00337268
2026-09-02T17:17:22.476891+00:00,17,2,KRW-PENGU,0.00888889
2026-09-02T17:17:22.476891+00:00,17,2,KRW-AVAX,0.00203562
2026-09-02T17:17:22.476891+00:00,17,2,KRW-VIRTUAL,0.00215983
2026-09-02T17:17:22.476891+00:00,17,2,KRW-MOVE,0.00851064
2026-09-02T17:17:22.476891+00:00,17,2,KRW-UNI,0.00062716
2026-09-02T17:17:22.476891+00:00,17,2,KRW-PIEVERSE,0.00266667
2026-09-02T17:17:22.476891+00:00,17,2,KRW-PRL,0.00519481
2026-09-02T17:17:22.476891+00:00,17,2,KRW-HBAR,0.00995025
2026-09-02T17:17:22.476891+00:00,17,2,KRW-ONT,0.00138217
2026-09-02T17:17:22.476891+00:00,17,2,KRW-ENSO,0.00338696
2026-09-02T17:17:22.476891+00:00,17,2,KRW-XPL,0.00888889
2026-09-02T17:17:22.476891+00:00,17,2,KRW-SAHARA,0.00865801
2026-09-02T17:17:22.476891+00:00,17,2,KRW-AAVE,0.00172166
2026-09-02T17:17:22.476891+00:00,17,2,KRW-ARX,0.00576369
2026-09-02T17:17:22.476891+00:00,17,2,KRW-TRX,0.00224467
2026-09-02T17:17:22.476891+00:00,17,2,KRW-HOLO,0.00233918
2026-09-02T17:17:22.476891+00:00,17,2,KRW-WLFI,0.00257732
2026-09-02T17:17:22.476891+00:00,17,2,KRW-BCH,0.00150218
2026-09-02T17:17:22.476891+00:00,17,2,KRW-DATA,0.00385356
2026-09-02T17:17:22.476891+00:00,17,2,KRW-PLUME,0.00516796
2026-09-02T17:17:22.476891+00:00,17,2,KRW-ARB,0.00600601
2026-09-02T17:17:22.476891+00:00,17,2,KRW-STORJ,0.00999286
2026-09-02T17:17:22.476891+00:00,17,2,KRW-BONK,0.00194742
2026-09-02T17:17:22.476891+00:00,17,2,KRW-ETC,0.00201410
2026-09-02T17:17:22.476891+00:00,17,2,KRW-ESP,0.00873362
2026-09-02T17:17:22.476891+00:00,17,2,KRW-0G,0.00790514
2026-09-02T17:17:22.476891+00:00,17,2,KRW-META2,0.00677966
2026-09-02T17:17:22.476891+00:00,17,2,KRW-BSB,0.00687285
2026-09-02T17:17:22.476891+00:00,17,2,KRW-ERA,0.00123839
2026-09-02T17:17:22.476891+00:00,17,2,KRW-MIRA,0.00307692
2026-09-02T17:17:22.476891+00:00,17,2,KRW-SAND,0.00197044
2026-09-02T17:17:22.476891+00:00,17,2,KRW-PEPE,0.00214823
2026-09-02T17:17:22.476891+00:00,17,2,KRW-POL,0.00796813
2026-09-02T17:17:22.476891+00:00,17,2,KRW-STX,0.00280505
2026-09-02T17:17:22.476891+00:00,17,2,KRW-IRYS,0.00539084
2026-09-02T17:17:22.476891+00:00,17,2,KRW-AXS,0.00320513
2026-09-02T17:17:22.476891+00:00,17,2,KRW-TAO,0.00235255
2026-09-02T17:17:22.476891+00:00,17,2,KRW-ALGO,0.00796813
2026-09-02T17:17:22.476891+00:00,17,2,KRW-JTO,0.00348432
2026-09-02T17:17:22.476891+00:00,17,2,KRW-CC,0.00655738
2026-09-02T17:17:22.476891+00:00,17,2,KRW-BIRB,0.00254130
2026-09-02T17:17:22.476891+00:00,17,2,KRW-ME,0.00349854
2026-09-02T17:17:22.476891+00:00,17,2,KRW-SEI,0.00299850
2026-09-02T17:17:22.476891+00:00,17,2,KRW-ENS,0.00069037
2026-09-02T17:17:22.476891+00:00,17,2,KRW-ZRO,0.00145033
2026-09-02T17:17:22.476891+00:00,17,2,KRW-TRUMP,0.00133645
2026-09-02T17:17:22.476891+00:00,17,2,KRW-XEC,0.00425532
2026-09-02T17:17:22.476891+00:00,17,2,KRW-RVN,0.00522193
2026-09-02T17:17:22.476891+00:00,17,2,KRW-ZAMA,0.00433839
2026-09-02T17:17:22.476891+00:00,17,2,KRW-GEOD,0.00332779
2026-09-02T17:17:22.476891+00:00,17,2,KRW-AKT,0.00291545
2026-09-02T17:17:22.476891+00:00,17,2,KRW-FIL,0.00182149
2026-09-02T17:17:22.476891+00:00,17,2,KRW-APT,0.00261780
2026-09-02T17:17:22.476891+00:00,17,2,KRW-DRV,0.00511509
2026-09-02T17:17:22.476891+00:00,17,2,KRW-ID,0.00684151
2026-09-02T17:17:22.476891+00:00,17,2,KRW-SOON,0.00386847
2026-09-02T17:17:22.476891+00:00,17,2,KRW-O,0.00269179
2026-09-02T17:17:22.476891+00:00,17,2,KRW-AVNT,0.00711744
2026-09-02T17:17:22.476891+00:00,17,2,KRW-TREE,0.00346620
2026-09-02T17:17:22.476891+00:00,17,2,KRW-KITE,0.00508906
2026-09-02T17:17:22.476891+00:00,17,2,KRW-BLEND,0.00351083
2026-09-02T17:17:22.476891+00:00,17,2,KRW-MANTRA,0.00330579
2026-09-02T17:17:22.476891+00:00,17,2,KRW-CFG,0.01398601
2026-09-02T17:17:22.476891+00:00,17,2,KRW-GAS,0.00122324
2026-09-02T17:17:22.476891+00:00,17,2,KRW-BERA,0.00412371
2026-09-02T17:17:22.476891+00:00,17,2,KRW-MEGA,0.00398406
2026-09-02T17:17:22.476891+00:00,17,2,KRW-SOPH,0.00305810
2026-09-02T17:17:22.476891+00:00,17,2,KRW-UP2,0.00280505
2026-09-02T17:17:22.476891+00:00,17,2,KRW-ZORA,0.00201005
2026-09-02T17:17:22.476891+00:00,17,2,KRW-OPG,0.00722022
2026-09-02T17:17:22.476891+00:00,17,2,KRW-BSV,0.00415800
2026-09-02T17:17:22.476891+00:00,17,2,KRW-HYPER,0.00221976
2026-09-02T17:17:22.476891+00:00,17,2,KRW-TRAC,0.00227015
2026-09-02T17:17:22.476891+00:00,17,2,KRW-IN,0.00432900
2026-09-02T17:17:22.476891+00:00,17,2,KRW-ATH,0.00159363
2026-09-02T17:17:22.476891+00:00,17,2,KRW-ETHFI,0.00268456
2026-09-02T17:17:22.476891+00:00,17,2,KRW-MON,0.00568182
2026-09-02T17:17:22.476891+00:00,17,2,KRW-ZIL,0.01169591
2026-09-02T17:17:22.476891+00:00,17,2,KRW-B3,0.00483481
2026-09-02T17:17:22.476891+00:00,17,2,KRW-ELSA,0.00314961
2026-09-02T17:17:22.476891+00:00,17,2,KRW-JUP,0.00340716
2026-09-02T17:17:22.476891+00:00,17,2,KRW-SIGN,0.00790514
2026-09-02T17:17:22.476891+00:00,17,2,KRW-FLOCK,0.00193986
2026-09-02T17:17:22.476891+00:00,17,2,KRW-DEEP,0.00511509
2026-09-02T17:17:22.476891+00:00,17,2,KRW-G,0.00392927
2026-09-02T17:17:22.476891+00:00,17,2,KRW-INJ,0.00861057
2026-09-02T17:17:22.476891+00:00,17,2,KRW-VVV,0.00320293
2026-09-02T17:17:22.476891+00:00,17,2,KRW-BIGTIME,0.00225989
2026-09-02T17:17:22.476891+00:00,17,2,KRW-BIO,0.00574713
2026-09-02T17:17:22.476891+00:00,17,2,KRW-RENDER,0.00259000
2026-09-02T17:17:22.476891+00:00,17,2,KRW-BARD,0.00600601
2026-09-02T17:17:22.476891+00:00,17,2,KRW-CHZ,0.00542005
2026-09-02T17:17:22.476891+00:00,17,2,KRW-LSK,0.00743494
2026-09-02T17:17:22.476891+00:00,17,2,KRW-CRO,0.00405132
2026-09-02T17:17:22.476891+00:00,17,2,KRW-VANA,0.00328947
2026-09-02T17:17:22.476891+00:00,17,2,KRW-LAYER,0.00107817
2026-09-02T17:17:22.476891+00:00,17,2,KRW-RED,0.00634921
2026-09-02T17:17:22.476891+00:00,17,2,KRW-DOT,0.00256301
2026-09-02T17:17:22.476891+00:00,17,2,KRW-ATOM,0.00250313
2026-09-02T17:17:22.476891+00:00,17,2,KRW-DOOD,0.01092896
2026-09-02T17:17:22.476891+00:00,17,2,KRW-XAUT,0.00199468
2026-09-02T17:17:22.476891+00:00,17,2,KRW-BORA,0.00328407
2026-09-02T17:17:22.476891+00:00,17,2,KRW-AWE,0.00236407
2026-09-02T17:17:22.476891+00:00,17,2,KRW-WAVES,0.00333890
2026-09-02T17:17:22.476891+00:00,17,2,KRW-ZKP,0.00308166
2026-09-02T17:17:22.476891+00:00,17,2,KRW-EDGE,0.00433839
2026-09-02T17:17:22.476891+00:00,17,2,KRW-ELF,0.00449944
2026-09-02T17:17:22.476891+00:00,17,2,KRW-AI,0.00760456
2026-09-02T17:17:22.476891+00:00,17,2,KRW-SNT,0.00112296
2026-09-02T17:17:22.476891+00:00,17,2,KRW-OPEN,0.01204819
2026-09-02T17:17:22.476891+00:00,17,2,KRW-SKR,0.00303490
2026-09-02T17:17:22.476891+00:00,17,2,KRW-MET2,0.00757576
2026-09-02T17:17:22.476891+00:00,17,2,KRW-FF,0.00687285
2026-09-02T17:17:22.476891+00:00,17,2,KRW-KAT,0.00326797
2026-09-02T17:17:22.476891+00:00,17,2,KRW-W,0.01526718
2026-09-02T17:17:22.476891+00:00,17,2,KRW-PENDLE,0.00202634
2026-09-02T17:17:22.476891+00:00,17,2,KRW-SPK,0.00724638
2026-09-02T17:17:22.476891+00:00,17,2,KRW-PYTH,0.00252207
2026-09-02T17:17:22.476891+00:00,17,2,KRW-STEEM,0.00511509
2026-09-02T17:17:22.476891+00:00,17,2,KRW-COW,0.01149425
2026-09-02T17:18:25.390508+00:00,17,2,KRW-SHIB,0.00140548
2026-09-02T17:18:25.390508+00:00,17,2,KRW-KAITO,0.00483092
2026-09-02T17:18:25.390508+00:00,17,2,KRW-SUI,0.00101061
2026-09-02T17:18:25.390508+00:00,17,2,KRW-MMT,0.00461894
2026-09-02T17:18:25.390508+00:00,17,2,KRW-LINK,0.00197304
2026-09-02T17:18:25.390508+00:00,17,2,KRW-PUMP,0.00179051
2026-09-02T17:18:25.390508+00:00,17,2,KRW-NEAR,0.00078989
2026-09-02T17:18:25.390508+00:00,17,2,KRW-ZBT,0.00873362
2026-09-02T17:18:25.390508+00:00,17,2,KRW-LA,0.00114482
2026-09-02T17:18:25.390508+00:00,17,2,KRW-CHIP,0.00539084
2026-09-02T17:18:25.390508+00:00,17,2,KRW-QUID,0.00337268
2026-09-02T17:18:25.390508+00:00,17,2,KRW-PENGU,0.00888889
2026-09-02T17:18:25.390508+00:00,17,2,KRW-AVAX,0.00203770
2026-09-02T17:18:25.390508+00:00,17,2,KRW-VIRTUAL,0.00216216
2026-09-02T17:18:25.390508+00:00,17,2,KRW-MOVE,0.00851064
2026-09-02T17:18:25.390508+00:00,17,2,KRW-UNI,0.00125628
2026-09-02T17:18:25.390508+00:00,17,2,KRW-PIEVERSE,0.00333000
2026-09-02T17:18:25.390508+00:00,17,2,KRW-PRL,0.00519481
2026-09-02T17:18:25.390508+00:00,17,2,KRW-HBAR,0.00995025
2026-09-02T17:18:25.390508+00:00,17,2,KRW-ONT,0.00276243
2026-09-02T17:18:25.390508+00:00,17,2,KRW-ENSO,0.00169492
2026-09-02T17:18:25.390508+00:00,17,2,KRW-XPL,0.00896861
2026-09-02T17:18:25.390508+00:00,17,2,KRW-SAHARA,0.00865801
2026-09-02T17:18:25.390508+00:00,17,2,KRW-AAVE,0.00114877
2026-09-02T17:18:25.390508+00:00,17,2,KRW-ARX,0.00576369
2026-09-02T17:18:25.390508+00:00,17,2,KRW-TRX,0.00224467
2026-09-02T17:18:25.390508+00:00,17,2,KRW-HOLO,0.00233918
2026-09-02T17:18:25.390508+00:00,17,2,KRW-WLFI,0.00258065
2026-09-02T17:18:25.390508+00:00,17,2,KRW-BCH,0.00120337
2026-09-02T17:18:25.390508+00:00,17,2,KRW-DATA,0.00385356
2026-09-02T17:18:25.390508+00:00,17,2,KRW-PLUME,0.00516796
2026-09-02T17:18:25.390508+00:00,17,2,KRW-ARB,0.00600601
2026-09-02T17:18:25.390508+00:00,17,2,KRW-STORJ,0.00999286
2026-09-02T17:18:25.390508+00:00,17,2,KRW-BONK,0.00194742
2026-09-02T17:18:25.390508+00:00,17,2,KRW-ETC,0.00201715
2026-09-02T17:18:25.390508+00:00,17,2,KRW-ESP,0.00873362
2026-09-02T17:18:25.390508+00:00,17,2,KRW-0G,0.00790514
2026-09-02T17:18:25.390508+00:00,17,2,KRW-META2,0.00677966
2026-09-02T17:18:25.390508+00:00,17,2,KRW-BSB,0.00687285
2026-09-02T17:18:25.390508+00:00,17,2,KRW-ERA,0.00247831
2026-09-02T17:18:25.390508+00:00,17,2,KRW-MIRA,0.00307692
2026-09-02T17:18:25.390508+00:00,17,2,KRW-SAND,0.00197044
2026-09-02T17:18:25.390508+00:00,17,2,KRW-PEPE,0.00215285
2026-09-02T17:18:25.390508+00:00,17,2,KRW-POL,0.00796813
2026-09-02T17:18:25.390508+00:00,17,2,KRW-STX,0.00280505
2026-09-02T17:18:25.390508+00:00,17,2,KRW-IRYS,0.00539084
2026-09-02T17:18:25.390508+00:00,17,2,KRW-AXS,0.00160256
2026-09-02T17:18:25.390508+00:00,17,2,KRW-TAO,0.00235651
2026-09-02T17:18:25.390508+00:00,17,2,KRW-ALGO,0.00796813
2026-09-02T17:18:25.390508+00:00,17,2,KRW-JTO,0.00174368
2026-09-02T17:18:25.390508+00:00,17,2,KRW-CC,0.00655738
2026-09-02T17:18:25.390508+00:00,17,2,KRW-BIRB,0.00254777
2026-09-02T17:18:25.390508+00:00,17,2,KRW-ME,0.00349854
2026-09-02T17:18:25.390508+00:00,17,2,KRW-SEI,0.00299850
2026-09-02T17:18:25.390508+00:00,17,2,KRW-ENS,0.00138026
2026-09-02T17:18:25.390508+00:00,17,2,KRW-ZRO,0.00290065
2026-09-02T17:18:25.390508+00:00,17,2,KRW-TRUMP,0.00134953
2026-09-02T17:18:25.390508+00:00,17,2,KRW-XEC,0.00319319
2026-09-02T17:18:25.390508+00:00,17,2,KRW-RVN,0.00522193
2026-09-02T17:18:25.390508+00:00,17,2,KRW-ZAMA,0.00433839
2026-09-02T17:18:25.390508+00:00,17,2,KRW-GEOD,0.00332779
2026-09-02T17:18:25.390508+00:00,17,2,KRW-AKT,0.00291545
2026-09-02T17:18:25.390508+00:00,17,2,KRW-FIL,0.00181984
2026-09-02T17:18:25.390508+00:00,17,2,KRW-APT,0.00131148
2026-09-02T17:18:25.390508+00:00,17,2,KRW-DRV,0.00511509
2026-09-02T17:18:25.390508+00:00,17,2,KRW-ID,0.00456621
2026-09-02T17:18:25.390508+00:00,17,2,KRW-SOON,0.00386847
2026-09-02T17:18:25.390508+00:00,17,2,KRW-O,0.00404040
2026-09-02T17:18:25.390508+00:00,17,2,KRW-AVNT,0.00711744
2026-09-02T17:18:25.390508+00:00,17,2,KRW-TREE,0.00346620
2026-09-02T17:18:25.390508+00:00,17,2,KRW-KITE,0.01015228
2026-09-02T17:18:25.390508+00:00,17,2,KRW-BLEND,0.00351083
2026-09-02T17:18:25.390508+00:00,17,2,KRW-MANTRA,0.00496278
2026-09-02T17:18:25.390508+00:00,17,2,KRW-CFG,0.01398601
2026-09-02T17:18:25.390508+00:00,17,2,KRW-GAS,0.00061181
2026-09-02T17:18:25.390508+00:00,17,2,KRW-BERA,0.00412371
2026-09-02T17:18:25.390508+00:00,17,2,KRW-MEGA,0.00398406
2026-09-02T17:18:25.390508+00:00,17,2,KRW-SOPH,0.00459067
2026-09-02T17:18:25.390508+00:00,17,2,KRW-UP2,0.00280505
2026-09-02T17:18:25.390508+00:00,17,2,KRW-ZORA,0.00100654
2026-09-02T17:18:25.390508+00:00,17,2,KRW-OPG,0.00722022
2026-09-02T17:18:25.390508+00:00,17,2,KRW-BSV,0.00416185
2026-09-02T17:18:25.390508+00:00,17,2,KRW-HYPER,0.00111049
2026-09-02T17:18:25.390508+00:00,17,2,KRW-TRAC,0.00227015
2026-09-02T17:18:25.390508+00:00,17,2,KRW-IN,0.00432900
2026-09-02T17:18:25.390508+00:00,17,2,KRW-ATH,0.00159872
2026-09-02T17:18:25.390508+00:00,17,2,KRW-ETHFI,0.00403497
2026-09-02T17:18:25.390508+00:00,17,2,KRW-MON,0.00284495
2026-09-02T17:18:25.390508+00:00,17,2,KRW-ZIL,0.01169591
2026-09-02T17:18:25.390508+00:00,17,2,KRW-B3,0.00483481
2026-09-02T17:18:25.390508+00:00,17,2,KRW-ELSA,0.00314961
2026-09-02T17:18:25.390508+00:00,17,2,KRW-JUP,0.00341880
2026-09-02T17:18:25.390508+00:00,17,2,KRW-SIGN,0.00790514
2026-09-02T17:18:25.390508+00:00,17,2,KRW-FLOCK,0.00388350
2026-09-02T17:18:25.390508+00:00,17,2,KRW-DEEP,0.00511509
2026-09-02T17:18:25.390508+00:00,17,2,KRW-G,0.00392927
2026-09-02T17:18:25.390508+00:00,17,2,KRW-INJ,0.01634877
2026-09-02T17:18:25.390508+00:00,17,2,KRW-VVV,0.00320880
2026-09-02T17:18:25.390508+00:00,17,2,KRW-BIGTIME,0.00225989
2026-09-02T17:18:25.390508+00:00,17,2,KRW-BIO,0.00287770
2026-09-02T17:18:25.390508+00:00,17,2,KRW-RENDER,0.00207361
2026-09-02T17:18:25.390508+00:00,17,2,KRW-BARD,0.00600601
2026-09-02T17:18:25.390508+00:00,17,2,KRW-CHZ,0.00542005
2026-09-02T17:18:25.390508+00:00,17,2,KRW-LSK,0.00743494
2026-09-02T17:18:25.390508+00:00,17,2,KRW-CRO,0.00405132
2026-09-02T17:18:25.390508+00:00,17,2,KRW-VANA,0.00328947
2026-09-02T17:18:25.390508+00:00,17,2,KRW-LAYER,0.00107933
2026-09-02T17:18:25.390508+00:00,17,2,KRW-RED,0.00634921
2026-09-02T17:18:25.390508+00:00,17,2,KRW-DOT,0.00257180
2026-09-02T17:18:25.390508+00:00,17,2,KRW-ATOM,0.00250438
2026-09-02T17:18:25.390508+00:00,17,2,KRW-DOOD,0.01092896
2026-09-02T17:18:25.390508+00:00,17,2,KRW-XAUT,0.00182861
2026-09-02T17:18:25.390508+00:00,17,2,KRW-BORA,0.00655738
2026-09-02T17:18:25.390508+00:00,17,2,KRW-AWE,0.00236686
2026-09-02T17:18:25.390508+00:00,17,2,KRW-WAVES,0.00333890
2026-09-02T17:18:25.390508+00:00,17,2,KRW-ZKP,0.00308166
2026-09-02T17:18:25.390508+00:00,17,2,KRW-EDGE,0.00433839
2026-09-02T17:18:25.390508+00:00,17,2,KRW-ELF,0.00336889
2026-09-02T17:18:25.390508+00:00,17,2,KRW-AI,0.00380952
2026-09-02T17:18:25.390508+00:00,17,2,KRW-SNT,0.00112296
2026-09-02T17:18:25.390508+00:00,17,2,KRW-OPEN,0.01204819
2026-09-02T17:18:25.390508+00:00,17,2,KRW-SKR,0.00607903
2026-09-02T17:18:25.390508+00:00,17,2,KRW-MET2,0.00760456
2026-09-02T17:18:25.390508+00:00,17,2,KRW-FF,0.00687285
2026-09-02T17:18:25.390508+00:00,17,2,KRW-KAT,0.00326797
2026-09-02T17:18:25.390508+00:00,17,2,KRW-W,0.00766284
2026-09-02T17:18:25.390508+00:00,17,2,KRW-PENDLE,0.00121335
2026-09-02T17:18:25.390508+00:00,17,2,KRW-SPK,0.00362976
2026-09-02T17:18:25.390508+00:00,17,2,KRW-PYTH,0.00126823
2026-09-02T17:18:25.390508+00:00,17,2,KRW-STEEM,0.00511509
2026-09-02T17:18:25.390508+00:00,17,2,KRW-COW,0.01149425
2026-09-02T17:19:28.355671+00:00,17,2,KRW-SHIB,0.00140746
2026-09-02T17:19:28.355671+00:00,17,2,KRW-KAITO,0.00483092
2026-09-02T17:19:28.355671+00:00,17,2,KRW-SUI,0.00101163
2026-09-02T17:19:28.355671+00:00,17,2,KRW-MMT,0.00461894
2026-09-02T17:19:28.355671+00:00,17,2,KRW-LINK,0.00197433
2026-09-02T17:19:28.355671+00:00,17,2,KRW-PUMP,0.00357782
2026-09-02T17:19:28.355671+00:00,17,2,KRW-NEAR,0.00118507
2026-09-02T17:19:28.355671+00:00,17,2,KRW-ZBT,0.00873362
2026-09-02T17:19:28.355671+00:00,17,2,KRW-LA,0.00114482
2026-09-02T17:19:28.355671+00:00,17,2,KRW-CHIP,0.00359712
2026-09-02T17:19:28.355671+00:00,17,2,KRW-QUID,0.00337268
2026-09-02T17:19:28.355671+00:00,17,2,KRW-PENGU,0.00888889
2026-09-02T17:19:28.355671+00:00,17,2,KRW-AVAX,0.00153100
2026-09-02T17:19:28.355671+00:00,17,2,KRW-VIRTUAL,0.00216216
2026-09-02T17:19:28.355671+00:00,17,2,KRW-MOVE,0.00851064
2026-09-02T17:19:28.355671+00:00,17,2,KRW-UNI,0.00062873
2026-09-02T17:19:28.355671+00:00,17,2,KRW-PIEVERSE,0.00266667
2026-09-02T17:19:28.355671+00:00,17,2,KRW-PRL,0.00519481
2026-09-02T17:19:28.355671+00:00,17,2,KRW-HBAR,0.00995025
2026-09-02T17:19:28.355671+00:00,17,2,KRW-ONT,0.00276243
2026-09-02T17:19:28.355671+00:00,17,2,KRW-ENSO,0.00338983
2026-09-02T17:19:28.355671+00:00,17,2,KRW-XPL,0.00896861
2026-09-02T17:19:28.355671+00:00,17,2,KRW-SAHARA,0.00865801
2026-09-02T17:19:28.355671+00:00,17,2,KRW-AAVE,0.00115075
2026-09-02T17:19:28.355671+00:00,17,2,KRW-ARX,0.00576369
2026-09-02T17:19:28.355671+00:00,17,2,KRW-TRX,0.00224467
2026-09-02T17:19:28.355671+00:00,17,2,KRW-HOLO,0.00351906
2026-09-02T17:19:28.355671+00:00,17,2,KRW-WLFI,0.00258065
2026-09-02T17:19:28.355671+00:00,17,2,KRW-BCH,0.00120301
2026-09-02T17:19:28.355671+00:00,17,2,KRW-DATA,0.00385356
2026-09-02T17:19:28.355671+00:00,17,2,KRW-PLUME,0.00519481
2026-09-02T17:19:28.355671+00:00,17,2,KRW-ARB,0.01204819
2026-09-02T17:19:28.355671+00:00,17,2,KRW-STORJ,0.00999286
2026-09-02T17:19:28.355671+00:00,17,2,KRW-BONK,0.00195886
2026-09-02T17:19:28.355671+00:00,17,2,KRW-ETC,0.00201715
2026-09-02T17:19:28.355671+00:00,17,2,KRW-ESP,0.00873362
2026-09-02T17:19:28.355671+00:00,17,2,KRW-0G,0.00790514
2026-09-02T17:19:28.355671+00:00,17,2,KRW-META2,0.00677966
2026-09-02T17:19:28.355671+00:00,17,2,KRW-BSB,0.00687285
2026-09-02T17:19:28.355671+00:00,17,2,KRW-ERA,0.00123993
2026-09-02T17:19:28.355671+00:00,17,2,KRW-MIRA,0.00308642
2026-09-02T17:19:28.355671+00:00,17,2,KRW-SAND,0.00197044
2026-09-02T17:19:28.355671+00:00,17,2,KRW-PEPE,0.00215285
2026-09-02T17:19:28.355671+00:00,17,2,KRW-POL,0.00796813
2026-09-02T17:19:28.355671+00:00,17,2,KRW-STX,0.00280505
2026-09-02T17:19:28.355671+00:00,17,2,KRW-IRYS,0.00539084
2026-09-02T17:19:28.355671+00:00,17,2,KRW-AXS,0.00240481
2026-09-02T17:19:28.355671+00:00,17,2,KRW-TAO,0.00235651
2026-09-02T17:19:28.355671+00:00,17,2,KRW-ALGO,0.00796813
2026-09-02T17:19:28.355671+00:00,17,2,KRW-JTO,0.00174672
2026-09-02T17:19:28.355671+00:00,17,2,KRW-CC,0.00655738
2026-09-02T17:19:28.355671+00:00,17,2,KRW-BIRB,0.00127470
2026-09-02T17:19:28.355671+00:00,17,2,KRW-ME,0.00233372
2026-09-02T17:19:28.355671+00:00,17,2,KRW-SEI,0.00150263
2026-09-02T17:19:28.355671+00:00,17,2,KRW-ENS,0.00138217
2026-09-02T17:19:28.355671+00:00,17,2,KRW-ZRO,0.00217628
2026-09-02T17:19:28.355671+00:00,17,2,KRW-TRUMP,0.00033710
2026-09-02T17:19:28.355671+00:00,17,2,KRW-XEC,0.00319319
2026-09-02T17:19:28.355671+00:00,17,2,KRW-RVN,0.00522193
2026-09-02T17:19:28.355671+00:00,17,2,KRW-ZAMA,0.00433839
2026-09-02T17:19:28.355671+00:00,17,2,KRW-GEOD,0.00332779
2026-09-02T17:19:28.355671+00:00,17,2,KRW-AKT,0.00291971
2026-09-02T17:19:28.355671+00:00,17,2,KRW-FIL,0.00182315
2026-09-02T17:19:28.355671+00:00,17,2,KRW-APT,0.00262467
2026-09-02T17:19:28.355671+00:00,17,2,KRW-DRV,0.00511509
2026-09-02T17:19:28.355671+00:00,17,2,KRW-ID,0.00456621
2026-09-02T17:19:28.355671+00:00,17,2,KRW-SOON,0.00386847
2026-09-02T17:19:28.355671+00:00,17,2,KRW-O,0.00269179
2026-09-02T17:19:28.355671+00:00,17,2,KRW-AVNT,0.00711744
2026-09-02T17:19:28.355671+00:00,17,2,KRW-TREE,0.00347222
2026-09-02T17:19:28.355671+00:00,17,2,KRW-KITE,0.00506329
2026-09-02T17:19:28.355671+00:00,17,2,KRW-BLEND,0.00351083
2026-09-02T17:19:28.355671+00:00,17,2,KRW-MANTRA,0.00496278
2026-09-02T17:19:28.355671+00:00,17,2,KRW-CFG,0.01398601
2026-09-02T17:19:28.355671+00:00,17,2,KRW-GAS,0.00061218
2026-09-02T17:19:28.355671+00:00,17,2,KRW-BERA,0.00412371
2026-09-02T17:19:28.355671+00:00,17,2,KRW-MEGA,0.00598205
2026-09-02T17:19:28.355671+00:00,17,2,KRW-SOPH,0.00459770
2026-09-02T17:19:28.355671+00:00,17,2,KRW-UP2,0.00280505
2026-09-02T17:19:28.355671+00:00,17,2,KRW-ZORA,0.00301356
2026-09-02T17:19:28.355671+00:00,17,2,KRW-OPG,0.00722022
2026-09-02T17:19:28.355671+00:00,17,2,KRW-BSV,0.00416185
2026-09-02T17:19:28.355671+00:00,17,2,KRW-HYPER,0.00444444
2026-09-02T17:19:28.355671+00:00,17,2,KRW-TRAC,0.00227015
2026-09-02T17:19:28.355671+00:00,17,2,KRW-IN,0.00432900
2026-09-02T17:19:28.355671+00:00,17,2,KRW-ATH,0.00159872
2026-09-02T17:19:28.355671+00:00,17,2,KRW-ETHFI,0.00269179
2026-09-02T17:19:28.355671+00:00,17,2,KRW-MON,0.00568182
2026-09-02T17:19:28.355671+00:00,17,2,KRW-ZIL,0.01169591
2026-09-02T17:19:28.355671+00:00,17,2,KRW-B3,0.00483481
2026-09-02T17:19:28.355671+00:00,17,2,KRW-ELSA,0.00315457
2026-09-02T17:19:28.355671+00:00,17,2,KRW-JUP,0.00341880
2026-09-02T17:19:28.355671+00:00,17,2,KRW-SIGN,0.00790514
2026-09-02T17:19:28.355671+00:00,17,2,KRW-FLOCK,0.00193986
2026-09-02T17:19:28.355671+00:00,17,2,KRW-DEEP,0.00511509
2026-09-02T17:19:28.355671+00:00,17,2,KRW-G,0.00392927
2026-09-02T17:19:28.355671+00:00,17,2,KRW-INJ,0.00697404
2026-09-02T17:19:28.355671+00:00,17,2,KRW-VVV,0.00275482
2026-09-02T17:19:28.355671+00:00,17,2,KRW-BIGTIME,0.00225989
2026-09-02T17:19:28.355671+00:00,17,2,KRW-BIO,0.00287770
2026-09-02T17:19:28.355671+00:00,17,2,KRW-RENDER,0.00259538
2026-09-02T17:19:28.355671+00:00,17,2,KRW-BARD,0.00600601
2026-09-02T17:19:28.355671+00:00,17,2,KRW-CHZ,0.00542005
2026-09-02T17:19:28.355671+00:00,17,2,KRW-LSK,0.00743494
2026-09-02T17:19:28.355671+00:00,17,2,KRW-CRO,0.00405132
2026-09-02T17:19:28.355671+00:00,17,2,KRW-VANA,0.00328947
2026-09-02T17:19:28.355671+00:00,17,2,KRW-LAYER,0.00324500
2026-09-02T17:19:28.355671+00:00,17,2,KRW-RED,0.00634921
2026-09-02T17:19:28.355671+00:00,17,2,KRW-DOT,0.00257400
2026-09-02T17:19:28.355671+00:00,17,2,KRW-ATOM,0.00250438
2026-09-02T17:19:28.355671+00:00,17,2,KRW-DOOD,0.01092896
2026-09-02T17:19:28.355671+00:00,17,2,KRW-XAUT,0.00232868
2026-09-02T17:19:28.355671+00:00,17,2,KRW-BORA,0.00655738
2026-09-02T17:19:28.355671+00:00,17,2,KRW-AWE,0.00236686
2026-09-02T17:19:28.355671+00:00,17,2,KRW-WAVES,0.00333890
2026-09-02T17:19:28.355671+00:00,17,2,KRW-ZKP,0.00308166
2026-09-02T17:19:28.355671+00:00,17,2,KRW-EDGE,0.00325556
2026-09-02T17:19:28.355671+00:00,17,2,KRW-ELF,0.00224719
2026-09-02T17:19:28.355671+00:00,17,2,KRW-AI,0.00380952
2026-09-02T17:19:28.355671+00:00,17,2,KRW-SNT,0.00112296
2026-09-02T17:19:28.355671+00:00,17,2,KRW-OPEN,0.00604230
2026-09-02T17:19:28.355671+00:00,17,2,KRW-SKR,0.00303490
2026-09-02T17:19:28.355671+00:00,17,2,KRW-MET2,0.00760456
2026-09-02T17:19:28.355671+00:00,17,2,KRW-FF,0.00687285
2026-09-02T17:19:28.355671+00:00,17,2,KRW-KAT,0.00326797
2026-09-02T17:19:28.355671+00:00,17,2,KRW-W,0.00766284
2026-09-02T17:19:28.355671+00:00,17,2,KRW-PENDLE,0.00202224
2026-09-02T17:19:28.355671+00:00,17,2,KRW-SPK,0.00362976
2026-09-02T17:19:28.355671+00:00,17,2,KRW-PYTH,0.00253807
2026-09-02T17:19:28.355671+00:00,17,2,KRW-STEEM,0.00341297
2026-09-02T17:19:28.355671+00:00,17,2,KRW-COW,0.01149425
2026-09-02T17:20:31.224071+00:00,17,2,KRW-SHIB,0.00140746
2026-09-02T17:20:31.224071+00:00,17,2,KRW-KAITO,0.00483092
2026-09-02T17:20:31.224071+00:00,17,2,KRW-SUI,0.00101163
2026-09-02T17:20:31.224071+00:00,17,2,KRW-MMT,0.00461894
2026-09-02T17:20:31.224071+00:00,17,2,KRW-LINK,0.00197433
2026-09-02T17:20:31.224071+00:00,17,2,KRW-PUMP,0.00178731
2026-09-02T17:20:31.224071+00:00,17,2,KRW-NEAR,0.00079020
2026-09-02T17:20:31.224071+00:00,17,2,KRW-ZBT,0.00873362
2026-09-02T17:20:31.224071+00:00,17,2,KRW-LA,0.00229095
2026-09-02T17:20:31.224071+00:00,17,2,KRW-CHIP,0.00359712
2026-09-02T17:20:31.224071+00:00,17,2,KRW-QUID,0.00337268
2026-09-02T17:20:31.224071+00:00,17,2,KRW-PENGU,0.00888889
2026-09-02T17:20:31.224071+00:00,17,2,KRW-AVAX,0.00153100
2026-09-02T17:20:31.224071+00:00,17,2,KRW-VIRTUAL,0.00216216
2026-09-02T17:20:31.224071+00:00,17,2,KRW-MOVE,0.00851064
2026-09-02T17:20:31.224071+00:00,17,2,KRW-UNI,0.00188501
2026-09-02T17:20:31.224071+00:00,17,2,KRW-PIEVERSE,0.00199667
2026-09-02T17:20:31.224071+00:00,17,2,KRW-PRL,0.00519481
2026-09-02T17:20:31.224071+00:00,17,2,KRW-HBAR,0.00995025
2026-09-02T17:20:31.224071+00:00,17,2,KRW-ONT,0.00138217
2026-09-02T17:20:31.224071+00:00,17,2,KRW-ENSO,0.00338983
2026-09-02T17:20:31.224071+00:00,17,2,KRW-XPL,0.00896861
2026-09-02T17:20:31.224071+00:00,17,2,KRW-SAHARA,0.00865801
2026-09-02T17:20:31.224071+00:00,17,2,KRW-AAVE,0.00115075
2026-09-02T17:20:31.224071+00:00,17,2,KRW-ARX,0.01156069
2026-09-02T17:20:31.224071+00:00,17,2,KRW-TRX,0.00224467
2026-09-02T17:20:31.224071+00:00,17,2,KRW-HOLO,0.00234467
2026-09-02T17:20:31.224071+00:00,17,2,KRW-WLFI,0.00128949
2026-09-02T17:20:31.224071+00:00,17,2,KRW-BCH,0.00060187
2026-09-02T17:20:31.224071+00:00,17,2,KRW-DATA,0.00385356
2026-09-02T17:20:31.224071+00:00,17,2,KRW-PLUME,0.00516796
2026-09-02T17:20:31.224071+00:00,17,2,KRW-ARB,0.00600601
2026-09-02T17:20:31.224071+00:00,17,2,KRW-STORJ,0.00999286
2026-09-02T17:20:31.224071+00:00,17,2,KRW-BONK,0.00390625
2026-09-02T17:20:31.224071+00:00,17,2,KRW-ETC,0.00151400
2026-09-02T17:20:31.224071+00:00,17,2,KRW-ESP,0.00873362
2026-09-02T17:20:31.224071+00:00,17,2,KRW-0G,0.00394477
2026-09-02T17:20:31.224071+00:00,17,2,KRW-META2,0.00677966
2026-09-02T17:20:31.224071+00:00,17,2,KRW-BSB,0.00687285
2026-09-02T17:20:31.224071+00:00,17,2,KRW-ERA,0.00123993
2026-09-02T17:20:31.224071+00:00,17,2,KRW-MIRA,0.00309119
2026-09-02T17:20:31.224071+00:00,17,2,KRW-SAND,0.00197044
2026-09-02T17:20:31.224071+00:00,17,2,KRW-PEPE,0.00215285
2026-09-02T17:20:31.224071+00:00,17,2,KRW-POL,0.00796813
2026-09-02T17:20:31.224071+00:00,17,2,KRW-STX,0.00281294
2026-09-02T17:20:31.224071+00:00,17,2,KRW-IRYS,0.00539084
2026-09-02T17:20:31.224071+00:00,17,2,KRW-AXS,0.00240288
2026-09-02T17:20:31.224071+00:00,17,2,KRW-TAO,0.00269270
2026-09-02T17:20:31.224071+00:00,17,2,KRW-ALGO,0.00796813
2026-09-02T17:20:31.224071+00:00,17,2,KRW-JTO,0.00174672
2026-09-02T17:20:31.224071+00:00,17,2,KRW-CC,0.00660066
2026-09-02T17:20:31.224071+00:00,17,2,KRW-BIRB,0.00254777
2026-09-02T17:20:31.224071+00:00,17,2,KRW-ME,0.00233372
2026-09-02T17:20:31.224071+00:00,17,2,KRW-SEI,0.00300752
2026-09-02T17:20:31.224071+00:00,17,2,KRW-ENS,0.00137931
2026-09-02T17:20:31.224071+00:00,17,2,KRW-ZRO,0.00217628
2026-09-02T17:20:31.224071+00:00,17,2,KRW-TRUMP,0.00067363
2026-09-02T17:20:31.224071+00:00,17,2,KRW-XEC,0.00319319
2026-09-02T17:20:31.224071+00:00,17,2,KRW-RVN,0.00522193
2026-09-02T17:20:31.224071+00:00,17,2,KRW-ZAMA,0.00433839
2026-09-02T17:20:31.224071+00:00,17,2,KRW-GEOD,0.00332779
2026-09-02T17:20:31.224071+00:00,17,2,KRW-AKT,0.00291971
2026-09-02T17:20:31.224071+00:00,17,2,KRW-FIL,0.00091449
2026-09-02T17:20:31.224071+00:00,17,2,KRW-APT,0.00131320
2026-09-02T17:20:31.224071+00:00,17,2,KRW-DRV,0.00511509
2026-09-02T17:20:31.224071+00:00,17,2,KRW-ID,0.00457666
2026-09-02T17:20:31.224071+00:00,17,2,KRW-SOON,0.00772201
2026-09-02T17:20:31.224071+00:00,17,2,KRW-O,0.00403497
2026-09-02T17:20:31.224071+00:00,17,2,KRW-AVNT,0.00711744
2026-09-02T17:20:31.224071+00:00,17,2,KRW-TREE,0.00346620
2026-09-02T17:20:31.224071+00:00,17,2,KRW-KITE,0.00506329
2026-09-02T17:20:31.224071+00:00,17,2,KRW-BLEND,0.00351083
2026-09-02T17:20:31.224071+00:00,17,2,KRW-MANTRA,0.00496278
2026-09-02T17:20:31.224071+00:00,17,2,KRW-CFG,0.01398601
2026-09-02T17:20:31.224071+00:00,17,2,KRW-GAS,0.00244648
2026-09-02T17:20:31.224071+00:00,17,2,KRW-BERA,0.00412371
2026-09-02T17:20:31.224071+00:00,17,2,KRW-MEGA,0.00398406
2026-09-02T17:20:31.224071+00:00,17,2,KRW-SOPH,0.00153728
2026-09-02T17:20:31.224071+00:00,17,2,KRW-UP2,0.00280505
2026-09-02T17:20:31.224071+00:00,17,2,KRW-ZORA,0.00301054
2026-09-02T17:20:31.224071+00:00,17,2,KRW-OPG,0.00722022
2026-09-02T17:20:31.224071+00:00,17,2,KRW-BSV,0.00323550
2026-09-02T17:20:31.224071+00:00,17,2,KRW-HYPER,0.00333148
2026-09-02T17:20:31.224071+00:00,17,2,KRW-TRAC,0.00227015
2026-09-02T17:20:31.224071+00:00,17,2,KRW-IN,0.00432900
2026-09-02T17:20:31.224071+00:00,17,2,KRW-ATH,0.00479616
2026-09-02T17:20:31.224071+00:00,17,2,KRW-ETHFI,0.00134680
2026-09-02T17:20:31.224071+00:00,17,2,KRW-MON,0.00568182
2026-09-02T17:20:31.224071+00:00,17,2,KRW-ZIL,0.01169591
2026-09-02T17:20:31.224071+00:00,17,2,KRW-B3,0.00483481
2026-09-02T17:20:31.224071+00:00,17,2,KRW-ELSA,0.00158103
2026-09-02T17:20:31.224071+00:00,17,2,KRW-JUP,0.00341880
2026-09-02T17:20:31.224071+00:00,17,2,KRW-SIGN,0.00790514
2026-09-02T17:20:31.224071+00:00,17,2,KRW-FLOCK,0.00387597
2026-09-02T17:20:31.224071+00:00,17,2,KRW-DEEP,0.00511509
2026-09-02T17:20:31.224071+00:00,17,2,KRW-G,0.00392927
2026-09-02T17:20:31.224071+00:00,17,2,KRW-INJ,0.00077429
2026-09-02T17:20:31.224071+00:00,17,2,KRW-VVV,0.00366972
2026-09-02T17:20:31.224071+00:00,17,2,KRW-BIGTIME,0.00225989
2026-09-02T17:20:31.224071+00:00,17,2,KRW-BIO,0.00287770
2026-09-02T17:20:31.224071+00:00,17,2,KRW-RENDER,0.00259538
2026-09-02T17:20:31.224071+00:00,17,2,KRW-BARD,0.00600601
2026-09-02T17:20:31.224071+00:00,17,2,KRW-CHZ,0.00542005
2026-09-02T17:20:31.224071+00:00,17,2,KRW-LSK,0.00743494
2026-09-02T17:20:31.224071+00:00,17,2,KRW-CRO,0.00270270
2026-09-02T17:20:31.224071+00:00,17,2,KRW-VANA,0.00328947
2026-09-02T17:20:31.224071+00:00,17,2,KRW-LAYER,0.00324149
2026-09-02T17:20:31.224071+00:00,17,2,KRW-RED,0.00634921
2026-09-02T17:20:31.224071+00:00,17,2,KRW-DOT,0.00257400
2026-09-02T17:20:31.224071+00:00,17,2,KRW-ATOM,0.00300451
2026-09-02T17:20:31.224071+00:00,17,2,KRW-DOOD,0.01092896
2026-09-02T17:20:31.224071+00:00,17,2,KRW-XAUT,0.00216216
2026-09-02T17:20:31.224071+00:00,17,2,KRW-BORA,0.00655738
2026-09-02T17:20:31.224071+00:00,17,2,KRW-AWE,0.00236686
2026-09-02T17:20:31.224071+00:00,17,2,KRW-WAVES,0.00333890
2026-09-02T17:20:31.224071+00:00,17,2,KRW-ZKP,0.00154202
2026-09-02T17:20:31.224071+00:00,17,2,KRW-EDGE,0.00542005
2026-09-02T17:20:31.224071+00:00,17,2,KRW-ELF,0.00224719
2026-09-02T17:20:31.224071+00:00,17,2,KRW-AI,0.00380952
2026-09-02T17:20:31.224071+00:00,17,2,KRW-SNT,0.00112296
2026-09-02T17:20:31.224071+00:00,17,2,KRW-OPEN,0.00604230
2026-09-02T17:20:31.224071+00:00,17,2,KRW-SKR,0.00602410
2026-09-02T17:20:31.224071+00:00,17,2,KRW-MET2,0.00760456
2026-09-02T17:20:31.224071+00:00,17,2,KRW-FF,0.00687285
2026-09-02T17:20:31.224071+00:00,17,2,KRW-KAT,0.00326797
2026-09-02T17:20:31.224071+00:00,17,2,KRW-W,0.00766284
2026-09-02T17:20:31.224071+00:00,17,2,KRW-PENDLE,0.00161878
2026-09-02T17:20:31.224071+00:00,17,2,KRW-SPK,0.00362976
2026-09-02T17:20:31.224071+00:00,17,2,KRW-PYTH,0.00126984
2026-09-02T17:20:31.224071+00:00,17,2,KRW-STEEM,0.00341297
2026-09-02T17:20:31.224071+00:00,17,2,KRW-COW,0.01149425
2026-09-02T17:21:34.145387+00:00,17,2,KRW-SHIB,0.00140746
2026-09-02T17:21:34.145387+00:00,17,2,KRW-KAITO,0.00241838
2026-09-02T17:21:34.145387+00:00,17,2,KRW-SUI,0.00101266
2026-09-02T17:21:34.145387+00:00,17,2,KRW-MMT,0.00464037
2026-09-02T17:21:34.145387+00:00,17,2,KRW-LINK,0.00131666
2026-09-02T17:21:34.145387+00:00,17,2,KRW-PUMP,0.00356506
2026-09-02T17:21:34.145387+00:00,17,2,KRW-NEAR,0.00157978
2026-09-02T17:21:34.145387+00:00,17,2,KRW-ZBT,0.00873362
2026-09-02T17:21:34.145387+00:00,17,2,KRW-LA,0.00229095
2026-09-02T17:21:34.145387+00:00,17,2,KRW-CHIP,0.00179695
2026-09-02T17:21:34.145387+00:00,17,2,KRW-QUID,0.00337268
2026-09-02T17:21:34.145387+00:00,17,2,KRW-PENGU,0.00888889
2026-09-02T17:21:34.145387+00:00,17,2,KRW-AVAX,0.00102093
2026-09-02T17:21:34.145387+00:00,17,2,KRW-VIRTUAL,0.00108284
2026-09-02T17:21:34.145387+00:00,17,2,KRW-MOVE,0.00851064
2026-09-02T17:21:34.145387+00:00,17,2,KRW-UNI,0.00062834
2026-09-02T17:21:34.145387+00:00,17,2,KRW-PIEVERSE,0.00200067
2026-09-02T17:21:34.145387+00:00,17,2,KRW-PRL,0.00519481
2026-09-02T17:21:34.145387+00:00,17,2,KRW-HBAR,0.00995025
2026-09-02T17:21:34.145387+00:00,17,2,KRW-ONT,0.00276625
2026-09-02T17:21:34.145387+00:00,17,2,KRW-ENSO,0.00339559
2026-09-02T17:21:34.145387+00:00,17,2,KRW-XPL,0.00896861
2026-09-02T17:21:34.145387+00:00,17,2,KRW-SAHARA,0.00865801
2026-09-02T17:21:34.145387+00:00,17,2,KRW-AAVE,0.00172861
2026-09-02T17:21:34.145387+00:00,17,2,KRW-ARX,0.00579710
2026-09-02T17:21:34.145387+00:00,17,2,KRW-TRX,0.00224467
2026-09-02T17:21:34.145387+00:00,17,2,KRW-HOLO,0.00351906
2026-09-02T17:21:34.145387+00:00,17,2,KRW-WLFI,0.00258065
2026-09-02T17:21:34.145387+00:00,17,2,KRW-BCH,0.00060187
2026-09-02T17:21:34.145387+00:00,17,2,KRW-DATA,0.00385356
2026-09-02T17:21:34.145387+00:00,17,2,KRW-PLUME,0.00519481
2026-09-02T17:21:34.145387+00:00,17,2,KRW-ARB,0.00600601
2026-09-02T17:21:34.145387+00:00,17,2,KRW-STORJ,0.00999286
2026-09-02T17:21:34.145387+00:00,17,2,KRW-BONK,0.00195122
2026-09-02T17:21:34.145387+00:00,17,2,KRW-ETC,0.00151477
2026-09-02T17:21:34.145387+00:00,17,2,KRW-ESP,0.00873362
2026-09-02T17:21:34.145387+00:00,17,2,KRW-0G,0.00394477
2026-09-02T17:21:34.145387+00:00,17,2,KRW-META2,0.00677966
2026-09-02T17:21:34.145387+00:00,17,2,KRW-BSB,0.00687285
2026-09-02T17:21:34.145387+00:00,17,2,KRW-ERA,0.00248139
2026-09-02T17:21:34.145387+00:00,17,2,KRW-MIRA,0.00308642
2026-09-02T17:21:34.145387+00:00,17,2,KRW-SAND,0.00197044
2026-09-02T17:21:34.145387+00:00,17,2,KRW-PEPE,0.00215750
2026-09-02T17:21:34.145387+00:00,17,2,KRW-POL,0.01600000
2026-09-02T17:21:34.145387+00:00,17,2,KRW-STX,0.00561798
2026-09-02T17:21:34.145387+00:00,17,2,KRW-IRYS,0.00539084
2026-09-02T17:21:34.145387+00:00,17,2,KRW-AXS,0.00160256
2026-09-02T17:21:34.145387+00:00,17,2,KRW-TAO,0.00134725
2026-09-02T17:21:34.145387+00:00,17,2,KRW-ALGO,0.00796813
2026-09-02T17:21:34.145387+00:00,17,2,KRW-JTO,0.00174672
2026-09-02T17:21:34.145387+00:00,17,2,KRW-CC,0.01324503
2026-09-02T17:21:34.145387+00:00,17,2,KRW-BIRB,0.00254777
2026-09-02T17:21:34.145387+00:00,17,2,KRW-ME,0.00116754
2026-09-02T17:21:34.145387+00:00,17,2,KRW-SEI,0.00300752
2026-09-02T17:21:34.145387+00:00,17,2,KRW-ENS,0.00138122
2026-09-02T17:21:34.145387+00:00,17,2,KRW-ZRO,0.00217628
2026-09-02T17:21:34.145387+00:00,17,2,KRW-TRUMP,0.00134499
2026-09-02T17:21:34.145387+00:00,17,2,KRW-XEC,0.00319319
2026-09-02T17:21:34.145387+00:00,17,2,KRW-RVN,0.00522193
2026-09-02T17:21:34.145387+00:00,17,2,KRW-ZAMA,0.00433839
2026-09-02T17:21:34.145387+00:00,17,2,KRW-GEOD,0.00332779
2026-09-02T17:21:34.145387+00:00,17,2,KRW-AKT,0.00291971
2026-09-02T17:21:34.145387+00:00,17,2,KRW-FIL,0.00183150
2026-09-02T17:21:34.145387+00:00,17,2,KRW-APT,0.00131666
2026-09-02T17:21:34.145387+00:00,17,2,KRW-DRV,0.00511509
2026-09-02T17:21:34.145387+00:00,17,2,KRW-ID,0.00457666
2026-09-02T17:21:34.145387+00:00,17,2,KRW-SOON,0.00772201
2026-09-02T17:21:34.145387+00:00,17,2,KRW-O,0.00404040
2026-09-02T17:21:34.145387+00:00,17,2,KRW-AVNT,0.00711744
2026-09-02T17:21:34.145387+00:00,17,2,KRW-TREE,0.00347826
2026-09-02T17:21:34.145387+00:00,17,2,KRW-KITE,0.00506329
2026-09-02T17:21:34.145387+00:00,17,2,KRW-BLEND,0.00351083
2026-09-02T17:21:34.145387+00:00,17,2,KRW-MANTRA,0.00496278
2026-09-02T17:21:34.145387+00:00,17,2,KRW-CFG,0.01398601
2026-09-02T17:21:34.145387+00:00,17,2,KRW-GAS,0.00183542
2026-09-02T17:21:34.145387+00:00,17,2,KRW-BERA,0.00412371
2026-09-02T17:21:34.145387+00:00,17,2,KRW-MEGA,0.00598205
2026-09-02T17:21:34.145387+00:00,17,2,KRW-SOPH,0.00765111
2026-09-02T17:21:34.145387+00:00,17,2,KRW-UP2,0.00280505
2026-09-02T17:21:34.145387+00:00,17,2,KRW-ZORA,0.00201005
2026-09-02T17:21:34.145387+00:00,17,2,KRW-OPG,0.00722022
2026-09-02T17:21:34.145387+00:00,17,2,KRW-BSV,0.00323550
2026-09-02T17:21:34.145387+00:00,17,2,KRW-HYPER,0.00333519
2026-09-02T17:21:34.145387+00:00,17,2,KRW-TRAC,0.00227015
2026-09-02T17:21:34.145387+00:00,17,2,KRW-IN,0.00217155
2026-09-02T17:21:34.145387+00:00,17,2,KRW-ATH,0.00479616
2026-09-02T17:21:34.145387+00:00,17,2,KRW-ETHFI,0.00269906
2026-09-02T17:21:34.145387+00:00,17,2,KRW-MON,0.00568182
2026-09-02T17:21:34.145387+00:00,17,2,KRW-ZIL,0.01169591
2026-09-02T17:21:34.145387+00:00,17,2,KRW-B3,0.00483481
2026-09-02T17:21:34.145387+00:00,17,2,KRW-ELSA,0.00158103
2026-09-02T17:21:34.145387+00:00,17,2,KRW-JUP,0.00341880
2026-09-02T17:21:34.145387+00:00,17,2,KRW-SIGN,0.00790514
2026-09-02T17:21:34.145387+00:00,17,2,KRW-FLOCK,0.00387597
2026-09-02T17:21:34.145387+00:00,17,2,KRW-DEEP,0.00511509
2026-09-02T17:21:34.145387+00:00,17,2,KRW-G,0.00392927
2026-09-02T17:21:34.145387+00:00,17,2,KRW-INJ,0.00928074
2026-09-02T17:21:34.145387+00:00,17,2,KRW-VVV,0.00229516
2026-09-02T17:21:34.145387+00:00,17,2,KRW-BIGTIME,0.00225989
2026-09-02T17:21:34.145387+00:00,17,2,KRW-BIO,0.00287770
2026-09-02T17:21:34.145387+00:00,17,2,KRW-RENDER,0.00207792
2026-09-02T17:21:34.145387+00:00,17,2,KRW-BARD,0.00600601
2026-09-02T17:21:34.145387+00:00,17,2,KRW-CHZ,0.00542005
2026-09-02T17:21:34.145387+00:00,17,2,KRW-LSK,0.00743494
2026-09-02T17:21:34.145387+00:00,17,2,KRW-CRO,0.00405132
2026-09-02T17:21:34.145387+00:00,17,2,KRW-VANA,0.00246812
2026-09-02T17:21:34.145387+00:00,17,2,KRW-LAYER,0.00324149
2026-09-02T17:21:34.145387+00:00,17,2,KRW-RED,0.00634921
2026-09-02T17:21:34.145387+00:00,17,2,KRW-DOT,0.00257400
2026-09-02T17:21:34.145387+00:00,17,2,KRW-ATOM,0.00200401
2026-09-02T17:21:34.145387+00:00,17,2,KRW-DOOD,0.01092896
2026-09-02T17:21:34.145387+00:00,17,2,KRW-XAUT,0.00199601
2026-09-02T17:21:34.145387+00:00,17,2,KRW-BORA,0.00655738
2026-09-02T17:21:34.145387+00:00,17,2,KRW-AWE,0.00236686
2026-09-02T17:21:34.145387+00:00,17,2,KRW-WAVES,0.00333890
2026-09-02T17:21:34.145387+00:00,17,2,KRW-ZKP,0.00154919
2026-09-02T17:21:34.145387+00:00,17,2,KRW-EDGE,0.00433839
2026-09-02T17:21:34.145387+00:00,17,2,KRW-ELF,0.00224719
2026-09-02T17:21:34.145387+00:00,17,2,KRW-AI,0.00380952
2026-09-02T17:21:34.145387+00:00,17,2,KRW-SNT,0.00112296
2026-09-02T17:21:34.145387+00:00,17,2,KRW-OPEN,0.00604230
2026-09-02T17:21:34.145387+00:00,17,2,KRW-SKR,0.00300752
2026-09-02T17:21:34.145387+00:00,17,2,KRW-MET2,0.00760456
2026-09-02T17:21:34.145387+00:00,17,2,KRW-FF,0.00687285
2026-09-02T17:21:34.145387+00:00,17,2,KRW-KAT,0.00326797
2026-09-02T17:21:34.145387+00:00,17,2,KRW-W,0.00766284
2026-09-02T17:21:34.145387+00:00,17,2,KRW-PENDLE,0.00162140
2026-09-02T17:21:34.145387+00:00,17,2,KRW-SPK,0.00362976
2026-09-02T17:21:34.145387+00:00,17,2,KRW-PYTH,0.00253807
2026-09-02T17:21:34.145387+00:00,17,2,KRW-STEEM,0.00341297
2026-09-02T17:21:34.145387+00:00,17,2,KRW-COW,0.01149425
2026-09-02T18:07:02.504555+00:00,18,3,KRW-SHIB,0.00140351
2026-09-02T18:07:02.504555+00:00,18,3,KRW-KAITO,0.00240674
2026-09-02T18:07:02.504555+00:00,18,3,KRW-SUI,0.00201005
2026-09-02T18:07:02.504555+00:00,18,3,KRW-MMT,0.00464037
2026-09-02T18:07:02.504555+00:00,18,3,KRW-LINK,0.00130890
2026-09-02T18:07:02.504555+00:00,18,3,KRW-PUMP,0.00354610
2026-09-02T18:07:02.504555+00:00,18,3,KRW-NEAR,0.00117855
2026-09-02T18:07:02.504555+00:00,18,3,KRW-ZBT,0.00873362
2026-09-02T18:07:02.504555+00:00,18,3,KRW-LA,0.00231750
2026-09-02T18:07:02.504555+00:00,18,3,KRW-CHIP,0.00355240
2026-09-02T18:07:02.504555+00:00,18,3,KRW-QUID,0.00564653
2026-09-02T18:07:02.504555+00:00,18,3,KRW-PENGU,0.00881057
2026-09-02T18:07:02.504555+00:00,18,3,KRW-AVAX,0.00101471
2026-09-02T18:07:02.504555+00:00,18,3,KRW-VIRTUAL,0.00217155
2026-09-02T18:07:02.504555+00:00,18,3,KRW-MOVE,0.00851064
2026-09-02T18:07:02.504555+00:00,18,3,KRW-UNI,0.00187676
2026-09-02T18:07:02.504555+00:00,18,3,KRW-PIEVERSE,0.00333222
2026-09-02T18:07:02.504555+00:00,18,3,KRW-PRL,0.00519481
2026-09-02T18:07:02.504555+00:00,18,3,KRW-HBAR,0.00985222
2026-09-02T18:07:02.504555+00:00,18,3,KRW-ONT,0.00276625
2026-09-02T18:07:02.504555+00:00,18,3,KRW-ENSO,0.00338696
2026-09-02T18:07:02.504555+00:00,18,3,KRW-XPL,0.00873362
2026-09-02T18:07:02.504555+00:00,18,3,KRW-SAHARA,0.00865801
2026-09-02T18:07:02.504555+00:00,18,3,KRW-AAVE,0.00171674
2026-09-02T18:07:02.504555+00:00,18,3,KRW-ARX,0.00573066
2026-09-02T18:07:02.504555+00:00,18,3,KRW-TRX,0.00224467
2026-09-02T18:07:02.504555+00:00,18,3,KRW-HOLO,0.00117302
2026-09-02T18:07:02.504555+00:00,18,3,KRW-WLFI,0.00258065
2026-09-02T18:07:02.504555+00:00,18,3,KRW-BCH,0.00149365
2026-09-02T18:07:02.504555+00:00,18,3,KRW-DATA,0.00386847
2026-09-02T18:07:02.504555+00:00,18,3,KRW-PLUME,0.00516796
2026-09-02T18:07:02.504555+00:00,18,3,KRW-ARB,0.00586510
2026-09-02T18:07:02.504555+00:00,18,3,KRW-STORJ,0.00568182
2026-09-02T18:07:02.504555+00:00,18,3,KRW-BONK,0.00390625
2026-09-02T18:07:02.504555+00:00,18,3,KRW-ETC,0.00201207
2026-09-02T18:07:02.504555+00:00,18,3,KRW-ESP,0.00873362
2026-09-02T18:07:02.504555+00:00,18,3,KRW-0G,0.00391389
2026-09-02T18:07:02.504555+00:00,18,3,KRW-META2,0.00067408
2026-09-02T18:07:02.504555+00:00,18,3,KRW-BSB,0.00687285
2026-09-02T18:07:02.504555+00:00,18,3,KRW-ERA,0.00124456
2026-09-02T18:07:02.504555+00:00,18,3,KRW-MIRA,0.00312012
2026-09-02T18:07:02.504555+00:00,18,3,KRW-SAND,0.00395257
2026-09-02T18:07:02.504555+00:00,18,3,KRW-PEPE,0.00213904
2026-09-02T18:07:02.504555+00:00,18,3,KRW-POL,0.00790514
2026-09-02T18:07:02.504555+00:00,18,3,KRW-STX,0.00280505
2026-09-02T18:07:02.504555+00:00,18,3,KRW-IRYS,0.00539084
2026-09-02T18:07:02.504555+00:00,18,3,KRW-AXS,0.00158983
2026-09-02T18:07:02.504555+00:00,18,3,KRW-TAO,0.00133914
2026-09-02T18:07:02.504555+00:00,18,3,KRW-ALGO,0.00790514
2026-09-02T18:07:02.504555+00:00,18,3,KRW-JTO,0.00346620
2026-09-02T18:07:02.504555+00:00,18,3,KRW-CC,0.01324503
2026-09-02T18:07:02.504555+00:00,18,3,KRW-BIRB,0.00256082
2026-09-02T18:07:02.504555+00:00,18,3,KRW-ME,0.00349447
2026-09-02T18:07:02.504555+00:00,18,3,KRW-SEI,0.00299850
2026-09-02T18:07:02.504555+00:00,18,3,KRW-ENS,0.00207254
2026-09-02T18:07:02.504555+00:00,18,3,KRW-ZRO,0.00360620
2026-09-02T18:07:02.504555+00:00,18,3,KRW-TRUMP,0.00167252
2026-09-02T18:07:02.504555+00:00,18,3,KRW-XEC,0.00425080
2026-09-02T18:07:02.504555+00:00,18,3,KRW-RVN,0.01036269
2026-09-02T18:07:02.504555+00:00,18,3,KRW-ZAMA,0.00428266
2026-09-02T18:07:02.504555+00:00,18,3,KRW-GEOD,0.00668896
2026-09-02T18:07:02.504555+00:00,18,3,KRW-AKT,0.00291971
2026-09-02T18:07:02.504555+00:00,18,3,KRW-FIL,0.00271370
2026-09-02T18:07:02.504555+00:00,18,3,KRW-APT,0.00260078
2026-09-02T18:07:02.504555+00:00,18,3,KRW-DRV,0.00511509
2026-09-02T18:07:02.504555+00:00,18,3,KRW-ID,0.00457666
2026-09-02T18:07:02.504555+00:00,18,3,KRW-SOON,0.00386847
2026-09-02T18:07:02.504555+00:00,18,3,KRW-O,0.00402955
2026-09-02T18:07:02.504555+00:00,18,3,KRW-AVNT,0.00722022
2026-09-02T18:07:02.504555+00:00,18,3,KRW-TREE,0.00177148
2026-09-02T18:07:02.504555+00:00,18,3,KRW-KITE,0.00506329
2026-09-02T18:07:02.504555+00:00,18,3,KRW-BLEND,0.00467836
2026-09-02T18:07:02.504555+00:00,18,3,KRW-MANTRA,0.00493827
2026-09-02T18:07:02.504555+00:00,18,3,KRW-CFG,0.00692042
2026-09-02T18:07:02.504555+00:00,18,3,KRW-GAS,0.00183430
2026-09-02T18:07:02.504555+00:00,18,3,KRW-BERA,0.00819672
2026-09-02T18:07:02.504555+00:00,18,3,KRW-MEGA,0.00199402
2026-09-02T18:07:02.504555+00:00,18,3,KRW-SOPH,0.00623053
2026-09-02T18:07:02.504555+00:00,18,3,KRW-UP2,0.00139958
2026-09-02T18:07:02.504555+00:00,18,3,KRW-ZORA,0.00301963
2026-09-02T18:07:02.504555+00:00,18,3,KRW-OPG,0.00732601
2026-09-02T18:07:02.504555+00:00,18,3,KRW-BSV,0.00184758
2026-09-02T18:07:02.504555+00:00,18,3,KRW-HYPER,0.00222222
2026-09-02T18:07:02.504555+00:00,18,3,KRW-TRAC,0.00454545
2026-09-02T18:07:02.504555+00:00,18,3,KRW-IN,0.00217155
2026-09-02T18:07:02.504555+00:00,18,3,KRW-ATH,0.00159872
2026-09-02T18:07:02.504555+00:00,18,3,KRW-ETHFI,0.00131666
2026-09-02T18:07:02.504555+00:00,18,3,KRW-MON,0.00563380
2026-09-02T18:07:02.504555+00:00,18,3,KRW-ZIL,0.00878477
2026-09-02T18:07:02.504555+00:00,18,3,KRW-B3,0.00323625
2026-09-02T18:07:02.504555+00:00,18,3,KRW-ELSA,0.00475813
2026-09-02T18:07:02.504555+00:00,18,3,KRW-JUP,0.00339559
2026-09-02T18:07:02.504555+00:00,18,3,KRW-SIGN,0.00796813
2026-09-02T18:07:02.504555+00:00,18,3,KRW-FLOCK,0.00195886
2026-09-02T18:07:02.504555+00:00,18,3,KRW-DEEP,0.00508906
2026-09-02T18:07:02.504555+00:00,18,3,KRW-G,0.00587659
2026-09-02T18:07:02.504555+00:00,18,3,KRW-INJ,0.00933852
2026-09-02T18:07:02.504555+00:00,18,3,KRW-VVV,0.00273973
2026-09-02T18:07:02.504555+00:00,18,3,KRW-BIGTIME,0.00338028
2026-09-02T18:07:02.504555+00:00,18,3,KRW-BIO,0.00284495
2026-09-02T18:07:02.504555+00:00,18,3,KRW-RENDER,0.00154599
2026-09-02T18:07:02.504555+00:00,18,3,KRW-BARD,0.00600601
2026-09-02T18:07:02.504555+00:00,18,3,KRW-CHZ,0.00542005
2026-09-02T18:07:02.504555+00:00,18,3,KRW-LSK,0.00743494
2026-09-02T18:07:02.504555+00:00,18,3,KRW-CRO,0.00406229
2026-09-02T18:07:02.504555+00:00,18,3,KRW-VANA,0.00329218
2026-09-02T18:07:02.504555+00:00,18,3,KRW-LAYER,0.00216216
2026-09-02T18:07:02.504555+00:00,18,3,KRW-RED,0.01265823
2026-09-02T18:07:02.504555+00:00,18,3,KRW-DOT,0.00255428
2026-09-02T18:07:02.504555+00:00,18,3,KRW-ATOM,0.00299103
2026-09-02T18:07:02.504555+00:00,18,3,KRW-DOOD,0.00547945
2026-09-02T18:07:02.504555+00:00,18,3,KRW-XAUT,0.00199369
2026-09-02T18:07:02.504555+00:00,18,3,KRW-BORA,0.00978793
2026-09-02T18:07:02.504555+00:00,18,3,KRW-AWE,0.00236407
2026-09-02T18:07:02.504555+00:00,18,3,KRW-WAVES,0.00333890
2026-09-02T18:07:02.504555+00:00,18,3,KRW-ZKP,0.00310078
2026-09-02T18:07:02.504555+00:00,18,3,KRW-EDGE,0.00433369
2026-09-02T18:07:02.504555+00:00,18,3,KRW-ELF,0.01127396
2026-09-02T18:07:02.504555+00:00,18,3,KRW-AI,0.00380952
2026-09-02T18:07:02.504555+00:00,18,3,KRW-SNT,0.00112170
2026-09-02T18:07:02.504555+00:00,18,3,KRW-OPEN,0.00604230
2026-09-02T18:07:02.504555+00:00,18,3,KRW-SKR,0.00611621
2026-09-02T18:07:02.504555+00:00,18,3,KRW-MET2,0.00751880
2026-09-02T18:07:02.504555+00:00,18,3,KRW-FF,0.00706714
2026-09-02T18:07:02.504555+00:00,18,3,KRW-KAT,0.00326797
2026-09-02T18:07:02.504555+00:00,18,3,KRW-W,0.00760456
2026-09-02T18:07:02.504555+00:00,18,3,KRW-PENDLE,0.00159490
2026-09-02T18:07:02.504555+00:00,18,3,KRW-SPK,0.00362976
2026-09-02T18:07:02.504555+00:00,18,3,KRW-PYTH,0.00250627
2026-09-02T18:07:02.504555+00:00,18,3,KRW-STEEM,0.00513259
2026-09-02T18:07:02.504555+00:00,18,3,KRW-COW,0.01149425
2026-09-02T18:08:05.583643+00:00,18,3,KRW-SHIB,0.00140351
2026-09-02T18:08:05.583643+00:00,18,3,KRW-KAITO,0.00240674
2026-09-02T18:08:05.583643+00:00,18,3,KRW-SUI,0.00201207
2026-09-02T18:08:05.583643+00:00,18,3,KRW-MMT,0.00464037
2026-09-02T18:08:05.583643+00:00,18,3,KRW-LINK,0.00130890
2026-09-02T18:08:05.583643+00:00,18,3,KRW-PUMP,0.00354610
2026-09-02T18:08:05.583643+00:00,18,3,KRW-NEAR,0.00157233
2026-09-02T18:08:05.583643+00:00,18,3,KRW-ZBT,0.00873362
2026-09-02T18:08:05.583643+00:00,18,3,KRW-LA,0.00347423
2026-09-02T18:08:05.583643+00:00,18,3,KRW-CHIP,0.00355872
2026-09-02T18:08:05.583643+00:00,18,3,KRW-QUID,0.00564653
2026-09-02T18:08:05.583643+00:00,18,3,KRW-PENGU,0.00881057
2026-09-02T18:08:05.583643+00:00,18,3,KRW-AVAX,0.00050723
2026-09-02T18:08:05.583643+00:00,18,3,KRW-VIRTUAL,0.00217155
2026-09-02T18:08:05.583643+00:00,18,3,KRW-MOVE,0.00851064
2026-09-02T18:08:05.583643+00:00,18,3,KRW-UNI,0.00125392
2026-09-02T18:08:05.583643+00:00,18,3,KRW-PIEVERSE,0.00333222
2026-09-02T18:08:05.583643+00:00,18,3,KRW-PRL,0.00519481
2026-09-02T18:08:05.583643+00:00,18,3,KRW-HBAR,0.00985222
2026-09-02T18:08:05.583643+00:00,18,3,KRW-ONT,0.00276625
2026-09-02T18:08:05.583643+00:00,18,3,KRW-ENSO,0.00338696
2026-09-02T18:08:05.583643+00:00,18,3,KRW-XPL,0.00873362
2026-09-02T18:08:05.583643+00:00,18,3,KRW-SAHARA,0.00865801
2026-09-02T18:08:05.583643+00:00,18,3,KRW-AAVE,0.00114416
2026-09-02T18:08:05.583643+00:00,18,3,KRW-ARX,0.00573066
2026-09-02T18:08:05.583643+00:00,18,3,KRW-TRX,0.00224467
2026-09-02T18:08:05.583643+00:00,18,3,KRW-HOLO,0.00117302
2026-09-02T18:08:05.583643+00:00,18,3,KRW-WLFI,0.00258065
2026-09-02T18:08:05.583643+00:00,18,3,KRW-BCH,0.00179319
2026-09-02T18:08:05.583643+00:00,18,3,KRW-DATA,0.00386847
2026-09-02T18:08:05.583643+00:00,18,3,KRW-PLUME,0.00516796
2026-09-02T18:08:05.583643+00:00,18,3,KRW-ARB,0.00586510
2026-09-02T18:08:05.583643+00:00,18,3,KRW-STORJ,0.00568182
2026-09-02T18:08:05.583643+00:00,18,3,KRW-BONK,0.00586510
2026-09-02T18:08:05.583643+00:00,18,3,KRW-ETC,0.00150943
2026-09-02T18:08:05.583643+00:00,18,3,KRW-ESP,0.00873362
2026-09-02T18:08:05.583643+00:00,18,3,KRW-0G,0.00391389
2026-09-02T18:08:05.583643+00:00,18,3,KRW-META2,0.00067408
2026-09-02T18:08:05.583643+00:00,18,3,KRW-BSB,0.00687285
2026-09-02T18:08:05.583643+00:00,18,3,KRW-ERA,0.00124456
2026-09-02T18:08:05.583643+00:00,18,3,KRW-MIRA,0.00468384
2026-09-02T18:08:05.583643+00:00,18,3,KRW-SAND,0.00197824
2026-09-02T18:08:05.583643+00:00,18,3,KRW-PEPE,0.00428266
2026-09-02T18:08:05.583643+00:00,18,3,KRW-POL,0.00790514
2026-09-02T18:08:05.583643+00:00,18,3,KRW-STX,0.00280505
2026-09-02T18:08:05.583643+00:00,18,3,KRW-IRYS,0.00539084
2026-09-02T18:08:05.583643+00:00,18,3,KRW-AXS,0.00158983
2026-09-02T18:08:05.583643+00:00,18,3,KRW-TAO,0.00033495
2026-09-02T18:08:05.583643+00:00,18,3,KRW-ALGO,0.00790514
2026-09-02T18:08:05.583643+00:00,18,3,KRW-JTO,0.00346620
2026-09-02T18:08:05.583643+00:00,18,3,KRW-CC,0.01324503
2026-09-02T18:08:05.583643+00:00,18,3,KRW-BIRB,0.00255428
2026-09-02T18:08:05.583643+00:00,18,3,KRW-ME,0.00116482
2026-09-02T18:08:05.583643+00:00,18,3,KRW-SEI,0.00150038
2026-09-02T18:08:05.583643+00:00,18,3,KRW-ENS,0.00207397
2026-09-02T18:08:05.583643+00:00,18,3,KRW-ZRO,0.00288600
2026-09-02T18:08:05.583643+00:00,18,3,KRW-TRUMP,0.00066934
2026-09-02T18:08:05.583643+00:00,18,3,KRW-XEC,0.00425080
2026-09-02T18:08:05.583643+00:00,18,3,KRW-RVN,0.01036269
2026-09-02T18:08:05.583643+00:00,18,3,KRW-ZAMA,0.00428266
2026-09-02T18:08:05.583643+00:00,18,3,KRW-GEOD,0.00668896
2026-09-02T18:08:05.583643+00:00,18,3,KRW-AKT,0.00291971
2026-09-02T18:08:05.583643+00:00,18,3,KRW-FIL,0.00180995
2026-09-02T18:08:05.583643+00:00,18,3,KRW-APT,0.00130124
2026-09-02T18:08:05.583643+00:00,18,3,KRW-DRV,0.00511509
2026-09-02T18:08:05.583643+00:00,18,3,KRW-ID,0.00457666
2026-09-02T18:08:05.583643+00:00,18,3,KRW-SOON,0.00386847
2026-09-02T18:08:05.583643+00:00,18,3,KRW-O,0.00402955
2026-09-02T18:08:05.583643+00:00,18,3,KRW-AVNT,0.00722022
2026-09-02T18:08:05.583643+00:00,18,3,KRW-TREE,0.00353982
2026-09-02T18:08:05.583643+00:00,18,3,KRW-KITE,0.00506329
2026-09-02T18:08:05.583643+00:00,18,3,KRW-BLEND,0.00467836
2026-09-02T18:08:05.583643+00:00,18,3,KRW-MANTRA,0.00493827
2026-09-02T18:08:05.583643+00:00,18,3,KRW-CFG,0.00692042
2026-09-02T18:08:05.583643+00:00,18,3,KRW-GAS,0.00244499
2026-09-02T18:08:05.583643+00:00,18,3,KRW-BERA,0.00819672
2026-09-02T18:08:05.583643+00:00,18,3,KRW-MEGA,0.00397614
2026-09-02T18:08:05.583643+00:00,18,3,KRW-SOPH,0.00467654
2026-09-02T18:08:05.583643+00:00,18,3,KRW-UP2,0.00139958
2026-09-02T18:08:05.583643+00:00,18,3,KRW-ZORA,0.00201613
2026-09-02T18:08:05.583643+00:00,18,3,KRW-OPG,0.00732601
2026-09-02T18:08:05.583643+00:00,18,3,KRW-BSV,0.00184758
2026-09-02T18:08:05.583643+00:00,18,3,KRW-HYPER,0.00222222
2026-09-02T18:08:05.583643+00:00,18,3,KRW-TRAC,0.00454545
2026-09-02T18:08:05.583643+00:00,18,3,KRW-IN,0.00217155
2026-09-02T18:08:05.583643+00:00,18,3,KRW-ATH,0.00159872
2026-09-02T18:08:05.583643+00:00,18,3,KRW-ETHFI,0.00263505
2026-09-02T18:08:05.583643+00:00,18,3,KRW-MON,0.00282087
2026-09-02T18:08:05.583643+00:00,18,3,KRW-ZIL,0.00878477
2026-09-02T18:08:05.583643+00:00,18,3,KRW-B3,0.00323625
2026-09-02T18:08:05.583643+00:00,18,3,KRW-ELSA,0.00158856
2026-09-02T18:08:05.583643+00:00,18,3,KRW-JUP,0.00339559
2026-09-02T18:08:05.583643+00:00,18,3,KRW-SIGN,0.00796813
2026-09-02T18:08:05.583643+00:00,18,3,KRW-FLOCK,0.00392927
2026-09-02T18:08:05.583643+00:00,18,3,KRW-DEEP,0.01020408
2026-09-02T18:08:05.583643+00:00,18,3,KRW-G,0.00392157
2026-09-02T18:08:05.583643+00:00,18,3,KRW-INJ,0.00234283
2026-09-02T18:08:05.583643+00:00,18,3,KRW-VVV,0.00319708
2026-09-02T18:08:05.583643+00:00,18,3,KRW-BIGTIME,0.00225734
2026-09-02T18:08:05.583643+00:00,18,3,KRW-BIO,0.00569801
2026-09-02T18:08:05.583643+00:00,18,3,KRW-RENDER,0.00309438
2026-09-02T18:08:05.583643+00:00,18,3,KRW-BARD,0.00600601
2026-09-02T18:08:05.583643+00:00,18,3,KRW-CHZ,0.00542005
2026-09-02T18:08:05.583643+00:00,18,3,KRW-LSK,0.00743494
2026-09-02T18:08:05.583643+00:00,18,3,KRW-CRO,0.00406229
2026-09-02T18:08:05.583643+00:00,18,3,KRW-VANA,0.00329218
2026-09-02T18:08:05.583643+00:00,18,3,KRW-LAYER,0.00216216
2026-09-02T18:08:05.583643+00:00,18,3,KRW-RED,0.01265823
2026-09-02T18:08:05.583643+00:00,18,3,KRW-DOT,0.00255646
2026-09-02T18:08:05.583643+00:00,18,3,KRW-ATOM,0.00249314
2026-09-02T18:08:05.583643+00:00,18,3,KRW-DOOD,0.00547945
2026-09-02T18:08:05.583643+00:00,18,3,KRW-XAUT,0.00182770
2026-09-02T18:08:05.583643+00:00,18,3,KRW-BORA,0.00978793
2026-09-02T18:08:05.583643+00:00,18,3,KRW-AWE,0.00236407
2026-09-02T18:08:05.583643+00:00,18,3,KRW-WAVES,0.00333890
2026-09-02T18:08:05.583643+00:00,18,3,KRW-ZKP,0.00155159
2026-09-02T18:08:05.583643+00:00,18,3,KRW-EDGE,0.00433369
2026-09-02T18:08:05.583643+00:00,18,3,KRW-ELF,0.00900901
2026-09-02T18:08:05.583643+00:00,18,3,KRW-AI,0.00380952
2026-09-02T18:08:05.583643+00:00,18,3,KRW-SNT,0.00112170
2026-09-02T18:08:05.583643+00:00,18,3,KRW-OPEN,0.00604230
2026-09-02T18:08:05.583643+00:00,18,3,KRW-SKR,0.00304414
2026-09-02T18:08:05.583643+00:00,18,3,KRW-MET2,0.00751880
2026-09-02T18:08:05.583643+00:00,18,3,KRW-FF,0.01418440
2026-09-02T18:08:05.583643+00:00,18,3,KRW-KAT,0.00326797
2026-09-02T18:08:05.583643+00:00,18,3,KRW-W,0.00760456
2026-09-02T18:08:05.583643+00:00,18,3,KRW-PENDLE,0.00199402
2026-09-02T18:08:05.583643+00:00,18,3,KRW-SPK,0.00362976
2026-09-02T18:08:05.583643+00:00,18,3,KRW-PYTH,0.00250941
2026-09-02T18:08:05.583643+00:00,18,3,KRW-STEEM,0.00513259
2026-09-02T18:08:05.583643+00:00,18,3,KRW-COW,0.01149425
2026-09-02T18:09:08.651843+00:00,18,3,KRW-SHIB,0.00140351
2026-09-02T18:09:08.651843+00:00,18,3,KRW-KAITO,0.00240674
2026-09-02T18:09:08.651843+00:00,18,3,KRW-SUI,0.00200803
2026-09-02T18:09:08.651843+00:00,18,3,KRW-MMT,0.00464037
2026-09-02T18:09:08.651843+00:00,18,3,KRW-LINK,0.00130719
2026-09-02T18:09:08.651843+00:00,18,3,KRW-PUMP,0.00177148
2026-09-02T18:09:08.651843+00:00,18,3,KRW-NEAR,0.00117716
2026-09-02T18:09:08.651843+00:00,18,3,KRW-ZBT,0.00873362
2026-09-02T18:09:08.651843+00:00,18,3,KRW-LA,0.00346220
2026-09-02T18:09:08.651843+00:00,18,3,KRW-CHIP,0.00355872
2026-09-02T18:09:08.651843+00:00,18,3,KRW-QUID,0.00564653
2026-09-02T18:09:08.651843+00:00,18,3,KRW-PENGU,0.00881057
2026-09-02T18:09:08.651843+00:00,18,3,KRW-AVAX,0.00101420
2026-09-02T18:09:08.651843+00:00,18,3,KRW-VIRTUAL,0.00108401
2026-09-02T18:09:08.651843+00:00,18,3,KRW-MOVE,0.00851064
2026-09-02T18:09:08.651843+00:00,18,3,KRW-UNI,0.00187676
2026-09-02T18:09:08.651843+00:00,18,3,KRW-PIEVERSE,0.00265957
2026-09-02T18:09:08.651843+00:00,18,3,KRW-PRL,0.00519481
2026-09-02T18:09:08.651843+00:00,18,3,KRW-HBAR,0.00985222
2026-09-02T18:09:08.651843+00:00,18,3,KRW-ONT,0.00276625
2026-09-02T18:09:08.651843+00:00,18,3,KRW-ENSO,0.00423191
2026-09-02T18:09:08.651843+00:00,18,3,KRW-XPL,0.00873362
2026-09-02T18:09:08.651843+00:00,18,3,KRW-SAHARA,0.00865801
2026-09-02T18:09:08.651843+00:00,18,3,KRW-AAVE,0.00228571
2026-09-02T18:09:08.651843+00:00,18,3,KRW-ARX,0.00573066
2026-09-02T18:09:08.651843+00:00,18,3,KRW-TRX,0.00224467
2026-09-02T18:09:08.651843+00:00,18,3,KRW-HOLO,0.00234467
2026-09-02T18:09:08.651843+00:00,18,3,KRW-WLFI,0.00257732
2026-09-02T18:09:08.651843+00:00,18,3,KRW-BCH,0.00089592
2026-09-02T18:09:08.651843+00:00,18,3,KRW-DATA,0.00772201
2026-09-02T18:09:08.651843+00:00,18,3,KRW-PLUME,0.00516796
2026-09-02T18:09:08.651843+00:00,18,3,KRW-ARB,0.00586510
2026-09-02T18:09:08.651843+00:00,18,3,KRW-STORJ,0.00424028
2026-09-02T18:09:08.651843+00:00,18,3,KRW-BONK,0.00586510
2026-09-02T18:09:08.651843+00:00,18,3,KRW-ETC,0.00201005
2026-09-02T18:09:08.651843+00:00,18,3,KRW-ESP,0.00873362
2026-09-02T18:09:08.651843+00:00,18,3,KRW-0G,0.00784314
2026-09-02T18:09:08.651843+00:00,18,3,KRW-META2,0.00067408
2026-09-02T18:09:08.651843+00:00,18,3,KRW-BSB,0.00687285
2026-09-02T18:09:08.651843+00:00,18,3,KRW-ERA,0.00124456
2026-09-02T18:09:08.651843+00:00,18,3,KRW-MIRA,0.00312500
2026-09-02T18:09:08.651843+00:00,18,3,KRW-SAND,0.00197824
2026-09-02T18:09:08.651843+00:00,18,3,KRW-PEPE,0.00213904
2026-09-02T18:09:08.651843+00:00,18,3,KRW-POL,0.00790514
2026-09-02T18:09:08.651843+00:00,18,3,KRW-STX,0.00280505
2026-09-02T18:09:08.651843+00:00,18,3,KRW-IRYS,0.00539084
2026-09-02T18:09:08.651843+00:00,18,3,KRW-AXS,0.00317712
2026-09-02T18:09:08.651843+00:00,18,3,KRW-TAO,0.00133914
2026-09-02T18:09:08.651843+00:00,18,3,KRW-ALGO,0.00790514
2026-09-02T18:09:08.651843+00:00,18,3,KRW-JTO,0.00173160
2026-09-02T18:09:08.651843+00:00,18,3,KRW-CC,0.00660066
2026-09-02T18:09:08.651843+00:00,18,3,KRW-BIRB,0.00255102
2026-09-02T18:09:08.651843+00:00,18,3,KRW-ME,0.00232829
2026-09-02T18:09:08.651843+00:00,18,3,KRW-SEI,0.00300752
2026-09-02T18:09:08.651843+00:00,18,3,KRW-ENS,0.00207111
2026-09-02T18:09:08.651843+00:00,18,3,KRW-ZRO,0.00432588
2026-09-02T18:09:08.651843+00:00,18,3,KRW-TRUMP,0.00167196
2026-09-02T18:09:08.651843+00:00,18,3,KRW-XEC,0.00425080
2026-09-02T18:09:08.651843+00:00,18,3,KRW-RVN,0.01036269
2026-09-02T18:09:08.651843+00:00,18,3,KRW-ZAMA,0.00141343
2026-09-02T18:09:08.651843+00:00,18,3,KRW-GEOD,0.00668896
2026-09-02T18:09:08.651843+00:00,18,3,KRW-AKT,0.00437637
2026-09-02T18:09:08.651843+00:00,18,3,KRW-FIL,0.00181159
2026-09-02T18:09:08.651843+00:00,18,3,KRW-APT,0.00260078
2026-09-02T18:09:08.651843+00:00,18,3,KRW-DRV,0.01550388
2026-09-02T18:09:08.651843+00:00,18,3,KRW-ID,0.00457666
2026-09-02T18:09:08.651843+00:00,18,3,KRW-SOON,0.00386847
2026-09-02T18:09:08.651843+00:00,18,3,KRW-O,0.00536913
2026-09-02T18:09:08.651843+00:00,18,3,KRW-AVNT,0.00722022
2026-09-02T18:09:08.651843+00:00,18,3,KRW-TREE,0.00353982
2026-09-02T18:09:08.651843+00:00,18,3,KRW-KITE,0.00506329
2026-09-02T18:09:08.651843+00:00,18,3,KRW-BLEND,0.00467836
2026-09-02T18:09:08.651843+00:00,18,3,KRW-MANTRA,0.00493827
2026-09-02T18:09:08.651843+00:00,18,3,KRW-CFG,0.00692042
2026-09-02T18:09:08.651843+00:00,18,3,KRW-GAS,0.00305530
2026-09-02T18:09:08.651843+00:00,18,3,KRW-BERA,0.00819672
2026-09-02T18:09:08.651843+00:00,18,3,KRW-MEGA,0.00397614
2026-09-02T18:09:08.651843+00:00,18,3,KRW-SOPH,0.00467654
2026-09-02T18:09:08.651843+00:00,18,3,KRW-UP2,0.00139958
2026-09-02T18:09:08.651843+00:00,18,3,KRW-ZORA,0.00302572
2026-09-02T18:09:08.651843+00:00,18,3,KRW-OPG,0.00732601
2026-09-02T18:09:08.651843+00:00,18,3,KRW-BSV,0.00184758
2026-09-02T18:09:08.651843+00:00,18,3,KRW-HYPER,0.00443951
2026-09-02T18:09:08.651843+00:00,18,3,KRW-TRAC,0.00454545
2026-09-02T18:09:08.651843+00:00,18,3,KRW-IN,0.00217155
2026-09-02T18:09:08.651843+00:00,18,3,KRW-ATH,0.00319489
2026-09-02T18:09:08.651843+00:00,18,3,KRW-ETHFI,0.00131666
2026-09-02T18:09:08.651843+00:00,18,3,KRW-MON,0.00563380
2026-09-02T18:09:08.651843+00:00,18,3,KRW-ZIL,0.00878477
2026-09-02T18:09:08.651843+00:00,18,3,KRW-B3,0.00161681
2026-09-02T18:09:08.651843+00:00,18,3,KRW-ELSA,0.00317460
2026-09-02T18:09:08.651843+00:00,18,3,KRW-JUP,0.00338409
2026-09-02T18:09:08.651843+00:00,18,3,KRW-SIGN,0.00796813
2026-09-02T18:09:08.651843+00:00,18,3,KRW-FLOCK,0.00393701
2026-09-02T18:09:08.651843+00:00,18,3,KRW-DEEP,0.01020408
2026-09-02T18:09:08.651843+00:00,18,3,KRW-G,0.00392157
2026-09-02T18:09:08.651843+00:00,18,3,KRW-INJ,0.00234283
2026-09-02T18:09:08.651843+00:00,18,3,KRW-VVV,0.00273973
2026-09-02T18:09:08.651843+00:00,18,3,KRW-BIGTIME,0.00338409
2026-09-02T18:09:08.651843+00:00,18,3,KRW-BIO,0.00568182
2026-09-02T18:09:08.651843+00:00,18,3,KRW-RENDER,0.00154599
2026-09-02T18:09:08.651843+00:00,18,3,KRW-BARD,0.00600601
2026-09-02T18:09:08.651843+00:00,18,3,KRW-CHZ,0.00542005
2026-09-02T18:09:08.651843+00:00,18,3,KRW-LSK,0.00743494
2026-09-02T18:09:08.651843+00:00,18,3,KRW-CRO,0.00406229
2026-09-02T18:09:08.651843+00:00,18,3,KRW-VANA,0.00329218
2026-09-02T18:09:08.651843+00:00,18,3,KRW-LAYER,0.00324149
2026-09-02T18:09:08.651843+00:00,18,3,KRW-RED,0.00634921
2026-09-02T18:09:08.651843+00:00,18,3,KRW-DOT,0.00255428
2026-09-02T18:09:08.651843+00:00,18,3,KRW-ATOM,0.00299103
2026-09-02T18:09:08.651843+00:00,18,3,KRW-DOOD,0.00547945
2026-09-02T18:09:08.651843+00:00,18,3,KRW-XAUT,0.00182770
2026-09-02T18:09:08.651843+00:00,18,3,KRW-BORA,0.00978793
2026-09-02T18:09:08.651843+00:00,18,3,KRW-AWE,0.00236407
2026-09-02T18:09:08.651843+00:00,18,3,KRW-WAVES,0.00333890
2026-09-02T18:09:08.651843+00:00,18,3,KRW-ZKP,0.00466200
2026-09-02T18:09:08.651843+00:00,18,3,KRW-EDGE,0.00325203
2026-09-02T18:09:08.651843+00:00,18,3,KRW-ELF,0.00900901
2026-09-02T18:09:08.651843+00:00,18,3,KRW-AI,0.00380952
2026-09-02T18:09:08.651843+00:00,18,3,KRW-SNT,0.00112170
2026-09-02T18:09:08.651843+00:00,18,3,KRW-OPEN,0.00604230
2026-09-02T18:09:08.651843+00:00,18,3,KRW-SKR,0.00611621
2026-09-02T18:09:08.651843+00:00,18,3,KRW-MET2,0.00751880
2026-09-02T18:09:08.651843+00:00,18,3,KRW-FF,0.00711744
2026-09-02T18:09:08.651843+00:00,18,3,KRW-KAT,0.00326264
2026-09-02T18:09:08.651843+00:00,18,3,KRW-W,0.00760456
2026-09-02T18:09:08.651843+00:00,18,3,KRW-PENDLE,0.00159426
2026-09-02T18:09:08.651843+00:00,18,3,KRW-SPK,0.00362976
2026-09-02T18:09:08.651843+00:00,18,3,KRW-PYTH,0.00376648
2026-09-02T18:09:08.651843+00:00,18,3,KRW-STEEM,0.00513259
2026-09-02T18:09:08.651843+00:00,18,3,KRW-COW,0.01149425
2026-09-02T18:10:11.791861+00:00,18,3,KRW-SHIB,0.00280899
2026-09-02T18:10:11.791861+00:00,18,3,KRW-KAITO,0.00240674
2026-09-02T18:10:11.791861+00:00,18,3,KRW-SUI,0.00100351
2026-09-02T18:10:11.791861+00:00,18,3,KRW-MMT,0.00925926
2026-09-02T18:10:11.791861+00:00,18,3,KRW-LINK,0.00196014
2026-09-02T18:10:11.791861+00:00,18,3,KRW-PUMP,0.00176835
2026-09-02T18:10:11.791861+00:00,18,3,KRW-NEAR,0.00117578
2026-09-02T18:10:11.791861+00:00,18,3,KRW-ZBT,0.00873362
2026-09-02T18:10:11.791861+00:00,18,3,KRW-LA,0.00231750
2026-09-02T18:10:11.791861+00:00,18,3,KRW-CHIP,0.00355872
2026-09-02T18:10:11.791861+00:00,18,3,KRW-QUID,0.00564653
2026-09-02T18:10:11.791861+00:00,18,3,KRW-PENGU,0.00881057
2026-09-02T18:10:11.791861+00:00,18,3,KRW-AVAX,0.00101420
2026-09-02T18:10:11.791861+00:00,18,3,KRW-VIRTUAL,0.00216685
2026-09-02T18:10:11.791861+00:00,18,3,KRW-MOVE,0.00851064
2026-09-02T18:10:11.791861+00:00,18,3,KRW-UNI,0.00187324
2026-09-02T18:10:11.791861+00:00,18,3,KRW-PIEVERSE,0.00198873
2026-09-02T18:10:11.791861+00:00,18,3,KRW-PRL,0.00519481
2026-09-02T18:10:11.791861+00:00,18,3,KRW-HBAR,0.00985222
2026-09-02T18:10:11.791861+00:00,18,3,KRW-ONT,0.00276625
2026-09-02T18:10:11.791861+00:00,18,3,KRW-ENSO,0.00422833
2026-09-02T18:10:11.791861+00:00,18,3,KRW-XPL,0.00873362
2026-09-02T18:10:11.791861+00:00,18,3,KRW-SAHARA,0.00865801
2026-09-02T18:10:11.791861+00:00,18,3,KRW-AAVE,0.00114220
2026-09-02T18:10:11.791861+00:00,18,3,KRW-ARX,0.00573066
2026-09-02T18:10:11.791861+00:00,18,3,KRW-TRX,0.00224467
2026-09-02T18:10:11.791861+00:00,18,3,KRW-HOLO,0.00351494
2026-09-02T18:10:11.791861+00:00,18,3,KRW-WLFI,0.00257400
2026-09-02T18:10:11.791861+00:00,18,3,KRW-BCH,0.00029855
2026-09-02T18:10:11.791861+00:00,18,3,KRW-DATA,0.00385356
2026-09-02T18:10:11.791861+00:00,18,3,KRW-PLUME,0.00516796
2026-09-02T18:10:11.791861+00:00,18,3,KRW-ARB,0.00586510
2026-09-02T18:10:11.791861+00:00,18,3,KRW-STORJ,0.00424028
2026-09-02T18:10:11.791861+00:00,18,3,KRW-BONK,0.00782779
2026-09-02T18:10:11.791861+00:00,18,3,KRW-ETC,0.00251193
2026-09-02T18:10:11.791861+00:00,18,3,KRW-ESP,0.00873362
2026-09-02T18:10:11.791861+00:00,18,3,KRW-0G,0.00391389
2026-09-02T18:10:11.791861+00:00,18,3,KRW-META2,0.00067408
2026-09-02T18:10:11.791861+00:00,18,3,KRW-BSB,0.00687285
2026-09-02T18:10:11.791861+00:00,18,3,KRW-ERA,0.00124456
2026-09-02T18:10:11.791861+00:00,18,3,KRW-MIRA,0.00312500
2026-09-02T18:10:11.791861+00:00,18,3,KRW-SAND,0.00197824
2026-09-02T18:10:11.791861+00:00,18,3,KRW-PEPE,0.00213904
2026-09-02T18:10:11.791861+00:00,18,3,KRW-POL,0.00790514
2026-09-02T18:10:11.791861+00:00,18,3,KRW-STX,0.00280505
2026-09-02T18:10:11.791861+00:00,18,3,KRW-IRYS,0.00539084
2026-09-02T18:10:11.791861+00:00,18,3,KRW-AXS,0.00158730
2026-09-02T18:10:11.791861+00:00,18,3,KRW-TAO,0.00267648
2026-09-02T18:10:11.791861+00:00,18,3,KRW-ALGO,0.00790514
2026-09-02T18:10:11.791861+00:00,18,3,KRW-JTO,0.00173160
2026-09-02T18:10:11.791861+00:00,18,3,KRW-CC,0.00660066
2026-09-02T18:10:11.791861+00:00,18,3,KRW-BIRB,0.00255102
2026-09-02T18:10:11.791861+00:00,18,3,KRW-ME,0.00232829
2026-09-02T18:10:11.791861+00:00,18,3,KRW-SEI,0.00300752
2026-09-02T18:10:11.791861+00:00,18,3,KRW-ENS,0.00068942
2026-09-02T18:10:11.791861+00:00,18,3,KRW-ZRO,0.00288184
2026-09-02T18:10:11.791861+00:00,18,3,KRW-TRUMP,0.00033383
2026-09-02T18:10:11.791861+00:00,18,3,KRW-XEC,0.00425080
2026-09-02T18:10:11.791861+00:00,18,3,KRW-RVN,0.01036269
2026-09-02T18:10:11.791861+00:00,18,3,KRW-ZAMA,0.00422833
2026-09-02T18:10:11.791861+00:00,18,3,KRW-GEOD,0.00668896
2026-09-02T18:10:11.791861+00:00,18,3,KRW-AKT,0.00437637
2026-09-02T18:10:11.791861+00:00,18,3,KRW-FIL,0.00180505
2026-09-02T18:10:11.791861+00:00,18,3,KRW-APT,0.00259740
2026-09-02T18:10:11.791861+00:00,18,3,KRW-DRV,0.01550388
2026-09-02T18:10:11.791861+00:00,18,3,KRW-ID,0.00457666
2026-09-02T18:10:11.791861+00:00,18,3,KRW-SOON,0.00386847
2026-09-02T18:10:11.791861+00:00,18,3,KRW-O,0.00536913
2026-09-02T18:10:11.791861+00:00,18,3,KRW-AVNT,0.00722022
2026-09-02T18:10:11.791861+00:00,18,3,KRW-TREE,0.00353982
2026-09-02T18:10:11.791861+00:00,18,3,KRW-KITE,0.00508906
2026-09-02T18:10:11.791861+00:00,18,3,KRW-BLEND,0.00585823
2026-09-02T18:10:11.791861+00:00,18,3,KRW-MANTRA,0.00493827
2026-09-02T18:10:11.791861+00:00,18,3,KRW-CFG,0.00692042
2026-09-02T18:10:11.791861+00:00,18,3,KRW-GAS,0.00244349
2026-09-02T18:10:11.791861+00:00,18,3,KRW-BERA,0.00408998
2026-09-02T18:10:11.791861+00:00,18,3,KRW-MEGA,0.00397614
2026-09-02T18:10:11.791861+00:00,18,3,KRW-SOPH,0.00312012
2026-09-02T18:10:11.791861+00:00,18,3,KRW-UP2,0.00139958
2026-09-02T18:10:11.791861+00:00,18,3,KRW-ZORA,0.00402820
2026-09-02T18:10:11.791861+00:00,18,3,KRW-OPG,0.00732601
2026-09-02T18:10:11.791861+00:00,18,3,KRW-BSV,0.00184758
2026-09-02T18:10:11.791861+00:00,18,3,KRW-HYPER,0.00221729
2026-09-02T18:10:11.791861+00:00,18,3,KRW-TRAC,0.00454545
2026-09-02T18:10:11.791861+00:00,18,3,KRW-IN,0.00217155
2026-09-02T18:10:11.791861+00:00,18,3,KRW-ATH,0.00319489
2026-09-02T18:10:11.791861+00:00,18,3,KRW-ETHFI,0.00131666
2026-09-02T18:10:11.791861+00:00,18,3,KRW-MON,0.00281294
2026-09-02T18:10:11.791861+00:00,18,3,KRW-ZIL,0.00878477
2026-09-02T18:10:11.791861+00:00,18,3,KRW-B3,0.00161681
2026-09-02T18:10:11.791861+00:00,18,3,KRW-ELSA,0.00317460
2026-09-02T18:10:11.791861+00:00,18,3,KRW-JUP,0.00338409
2026-09-02T18:10:11.791861+00:00,18,3,KRW-SIGN,0.00796813
2026-09-02T18:10:11.791861+00:00,18,3,KRW-FLOCK,0.00392927
2026-09-02T18:10:11.791861+00:00,18,3,KRW-DEEP,0.01020408
2026-09-02T18:10:11.791861+00:00,18,3,KRW-G,0.00392157
2026-09-02T18:10:11.791861+00:00,18,3,KRW-INJ,0.01090343
2026-09-02T18:10:11.791861+00:00,18,3,KRW-VVV,0.00319125
2026-09-02T18:10:11.791861+00:00,18,3,KRW-BIGTIME,0.00338409
2026-09-02T18:10:11.791861+00:00,18,3,KRW-BIO,0.00568182
2026-09-02T18:10:11.791861+00:00,18,3,KRW-RENDER,0.00205973
2026-09-02T18:10:11.791861+00:00,18,3,KRW-BARD,0.00600601
2026-09-02T18:10:11.791861+00:00,18,3,KRW-CHZ,0.00542005
2026-09-02T18:10:11.791861+00:00,18,3,KRW-LSK,0.00743494
2026-09-02T18:10:11.791861+00:00,18,3,KRW-CRO,0.00406229
2026-09-02T18:10:11.791861+00:00,18,3,KRW-VANA,0.00246812
2026-09-02T18:10:11.791861+00:00,18,3,KRW-LAYER,0.00324149
2026-09-02T18:10:11.791861+00:00,18,3,KRW-RED,0.00634921
2026-09-02T18:10:11.791861+00:00,18,3,KRW-DOT,0.00169924
2026-09-02T18:10:11.791861+00:00,18,3,KRW-ATOM,0.00249190
2026-09-02T18:10:11.791861+00:00,18,3,KRW-DOOD,0.01092896
2026-09-02T18:10:11.791861+00:00,18,3,KRW-XAUT,0.00182770
2026-09-02T18:10:11.791861+00:00,18,3,KRW-BORA,0.00978793
2026-09-02T18:10:11.791861+00:00,18,3,KRW-AWE,0.00236407
2026-09-02T18:10:11.791861+00:00,18,3,KRW-WAVES,0.00333890
2026-09-02T18:10:11.791861+00:00,18,3,KRW-ZKP,0.00311526
2026-09-02T18:10:11.791861+00:00,18,3,KRW-EDGE,0.00433369
2026-09-02T18:10:11.791861+00:00,18,3,KRW-ELF,0.00900901
2026-09-02T18:10:11.791861+00:00,18,3,KRW-AI,0.00380952
2026-09-02T18:10:11.791861+00:00,18,3,KRW-SNT,0.00112170
2026-09-02T18:10:11.791861+00:00,18,3,KRW-OPEN,0.00604230
2026-09-02T18:10:11.791861+00:00,18,3,KRW-SKR,0.00305344
2026-09-02T18:10:11.791861+00:00,18,3,KRW-MET2,0.00751880
2026-09-02T18:10:11.791861+00:00,18,3,KRW-FF,0.00711744
2026-09-02T18:10:11.791861+00:00,18,3,KRW-KAT,0.00162999
2026-09-02T18:10:11.791861+00:00,18,3,KRW-W,0.00760456
2026-09-02T18:10:11.791861+00:00,18,3,KRW-PENDLE,0.00159426
2026-09-02T18:10:11.791861+00:00,18,3,KRW-SPK,0.00724638
2026-09-02T18:10:11.791861+00:00,18,3,KRW-PYTH,0.00251256
2026-09-02T18:10:11.791861+00:00,18,3,KRW-STEEM,0.00513259
2026-09-02T18:10:11.791861+00:00,18,3,KRW-COW,0.01149425
2026-09-02T18:11:14.913162+00:00,18,3,KRW-SHIB,0.00280899
2026-09-02T18:11:14.913162+00:00,18,3,KRW-KAITO,0.00240674
2026-09-02T18:11:14.913162+00:00,18,3,KRW-SUI,0.00200803
2026-09-02T18:11:14.913162+00:00,18,3,KRW-MMT,0.00464037
2026-09-02T18:11:14.913162+00:00,18,3,KRW-LINK,0.00130634
2026-09-02T18:11:14.913162+00:00,18,3,KRW-PUMP,0.00353982
2026-09-02T18:11:14.913162+00:00,18,3,KRW-NEAR,0.00117624
2026-09-02T18:11:14.913162+00:00,18,3,KRW-ZBT,0.00873362
2026-09-02T18:11:14.913162+00:00,18,3,KRW-LA,0.00232558
2026-09-02T18:11:14.913162+00:00,18,3,KRW-CHIP,0.00177462
2026-09-02T18:11:14.913162+00:00,18,3,KRW-QUID,0.00451977
2026-09-02T18:11:14.913162+00:00,18,3,KRW-PENGU,0.00881057
2026-09-02T18:11:14.913162+00:00,18,3,KRW-AVAX,0.00101420
2026-09-02T18:11:14.913162+00:00,18,3,KRW-VIRTUAL,0.00216685
2026-09-02T18:11:14.913162+00:00,18,3,KRW-MOVE,0.00851064
2026-09-02T18:11:14.913162+00:00,18,3,KRW-UNI,0.00187441
2026-09-02T18:11:14.913162+00:00,18,3,KRW-PIEVERSE,0.00265076
2026-09-02T18:11:14.913162+00:00,18,3,KRW-PRL,0.00519481
2026-09-02T18:11:14.913162+00:00,18,3,KRW-HBAR,0.00985222
2026-09-02T18:11:14.913162+00:00,18,3,KRW-ONT,0.00276625
2026-09-02T18:11:14.913162+00:00,18,3,KRW-ENSO,0.00338696
2026-09-02T18:11:14.913162+00:00,18,3,KRW-XPL,0.00873362
2026-09-02T18:11:14.913162+00:00,18,3,KRW-SAHARA,0.00865801
2026-09-02T18:11:14.913162+00:00,18,3,KRW-AAVE,0.00171478
2026-09-02T18:11:14.913162+00:00,18,3,KRW-ARX,0.00573066
2026-09-02T18:11:14.913162+00:00,18,3,KRW-TRX,0.00224467
2026-09-02T18:11:14.913162+00:00,18,3,KRW-HOLO,0.00234467
2026-09-02T18:11:14.913162+00:00,18,3,KRW-WLFI,0.00257400
2026-09-02T18:11:14.913162+00:00,18,3,KRW-BCH,0.00119474
2026-09-02T18:11:14.913162+00:00,18,3,KRW-DATA,0.00385356
2026-09-02T18:11:14.913162+00:00,18,3,KRW-PLUME,0.00516796
2026-09-02T18:11:14.913162+00:00,18,3,KRW-ARB,0.00583090
2026-09-02T18:11:14.913162+00:00,18,3,KRW-STORJ,0.00568182
2026-09-02T18:11:14.913162+00:00,18,3,KRW-BONK,0.00782779
2026-09-02T18:11:14.913162+00:00,18,3,KRW-ETC,0.00150716
2026-09-02T18:11:14.913162+00:00,18,3,KRW-ESP,0.00873362
2026-09-02T18:11:14.913162+00:00,18,3,KRW-0G,0.00781250
2026-09-02T18:11:14.913162+00:00,18,3,KRW-META2,0.00067408
2026-09-02T18:11:14.913162+00:00,18,3,KRW-BSB,0.00687285
2026-09-02T18:11:14.913162+00:00,18,3,KRW-ERA,0.00124456
2026-09-02T18:11:14.913162+00:00,18,3,KRW-MIRA,0.00156128
2026-09-02T18:11:14.913162+00:00,18,3,KRW-SAND,0.00197433
2026-09-02T18:11:14.913162+00:00,18,3,KRW-PEPE,0.00213904
2026-09-02T18:11:14.913162+00:00,18,3,KRW-POL,0.00790514
2026-09-02T18:11:14.913162+00:00,18,3,KRW-STX,0.00280505
2026-09-02T18:11:14.913162+00:00,18,3,KRW-IRYS,0.00539084
2026-09-02T18:11:14.913162+00:00,18,3,KRW-AXS,0.00158730
2026-09-02T18:11:14.913162+00:00,18,3,KRW-TAO,0.00066912
2026-09-02T18:11:14.913162+00:00,18,3,KRW-ALGO,0.00790514
2026-09-02T18:11:14.913162+00:00,18,3,KRW-JTO,0.00346620
2026-09-02T18:11:14.913162+00:00,18,3,KRW-CC,0.00660066
2026-09-02T18:11:14.913162+00:00,18,3,KRW-BIRB,0.00255102
2026-09-02T18:11:14.913162+00:00,18,3,KRW-ME,0.00232829
2026-09-02T18:11:14.913162+00:00,18,3,KRW-SEI,0.00300300
2026-09-02T18:11:14.913162+00:00,18,3,KRW-ENS,0.00207111
2026-09-02T18:11:14.913162+00:00,18,3,KRW-ZRO,0.00216216
2026-09-02T18:11:14.913162+00:00,18,3,KRW-TRUMP,0.00066778
2026-09-02T18:11:14.913162+00:00,18,3,KRW-XEC,0.00425080
2026-09-02T18:11:14.913162+00:00,18,3,KRW-RVN,0.01293661
2026-09-02T18:11:14.913162+00:00,18,3,KRW-ZAMA,0.00282486
2026-09-02T18:11:14.913162+00:00,18,3,KRW-GEOD,0.00668896
2026-09-02T18:11:14.913162+00:00,18,3,KRW-AKT,0.00437637
2026-09-02T18:11:14.913162+00:00,18,3,KRW-FIL,0.00360685
2026-09-02T18:11:14.913162+00:00,18,3,KRW-APT,0.00259740
2026-09-02T18:11:14.913162+00:00,18,3,KRW-DRV,0.01030928
2026-09-02T18:11:14.913162+00:00,18,3,KRW-ID,0.00457666
2026-09-02T18:11:14.913162+00:00,18,3,KRW-SOON,0.00386847
2026-09-02T18:11:14.913162+00:00,18,3,KRW-O,0.00536913
2026-09-02T18:11:14.913162+00:00,18,3,KRW-AVNT,0.00722022
2026-09-02T18:11:14.913162+00:00,18,3,KRW-TREE,0.00353982
2026-09-02T18:11:14.913162+00:00,18,3,KRW-KITE,0.01020408
2026-09-02T18:11:14.913162+00:00,18,3,KRW-BLEND,0.00351906
2026-09-02T18:11:14.913162+00:00,18,3,KRW-MANTRA,0.00493827
2026-09-02T18:11:14.913162+00:00,18,3,KRW-CFG,0.00692042
2026-09-02T18:11:14.913162+00:00,18,3,KRW-GAS,0.00244349
2026-09-02T18:11:14.913162+00:00,18,3,KRW-BERA,0.00408998
2026-09-02T18:11:14.913162+00:00,18,3,KRW-MEGA,0.00397614
2026-09-02T18:11:14.913162+00:00,18,3,KRW-SOPH,0.00778210
2026-09-02T18:11:14.913162+00:00,18,3,KRW-UP2,0.00139958
2026-09-02T18:11:14.913162+00:00,18,3,KRW-ZORA,0.00402820
2026-09-02T18:11:14.913162+00:00,18,3,KRW-OPG,0.00732601
2026-09-02T18:11:14.913162+00:00,18,3,KRW-BSV,0.00184758
2026-09-02T18:11:14.913162+00:00,18,3,KRW-HYPER,0.00443951
2026-09-02T18:11:14.913162+00:00,18,3,KRW-TRAC,0.00454545
2026-09-02T18:11:14.913162+00:00,18,3,KRW-IN,0.00217155
2026-09-02T18:11:14.913162+00:00,18,3,KRW-ATH,0.00319489
2026-09-02T18:11:14.913162+00:00,18,3,KRW-ETHFI,0.00131666
2026-09-02T18:11:14.913162+00:00,18,3,KRW-MON,0.00563380
2026-09-02T18:11:14.913162+00:00,18,3,KRW-ZIL,0.00878477
2026-09-02T18:11:14.913162+00:00,18,3,KRW-B3,0.00161681
2026-09-02T18:11:14.913162+00:00,18,3,KRW-ELSA,0.00317460
2026-09-02T18:11:14.913162+00:00,18,3,KRW-JUP,0.00338409
2026-09-02T18:11:14.913162+00:00,18,3,KRW-SIGN,0.00796813
2026-09-02T18:11:14.913162+00:00,18,3,KRW-FLOCK,0.00196271
2026-09-02T18:11:14.913162+00:00,18,3,KRW-DEEP,0.01020408
2026-09-02T18:11:14.913162+00:00,18,3,KRW-G,0.00392157
2026-09-02T18:11:14.913162+00:00,18,3,KRW-INJ,0.00780640
2026-09-02T18:11:14.913162+00:00,18,3,KRW-VVV,0.00273973
2026-09-02T18:11:14.913162+00:00,18,3,KRW-BIGTIME,0.00338409
2026-09-02T18:11:14.913162+00:00,18,3,KRW-BIO,0.00568182
2026-09-02T18:11:14.913162+00:00,18,3,KRW-RENDER,0.00206079
2026-09-02T18:11:14.913162+00:00,18,3,KRW-BARD,0.00600601
2026-09-02T18:11:14.913162+00:00,18,3,KRW-CHZ,0.00542005
2026-09-02T18:11:14.913162+00:00,18,3,KRW-LSK,0.00743494
2026-09-02T18:11:14.913162+00:00,18,3,KRW-CRO,0.00406229
2026-09-02T18:11:14.913162+00:00,18,3,KRW-VANA,0.00246812
2026-09-02T18:11:14.913162+00:00,18,3,KRW-LAYER,0.00324149
2026-09-02T18:11:14.913162+00:00,18,3,KRW-RED,0.00634921
2026-09-02T18:11:14.913162+00:00,18,3,KRW-DOT,0.00339847
2026-09-02T18:11:14.913162+00:00,18,3,KRW-ATOM,0.00249190
2026-09-02T18:11:14.913162+00:00,18,3,KRW-DOOD,0.01092896
2026-09-02T18:11:14.913162+00:00,18,3,KRW-XAUT,0.00166168
2026-09-02T18:11:14.913162+00:00,18,3,KRW-BORA,0.00978793
2026-09-02T18:11:14.913162+00:00,18,3,KRW-AWE,0.00236407
2026-09-02T18:11:14.913162+00:00,18,3,KRW-WAVES,0.00333890
2026-09-02T18:11:14.913162+00:00,18,3,KRW-ZKP,0.00155642
2026-09-02T18:11:14.913162+00:00,18,3,KRW-EDGE,0.00433369
2026-09-02T18:11:14.913162+00:00,18,3,KRW-ELF,0.00900901
2026-09-02T18:11:14.913162+00:00,18,3,KRW-AI,0.00380952
2026-09-02T18:11:14.913162+00:00,18,3,KRW-SNT,0.00112170
2026-09-02T18:11:14.913162+00:00,18,3,KRW-OPEN,0.00604230
2026-09-02T18:11:14.913162+00:00,18,3,KRW-SKR,0.00611621
2026-09-02T18:11:14.913162+00:00,18,3,KRW-MET2,0.00375235
2026-09-02T18:11:14.913162+00:00,18,3,KRW-FF,0.00711744
2026-09-02T18:11:14.913162+00:00,18,3,KRW-KAT,0.00326264
2026-09-02T18:11:14.913162+00:00,18,3,KRW-W,0.00760456
2026-09-02T18:11:14.913162+00:00,18,3,KRW-PENDLE,0.00079681
2026-09-02T18:11:14.913162+00:00,18,3,KRW-SPK,0.00724638
2026-09-02T18:11:14.913162+00:00,18,3,KRW-PYTH,0.00250941
2026-09-02T18:11:14.913162+00:00,18,3,KRW-STEEM,0.00513259
2026-09-02T18:11:14.913162+00:00,18,3,KRW-COW,0.01149425
2026-09-02T18:12:17.904559+00:00,18,3,KRW-SHIB,0.00140548
2026-09-02T18:12:17.904559+00:00,18,3,KRW-KAITO,0.00240674
2026-09-02T18:12:17.904559+00:00,18,3,KRW-SUI,0.00200803
2026-09-02T18:12:17.904559+00:00,18,3,KRW-MMT,0.00464037
2026-09-02T18:12:17.904559+00:00,18,3,KRW-LINK,0.00065338
2026-09-02T18:12:17.904559+00:00,18,3,KRW-PUMP,0.00353357
2026-09-02T18:12:17.904559+00:00,18,3,KRW-NEAR,0.00156863
2026-09-02T18:12:17.904559+00:00,18,3,KRW-ZBT,0.00873362
2026-09-02T18:12:17.904559+00:00,18,3,KRW-LA,0.00232558
2026-09-02T18:12:17.904559+00:00,18,3,KRW-CHIP,0.00355240
2026-09-02T18:12:17.904559+00:00,18,3,KRW-QUID,0.00451977
2026-09-02T18:12:17.904559+00:00,18,3,KRW-PENGU,0.00881057
2026-09-02T18:12:17.904559+00:00,18,3,KRW-AVAX,0.00050697
2026-09-02T18:12:17.904559+00:00,18,3,KRW-VIRTUAL,0.00216685
2026-09-02T18:12:17.904559+00:00,18,3,KRW-MOVE,0.00851064
2026-09-02T18:12:17.904559+00:00,18,3,KRW-UNI,0.00187559
2026-09-02T18:12:17.904559+00:00,18,3,KRW-PIEVERSE,0.00198873
2026-09-02T18:12:17.904559+00:00,18,3,KRW-PRL,0.00519481
2026-09-02T18:12:17.904559+00:00,18,3,KRW-HBAR,0.00985222
2026-09-02T18:12:17.904559+00:00,18,3,KRW-ONT,0.00276625
2026-09-02T18:12:17.904559+00:00,18,3,KRW-ENSO,0.00338696
2026-09-02T18:12:17.904559+00:00,18,3,KRW-XPL,0.00873362
2026-09-02T18:12:17.904559+00:00,18,3,KRW-SAHARA,0.00865801
2026-09-02T18:12:17.904559+00:00,18,3,KRW-AAVE,0.00228571
2026-09-02T18:12:17.904559+00:00,18,3,KRW-ARX,0.00573066
2026-09-02T18:12:17.904559+00:00,18,3,KRW-TRX,0.00224467
2026-09-02T18:12:17.904559+00:00,18,3,KRW-HOLO,0.00234467
2026-09-02T18:12:17.904559+00:00,18,3,KRW-WLFI,0.00257400
2026-09-02T18:12:17.904559+00:00,18,3,KRW-BCH,0.00149365
2026-09-02T18:12:17.904559+00:00,18,3,KRW-DATA,0.00385356
2026-09-02T18:12:17.904559+00:00,18,3,KRW-PLUME,0.00519481
2026-09-02T18:12:17.904559+00:00,18,3,KRW-ARB,0.00586510
2026-09-02T18:12:17.904559+00:00,18,3,KRW-STORJ,0.00568182
2026-09-02T18:12:17.904559+00:00,18,3,KRW-BONK,0.00782779
2026-09-02T18:12:17.904559+00:00,18,3,KRW-ETC,0.00100503
2026-09-02T18:12:17.904559+00:00,18,3,KRW-ESP,0.00873362
2026-09-02T18:12:17.904559+00:00,18,3,KRW-0G,0.00391389
2026-09-02T18:12:17.904559+00:00,18,3,KRW-META2,0.00067408
2026-09-02T18:12:17.904559+00:00,18,3,KRW-BSB,0.00687285
2026-09-02T18:12:17.904559+00:00,18,3,KRW-ERA,0.00124301
2026-09-02T18:12:17.904559+00:00,18,3,KRW-MIRA,0.00312012
2026-09-02T18:12:17.904559+00:00,18,3,KRW-SAND,0.00197433
2026-09-02T18:12:17.904559+00:00,18,3,KRW-PEPE,0.00428266
2026-09-02T18:12:17.904559+00:00,18,3,KRW-POL,0.00796813
2026-09-02T18:12:17.904559+00:00,18,3,KRW-STX,0.00280505
2026-09-02T18:12:17.904559+00:00,18,3,KRW-IRYS,0.00539084
2026-09-02T18:12:17.904559+00:00,18,3,KRW-AXS,0.00158856
2026-09-02T18:12:17.904559+00:00,18,3,KRW-TAO,0.00066912
2026-09-02T18:12:17.904559+00:00,18,3,KRW-ALGO,0.00790514
2026-09-02T18:12:17.904559+00:00,18,3,KRW-JTO,0.00346620
2026-09-02T18:12:17.904559+00:00,18,3,KRW-CC,0.00660066
2026-09-02T18:12:17.904559+00:00,18,3,KRW-BIRB,0.00127796
2026-09-02T18:12:17.904559+00:00,18,3,KRW-ME,0.00232829
2026-09-02T18:12:17.904559+00:00,18,3,KRW-SEI,0.00300300
2026-09-02T18:12:17.904559+00:00,18,3,KRW-ENS,0.00069037
2026-09-02T18:12:17.904559+00:00,18,3,KRW-ZRO,0.00288392
2026-09-02T18:12:17.904559+00:00,18,3,KRW-TRUMP,0.00100251
2026-09-02T18:12:17.904559+00:00,18,3,KRW-XEC,0.00425080
2026-09-02T18:12:17.904559+00:00,18,3,KRW-RVN,0.01036269
2026-09-02T18:12:17.904559+00:00,18,3,KRW-ZAMA,0.00282087
2026-09-02T18:12:17.904559+00:00,18,3,KRW-GEOD,0.00668896
2026-09-02T18:12:17.904559+00:00,18,3,KRW-AKT,0.00437637
2026-09-02T18:12:17.904559+00:00,18,3,KRW-FIL,0.00180832
2026-09-02T18:12:17.904559+00:00,18,3,KRW-APT,0.00259740
2026-09-02T18:12:17.904559+00:00,18,3,KRW-DRV,0.01030928
2026-09-02T18:12:17.904559+00:00,18,3,KRW-ID,0.00457666
2026-09-02T18:12:17.904559+00:00,18,3,KRW-SOON,0.00386847
2026-09-02T18:12:17.904559+00:00,18,3,KRW-O,0.00536913
2026-09-02T18:12:17.904559+00:00,18,3,KRW-AVNT,0.00716846
2026-09-02T18:12:17.904559+00:00,18,3,KRW-TREE,0.00353982
2026-09-02T18:12:17.904559+00:00,18,3,KRW-KITE,0.00508906
2026-09-02T18:12:17.904559+00:00,18,3,KRW-BLEND,0.00351906
2026-09-02T18:12:17.904559+00:00,18,3,KRW-MANTRA,0.00493827
2026-09-02T18:12:17.904559+00:00,18,3,KRW-CFG,0.00692042
2026-09-02T18:12:17.904559+00:00,18,3,KRW-GAS,0.00305530
2026-09-02T18:12:17.904559+00:00,18,3,KRW-BERA,0.00819672
2026-09-02T18:12:17.904559+00:00,18,3,KRW-MEGA,0.00397614
2026-09-02T18:12:17.904559+00:00,18,3,KRW-SOPH,0.00778210
2026-09-02T18:12:17.904559+00:00,18,3,KRW-UP2,0.00139958
2026-09-02T18:12:17.904559+00:00,18,3,KRW-ZORA,0.00301963
2026-09-02T18:12:17.904559+00:00,18,3,KRW-OPG,0.01459854
2026-09-02T18:12:17.904559+00:00,18,3,KRW-BSV,0.00184758
2026-09-02T18:12:17.904559+00:00,18,3,KRW-HYPER,0.00443951
2026-09-02T18:12:17.904559+00:00,18,3,KRW-TRAC,0.00454545
2026-09-02T18:12:17.904559+00:00,18,3,KRW-IN,0.00216685
2026-09-02T18:12:17.904559+00:00,18,3,KRW-ATH,0.00319489
2026-09-02T18:12:17.904559+00:00,18,3,KRW-ETHFI,0.00396563
2026-09-02T18:12:17.904559+00:00,18,3,KRW-MON,0.00563380
2026-09-02T18:12:17.904559+00:00,18,3,KRW-ZIL,0.00878477
2026-09-02T18:12:17.904559+00:00,18,3,KRW-B3,0.00161681
2026-09-02T18:12:17.904559+00:00,18,3,KRW-ELSA,0.00317460
2026-09-02T18:12:17.904559+00:00,18,3,KRW-JUP,0.00338409
2026-09-02T18:12:17.904559+00:00,18,3,KRW-SIGN,0.00796813
2026-09-02T18:12:17.904559+00:00,18,3,KRW-FLOCK,0.00392927
2026-09-02T18:12:17.904559+00:00,18,3,KRW-DEEP,0.00508906
2026-09-02T18:12:17.904559+00:00,18,3,KRW-G,0.00392157
2026-09-02T18:12:17.904559+00:00,18,3,KRW-INJ,0.00780640
2026-09-02T18:12:17.904559+00:00,18,3,KRW-VVV,0.00273973
2026-09-02T18:12:17.904559+00:00,18,3,KRW-BIGTIME,0.00225734
2026-09-02T18:12:17.904559+00:00,18,3,KRW-BIO,0.00568182
2026-09-02T18:12:17.904559+00:00,18,3,KRW-RENDER,0.00206079
2026-09-02T18:12:17.904559+00:00,18,3,KRW-BARD,0.00600601
2026-09-02T18:12:17.904559+00:00,18,3,KRW-CHZ,0.00542005
2026-09-02T18:12:17.904559+00:00,18,3,KRW-LSK,0.00743494
2026-09-02T18:12:17.904559+00:00,18,3,KRW-CRO,0.00270636
2026-09-02T18:12:17.904559+00:00,18,3,KRW-VANA,0.00246812
2026-09-02T18:12:17.904559+00:00,18,3,KRW-LAYER,0.00324149
2026-09-02T18:12:17.904559+00:00,18,3,KRW-RED,0.00634921
2026-09-02T18:12:17.904559+00:00,18,3,KRW-DOT,0.00254561
2026-09-02T18:12:17.904559+00:00,18,3,KRW-ATOM,0.00249190
2026-09-02T18:12:17.904559+00:00,18,3,KRW-DOOD,0.01092896
2026-09-02T18:12:17.904559+00:00,18,3,KRW-XAUT,0.00216108
2026-09-02T18:12:17.904559+00:00,18,3,KRW-BORA,0.00978793
2026-09-02T18:12:17.904559+00:00,18,3,KRW-AWE,0.00236407
2026-09-02T18:12:17.904559+00:00,18,3,KRW-WAVES,0.00333890
2026-09-02T18:12:17.904559+00:00,18,3,KRW-ZKP,0.00155642
2026-09-02T18:12:17.904559+00:00,18,3,KRW-EDGE,0.00433369
2026-09-02T18:12:17.904559+00:00,18,3,KRW-ELF,0.00900901
2026-09-02T18:12:17.904559+00:00,18,3,KRW-AI,0.00380952
2026-09-02T18:12:17.904559+00:00,18,3,KRW-SNT,0.00112170
2026-09-02T18:12:17.904559+00:00,18,3,KRW-OPEN,0.00604230
2026-09-02T18:12:17.904559+00:00,18,3,KRW-SKR,0.00617284
2026-09-02T18:12:17.904559+00:00,18,3,KRW-MET2,0.00375235
2026-09-02T18:12:17.904559+00:00,18,3,KRW-FF,0.00706714
2026-09-02T18:12:17.904559+00:00,18,3,KRW-KAT,0.00326264
2026-09-02T18:12:17.904559+00:00,18,3,KRW-W,0.00760456
2026-09-02T18:12:17.904559+00:00,18,3,KRW-PENDLE,0.00079681
2026-09-02T18:12:17.904559+00:00,18,3,KRW-SPK,0.00724638
2026-09-02T18:12:17.904559+00:00,18,3,KRW-PYTH,0.00251256
2026-09-02T18:12:17.904559+00:00,18,3,KRW-STEEM,0.00513259
2026-09-02T18:12:17.904559+00:00,18,3,KRW-COW,0.01149425
2026-09-02T18:13:20.773374+00:00,18,3,KRW-SHIB,0.00140548
2026-09-02T18:13:20.773374+00:00,18,3,KRW-KAITO,0.00240674
2026-09-02T18:13:20.773374+00:00,18,3,KRW-SUI,0.00100150
2026-09-02T18:13:20.773374+00:00,18,3,KRW-MMT,0.00464037
2026-09-02T18:13:20.773374+00:00,18,3,KRW-LINK,0.00130634
2026-09-02T18:13:20.773374+00:00,18,3,KRW-PUMP,0.00176835
2026-09-02T18:13:20.773374+00:00,18,3,KRW-NEAR,0.00117624
2026-09-02T18:13:20.773374+00:00,18,3,KRW-ZBT,0.00873362
2026-09-02T18:13:20.773374+00:00,18,3,KRW-LA,0.00232558
2026-09-02T18:13:20.773374+00:00,18,3,KRW-CHIP,0.00354610
2026-09-02T18:13:20.773374+00:00,18,3,KRW-QUID,0.00451977
2026-09-02T18:13:20.773374+00:00,18,3,KRW-PENGU,0.00881057
2026-09-02T18:13:20.773374+00:00,18,3,KRW-AVAX,0.00050697
2026-09-02T18:13:20.773374+00:00,18,3,KRW-VIRTUAL,0.00216685
2026-09-02T18:13:20.773374+00:00,18,3,KRW-MOVE,0.00851064
2026-09-02T18:13:20.773374+00:00,18,3,KRW-UNI,0.00187441
2026-09-02T18:13:20.773374+00:00,18,3,KRW-PIEVERSE,0.00199005
2026-09-02T18:13:20.773374+00:00,18,3,KRW-PRL,0.00519481
2026-09-02T18:13:20.773374+00:00,18,3,KRW-HBAR,0.00985222
2026-09-02T18:13:20.773374+00:00,18,3,KRW-ONT,0.00276625
2026-09-02T18:13:20.773374+00:00,18,3,KRW-ENSO,0.00423191
2026-09-02T18:13:20.773374+00:00,18,3,KRW-XPL,0.00873362
2026-09-02T18:13:20.773374+00:00,18,3,KRW-SAHARA,0.00865801
2026-09-02T18:13:20.773374+00:00,18,3,KRW-AAVE,0.00171380
2026-09-02T18:13:20.773374+00:00,18,3,KRW-ARX,0.00573066
2026-09-02T18:13:20.773374+00:00,18,3,KRW-TRX,0.00224467
2026-09-02T18:13:20.773374+00:00,18,3,KRW-HOLO,0.00117165
2026-09-02T18:13:20.773374+00:00,18,3,KRW-WLFI,0.00257400
2026-09-02T18:13:20.773374+00:00,18,3,KRW-BCH,0.00119510
2026-09-02T18:13:20.773374+00:00,18,3,KRW-DATA,0.00385356
2026-09-02T18:13:20.773374+00:00,18,3,KRW-PLUME,0.00519481
2026-09-02T18:13:20.773374+00:00,18,3,KRW-ARB,0.00583090
2026-09-02T18:13:20.773374+00:00,18,3,KRW-STORJ,0.00426439
2026-09-02T18:13:20.773374+00:00,18,3,KRW-BONK,0.00782779
2026-09-02T18:13:20.773374+00:00,18,3,KRW-ETC,0.00100503
2026-09-02T18:13:20.773374+00:00,18,3,KRW-ESP,0.00873362
2026-09-02T18:13:20.773374+00:00,18,3,KRW-0G,0.00391389
2026-09-02T18:13:20.773374+00:00,18,3,KRW-META2,0.00067408
2026-09-02T18:13:20.773374+00:00,18,3,KRW-BSB,0.00687285
2026-09-02T18:13:20.773374+00:00,18,3,KRW-ERA,0.00248756
2026-09-02T18:13:20.773374+00:00,18,3,KRW-MIRA,0.00311042
2026-09-02T18:13:20.773374+00:00,18,3,KRW-SAND,0.00197433
2026-09-02T18:13:20.773374+00:00,18,3,KRW-PEPE,0.00428266
2026-09-02T18:13:20.773374+00:00,18,3,KRW-POL,0.00796813
2026-09-02T18:13:20.773374+00:00,18,3,KRW-STX,0.00280505
2026-09-02T18:13:20.773374+00:00,18,3,KRW-IRYS,0.00539084
2026-09-02T18:13:20.773374+00:00,18,3,KRW-AXS,0.00079334
2026-09-02T18:13:20.773374+00:00,18,3,KRW-TAO,0.00167364
2026-09-02T18:13:20.773374+00:00,18,3,KRW-ALGO,0.00790514
2026-09-02T18:13:20.773374+00:00,18,3,KRW-JTO,0.00346620
2026-09-02T18:13:20.773374+00:00,18,3,KRW-CC,0.00660066
2026-09-02T18:13:20.773374+00:00,18,3,KRW-BIRB,0.00255428
2026-09-02T18:13:20.773374+00:00,18,3,KRW-ME,0.00116482
2026-09-02T18:13:20.773374+00:00,18,3,KRW-SEI,0.00150038
2026-09-02T18:13:20.773374+00:00,18,3,KRW-ENS,0.00207397
2026-09-02T18:13:20.773374+00:00,18,3,KRW-ZRO,0.00288392
2026-09-02T18:13:20.773374+00:00,18,3,KRW-TRUMP,0.00133690
2026-09-02T18:13:20.773374+00:00,18,3,KRW-XEC,0.00425080
2026-09-02T18:13:20.773374+00:00,18,3,KRW-RVN,0.01036269
2026-09-02T18:13:20.773374+00:00,18,3,KRW-ZAMA,0.00423430
2026-09-02T18:13:20.773374+00:00,18,3,KRW-GEOD,0.00668896
2026-09-02T18:13:20.773374+00:00,18,3,KRW-AKT,0.00437637
2026-09-02T18:13:20.773374+00:00,18,3,KRW-FIL,0.00180832
2026-09-02T18:13:20.773374+00:00,18,3,KRW-APT,0.00259403
2026-09-02T18:13:20.773374+00:00,18,3,KRW-DRV,0.01030928
2026-09-02T18:13:20.773374+00:00,18,3,KRW-ID,0.00457666
2026-09-02T18:13:20.773374+00:00,18,3,KRW-SOON,0.00386847
2026-09-02T18:13:20.773374+00:00,18,3,KRW-O,0.00536193
2026-09-02T18:13:20.773374+00:00,18,3,KRW-AVNT,0.00716846
2026-09-02T18:13:20.773374+00:00,18,3,KRW-TREE,0.00353982
2026-09-02T18:13:20.773374+00:00,18,3,KRW-KITE,0.00508906
2026-09-02T18:13:20.773374+00:00,18,3,KRW-BLEND,0.00469484
2026-09-02T18:13:20.773374+00:00,18,3,KRW-MANTRA,0.00493827
2026-09-02T18:13:20.773374+00:00,18,3,KRW-CFG,0.00692042
2026-09-02T18:13:20.773374+00:00,18,3,KRW-GAS,0.00305530
2026-09-02T18:13:20.773374+00:00,18,3,KRW-BERA,0.00819672
2026-09-02T18:13:20.773374+00:00,18,3,KRW-MEGA,0.00397614
2026-09-02T18:13:20.773374+00:00,18,3,KRW-SOPH,0.00778210
2026-09-02T18:13:20.773374+00:00,18,3,KRW-UP2,0.00139958
2026-09-02T18:13:20.773374+00:00,18,3,KRW-ZORA,0.00301659
2026-09-02T18:13:20.773374+00:00,18,3,KRW-OPG,0.01459854
2026-09-02T18:13:20.773374+00:00,18,3,KRW-BSV,0.00184758
2026-09-02T18:13:20.773374+00:00,18,3,KRW-HYPER,0.00333148
2026-09-02T18:13:20.773374+00:00,18,3,KRW-TRAC,0.00454545
2026-09-02T18:13:20.773374+00:00,18,3,KRW-IN,0.00216685
2026-09-02T18:13:20.773374+00:00,18,3,KRW-ATH,0.00319489
2026-09-02T18:13:20.773374+00:00,18,3,KRW-ETHFI,0.00132188
2026-09-02T18:13:20.773374+00:00,18,3,KRW-MON,0.00563380
2026-09-02T18:13:20.773374+00:00,18,3,KRW-ZIL,0.00878477
2026-09-02T18:13:20.773374+00:00,18,3,KRW-B3,0.00161681
2026-09-02T18:13:20.773374+00:00,18,3,KRW-ELSA,0.00317460
2026-09-02T18:13:20.773374+00:00,18,3,KRW-JUP,0.00338409
2026-09-02T18:13:20.773374+00:00,18,3,KRW-SIGN,0.00796813
2026-09-02T18:13:20.773374+00:00,18,3,KRW-FLOCK,0.00392927
2026-09-02T18:13:20.773374+00:00,18,3,KRW-DEEP,0.00508906
2026-09-02T18:13:20.773374+00:00,18,3,KRW-G,0.00392157
2026-09-02T18:13:20.773374+00:00,18,3,KRW-INJ,0.00780640
2026-09-02T18:13:20.773374+00:00,18,3,KRW-VVV,0.00273973
2026-09-02T18:13:20.773374+00:00,18,3,KRW-BIGTIME,0.00225734
2026-09-02T18:13:20.773374+00:00,18,3,KRW-BIO,0.00283688
2026-09-02T18:13:20.773374+00:00,18,3,KRW-RENDER,0.00257798
2026-09-02T18:13:20.773374+00:00,18,3,KRW-BARD,0.00600601
2026-09-02T18:13:20.773374+00:00,18,3,KRW-CHZ,0.00542005
2026-09-02T18:13:20.773374+00:00,18,3,KRW-LSK,0.00743494
2026-09-02T18:13:20.773374+00:00,18,3,KRW-CRO,0.00270270
2026-09-02T18:13:20.773374+00:00,18,3,KRW-VANA,0.00246812
2026-09-02T18:13:20.773374+00:00,18,3,KRW-LAYER,0.00324149
2026-09-02T18:13:20.773374+00:00,18,3,KRW-RED,0.00634921
2026-09-02T18:13:20.773374+00:00,18,3,KRW-DOT,0.00169635
2026-09-02T18:13:20.773374+00:00,18,3,KRW-ATOM,0.00249190
2026-09-02T18:13:20.773374+00:00,18,3,KRW-DOOD,0.01092896
2026-09-02T18:13:20.773374+00:00,18,3,KRW-XAUT,0.00199501
2026-09-02T18:13:20.773374+00:00,18,3,KRW-BORA,0.00978793
2026-09-02T18:13:20.773374+00:00,18,3,KRW-AWE,0.00236407
2026-09-02T18:13:20.773374+00:00,18,3,KRW-WAVES,0.00333890
2026-09-02T18:13:20.773374+00:00,18,3,KRW-ZKP,0.00155642
2026-09-02T18:13:20.773374+00:00,18,3,KRW-EDGE,0.00433369
2026-09-02T18:13:20.773374+00:00,18,3,KRW-ELF,0.00900901
2026-09-02T18:13:20.773374+00:00,18,3,KRW-AI,0.00380952
2026-09-02T18:13:20.773374+00:00,18,3,KRW-SNT,0.00112170
2026-09-02T18:13:20.773374+00:00,18,3,KRW-OPEN,0.00604230
2026-09-02T18:13:20.773374+00:00,18,3,KRW-SKR,0.00617284
2026-09-02T18:13:20.773374+00:00,18,3,KRW-MET2,0.00375235
2026-09-02T18:13:20.773374+00:00,18,3,KRW-FF,0.00706714
2026-09-02T18:13:20.773374+00:00,18,3,KRW-KAT,0.00162999
2026-09-02T18:13:20.773374+00:00,18,3,KRW-W,0.00760456
2026-09-02T18:13:20.773374+00:00,18,3,KRW-PENDLE,0.00079681
2026-09-02T18:13:20.773374+00:00,18,3,KRW-SPK,0.00724638
2026-09-02T18:13:20.773374+00:00,18,3,KRW-PYTH,0.00251256
2026-09-02T18:13:20.773374+00:00,18,3,KRW-STEEM,0.00513259
2026-09-02T18:13:20.773374+00:00,18,3,KRW-COW,0.01149425
2026-09-02T18:14:23.496260+00:00,18,3,KRW-SHIB,0.00280899
2026-09-02T18:14:23.496260+00:00,18,3,KRW-KAITO,0.00240674
2026-09-02T18:14:23.496260+00:00,18,3,KRW-SUI,0.00100050
2026-09-02T18:14:23.496260+00:00,18,3,KRW-MMT,0.00464037
2026-09-02T18:14:23.496260+00:00,18,3,KRW-LINK,0.00195886
2026-09-02T18:14:23.496260+00:00,18,3,KRW-PUMP,0.00353982
2026-09-02T18:14:23.496260+00:00,18,3,KRW-NEAR,0.00196040
2026-09-02T18:14:23.496260+00:00,18,3,KRW-ZBT,0.00873362
2026-09-02T18:14:23.496260+00:00,18,3,KRW-LA,0.00232019
2026-09-02T18:14:23.496260+00:00,18,3,KRW-CHIP,0.00353982
2026-09-02T18:14:23.496260+00:00,18,3,KRW-QUID,0.00451977
2026-09-02T18:14:23.496260+00:00,18,3,KRW-PENGU,0.00881057
2026-09-02T18:14:23.496260+00:00,18,3,KRW-AVAX,0.00050697
2026-09-02T18:14:23.496260+00:00,18,3,KRW-VIRTUAL,0.00216685
2026-09-02T18:14:23.496260+00:00,18,3,KRW-MOVE,0.00851064
2026-09-02T18:14:23.496260+00:00,18,3,KRW-UNI,0.00187441
2026-09-02T18:14:23.496260+00:00,18,3,KRW-PIEVERSE,0.00199005
2026-09-02T18:14:23.496260+00:00,18,3,KRW-PRL,0.01041667
2026-09-02T18:14:23.496260+00:00,18,3,KRW-HBAR,0.00985222
2026-09-02T18:14:23.496260+00:00,18,3,KRW-ONT,0.00276625
2026-09-02T18:14:23.496260+00:00,18,3,KRW-ENSO,0.00338696
2026-09-02T18:14:23.496260+00:00,18,3,KRW-XPL,0.00873362
2026-09-02T18:14:23.496260+00:00,18,3,KRW-SAHARA,0.00865801
2026-09-02T18:14:23.496260+00:00,18,3,KRW-AAVE,0.00228571
2026-09-02T18:14:23.496260+00:00,18,3,KRW-ARX,0.00573066
2026-09-02T18:14:23.496260+00:00,18,3,KRW-TRX,0.00224467
2026-09-02T18:14:23.496260+00:00,18,3,KRW-HOLO,0.00234467
2026-09-02T18:14:23.496260+00:00,18,3,KRW-WLFI,0.00257400
2026-09-02T18:14:23.496260+00:00,18,3,KRW-BCH,0.00119510
2026-09-02T18:14:23.496260+00:00,18,3,KRW-DATA,0.00769231
2026-09-02T18:14:23.496260+00:00,18,3,KRW-PLUME,0.00519481
2026-09-02T18:14:23.496260+00:00,18,3,KRW-ARB,0.00583090
2026-09-02T18:14:23.496260+00:00,18,3,KRW-STORJ,0.00426439
2026-09-02T18:14:23.496260+00:00,18,3,KRW-BONK,0.00782779
2026-09-02T18:14:23.496260+00:00,18,3,KRW-ETC,0.00150716
2026-09-02T18:14:23.496260+00:00,18,3,KRW-ESP,0.00873362
2026-09-02T18:14:23.496260+00:00,18,3,KRW-0G,0.00784314
2026-09-02T18:14:23.496260+00:00,18,3,KRW-META2,0.00067408
2026-09-02T18:14:23.496260+00:00,18,3,KRW-BSB,0.00687285
2026-09-02T18:14:23.496260+00:00,18,3,KRW-ERA,0.00248756
2026-09-02T18:14:23.496260+00:00,18,3,KRW-MIRA,0.00310559
2026-09-02T18:14:23.496260+00:00,18,3,KRW-SAND,0.00197433
2026-09-02T18:14:23.496260+00:00,18,3,KRW-PEPE,0.00428266
2026-09-02T18:14:23.496260+00:00,18,3,KRW-POL,0.00796813
2026-09-02T18:14:23.496260+00:00,18,3,KRW-STX,0.00280505
2026-09-02T18:14:23.496260+00:00,18,3,KRW-IRYS,0.00539084
2026-09-02T18:14:23.496260+00:00,18,3,KRW-AXS,0.00158730
2026-09-02T18:14:23.496260+00:00,18,3,KRW-TAO,0.00267648
2026-09-02T18:14:23.496260+00:00,18,3,KRW-ALGO,0.00790514
2026-09-02T18:14:23.496260+00:00,18,3,KRW-JTO,0.00173461
2026-09-02T18:14:23.496260+00:00,18,3,KRW-CC,0.00660066
2026-09-02T18:14:23.496260+00:00,18,3,KRW-BIRB,0.00255428
2026-09-02T18:14:23.496260+00:00,18,3,KRW-ME,0.00116482
2026-09-02T18:14:23.496260+00:00,18,3,KRW-SEI,0.00298954
2026-09-02T18:14:23.496260+00:00,18,3,KRW-ENS,0.00276434
2026-09-02T18:14:23.496260+00:00,18,3,KRW-ZRO,0.00216216
2026-09-02T18:14:23.496260+00:00,18,3,KRW-TRUMP,0.00066823
2026-09-02T18:14:23.496260+00:00,18,3,KRW-XEC,0.00425080
2026-09-02T18:14:23.496260+00:00,18,3,KRW-RVN,0.00258065
2026-09-02T18:14:23.496260+00:00,18,3,KRW-ZAMA,0.00423430
2026-09-02T18:14:23.496260+00:00,18,3,KRW-GEOD,0.00668896
2026-09-02T18:14:23.496260+00:00,18,3,KRW-AKT,0.00437637
2026-09-02T18:14:23.496260+00:00,18,3,KRW-FIL,0.00271616
2026-09-02T18:14:23.496260+00:00,18,3,KRW-APT,0.00259403
2026-09-02T18:14:23.496260+00:00,18,3,KRW-DRV,0.01030928
2026-09-02T18:14:23.496260+00:00,18,3,KRW-ID,0.00457666
2026-09-02T18:14:23.496260+00:00,18,3,KRW-SOON,0.00386847
2026-09-02T18:14:23.496260+00:00,18,3,KRW-O,0.00536193
2026-09-02T18:14:23.496260+00:00,18,3,KRW-AVNT,0.00716846
2026-09-02T18:14:23.496260+00:00,18,3,KRW-TREE,0.00353982
2026-09-02T18:14:23.496260+00:00,18,3,KRW-KITE,0.00511509
2026-09-02T18:14:23.496260+00:00,18,3,KRW-BLEND,0.00469484
2026-09-02T18:14:23.496260+00:00,18,3,KRW-MANTRA,0.00493827
2026-09-02T18:14:23.496260+00:00,18,3,KRW-CFG,0.00692042
2026-09-02T18:14:23.496260+00:00,18,3,KRW-GAS,0.00183318
2026-09-02T18:14:23.496260+00:00,18,3,KRW-BERA,0.00408998
2026-09-02T18:14:23.496260+00:00,18,3,KRW-MEGA,0.00397614
2026-09-02T18:14:23.496260+00:00,18,3,KRW-SOPH,0.00778210
2026-09-02T18:14:23.496260+00:00,18,3,KRW-UP2,0.00139958
2026-09-02T18:14:23.496260+00:00,18,3,KRW-ZORA,0.00402010
2026-09-02T18:14:23.496260+00:00,18,3,KRW-OPG,0.00732601
2026-09-02T18:14:23.496260+00:00,18,3,KRW-BSV,0.00184758
2026-09-02T18:14:23.496260+00:00,18,3,KRW-HYPER,0.00333148
2026-09-02T18:14:23.496260+00:00,18,3,KRW-TRAC,0.00454545
2026-09-02T18:14:23.496260+00:00,18,3,KRW-IN,0.00216685
2026-09-02T18:14:23.496260+00:00,18,3,KRW-ATH,0.00319489
2026-09-02T18:14:23.496260+00:00,18,3,KRW-ETHFI,0.00132188
2026-09-02T18:14:23.496260+00:00,18,3,KRW-MON,0.00563380
2026-09-02T18:14:23.496260+00:00,18,3,KRW-ZIL,0.00878477
2026-09-02T18:14:23.496260+00:00,18,3,KRW-B3,0.00161681
2026-09-02T18:14:23.496260+00:00,18,3,KRW-ELSA,0.00317460
2026-09-02T18:14:23.496260+00:00,18,3,KRW-JUP,0.00677966
2026-09-02T18:14:23.496260+00:00,18,3,KRW-SIGN,0.00796813
2026-09-02T18:14:23.496260+00:00,18,3,KRW-FLOCK,0.00392927
2026-09-02T18:14:23.496260+00:00,18,3,KRW-DEEP,0.00508906
2026-09-02T18:14:23.496260+00:00,18,3,KRW-G,0.00392157
2026-09-02T18:14:23.496260+00:00,18,3,KRW-INJ,0.00780640
2026-09-02T18:14:23.496260+00:00,18,3,KRW-VVV,0.00273598
2026-09-02T18:14:23.496260+00:00,18,3,KRW-BIGTIME,0.00225734
2026-09-02T18:14:23.496260+00:00,18,3,KRW-BIO,0.00566572
2026-09-02T18:14:23.496260+00:00,18,3,KRW-RENDER,0.00154599
2026-09-02T18:14:23.496260+00:00,18,3,KRW-BARD,0.00600601
2026-09-02T18:14:23.496260+00:00,18,3,KRW-CHZ,0.00542005
2026-09-02T18:14:23.496260+00:00,18,3,KRW-LSK,0.00743494
2026-09-02T18:14:23.496260+00:00,18,3,KRW-CRO,0.00270270
2026-09-02T18:14:23.496260+00:00,18,3,KRW-VANA,0.00246812
2026-09-02T18:14:23.496260+00:00,18,3,KRW-LAYER,0.00324149
2026-09-02T18:14:23.496260+00:00,18,3,KRW-RED,0.00634921
2026-09-02T18:14:23.496260+00:00,18,3,KRW-DOT,0.00254345
2026-09-02T18:14:23.496260+00:00,18,3,KRW-ATOM,0.00249190
2026-09-02T18:14:23.496260+00:00,18,3,KRW-DOOD,0.01092896
2026-09-02T18:14:23.496260+00:00,18,3,KRW-XAUT,0.00199501
2026-09-02T18:14:23.496260+00:00,18,3,KRW-BORA,0.00978793
2026-09-02T18:14:23.496260+00:00,18,3,KRW-AWE,0.00236407
2026-09-02T18:14:23.496260+00:00,18,3,KRW-WAVES,0.00333890
2026-09-02T18:14:23.496260+00:00,18,3,KRW-ZKP,0.00311042
2026-09-02T18:14:23.496260+00:00,18,3,KRW-EDGE,0.00433369
2026-09-02T18:14:23.496260+00:00,18,3,KRW-ELF,0.00900901
2026-09-02T18:14:23.496260+00:00,18,3,KRW-AI,0.00380952
2026-09-02T18:14:23.496260+00:00,18,3,KRW-SNT,0.00112170
2026-09-02T18:14:23.496260+00:00,18,3,KRW-OPEN,0.00607903
2026-09-02T18:14:23.496260+00:00,18,3,KRW-SKR,0.00308166
2026-09-02T18:14:23.496260+00:00,18,3,KRW-MET2,0.00375235
2026-09-02T18:14:23.496260+00:00,18,3,KRW-FF,0.00706714
2026-09-02T18:14:23.496260+00:00,18,3,KRW-KAT,0.00325733
2026-09-02T18:14:23.496260+00:00,18,3,KRW-W,0.00760456
2026-09-02T18:14:23.496260+00:00,18,3,KRW-PENDLE,0.00159426
2026-09-02T18:14:23.496260+00:00,18,3,KRW-SPK,0.00724638
2026-09-02T18:14:23.496260+00:00,18,3,KRW-PYTH,0.00251256
2026-09-02T18:14:23.496260+00:00,18,3,KRW-STEEM,0.00341880
2026-09-02T18:14:23.496260+00:00,18,3,KRW-COW,0.01149425
2026-09-02T18:15:26.315916+00:00,18,3,KRW-SHIB,0.00140351
2026-09-02T18:15:26.315916+00:00,18,3,KRW-KAITO,0.00240674
2026-09-02T18:15:26.315916+00:00,18,3,KRW-SUI,0.00100050
2026-09-02T18:15:26.315916+00:00,18,3,KRW-MMT,0.00464037
2026-09-02T18:15:26.315916+00:00,18,3,KRW-LINK,0.00130548
2026-09-02T18:15:26.315916+00:00,18,3,KRW-PUMP,0.00176835
2026-09-02T18:15:26.315916+00:00,18,3,KRW-NEAR,0.00156801
2026-09-02T18:15:26.315916+00:00,18,3,KRW-ZBT,0.00873362
2026-09-02T18:15:26.315916+00:00,18,3,KRW-LA,0.00232019
2026-09-02T18:15:26.315916+00:00,18,3,KRW-CHIP,0.00353982
2026-09-02T18:15:26.315916+00:00,18,3,KRW-QUID,0.00451977
2026-09-02T18:15:26.315916+00:00,18,3,KRW-PENGU,0.00881057
2026-09-02T18:15:26.315916+00:00,18,3,KRW-AVAX,0.00101368
2026-09-02T18:15:26.315916+00:00,18,3,KRW-VIRTUAL,0.00216450
2026-09-02T18:15:26.315916+00:00,18,3,KRW-MOVE,0.00851064
2026-09-02T18:15:26.315916+00:00,18,3,KRW-UNI,0.00124922
2026-09-02T18:15:26.315916+00:00,18,3,KRW-PIEVERSE,0.00265076
2026-09-02T18:15:26.315916+00:00,18,3,KRW-PRL,0.01041667
2026-09-02T18:15:26.315916+00:00,18,3,KRW-HBAR,0.00985222
2026-09-02T18:15:26.315916+00:00,18,3,KRW-ONT,0.00138217
2026-09-02T18:15:26.315916+00:00,18,3,KRW-ENSO,0.00338696
2026-09-02T18:15:26.315916+00:00,18,3,KRW-XPL,0.00873362
2026-09-02T18:15:26.315916+00:00,18,3,KRW-SAHARA,0.00865801
2026-09-02T18:15:26.315916+00:00,18,3,KRW-AAVE,0.00171380
2026-09-02T18:15:26.315916+00:00,18,3,KRW-ARX,0.00573066
2026-09-02T18:15:26.315916+00:00,18,3,KRW-TRX,0.00224467
2026-09-02T18:15:26.315916+00:00,18,3,KRW-HOLO,0.00234467
2026-09-02T18:15:26.315916+00:00,18,3,KRW-WLFI,0.00257400
2026-09-02T18:15:26.315916+00:00,18,3,KRW-BCH,0.00059719
2026-09-02T18:15:26.315916+00:00,18,3,KRW-DATA,0.00385356
2026-09-02T18:15:26.315916+00:00,18,3,KRW-PLUME,0.00519481
2026-09-02T18:15:26.315916+00:00,18,3,KRW-ARB,0.00583090
2026-09-02T18:15:26.315916+00:00,18,3,KRW-STORJ,0.00426439
2026-09-02T18:15:26.315916+00:00,18,3,KRW-BONK,0.00586510
2026-09-02T18:15:26.315916+00:00,18,3,KRW-ETC,0.00150716
2026-09-02T18:15:26.315916+00:00,18,3,KRW-ESP,0.00881057
2026-09-02T18:15:26.315916+00:00,18,3,KRW-0G,0.00391389
2026-09-02T18:15:26.315916+00:00,18,3,KRW-META2,0.00067408
2026-09-02T18:15:26.315916+00:00,18,3,KRW-BSB,0.00687285
2026-09-02T18:15:26.315916+00:00,18,3,KRW-ERA,0.00248756
2026-09-02T18:15:26.315916+00:00,18,3,KRW-MIRA,0.00310559
2026-09-02T18:15:26.315916+00:00,18,3,KRW-SAND,0.00197433
2026-09-02T18:15:26.315916+00:00,18,3,KRW-PEPE,0.00213904
2026-09-02T18:15:26.315916+00:00,18,3,KRW-POL,0.00796813
2026-09-02T18:15:26.315916+00:00,18,3,KRW-STX,0.00560224
2026-09-02T18:15:26.315916+00:00,18,3,KRW-IRYS,0.00539084
2026-09-02T18:15:26.315916+00:00,18,3,KRW-AXS,0.00158730
2026-09-02T18:15:26.315916+00:00,18,3,KRW-TAO,0.00200736
2026-09-02T18:15:26.315916+00:00,18,3,KRW-ALGO,0.00790514
2026-09-02T18:15:26.315916+00:00,18,3,KRW-JTO,0.00173461
2026-09-02T18:15:26.315916+00:00,18,3,KRW-CC,0.00660066
2026-09-02T18:15:26.315916+00:00,18,3,KRW-BIRB,0.00255428
2026-09-02T18:15:26.315916+00:00,18,3,KRW-ME,0.00116482
2026-09-02T18:15:26.315916+00:00,18,3,KRW-SEI,0.00298954
2026-09-02T18:15:26.315916+00:00,18,3,KRW-ENS,0.00207541
2026-09-02T18:15:26.315916+00:00,18,3,KRW-ZRO,0.00288184
2026-09-02T18:15:26.315916+00:00,18,3,KRW-TRUMP,0.00133422
2026-09-02T18:15:26.315916+00:00,18,3,KRW-XEC,0.00425080
2026-09-02T18:15:26.315916+00:00,18,3,KRW-RVN,0.00515464
2026-09-02T18:15:26.315916+00:00,18,3,KRW-ZAMA,0.00424028
2026-09-02T18:15:26.315916+00:00,18,3,KRW-GEOD,0.00668896
2026-09-02T18:15:26.315916+00:00,18,3,KRW-AKT,0.00437637
2026-09-02T18:15:26.315916+00:00,18,3,KRW-FIL,0.00271616
2026-09-02T18:15:26.315916+00:00,18,3,KRW-APT,0.00259403
2026-09-02T18:15:26.315916+00:00,18,3,KRW-DRV,0.01030928
2026-09-02T18:15:26.315916+00:00,18,3,KRW-ID,0.00457666
2026-09-02T18:15:26.315916+00:00,18,3,KRW-SOON,0.00386847
2026-09-02T18:15:26.315916+00:00,18,3,KRW-O,0.00536193
2026-09-02T18:15:26.315916+00:00,18,3,KRW-AVNT,0.00716846
2026-09-02T18:15:26.315916+00:00,18,3,KRW-TREE,0.00353982
2026-09-02T18:15:26.315916+00:00,18,3,KRW-KITE,0.01025641
2026-09-02T18:15:26.315916+00:00,18,3,KRW-BLEND,0.00469484
2026-09-02T18:15:26.315916+00:00,18,3,KRW-MANTRA,0.00493827
2026-09-02T18:15:26.315916+00:00,18,3,KRW-CFG,0.00692042
2026-09-02T18:15:26.315916+00:00,18,3,KRW-GAS,0.00183318
2026-09-02T18:15:26.315916+00:00,18,3,KRW-BERA,0.00408998
2026-09-02T18:15:26.315916+00:00,18,3,KRW-MEGA,0.00397614
2026-09-02T18:15:26.315916+00:00,18,3,KRW-SOPH,0.00778210
2026-09-02T18:15:26.315916+00:00,18,3,KRW-UP2,0.00139958
2026-09-02T18:15:26.315916+00:00,18,3,KRW-ZORA,0.00301356
2026-09-02T18:15:26.315916+00:00,18,3,KRW-OPG,0.00732601
2026-09-02T18:15:26.315916+00:00,18,3,KRW-BSV,0.00138536
2026-09-02T18:15:26.315916+00:00,18,3,KRW-HYPER,0.00333148
2026-09-02T18:15:26.315916+00:00,18,3,KRW-TRAC,0.00454545
2026-09-02T18:15:26.315916+00:00,18,3,KRW-IN,0.00216685
2026-09-02T18:15:26.315916+00:00,18,3,KRW-ATH,0.00319489
2026-09-02T18:15:26.315916+00:00,18,3,KRW-ETHFI,0.00396040
2026-09-02T18:15:26.315916+00:00,18,3,KRW-MON,0.00281294
2026-09-02T18:15:26.315916+00:00,18,3,KRW-ZIL,0.00878477
2026-09-02T18:15:26.315916+00:00,18,3,KRW-B3,0.00161681
2026-09-02T18:15:26.315916+00:00,18,3,KRW-ELSA,0.00317460
2026-09-02T18:15:26.315916+00:00,18,3,KRW-JUP,0.00338409
2026-09-02T18:15:26.315916+00:00,18,3,KRW-SIGN,0.00796813
2026-09-02T18:15:26.315916+00:00,18,3,KRW-FLOCK,0.00196271
2026-09-02T18:15:26.315916+00:00,18,3,KRW-DEEP,0.00508906
2026-09-02T18:15:26.315916+00:00,18,3,KRW-G,0.00196271
2026-09-02T18:15:26.315916+00:00,18,3,KRW-INJ,0.00780640
2026-09-02T18:15:26.315916+00:00,18,3,KRW-VVV,0.00364465
2026-09-02T18:15:26.315916+00:00,18,3,KRW-BIGTIME,0.00225734
2026-09-02T18:15:26.315916+00:00,18,3,KRW-BIO,0.00566572
2026-09-02T18:15:26.315916+00:00,18,3,KRW-RENDER,0.00154520
2026-09-02T18:15:26.315916+00:00,18,3,KRW-BARD,0.00600601
2026-09-02T18:15:26.315916+00:00,18,3,KRW-CHZ,0.00542005
2026-09-02T18:15:26.315916+00:00,18,3,KRW-LSK,0.00743494
2026-09-02T18:15:26.315916+00:00,18,3,KRW-CRO,0.00269906
2026-09-02T18:15:26.315916+00:00,18,3,KRW-VANA,0.00246812
2026-09-02T18:15:26.315916+00:00,18,3,KRW-LAYER,0.00324149
2026-09-02T18:15:26.315916+00:00,18,3,KRW-RED,0.00634921
2026-09-02T18:15:26.315916+00:00,18,3,KRW-DOT,0.00169635
2026-09-02T18:15:26.315916+00:00,18,3,KRW-ATOM,0.00298954
2026-09-02T18:15:26.315916+00:00,18,3,KRW-DOOD,0.01092896
2026-09-02T18:15:26.315916+00:00,18,3,KRW-XAUT,0.00149663
2026-09-02T18:15:26.315916+00:00,18,3,KRW-BORA,0.00978793
2026-09-02T18:15:26.315916+00:00,18,3,KRW-AWE,0.00236407
2026-09-02T18:15:26.315916+00:00,18,3,KRW-WAVES,0.00333890
2026-09-02T18:15:26.315916+00:00,18,3,KRW-ZKP,0.00311042
2026-09-02T18:15:26.315916+00:00,18,3,KRW-EDGE,0.00433369
2026-09-02T18:15:26.315916+00:00,18,3,KRW-ELF,0.00113186
2026-09-02T18:15:26.315916+00:00,18,3,KRW-AI,0.00380952
2026-09-02T18:15:26.315916+00:00,18,3,KRW-SNT,0.00112170
2026-09-02T18:15:26.315916+00:00,18,3,KRW-OPEN,0.00607903
2026-09-02T18:15:26.315916+00:00,18,3,KRW-SKR,0.00619195
2026-09-02T18:15:26.315916+00:00,18,3,KRW-MET2,0.00375235
2026-09-02T18:15:26.315916+00:00,18,3,KRW-FF,0.00706714
2026-09-02T18:15:26.315916+00:00,18,3,KRW-KAT,0.00325203
2026-09-02T18:15:26.315916+00:00,18,3,KRW-W,0.00760456
2026-09-02T18:15:26.315916+00:00,18,3,KRW-PENDLE,0.00119593
2026-09-02T18:15:26.315916+00:00,18,3,KRW-SPK,0.00727273
2026-09-02T18:15:26.315916+00:00,18,3,KRW-PYTH,0.00125392
2026-09-02T18:15:26.315916+00:00,18,3,KRW-STEEM,0.00341880
2026-09-02T18:15:26.315916+00:00,18,3,KRW-COW,0.01149425
2026-09-02T18:16:29.183312+00:00,18,3,KRW-SHIB,0.00140548
2026-09-02T18:16:29.183312+00:00,18,3,KRW-KAITO,0.00240674
2026-09-02T18:16:29.183312+00:00,18,3,KRW-SUI,0.00100150
2026-09-02T18:16:29.183312+00:00,18,3,KRW-MMT,0.00464037
2026-09-02T18:16:29.183312+00:00,18,3,KRW-LINK,0.00130634
2026-09-02T18:16:29.183312+00:00,18,3,KRW-PUMP,0.00354610
2026-09-02T18:16:29.183312+00:00,18,3,KRW-NEAR,0.00157048
2026-09-02T18:16:29.183312+00:00,18,3,KRW-ZBT,0.00873362
2026-09-02T18:16:29.183312+00:00,18,3,KRW-LA,0.00231214
2026-09-02T18:16:29.183312+00:00,18,3,KRW-CHIP,0.00353982
2026-09-02T18:16:29.183312+00:00,18,3,KRW-QUID,0.00451977
2026-09-02T18:16:29.183312+00:00,18,3,KRW-PENGU,0.00881057
2026-09-02T18:16:29.183312+00:00,18,3,KRW-AVAX,0.00101368
2026-09-02T18:16:29.183312+00:00,18,3,KRW-VIRTUAL,0.00216685
2026-09-02T18:16:29.183312+00:00,18,3,KRW-MOVE,0.00851064
2026-09-02T18:16:29.183312+00:00,18,3,KRW-UNI,0.00187559
2026-09-02T18:16:29.183312+00:00,18,3,KRW-PIEVERSE,0.00198873
2026-09-02T18:16:29.183312+00:00,18,3,KRW-PRL,0.01041667
2026-09-02T18:16:29.183312+00:00,18,3,KRW-HBAR,0.00985222
2026-09-02T18:16:29.183312+00:00,18,3,KRW-ONT,0.00277393
2026-09-02T18:16:29.183312+00:00,18,3,KRW-ENSO,0.00338696
2026-09-02T18:16:29.183312+00:00,18,3,KRW-XPL,0.00873362
2026-09-02T18:16:29.183312+00:00,18,3,KRW-SAHARA,0.00865801
2026-09-02T18:16:29.183312+00:00,18,3,KRW-AAVE,0.00228702
2026-09-02T18:16:29.183312+00:00,18,3,KRW-ARX,0.00573066
2026-09-02T18:16:29.183312+00:00,18,3,KRW-TRX,0.00224467
2026-09-02T18:16:29.183312+00:00,18,3,KRW-HOLO,0.00117302
2026-09-02T18:16:29.183312+00:00,18,3,KRW-WLFI,0.00257400
2026-09-02T18:16:29.183312+00:00,18,3,KRW-BCH,0.00149410
2026-09-02T18:16:29.183312+00:00,18,3,KRW-DATA,0.00385356
2026-09-02T18:16:29.183312+00:00,18,3,KRW-PLUME,0.00519481
2026-09-02T18:16:29.183312+00:00,18,3,KRW-ARB,0.00586510
2026-09-02T18:16:29.183312+00:00,18,3,KRW-STORJ,0.00426439
2026-09-02T18:16:29.183312+00:00,18,3,KRW-BONK,0.00586510
2026-09-02T18:16:29.183312+00:00,18,3,KRW-ETC,0.00050264
2026-09-02T18:16:29.183312+00:00,18,3,KRW-ESP,0.00881057
2026-09-02T18:16:29.183312+00:00,18,3,KRW-0G,0.00391389
2026-09-02T18:16:29.183312+00:00,18,3,KRW-META2,0.00067408
2026-09-02T18:16:29.183312+00:00,18,3,KRW-BSB,0.00687285
2026-09-02T18:16:29.183312+00:00,18,3,KRW-ERA,0.00248756
2026-09-02T18:16:29.183312+00:00,18,3,KRW-MIRA,0.00310559
2026-09-02T18:16:29.183312+00:00,18,3,KRW-SAND,0.00197433
2026-09-02T18:16:29.183312+00:00,18,3,KRW-PEPE,0.00213904
2026-09-02T18:16:29.183312+00:00,18,3,KRW-POL,0.00796813
2026-09-02T18:16:29.183312+00:00,18,3,KRW-STX,0.00560224
2026-09-02T18:16:29.183312+00:00,18,3,KRW-IRYS,0.00539084
2026-09-02T18:16:29.183312+00:00,18,3,KRW-AXS,0.00158730
2026-09-02T18:16:29.183312+00:00,18,3,KRW-TAO,0.00234231
2026-09-02T18:16:29.183312+00:00,18,3,KRW-ALGO,0.00790514
2026-09-02T18:16:29.183312+00:00,18,3,KRW-JTO,0.00346620
2026-09-02T18:16:29.183312+00:00,18,3,KRW-CC,0.00660066
2026-09-02T18:16:29.183312+00:00,18,3,KRW-BIRB,0.00255428
2026-09-02T18:16:29.183312+00:00,18,3,KRW-ME,0.00116482
2026-09-02T18:16:29.183312+00:00,18,3,KRW-SEI,0.00298954
2026-09-02T18:16:29.183312+00:00,18,3,KRW-ENS,0.00138600
2026-09-02T18:16:29.183312+00:00,18,3,KRW-ZRO,0.00216372
2026-09-02T18:16:29.183312+00:00,18,3,KRW-TRUMP,0.00100117
2026-09-02T18:16:29.183312+00:00,18,3,KRW-XEC,0.00425080
2026-09-02T18:16:29.183312+00:00,18,3,KRW-RVN,0.00258065
2026-09-02T18:16:29.183312+00:00,18,3,KRW-ZAMA,0.00424628
2026-09-02T18:16:29.183312+00:00,18,3,KRW-GEOD,0.00668896
2026-09-02T18:16:29.183312+00:00,18,3,KRW-AKT,0.00437637
2026-09-02T18:16:29.183312+00:00,18,3,KRW-FIL,0.00181159
2026-09-02T18:16:29.183312+00:00,18,3,KRW-APT,0.00259740
2026-09-02T18:16:29.183312+00:00,18,3,KRW-DRV,0.01030928
2026-09-02T18:16:29.183312+00:00,18,3,KRW-ID,0.00457666
2026-09-02T18:16:29.183312+00:00,18,3,KRW-SOON,0.00386847
2026-09-02T18:16:29.183312+00:00,18,3,KRW-O,0.00536193
2026-09-02T18:16:29.183312+00:00,18,3,KRW-AVNT,0.00716846
2026-09-02T18:16:29.183312+00:00,18,3,KRW-TREE,0.00353982
2026-09-02T18:16:29.183312+00:00,18,3,KRW-KITE,0.00514139
2026-09-02T18:16:29.183312+00:00,18,3,KRW-BLEND,0.00469484
2026-09-02T18:16:29.183312+00:00,18,3,KRW-MANTRA,0.00493827
2026-09-02T18:16:29.183312+00:00,18,3,KRW-CFG,0.00692042
2026-09-02T18:16:29.183312+00:00,18,3,KRW-GAS,0.00244499
2026-09-02T18:16:29.183312+00:00,18,3,KRW-BERA,0.00408998
2026-09-02T18:16:29.183312+00:00,18,3,KRW-MEGA,0.00397614
2026-09-02T18:16:29.183312+00:00,18,3,KRW-SOPH,0.00779423
2026-09-02T18:16:29.183312+00:00,18,3,KRW-UP2,0.00139958
2026-09-02T18:16:29.183312+00:00,18,3,KRW-ZORA,0.00301356
2026-09-02T18:16:29.183312+00:00,18,3,KRW-OPG,0.00732601
2026-09-02T18:16:29.183312+00:00,18,3,KRW-BSV,0.00138536
2026-09-02T18:16:29.183312+00:00,18,3,KRW-HYPER,0.00221976
2026-09-02T18:16:29.183312+00:00,18,3,KRW-TRAC,0.00454545
2026-09-02T18:16:29.183312+00:00,18,3,KRW-IN,0.00216685
2026-09-02T18:16:29.183312+00:00,18,3,KRW-ATH,0.00319489
2026-09-02T18:16:29.183312+00:00,18,3,KRW-ETHFI,0.00395517
2026-09-02T18:16:29.183312+00:00,18,3,KRW-MON,0.00281294
2026-09-02T18:16:29.183312+00:00,18,3,KRW-ZIL,0.00878477
2026-09-02T18:16:29.183312+00:00,18,3,KRW-B3,0.00161681
2026-09-02T18:16:29.183312+00:00,18,3,KRW-ELSA,0.00317460
2026-09-02T18:16:29.183312+00:00,18,3,KRW-JUP,0.00339559
2026-09-02T18:16:29.183312+00:00,18,3,KRW-SIGN,0.00796813
2026-09-02T18:16:29.183312+00:00,18,3,KRW-FLOCK,0.00196271
2026-09-02T18:16:29.183312+00:00,18,3,KRW-DEEP,0.00508906
2026-09-02T18:16:29.183312+00:00,18,3,KRW-G,0.00196271
2026-09-02T18:16:29.183312+00:00,18,3,KRW-INJ,0.01090343
2026-09-02T18:16:29.183312+00:00,18,3,KRW-VVV,0.00319125
2026-09-02T18:16:29.183312+00:00,18,3,KRW-BIGTIME,0.00225734
2026-09-02T18:16:29.183312+00:00,18,3,KRW-BIO,0.00566572
2026-09-02T18:16:29.183312+00:00,18,3,KRW-RENDER,0.00309278
2026-09-02T18:16:29.183312+00:00,18,3,KRW-BARD,0.00600601
2026-09-02T18:16:29.183312+00:00,18,3,KRW-CHZ,0.00542005
2026-09-02T18:16:29.183312+00:00,18,3,KRW-LSK,0.00743494
2026-09-02T18:16:29.183312+00:00,18,3,KRW-CRO,0.00540541
2026-09-02T18:16:29.183312+00:00,18,3,KRW-VANA,0.00246812
2026-09-02T18:16:29.183312+00:00,18,3,KRW-LAYER,0.00324149
2026-09-02T18:16:29.183312+00:00,18,3,KRW-RED,0.01273885
2026-09-02T18:16:29.183312+00:00,18,3,KRW-DOT,0.00339559
2026-09-02T18:16:29.183312+00:00,18,3,KRW-ATOM,0.00298954
2026-09-02T18:16:29.183312+00:00,18,3,KRW-DOOD,0.01092896
2026-09-02T18:16:29.183312+00:00,18,3,KRW-XAUT,0.00199601
2026-09-02T18:16:29.183312+00:00,18,3,KRW-BORA,0.00978793
2026-09-02T18:16:29.183312+00:00,18,3,KRW-AWE,0.00236407
2026-09-02T18:16:29.183312+00:00,18,3,KRW-WAVES,0.00333890
2026-09-02T18:16:29.183312+00:00,18,3,KRW-ZKP,0.00310559
2026-09-02T18:16:29.183312+00:00,18,3,KRW-EDGE,0.00433369
2026-09-02T18:16:29.183312+00:00,18,3,KRW-ELF,0.00570451
2026-09-02T18:16:29.183312+00:00,18,3,KRW-AI,0.00380952
2026-09-02T18:16:29.183312+00:00,18,3,KRW-SNT,0.00112170
2026-09-02T18:16:29.183312+00:00,18,3,KRW-OPEN,0.00607903
2026-09-02T18:16:29.183312+00:00,18,3,KRW-SKR,0.00310078
2026-09-02T18:16:29.183312+00:00,18,3,KRW-MET2,0.00375235
2026-09-02T18:16:29.183312+00:00,18,3,KRW-FF,0.00706714
2026-09-02T18:16:29.183312+00:00,18,3,KRW-KAT,0.00325733
2026-09-02T18:16:29.183312+00:00,18,3,KRW-W,0.00760456
2026-09-02T18:16:29.183312+00:00,18,3,KRW-PENDLE,0.00159744
2026-09-02T18:16:29.183312+00:00,18,3,KRW-SPK,0.00727273
2026-09-02T18:16:29.183312+00:00,18,3,KRW-PYTH,0.00250627
2026-09-02T18:16:29.183312+00:00,18,3,KRW-STEEM,0.00341880
2026-09-02T18:16:29.183312+00:00,18,3,KRW-COW,0.01149425
2026-09-02T18:17:31.993870+00:00,18,3,KRW-SHIB,0.00280899
2026-09-02T18:17:31.993870+00:00,18,3,KRW-KAITO,0.00241255
2026-09-02T18:17:31.993870+00:00,18,3,KRW-SUI,0.00100150
2026-09-02T18:17:31.993870+00:00,18,3,KRW-MMT,0.00464037
2026-09-02T18:17:31.993870+00:00,18,3,KRW-LINK,0.00195886
2026-09-02T18:17:31.993870+00:00,18,3,KRW-PUMP,0.00176835
2026-09-02T18:17:31.993870+00:00,18,3,KRW-NEAR,0.00117670
2026-09-02T18:17:31.993870+00:00,18,3,KRW-ZBT,0.00873362
2026-09-02T18:17:31.993870+00:00,18,3,KRW-LA,0.00348230
2026-09-02T18:17:31.993870+00:00,18,3,KRW-CHIP,0.00353982
2026-09-02T18:17:31.993870+00:00,18,3,KRW-QUID,0.00451977
2026-09-02T18:17:31.993870+00:00,18,3,KRW-PENGU,0.00881057
2026-09-02T18:17:31.993870+00:00,18,3,KRW-AVAX,0.00101368
2026-09-02T18:17:31.993870+00:00,18,3,KRW-VIRTUAL,0.00216685
2026-09-02T18:17:31.993870+00:00,18,3,KRW-MOVE,0.00851064
2026-09-02T18:17:31.993870+00:00,18,3,KRW-UNI,0.00187441
2026-09-02T18:17:31.993870+00:00,18,3,KRW-PIEVERSE,0.00199534
2026-09-02T18:17:31.993870+00:00,18,3,KRW-PRL,0.01041667
2026-09-02T18:17:31.993870+00:00,18,3,KRW-HBAR,0.00985222
2026-09-02T18:17:31.993870+00:00,18,3,KRW-ONT,0.00277393
2026-09-02T18:17:31.993870+00:00,18,3,KRW-ENSO,0.00423191
2026-09-02T18:17:31.993870+00:00,18,3,KRW-XPL,0.00873362
2026-09-02T18:17:31.993870+00:00,18,3,KRW-SAHARA,0.00865801
2026-09-02T18:17:31.993870+00:00,18,3,KRW-AAVE,0.00171478
2026-09-02T18:17:31.993870+00:00,18,3,KRW-ARX,0.00573066
2026-09-02T18:17:31.993870+00:00,18,3,KRW-TRX,0.00224467
2026-09-02T18:17:31.993870+00:00,18,3,KRW-HOLO,0.00351494
2026-09-02T18:17:31.993870+00:00,18,3,KRW-WLFI,0.00257400
2026-09-02T18:17:31.993870+00:00,18,3,KRW-BCH,0.00149365
2026-09-02T18:17:31.993870+00:00,18,3,KRW-DATA,0.00385356
2026-09-02T18:17:31.993870+00:00,18,3,KRW-PLUME,0.00519481
2026-09-02T18:17:31.993870+00:00,18,3,KRW-ARB,0.00583090
2026-09-02T18:17:31.993870+00:00,18,3,KRW-STORJ,0.00426439
2026-09-02T18:17:31.993870+00:00,18,3,KRW-BONK,0.00586510
2026-09-02T18:17:31.993870+00:00,18,3,KRW-ETC,0.00100503
2026-09-02T18:17:31.993870+00:00,18,3,KRW-ESP,0.00881057
2026-09-02T18:17:31.993870+00:00,18,3,KRW-0G,0.00389864
2026-09-02T18:17:31.993870+00:00,18,3,KRW-META2,0.00067408
2026-09-02T18:17:31.993870+00:00,18,3,KRW-BSB,0.00687285
2026-09-02T18:17:31.993870+00:00,18,3,KRW-ERA,0.00248756
2026-09-02T18:17:31.993870+00:00,18,3,KRW-MIRA,0.00310559
2026-09-02T18:17:31.993870+00:00,18,3,KRW-SAND,0.00197044
2026-09-02T18:17:31.993870+00:00,18,3,KRW-PEPE,0.00213904
2026-09-02T18:17:31.993870+00:00,18,3,KRW-POL,0.00790514
2026-09-02T18:17:31.993870+00:00,18,3,KRW-STX,0.00279720
2026-09-02T18:17:31.993870+00:00,18,3,KRW-IRYS,0.00539084
2026-09-02T18:17:31.993870+00:00,18,3,KRW-AXS,0.00158730
2026-09-02T18:17:31.993870+00:00,18,3,KRW-TAO,0.00234075
2026-09-02T18:17:31.993870+00:00,18,3,KRW-ALGO,0.00790514
2026-09-02T18:17:31.993870+00:00,18,3,KRW-JTO,0.00346620
2026-09-02T18:17:31.993870+00:00,18,3,KRW-CC,0.00660066
2026-09-02T18:17:31.993870+00:00,18,3,KRW-BIRB,0.00255428
2026-09-02T18:17:31.993870+00:00,18,3,KRW-ME,0.00116482
2026-09-02T18:17:31.993870+00:00,18,3,KRW-SEI,0.00149365
2026-09-02T18:17:31.993870+00:00,18,3,KRW-ENS,0.00069276
2026-09-02T18:17:31.993870+00:00,18,3,KRW-ZRO,0.00216216
2026-09-02T18:17:31.993870+00:00,18,3,KRW-TRUMP,0.00133422
2026-09-02T18:17:31.993870+00:00,18,3,KRW-XEC,0.00425080
2026-09-02T18:17:31.993870+00:00,18,3,KRW-RVN,0.00518135
2026-09-02T18:17:31.993870+00:00,18,3,KRW-ZAMA,0.00424028
2026-09-02T18:17:31.993870+00:00,18,3,KRW-GEOD,0.00668896
2026-09-02T18:17:31.993870+00:00,18,3,KRW-AKT,0.00437637
2026-09-02T18:17:31.993870+00:00,18,3,KRW-FIL,0.00271616
2026-09-02T18:17:31.993870+00:00,18,3,KRW-APT,0.00259403
2026-09-02T18:17:31.993870+00:00,18,3,KRW-DRV,0.00514139
2026-09-02T18:17:31.993870+00:00,18,3,KRW-ID,0.00457666
2026-09-02T18:17:31.993870+00:00,18,3,KRW-SOON,0.00386847
2026-09-02T18:17:31.993870+00:00,18,3,KRW-O,0.00402414
2026-09-02T18:17:31.993870+00:00,18,3,KRW-AVNT,0.00716846
2026-09-02T18:17:31.993870+00:00,18,3,KRW-TREE,0.00353982
2026-09-02T18:17:31.993870+00:00,18,3,KRW-KITE,0.00511509
2026-09-02T18:17:31.993870+00:00,18,3,KRW-BLEND,0.00469484
2026-09-02T18:17:31.993870+00:00,18,3,KRW-MANTRA,0.00328947
2026-09-02T18:17:31.993870+00:00,18,3,KRW-CFG,0.00692042
2026-09-02T18:17:31.993870+00:00,18,3,KRW-GAS,0.00183318
2026-09-02T18:17:31.993870+00:00,18,3,KRW-BERA,0.00408998
2026-09-02T18:17:31.993870+00:00,18,3,KRW-MEGA,0.00397614
2026-09-02T18:17:31.993870+00:00,18,3,KRW-SOPH,0.00623053
2026-09-02T18:17:31.993870+00:00,18,3,KRW-UP2,0.00139958
2026-09-02T18:17:31.993870+00:00,18,3,KRW-ZORA,0.00301054
2026-09-02T18:17:31.993870+00:00,18,3,KRW-OPG,0.01459854
2026-09-02T18:17:31.993870+00:00,18,3,KRW-BSV,0.00092336
2026-09-02T18:17:31.993870+00:00,18,3,KRW-HYPER,0.00221976
2026-09-02T18:17:31.993870+00:00,18,3,KRW-TRAC,0.00454545
2026-09-02T18:17:31.993870+00:00,18,3,KRW-IN,0.00216685
2026-09-02T18:17:31.993870+00:00,18,3,KRW-ATH,0.00319489
2026-09-02T18:17:31.993870+00:00,18,3,KRW-ETHFI,0.00394477
2026-09-02T18:17:31.993870+00:00,18,3,KRW-MON,0.00281294
2026-09-02T18:17:31.993870+00:00,18,3,KRW-ZIL,0.00878477
2026-09-02T18:17:31.993870+00:00,18,3,KRW-B3,0.00323625
2026-09-02T18:17:31.993870+00:00,18,3,KRW-ELSA,0.00158856
2026-09-02T18:17:31.993870+00:00,18,3,KRW-JUP,0.00339559
2026-09-02T18:17:31.993870+00:00,18,3,KRW-SIGN,0.00796813
2026-09-02T18:17:31.993870+00:00,18,3,KRW-FLOCK,0.00196271
2026-09-02T18:17:31.993870+00:00,18,3,KRW-DEEP,0.00508906
2026-09-02T18:17:31.993870+00:00,18,3,KRW-G,0.00196271
2026-09-02T18:17:31.993870+00:00,18,3,KRW-INJ,0.01090343
2026-09-02T18:17:31.993870+00:00,18,3,KRW-VVV,0.00319125
2026-09-02T18:17:31.993870+00:00,18,3,KRW-BIGTIME,0.00225734
2026-09-02T18:17:31.993870+00:00,18,3,KRW-BIO,0.00566572
2026-09-02T18:17:31.993870+00:00,18,3,KRW-RENDER,0.00309278
2026-09-02T18:17:31.993870+00:00,18,3,KRW-BARD,0.00600601
2026-09-02T18:17:31.993870+00:00,18,3,KRW-CHZ,0.00542005
2026-09-02T18:17:31.993870+00:00,18,3,KRW-LSK,0.00743494
2026-09-02T18:17:31.993870+00:00,18,3,KRW-CRO,0.00540541
2026-09-02T18:17:31.993870+00:00,18,3,KRW-VANA,0.00246812
2026-09-02T18:17:31.993870+00:00,18,3,KRW-LAYER,0.00324149
2026-09-02T18:17:31.993870+00:00,18,3,KRW-RED,0.01273885
2026-09-02T18:17:31.993870+00:00,18,3,KRW-DOT,0.00169635
2026-09-02T18:17:31.993870+00:00,18,3,KRW-ATOM,0.00249066
2026-09-02T18:17:31.993870+00:00,18,3,KRW-DOOD,0.01092896
2026-09-02T18:17:31.993870+00:00,18,3,KRW-XAUT,0.00199601
2026-09-02T18:17:31.993870+00:00,18,3,KRW-BORA,0.00978793
2026-09-02T18:17:31.993870+00:00,18,3,KRW-AWE,0.00236686
2026-09-02T18:17:31.993870+00:00,18,3,KRW-WAVES,0.00333890
2026-09-02T18:17:31.993870+00:00,18,3,KRW-ZKP,0.00464756
2026-09-02T18:17:31.993870+00:00,18,3,KRW-EDGE,0.00433369
2026-09-02T18:17:31.993870+00:00,18,3,KRW-ELF,0.00684932
2026-09-02T18:17:31.993870+00:00,18,3,KRW-AI,0.00380952
2026-09-02T18:17:31.993870+00:00,18,3,KRW-SNT,0.00112170
2026-09-02T18:17:31.993870+00:00,18,3,KRW-OPEN,0.00607903
2026-09-02T18:17:31.993870+00:00,18,3,KRW-SKR,0.00308166
2026-09-02T18:17:31.993870+00:00,18,3,KRW-MET2,0.00375235
2026-09-02T18:17:31.993870+00:00,18,3,KRW-FF,0.00706714
2026-09-02T18:17:31.993870+00:00,18,3,KRW-KAT,0.00325733
2026-09-02T18:17:31.993870+00:00,18,3,KRW-W,0.00760456
2026-09-02T18:17:31.993870+00:00,18,3,KRW-PENDLE,0.00079840
2026-09-02T18:17:31.993870+00:00,18,3,KRW-SPK,0.00727273
2026-09-02T18:17:31.993870+00:00,18,3,KRW-PYTH,0.00250313
2026-09-02T18:17:31.993870+00:00,18,3,KRW-STEEM,0.00341880
2026-09-02T18:17:31.993870+00:00,18,3,KRW-COW,0.01149425
2026-09-02T18:18:34.848486+00:00,18,3,KRW-SHIB,0.00140351
2026-09-02T18:18:34.848486+00:00,18,3,KRW-KAITO,0.00241255
2026-09-02T18:18:34.848486+00:00,18,3,KRW-SUI,0.00100150
2026-09-02T18:18:34.848486+00:00,18,3,KRW-MMT,0.00464037
2026-09-02T18:18:34.848486+00:00,18,3,KRW-LINK,0.00195886
2026-09-02T18:18:34.848486+00:00,18,3,KRW-PUMP,0.00353357
2026-09-02T18:18:34.848486+00:00,18,3,KRW-NEAR,0.00117670
2026-09-02T18:18:34.848486+00:00,18,3,KRW-ZBT,0.00873362
2026-09-02T18:18:34.848486+00:00,18,3,KRW-LA,0.00115942
2026-09-02T18:18:34.848486+00:00,18,3,KRW-CHIP,0.00353982
2026-09-02T18:18:34.848486+00:00,18,3,KRW-QUID,0.00451977
2026-09-02T18:18:34.848486+00:00,18,3,KRW-PENGU,0.00881057
2026-09-02T18:18:34.848486+00:00,18,3,KRW-AVAX,0.00101368
2026-09-02T18:18:34.848486+00:00,18,3,KRW-VIRTUAL,0.00216685
2026-09-02T18:18:34.848486+00:00,18,3,KRW-MOVE,0.00851064
2026-09-02T18:18:34.848486+00:00,18,3,KRW-UNI,0.00187441
2026-09-02T18:18:34.848486+00:00,18,3,KRW-PIEVERSE,0.00133156
2026-09-02T18:18:34.848486+00:00,18,3,KRW-PRL,0.01041667
2026-09-02T18:18:34.848486+00:00,18,3,KRW-HBAR,0.00985222
2026-09-02T18:18:34.848486+00:00,18,3,KRW-ONT,0.00277393
2026-09-02T18:18:34.848486+00:00,18,3,KRW-ENSO,0.00338409
2026-09-02T18:18:34.848486+00:00,18,3,KRW-XPL,0.00873362
2026-09-02T18:18:34.848486+00:00,18,3,KRW-SAHARA,0.00865801
2026-09-02T18:18:34.848486+00:00,18,3,KRW-AAVE,0.00171576
2026-09-02T18:18:34.848486+00:00,18,3,KRW-ARX,0.00576369
2026-09-02T18:18:34.848486+00:00,18,3,KRW-TRX,0.00224467
2026-09-02T18:18:34.848486+00:00,18,3,KRW-HOLO,0.00234467
2026-09-02T18:18:34.848486+00:00,18,3,KRW-WLFI,0.00128617
2026-09-02T18:18:34.848486+00:00,18,3,KRW-BCH,0.00119474
2026-09-02T18:18:34.848486+00:00,18,3,KRW-DATA,0.00385356
2026-09-02T18:18:34.848486+00:00,18,3,KRW-PLUME,0.00519481
2026-09-02T18:18:34.848486+00:00,18,3,KRW-ARB,0.00586510
2026-09-02T18:18:34.848486+00:00,18,3,KRW-STORJ,0.00426439
2026-09-02T18:18:34.848486+00:00,18,3,KRW-BONK,0.00586510
2026-09-02T18:18:34.848486+00:00,18,3,KRW-ETC,0.00050264
2026-09-02T18:18:34.848486+00:00,18,3,KRW-ESP,0.00881057
2026-09-02T18:18:34.848486+00:00,18,3,KRW-0G,0.00778210
2026-09-02T18:18:34.848486+00:00,18,3,KRW-META2,0.00067408
2026-09-02T18:18:34.848486+00:00,18,3,KRW-BSB,0.00687285
2026-09-02T18:18:34.848486+00:00,18,3,KRW-ERA,0.00248756
2026-09-02T18:18:34.848486+00:00,18,3,KRW-MIRA,0.00310559
2026-09-02T18:18:34.848486+00:00,18,3,KRW-SAND,0.00197044
2026-09-02T18:18:34.848486+00:00,18,3,KRW-PEPE,0.00213904
2026-09-02T18:18:34.848486+00:00,18,3,KRW-POL,0.00790514
2026-09-02T18:18:34.848486+00:00,18,3,KRW-STX,0.00279720
2026-09-02T18:18:34.848486+00:00,18,3,KRW-IRYS,0.00539084
2026-09-02T18:18:34.848486+00:00,18,3,KRW-AXS,0.00158730
2026-09-02T18:18:34.848486+00:00,18,3,KRW-TAO,0.00200669
2026-09-02T18:18:34.848486+00:00,18,3,KRW-ALGO,0.00790514
2026-09-02T18:18:34.848486+00:00,18,3,KRW-JTO,0.00346620
2026-09-02T18:18:34.848486+00:00,18,3,KRW-CC,0.00660066
2026-09-02T18:18:34.848486+00:00,18,3,KRW-BIRB,0.00255428
2026-09-02T18:18:34.848486+00:00,18,3,KRW-ME,0.00116482
2026-09-02T18:18:34.848486+00:00,18,3,KRW-SEI,0.00149589
2026-09-02T18:18:34.848486+00:00,18,3,KRW-ENS,0.00138504
2026-09-02T18:18:34.848486+00:00,18,3,KRW-ZRO,0.00216216
2026-09-02T18:18:34.848486+00:00,18,3,KRW-TRUMP,0.00166806
2026-09-02T18:18:34.848486+00:00,18,3,KRW-XEC,0.00425080
2026-09-02T18:18:34.848486+00:00,18,3,KRW-RVN,0.00518135
2026-09-02T18:18:34.848486+00:00,18,3,KRW-ZAMA,0.00424628
2026-09-02T18:18:34.848486+00:00,18,3,KRW-GEOD,0.00668896
2026-09-02T18:18:34.848486+00:00,18,3,KRW-AKT,0.00437637
2026-09-02T18:18:34.848486+00:00,18,3,KRW-FIL,0.00270880
2026-09-02T18:18:34.848486+00:00,18,3,KRW-APT,0.00259067
2026-09-02T18:18:34.848486+00:00,18,3,KRW-DRV,0.00514139
2026-09-02T18:18:34.848486+00:00,18,3,KRW-ID,0.00457666
2026-09-02T18:18:34.848486+00:00,18,3,KRW-SOON,0.00386847
2026-09-02T18:18:34.848486+00:00,18,3,KRW-O,0.00402414
2026-09-02T18:18:34.848486+00:00,18,3,KRW-AVNT,0.00716846
2026-09-02T18:18:34.848486+00:00,18,3,KRW-TREE,0.00353982
2026-09-02T18:18:34.848486+00:00,18,3,KRW-KITE,0.00511509
2026-09-02T18:18:34.848486+00:00,18,3,KRW-BLEND,0.00469484
2026-09-02T18:18:34.848486+00:00,18,3,KRW-MANTRA,0.00328947
2026-09-02T18:18:34.848486+00:00,18,3,KRW-CFG,0.00692042
2026-09-02T18:18:34.848486+00:00,18,3,KRW-GAS,0.00183318
2026-09-02T18:18:34.848486+00:00,18,3,KRW-BERA,0.00408998
2026-09-02T18:18:34.848486+00:00,18,3,KRW-MEGA,0.00397614
2026-09-02T18:18:34.848486+00:00,18,3,KRW-SOPH,0.00467654
2026-09-02T18:18:34.848486+00:00,18,3,KRW-UP2,0.00139958
2026-09-02T18:18:34.848486+00:00,18,3,KRW-ZORA,0.00200200
2026-09-02T18:18:34.848486+00:00,18,3,KRW-OPG,0.00732601
2026-09-02T18:18:34.848486+00:00,18,3,KRW-BSV,0.00138536
2026-09-02T18:18:34.848486+00:00,18,3,KRW-HYPER,0.00221976
2026-09-02T18:18:34.848486+00:00,18,3,KRW-TRAC,0.00454545
2026-09-02T18:18:34.848486+00:00,18,3,KRW-IN,0.00216685
2026-09-02T18:18:34.848486+00:00,18,3,KRW-ATH,0.00319489
2026-09-02T18:18:34.848486+00:00,18,3,KRW-ETHFI,0.00263505
2026-09-02T18:18:34.848486+00:00,18,3,KRW-MON,0.00281294
2026-09-02T18:18:34.848486+00:00,18,3,KRW-ZIL,0.01169591
2026-09-02T18:18:34.848486+00:00,18,3,KRW-B3,0.00161681
2026-09-02T18:18:34.848486+00:00,18,3,KRW-ELSA,0.00476569
2026-09-02T18:18:34.848486+00:00,18,3,KRW-JUP,0.00339559
2026-09-02T18:18:34.848486+00:00,18,3,KRW-SIGN,0.00796813
2026-09-02T18:18:34.848486+00:00,18,3,KRW-FLOCK,0.00196271
2026-09-02T18:18:34.848486+00:00,18,3,KRW-DEEP,0.00508906
2026-09-02T18:18:34.848486+00:00,18,3,KRW-G,0.00196271
2026-09-02T18:18:34.848486+00:00,18,3,KRW-INJ,0.00935308
2026-09-02T18:18:34.848486+00:00,18,3,KRW-VVV,0.00273473
2026-09-02T18:18:34.848486+00:00,18,3,KRW-BIGTIME,0.00225734
2026-09-02T18:18:34.848486+00:00,18,3,KRW-BIO,0.00566572
2026-09-02T18:18:34.848486+00:00,18,3,KRW-RENDER,0.00309278
2026-09-02T18:18:34.848486+00:00,18,3,KRW-BARD,0.00600601
2026-09-02T18:18:34.848486+00:00,18,3,KRW-CHZ,0.00542005
2026-09-02T18:18:34.848486+00:00,18,3,KRW-LSK,0.00743494
2026-09-02T18:18:34.848486+00:00,18,3,KRW-CRO,0.00405132
2026-09-02T18:18:34.848486+00:00,18,3,KRW-VANA,0.00246812
2026-09-02T18:18:34.848486+00:00,18,3,KRW-LAYER,0.00324149
2026-09-02T18:18:34.848486+00:00,18,3,KRW-RED,0.01273885
2026-09-02T18:18:34.848486+00:00,18,3,KRW-DOT,0.00169635
2026-09-02T18:18:34.848486+00:00,18,3,KRW-ATOM,0.00249066
2026-09-02T18:18:34.848486+00:00,18,3,KRW-DOOD,0.01092896
2026-09-02T18:18:34.848486+00:00,18,3,KRW-XAUT,0.00182952
2026-09-02T18:18:34.848486+00:00,18,3,KRW-BORA,0.00978793
2026-09-02T18:18:34.848486+00:00,18,3,KRW-AWE,0.00236686
2026-09-02T18:18:34.848486+00:00,18,3,KRW-WAVES,0.00333890
2026-09-02T18:18:34.848486+00:00,18,3,KRW-ZKP,0.00464756
2026-09-02T18:18:34.848486+00:00,18,3,KRW-EDGE,0.00433369
2026-09-02T18:18:34.848486+00:00,18,3,KRW-ELF,0.01136364
2026-09-02T18:18:34.848486+00:00,18,3,KRW-AI,0.00380952
2026-09-02T18:18:34.848486+00:00,18,3,KRW-SNT,0.00112170
2026-09-02T18:18:34.848486+00:00,18,3,KRW-OPEN,0.00615385
2026-09-02T18:18:34.848486+00:00,18,3,KRW-SKR,0.00615385
2026-09-02T18:18:34.848486+00:00,18,3,KRW-MET2,0.00375235
2026-09-02T18:18:34.848486+00:00,18,3,KRW-FF,0.00706714
2026-09-02T18:18:34.848486+00:00,18,3,KRW-KAT,0.00325733
2026-09-02T18:18:34.848486+00:00,18,3,KRW-W,0.00760456
2026-09-02T18:18:34.848486+00:00,18,3,KRW-PENDLE,0.00119641
2026-09-02T18:18:34.848486+00:00,18,3,KRW-SPK,0.00727273
2026-09-02T18:18:34.848486+00:00,18,3,KRW-PYTH,0.00250313
2026-09-02T18:18:34.848486+00:00,18,3,KRW-STEEM,0.00341880
2026-09-02T18:18:34.848486+00:00,18,3,KRW-COW,0.01149425
2026-09-02T18:19:37.749350+00:00,18,3,KRW-SHIB,0.00140351
2026-09-02T18:19:37.749350+00:00,18,3,KRW-KAITO,0.00481928
2026-09-02T18:19:37.749350+00:00,18,3,KRW-SUI,0.00099950
2026-09-02T18:19:37.749350+00:00,18,3,KRW-MMT,0.00925926
2026-09-02T18:19:37.749350+00:00,18,3,KRW-LINK,0.00130463
2026-09-02T18:19:37.749350+00:00,18,3,KRW-PUMP,0.00176835
2026-09-02T18:19:37.749350+00:00,18,3,KRW-NEAR,0.00196040
2026-09-02T18:19:37.749350+00:00,18,3,KRW-ZBT,0.00873362
2026-09-02T18:19:37.749350+00:00,18,3,KRW-LA,0.00116077
2026-09-02T18:19:37.749350+00:00,18,3,KRW-CHIP,0.00352734
2026-09-02T18:19:37.749350+00:00,18,3,KRW-QUID,0.00451977
2026-09-02T18:19:37.749350+00:00,18,3,KRW-PENGU,0.00881057
2026-09-02T18:19:37.749350+00:00,18,3,KRW-AVAX,0.00101317
2026-09-02T18:19:37.749350+00:00,18,3,KRW-VIRTUAL,0.00108167
2026-09-02T18:19:37.749350+00:00,18,3,KRW-MOVE,0.00851064
2026-09-02T18:19:37.749350+00:00,18,3,KRW-UNI,0.00187441
2026-09-02T18:19:37.749350+00:00,18,3,KRW-PIEVERSE,0.00133156
2026-09-02T18:19:37.749350+00:00,18,3,KRW-PRL,0.00519481
2026-09-02T18:19:37.749350+00:00,18,3,KRW-HBAR,0.00985222
2026-09-02T18:19:37.749350+00:00,18,3,KRW-ONT,0.00416378
2026-09-02T18:19:37.749350+00:00,18,3,KRW-ENSO,0.00254130
2026-09-02T18:19:37.749350+00:00,18,3,KRW-XPL,0.00873362
2026-09-02T18:19:37.749350+00:00,18,3,KRW-SAHARA,0.00865801
2026-09-02T18:19:37.749350+00:00,18,3,KRW-AAVE,0.00171478
2026-09-02T18:19:37.749350+00:00,18,3,KRW-ARX,0.00573066
2026-09-02T18:19:37.749350+00:00,18,3,KRW-TRX,0.00224467
2026-09-02T18:19:37.749350+00:00,18,3,KRW-HOLO,0.00233918
2026-09-02T18:19:37.749350+00:00,18,3,KRW-WLFI,0.00128617
2026-09-02T18:19:37.749350+00:00,18,3,KRW-BCH,0.00149321
2026-09-02T18:19:37.749350+00:00,18,3,KRW-DATA,0.00385356
2026-09-02T18:19:37.749350+00:00,18,3,KRW-PLUME,0.00519481
2026-09-02T18:19:37.749350+00:00,18,3,KRW-ARB,0.00586510
2026-09-02T18:19:37.749350+00:00,18,3,KRW-STORJ,0.00426439
2026-09-02T18:19:37.749350+00:00,18,3,KRW-BONK,0.00586510
2026-09-02T18:19:37.749350+00:00,18,3,KRW-ETC,0.00251193
2026-09-02T18:19:37.749350+00:00,18,3,KRW-ESP,0.00873362
2026-09-02T18:19:37.749350+00:00,18,3,KRW-0G,0.00778210
2026-09-02T18:19:37.749350+00:00,18,3,KRW-META2,0.00067408
2026-09-02T18:19:37.749350+00:00,18,3,KRW-BSB,0.00687285
2026-09-02T18:19:37.749350+00:00,18,3,KRW-ERA,0.00248447
2026-09-02T18:19:37.749350+00:00,18,3,KRW-MIRA,0.00310559
2026-09-02T18:19:37.749350+00:00,18,3,KRW-SAND,0.00197044
2026-09-02T18:19:37.749350+00:00,18,3,KRW-PEPE,0.00213904
2026-09-02T18:19:37.749350+00:00,18,3,KRW-POL,0.00796813
2026-09-02T18:19:37.749350+00:00,18,3,KRW-STX,0.00279720
2026-09-02T18:19:37.749350+00:00,18,3,KRW-IRYS,0.00539084
2026-09-02T18:19:37.749350+00:00,18,3,KRW-AXS,0.00158730
2026-09-02T18:19:37.749350+00:00,18,3,KRW-TAO,0.00100284
2026-09-02T18:19:37.749350+00:00,18,3,KRW-ALGO,0.00790514
2026-09-02T18:19:37.749350+00:00,18,3,KRW-JTO,0.00346620
2026-09-02T18:19:37.749350+00:00,18,3,KRW-CC,0.00660066
2026-09-02T18:19:37.749350+00:00,18,3,KRW-BIRB,0.00255102
2026-09-02T18:19:37.749350+00:00,18,3,KRW-ME,0.00116482
2026-09-02T18:19:37.749350+00:00,18,3,KRW-SEI,0.00149365
2026-09-02T18:19:37.749350+00:00,18,3,KRW-ENS,0.00276625
2026-09-02T18:19:37.749350+00:00,18,3,KRW-ZRO,0.00359842
2026-09-02T18:19:37.749350+00:00,18,3,KRW-TRUMP,0.00099950
2026-09-02T18:19:37.749350+00:00,18,3,KRW-XEC,0.00212089
2026-09-02T18:19:37.749350+00:00,18,3,KRW-RVN,0.00776197
2026-09-02T18:19:37.749350+00:00,18,3,KRW-ZAMA,0.00281294
2026-09-02T18:19:37.749350+00:00,18,3,KRW-GEOD,0.00668896
2026-09-02T18:19:37.749350+00:00,18,3,KRW-AKT,0.00437637
2026-09-02T18:19:37.749350+00:00,18,3,KRW-FIL,0.00270880
2026-09-02T18:19:37.749350+00:00,18,3,KRW-APT,0.00388853
2026-09-02T18:19:37.749350+00:00,18,3,KRW-DRV,0.00514139
2026-09-02T18:19:37.749350+00:00,18,3,KRW-ID,0.00457666
2026-09-02T18:19:37.749350+00:00,18,3,KRW-SOON,0.00386847
2026-09-02T18:19:37.749350+00:00,18,3,KRW-O,0.00536193
2026-09-02T18:19:37.749350+00:00,18,3,KRW-AVNT,0.00716846
2026-09-02T18:19:37.749350+00:00,18,3,KRW-TREE,0.00353982
2026-09-02T18:19:37.749350+00:00,18,3,KRW-KITE,0.00511509
2026-09-02T18:19:37.749350+00:00,18,3,KRW-BLEND,0.00469484
2026-09-02T18:19:37.749350+00:00,18,3,KRW-MANTRA,0.00164609
2026-09-02T18:19:37.749350+00:00,18,3,KRW-CFG,0.00692042
2026-09-02T18:19:37.749350+00:00,18,3,KRW-GAS,0.00244499
2026-09-02T18:19:37.749350+00:00,18,3,KRW-BERA,0.00408998
2026-09-02T18:19:37.749350+00:00,18,3,KRW-MEGA,0.00595829
2026-09-02T18:19:37.749350+00:00,18,3,KRW-SOPH,0.00936037
2026-09-02T18:19:37.749350+00:00,18,3,KRW-UP2,0.00139958
2026-09-02T18:19:37.749350+00:00,18,3,KRW-ZORA,0.00995025
2026-09-02T18:19:37.749350+00:00,18,3,KRW-OPG,0.00732601
2026-09-02T18:19:37.749350+00:00,18,3,KRW-BSV,0.00230574
2026-09-02T18:19:37.749350+00:00,18,3,KRW-HYPER,0.00554631
2026-09-02T18:19:37.749350+00:00,18,3,KRW-TRAC,0.00454545
2026-09-02T18:19:37.749350+00:00,18,3,KRW-IN,0.00216685
2026-09-02T18:19:37.749350+00:00,18,3,KRW-ATH,0.00478851
2026-09-02T18:19:37.749350+00:00,18,3,KRW-ETHFI,0.00262812
2026-09-02T18:19:37.749350+00:00,18,3,KRW-MON,0.00281294
2026-09-02T18:19:37.749350+00:00,18,3,KRW-ZIL,0.01169591
2026-09-02T18:19:37.749350+00:00,18,3,KRW-B3,0.00483481
2026-09-02T18:19:37.749350+00:00,18,3,KRW-ELSA,0.00476569
2026-09-02T18:19:37.749350+00:00,18,3,KRW-JUP,0.00338409
2026-09-02T18:19:37.749350+00:00,18,3,KRW-SIGN,0.00796813
2026-09-02T18:19:37.749350+00:00,18,3,KRW-FLOCK,0.00392157
2026-09-02T18:19:37.749350+00:00,18,3,KRW-DEEP,0.00508906
2026-09-02T18:19:37.749350+00:00,18,3,KRW-G,0.00392157
2026-09-02T18:19:37.749350+00:00,18,3,KRW-INJ,0.00702850
2026-09-02T18:19:37.749350+00:00,18,3,KRW-VVV,0.00363636
2026-09-02T18:19:37.749350+00:00,18,3,KRW-BIGTIME,0.00338409
2026-09-02T18:19:37.749350+00:00,18,3,KRW-BIO,0.00568182
2026-09-02T18:19:37.749350+00:00,18,3,KRW-RENDER,0.00257400
2026-09-02T18:19:37.749350+00:00,18,3,KRW-BARD,0.00600601
2026-09-02T18:19:37.749350+00:00,18,3,KRW-CHZ,0.00542005
2026-09-02T18:19:37.749350+00:00,18,3,KRW-LSK,0.00743494
2026-09-02T18:19:37.749350+00:00,18,3,KRW-CRO,0.00405132
2026-09-02T18:19:37.749350+00:00,18,3,KRW-VANA,0.00328947
2026-09-02T18:19:37.749350+00:00,18,3,KRW-LAYER,0.00323799
2026-09-02T18:19:37.749350+00:00,18,3,KRW-RED,0.01273885
2026-09-02T18:19:37.749350+00:00,18,3,KRW-DOT,0.00254130
2026-09-02T18:19:37.749350+00:00,18,3,KRW-ATOM,0.00199203
2026-09-02T18:19:37.749350+00:00,18,3,KRW-DOOD,0.00544959
2026-09-02T18:19:37.749350+00:00,18,3,KRW-XAUT,0.00099751
2026-09-02T18:19:37.749350+00:00,18,3,KRW-BORA,0.00978793
2026-09-02T18:19:37.749350+00:00,18,3,KRW-AWE,0.00236686
2026-09-02T18:19:37.749350+00:00,18,3,KRW-WAVES,0.00333890
2026-09-02T18:19:37.749350+00:00,18,3,KRW-ZKP,0.00309119
2026-09-02T18:19:37.749350+00:00,18,3,KRW-EDGE,0.00433369
2026-09-02T18:19:37.749350+00:00,18,3,KRW-ELF,0.00570451
2026-09-02T18:19:37.749350+00:00,18,3,KRW-AI,0.00380952
2026-09-02T18:19:37.749350+00:00,18,3,KRW-SNT,0.00112170
2026-09-02T18:19:37.749350+00:00,18,3,KRW-OPEN,0.00611621
2026-09-02T18:19:37.749350+00:00,18,3,KRW-SKR,0.00617284
2026-09-02T18:19:37.749350+00:00,18,3,KRW-MET2,0.00751880
2026-09-02T18:19:37.749350+00:00,18,3,KRW-FF,0.00706714
2026-09-02T18:19:37.749350+00:00,18,3,KRW-KAT,0.00162734
2026-09-02T18:19:37.749350+00:00,18,3,KRW-W,0.00760456
2026-09-02T18:19:37.749350+00:00,18,3,KRW-PENDLE,0.00119546
2026-09-02T18:19:37.749350+00:00,18,3,KRW-SPK,0.00727273
2026-09-02T18:19:37.749350+00:00,18,3,KRW-PYTH,0.00249688
2026-09-02T18:19:37.749350+00:00,18,3,KRW-STEEM,0.00341880
2026-09-02T18:19:37.749350+00:00,18,3,KRW-COW,0.00573066
2026-09-02T18:20:40.688754+00:00,18,3,KRW-SHIB,0.00140548
2026-09-02T18:20:40.688754+00:00,18,3,KRW-KAITO,0.00241255
2026-09-02T18:20:40.688754+00:00,18,3,KRW-SUI,0.00100050
2026-09-02T18:20:40.688754+00:00,18,3,KRW-MMT,0.00464037
2026-09-02T18:20:40.688754+00:00,18,3,KRW-LINK,0.00195886
2026-09-02T18:20:40.688754+00:00,18,3,KRW-PUMP,0.00353982
2026-09-02T18:20:40.688754+00:00,18,3,KRW-NEAR,0.00117763
2026-09-02T18:20:40.688754+00:00,18,3,KRW-ZBT,0.00873362
2026-09-02T18:20:40.688754+00:00,18,3,KRW-LA,0.00464576
2026-09-02T18:20:40.688754+00:00,18,3,KRW-CHIP,0.00349650
2026-09-02T18:20:40.688754+00:00,18,3,KRW-QUID,0.00451977
2026-09-02T18:20:40.688754+00:00,18,3,KRW-PENGU,0.00881057
2026-09-02T18:20:40.688754+00:00,18,3,KRW-AVAX,0.00101368
2026-09-02T18:20:40.688754+00:00,18,3,KRW-VIRTUAL,0.00108284
2026-09-02T18:20:40.688754+00:00,18,3,KRW-MOVE,0.00851064
2026-09-02T18:20:40.688754+00:00,18,3,KRW-UNI,0.00125000
2026-09-02T18:20:40.688754+00:00,18,3,KRW-PIEVERSE,0.00199933
2026-09-02T18:20:40.688754+00:00,18,3,KRW-PRL,0.01041667
2026-09-02T18:20:40.688754+00:00,18,3,KRW-HBAR,0.00985222
2026-09-02T18:20:40.688754+00:00,18,3,KRW-ONT,0.00416378
2026-09-02T18:20:40.688754+00:00,18,3,KRW-ENSO,0.00254130
2026-09-02T18:20:40.688754+00:00,18,3,KRW-XPL,0.00873362
2026-09-02T18:20:40.688754+00:00,18,3,KRW-SAHARA,0.00865801
2026-09-02T18:20:40.688754+00:00,18,3,KRW-AAVE,0.00171576
2026-09-02T18:20:40.688754+00:00,18,3,KRW-ARX,0.01149425
2026-09-02T18:20:40.688754+00:00,18,3,KRW-TRX,0.00224467
2026-09-02T18:20:40.688754+00:00,18,3,KRW-HOLO,0.00234192
2026-09-02T18:20:40.688754+00:00,18,3,KRW-WLFI,0.00128617
2026-09-02T18:20:40.688754+00:00,18,3,KRW-BCH,0.00149410
2026-09-02T18:20:40.688754+00:00,18,3,KRW-DATA,0.00385356
2026-09-02T18:20:40.688754+00:00,18,3,KRW-PLUME,0.00519481
2026-09-02T18:20:40.688754+00:00,18,3,KRW-ARB,0.00586510
2026-09-02T18:20:40.688754+00:00,18,3,KRW-STORJ,0.00426439
2026-09-02T18:20:40.688754+00:00,18,3,KRW-BONK,0.00586510
2026-09-02T18:20:40.688754+00:00,18,3,KRW-ETC,0.00201106
2026-09-02T18:20:40.688754+00:00,18,3,KRW-ESP,0.01754386
2026-09-02T18:20:40.688754+00:00,18,3,KRW-0G,0.00386847
2026-09-02T18:20:40.688754+00:00,18,3,KRW-META2,0.00067137
2026-09-02T18:20:40.688754+00:00,18,3,KRW-BSB,0.00687285
2026-09-02T18:20:40.688754+00:00,18,3,KRW-ERA,0.00248756
2026-09-02T18:20:40.688754+00:00,18,3,KRW-MIRA,0.00155642
2026-09-02T18:20:40.688754+00:00,18,3,KRW-SAND,0.00197044
2026-09-02T18:20:40.688754+00:00,18,3,KRW-PEPE,0.00213904
2026-09-02T18:20:40.688754+00:00,18,3,KRW-POL,0.00796813
2026-09-02T18:20:40.688754+00:00,18,3,KRW-STX,0.00279720
2026-09-02T18:20:40.688754+00:00,18,3,KRW-IRYS,0.00539084
2026-09-02T18:20:40.688754+00:00,18,3,KRW-AXS,0.00158730
2026-09-02T18:20:40.688754+00:00,18,3,KRW-TAO,0.00234153
2026-09-02T18:20:40.688754+00:00,18,3,KRW-ALGO,0.00790514
2026-09-02T18:20:40.688754+00:00,18,3,KRW-JTO,0.00346620
2026-09-02T18:20:40.688754+00:00,18,3,KRW-CC,0.00660066
2026-09-02T18:20:40.688754+00:00,18,3,KRW-BIRB,0.00382897
2026-09-02T18:20:40.688754+00:00,18,3,KRW-ME,0.00116482
2026-09-02T18:20:40.688754+00:00,18,3,KRW-SEI,0.00149589
2026-09-02T18:20:40.688754+00:00,18,3,KRW-ENS,0.00069276
2026-09-02T18:20:40.688754+00:00,18,3,KRW-ZRO,0.00288392
2026-09-02T18:20:40.688754+00:00,18,3,KRW-TRUMP,0.00166973
2026-09-02T18:20:40.688754+00:00,18,3,KRW-XEC,0.00318302
2026-09-02T18:20:40.688754+00:00,18,3,KRW-RVN,0.00776197
2026-09-02T18:20:40.688754+00:00,18,3,KRW-ZAMA,0.00281294
2026-09-02T18:20:40.688754+00:00,18,3,KRW-GEOD,0.00668896
2026-09-02T18:20:40.688754+00:00,18,3,KRW-AKT,0.00437637
2026-09-02T18:20:40.688754+00:00,18,3,KRW-FIL,0.00180668
2026-09-02T18:20:40.688754+00:00,18,3,KRW-APT,0.00259403
2026-09-02T18:20:40.688754+00:00,18,3,KRW-DRV,0.00514139
2026-09-02T18:20:40.688754+00:00,18,3,KRW-ID,0.00457666
2026-09-02T18:20:40.688754+00:00,18,3,KRW-SOON,0.00386847
2026-09-02T18:20:40.688754+00:00,18,3,KRW-O,0.00536193
2026-09-02T18:20:40.688754+00:00,18,3,KRW-AVNT,0.00716846
2026-09-02T18:20:40.688754+00:00,18,3,KRW-TREE,0.00353982
2026-09-02T18:20:40.688754+00:00,18,3,KRW-KITE,0.00514139
2026-09-02T18:20:40.688754+00:00,18,3,KRW-BLEND,0.00469484
2026-09-02T18:20:40.688754+00:00,18,3,KRW-MANTRA,0.00164609
2026-09-02T18:20:40.688754+00:00,18,3,KRW-CFG,0.00692042
2026-09-02T18:20:40.688754+00:00,18,3,KRW-GAS,0.00244648
2026-09-02T18:20:40.688754+00:00,18,3,KRW-BERA,0.00408998
2026-09-02T18:20:40.688754+00:00,18,3,KRW-MEGA,0.00397614
2026-09-02T18:20:40.688754+00:00,18,3,KRW-SOPH,0.00936037
2026-09-02T18:20:40.688754+00:00,18,3,KRW-UP2,0.00139958
2026-09-02T18:20:40.688754+00:00,18,3,KRW-ZORA,0.00995025
2026-09-02T18:20:40.688754+00:00,18,3,KRW-OPG,0.00732601
2026-09-02T18:20:40.688754+00:00,18,3,KRW-BSV,0.00230574
2026-09-02T18:20:40.688754+00:00,18,3,KRW-HYPER,0.00443951
2026-09-02T18:20:40.688754+00:00,18,3,KRW-TRAC,0.00454545
2026-09-02T18:20:40.688754+00:00,18,3,KRW-IN,0.00216685
2026-09-02T18:20:40.688754+00:00,18,3,KRW-ATH,0.00319489
2026-09-02T18:20:40.688754+00:00,18,3,KRW-ETHFI,0.00394477
2026-09-02T18:20:40.688754+00:00,18,3,KRW-MON,0.00281294
2026-09-02T18:20:40.688754+00:00,18,3,KRW-ZIL,0.01169591
2026-09-02T18:20:40.688754+00:00,18,3,KRW-B3,0.00483481
2026-09-02T18:20:40.688754+00:00,18,3,KRW-ELSA,0.00476569
2026-09-02T18:20:40.688754+00:00,18,3,KRW-JUP,0.00677966
2026-09-02T18:20:40.688754+00:00,18,3,KRW-SIGN,0.00796813
2026-09-02T18:20:40.688754+00:00,18,3,KRW-FLOCK,0.00392157
2026-09-02T18:20:40.688754+00:00,18,3,KRW-DEEP,0.00508906
2026-09-02T18:20:40.688754+00:00,18,3,KRW-G,0.00392157
2026-09-02T18:20:40.688754+00:00,18,3,KRW-INJ,0.00702850
2026-09-02T18:20:40.688754+00:00,18,3,KRW-VVV,0.00318544
2026-09-02T18:20:40.688754+00:00,18,3,KRW-BIGTIME,0.00225734
2026-09-02T18:20:40.688754+00:00,18,3,KRW-BIO,0.00568182
2026-09-02T18:20:40.688754+00:00,18,3,KRW-RENDER,0.00206079
2026-09-02T18:20:40.688754+00:00,18,3,KRW-BARD,0.00600601
2026-09-02T18:20:40.688754+00:00,18,3,KRW-CHZ,0.00542005
2026-09-02T18:20:40.688754+00:00,18,3,KRW-LSK,0.00743494
2026-09-02T18:20:40.688754+00:00,18,3,KRW-CRO,0.00405132
2026-09-02T18:20:40.688754+00:00,18,3,KRW-VANA,0.00246812
2026-09-02T18:20:40.688754+00:00,18,3,KRW-LAYER,0.00324149
2026-09-02T18:20:40.688754+00:00,18,3,KRW-RED,0.01273885
2026-09-02T18:20:40.688754+00:00,18,3,KRW-DOT,0.00169635
2026-09-02T18:20:40.688754+00:00,18,3,KRW-ATOM,0.00249066
2026-09-02T18:20:40.688754+00:00,18,3,KRW-DOOD,0.00544959
2026-09-02T18:20:40.688754+00:00,18,3,KRW-XAUT,0.00099751
2026-09-02T18:20:40.688754+00:00,18,3,KRW-BORA,0.00978793
2026-09-02T18:20:40.688754+00:00,18,3,KRW-AWE,0.00236686
2026-09-02T18:20:40.688754+00:00,18,3,KRW-WAVES,0.00333890
2026-09-02T18:20:40.688754+00:00,18,3,KRW-ZKP,0.00309598
2026-09-02T18:20:40.688754+00:00,18,3,KRW-EDGE,0.00433369
2026-09-02T18:20:40.688754+00:00,18,3,KRW-ELF,0.00570451
2026-09-02T18:20:40.688754+00:00,18,3,KRW-AI,0.00380952
2026-09-02T18:20:40.688754+00:00,18,3,KRW-SNT,0.00112170
2026-09-02T18:20:40.688754+00:00,18,3,KRW-OPEN,0.00615385
2026-09-02T18:20:40.688754+00:00,18,3,KRW-SKR,0.00615385
2026-09-02T18:20:40.688754+00:00,18,3,KRW-MET2,0.00751880
2026-09-02T18:20:40.688754+00:00,18,3,KRW-FF,0.00706714
2026-09-02T18:20:40.688754+00:00,18,3,KRW-KAT,0.00162734
2026-09-02T18:20:40.688754+00:00,18,3,KRW-W,0.00760456
2026-09-02T18:20:40.688754+00:00,18,3,KRW-PENDLE,0.00159490
2026-09-02T18:20:40.688754+00:00,18,3,KRW-SPK,0.00727273
2026-09-02T18:20:40.688754+00:00,18,3,KRW-PYTH,0.00249688
2026-09-02T18:20:40.688754+00:00,18,3,KRW-STEEM,0.00341880
2026-09-02T18:20:40.688754+00:00,18,3,KRW-COW,0.00573066
2026-09-02T18:21:43.843140+00:00,18,3,KRW-SHIB,0.00140548
2026-09-02T18:21:43.843140+00:00,18,3,KRW-KAITO,0.00481928
2026-09-02T18:21:43.843140+00:00,18,3,KRW-SUI,0.00200000
2026-09-02T18:21:43.843140+00:00,18,3,KRW-MMT,0.00464037
2026-09-02T18:21:43.843140+00:00,18,3,KRW-LINK,0.00195759
2026-09-02T18:21:43.843140+00:00,18,3,KRW-PUMP,0.00176835
2026-09-02T18:21:43.843140+00:00,18,3,KRW-NEAR,0.00156924
2026-09-02T18:21:43.843140+00:00,18,3,KRW-ZBT,0.00873362
2026-09-02T18:21:43.843140+00:00,18,3,KRW-LA,0.00116347
2026-09-02T18:21:43.843140+00:00,18,3,KRW-CHIP,0.00350877
2026-09-02T18:21:43.843140+00:00,18,3,KRW-QUID,0.00451977
2026-09-02T18:21:43.843140+00:00,18,3,KRW-PENGU,0.00881057
2026-09-02T18:21:43.843140+00:00,18,3,KRW-AVAX,0.00152014
2026-09-02T18:21:43.843140+00:00,18,3,KRW-VIRTUAL,0.00216685
2026-09-02T18:21:43.843140+00:00,18,3,KRW-MOVE,0.00851064
2026-09-02T18:21:43.843140+00:00,18,3,KRW-UNI,0.00187441
2026-09-02T18:21:43.843140+00:00,18,3,KRW-PIEVERSE,0.00333000
2026-09-02T18:21:43.843140+00:00,18,3,KRW-PRL,0.01041667
2026-09-02T18:21:43.843140+00:00,18,3,KRW-HBAR,0.00985222
2026-09-02T18:21:43.843140+00:00,18,3,KRW-ONT,0.00416378
2026-09-02T18:21:43.843140+00:00,18,3,KRW-ENSO,0.00508906
2026-09-02T18:21:43.843140+00:00,18,3,KRW-XPL,0.00873362
2026-09-02T18:21:43.843140+00:00,18,3,KRW-SAHARA,0.00865801
2026-09-02T18:21:43.843140+00:00,18,3,KRW-AAVE,0.00171478
2026-09-02T18:21:43.843140+00:00,18,3,KRW-ARX,0.00576369
2026-09-02T18:21:43.843140+00:00,18,3,KRW-TRX,0.00224467
2026-09-02T18:21:43.843140+00:00,18,3,KRW-HOLO,0.00351083
2026-09-02T18:21:43.843140+00:00,18,3,KRW-WLFI,0.00128617
2026-09-02T18:21:43.843140+00:00,18,3,KRW-BCH,0.00149365
2026-09-02T18:21:43.843140+00:00,18,3,KRW-DATA,0.00385356
2026-09-02T18:21:43.843140+00:00,18,3,KRW-PLUME,0.00516796
2026-09-02T18:21:43.843140+00:00,18,3,KRW-ARB,0.00586510
2026-09-02T18:21:43.843140+00:00,18,3,KRW-STORJ,0.00426439
2026-09-02T18:21:43.843140+00:00,18,3,KRW-BONK,0.00586510
2026-09-02T18:21:43.843140+00:00,18,3,KRW-ETC,0.00201106
2026-09-02T18:21:43.843140+00:00,18,3,KRW-ESP,0.00881057
2026-09-02T18:21:43.843140+00:00,18,3,KRW-0G,0.00386847
2026-09-02T18:21:43.843140+00:00,18,3,KRW-META2,0.00067137
2026-09-02T18:21:43.843140+00:00,18,3,KRW-BSB,0.00687285
2026-09-02T18:21:43.843140+00:00,18,3,KRW-ERA,0.00248756
2026-09-02T18:21:43.843140+00:00,18,3,KRW-MIRA,0.00311042
2026-09-02T18:21:43.843140+00:00,18,3,KRW-SAND,0.00197044
2026-09-02T18:21:43.843140+00:00,18,3,KRW-PEPE,0.00213904
2026-09-02T18:21:43.843140+00:00,18,3,KRW-POL,0.00796813
2026-09-02T18:21:43.843140+00:00,18,3,KRW-STX,0.00278940
2026-09-02T18:21:43.843140+00:00,18,3,KRW-IRYS,0.00539084
2026-09-02T18:21:43.843140+00:00,18,3,KRW-AXS,0.00158730
2026-09-02T18:21:43.843140+00:00,18,3,KRW-TAO,0.00267380
2026-09-02T18:21:43.843140+00:00,18,3,KRW-ALGO,0.00790514
2026-09-02T18:21:43.843140+00:00,18,3,KRW-JTO,0.00346620
2026-09-02T18:21:43.843140+00:00,18,3,KRW-CC,0.00660066
2026-09-02T18:21:43.843140+00:00,18,3,KRW-BIRB,0.00382897
2026-09-02T18:21:43.843140+00:00,18,3,KRW-ME,0.00116482
2026-09-02T18:21:43.843140+00:00,18,3,KRW-SEI,0.00149589
2026-09-02T18:21:43.843140+00:00,18,3,KRW-ENS,0.00069228
2026-09-02T18:21:43.843140+00:00,18,3,KRW-ZRO,0.00288392
2026-09-02T18:21:43.843140+00:00,18,3,KRW-TRUMP,0.00133467
2026-09-02T18:21:43.843140+00:00,18,3,KRW-XEC,0.00318302
2026-09-02T18:21:43.843140+00:00,18,3,KRW-RVN,0.00518135
2026-09-02T18:21:43.843140+00:00,18,3,KRW-ZAMA,0.00422238
2026-09-02T18:21:43.843140+00:00,18,3,KRW-GEOD,0.00668896
2026-09-02T18:21:43.843140+00:00,18,3,KRW-AKT,0.00437637
2026-09-02T18:21:43.843140+00:00,18,3,KRW-FIL,0.00180180
2026-09-02T18:21:43.843140+00:00,18,3,KRW-APT,0.00388853
2026-09-02T18:21:43.843140+00:00,18,3,KRW-DRV,0.00514139
2026-09-02T18:21:43.843140+00:00,18,3,KRW-ID,0.00457666
2026-09-02T18:21:43.843140+00:00,18,3,KRW-SOON,0.00772201
2026-09-02T18:21:43.843140+00:00,18,3,KRW-O,0.00401875
2026-09-02T18:21:43.843140+00:00,18,3,KRW-AVNT,0.00716846
2026-09-02T18:21:43.843140+00:00,18,3,KRW-TREE,0.00353982
2026-09-02T18:21:43.843140+00:00,18,3,KRW-KITE,0.00514139
2026-09-02T18:21:43.843140+00:00,18,3,KRW-BLEND,0.00469484
2026-09-02T18:21:43.843140+00:00,18,3,KRW-MANTRA,0.00164339
2026-09-02T18:21:43.843140+00:00,18,3,KRW-CFG,0.00692042
2026-09-02T18:21:43.843140+00:00,18,3,KRW-GAS,0.00366748
2026-09-02T18:21:43.843140+00:00,18,3,KRW-BERA,0.00408998
2026-09-02T18:21:43.843140+00:00,18,3,KRW-MEGA,0.00397614
2026-09-02T18:21:43.843140+00:00,18,3,KRW-SOPH,0.00936037
2026-09-02T18:21:43.843140+00:00,18,3,KRW-UP2,0.00280112
2026-09-02T18:21:43.843140+00:00,18,3,KRW-ZORA,0.00995025
2026-09-02T18:21:43.843140+00:00,18,3,KRW-OPG,0.00732601
2026-09-02T18:21:43.843140+00:00,18,3,KRW-BSV,0.00230574
2026-09-02T18:21:43.843140+00:00,18,3,KRW-HYPER,0.00443951
2026-09-02T18:21:43.843140+00:00,18,3,KRW-TRAC,0.00454545
2026-09-02T18:21:43.843140+00:00,18,3,KRW-IN,0.00217155
2026-09-02T18:21:43.843140+00:00,18,3,KRW-ATH,0.00319489
2026-09-02T18:21:43.843140+00:00,18,3,KRW-ETHFI,0.00130634
2026-09-02T18:21:43.843140+00:00,18,3,KRW-MON,0.00281294
2026-09-02T18:21:43.843140+00:00,18,3,KRW-ZIL,0.01169591
2026-09-02T18:21:43.843140+00:00,18,3,KRW-B3,0.00483481
2026-09-02T18:21:43.843140+00:00,18,3,KRW-ELSA,0.00318471
2026-09-02T18:21:43.843140+00:00,18,3,KRW-JUP,0.00338409
2026-09-02T18:21:43.843140+00:00,18,3,KRW-SIGN,0.00796813
2026-09-02T18:21:43.843140+00:00,18,3,KRW-FLOCK,0.00195886
2026-09-02T18:21:43.843140+00:00,18,3,KRW-DEEP,0.00508906
2026-09-02T18:21:43.843140+00:00,18,3,KRW-G,0.00392157
2026-09-02T18:21:43.843140+00:00,18,3,KRW-INJ,0.00780640
2026-09-02T18:21:43.843140+00:00,18,3,KRW-VVV,0.00318544
2026-09-02T18:21:43.843140+00:00,18,3,KRW-BIGTIME,0.00225989
2026-09-02T18:21:43.843140+00:00,18,3,KRW-BIO,0.00566572
2026-09-02T18:21:43.843140+00:00,18,3,KRW-RENDER,0.00205973
2026-09-02T18:21:43.843140+00:00,18,3,KRW-BARD,0.00600601
2026-09-02T18:21:43.843140+00:00,18,3,KRW-CHZ,0.00542005
2026-09-02T18:21:43.843140+00:00,18,3,KRW-LSK,0.00743494
2026-09-02T18:21:43.843140+00:00,18,3,KRW-CRO,0.00405132
2026-09-02T18:21:43.843140+00:00,18,3,KRW-VANA,0.00246812
2026-09-02T18:21:43.843140+00:00,18,3,KRW-LAYER,0.00107817
2026-09-02T18:21:43.843140+00:00,18,3,KRW-RED,0.00634921
2026-09-02T18:21:43.843140+00:00,18,3,KRW-DOT,0.00084710
2026-09-02T18:21:43.843140+00:00,18,3,KRW-ATOM,0.00199302
2026-09-02T18:21:43.843140+00:00,18,3,KRW-DOOD,0.00544959
2026-09-02T18:21:43.843140+00:00,18,3,KRW-XAUT,0.00099751
2026-09-02T18:21:43.843140+00:00,18,3,KRW-BORA,0.00981997
2026-09-02T18:21:43.843140+00:00,18,3,KRW-AWE,0.00236686
2026-09-02T18:21:43.843140+00:00,18,3,KRW-WAVES,0.00333890
2026-09-02T18:21:43.843140+00:00,18,3,KRW-ZKP,0.00464037
2026-09-02T18:21:43.843140+00:00,18,3,KRW-EDGE,0.00325203
2026-09-02T18:21:43.843140+00:00,18,3,KRW-ELF,0.00570451
2026-09-02T18:21:43.843140+00:00,18,3,KRW-AI,0.00380952
2026-09-02T18:21:43.843140+00:00,18,3,KRW-SNT,0.00112170
2026-09-02T18:21:43.843140+00:00,18,3,KRW-OPEN,0.00615385
2026-09-02T18:21:43.843140+00:00,18,3,KRW-SKR,0.00307220
2026-09-02T18:21:43.843140+00:00,18,3,KRW-MET2,0.00751880
2026-09-02T18:21:43.843140+00:00,18,3,KRW-FF,0.01418440
2026-09-02T18:21:43.843140+00:00,18,3,KRW-KAT,0.00325203
2026-09-02T18:21:43.843140+00:00,18,3,KRW-W,0.00760456
2026-09-02T18:21:43.843140+00:00,18,3,KRW-PENDLE,0.00199164
2026-09-02T18:21:43.843140+00:00,18,3,KRW-SPK,0.00727273
2026-09-02T18:21:43.843140+00:00,18,3,KRW-PYTH,0.00249688
2026-09-02T18:21:43.843140+00:00,18,3,KRW-STEEM,0.00512383
2026-09-02T18:21:43.843140+00:00,18,3,KRW-COW,0.00573066
2026-09-02T18:22:47.361184+00:00,18,3,KRW-SHIB,0.00281294
2026-09-02T18:22:47.361184+00:00,18,3,KRW-KAITO,0.00481928
2026-09-02T18:22:47.361184+00:00,18,3,KRW-SUI,0.00200200
2026-09-02T18:22:47.361184+00:00,18,3,KRW-MMT,0.00464037
2026-09-02T18:22:47.361184+00:00,18,3,KRW-LINK,0.00130634
2026-09-02T18:22:47.361184+00:00,18,3,KRW-PUMP,0.00353357
2026-09-02T18:22:47.361184+00:00,18,3,KRW-NEAR,0.00117855
2026-09-02T18:22:47.361184+00:00,18,3,KRW-ZBT,0.00873362
2026-09-02T18:22:47.361184+00:00,18,3,KRW-LA,0.00348230
2026-09-02T18:22:47.361184+00:00,18,3,KRW-CHIP,0.00351494
2026-09-02T18:22:47.361184+00:00,18,3,KRW-QUID,0.00451977
2026-09-02T18:22:47.361184+00:00,18,3,KRW-PENGU,0.00881057
2026-09-02T18:22:47.361184+00:00,18,3,KRW-AVAX,0.00152091
2026-09-02T18:22:47.361184+00:00,18,3,KRW-VIRTUAL,0.00325556
2026-09-02T18:22:47.361184+00:00,18,3,KRW-MOVE,0.00851064
2026-09-02T18:22:47.361184+00:00,18,3,KRW-UNI,0.00187441
2026-09-02T18:22:47.361184+00:00,18,3,KRW-PIEVERSE,0.00200067
2026-09-02T18:22:47.361184+00:00,18,3,KRW-PRL,0.00519481
2026-09-02T18:22:47.361184+00:00,18,3,KRW-HBAR,0.00985222
2026-09-02T18:22:47.361184+00:00,18,3,KRW-ONT,0.00416378
2026-09-02T18:22:47.361184+00:00,18,3,KRW-ENSO,0.00508906
2026-09-02T18:22:47.361184+00:00,18,3,KRW-XPL,0.00873362
2026-09-02T18:22:47.361184+00:00,18,3,KRW-SAHARA,0.00865801
2026-09-02T18:22:47.361184+00:00,18,3,KRW-AAVE,0.00171576
2026-09-02T18:22:47.361184+00:00,18,3,KRW-ARX,0.00576369
2026-09-02T18:22:47.361184+00:00,18,3,KRW-TRX,0.00224467
2026-09-02T18:22:47.361184+00:00,18,3,KRW-HOLO,0.00351494
2026-09-02T18:22:47.361184+00:00,18,3,KRW-WLFI,0.00128617
2026-09-02T18:22:47.361184+00:00,18,3,KRW-BCH,0.00119581
2026-09-02T18:22:47.361184+00:00,18,3,KRW-DATA,0.00385356
2026-09-02T18:22:47.361184+00:00,18,3,KRW-PLUME,0.00519481
2026-09-02T18:22:47.361184+00:00,18,3,KRW-ARB,0.00586510
2026-09-02T18:22:47.361184+00:00,18,3,KRW-STORJ,0.00424028
2026-09-02T18:22:47.361184+00:00,18,3,KRW-BONK,0.00586510
2026-09-02T18:22:47.361184+00:00,18,3,KRW-ETC,0.00201309
2026-09-02T18:22:47.361184+00:00,18,3,KRW-ESP,0.00881057
2026-09-02T18:22:47.361184+00:00,18,3,KRW-0G,0.00388350
2026-09-02T18:22:47.361184+00:00,18,3,KRW-META2,0.00067137
2026-09-02T18:22:47.361184+00:00,18,3,KRW-BSB,0.00687285
2026-09-02T18:22:47.361184+00:00,18,3,KRW-ERA,0.00248756
2026-09-02T18:22:47.361184+00:00,18,3,KRW-MIRA,0.00311042
2026-09-02T18:22:47.361184+00:00,18,3,KRW-SAND,0.00197044
2026-09-02T18:22:47.361184+00:00,18,3,KRW-PEPE,0.00213904
2026-09-02T18:22:47.361184+00:00,18,3,KRW-POL,0.00790514
2026-09-02T18:22:47.361184+00:00,18,3,KRW-STX,0.00279720
2026-09-02T18:22:47.361184+00:00,18,3,KRW-IRYS,0.00539084
2026-09-02T18:22:47.361184+00:00,18,3,KRW-AXS,0.00158730
2026-09-02T18:22:47.361184+00:00,18,3,KRW-TAO,0.00200602
2026-09-02T18:22:47.361184+00:00,18,3,KRW-ALGO,0.00790514
2026-09-02T18:22:47.361184+00:00,18,3,KRW-JTO,0.00346620
2026-09-02T18:22:47.361184+00:00,18,3,KRW-CC,0.00660066
2026-09-02T18:22:47.361184+00:00,18,3,KRW-BIRB,0.00382897
2026-09-02T18:22:47.361184+00:00,18,3,KRW-ME,0.00116482
2026-09-02T18:22:47.361184+00:00,18,3,KRW-SEI,0.00149589
2026-09-02T18:22:47.361184+00:00,18,3,KRW-ENS,0.00207828
2026-09-02T18:22:47.361184+00:00,18,3,KRW-ZRO,0.00216372
2026-09-02T18:22:47.361184+00:00,18,3,KRW-TRUMP,0.00100184
2026-09-02T18:22:47.361184+00:00,18,3,KRW-XEC,0.00424178
2026-09-02T18:22:47.361184+00:00,18,3,KRW-RVN,0.00518135
2026-09-02T18:22:47.361184+00:00,18,3,KRW-ZAMA,0.00281294
2026-09-02T18:22:47.361184+00:00,18,3,KRW-GEOD,0.00668896
2026-09-02T18:22:47.361184+00:00,18,3,KRW-AKT,0.00437637
2026-09-02T18:22:47.361184+00:00,18,3,KRW-FIL,0.00180668
2026-09-02T18:22:47.361184+00:00,18,3,KRW-APT,0.00259740
2026-09-02T18:22:47.361184+00:00,18,3,KRW-DRV,0.00514139
2026-09-02T18:22:47.361184+00:00,18,3,KRW-ID,0.00457666
2026-09-02T18:22:47.361184+00:00,18,3,KRW-SOON,0.00386847
2026-09-02T18:22:47.361184+00:00,18,3,KRW-O,0.00401875
2026-09-02T18:22:47.361184+00:00,18,3,KRW-AVNT,0.00716846
2026-09-02T18:22:47.361184+00:00,18,3,KRW-TREE,0.00354610
2026-09-02T18:22:47.361184+00:00,18,3,KRW-KITE,0.00514139
2026-09-02T18:22:47.361184+00:00,18,3,KRW-BLEND,0.00469484
2026-09-02T18:22:47.361184+00:00,18,3,KRW-MANTRA,0.00164339
2026-09-02T18:22:47.361184+00:00,18,3,KRW-CFG,0.00692042
2026-09-02T18:22:47.361184+00:00,18,3,KRW-GAS,0.00366748
2026-09-02T18:22:47.361184+00:00,18,3,KRW-BERA,0.00819672
2026-09-02T18:22:47.361184+00:00,18,3,KRW-MEGA,0.00397614
2026-09-02T18:22:47.361184+00:00,18,3,KRW-SOPH,0.00936037
2026-09-02T18:22:47.361184+00:00,18,3,KRW-UP2,0.00280112
2026-09-02T18:22:47.361184+00:00,18,3,KRW-ZORA,0.00995025
2026-09-02T18:22:47.361184+00:00,18,3,KRW-OPG,0.00732601
2026-09-02T18:22:47.361184+00:00,18,3,KRW-BSV,0.00276753
2026-09-02T18:22:47.361184+00:00,18,3,KRW-HYPER,0.00443951
2026-09-02T18:22:47.361184+00:00,18,3,KRW-TRAC,0.00454545
2026-09-02T18:22:47.361184+00:00,18,3,KRW-IN,0.00217155
2026-09-02T18:22:47.361184+00:00,18,3,KRW-ATH,0.00319489
2026-09-02T18:22:47.361184+00:00,18,3,KRW-ETHFI,0.00261438
2026-09-02T18:22:47.361184+00:00,18,3,KRW-MON,0.00281294
2026-09-02T18:22:47.361184+00:00,18,3,KRW-ZIL,0.00294551
2026-09-02T18:22:47.361184+00:00,18,3,KRW-B3,0.00483481
2026-09-02T18:22:47.361184+00:00,18,3,KRW-ELSA,0.00318471
2026-09-02T18:22:47.361184+00:00,18,3,KRW-JUP,0.00680272
2026-09-02T18:22:47.361184+00:00,18,3,KRW-SIGN,0.00796813
2026-09-02T18:22:47.361184+00:00,18,3,KRW-FLOCK,0.00196271
2026-09-02T18:22:47.361184+00:00,18,3,KRW-DEEP,0.00508906
2026-09-02T18:22:47.361184+00:00,18,3,KRW-G,0.00392157
2026-09-02T18:22:47.361184+00:00,18,3,KRW-INJ,0.00780640
2026-09-02T18:22:47.361184+00:00,18,3,KRW-VVV,0.00319125
2026-09-02T18:22:47.361184+00:00,18,3,KRW-BIGTIME,0.00225989
2026-09-02T18:22:47.361184+00:00,18,3,KRW-BIO,0.00568182
2026-09-02T18:22:47.361184+00:00,18,3,KRW-RENDER,0.00206079
2026-09-02T18:22:47.361184+00:00,18,3,KRW-BARD,0.00600601
2026-09-02T18:22:47.361184+00:00,18,3,KRW-CHZ,0.00542005
2026-09-02T18:22:47.361184+00:00,18,3,KRW-LSK,0.00743494
2026-09-02T18:22:47.361184+00:00,18,3,KRW-CRO,0.00405132
2026-09-02T18:22:47.361184+00:00,18,3,KRW-VANA,0.00246812
2026-09-02T18:22:47.361184+00:00,18,3,KRW-LAYER,0.00215983
2026-09-02T18:22:47.361184+00:00,18,3,KRW-RED,0.00634921
2026-09-02T18:22:47.361184+00:00,18,3,KRW-DOT,0.00254130
2026-09-02T18:22:47.361184+00:00,18,3,KRW-ATOM,0.00299103
2026-09-02T18:22:47.361184+00:00,18,3,KRW-DOOD,0.01092896
2026-09-02T18:22:47.361184+00:00,18,3,KRW-XAUT,0.00099751
2026-09-02T18:22:47.361184+00:00,18,3,KRW-BORA,0.00981997
2026-09-02T18:22:47.361184+00:00,18,3,KRW-AWE,0.00236686
2026-09-02T18:22:47.361184+00:00,18,3,KRW-WAVES,0.00333890
2026-09-02T18:22:47.361184+00:00,18,3,KRW-ZKP,0.00464037
2026-09-02T18:22:47.361184+00:00,18,3,KRW-EDGE,0.00325203
2026-09-02T18:22:47.361184+00:00,18,3,KRW-ELF,0.00570451
2026-09-02T18:22:47.361184+00:00,18,3,KRW-AI,0.00380952
2026-09-02T18:22:47.361184+00:00,18,3,KRW-SNT,0.00112170
2026-09-02T18:22:47.361184+00:00,18,3,KRW-OPEN,0.00619195
2026-09-02T18:22:47.361184+00:00,18,3,KRW-SKR,0.00615385
2026-09-02T18:22:47.361184+00:00,18,3,KRW-MET2,0.00751880
2026-09-02T18:22:47.361184+00:00,18,3,KRW-FF,0.00706714
2026-09-02T18:22:47.361184+00:00,18,3,KRW-KAT,0.00162734
2026-09-02T18:22:47.361184+00:00,18,3,KRW-W,0.00760456
2026-09-02T18:22:47.361184+00:00,18,3,KRW-PENDLE,0.00279051
2026-09-02T18:22:47.361184+00:00,18,3,KRW-SPK,0.00364299
2026-09-02T18:22:47.361184+00:00,18,3,KRW-PYTH,0.00125707
2026-09-02T18:22:47.361184+00:00,18,3,KRW-STEEM,0.00341880
2026-09-02T18:22:47.361184+00:00,18,3,KRW-COW,0.00573066
2026-09-02T18:23:50.334014+00:00,18,3,KRW-SHIB,0.00140548
2026-09-02T18:23:50.334014+00:00,18,3,KRW-KAITO,0.00481928
2026-09-02T18:23:50.334014+00:00,18,3,KRW-SUI,0.00200200
2026-09-02T18:23:50.334014+00:00,18,3,KRW-MMT,0.00464037
2026-09-02T18:23:50.334014+00:00,18,3,KRW-LINK,0.00195759
2026-09-02T18:23:50.334014+00:00,18,3,KRW-PUMP,0.00353357
2026-09-02T18:23:50.334014+00:00,18,3,KRW-NEAR,0.00078555
2026-09-02T18:23:50.334014+00:00,18,3,KRW-ZBT,0.00873362
2026-09-02T18:23:50.334014+00:00,18,3,KRW-LA,0.00116482
2026-09-02T18:23:50.334014+00:00,18,3,KRW-CHIP,0.00352113
2026-09-02T18:23:50.334014+00:00,18,3,KRW-QUID,0.00451977
2026-09-02T18:23:50.334014+00:00,18,3,KRW-PENGU,0.00881057
2026-09-02T18:23:50.334014+00:00,18,3,KRW-AVAX,0.00152014
2026-09-02T18:23:50.334014+00:00,18,3,KRW-VIRTUAL,0.00108519
2026-09-02T18:23:50.334014+00:00,18,3,KRW-MOVE,0.00851064
2026-09-02T18:23:50.334014+00:00,18,3,KRW-UNI,0.00187441
2026-09-02T18:23:50.334014+00:00,18,3,KRW-PIEVERSE,0.00200067
2026-09-02T18:23:50.334014+00:00,18,3,KRW-PRL,0.00519481
2026-09-02T18:23:50.334014+00:00,18,3,KRW-HBAR,0.00985222
2026-09-02T18:23:50.334014+00:00,18,3,KRW-ONT,0.00416378
2026-09-02T18:23:50.334014+00:00,18,3,KRW-ENSO,0.00424268
2026-09-02T18:23:50.334014+00:00,18,3,KRW-XPL,0.00873362
2026-09-02T18:23:50.334014+00:00,18,3,KRW-SAHARA,0.00865801
2026-09-02T18:23:50.334014+00:00,18,3,KRW-AAVE,0.00114351
2026-09-02T18:23:50.334014+00:00,18,3,KRW-ARX,0.00576369
2026-09-02T18:23:50.334014+00:00,18,3,KRW-TRX,0.00224467
2026-09-02T18:23:50.334014+00:00,18,3,KRW-HOLO,0.00351494
2026-09-02T18:23:50.334014+00:00,18,3,KRW-WLFI,0.00128617
2026-09-02T18:23:50.334014+00:00,18,3,KRW-BCH,0.00119510
2026-09-02T18:23:50.334014+00:00,18,3,KRW-DATA,0.00385356
2026-09-02T18:23:50.334014+00:00,18,3,KRW-PLUME,0.00519481
2026-09-02T18:23:50.334014+00:00,18,3,KRW-ARB,0.00586510
2026-09-02T18:23:50.334014+00:00,18,3,KRW-STORJ,0.00424028
2026-09-02T18:23:50.334014+00:00,18,3,KRW-BONK,0.00586510
2026-09-02T18:23:50.334014+00:00,18,3,KRW-ETC,0.00251572
2026-09-02T18:23:50.334014+00:00,18,3,KRW-ESP,0.00881057
2026-09-02T18:23:50.334014+00:00,18,3,KRW-0G,0.00386847
2026-09-02T18:23:50.334014+00:00,18,3,KRW-META2,0.00067137
2026-09-02T18:23:50.334014+00:00,18,3,KRW-BSB,0.00687285
2026-09-02T18:23:50.334014+00:00,18,3,KRW-ERA,0.00248756
2026-09-02T18:23:50.334014+00:00,18,3,KRW-MIRA,0.00311042
2026-09-02T18:23:50.334014+00:00,18,3,KRW-SAND,0.00197044
2026-09-02T18:23:50.334014+00:00,18,3,KRW-PEPE,0.00213904
2026-09-02T18:23:50.334014+00:00,18,3,KRW-POL,0.00796813
2026-09-02T18:23:50.334014+00:00,18,3,KRW-STX,0.00278940
2026-09-02T18:23:50.334014+00:00,18,3,KRW-IRYS,0.00539084
2026-09-02T18:23:50.334014+00:00,18,3,KRW-AXS,0.00158730
2026-09-02T18:23:50.334014+00:00,18,3,KRW-TAO,0.00267290
2026-09-02T18:23:50.334014+00:00,18,3,KRW-ALGO,0.00790514
2026-09-02T18:23:50.334014+00:00,18,3,KRW-JTO,0.00346620
2026-09-02T18:23:50.334014+00:00,18,3,KRW-CC,0.00660066
2026-09-02T18:23:50.334014+00:00,18,3,KRW-BIRB,0.00382897
2026-09-02T18:23:50.334014+00:00,18,3,KRW-ME,0.00116482
2026-09-02T18:23:50.334014+00:00,18,3,KRW-SEI,0.00149589
2026-09-02T18:23:50.334014+00:00,18,3,KRW-ENS,0.00207684
2026-09-02T18:23:50.334014+00:00,18,3,KRW-ZRO,0.00288392
2026-09-02T18:23:50.334014+00:00,18,3,KRW-TRUMP,0.00066778
2026-09-02T18:23:50.334014+00:00,18,3,KRW-XEC,0.00317965
2026-09-02T18:23:50.334014+00:00,18,3,KRW-RVN,0.00518135
2026-09-02T18:23:50.334014+00:00,18,3,KRW-ZAMA,0.00419287
2026-09-02T18:23:50.334014+00:00,18,3,KRW-GEOD,0.00668896
2026-09-02T18:23:50.334014+00:00,18,3,KRW-AKT,0.00437637
2026-09-02T18:23:50.334014+00:00,18,3,KRW-FIL,0.00180832
2026-09-02T18:23:50.334014+00:00,18,3,KRW-APT,0.00259403
2026-09-02T18:23:50.334014+00:00,18,3,KRW-DRV,0.01030928
2026-09-02T18:23:50.334014+00:00,18,3,KRW-ID,0.00457666
2026-09-02T18:23:50.334014+00:00,18,3,KRW-SOON,0.00386847
2026-09-02T18:23:50.334014+00:00,18,3,KRW-O,0.00401875
2026-09-02T18:23:50.334014+00:00,18,3,KRW-AVNT,0.00716846
2026-09-02T18:23:50.334014+00:00,18,3,KRW-TREE,0.00353982
2026-09-02T18:23:50.334014+00:00,18,3,KRW-KITE,0.00516796
2026-09-02T18:23:50.334014+00:00,18,3,KRW-BLEND,0.00469484
2026-09-02T18:23:50.334014+00:00,18,3,KRW-MANTRA,0.00328947
2026-09-02T18:23:50.334014+00:00,18,3,KRW-CFG,0.00692042
2026-09-02T18:23:50.334014+00:00,18,3,KRW-GAS,0.00366748
2026-09-02T18:23:50.334014+00:00,18,3,KRW-BERA,0.00819672
2026-09-02T18:23:50.334014+00:00,18,3,KRW-MEGA,0.00597015
2026-09-02T18:23:50.334014+00:00,18,3,KRW-SOPH,0.00936037
2026-09-02T18:23:50.334014+00:00,18,3,KRW-UP2,0.00280112
2026-09-02T18:23:50.334014+00:00,18,3,KRW-ZORA,0.00995025
2026-09-02T18:23:50.334014+00:00,18,3,KRW-OPG,0.00732601
2026-09-02T18:23:50.334014+00:00,18,3,KRW-BSV,0.00276753
2026-09-02T18:23:50.334014+00:00,18,3,KRW-HYPER,0.00443951
2026-09-02T18:23:50.334014+00:00,18,3,KRW-TRAC,0.00454545
2026-09-02T18:23:50.334014+00:00,18,3,KRW-IN,0.00217155
2026-09-02T18:23:50.334014+00:00,18,3,KRW-ATH,0.00319489
2026-09-02T18:23:50.334014+00:00,18,3,KRW-ETHFI,0.00391901
2026-09-02T18:23:50.334014+00:00,18,3,KRW-MON,0.00281294
2026-09-02T18:23:50.334014+00:00,18,3,KRW-ZIL,0.00294551
2026-09-02T18:23:50.334014+00:00,18,3,KRW-B3,0.00483481
2026-09-02T18:23:50.334014+00:00,18,3,KRW-ELSA,0.00318471
2026-09-02T18:23:50.334014+00:00,18,3,KRW-JUP,0.00339559
2026-09-02T18:23:50.334014+00:00,18,3,KRW-SIGN,0.00796813
2026-09-02T18:23:50.334014+00:00,18,3,KRW-FLOCK,0.00392927
2026-09-02T18:23:50.334014+00:00,18,3,KRW-DEEP,0.00508906
2026-09-02T18:23:50.334014+00:00,18,3,KRW-G,0.00391389
2026-09-02T18:23:50.334014+00:00,18,3,KRW-INJ,0.00780640
2026-09-02T18:23:50.334014+00:00,18,3,KRW-VVV,0.00364465
2026-09-02T18:23:50.334014+00:00,18,3,KRW-BIGTIME,0.00225989
2026-09-02T18:23:50.334014+00:00,18,3,KRW-BIO,0.00568182
2026-09-02T18:23:50.334014+00:00,18,3,KRW-RENDER,0.00154520
2026-09-02T18:23:50.334014+00:00,18,3,KRW-BARD,0.00600601
2026-09-02T18:23:50.334014+00:00,18,3,KRW-CHZ,0.00542005
2026-09-02T18:23:50.334014+00:00,18,3,KRW-LSK,0.00743494
2026-09-02T18:23:50.334014+00:00,18,3,KRW-CRO,0.00405132
2026-09-02T18:23:50.334014+00:00,18,3,KRW-VANA,0.00246812
2026-09-02T18:23:50.334014+00:00,18,3,KRW-LAYER,0.00324149
2026-09-02T18:23:50.334014+00:00,18,3,KRW-RED,0.00634921
2026-09-02T18:23:50.334014+00:00,18,3,KRW-DOT,0.00253915
2026-09-02T18:23:50.334014+00:00,18,3,KRW-ATOM,0.00299103
2026-09-02T18:23:50.334014+00:00,18,3,KRW-DOOD,0.01092896
2026-09-02T18:23:50.334014+00:00,18,3,KRW-XAUT,0.00099751
2026-09-02T18:23:50.334014+00:00,18,3,KRW-BORA,0.00981997
2026-09-02T18:23:50.334014+00:00,18,3,KRW-AWE,0.00236686
2026-09-02T18:23:50.334014+00:00,18,3,KRW-WAVES,0.00333890
2026-09-02T18:23:50.334014+00:00,18,3,KRW-ZKP,0.00309119
2026-09-02T18:23:50.334014+00:00,18,3,KRW-EDGE,0.00325203
2026-09-02T18:23:50.334014+00:00,18,3,KRW-ELF,0.00570451
2026-09-02T18:23:50.334014+00:00,18,3,KRW-AI,0.00380952
2026-09-02T18:23:50.334014+00:00,18,3,KRW-SNT,0.00112170
2026-09-02T18:23:50.334014+00:00,18,3,KRW-OPEN,0.00619195
2026-09-02T18:23:50.334014+00:00,18,3,KRW-SKR,0.00306279
2026-09-02T18:23:50.334014+00:00,18,3,KRW-MET2,0.00751880
2026-09-02T18:23:50.334014+00:00,18,3,KRW-FF,0.01418440
2026-09-02T18:23:50.334014+00:00,18,3,KRW-KAT,0.00325203
2026-09-02T18:23:50.334014+00:00,18,3,KRW-W,0.00760456
2026-09-02T18:23:50.334014+00:00,18,3,KRW-PENDLE,0.00278940
2026-09-02T18:23:50.334014+00:00,18,3,KRW-SPK,0.00727273
2026-09-02T18:23:50.334014+00:00,18,3,KRW-PYTH,0.00251256
2026-09-02T18:23:50.334014+00:00,18,3,KRW-STEEM,0.00341880
2026-09-02T18:23:50.334014+00:00,18,3,KRW-COW,0.00573066
2026-09-02T18:24:53.444770+00:00,18,3,KRW-SHIB,0.00140548
2026-09-02T18:24:53.444770+00:00,18,3,KRW-KAITO,0.00481928
2026-09-02T18:24:53.444770+00:00,18,3,KRW-SUI,0.00200200
2026-09-02T18:24:53.444770+00:00,18,3,KRW-MMT,0.00464037
2026-09-02T18:24:53.444770+00:00,18,3,KRW-LINK,0.00130463
2026-09-02T18:24:53.444770+00:00,18,3,KRW-PUMP,0.00352734
2026-09-02T18:24:53.444770+00:00,18,3,KRW-NEAR,0.00117809
2026-09-02T18:24:53.444770+00:00,18,3,KRW-ZBT,0.00873362
2026-09-02T18:24:53.444770+00:00,18,3,KRW-LA,0.00116482
2026-09-02T18:24:53.444770+00:00,18,3,KRW-CHIP,0.00351494
2026-09-02T18:24:53.444770+00:00,18,3,KRW-QUID,0.00451977
2026-09-02T18:24:53.444770+00:00,18,3,KRW-PENGU,0.00881057
2026-09-02T18:24:53.444770+00:00,18,3,KRW-AVAX,0.00152014
2026-09-02T18:24:53.444770+00:00,18,3,KRW-VIRTUAL,0.00216920
2026-09-02T18:24:53.444770+00:00,18,3,KRW-MOVE,0.00851064
2026-09-02T18:24:53.444770+00:00,18,3,KRW-UNI,0.00187207
2026-09-02T18:24:53.444770+00:00,18,3,KRW-PIEVERSE,0.00200067
2026-09-02T18:24:53.444770+00:00,18,3,KRW-PRL,0.00519481
2026-09-02T18:24:53.444770+00:00,18,3,KRW-HBAR,0.00985222
2026-09-02T18:24:53.444770+00:00,18,3,KRW-ONT,0.00278164
2026-09-02T18:24:53.444770+00:00,18,3,KRW-ENSO,0.00424268
2026-09-02T18:24:53.444770+00:00,18,3,KRW-XPL,0.00873362
2026-09-02T18:24:53.444770+00:00,18,3,KRW-SAHARA,0.00865801
2026-09-02T18:24:53.444770+00:00,18,3,KRW-AAVE,0.00114351
2026-09-02T18:24:53.444770+00:00,18,3,KRW-ARX,0.01149425
2026-09-02T18:24:53.444770+00:00,18,3,KRW-TRX,0.00224467
2026-09-02T18:24:53.444770+00:00,18,3,KRW-HOLO,0.00351494
2026-09-02T18:24:53.444770+00:00,18,3,KRW-WLFI,0.00257732
2026-09-02T18:24:53.444770+00:00,18,3,KRW-BCH,0.00149321
2026-09-02T18:24:53.444770+00:00,18,3,KRW-DATA,0.00385356
2026-09-02T18:24:53.444770+00:00,18,3,KRW-PLUME,0.00516796
2026-09-02T18:24:53.444770+00:00,18,3,KRW-ARB,0.00583090
2026-09-02T18:24:53.444770+00:00,18,3,KRW-STORJ,0.00282486
2026-09-02T18:24:53.444770+00:00,18,3,KRW-BONK,0.00586510
2026-09-02T18:24:53.444770+00:00,18,3,KRW-ETC,0.00201106
2026-09-02T18:24:53.444770+00:00,18,3,KRW-ESP,0.00881057
2026-09-02T18:24:53.444770+00:00,18,3,KRW-0G,0.00386847
2026-09-02T18:24:53.444770+00:00,18,3,KRW-META2,0.00067137
2026-09-02T18:24:53.444770+00:00,18,3,KRW-BSB,0.00687285
2026-09-02T18:24:53.444770+00:00,18,3,KRW-ERA,0.00248756
2026-09-02T18:24:53.444770+00:00,18,3,KRW-MIRA,0.00311042
2026-09-02T18:24:53.444770+00:00,18,3,KRW-SAND,0.00197044
2026-09-02T18:24:53.444770+00:00,18,3,KRW-PEPE,0.00213904
2026-09-02T18:24:53.444770+00:00,18,3,KRW-POL,0.00796813
2026-09-02T18:24:53.444770+00:00,18,3,KRW-STX,0.00279720
2026-09-02T18:24:53.444770+00:00,18,3,KRW-IRYS,0.00539084
2026-09-02T18:24:53.444770+00:00,18,3,KRW-AXS,0.00158730
2026-09-02T18:24:53.444770+00:00,18,3,KRW-TAO,0.00233840
2026-09-02T18:24:53.444770+00:00,18,3,KRW-ALGO,0.00790514
2026-09-02T18:24:53.444770+00:00,18,3,KRW-JTO,0.00346620
2026-09-02T18:24:53.444770+00:00,18,3,KRW-CC,0.00660066
2026-09-02T18:24:53.444770+00:00,18,3,KRW-BIRB,0.00255428
2026-09-02T18:24:53.444770+00:00,18,3,KRW-ME,0.00116482
2026-09-02T18:24:53.444770+00:00,18,3,KRW-SEI,0.00149589
2026-09-02T18:24:53.444770+00:00,18,3,KRW-ENS,0.00207684
2026-09-02T18:24:53.444770+00:00,18,3,KRW-ZRO,0.00288392
2026-09-02T18:24:53.444770+00:00,18,3,KRW-TRUMP,0.00066778
2026-09-02T18:24:53.444770+00:00,18,3,KRW-XEC,0.00317965
2026-09-02T18:24:53.444770+00:00,18,3,KRW-RVN,0.00518135
2026-09-02T18:24:53.444770+00:00,18,3,KRW-ZAMA,0.00138985
2026-09-02T18:24:53.444770+00:00,18,3,KRW-GEOD,0.00668896
2026-09-02T18:24:53.444770+00:00,18,3,KRW-AKT,0.00437637
2026-09-02T18:24:53.444770+00:00,18,3,KRW-FIL,0.00180832
2026-09-02T18:24:53.444770+00:00,18,3,KRW-APT,0.00259403
2026-09-02T18:24:53.444770+00:00,18,3,KRW-DRV,0.01030928
2026-09-02T18:24:53.444770+00:00,18,3,KRW-ID,0.00457666
2026-09-02T18:24:53.444770+00:00,18,3,KRW-SOON,0.00386847
2026-09-02T18:24:53.444770+00:00,18,3,KRW-O,0.00401875
2026-09-02T18:24:53.444770+00:00,18,3,KRW-AVNT,0.00716846
2026-09-02T18:24:53.444770+00:00,18,3,KRW-TREE,0.00353982
2026-09-02T18:24:53.444770+00:00,18,3,KRW-KITE,0.00514139
2026-09-02T18:24:53.444770+00:00,18,3,KRW-BLEND,0.00469484
2026-09-02T18:24:53.444770+00:00,18,3,KRW-MANTRA,0.00164609
2026-09-02T18:24:53.444770+00:00,18,3,KRW-CFG,0.00692042
2026-09-02T18:24:53.444770+00:00,18,3,KRW-GAS,0.00366748
2026-09-02T18:24:53.444770+00:00,18,3,KRW-BERA,0.00819672
2026-09-02T18:24:53.444770+00:00,18,3,KRW-MEGA,0.00398406
2026-09-02T18:24:53.444770+00:00,18,3,KRW-SOPH,0.00779423
2026-09-02T18:24:53.444770+00:00,18,3,KRW-UP2,0.00280112
2026-09-02T18:24:53.444770+00:00,18,3,KRW-ZORA,0.00985222
2026-09-02T18:24:53.444770+00:00,18,3,KRW-OPG,0.00732601
2026-09-02T18:24:53.444770+00:00,18,3,KRW-BSV,0.00276753
2026-09-02T18:24:53.444770+00:00,18,3,KRW-HYPER,0.00443951
2026-09-02T18:24:53.444770+00:00,18,3,KRW-TRAC,0.00454545
2026-09-02T18:24:53.444770+00:00,18,3,KRW-IN,0.00217155
2026-09-02T18:24:53.444770+00:00,18,3,KRW-ATH,0.00319489
2026-09-02T18:24:53.444770+00:00,18,3,KRW-ETHFI,0.00392927
2026-09-02T18:24:53.444770+00:00,18,3,KRW-MON,0.00281294
2026-09-02T18:24:53.444770+00:00,18,3,KRW-ZIL,0.00294551
2026-09-02T18:24:53.444770+00:00,18,3,KRW-B3,0.00483481
2026-09-02T18:24:53.444770+00:00,18,3,KRW-ELSA,0.00318471
2026-09-02T18:24:53.444770+00:00,18,3,KRW-JUP,0.00339559
2026-09-02T18:24:53.444770+00:00,18,3,KRW-SIGN,0.00796813
2026-09-02T18:24:53.444770+00:00,18,3,KRW-FLOCK,0.00196271
2026-09-02T18:24:53.444770+00:00,18,3,KRW-DEEP,0.00508906
2026-09-02T18:24:53.444770+00:00,18,3,KRW-G,0.00391389
2026-09-02T18:24:53.444770+00:00,18,3,KRW-INJ,0.00780640
2026-09-02T18:24:53.444770+00:00,18,3,KRW-VVV,0.00273473
2026-09-02T18:24:53.444770+00:00,18,3,KRW-BIGTIME,0.00225989
2026-09-02T18:24:53.444770+00:00,18,3,KRW-BIO,0.00568182
2026-09-02T18:24:53.444770+00:00,18,3,KRW-RENDER,0.00257400
2026-09-02T18:24:53.444770+00:00,18,3,KRW-BARD,0.00600601
2026-09-02T18:24:53.444770+00:00,18,3,KRW-CHZ,0.00542005
2026-09-02T18:24:53.444770+00:00,18,3,KRW-LSK,0.00743494
2026-09-02T18:24:53.444770+00:00,18,3,KRW-CRO,0.00405132
2026-09-02T18:24:53.444770+00:00,18,3,KRW-VANA,0.00246812
2026-09-02T18:24:53.444770+00:00,18,3,KRW-LAYER,0.00215983
2026-09-02T18:24:53.444770+00:00,18,3,KRW-RED,0.00634921
2026-09-02T18:24:53.444770+00:00,18,3,KRW-DOT,0.00253915
2026-09-02T18:24:53.444770+00:00,18,3,KRW-ATOM,0.00299103
2026-09-02T18:24:53.444770+00:00,18,3,KRW-DOOD,0.01092896
2026-09-02T18:24:53.444770+00:00,18,3,KRW-XAUT,0.00099751
2026-09-02T18:24:53.444770+00:00,18,3,KRW-BORA,0.00981997
2026-09-02T18:24:53.444770+00:00,18,3,KRW-AWE,0.00236686
2026-09-02T18:24:53.444770+00:00,18,3,KRW-WAVES,0.00333890
2026-09-02T18:24:53.444770+00:00,18,3,KRW-ZKP,0.00309119
2026-09-02T18:24:53.444770+00:00,18,3,KRW-EDGE,0.00325203
2026-09-02T18:24:53.444770+00:00,18,3,KRW-ELF,0.00570451
2026-09-02T18:24:53.444770+00:00,18,3,KRW-AI,0.00380952
2026-09-02T18:24:53.444770+00:00,18,3,KRW-SNT,0.00112170
2026-09-02T18:24:53.444770+00:00,18,3,KRW-OPEN,0.00619195
2026-09-02T18:24:53.444770+00:00,18,3,KRW-SKR,0.00307220
2026-09-02T18:24:53.444770+00:00,18,3,KRW-MET2,0.00751880
2026-09-02T18:24:53.444770+00:00,18,3,KRW-FF,0.01418440
2026-09-02T18:24:53.444770+00:00,18,3,KRW-KAT,0.00325203
2026-09-02T18:24:53.444770+00:00,18,3,KRW-W,0.00760456
2026-09-02T18:24:53.444770+00:00,18,3,KRW-PENDLE,0.00199243
2026-09-02T18:24:53.444770+00:00,18,3,KRW-SPK,0.00727273
2026-09-02T18:24:53.444770+00:00,18,3,KRW-PYTH,0.00251256
2026-09-02T18:24:53.444770+00:00,18,3,KRW-STEEM,0.00341880
2026-09-02T18:24:53.444770+00:00,18,3,KRW-COW,0.00573066
2026-09-02T18:25:56.560863+00:00,18,3,KRW-SHIB,0.00140548
2026-09-02T18:25:56.560863+00:00,18,3,KRW-KAITO,0.00241255
2026-09-02T18:25:56.560863+00:00,18,3,KRW-SUI,0.00100050
2026-09-02T18:25:56.560863+00:00,18,3,KRW-MMT,0.00464037
2026-09-02T18:25:56.560863+00:00,18,3,KRW-LINK,0.00195631
2026-09-02T18:25:56.560863+00:00,18,3,KRW-PUMP,0.00352734
2026-09-02T18:25:56.560863+00:00,18,3,KRW-NEAR,0.00117763
2026-09-02T18:25:56.560863+00:00,18,3,KRW-ZBT,0.00873362
2026-09-02T18:25:56.560863+00:00,18,3,KRW-LA,0.00116891
2026-09-02T18:25:56.560863+00:00,18,3,KRW-CHIP,0.00351494
2026-09-02T18:25:56.560863+00:00,18,3,KRW-QUID,0.00451977
2026-09-02T18:25:56.560863+00:00,18,3,KRW-PENGU,0.00881057
2026-09-02T18:25:56.560863+00:00,18,3,KRW-AVAX,0.00101317
2026-09-02T18:25:56.560863+00:00,18,3,KRW-VIRTUAL,0.00216685
2026-09-02T18:25:56.560863+00:00,18,3,KRW-MOVE,0.00851064
2026-09-02T18:25:56.560863+00:00,18,3,KRW-UNI,0.00187207
2026-09-02T18:25:56.560863+00:00,18,3,KRW-PIEVERSE,0.00200067
2026-09-02T18:25:56.560863+00:00,18,3,KRW-PRL,0.00519481
2026-09-02T18:25:56.560863+00:00,18,3,KRW-HBAR,0.00985222
2026-09-02T18:25:56.560863+00:00,18,3,KRW-ONT,0.00278164
2026-09-02T18:25:56.560863+00:00,18,3,KRW-ENSO,0.00339271
2026-09-02T18:25:56.560863+00:00,18,3,KRW-XPL,0.00873362
2026-09-02T18:25:56.560863+00:00,18,3,KRW-SAHARA,0.00865801
2026-09-02T18:25:56.560863+00:00,18,3,KRW-AAVE,0.00114351
2026-09-02T18:25:56.560863+00:00,18,3,KRW-ARX,0.00573066
2026-09-02T18:25:56.560863+00:00,18,3,KRW-TRX,0.00448430
2026-09-02T18:25:56.560863+00:00,18,3,KRW-HOLO,0.00351494
2026-09-02T18:25:56.560863+00:00,18,3,KRW-WLFI,0.00257732
2026-09-02T18:25:56.560863+00:00,18,3,KRW-BCH,0.00149276
2026-09-02T18:25:56.560863+00:00,18,3,KRW-DATA,0.00385356
2026-09-02T18:25:56.560863+00:00,18,3,KRW-PLUME,0.00519481
2026-09-02T18:25:56.560863+00:00,18,3,KRW-ARB,0.00586510
2026-09-02T18:25:56.560863+00:00,18,3,KRW-STORJ,0.00282486
2026-09-02T18:25:56.560863+00:00,18,3,KRW-BONK,0.00586510
2026-09-02T18:25:56.560863+00:00,18,3,KRW-ETC,0.00201106
2026-09-02T18:25:56.560863+00:00,18,3,KRW-ESP,0.00873362
2026-09-02T18:25:56.560863+00:00,18,3,KRW-0G,0.00772201
2026-09-02T18:25:56.560863+00:00,18,3,KRW-META2,0.00067137
2026-09-02T18:25:56.560863+00:00,18,3,KRW-BSB,0.00687285
2026-09-02T18:25:56.560863+00:00,18,3,KRW-ERA,0.00248447
2026-09-02T18:25:56.560863+00:00,18,3,KRW-MIRA,0.00155642
2026-09-02T18:25:56.560863+00:00,18,3,KRW-SAND,0.00197044
2026-09-02T18:25:56.560863+00:00,18,3,KRW-PEPE,0.00427350
2026-09-02T18:25:56.560863+00:00,18,3,KRW-POL,0.00796813
2026-09-02T18:25:56.560863+00:00,18,3,KRW-STX,0.00279720
2026-09-02T18:25:56.560863+00:00,18,3,KRW-IRYS,0.00539084
2026-09-02T18:25:56.560863+00:00,18,3,KRW-AXS,0.00158730
2026-09-02T18:25:56.560863+00:00,18,3,KRW-TAO,0.00233840
2026-09-02T18:25:56.560863+00:00,18,3,KRW-ALGO,0.00790514
2026-09-02T18:25:56.560863+00:00,18,3,KRW-JTO,0.00346620
2026-09-02T18:25:56.560863+00:00,18,3,KRW-CC,0.00660066
2026-09-02T18:25:56.560863+00:00,18,3,KRW-BIRB,0.00255428
2026-09-02T18:25:56.560863+00:00,18,3,KRW-ME,0.00348635
2026-09-02T18:25:56.560863+00:00,18,3,KRW-SEI,0.00149589
2026-09-02T18:25:56.560863+00:00,18,3,KRW-ENS,0.00207684
2026-09-02T18:25:56.560863+00:00,18,3,KRW-ZRO,0.00360360
2026-09-02T18:25:56.560863+00:00,18,3,KRW-TRUMP,0.00033383
2026-09-02T18:25:56.560863+00:00,18,3,KRW-XEC,0.00317965
2026-09-02T18:25:56.560863+00:00,18,3,KRW-RVN,0.00518135
2026-09-02T18:25:56.560863+00:00,18,3,KRW-ZAMA,0.00138600
2026-09-02T18:25:56.560863+00:00,18,3,KRW-GEOD,0.00668896
2026-09-02T18:25:56.560863+00:00,18,3,KRW-AKT,0.00437637
2026-09-02T18:25:56.560863+00:00,18,3,KRW-FIL,0.00180995
2026-09-02T18:25:56.560863+00:00,18,3,KRW-APT,0.00259403
2026-09-02T18:25:56.560863+00:00,18,3,KRW-DRV,0.01030928
2026-09-02T18:25:56.560863+00:00,18,3,KRW-ID,0.00457666
2026-09-02T18:25:56.560863+00:00,18,3,KRW-SOON,0.00386847
2026-09-02T18:25:56.560863+00:00,18,3,KRW-O,0.00535475
2026-09-02T18:25:56.560863+00:00,18,3,KRW-AVNT,0.00716846
2026-09-02T18:25:56.560863+00:00,18,3,KRW-TREE,0.00176835
2026-09-02T18:25:56.560863+00:00,18,3,KRW-KITE,0.00514139
2026-09-02T18:25:56.560863+00:00,18,3,KRW-BLEND,0.00469484
2026-09-02T18:25:56.560863+00:00,18,3,KRW-MANTRA,0.00164609
2026-09-02T18:25:56.560863+00:00,18,3,KRW-CFG,0.00692042
2026-09-02T18:25:56.560863+00:00,18,3,KRW-GAS,0.00366748
2026-09-02T18:25:56.560863+00:00,18,3,KRW-BERA,0.00408998
2026-09-02T18:25:56.560863+00:00,18,3,KRW-MEGA,0.00398406
2026-09-02T18:25:56.560863+00:00,18,3,KRW-SOPH,0.00468384
2026-09-02T18:25:56.560863+00:00,18,3,KRW-UP2,0.00280112
2026-09-02T18:25:56.560863+00:00,18,3,KRW-ZORA,0.00985222
2026-09-02T18:25:56.560863+00:00,18,3,KRW-OPG,0.00732601
2026-09-02T18:25:56.560863+00:00,18,3,KRW-BSV,0.00276753
2026-09-02T18:25:56.560863+00:00,18,3,KRW-HYPER,0.00221976
2026-09-02T18:25:56.560863+00:00,18,3,KRW-TRAC,0.00454545
2026-09-02T18:25:56.560863+00:00,18,3,KRW-IN,0.00217155
2026-09-02T18:25:56.560863+00:00,18,3,KRW-ATH,0.00478851
2026-09-02T18:25:56.560863+00:00,18,3,KRW-ETHFI,0.00261780
2026-09-02T18:25:56.560863+00:00,18,3,KRW-MON,0.00281294
2026-09-02T18:25:56.560863+00:00,18,3,KRW-ZIL,0.00294551
2026-09-02T18:25:56.560863+00:00,18,3,KRW-B3,0.00483481
2026-09-02T18:25:56.560863+00:00,18,3,KRW-ELSA,0.00318471
2026-09-02T18:25:56.560863+00:00,18,3,KRW-JUP,0.00339559
2026-09-02T18:25:56.560863+00:00,18,3,KRW-SIGN,0.00796813
2026-09-02T18:25:56.560863+00:00,18,3,KRW-FLOCK,0.00195886
2026-09-02T18:25:56.560863+00:00,18,3,KRW-DEEP,0.00508906
2026-09-02T18:25:56.560863+00:00,18,3,KRW-G,0.00391389
2026-09-02T18:25:56.560863+00:00,18,3,KRW-INJ,0.01016817
2026-09-02T18:25:56.560863+00:00,18,3,KRW-VVV,0.00364465
2026-09-02T18:25:56.560863+00:00,18,3,KRW-BIGTIME,0.00225989
2026-09-02T18:25:56.560863+00:00,18,3,KRW-BIO,0.00568182
2026-09-02T18:25:56.560863+00:00,18,3,KRW-RENDER,0.00205973
2026-09-02T18:25:56.560863+00:00,18,3,KRW-BARD,0.00600601
2026-09-02T18:25:56.560863+00:00,18,3,KRW-CHZ,0.00542005
2026-09-02T18:25:56.560863+00:00,18,3,KRW-LSK,0.00743494
2026-09-02T18:25:56.560863+00:00,18,3,KRW-CRO,0.00405132
2026-09-02T18:25:56.560863+00:00,18,3,KRW-VANA,0.00246812
2026-09-02T18:25:56.560863+00:00,18,3,KRW-LAYER,0.00323799
2026-09-02T18:25:56.560863+00:00,18,3,KRW-RED,0.01265823
2026-09-02T18:25:56.560863+00:00,18,3,KRW-DOT,0.00169348
2026-09-02T18:25:56.560863+00:00,18,3,KRW-ATOM,0.00299103
2026-09-02T18:25:56.560863+00:00,18,3,KRW-DOOD,0.01092896
2026-09-02T18:25:56.560863+00:00,18,3,KRW-XAUT,0.00099751
2026-09-02T18:25:56.560863+00:00,18,3,KRW-BORA,0.00981997
2026-09-02T18:25:56.560863+00:00,18,3,KRW-AWE,0.00236686
2026-09-02T18:25:56.560863+00:00,18,3,KRW-WAVES,0.00333890
2026-09-02T18:25:56.560863+00:00,18,3,KRW-ZKP,0.00463320
2026-09-02T18:25:56.560863+00:00,18,3,KRW-EDGE,0.00325203
2026-09-02T18:25:56.560863+00:00,18,3,KRW-ELF,0.00456621
2026-09-02T18:25:56.560863+00:00,18,3,KRW-AI,0.00380952
2026-09-02T18:25:56.560863+00:00,18,3,KRW-SNT,0.00112170
2026-09-02T18:25:56.560863+00:00,18,3,KRW-OPEN,0.00619195
2026-09-02T18:25:56.560863+00:00,18,3,KRW-SKR,0.00617284
2026-09-02T18:25:56.560863+00:00,18,3,KRW-MET2,0.00751880
2026-09-02T18:25:56.560863+00:00,18,3,KRW-FF,0.00711744
2026-09-02T18:25:56.560863+00:00,18,3,KRW-KAT,0.00325203
2026-09-02T18:25:56.560863+00:00,18,3,KRW-W,0.00760456
2026-09-02T18:25:56.560863+00:00,18,3,KRW-PENDLE,0.00159236
2026-09-02T18:25:56.560863+00:00,18,3,KRW-SPK,0.00727273
2026-09-02T18:25:56.560863+00:00,18,3,KRW-PYTH,0.00377121
2026-09-02T18:25:56.560863+00:00,18,3,KRW-STEEM,0.00341880
2026-09-02T18:25:56.560863+00:00,18,3,KRW-COW,0.00573066
2026-09-02T18:26:59.468876+00:00,18,3,KRW-SHIB,0.00140548
2026-09-02T18:26:59.468876+00:00,18,3,KRW-KAITO,0.00481928
2026-09-02T18:26:59.468876+00:00,18,3,KRW-SUI,0.00099850
2026-09-02T18:26:59.468876+00:00,18,3,KRW-MMT,0.00925926
2026-09-02T18:26:59.468876+00:00,18,3,KRW-LINK,0.00130293
2026-09-02T18:26:59.468876+00:00,18,3,KRW-PUMP,0.00352734
2026-09-02T18:26:59.468876+00:00,18,3,KRW-NEAR,0.00156924
2026-09-02T18:26:59.468876+00:00,18,3,KRW-ZBT,0.00873362
2026-09-02T18:26:59.468876+00:00,18,3,KRW-LA,0.00116891
2026-09-02T18:26:59.468876+00:00,18,3,KRW-CHIP,0.00350877
2026-09-02T18:26:59.468876+00:00,18,3,KRW-QUID,0.00451977
2026-09-02T18:26:59.468876+00:00,18,3,KRW-PENGU,0.00881057
2026-09-02T18:26:59.468876+00:00,18,3,KRW-AVAX,0.00202532
2026-09-02T18:26:59.468876+00:00,18,3,KRW-VIRTUAL,0.00216450
2026-09-02T18:26:59.468876+00:00,18,3,KRW-MOVE,0.00851064
2026-09-02T18:26:59.468876+00:00,18,3,KRW-UNI,0.00187207
2026-09-02T18:26:59.468876+00:00,18,3,KRW-PIEVERSE,0.00200067
2026-09-02T18:26:59.468876+00:00,18,3,KRW-PRL,0.01041667
2026-09-02T18:26:59.468876+00:00,18,3,KRW-HBAR,0.00985222
2026-09-02T18:26:59.468876+00:00,18,3,KRW-ONT,0.00277778
2026-09-02T18:26:59.468876+00:00,18,3,KRW-ENSO,0.00339271
2026-09-02T18:26:59.468876+00:00,18,3,KRW-XPL,0.00873362
2026-09-02T18:26:59.468876+00:00,18,3,KRW-SAHARA,0.00865801
2026-09-02T18:26:59.468876+00:00,18,3,KRW-AAVE,0.00114351
2026-09-02T18:26:59.468876+00:00,18,3,KRW-ARX,0.00573066
2026-09-02T18:26:59.468876+00:00,18,3,KRW-TRX,0.00448430
2026-09-02T18:26:59.468876+00:00,18,3,KRW-HOLO,0.00351494
2026-09-02T18:26:59.468876+00:00,18,3,KRW-WLFI,0.00128783
2026-09-02T18:26:59.468876+00:00,18,3,KRW-BCH,0.00119332
2026-09-02T18:26:59.468876+00:00,18,3,KRW-DATA,0.00385356
2026-09-02T18:26:59.468876+00:00,18,3,KRW-PLUME,0.00516796
2026-09-02T18:26:59.468876+00:00,18,3,KRW-ARB,0.00583090
2026-09-02T18:26:59.468876+00:00,18,3,KRW-STORJ,0.00282486
2026-09-02T18:26:59.468876+00:00,18,3,KRW-BONK,0.00586510
2026-09-02T18:26:59.468876+00:00,18,3,KRW-ETC,0.00150716
2026-09-02T18:26:59.468876+00:00,18,3,KRW-ESP,0.00873362
2026-09-02T18:26:59.468876+00:00,18,3,KRW-0G,0.00772201
2026-09-02T18:26:59.468876+00:00,18,3,KRW-META2,0.01354096
2026-09-02T18:26:59.468876+00:00,18,3,KRW-BSB,0.00687285
2026-09-02T18:26:59.468876+00:00,18,3,KRW-ERA,0.00248447
2026-09-02T18:26:59.468876+00:00,18,3,KRW-MIRA,0.00155642
2026-09-02T18:26:59.468876+00:00,18,3,KRW-SAND,0.00197044
2026-09-02T18:26:59.468876+00:00,18,3,KRW-PEPE,0.00427350
2026-09-02T18:26:59.468876+00:00,18,3,KRW-POL,0.00796813
2026-09-02T18:26:59.468876+00:00,18,3,KRW-STX,0.00558659
2026-09-02T18:26:59.468876+00:00,18,3,KRW-IRYS,0.00539084
2026-09-02T18:26:59.468876+00:00,18,3,KRW-AXS,0.00158730
2026-09-02T18:26:59.468876+00:00,18,3,KRW-TAO,0.00200401
2026-09-02T18:26:59.468876+00:00,18,3,KRW-ALGO,0.00790514
2026-09-02T18:26:59.468876+00:00,18,3,KRW-JTO,0.00346620
2026-09-02T18:26:59.468876+00:00,18,3,KRW-CC,0.00660066
2026-09-02T18:26:59.468876+00:00,18,3,KRW-BIRB,0.00255428
2026-09-02T18:26:59.468876+00:00,18,3,KRW-ME,0.00348635
2026-09-02T18:26:59.468876+00:00,18,3,KRW-SEI,0.00149589
2026-09-02T18:26:59.468876+00:00,18,3,KRW-ENS,0.00207684
2026-09-02T18:26:59.468876+00:00,18,3,KRW-ZRO,0.00432277
2026-09-02T18:26:59.468876+00:00,18,3,KRW-TRUMP,0.00066733
2026-09-02T18:26:59.468876+00:00,18,3,KRW-XEC,0.00317965
2026-09-02T18:26:59.468876+00:00,18,3,KRW-RVN,0.00260078
2026-09-02T18:26:59.468876+00:00,18,3,KRW-ZAMA,0.00416956
2026-09-02T18:26:59.468876+00:00,18,3,KRW-GEOD,0.00668896
2026-09-02T18:26:59.468876+00:00,18,3,KRW-AKT,0.00437637
2026-09-02T18:26:59.468876+00:00,18,3,KRW-FIL,0.00180995
2026-09-02T18:26:59.468876+00:00,18,3,KRW-APT,0.00259067
2026-09-02T18:26:59.468876+00:00,18,3,KRW-DRV,0.01030928
2026-09-02T18:26:59.468876+00:00,18,3,KRW-ID,0.00457666
2026-09-02T18:26:59.468876+00:00,18,3,KRW-SOON,0.00386847
2026-09-02T18:26:59.468876+00:00,18,3,KRW-O,0.00401875
2026-09-02T18:26:59.468876+00:00,18,3,KRW-AVNT,0.00716846
2026-09-02T18:26:59.468876+00:00,18,3,KRW-TREE,0.00176835
2026-09-02T18:26:59.468876+00:00,18,3,KRW-KITE,0.00516796
2026-09-02T18:26:59.468876+00:00,18,3,KRW-BLEND,0.00469484
2026-09-02T18:26:59.468876+00:00,18,3,KRW-MANTRA,0.00328947
2026-09-02T18:26:59.468876+00:00,18,3,KRW-CFG,0.00692042
2026-09-02T18:26:59.468876+00:00,18,3,KRW-GAS,0.00244349
2026-09-02T18:26:59.468876+00:00,18,3,KRW-BERA,0.00408998
2026-09-02T18:26:59.468876+00:00,18,3,KRW-MEGA,0.00597015
2026-09-02T18:26:59.468876+00:00,18,3,KRW-SOPH,0.00624025
2026-09-02T18:26:59.468876+00:00,18,3,KRW-UP2,0.00280112
2026-09-02T18:26:59.468876+00:00,18,3,KRW-ZORA,0.00985222
2026-09-02T18:26:59.468876+00:00,18,3,KRW-OPG,0.00732601
2026-09-02T18:26:59.468876+00:00,18,3,KRW-BSV,0.00276753
2026-09-02T18:26:59.468876+00:00,18,3,KRW-HYPER,0.00443459
2026-09-02T18:26:59.468876+00:00,18,3,KRW-TRAC,0.00454545
2026-09-02T18:26:59.468876+00:00,18,3,KRW-IN,0.00217155
2026-09-02T18:26:59.468876+00:00,18,3,KRW-ATH,0.00318979
2026-09-02T18:26:59.468876+00:00,18,3,KRW-ETHFI,0.00392413
2026-09-02T18:26:59.468876+00:00,18,3,KRW-MON,0.00281294
2026-09-02T18:26:59.468876+00:00,18,3,KRW-ZIL,0.00294551
2026-09-02T18:26:59.468876+00:00,18,3,KRW-B3,0.00483481
2026-09-02T18:26:59.468876+00:00,18,3,KRW-ELSA,0.00318471
2026-09-02T18:26:59.468876+00:00,18,3,KRW-JUP,0.00339559
2026-09-02T18:26:59.468876+00:00,18,3,KRW-SIGN,0.00796813
2026-09-02T18:26:59.468876+00:00,18,3,KRW-FLOCK,0.00392157
2026-09-02T18:26:59.468876+00:00,18,3,KRW-DEEP,0.00508906
2026-09-02T18:26:59.468876+00:00,18,3,KRW-G,0.00391389
2026-09-02T18:26:59.468876+00:00,18,3,KRW-INJ,0.01016817
2026-09-02T18:26:59.468876+00:00,18,3,KRW-VVV,0.00273224
2026-09-02T18:26:59.468876+00:00,18,3,KRW-BIGTIME,0.00225734
2026-09-02T18:26:59.468876+00:00,18,3,KRW-BIO,0.00566572
2026-09-02T18:26:59.468876+00:00,18,3,KRW-RENDER,0.00102828
2026-09-02T18:26:59.468876+00:00,18,3,KRW-BARD,0.00600601
2026-09-02T18:26:59.468876+00:00,18,3,KRW-CHZ,0.00542005
2026-09-02T18:26:59.468876+00:00,18,3,KRW-LSK,0.00743494
2026-09-02T18:26:59.468876+00:00,18,3,KRW-CRO,0.00405132
2026-09-02T18:26:59.468876+00:00,18,3,KRW-VANA,0.00246812
2026-09-02T18:26:59.468876+00:00,18,3,KRW-LAYER,0.00323799
2026-09-02T18:26:59.468876+00:00,18,3,KRW-RED,0.00630915
2026-09-02T18:26:59.468876+00:00,18,3,KRW-DOT,0.00169348
2026-09-02T18:26:59.468876+00:00,18,3,KRW-ATOM,0.00249190
2026-09-02T18:26:59.468876+00:00,18,3,KRW-DOOD,0.01092896
2026-09-02T18:26:59.468876+00:00,18,3,KRW-XAUT,0.00099751
2026-09-02T18:26:59.468876+00:00,18,3,KRW-BORA,0.00981997
2026-09-02T18:26:59.468876+00:00,18,3,KRW-AWE,0.00236686
2026-09-02T18:26:59.468876+00:00,18,3,KRW-WAVES,0.00333890
2026-09-02T18:26:59.468876+00:00,18,3,KRW-ZKP,0.00463320
2026-09-02T18:26:59.468876+00:00,18,3,KRW-EDGE,0.00325203
2026-09-02T18:26:59.468876+00:00,18,3,KRW-ELF,0.00456621
2026-09-02T18:26:59.468876+00:00,18,3,KRW-AI,0.00380952
2026-09-02T18:26:59.468876+00:00,18,3,KRW-SNT,0.00112170
2026-09-02T18:26:59.468876+00:00,18,3,KRW-OPEN,0.00619195
2026-09-02T18:26:59.468876+00:00,18,3,KRW-SKR,0.00619195
2026-09-02T18:26:59.468876+00:00,18,3,KRW-MET2,0.00751880
2026-09-02T18:26:59.468876+00:00,18,3,KRW-FF,0.00711744
2026-09-02T18:26:59.468876+00:00,18,3,KRW-KAT,0.00162470
2026-09-02T18:26:59.468876+00:00,18,3,KRW-W,0.00760456
2026-09-02T18:26:59.468876+00:00,18,3,KRW-PENDLE,0.00198847
2026-09-02T18:26:59.468876+00:00,18,3,KRW-SPK,0.00727273
2026-09-02T18:26:59.468876+00:00,18,3,KRW-PYTH,0.00251889
2026-09-02T18:26:59.468876+00:00,18,3,KRW-STEEM,0.00341880
2026-09-02T18:26:59.468876+00:00,18,3,KRW-COW,0.00569801
