utc,symbol,trigger,ret15,volz
2026-04-05T00:15:00+00:00,ETCUSDT,A,-0.00916,5.53
2026-04-05T01:00:00+00:00,ORDIUSDT,A,-0.00964,5.37
2026-04-05T03:30:00+00:00,PENDLEUSDT,A,-0.00794,3.87
2026-04-05T03:45:00+00:00,PENDLEUSDT,B,0.00117,13.81
2026-04-05T04:45:00+00:00,BCHUSDT,A,-0.00978,3.82
2026-04-05T06:00:00+00:00,LABUSDT,B,0.02572,3.33
2026-04-05T06:00:00+00:00,LTCUSDT,A,-0.00397,4.77
2026-04-05T06:00:00+00:00,ONDOUSDT,A,-0.00796,4.5
2026-04-05T06:15:00+00:00,ENAUSDT,A,-0.00644,5.03
2026-04-05T06:45:00+00:00,EPICUSDT,B,0.01723,3.22
2026-04-05T12:00:00+00:00,PENDLEUSDT,A,-0.00854,4.27
2026-04-05T12:30:00+00:00,XPLUSDT,A,-0.03038,1.28
2026-04-05T13:30:00+00:00,ALGOUSDT,B,0.00939,3.17
2026-04-05T14:00:00+00:00,ATOMUSDT,B,0.0006,9.95
2026-04-05T15:15:00+00:00,DOTUSDT,B,0.01062,4.82
2026-04-05T17:00:00+00:00,EPICUSDT,A,-0.0131,7.59
2026-04-05T17:00:00+00:00,LABUSDT,B,0.03435,8.39
2026-04-05T17:15:00+00:00,EPICUSDT,B,0.03659,25.13
2026-04-05T17:45:00+00:00,VVVUSDT,B,0.01724,3.94
2026-04-05T20:45:00+00:00,ALGOUSDT,B,0.02263,3.79
2026-04-05T21:30:00+00:00,XMRUSDT,B,0.00149,5.69
2026-04-05T22:45:00+00:00,PAXGUSDT,B,0.00035,3.73
2026-04-05T23:00:00+00:00,LITUSDT,B,0.02337,4.75
2026-04-05T23:15:00+00:00,ARBUSDT,B,0.01078,3.07
2026-04-05T23:15:00+00:00,BNBUSDT,B,0.00192,3.35
2026-04-06T00:00:00+00:00,1000BONKUSDT,B,0.015,3.7
2026-04-06T00:00:00+00:00,1000PEPEUSDT,B,0.01803,3.56
2026-04-06T00:00:00+00:00,1000SHIBUSDT,B,0.00567,3.5
2026-04-06T00:00:00+00:00,ADAUSDT,B,0.01596,6.08
2026-04-06T00:00:00+00:00,AVAXUSDT,B,0.01335,3.93
2026-04-06T00:00:00+00:00,COINUSDT,B,0.00584,4.36
2026-04-06T00:00:00+00:00,HOODUSDT,B,0.00129,3.89
2026-04-06T00:00:00+00:00,INJUSDT,B,0.00779,4.45
2026-04-06T00:00:00+00:00,LINKUSDT,B,0.0076,3.4
2026-04-06T00:00:00+00:00,MSTRUSDT,B,0.01138,9.1
2026-04-06T00:00:00+00:00,PENGUUSDT,B,0.01347,3.11
2026-04-06T03:45:00+00:00,LABUSDT,B,0.01574,4.88
2026-04-06T04:00:00+00:00,LITUSDT,A,-0.01343,6.17
2026-04-06T05:15:00+00:00,LABUSDT,A,-0.01451,7.56
2026-04-06T05:30:00+00:00,DEXEUSDT,B,0.03568,3.83
2026-04-06T05:30:00+00:00,LTCUSDT,B,0.00369,3.64
2026-04-06T06:00:00+00:00,ATOMUSDT,B,0.00059,3.5
2026-04-06T08:15:00+00:00,EPICUSDT,B,0.02154,3.18
2026-04-06T08:30:00+00:00,WLFIUSDT,B,0.0111,3.44
2026-04-06T08:45:00+00:00,EPICUSDT,A,-0.02429,7.33
2026-04-06T09:15:00+00:00,LINKUSDT,B,0.00586,4.53
2026-04-06T09:15:00+00:00,PENDLEUSDT,B,9e-05,4.38
2026-04-06T10:00:00+00:00,DASHUSDT,B,0.00484,3.3
2026-04-06T10:15:00+00:00,ADAUSDT,B,0.00077,4.11
2026-04-06T11:15:00+00:00,LITUSDT,B,0.00636,3.67
2026-04-06T11:30:00+00:00,LABUSDT,B,0.01081,6.35
2026-04-06T11:45:00+00:00,PENDLEUSDT,A,-0.00817,4.32
2026-04-06T12:00:00+00:00,INJUSDT,B,0.0034,3.91
2026-04-06T13:15:00+00:00,INTCUSDT,A,-0.00857,5.33
2026-04-06T13:30:00+00:00,AMZNUSDT,B,0.00844,5.43
2026-04-06T13:30:00+00:00,COINUSDT,B,0.00656,13.39
2026-04-06T13:30:00+00:00,CRCLUSDT,B,0.00054,12.87
2026-04-06T13:30:00+00:00,INTCUSDT,B,0.01335,26.19
2026-04-06T13:30:00+00:00,MSTRUSDT,B,0.00337,9.7
2026-04-06T13:30:00+00:00,PLTRUSDT,B,0.01059,4.53
2026-04-06T13:30:00+00:00,TSLAUSDT,B,0.00524,8.63
2026-04-06T13:45:00+00:00,COINUSDT,A,-0.00572,6.76
2026-04-06T13:45:00+00:00,CRCLUSDT,A,-0.00805,4.87
2026-04-06T14:00:00+00:00,HOODUSDT,B,0.01097,24.72
2026-04-06T14:00:00+00:00,LABUSDT,A,-0.01291,5.7
2026-04-06T14:00:00+00:00,TSLAUSDT,A,-0.01407,5.92
2026-04-06T15:30:00+00:00,LABUSDT,B,0.0065,3.9
2026-04-06T15:45:00+00:00,ENAUSDT,B,0.00474,4.13
2026-04-06T16:15:00+00:00,AAVEUSDT,A,-0.01287,12.44
2026-04-06T17:00:00+00:00,XLMUSDT,A,-0.00827,4.64
2026-04-06T17:15:00+00:00,MORPHOUSDT,B,0.01169,3.41
2026-04-06T22:00:00+00:00,INJUSDT,B,0.00313,5.04
2026-04-06T22:00:00+00:00,LABUSDT,B,0.01823,5.52
2026-04-06T22:30:00+00:00,VVVUSDT,A,-0.04035,5.01
2026-04-06T23:00:00+00:00,ADAUSDT,A,-0.00526,3.49
2026-04-06T23:00:00+00:00,AVAXUSDT,A,-0.02348,14.31
2026-04-06T23:30:00+00:00,AVAXUSDT,B,0.00237,3.15
2026-04-07T03:30:00+00:00,LABUSDT,B,0.03948,8.39
2026-04-07T04:15:00+00:00,ALGOUSDT,A,-0.01662,4.71
2026-04-07T04:15:00+00:00,ETCUSDT,A,-0.02573,19.05
2026-04-07T06:30:00+00:00,EPICUSDT,B,0.01234,3.74
2026-04-07T07:45:00+00:00,LABUSDT,B,0.03409,7.64
2026-04-07T08:15:00+00:00,ZBTUSDT,A,-0.02524,11.56
2026-04-07T09:15:00+00:00,LABUSDT,A,-0.02676,7.08
2026-04-07T10:15:00+00:00,AAVEUSDT,A,-0.01002,5.49
2026-04-07T11:30:00+00:00,AAVEUSDT,B,0.00451,3.43
2026-04-07T12:00:00+00:00,1000SHIBUSDT,A,-0.00463,4.51
2026-04-07T12:00:00+00:00,ORDIUSDT,A,-0.00863,4.1
2026-04-07T12:00:00+00:00,PENGUUSDT,A,-0.00657,3.89
2026-04-07T12:15:00+00:00,LABUSDT,B,0.00434,3.06
2026-04-07T13:00:00+00:00,INTCUSDT,B,0.03795,21.5
2026-04-07T13:30:00+00:00,AMZNUSDT,B,0.00274,6.88
2026-04-07T13:30:00+00:00,COINUSDT,A,-0.01357,5.35
2026-04-07T13:30:00+00:00,LITUSDT,B,0.01325,3.19
2026-04-07T13:30:00+00:00,MSTRUSDT,B,0.00359,6.19
2026-04-07T13:30:00+00:00,PLTRUSDT,B,0.00027,4.78
2026-04-07T13:30:00+00:00,TSLAUSDT,A,-0.00433,11.04
2026-04-07T13:45:00+00:00,INTCUSDT,A,-0.00882,10.79
2026-04-07T14:00:00+00:00,DOTUSDT,A,-0.00493,3.86
2026-04-07T14:15:00+00:00,ALGOUSDT,B,0.02476,5.64
2026-04-07T14:15:00+00:00,RIFUSDT,B,0.00233,3.24
2026-04-07T14:45:00+00:00,BEATUSDT,B,0.02466,3.47
2026-04-07T15:30:00+00:00,TSLAUSDT,B,0.00027,3.41
2026-04-07T16:00:00+00:00,ATOMUSDT,B,0.00587,3.19
2026-04-07T16:00:00+00:00,ETCUSDT,B,0.0077,3.06
2026-04-07T17:00:00+00:00,HOMEUSDT,B,0.01041,4.64
2026-04-07T17:30:00+00:00,1000SHIBUSDT,B,0.01216,4.09
2026-04-07T17:45:00+00:00,ZROUSDT,B,0.02564,4.69
2026-04-07T18:45:00+00:00,LABUSDT,B,0.00806,3.05
2026-04-07T19:45:00+00:00,AMZNUSDT,B,0.00338,4.12
2026-04-07T19:45:00+00:00,ARBUSDT,B,0.01786,6.25
2026-04-07T19:45:00+00:00,AVAXUSDT,B,0.01279,3.62
2026-04-07T19:45:00+00:00,HOODUSDT,B,0.01015,3.3
2026-04-07T19:45:00+00:00,TSLAUSDT,B,0.00963,3.84
2026-04-07T20:00:00+00:00,SUIUSDT,B,0.00213,3.46
2026-04-07T20:30:00+00:00,LABUSDT,A,-0.01651,19.64
2026-04-07T21:00:00+00:00,1000BONKUSDT,B,0.01473,3.58
2026-04-07T21:00:00+00:00,BCHUSDT,B,0.00767,3.1
2026-04-07T21:00:00+00:00,CRVUSDT,B,0.02392,3.12
2026-04-07T21:00:00+00:00,DOTUSDT,B,0.01542,4.97
2026-04-07T21:00:00+00:00,FETUSDT,B,0.02317,3.51
2026-04-07T21:00:00+00:00,LITUSDT,B,0.02416,3.26
2026-04-07T21:30:00+00:00,DEXEUSDT,A,-0.0617,9.35
2026-04-07T21:30:00+00:00,NEARUSDT,B,0.02022,3.78
2026-04-07T21:45:00+00:00,DASHUSDT,B,0.00523,4.06
2026-04-07T22:00:00+00:00,1000PEPEUSDT,B,0.02278,4.18
2026-04-07T22:00:00+00:00,WIFUSDT,B,0.01252,4.29
2026-04-07T22:30:00+00:00,1000SHIBUSDT,B,0.00996,9.33
2026-04-07T22:30:00+00:00,AAVEUSDT,B,0.01907,7.58
2026-04-07T22:30:00+00:00,ADAUSDT,B,0.0157,8.49
2026-04-07T22:30:00+00:00,BNBUSDT,B,0.00181,4.7
2026-04-07T22:30:00+00:00,DEXEUSDT,B,0.02207,5.22
2026-04-07T22:30:00+00:00,ENAUSDT,B,0.01839,5.47
2026-04-07T22:30:00+00:00,ETCUSDT,B,0.01381,5.84
2026-04-07T22:30:00+00:00,FARTCOINUSDT,B,0.02148,4.0
2026-04-07T22:30:00+00:00,FILUSDT,B,0.00665,3.29
2026-04-07T22:30:00+00:00,INJUSDT,B,0.01129,3.28
2026-04-07T22:30:00+00:00,JUPUSDT,B,0.01662,5.89
2026-04-07T22:30:00+00:00,LINKUSDT,B,0.01118,5.41
2026-04-07T22:30:00+00:00,LTCUSDT,B,0.00775,5.0
2026-04-07T22:30:00+00:00,MORPHOUSDT,B,0.01336,3.01
2026-04-07T22:30:00+00:00,MSTRUSDT,B,0.01206,3.16
2026-04-07T22:30:00+00:00,ONDOUSDT,B,0.01723,5.09
2026-04-07T22:30:00+00:00,OPUSDT,B,0.01307,5.44
2026-04-07T22:30:00+00:00,ORDIUSDT,B,0.01288,4.16
2026-04-07T22:30:00+00:00,PAXGUSDT,B,0.00723,3.36
2026-04-07T22:30:00+00:00,PENDLEUSDT,B,0.01623,5.68
2026-04-07T22:30:00+00:00,PENGUUSDT,B,0.01019,5.23
2026-04-07T22:30:00+00:00,PUMPUSDT,B,0.00939,4.42
2026-04-07T22:30:00+00:00,TAOUSDT,B,0.0131,3.48
2026-04-07T22:30:00+00:00,TIAUSDT,B,0.01195,4.68
2026-04-07T22:30:00+00:00,VIRTUALUSDT,B,0.01577,5.08
2026-04-07T22:30:00+00:00,XLMUSDT,B,0.0091,4.49
2026-04-07T22:30:00+00:00,XMRUSDT,B,0.00477,5.01
2026-04-07T22:45:00+00:00,LABUSDT,B,0.01996,4.18
2026-04-07T22:45:00+00:00,RENDERUSDT,B,0.0332,3.77
2026-04-07T23:00:00+00:00,DASHUSDT,A,-0.00594,4.55
2026-04-07T23:00:00+00:00,DOTUSDT,A,-0.01136,4.05
2026-04-07T23:00:00+00:00,EIGENUSDT,B,0.01272,3.97
2026-04-07T23:00:00+00:00,HBARUSDT,B,0.01532,17.69
2026-04-07T23:00:00+00:00,LDOUSDT,B,0.01451,3.82
2026-04-07T23:00:00+00:00,LITUSDT,A,-0.02181,4.66
2026-04-07T23:00:00+00:00,ZROUSDT,B,0.00073,3.12
2026-04-07T23:15:00+00:00,ALGOUSDT,B,0.03109,4.14
2026-04-07T23:30:00+00:00,AAVEUSDT,A,-0.01011,4.28
2026-04-07T23:30:00+00:00,AVAXUSDT,A,-0.0073,4.35
2026-04-07T23:30:00+00:00,EPICUSDT,B,0.01191,3.26
2026-04-07T23:30:00+00:00,MSTRUSDT,A,-0.00697,5.1
2026-04-07T23:45:00+00:00,HOODUSDT,B,0.00578,14.18
2026-04-08T00:00:00+00:00,AEROUSDT,B,0.00784,3.62
2026-04-08T01:00:00+00:00,LABUSDT,A,-0.01698,7.45
2026-04-08T03:30:00+00:00,LABUSDT,B,0.05054,7.25
2026-04-08T03:30:00+00:00,PENDLEUSDT,A,-0.019,4.2
2026-04-08T05:00:00+00:00,HBARUSDT,B,0.00182,5.16
2026-04-08T05:00:00+00:00,TIAUSDT,B,0.00781,3.09
2026-04-08T05:00:00+00:00,XLMUSDT,B,0.00521,3.61
2026-04-08T06:00:00+00:00,ATOMUSDT,B,0.00167,3.62
2026-04-08T07:00:00+00:00,AKEUSDT,A,-0.03069,5.19
2026-04-08T07:00:00+00:00,KAITOUSDT,B,0.01465,4.43
2026-04-08T07:30:00+00:00,HBARUSDT,A,-0.01382,6.47
2026-04-08T07:45:00+00:00,NEARUSDT,B,0.00672,4.45
2026-04-08T08:00:00+00:00,LITUSDT,A,-0.0177,5.07
2026-04-08T08:30:00+00:00,LABUSDT,B,0.01148,3.04
2026-04-08T08:45:00+00:00,KAITOUSDT,A,-0.01373,4.57
2026-04-08T09:15:00+00:00,LABUSDT,A,-0.0294,4.77
2026-04-08T09:45:00+00:00,HOODUSDT,B,0.00199,5.8
2026-04-08T10:00:00+00:00,ENAUSDT,B,0.00214,4.24
2026-04-08T10:15:00+00:00,HBARUSDT,B,0.01552,10.57
2026-04-08T10:15:00+00:00,ZROUSDT,B,0.01736,3.1
2026-04-08T11:00:00+00:00,KAITOUSDT,B,0.02001,9.67
2026-04-08T11:00:00+00:00,MSTRUSDT,B,0.00219,3.18
2026-04-08T11:30:00+00:00,1000SHIBUSDT,A,-0.00608,4.27
2026-04-08T12:15:00+00:00,XMRUSDT,B,0.00366,3.96
2026-04-08T13:00:00+00:00,LABUSDT,B,0.02102,3.93
2026-04-08T13:15:00+00:00,COINUSDT,B,0.01065,3.84
2026-04-08T13:30:00+00:00,AMZNUSDT,A,-0.01319,18.62
2026-04-08T13:30:00+00:00,COINUSDT,A,-0.023,11.14
2026-04-08T13:30:00+00:00,CRCLUSDT,A,-0.03916,7.27
2026-04-08T13:30:00+00:00,HOODUSDT,A,-0.01703,17.95
2026-04-08T13:30:00+00:00,INTCUSDT,B,0.02203,15.01
2026-04-08T13:30:00+00:00,MSTRUSDT,A,-0.02922,10.89
2026-04-08T13:30:00+00:00,PLTRUSDT,A,-0.02247,10.26
2026-04-08T13:30:00+00:00,TSLAUSDT,A,-0.02516,15.5
2026-04-08T14:00:00+00:00,CRCLUSDT,B,0.0095,3.13
2026-04-08T14:00:00+00:00,DASHUSDT,B,0.01656,4.17
2026-04-08T14:15:00+00:00,DASHUSDT,A,-0.00681,5.01
2026-04-08T14:15:00+00:00,PLTRUSDT,B,0.01178,4.43
2026-04-08T14:15:00+00:00,XMRUSDT,A,-0.06299,96.58
2026-04-08T14:30:00+00:00,1000BONKUSDT,A,-0.00673,5.61
2026-04-08T14:30:00+00:00,AAVEUSDT,A,-0.01246,4.21
2026-04-08T14:30:00+00:00,BEATUSDT,B,0.06198,3.67
2026-04-08T14:30:00+00:00,INTCUSDT,A,-0.00663,3.59
2026-04-08T14:30:00+00:00,SUIUSDT,A,-0.00899,3.81
2026-04-08T14:30:00+00:00,TSLAUSDT,B,0.00437,4.05
2026-04-08T15:30:00+00:00,JUPUSDT,A,-0.00612,9.75
2026-04-08T15:30:00+00:00,MAGMAUSDT,B,0.0473,5.31
2026-04-08T15:45:00+00:00,LABUSDT,A,-0.06032,30.51
2026-04-08T16:00:00+00:00,AEROUSDT,B,0.0143,3.83
2026-04-08T16:00:00+00:00,TLMUSDT,B,0.00544,3.45
2026-04-08T16:30:00+00:00,TLMUSDT,A,-0.02396,3.86
2026-04-08T17:15:00+00:00,LABUSDT,B,0.02904,18.63
2026-04-08T18:30:00+00:00,TACUSDT,A,-0.00875,1.05
2026-04-08T18:45:00+00:00,XMRUSDT,A,-0.00927,4.83
2026-04-08T18:45:00+00:00,ZROUSDT,A,-0.02705,7.81
2026-04-08T20:15:00+00:00,LABUSDT,A,-0.0759,9.83
2026-04-08T20:45:00+00:00,FARTCOINUSDT,B,0.0205,10.9
2026-04-08T21:00:00+00:00,ARBUSDT,B,0.01567,3.07
2026-04-08T21:15:00+00:00,EIGENUSDT,B,0.00304,7.78
2026-04-08T21:15:00+00:00,LABUSDT,B,0.01683,4.68
2026-04-08T21:45:00+00:00,XMRUSDT,B,0.00455,5.01
2026-04-08T22:15:00+00:00,WLFIUSDT,A,-0.0117,3.81
2026-04-08T23:00:00+00:00,FARTCOINUSDT,A,-0.16278,76.91
2026-04-08T23:00:00+00:00,LITUSDT,A,-0.03152,6.4
2026-04-09T00:00:00+00:00,ARBUSDT,A,-0.01518,5.58
2026-04-09T00:00:00+00:00,DASHUSDT,A,-0.01308,4.22
2026-04-09T00:00:00+00:00,TIAUSDT,A,-0.00738,4.18
2026-04-09T01:45:00+00:00,WLFIUSDT,B,0.0178,5.48
2026-04-09T03:00:00+00:00,MAGMAUSDT,B,0.05219,4.37
2026-04-09T03:30:00+00:00,AKEUSDT,B,0.05136,4.29
2026-04-09T03:30:00+00:00,ONDOUSDT,A,-0.00752,3.57
2026-04-09T05:30:00+00:00,AAVEUSDT,B,0.00333,3.66
2026-04-09T05:30:00+00:00,MORPHOUSDT,B,0.01372,3.29
2026-04-09T05:30:00+00:00,TIAUSDT,B,0.00102,3.48
2026-04-09T05:45:00+00:00,FARTCOINUSDT,A,-0.02214,1.73
2026-04-09T08:45:00+00:00,XLMUSDT,B,0.00252,4.61
2026-04-09T08:45:00+00:00,XMRUSDT,B,0.02216,6.27
2026-04-09T10:30:00+00:00,MAGMAUSDT,B,0.00073,4.1
2026-04-09T11:00:00+00:00,KAITOUSDT,A,-0.02911,7.89
2026-04-09T11:30:00+00:00,ATOMUSDT,B,0.00168,3.8
2026-04-09T12:15:00+00:00,EVAAUSDT,B,0.02595,6.11
2026-04-09T12:30:00+00:00,MAGMAUSDT,A,-0.03188,6.84
2026-04-09T13:00:00+00:00,INTCUSDT,B,0.0349,11.27
2026-04-09T13:15:00+00:00,INTCUSDT,A,-0.01896,4.7
2026-04-09T13:30:00+00:00,COINUSDT,A,-0.01655,8.46
2026-04-09T13:30:00+00:00,CRCLUSDT,A,-0.01093,4.79
2026-04-09T13:30:00+00:00,HOODUSDT,A,-0.0116,8.23
2026-04-09T13:30:00+00:00,MSTRUSDT,B,0.00962,9.72
2026-04-09T13:30:00+00:00,PLTRUSDT,A,-0.03788,16.94
2026-04-09T13:30:00+00:00,TSLAUSDT,B,0.00492,9.8
2026-04-09T13:45:00+00:00,BCHUSDT,A,-0.00732,4.49
2026-04-09T13:45:00+00:00,MSTRUSDT,A,-0.01526,4.72
2026-04-09T13:45:00+00:00,TSLAUSDT,A,-0.01716,8.07
2026-04-09T14:30:00+00:00,MAGMAUSDT,B,0.01558,3.28
2026-04-09T14:45:00+00:00,PLTRUSDT,B,0.00601,3.91
2026-04-09T15:00:00+00:00,AMZNUSDT,B,0.00486,4.7
2026-04-09T15:00:00+00:00,EVAAUSDT,A,-0.01543,14.37
2026-04-09T15:00:00+00:00,NEARUSDT,B,0.00817,3.64
2026-04-09T15:30:00+00:00,1000BONKUSDT,B,0.02126,4.41
2026-04-09T15:30:00+00:00,AAVEUSDT,B,0.01486,3.62
2026-04-09T15:30:00+00:00,ARBUSDT,B,0.01163,3.0
2026-04-09T15:30:00+00:00,ATOMUSDT,B,0.01224,4.68
2026-04-09T15:30:00+00:00,AVAXUSDT,B,0.01637,3.03
2026-04-09T15:30:00+00:00,COINUSDT,B,0.00996,3.01
2026-04-09T15:30:00+00:00,CRVUSDT,B,0.01835,4.62
2026-04-09T15:30:00+00:00,ENAUSDT,B,0.0248,3.73
2026-04-09T15:30:00+00:00,LITUSDT,B,0.03079,3.06
2026-04-09T15:30:00+00:00,MORPHOUSDT,B,0.00883,4.78
2026-04-09T15:30:00+00:00,SUIUSDT,B,0.01854,3.76
2026-04-09T15:30:00+00:00,VVVUSDT,B,0.02389,3.72
2026-04-09T15:30:00+00:00,XMRUSDT,B,0.0214,3.57
2026-04-09T15:45:00+00:00,LABUSDT,B,0.02638,4.24
2026-04-09T16:30:00+00:00,FARTCOINUSDT,A,-0.02162,2.33
2026-04-09T17:00:00+00:00,AKEUSDT,B,0.05111,29.23
2026-04-09T17:30:00+00:00,MORPHOUSDT,A,-0.02122,4.56
2026-04-09T18:30:00+00:00,DASHUSDT,B,0.00938,4.35
2026-04-09T18:30:00+00:00,XMRUSDT,A,-0.00953,3.39
2026-04-09T18:45:00+00:00,MAGMAUSDT,B,0.02695,5.45
2026-04-09T19:15:00+00:00,DASHUSDT,A,-0.00961,8.73
2026-04-09T19:30:00+00:00,EPICUSDT,B,0.02788,6.27
2026-04-09T19:30:00+00:00,PLTRUSDT,B,0.00505,4.08
2026-04-09T20:00:00+00:00,1000BONKUSDT,B,0.00185,3.59
2026-04-09T20:15:00+00:00,MORPHOUSDT,B,0.01219,3.49
2026-04-09T20:15:00+00:00,XLMUSDT,B,0.00476,4.69
2026-04-09T21:30:00+00:00,AKEUSDT,B,0.03545,25.06
2026-04-09T21:30:00+00:00,ARBUSDT,B,0.03086,4.43
2026-04-09T21:45:00+00:00,AKEUSDT,A,-0.02511,16.63
2026-04-09T22:15:00+00:00,AVAXUSDT,B,0.01112,7.04
2026-04-09T22:15:00+00:00,DOTUSDT,B,0.00983,6.13
2026-04-09T22:15:00+00:00,SUIUSDT,B,0.00569,3.18
2026-04-09T22:15:00+00:00,WLFIUSDT,A,-0.04502,46.72
2026-04-09T22:45:00+00:00,WLFIUSDT,B,0.00562,3.92
2026-04-09T23:00:00+00:00,MAGMAUSDT,A,-0.04407,8.2
2026-04-09T23:15:00+00:00,MAGMAUSDT,B,0.09776,8.1
2026-04-09T23:30:00+00:00,TAOUSDT,A,-0.03863,4.88
2026-04-10T00:00:00+00:00,DASHUSDT,A,-0.00751,4.24
2026-04-10T00:00:00+00:00,KAITOUSDT,A,-0.01656,4.14
2026-04-10T00:15:00+00:00,ATOMUSDT,B,0.00893,3.59
2026-04-10T00:30:00+00:00,TAOUSDT,B,0.00423,5.33
2026-04-10T01:15:00+00:00,VVVUSDT,B,0.04005,6.39
2026-04-10T01:30:00+00:00,DASHUSDT,B,0.01616,3.39
2026-04-10T01:45:00+00:00,AKEUSDT,B,0.0238,4.54
2026-04-10T02:15:00+00:00,AKEUSDT,A,-0.04919,5.02
2026-04-10T02:30:00+00:00,AMZNUSDT,B,0.0012,3.39
2026-04-10T02:45:00+00:00,EPICUSDT,A,-0.03181,7.83
2026-04-10T02:45:00+00:00,LABUSDT,B,0.05335,9.56
2026-04-10T03:15:00+00:00,EPICUSDT,B,0.01048,3.46
2026-04-10T03:15:00+00:00,MAGMAUSDT,B,0.03395,3.02
2026-04-10T03:45:00+00:00,HBARUSDT,A,-0.00608,3.48
2026-04-10T03:45:00+00:00,TAOUSDT,A,-0.02862,4.33
2026-04-10T05:00:00+00:00,DEXEUSDT,B,0.03538,5.17
2026-04-10T05:15:00+00:00,TAOUSDT,B,0.03128,5.44
2026-04-10T05:45:00+00:00,LITUSDT,B,0.02935,4.1
2026-04-10T06:45:00+00:00,MORPHOUSDT,A,-0.01974,14.63
2026-04-10T07:00:00+00:00,AKEUSDT,B,0.01836,3.34
2026-04-10T07:15:00+00:00,DASHUSDT,B,0.01267,6.26
2026-04-10T07:15:00+00:00,XMRUSDT,B,0.00319,3.98
2026-04-10T07:30:00+00:00,LABUSDT,B,0.00738,3.66
2026-04-10T07:45:00+00:00,DASHUSDT,A,-0.00907,6.1
2026-04-10T07:45:00+00:00,WLFIUSDT,A,-0.02156,9.5
2026-04-10T08:00:00+00:00,PENGUUSDT,A,-0.00641,12.01
2026-04-10T08:45:00+00:00,WLFIUSDT,B,0.00726,4.57
2026-04-10T09:00:00+00:00,AKEUSDT,A,-0.04087,8.02
2026-04-10T09:15:00+00:00,LABUSDT,A,-0.04387,5.55
2026-04-10T09:30:00+00:00,MAGMAUSDT,B,0.02044,4.8
2026-04-10T10:00:00+00:00,ARBUSDT,B,0.00272,9.3
2026-04-10T10:30:00+00:00,EVAAUSDT,B,0.04007,7.24
2026-04-10T10:30:00+00:00,MAGMAUSDT,A,-0.04643,5.2
2026-04-10T11:15:00+00:00,DASHUSDT,B,0.01128,10.01
2026-04-10T11:30:00+00:00,AMZNUSDT,B,0.00026,5.33
2026-04-10T11:45:00+00:00,DEXEUSDT,B,0.02015,4.4
2026-04-10T12:15:00+00:00,XLMUSDT,B,0.00091,3.56
2026-04-10T12:30:00+00:00,AKEUSDT,B,0.01318,3.52
2026-04-10T12:30:00+00:00,DEXEUSDT,A,-0.01738,5.91
2026-04-10T12:30:00+00:00,LABUSDT,B,0.05893,9.03
2026-04-10T12:30:00+00:00,WLFIUSDT,A,-0.00982,3.46
2026-04-10T13:15:00+00:00,PLTRUSDT,A,-0.00665,5.23
2026-04-10T13:15:00+00:00,XMRUSDT,B,0.00075,4.11
2026-04-10T13:30:00+00:00,COINUSDT,A,-0.0239,9.24
2026-04-10T13:30:00+00:00,CRCLUSDT,A,-0.01965,5.87
2026-04-10T13:30:00+00:00,HOODUSDT,A,-0.01127,6.98
2026-04-10T13:30:00+00:00,INTCUSDT,B,0.01396,8.11
2026-04-10T13:30:00+00:00,MSTRUSDT,A,-0.00753,9.45
2026-04-10T13:30:00+00:00,TSLAUSDT,B,0.00196,10.09
2026-04-10T13:45:00+00:00,AKEUSDT,A,-0.03026,8.07
2026-04-10T13:45:00+00:00,CRCLUSDT,B,0.00371,3.15
2026-04-10T13:45:00+00:00,CRVUSDT,B,0.00913,5.85
2026-04-10T13:45:00+00:00,DASHUSDT,A,-0.01731,6.95
2026-04-10T13:45:00+00:00,MSTRUSDT,B,0.00635,3.12
2026-04-10T14:15:00+00:00,ATOMUSDT,B,0.00272,3.33
2026-04-10T14:15:00+00:00,LDOUSDT,B,0.01835,5.05
2026-04-10T14:15:00+00:00,MAGMAUSDT,B,0.03034,5.69
2026-04-10T14:30:00+00:00,MAGMAUSDT,A,-0.07503,5.87
2026-04-10T14:30:00+00:00,PLTRUSDT,B,0.01901,32.53
2026-04-10T14:45:00+00:00,LABUSDT,A,-0.05304,4.66
2026-04-10T15:00:00+00:00,GWEIUSDT,B,0.00393,4.28
2026-04-10T15:00:00+00:00,INJUSDT,B,0.00098,5.19
2026-04-10T15:00:00+00:00,WLDUSDT,B,0.01853,26.95
2026-04-10T15:30:00+00:00,DASHUSDT,B,0.00606,7.6
2026-04-10T15:30:00+00:00,LDOUSDT,A,-0.01429,3.55
2026-04-10T16:00:00+00:00,ALLOUSDT,B,0.01518,3.27
2026-04-10T16:00:00+00:00,EVAAUSDT,B,0.01884,13.9
2026-04-10T16:45:00+00:00,AKEUSDT,B,0.0271,4.55
2026-04-10T17:45:00+00:00,EPICUSDT,B,0.00971,3.71
2026-04-10T18:00:00+00:00,DASHUSDT,A,-0.01492,7.23
2026-04-10T18:15:00+00:00,AKEUSDT,A,-0.02835,6.99
2026-04-10T18:15:00+00:00,AVAXUSDT,B,0.00361,4.56
2026-04-10T18:15:00+00:00,LITUSDT,B,0.01157,9.36
2026-04-10T18:30:00+00:00,LABUSDT,B,0.01664,3.15
2026-04-10T18:45:00+00:00,MAGMAUSDT,B,0.0055,3.29
2026-04-10T18:45:00+00:00,WLFIUSDT,B,0.02114,8.04
2026-04-10T19:00:00+00:00,XLMUSDT,B,0.00205,3.47
2026-04-10T19:15:00+00:00,WLFIUSDT,A,-0.01321,3.41
2026-04-10T20:00:00+00:00,DASHUSDT,B,0.00545,3.77
2026-04-10T22:30:00+00:00,DASHUSDT,A,-0.01313,7.23
2026-04-11T00:00:00+00:00,ARBUSDT,A,-0.01373,4.35
2026-04-11T00:00:00+00:00,DASHUSDT,B,0.00985,6.02
2026-04-11T00:00:00+00:00,MORPHOUSDT,A,-0.02331,11.4
2026-04-11T01:30:00+00:00,LABUSDT,B,0.02536,3.74
2026-04-11T01:45:00+00:00,EVAAUSDT,B,0.03274,4.51
2026-04-11T02:15:00+00:00,LITUSDT,B,0.01584,5.87
2026-04-11T02:30:00+00:00,LITUSDT,A,-0.02794,5.39
2026-04-11T02:30:00+00:00,VVVUSDT,B,0.02681,3.34
2026-04-11T03:45:00+00:00,ARBUSDT,B,0.00083,5.05
2026-04-11T04:15:00+00:00,ARBUSDT,A,-0.01746,5.46
2026-04-11T04:15:00+00:00,EVAAUSDT,A,-0.09555,28.12
2026-04-11T04:15:00+00:00,UBUSDT,A,-0.03046,5.6
2026-04-11T05:45:00+00:00,EVAAUSDT,B,0.0275,4.1
2026-04-11T05:45:00+00:00,WLFIUSDT,A,-0.00876,4.71
2026-04-11T07:00:00+00:00,VELVETUSDT,B,0.02867,4.8
2026-04-11T07:30:00+00:00,ZBTUSDT,B,0.00592,3.12
2026-04-11T08:00:00+00:00,AKEUSDT,B,0.0478,7.27
2026-04-11T08:15:00+00:00,VELVETUSDT,A,-0.0141,4.07
2026-04-11T08:30:00+00:00,DASHUSDT,B,0.0253,6.39
2026-04-11T08:30:00+00:00,MAGMAUSDT,B,0.00268,5.48
2026-04-11T08:45:00+00:00,EVAAUSDT,A,-0.06282,7.82
2026-04-11T09:00:00+00:00,AKEUSDT,A,-0.03722,7.46
2026-04-11T09:00:00+00:00,EPICUSDT,B,0.00195,7.53
2026-04-11T09:45:00+00:00,MAGMAUSDT,A,-0.14103,5.03
2026-04-11T10:45:00+00:00,DEXEUSDT,B,0.05958,5.1
2026-04-11T11:00:00+00:00,GWEIUSDT,B,0.06425,5.43
2026-04-11T11:15:00+00:00,GWEIUSDT,A,-0.02534,6.53
2026-04-11T11:30:00+00:00,DASHUSDT,A,-0.02556,6.49
2026-04-11T11:30:00+00:00,VVVUSDT,B,0.01249,4.01
2026-04-11T11:45:00+00:00,VELVETUSDT,B,0.02584,3.64
2026-04-11T12:00:00+00:00,AKEUSDT,B,0.02668,14.01
2026-04-11T12:15:00+00:00,AEROUSDT,A,-0.02963,6.06
2026-04-11T12:15:00+00:00,TACUSDT,B,0.06714,11.95
2026-04-11T12:30:00+00:00,TACUSDT,A,-0.01121,8.95
2026-04-11T13:00:00+00:00,AKEUSDT,A,-0.04598,10.24
2026-04-11T15:00:00+00:00,GWEIUSDT,B,0.05106,9.16
2026-04-11T15:15:00+00:00,GWEIUSDT,A,-0.03276,9.34
2026-04-11T16:00:00+00:00,AKEUSDT,B,0.02631,3.67
2026-04-11T16:00:00+00:00,NEARUSDT,B,0.01391,3.57
2026-04-11T16:30:00+00:00,LABUSDT,B,0.07282,3.49
2026-04-11T16:30:00+00:00,PENGUUSDT,B,0.0191,4.22
2026-04-11T16:45:00+00:00,TACUSDT,A,-0.00996,3.18
2026-04-11T18:15:00+00:00,ARBUSDT,B,0.00345,5.31
2026-04-11T18:30:00+00:00,USUSDT,A,-0.05956,4.93
2026-04-11T18:30:00+00:00,XLMUSDT,B,0.00854,3.08
2026-04-11T18:45:00+00:00,PUMPUSDT,B,0.00903,3.68
2026-04-11T18:45:00+00:00,USUSDT,B,0.09146,4.28
2026-04-11T20:00:00+00:00,1000BONKUSDT,B,0.00131,5.26
2026-04-11T20:00:00+00:00,1000PEPEUSDT,B,0.01691,4.64
2026-04-11T21:45:00+00:00,TAOUSDT,B,0.02286,3.26
2026-04-11T22:45:00+00:00,AEROUSDT,A,-0.01168,5.69
2026-04-12T01:30:00+00:00,1000BONKUSDT,A,-0.03109,7.05
2026-04-12T01:30:00+00:00,1000PEPEUSDT,A,-0.02298,5.33
2026-04-12T01:30:00+00:00,1000SHIBUSDT,A,-0.01603,6.38
2026-04-12T01:30:00+00:00,AAVEUSDT,A,-0.02759,5.34
2026-04-12T01:30:00+00:00,ADAUSDT,A,-0.01963,7.22
2026-04-12T01:30:00+00:00,APTUSDT,A,-0.02572,5.04
2026-04-12T01:30:00+00:00,AVAXUSDT,A,-0.02504,4.73
2026-04-12T01:30:00+00:00,BCHUSDT,A,-0.01818,5.89
2026-04-12T01:30:00+00:00,BNBUSDT,A,-0.01767,6.87
2026-04-12T01:30:00+00:00,CRVUSDT,A,-0.0274,6.51
2026-04-12T01:30:00+00:00,DASHUSDT,A,-0.03708,7.52
2026-04-12T01:30:00+00:00,ETCUSDT,A,-0.01708,5.8
2026-04-12T01:30:00+00:00,FARTCOINUSDT,A,-0.04821,2.23
2026-04-12T01:30:00+00:00,FETUSDT,A,-0.03032,3.62
2026-04-12T01:30:00+00:00,FILUSDT,A,-0.02793,9.72
2026-04-12T01:30:00+00:00,HBARUSDT,A,-0.01462,3.53
2026-04-12T01:30:00+00:00,LDOUSDT,A,-0.02724,2.87
2026-04-12T01:30:00+00:00,LINKUSDT,A,-0.02325,5.46
2026-04-12T01:30:00+00:00,LTCUSDT,A,-0.01459,4.21
2026-04-12T01:30:00+00:00,MSTRUSDT,A,-0.00653,4.96
2026-04-12T01:30:00+00:00,NEARUSDT,A,-0.02238,4.34
2026-04-12T01:30:00+00:00,ONDOUSDT,A,-0.02468,4.73
2026-04-12T01:30:00+00:00,OPUSDT,A,-0.03158,4.35
2026-04-12T01:30:00+00:00,PENDLEUSDT,A,-0.0244,4.35
2026-04-12T01:30:00+00:00,PENGUUSDT,A,-0.03474,6.77
2026-04-12T01:30:00+00:00,PUMPUSDT,A,-0.02798,4.84
2026-04-12T01:30:00+00:00,RENDERUSDT,A,-0.0338,6.54
2026-04-12T01:30:00+00:00,SEIUSDT,A,-0.01944,4.63
2026-04-12T01:30:00+00:00,SUIUSDT,A,-0.02524,5.29
2026-04-12T01:30:00+00:00,TIAUSDT,A,-0.02584,4.67
2026-04-12T01:30:00+00:00,UNIUSDT,A,-0.02576,3.04
2026-04-12T01:30:00+00:00,VIRTUALUSDT,A,-0.0341,9.11
2026-04-12T01:30:00+00:00,VVVUSDT,A,-0.02798,4.47
2026-04-12T01:30:00+00:00,WLDUSDT,A,-0.047,11.17
2026-04-12T01:30:00+00:00,WLFIUSDT,A,-0.02757,4.38
2026-04-12T01:30:00+00:00,XLMUSDT,A,-0.01192,4.09
2026-04-12T01:45:00+00:00,LITUSDT,B,0.00239,3.33
2026-04-12T02:00:00+00:00,1000BONKUSDT,B,0.00123,3.94
2026-04-12T02:00:00+00:00,INJUSDT,B,0.00068,3.01
2026-04-12T02:00:00+00:00,NEARUSDT,B,0.00074,6.73
2026-04-12T02:15:00+00:00,AMZNUSDT,A,-0.00361,12.58
2026-04-12T02:15:00+00:00,INTCUSDT,A,-0.00723,5.33
2026-04-12T02:30:00+00:00,AKEUSDT,A,-0.06039,5.4
2026-04-12T03:00:00+00:00,AKEUSDT,B,0.19735,5.69
2026-04-12T04:45:00+00:00,GWEIUSDT,B,0.00453,4.16
2026-04-12T05:00:00+00:00,TACUSDT,B,0.0378,3.97
2026-04-12T06:30:00+00:00,EPICUSDT,B,0.01535,5.02
2026-04-12T07:00:00+00:00,LITUSDT,A,-0.04143,11.29
2026-04-12T07:00:00+00:00,ORDIUSDT,A,-0.01082,6.27
2026-04-12T08:15:00+00:00,DASHUSDT,B,0.01245,3.14
2026-04-12T10:00:00+00:00,TACUSDT,A,-0.0176,2.39
2026-04-12T10:00:00+00:00,TRXUSDT,B,0.00187,3.75
2026-04-12T10:30:00+00:00,VELVETUSDT,B,0.0344,3.3
2026-04-12T11:30:00+00:00,MAGMAUSDT,B,0.08813,3.38
2026-04-12T11:45:00+00:00,VELVETUSDT,A,-0.05927,8.66
2026-04-12T12:15:00+00:00,EVAAUSDT,B,0.02312,3.09
2026-04-12T12:45:00+00:00,GWEIUSDT,A,-0.01881,6.27
2026-04-12T12:45:00+00:00,TLMUSDT,A,-0.01022,3.04
2026-04-12T13:00:00+00:00,NEARUSDT,B,0.00826,3.09
2026-04-12T13:15:00+00:00,AKEUSDT,B,0.03317,8.3
2026-04-12T14:00:00+00:00,ICPUSDT,A,-0.00815,5.93
2026-04-12T14:45:00+00:00,LITUSDT,B,0.00256,3.51
2026-04-12T15:45:00+00:00,LABUSDT,B,0.02076,3.85
2026-04-12T16:00:00+00:00,EPICUSDT,B,0.01622,3.41
2026-04-12T16:00:00+00:00,TACUSDT,B,0.02259,3.09
2026-04-12T16:15:00+00:00,EPICUSDT,A,-0.01596,8.75
2026-04-12T17:00:00+00:00,CRVUSDT,B,0.00476,3.68
2026-04-12T17:45:00+00:00,VELVETUSDT,B,0.02354,3.84
2026-04-12T18:00:00+00:00,EVAAUSDT,A,-0.04034,3.65
2026-04-12T18:45:00+00:00,LABUSDT,A,-0.04776,4.69
2026-04-12T22:00:00+00:00,PAXGUSDT,A,-0.00652,6.24
2026-04-12T22:30:00+00:00,AMZNUSDT,B,0.00042,3.97
2026-04-13T00:00:00+00:00,MSTRUSDT,A,-0.01577,4.73
2026-04-13T00:30:00+00:00,1000BONKUSDT,B,0.00124,5.05
2026-04-13T00:30:00+00:00,BEATUSDT,B,0.04493,3.26
2026-04-13T03:45:00+00:00,USUSDT,A,-0.061,6.8
2026-04-13T04:30:00+00:00,AAVEUSDT,B,0.00615,4.37
2026-04-13T04:30:00+00:00,EVAAUSDT,B,0.0593,3.42
2026-04-13T04:45:00+00:00,DOTUSDT,A,-0.02469,33.87
2026-04-13T05:00:00+00:00,LDOUSDT,A,-0.01388,5.58
2026-04-13T05:15:00+00:00,VELVETUSDT,B,0.0114,3.5
2026-04-13T05:30:00+00:00,AAVEUSDT,A,-0.01981,3.87
2026-04-13T05:30:00+00:00,DOTUSDT,B,0.00086,13.58
2026-04-13T05:45:00+00:00,VELVETUSDT,A,-0.02032,7.15
2026-04-13T06:00:00+00:00,DASHUSDT,B,0.02967,4.63
2026-04-13T06:30:00+00:00,TACUSDT,A,-0.02452,3.26
2026-04-13T07:30:00+00:00,USUSDT,B,0.00479,8.26
2026-04-13T07:45:00+00:00,TRXUSDT,B,0.00171,6.18
2026-04-13T08:00:00+00:00,CRVUSDT,B,0.00483,4.21
2026-04-13T08:00:00+00:00,ORDIUSDT,A,-0.00995,6.64
2026-04-13T08:30:00+00:00,EVAAUSDT,B,0.00545,4.42
2026-04-13T09:00:00+00:00,LABUSDT,B,0.03132,3.13
2026-04-13T09:30:00+00:00,JTOUSDT,B,0.01456,5.35
2026-04-13T10:00:00+00:00,EVAAUSDT,A,-0.02031,6.05
2026-04-13T10:30:00+00:00,TACUSDT,A,-0.03207,2.87
2026-04-13T11:15:00+00:00,ALLOUSDT,A,-0.02013,9.96
2026-04-13T12:00:00+00:00,AMZNUSDT,B,0.00093,3.27
2026-04-13T12:45:00+00:00,ADAUSDT,B,0.01048,3.84
2026-04-13T12:45:00+00:00,ENAUSDT,B,0.01332,3.86
2026-04-13T13:00:00+00:00,VIRTUALUSDT,B,0.00911,3.41
2026-04-13T13:30:00+00:00,AMZNUSDT,A,-0.00513,16.65
2026-04-13T13:30:00+00:00,COINUSDT,B,0.01081,5.77
2026-04-13T13:30:00+00:00,CRCLUSDT,B,0.05095,6.99
2026-04-13T13:30:00+00:00,HOODUSDT,B,0.00147,6.75
2026-04-13T13:30:00+00:00,INTCUSDT,B,0.03135,13.23
2026-04-13T13:30:00+00:00,MSTRUSDT,A,-0.0056,5.08
2026-04-13T13:45:00+00:00,1000SHIBUSDT,B,0.00519,3.42
2026-04-13T13:45:00+00:00,AAVEUSDT,B,0.01012,3.94
2026-04-13T13:45:00+00:00,AVAXUSDT,B,0.01368,3.62
2026-04-13T13:45:00+00:00,INTCUSDT,A,-0.00623,6.33
2026-04-13T13:45:00+00:00,MORPHOUSDT,A,-0.01193,6.04
2026-04-13T13:45:00+00:00,MSTRUSDT,B,0.02794,8.17
2026-04-13T13:45:00+00:00,NEARUSDT,B,0.00431,3.04
2026-04-13T13:45:00+00:00,PENGUUSDT,B,0.02033,3.32
2026-04-13T13:45:00+00:00,PLTRUSDT,B,0.01454,11.56
2026-04-13T13:45:00+00:00,PUMPUSDT,B,0.01609,4.5
2026-04-13T13:45:00+00:00,SUIUSDT,B,0.01614,3.3
2026-04-13T13:45:00+00:00,TSLAUSDT,B,0.01235,9.57
2026-04-13T13:45:00+00:00,VVVUSDT,B,0.02495,3.4
2026-04-13T13:45:00+00:00,WLDUSDT,B,0.0286,4.53
2026-04-13T14:00:00+00:00,CRCLUSDT,A,-0.00908,4.84
2026-04-13T14:00:00+00:00,TSLAUSDT,A,-0.00458,6.22
2026-04-13T14:00:00+00:00,VVVUSDT,A,-0.01206,4.33
2026-04-13T14:00:00+00:00,WLDUSDT,A,-0.0147,3.63
2026-04-13T14:30:00+00:00,VELVETUSDT,B,0.01781,7.04
2026-04-13T15:00:00+00:00,PLTRUSDT,A,-0.00702,5.07
2026-04-13T15:30:00+00:00,ENAUSDT,A,-0.00883,4.56
2026-04-13T15:45:00+00:00,CRVUSDT,B,0.00476,5.01
2026-04-13T16:00:00+00:00,LDOUSDT,B,0.03028,10.67
2026-04-13T16:15:00+00:00,LDOUSDT,A,-0.00813,5.39
2026-04-13T17:15:00+00:00,ORDIUSDT,B,0.01986,6.61
2026-04-13T18:30:00+00:00,ENAUSDT,B,0.01606,3.08
2026-04-13T19:30:00+00:00,1000BONKUSDT,B,0.00818,3.3
2026-04-13T19:30:00+00:00,DOTUSDT,B,0.00673,3.23
2026-04-13T19:30:00+00:00,PENGUUSDT,B,0.00698,3.09
2026-04-13T20:15:00+00:00,ORDIUSDT,A,-0.01633,8.19
2026-04-13T20:45:00+00:00,EVAAUSDT,B,0.05038,11.62
2026-04-13T21:30:00+00:00,PENDLEUSDT,B,0.00764,3.24
2026-04-13T22:00:00+00:00,AAVEUSDT,B,0.01914,5.4
2026-04-13T22:00:00+00:00,HOMEUSDT,B,0.01382,3.19
2026-04-13T22:15:00+00:00,1000PEPEUSDT,B,0.01731,3.29
2026-04-13T22:15:00+00:00,1000SHIBUSDT,B,0.00594,6.67
2026-04-13T22:15:00+00:00,ADAUSDT,B,0.01736,5.64
2026-04-13T22:15:00+00:00,AVAXUSDT,B,0.01009,4.96
2026-04-13T22:15:00+00:00,BNBUSDT,B,0.00367,3.45
2026-04-13T22:15:00+00:00,CRVUSDT,B,0.00922,3.62
2026-04-13T22:15:00+00:00,INJUSDT,B,0.00831,3.67
2026-04-13T22:15:00+00:00,LINKUSDT,B,0.01469,5.74
2026-04-13T22:15:00+00:00,LTCUSDT,B,0.00892,3.84
2026-04-13T22:15:00+00:00,NEARUSDT,B,0.00143,4.45
2026-04-13T22:15:00+00:00,OPUSDT,B,0.01858,3.04
2026-04-13T22:15:00+00:00,PUMPUSDT,B,0.01395,3.06
2026-04-13T22:15:00+00:00,SUIUSDT,B,0.01983,5.76
2026-04-13T22:15:00+00:00,TIAUSDT,B,0.01634,5.42
2026-04-13T22:15:00+00:00,UNIUSDT,B,0.01616,3.32
2026-04-13T22:15:00+00:00,VIRTUALUSDT,B,0.0141,3.61
2026-04-13T22:15:00+00:00,WIFUSDT,B,0.0238,5.06
2026-04-13T22:45:00+00:00,ORDIUSDT,B,0.00591,4.31
2026-04-13T23:00:00+00:00,ENAUSDT,B,0.00141,5.41
2026-04-13T23:00:00+00:00,JUPUSDT,B,0.00236,3.6
2026-04-13T23:30:00+00:00,LDOUSDT,B,0.0122,3.84
2026-04-13T23:45:00+00:00,EVAAUSDT,A,-0.03259,30.82
2026-04-14T00:00:00+00:00,1000BONKUSDT,A,-0.00605,6.3
2026-04-14T00:15:00+00:00,AAVEUSDT,A,-0.01334,4.59
2026-04-14T00:15:00+00:00,LDOUSDT,A,-0.01975,3.05
2026-04-14T00:45:00+00:00,ORDIUSDT,A,-0.02736,5.34
2026-04-14T01:00:00+00:00,EVAAUSDT,B,0.00885,15.87
2026-04-14T02:30:00+00:00,AKEUSDT,B,0.12562,9.22
2026-04-14T02:30:00+00:00,LABUSDT,B,0.10277,6.03
2026-04-14T03:30:00+00:00,ZBTUSDT,B,0.09772,8.24
2026-04-14T03:45:00+00:00,LABUSDT,A,-0.07352,4.62
2026-04-14T03:45:00+00:00,ZBTUSDT,A,-0.03095,4.6
2026-04-14T04:30:00+00:00,LDOUSDT,B,0.00414,4.43
2026-04-14T05:00:00+00:00,LDOUSDT,A,-0.01926,6.1
2026-04-14T06:15:00+00:00,ALLOUSDT,B,0.01857,4.3
2026-04-14T06:15:00+00:00,EVAAUSDT,A,-0.04735,4.5
2026-04-14T07:00:00+00:00,RIFUSDT,A,-0.00739,3.59
2026-04-14T09:30:00+00:00,TACUSDT,A,-0.04486,2.47
2026-04-14T09:45:00+00:00,EPICUSDT,B,0.02626,3.29
2026-04-14T10:00:00+00:00,ASTERUSDT,B,0.01877,5.01
2026-04-14T10:30:00+00:00,KAITOUSDT,A,-0.009,4.09
2026-04-14T10:30:00+00:00,UBUSDT,B,0.02172,3.32
2026-04-14T10:45:00+00:00,VVVUSDT,B,0.03604,8.29
2026-04-14T11:00:00+00:00,PENGUUSDT,B,0.00868,3.26
2026-04-14T12:00:00+00:00,ASTERUSDT,A,-0.00332,5.77
2026-04-14T12:00:00+00:00,EVAAUSDT,B,0.01014,3.59
2026-04-14T12:15:00+00:00,RIFUSDT,A,-0.00971,7.4
2026-04-14T12:30:00+00:00,MSTRUSDT,B,0.00213,3.38
2026-04-14T13:15:00+00:00,HOODUSDT,B,0.00468,3.04
2026-04-14T13:30:00+00:00,AMZNUSDT,B,0.01736,11.51
2026-04-14T13:30:00+00:00,COINUSDT,B,0.02781,13.19
2026-04-14T13:30:00+00:00,CRCLUSDT,B,0.03408,14.15
2026-04-14T13:30:00+00:00,INTCUSDT,A,-0.02301,13.55
2026-04-14T13:30:00+00:00,LDOUSDT,B,0.01473,4.1
2026-04-14T13:30:00+00:00,PLTRUSDT,B,0.01821,8.44
2026-04-14T13:30:00+00:00,PUMPUSDT,B,0.01644,3.14
2026-04-14T13:30:00+00:00,RIFUSDT,B,0.01968,3.27
2026-04-14T13:30:00+00:00,TSLAUSDT,B,0.0024,12.57
2026-04-14T13:45:00+00:00,INTCUSDT,B,0.00314,4.07
2026-04-14T13:45:00+00:00,TIAUSDT,B,0.00773,4.43
2026-04-14T14:15:00+00:00,LDOUSDT,A,-0.01179,3.88
2026-04-14T14:15:00+00:00,NEARUSDT,B,0.00072,3.88
2026-04-14T14:30:00+00:00,OPUSDT,B,0.00524,19.37
2026-04-14T15:00:00+00:00,CRVUSDT,A,-0.0137,8.08
2026-04-14T15:45:00+00:00,TRUMPUSDT,B,0.00826,7.48
2026-04-14T16:00:00+00:00,EPICUSDT,A,-0.0093,5.63
2026-04-14T16:45:00+00:00,AKEUSDT,A,-0.18634,10.7
2026-04-14T16:45:00+00:00,PUMPUSDT,A,-0.01742,5.61
2026-04-14T16:45:00+00:00,VVVUSDT,A,-0.02993,5.45
2026-04-14T17:00:00+00:00,LABUSDT,A,-0.10487,5.63
2026-04-14T17:00:00+00:00,RIFUSDT,A,-0.00865,6.81
2026-04-14T17:30:00+00:00,LABUSDT,B,0.06269,3.12
2026-04-14T17:30:00+00:00,RIFUSDT,B,0.00188,3.16
2026-04-14T18:30:00+00:00,INJUSDT,A,-0.00638,4.79
2026-04-14T18:45:00+00:00,1000SHIBUSDT,A,-0.00428,4.36
2026-04-14T18:45:00+00:00,PAXGUSDT,B,0.00209,4.72
2026-04-14T19:45:00+00:00,KAITOUSDT,A,-0.01976,4.52
2026-04-14T20:45:00+00:00,EPICUSDT,B,0.01897,10.4
2026-04-14T21:15:00+00:00,EPICUSDT,A,-0.02255,6.19
2026-04-15T00:00:00+00:00,AAVEUSDT,B,0.0028,3.13
2026-04-15T00:00:00+00:00,RIFUSDT,B,0.01885,3.01
2026-04-15T01:00:00+00:00,DEXEUSDT,B,0.05772,3.47
2026-04-15T01:45:00+00:00,EPICUSDT,B,0.00635,12.97
2026-04-15T03:30:00+00:00,RIFUSDT,A,-0.02961,6.56
2026-04-15T04:00:00+00:00,RIFUSDT,B,0.01769,5.92
2026-04-15T04:15:00+00:00,XLMUSDT,B,0.00445,4.02
2026-04-15T07:15:00+00:00,TRXUSDT,B,0.00102,3.14
2026-04-15T07:30:00+00:00,DEXEUSDT,A,-0.02264,4.13
2026-04-15T07:30:00+00:00,USUSDT,A,-0.04172,5.79
2026-04-15T08:00:00+00:00,RIFUSDT,B,0.02641,8.89
2026-04-15T08:30:00+00:00,DEXEUSDT,B,0.0074,3.77
2026-04-15T08:30:00+00:00,TIAUSDT,B,0.00096,3.37
2026-04-15T09:00:00+00:00,RIFUSDT,A,-0.00826,7.32
2026-04-15T10:00:00+00:00,ORDIUSDT,B,0.02136,11.69
2026-04-15T11:00:00+00:00,CHZUSDT,B,0.02086,3.31
2026-04-15T11:30:00+00:00,HOODUSDT,B,0.00689,3.21
2026-04-15T12:00:00+00:00,RIFUSDT,B,0.02015,4.75
2026-04-15T12:00:00+00:00,TRXUSDT,B,0.01371,7.25
2026-04-15T12:15:00+00:00,WLFIUSDT,B,0.05556,38.38
2026-04-15T12:30:00+00:00,PUMPUSDT,B,0.00864,3.09
2026-04-15T13:00:00+00:00,RIFUSDT,A,-0.0104,6.61
2026-04-15T13:00:00+00:00,WLFIUSDT,A,-0.02387,5.47
2026-04-15T13:15:00+00:00,HOODUSDT,A,-0.0152,5.65
2026-04-15T13:30:00+00:00,AMZNUSDT,A,-0.00698,5.45
2026-04-15T13:30:00+00:00,COINUSDT,A,-0.00997,5.45
2026-04-15T13:30:00+00:00,CRCLUSDT,A,-0.02112,5.24
2026-04-15T13:30:00+00:00,MSTRUSDT,A,-0.01931,4.53
2026-04-15T13:30:00+00:00,ORDIUSDT,A,-0.00732,11.63
2026-04-15T13:30:00+00:00,PLTRUSDT,B,0.00804,9.12
2026-04-15T13:30:00+00:00,TSLAUSDT,B,0.00098,7.55
2026-04-15T13:45:00+00:00,COINUSDT,B,0.02307,3.3
2026-04-15T13:45:00+00:00,CRVUSDT,B,0.0045,3.05
2026-04-15T13:45:00+00:00,INTCUSDT,B,0.01272,3.73
2026-04-15T13:45:00+00:00,MSTRUSDT,B,0.01407,4.93
2026-04-15T14:00:00+00:00,AAVEUSDT,B,0.02437,27.43
2026-04-15T14:15:00+00:00,LDOUSDT,B,0.018,3.4
2026-04-15T14:15:00+00:00,ORDIUSDT,B,0.01209,6.78
2026-04-15T14:15:00+00:00,PENGUUSDT,B,0.01664,3.08
2026-04-15T14:45:00+00:00,DEXEUSDT,B,0.04256,11.69
2026-04-15T14:45:00+00:00,INJUSDT,B,0.01338,4.98
2026-04-15T14:45:00+00:00,TRUMPUSDT,B,0.01289,3.41
2026-04-15T15:00:00+00:00,DEXEUSDT,A,-0.03369,7.81
2026-04-15T15:15:00+00:00,CHZUSDT,B,0.00273,4.55
2026-04-15T15:30:00+00:00,LDOUSDT,A,-0.00847,4.13
2026-04-15T16:00:00+00:00,APTUSDT,B,0.0113,3.73
2026-04-15T16:00:00+00:00,RIFUSDT,B,0.00426,4.63
2026-04-15T16:45:00+00:00,AAVEUSDT,A,-0.00818,8.49
2026-04-15T17:15:00+00:00,RIFUSDT,A,-0.03158,9.51
2026-04-15T17:30:00+00:00,CHZUSDT,A,-0.00596,5.11
2026-04-15T18:00:00+00:00,ORDIUSDT,A,-0.03239,27.9
2026-04-15T18:30:00+00:00,ORDIUSDT,B,0.00451,7.8
2026-04-15T19:30:00+00:00,AAVEUSDT,B,0.00084,3.35
2026-04-15T19:30:00+00:00,ADAUSDT,B,0.01299,4.39
2026-04-15T19:30:00+00:00,BNBUSDT,B,0.00655,3.33
2026-04-15T19:30:00+00:00,LDOUSDT,B,0.00807,3.11
2026-04-15T21:15:00+00:00,INJUSDT,B,0.01089,5.51
2026-04-15T22:00:00+00:00,INJUSDT,A,-0.00822,7.74
2026-04-15T22:00:00+00:00,KAITOUSDT,B,0.02844,5.67
2026-04-15T22:30:00+00:00,ORDIUSDT,A,-0.05933,27.7
2026-04-15T23:00:00+00:00,ORDIUSDT,B,0.0089,12.77
2026-04-16T00:00:00+00:00,EWYUSDT,B,0.0022,3.28
2026-04-16T00:00:00+00:00,HBARUSDT,A,-0.00597,3.68
2026-04-16T00:00:00+00:00,TRUMPUSDT,B,0.01499,3.44
2026-04-16T00:15:00+00:00,APTUSDT,A,-0.0062,5.11
2026-04-16T00:30:00+00:00,APTUSDT,B,0.00908,3.39
2026-04-16T00:30:00+00:00,CHZUSDT,B,0.00865,3.65
2026-04-16T00:45:00+00:00,TRUMPUSDT,A,-0.01261,4.31
2026-04-16T01:45:00+00:00,MORPHOUSDT,B,0.03568,19.81
2026-04-16T02:00:00+00:00,1000PEPEUSDT,B,0.01561,3.23
2026-04-16T02:00:00+00:00,TIAUSDT,B,0.01263,4.38
2026-04-16T02:15:00+00:00,AKEUSDT,B,0.08218,3.92
2026-04-16T02:15:00+00:00,PENGUUSDT,B,0.01719,3.37
2026-04-16T02:30:00+00:00,1000BONKUSDT,B,0.01519,4.23
2026-04-16T02:30:00+00:00,1000SHIBUSDT,B,0.00678,4.0
2026-04-16T02:30:00+00:00,FILUSDT,B,0.00865,3.37
2026-04-16T02:45:00+00:00,ORDIUSDT,A,-0.01769,33.66
2026-04-16T03:00:00+00:00,AKEUSDT,A,-0.17442,16.5
2026-04-16T03:00:00+00:00,ORDIUSDT,B,0.09052,51.65
2026-04-16T03:15:00+00:00,MORPHOUSDT,A,-0.0379,16.05
2026-04-16T04:00:00+00:00,EIGENUSDT,B,0.01751,5.83
2026-04-16T04:45:00+00:00,AAVEUSDT,A,-0.00864,4.44
2026-04-16T05:00:00+00:00,HEIUSDT,A,-0.01227,2.14
2026-04-16T05:15:00+00:00,OPUSDT,B,0.0066,3.48
2026-04-16T07:00:00+00:00,ORDIUSDT,B,0.05456,23.78
2026-04-16T07:30:00+00:00,TIAUSDT,B,0.00541,3.62
2026-04-16T07:45:00+00:00,OPUSDT,A,-0.00648,6.02
2026-04-16T08:00:00+00:00,ORDIUSDT,A,-0.02699,76.64
2026-04-16T08:30:00+00:00,AKEUSDT,A,-0.21117,5.98
2026-04-16T08:30:00+00:00,UBUSDT,B,0.00098,3.4
2026-04-16T09:15:00+00:00,PENDLEUSDT,B,0.01342,4.79
2026-04-16T09:30:00+00:00,AKEUSDT,B,0.05052,8.96
2026-04-16T10:15:00+00:00,1000PEPEUSDT,A,-0.00794,6.37
2026-04-16T11:00:00+00:00,ORDIUSDT,B,0.00727,47.84
2026-04-16T11:30:00+00:00,TIAUSDT,B,0.0017,3.62
2026-04-16T12:00:00+00:00,EPICUSDT,B,0.01208,3.48
2026-04-16T12:15:00+00:00,EIGENUSDT,B,0.01508,12.1
2026-04-16T12:45:00+00:00,1000BONKUSDT,B,0.00287,3.18
2026-04-16T13:00:00+00:00,ARBUSDT,B,0.02226,4.2
2026-04-16T13:00:00+00:00,CRVUSDT,B,0.0177,3.64
2026-04-16T13:00:00+00:00,INJUSDT,B,0.01096,6.02
2026-04-16T13:00:00+00:00,OPUSDT,B,0.0159,6.55
2026-04-16T13:15:00+00:00,AKEUSDT,A,-0.143,4.63
2026-04-16T13:15:00+00:00,FILUSDT,B,0.00401,3.98
2026-04-16T13:15:00+00:00,PENGUUSDT,B,0.00541,5.17
2026-04-16T13:15:00+00:00,UNIUSDT,B,0.0123,3.38
2026-04-16T13:15:00+00:00,USUSDT,A,-0.03316,6.1
2026-04-16T13:30:00+00:00,COINUSDT,A,-0.01247,8.32
2026-04-16T13:30:00+00:00,CRCLUSDT,A,-0.02638,6.38
2026-04-16T13:30:00+00:00,DOTUSDT,B,0.00619,3.1
2026-04-16T13:30:00+00:00,EIGENUSDT,A,-0.02364,5.33
2026-04-16T13:30:00+00:00,HOODUSDT,A,-0.01827,11.35
2026-04-16T13:30:00+00:00,INTCUSDT,B,0.02202,10.58
2026-04-16T13:30:00+00:00,LDOUSDT,B,0.00074,3.75
2026-04-16T13:30:00+00:00,MSTRUSDT,A,-0.00538,9.37
2026-04-16T13:30:00+00:00,ORDIUSDT,A,-0.03025,101.07
2026-04-16T13:30:00+00:00,TSLAUSDT,A,-0.01576,10.64
2026-04-16T13:45:00+00:00,1000BONKUSDT,A,-0.02175,8.38
2026-04-16T13:45:00+00:00,1000SHIBUSDT,A,-0.01516,8.17
2026-04-16T13:45:00+00:00,AAVEUSDT,A,-0.02953,11.9
2026-04-16T13:45:00+00:00,ADAUSDT,A,-0.01657,4.64
2026-04-16T13:45:00+00:00,APTUSDT,A,-0.01673,5.76
2026-04-16T13:45:00+00:00,ARBUSDT,A,-0.01124,4.87
2026-04-16T13:45:00+00:00,BNBUSDT,A,-0.00742,4.29
2026-04-16T13:45:00+00:00,CHZUSDT,A,-0.03068,7.43
2026-04-16T13:45:00+00:00,CRVUSDT,A,-0.0131,7.51
2026-04-16T13:45:00+00:00,DOTUSDT,A,-0.01,3.14
2026-04-16T13:45:00+00:00,ETCUSDT,A,-0.01458,3.8
2026-04-16T13:45:00+00:00,FILUSDT,A,-0.01396,6.01
2026-04-16T13:45:00+00:00,INJUSDT,A,-0.02479,11.68
2026-04-16T13:45:00+00:00,LDOUSDT,A,-0.00915,3.3
2026-04-16T13:45:00+00:00,LINKUSDT,A,-0.01492,5.67
2026-04-16T13:45:00+00:00,LTCUSDT,A,-0.01254,7.03
2026-04-16T13:45:00+00:00,ONDOUSDT,A,-0.0216,5.42
2026-04-16T13:45:00+00:00,OPUSDT,A,-0.01552,5.74
2026-04-16T13:45:00+00:00,PENDLEUSDT,A,-0.02314,6.65
2026-04-16T13:45:00+00:00,PENGUUSDT,A,-0.02884,7.84
2026-04-16T13:45:00+00:00,PUMPUSDT,A,-0.01837,5.14
2026-04-16T13:45:00+00:00,RENDERUSDT,A,-0.01968,7.66
2026-04-16T13:45:00+00:00,SUIUSDT,A,-0.02004,7.24
2026-04-16T13:45:00+00:00,TIAUSDT,A,-0.0097,18.71
2026-04-16T13:45:00+00:00,TRUMPUSDT,A,-0.01242,4.47
2026-04-16T13:45:00+00:00,UNIUSDT,A,-0.02107,4.62
2026-04-16T13:45:00+00:00,VIRTUALUSDT,A,-0.02197,5.9
2026-04-16T13:45:00+00:00,WIFUSDT,A,-0.01672,4.42
2026-04-16T13:45:00+00:00,WLDUSDT,A,-0.01653,4.57
2026-04-16T14:00:00+00:00,HOODUSDT,B,0.00758,7.95
2026-04-16T14:00:00+00:00,MSTRUSDT,B,0.0042,3.26
2026-04-16T14:00:00+00:00,PLTRUSDT,B,0.00506,3.87
2026-04-16T14:00:00+00:00,TSLAUSDT,B,0.00736,4.0
2026-04-16T14:15:00+00:00,MORPHOUSDT,B,0.01489,5.82
2026-04-16T14:30:00+00:00,AKEUSDT,B,0.22289,5.53
2026-04-16T14:45:00+00:00,BEATUSDT,B,0.03599,4.2
2026-04-16T15:15:00+00:00,ORDIUSDT,B,0.03396,66.89
2026-04-16T15:30:00+00:00,AAVEUSDT,B,0.022,6.5
2026-04-16T15:30:00+00:00,APTUSDT,B,0.02381,4.79
2026-04-16T15:30:00+00:00,ENAUSDT,B,0.02625,3.69
2026-04-16T15:30:00+00:00,PENDLEUSDT,B,0.02566,5.2
2026-04-16T15:30:00+00:00,PUMPUSDT,B,0.0177,4.39
2026-04-16T15:30:00+00:00,TIAUSDT,B,0.04286,16.02
2026-04-16T15:30:00+00:00,VIRTUALUSDT,B,0.01699,3.07
2026-04-16T15:45:00+00:00,EWYUSDT,B,0.00542,6.0
2026-04-16T15:45:00+00:00,XLMUSDT,B,0.01045,7.34
2026-04-16T16:00:00+00:00,1000PEPEUSDT,B,0.00396,4.1
2026-04-16T16:00:00+00:00,1000SHIBUSDT,B,0.00488,5.13
2026-04-16T16:00:00+00:00,ATOMUSDT,B,0.00792,4.25
2026-04-16T16:15:00+00:00,WIFUSDT,B,0.00231,3.33
2026-04-16T16:30:00+00:00,EIGENUSDT,B,0.00452,8.1
2026-04-16T17:45:00+00:00,ORDIUSDT,A,-0.0343,96.94
2026-04-16T17:45:00+00:00,RIFUSDT,B,0.03821,3.6
2026-04-16T18:30:00+00:00,1000BONKUSDT,B,0.01415,9.12
2026-04-16T18:30:00+00:00,EIGENUSDT,A,-0.01029,7.55
2026-04-16T18:30:00+00:00,LDOUSDT,B,0.01506,3.27
2026-04-16T18:30:00+00:00,PENGUUSDT,B,0.01346,3.54
2026-04-16T18:45:00+00:00,ADAUSDT,B,0.00466,4.91
2026-04-16T18:45:00+00:00,AVAXUSDT,B,0.0118,8.01
2026-04-16T18:45:00+00:00,BNBUSDT,B,0.00537,4.93
2026-04-16T18:45:00+00:00,CRVUSDT,B,0.00866,4.6
2026-04-16T18:45:00+00:00,ETCUSDT,B,0.01061,4.13
2026-04-16T18:45:00+00:00,LINKUSDT,B,0.01151,4.69
2026-04-16T18:45:00+00:00,NEARUSDT,B,0.00924,3.51
2026-04-16T18:45:00+00:00,OPUSDT,B,0.01479,9.79
2026-04-16T18:45:00+00:00,SUIUSDT,B,0.0079,5.83
2026-04-16T19:15:00+00:00,TRUMPUSDT,B,0.01572,5.35
2026-04-16T19:30:00+00:00,AAVEUSDT,B,0.01402,4.37
2026-04-16T19:30:00+00:00,ORDIUSDT,B,0.00555,50.66
2026-04-16T19:30:00+00:00,PENDLEUSDT,B,0.00759,5.7
2026-04-16T19:45:00+00:00,FETUSDT,B,0.00248,3.22
2026-04-16T19:45:00+00:00,MSTRUSDT,B,0.00873,3.69
2026-04-16T20:00:00+00:00,AEROUSDT,B,0.01758,3.46
2026-04-16T20:00:00+00:00,HBARUSDT,B,0.00352,3.04
2026-04-16T21:00:00+00:00,LDOUSDT,A,-0.0147,4.25
2026-04-16T21:15:00+00:00,AAVEUSDT,A,-0.01673,6.25
2026-04-16T22:15:00+00:00,TIAUSDT,B,0.01785,3.3
2026-04-16T22:30:00+00:00,WLDUSDT,B,0.01482,3.25
2026-04-16T23:30:00+00:00,BCHUSDT,B,0.00873,5.57
2026-04-16T23:30:00+00:00,ORDIUSDT,B,0.01365,47.0
2026-04-17T00:00:00+00:00,TIAUSDT,A,-0.01608,5.81
2026-04-17T00:15:00+00:00,TRUMPUSDT,B,0.00721,3.51
2026-04-17T01:15:00+00:00,ORDIUSDT,A,-0.07896,6.65
2026-04-17T01:30:00+00:00,ALLOUSDT,B,0.0159,7.79
2026-04-17T01:30:00+00:00,EIGENUSDT,B,0.00149,3.06
2026-04-17T02:15:00+00:00,ICPUSDT,A,-0.01218,3.84
2026-04-17T04:00:00+00:00,ORDIUSDT,B,0.01215,3.05
2026-04-17T04:15:00+00:00,UBUSDT,B,0.02061,3.82
2026-04-17T05:15:00+00:00,AEROUSDT,B,0.03613,6.17
2026-04-17T05:30:00+00:00,CRVUSDT,B,0.00441,3.57
2026-04-17T06:15:00+00:00,SYNUSDT,B,0.04591,4.94
2026-04-17T06:45:00+00:00,PENDLEUSDT,B,0.01873,3.31
2026-04-17T07:45:00+00:00,UBUSDT,A,-0.02842,7.08
2026-04-17T08:00:00+00:00,TIAUSDT,B,0.01523,5.96
2026-04-17T08:00:00+00:00,TRXUSDT,A,-0.00209,5.08
2026-04-17T08:15:00+00:00,EPICUSDT,B,0.04673,11.23
2026-04-17T08:15:00+00:00,TIAUSDT,A,-0.02396,8.36
2026-04-17T08:15:00+00:00,UBUSDT,B,0.00227,3.3
2026-04-17T08:45:00+00:00,EPICUSDT,A,-0.02689,9.7
2026-04-17T08:45:00+00:00,JUPUSDT,B,0.02025,9.53
2026-04-17T09:15:00+00:00,LDOUSDT,B,0.02028,3.72
2026-04-17T09:45:00+00:00,LITUSDT,B,0.02693,3.91
2026-04-17T10:00:00+00:00,APTUSDT,B,0.0003,5.85
2026-04-17T10:00:00+00:00,PENDLEUSDT,A,-0.01485,7.22
2026-04-17T10:00:00+00:00,PUMPUSDT,B,0.00199,4.7
2026-04-17T10:30:00+00:00,NEARUSDT,A,-0.02958,13.43
2026-04-17T11:00:00+00:00,EVAAUSDT,B,0.05297,3.35
2026-04-17T11:15:00+00:00,VANRYUSDT,B,0.00155,4.43
2026-04-17T11:15:00+00:00,VIRTUALUSDT,B,0.0113,4.63
2026-04-17T11:30:00+00:00,ALLOUSDT,B,0.0195,5.84
2026-04-17T11:30:00+00:00,ARBUSDT,B,0.00526,3.58
2026-04-17T12:00:00+00:00,LINKUSDT,B,0.00158,3.29
2026-04-17T12:00:00+00:00,PENDLEUSDT,B,0.01304,3.14
2026-04-17T12:30:00+00:00,UBUSDT,B,0.01375,8.86
2026-04-17T12:45:00+00:00,1000SHIBUSDT,B,0.00749,4.38
2026-04-17T12:45:00+00:00,CRVUSDT,B,0.01282,6.37
2026-04-17T12:45:00+00:00,EWYUSDT,B,0.02106,3.84
2026-04-17T12:45:00+00:00,PENGUUSDT,B,0.01759,6.59
2026-04-17T12:45:00+00:00,SEIUSDT,B,0.01443,3.16
2026-04-17T13:00:00+00:00,1000PEPEUSDT,B,0.01098,4.59
2026-04-17T13:00:00+00:00,ADAUSDT,B,0.01076,3.3
2026-04-17T13:00:00+00:00,BNBUSDT,B,0.00626,3.74
2026-04-17T13:00:00+00:00,DEXEUSDT,B,0.00871,4.78
2026-04-17T13:00:00+00:00,HBARUSDT,B,0.00945,3.0
2026-04-17T13:00:00+00:00,HOODUSDT,B,0.01884,3.9
2026-04-17T13:00:00+00:00,LTCUSDT,B,0.00725,3.42
2026-04-17T13:00:00+00:00,MSTRUSDT,B,0.01115,3.41
2026-04-17T13:00:00+00:00,ONDOUSDT,B,0.00629,3.81
2026-04-17T13:00:00+00:00,RENDERUSDT,B,0.01318,3.13
2026-04-17T13:15:00+00:00,1000BONKUSDT,B,0.00563,3.14
2026-04-17T13:15:00+00:00,AMZNUSDT,B,0.00118,4.14
2026-04-17T13:15:00+00:00,COINUSDT,A,-0.01137,4.66
2026-04-17T13:15:00+00:00,ENAUSDT,B,0.00401,3.16
2026-04-17T13:15:00+00:00,HOODUSDT,A,-0.01466,5.02
2026-04-17T13:15:00+00:00,INJUSDT,B,0.00495,3.47
2026-04-17T13:15:00+00:00,INTCUSDT,A,-0.0136,5.34
2026-04-17T13:15:00+00:00,PLTRUSDT,B,0.0054,5.48
2026-04-17T13:15:00+00:00,SUIUSDT,B,0.00686,4.12
2026-04-17T13:15:00+00:00,TRUMPUSDT,B,0.00229,3.21
2026-04-17T13:15:00+00:00,UNIUSDT,A,-0.00625,2.88
2026-04-17T13:15:00+00:00,WIFUSDT,B,0.0091,3.05
2026-04-17T13:30:00+00:00,AAVEUSDT,B,0.003,3.82
2026-04-17T13:30:00+00:00,AMZNUSDT,A,-0.00427,5.96
2026-04-17T13:30:00+00:00,COINUSDT,B,0.00497,9.62
2026-04-17T13:30:00+00:00,CRCLUSDT,A,-0.01088,8.59
2026-04-17T13:30:00+00:00,INTCUSDT,B,0.00319,9.72
2026-04-17T13:30:00+00:00,LDOUSDT,B,0.00816,4.18
2026-04-17T13:30:00+00:00,ORDIUSDT,A,-0.08902,5.47
2026-04-17T13:45:00+00:00,CRVUSDT,A,-0.00823,5.63
2026-04-17T13:45:00+00:00,SYNUSDT,B,0.01419,4.76
2026-04-17T13:45:00+00:00,WLFIUSDT,A,-0.00951,2.94
2026-04-17T14:00:00+00:00,ASTERUSDT,B,0.00173,4.45
2026-04-17T14:00:00+00:00,HOMEUSDT,A,-0.01908,4.5
2026-04-17T14:00:00+00:00,JUPUSDT,B,0.00212,3.33
2026-04-17T14:00:00+00:00,MORPHOUSDT,A,-0.00727,7.02
2026-04-17T14:00:00+00:00,PENDLEUSDT,A,-0.01063,13.48
2026-04-17T14:00:00+00:00,TSLAUSDT,B,0.00538,3.63
2026-04-17T14:15:00+00:00,MORPHOUSDT,B,0.03094,6.06
2026-04-17T14:30:00+00:00,BCHUSDT,B,0.00597,3.21
2026-04-17T14:30:00+00:00,TIAUSDT,B,0.00338,3.42
2026-04-17T15:00:00+00:00,AEROUSDT,B,0.00365,3.28
2026-04-17T15:00:00+00:00,GWEIUSDT,B,0.06466,3.47
2026-04-17T15:00:00+00:00,MSTRUSDT,A,-0.01768,7.68
2026-04-17T15:15:00+00:00,WLDUSDT,A,-0.02729,9.62
2026-04-17T15:30:00+00:00,TIAUSDT,A,-0.01992,4.56
2026-04-17T15:45:00+00:00,VIRTUALUSDT,B,0.00436,3.52
2026-04-17T16:15:00+00:00,PENDLEUSDT,B,0.00913,4.59
2026-04-17T16:30:00+00:00,AEROUSDT,A,-0.00953,6.26
2026-04-17T16:30:00+00:00,EIGENUSDT,B,0.01176,6.12
2026-04-17T16:30:00+00:00,ORDIUSDT,B,0.0215,3.16
2026-04-17T17:00:00+00:00,ONDOUSDT,A,-0.00894,4.91
2026-04-17T17:15:00+00:00,ENAUSDT,A,-0.01148,3.9
2026-04-17T17:45:00+00:00,ENAUSDT,B,0.02088,3.75
2026-04-17T17:45:00+00:00,LITUSDT,A,-0.01334,4.91
2026-04-17T18:00:00+00:00,PENDLEUSDT,A,-0.01424,4.24
2026-04-17T18:15:00+00:00,UBUSDT,B,0.009,5.71
2026-04-17T18:30:00+00:00,EVAAUSDT,A,-0.05383,4.0
2026-04-17T19:00:00+00:00,EVAAUSDT,B,0.09193,5.91
2026-04-17T19:15:00+00:00,TIAUSDT,B,0.00701,4.84
2026-04-17T19:15:00+00:00,TLMUSDT,B,0.13714,34.89
2026-04-17T19:30:00+00:00,TLMUSDT,A,-0.08731,60.23
2026-04-17T21:15:00+00:00,RENDERUSDT,B,0.00371,3.06
2026-04-17T22:00:00+00:00,EIGENUSDT,A,-0.01643,5.57
2026-04-17T22:00:00+00:00,ENAUSDT,B,0.00828,3.1
2026-04-17T22:30:00+00:00,PENDLEUSDT,B,0.01666,5.26
2026-04-17T22:45:00+00:00,PENDLEUSDT,A,-0.00894,5.42
2026-04-17T23:15:00+00:00,TIAUSDT,A,-0.01817,6.19
2026-04-17T23:30:00+00:00,UBUSDT,A,-0.02627,5.08
2026-04-17T23:30:00+00:00,XPLUSDT,A,-0.02016,1.35
2026-04-18T00:00:00+00:00,ORDIUSDT,A,-0.1574,6.14
2026-04-18T00:00:00+00:00,TIAUSDT,B,0.00373,3.18
2026-04-18T00:30:00+00:00,DEXEUSDT,B,0.03047,4.12
2026-04-18T00:30:00+00:00,GWEIUSDT,B,0.01996,5.37
2026-04-18T02:45:00+00:00,PENDLEUSDT,B,0.0103,6.47
2026-04-18T04:00:00+00:00,XLMUSDT,B,0.00229,3.92
2026-04-18T06:00:00+00:00,AKEUSDT,A,-0.12297,11.62
2026-04-18T06:00:00+00:00,UBUSDT,A,-0.02259,7.48
2026-04-18T06:30:00+00:00,TLMUSDT,B,0.00462,6.79
2026-04-18T07:30:00+00:00,TLMUSDT,A,-0.02673,6.02
2026-04-18T07:45:00+00:00,HEIUSDT,A,-0.00931,1.64
2026-04-18T07:45:00+00:00,VANRYUSDT,B,0.01106,13.25
2026-04-18T08:15:00+00:00,ASTERUSDT,A,-0.01386,3.46
2026-04-18T08:15:00+00:00,CRVUSDT,A,-0.01235,4.74
2026-04-18T08:15:00+00:00,DEXEUSDT,B,0.02461,8.01
2026-04-18T08:15:00+00:00,TRUMPUSDT,A,-0.00768,8.22
2026-04-18T08:30:00+00:00,TIAUSDT,A,-0.01186,4.86
2026-04-18T08:30:00+00:00,VANRYUSDT,A,-0.09854,71.57
2026-04-18T09:30:00+00:00,UBUSDT,B,0.00246,21.94
2026-04-18T10:00:00+00:00,FETUSDT,A,-0.01491,3.99
2026-04-18T10:00:00+00:00,VIRTUALUSDT,A,-0.01382,4.43
2026-04-18T10:00:00+00:00,WLDUSDT,A,-0.0145,3.61
2026-04-18T10:15:00+00:00,DEXEUSDT,A,-0.0342,5.96
2026-04-18T10:30:00+00:00,PENDLEUSDT,A,-0.02396,13.41
2026-04-18T10:30:00+00:00,TLMUSDT,B,0.03056,10.37
2026-04-18T10:45:00+00:00,EIGENUSDT,A,-0.01323,6.58
2026-04-18T11:00:00+00:00,PUMPUSDT,A,-0.014,3.83
2026-04-18T11:15:00+00:00,EPICUSDT,B,0.01496,3.05
2026-04-18T11:45:00+00:00,GWEIUSDT,B,0.01101,3.85
2026-04-18T11:45:00+00:00,TLMUSDT,A,-0.03345,10.9
2026-04-18T12:00:00+00:00,VANRYUSDT,B,0.00585,5.47
2026-04-18T13:00:00+00:00,HOMEUSDT,A,-0.00657,10.51
2026-04-18T13:15:00+00:00,HEIUSDT,A,-0.00877,22.43
2026-04-18T13:30:00+00:00,GWEIUSDT,A,-0.02748,11.06
2026-04-18T13:45:00+00:00,HOMEUSDT,B,0.0117,7.56
2026-04-18T15:15:00+00:00,UBUSDT,B,0.0067,6.84
2026-04-18T15:30:00+00:00,ALLOUSDT,B,0.00592,4.82
2026-04-18T15:45:00+00:00,GWEIUSDT,B,0.03508,3.63
2026-04-18T17:15:00+00:00,ESPORTSUSDT,B,0.17226,7.31
2026-04-18T17:30:00+00:00,AEROUSDT,A,-0.01826,4.25
2026-04-18T18:30:00+00:00,AAVEUSDT,A,-0.08448,79.24
2026-04-18T18:30:00+00:00,TLMUSDT,A,-0.02417,3.04
2026-04-18T18:45:00+00:00,AAVEUSDT,B,0.027,28.64
2026-04-18T19:45:00+00:00,GWEIUSDT,B,0.02393,4.67
2026-04-18T20:00:00+00:00,GWEIUSDT,A,-0.04425,7.9
2026-04-18T20:45:00+00:00,MORPHOUSDT,A,-0.01055,7.89
2026-04-18T22:30:00+00:00,AAVEUSDT,A,-0.01514,4.5
2026-04-18T22:30:00+00:00,OPUSDT,B,0.00238,5.91
2026-04-18T22:45:00+00:00,XMRUSDT,B,0.0002,3.13
2026-04-19T00:00:00+00:00,ZROUSDT,A,-0.013,3.8
2026-04-19T00:15:00+00:00,AAVEUSDT,B,0.00141,4.77
2026-04-19T01:45:00+00:00,DEXEUSDT,B,0.01703,6.0
2026-04-19T02:30:00+00:00,MORPHOUSDT,B,0.02919,3.09
2026-04-19T03:15:00+00:00,GWEIUSDT,B,0.07113,9.39
2026-04-19T03:30:00+00:00,GWEIUSDT,A,-0.03881,6.69
2026-04-19T04:00:00+00:00,ZROUSDT,B,0.00955,5.59
2026-04-19T04:30:00+00:00,AAVEUSDT,A,-0.0163,3.82
2026-04-19T05:45:00+00:00,DEXEUSDT,B,0.0074,3.0
2026-04-19T06:15:00+00:00,ZROUSDT,A,-0.01987,5.24
2026-04-19T07:00:00+00:00,BCHUSDT,A,-0.00722,7.04
2026-04-19T07:15:00+00:00,GWEIUSDT,B,0.02644,7.53
2026-04-19T07:15:00+00:00,ICPUSDT,A,-0.01218,6.11
2026-04-19T07:15:00+00:00,LTCUSDT,A,-0.00489,6.07
2026-04-19T07:15:00+00:00,PENDLEUSDT,B,0.00346,3.78
2026-04-19T07:45:00+00:00,UBUSDT,B,0.01816,12.14
2026-04-19T08:00:00+00:00,GWEIUSDT,A,-0.02392,19.41
2026-04-19T08:00:00+00:00,ZROUSDT,B,0.00893,3.83
2026-04-19T08:15:00+00:00,TRXUSDT,B,0.00279,3.21
2026-04-19T08:30:00+00:00,AAVEUSDT,A,-0.0166,2.56
2026-04-19T09:00:00+00:00,AAVEUSDT,B,0.00789,3.35
2026-04-19T09:00:00+00:00,ALLOUSDT,B,0.0121,3.79
2026-04-19T10:15:00+00:00,HOMEUSDT,A,-0.01303,5.15
2026-04-19T11:15:00+00:00,GWEIUSDT,B,0.01724,9.53
2026-04-19T11:15:00+00:00,TRXUSDT,A,-0.00382,6.03
2026-04-19T11:30:00+00:00,MORPHOUSDT,B,0.01609,3.58
2026-04-19T12:00:00+00:00,DEXEUSDT,B,0.01154,9.88
2026-04-19T12:00:00+00:00,ZROUSDT,A,-0.01361,5.39
2026-04-19T12:30:00+00:00,ZROUSDT,B,0.04342,10.98
2026-04-19T13:45:00+00:00,GWEIUSDT,A,-0.0265,6.47
2026-04-19T14:15:00+00:00,MORPHOUSDT,A,-0.02916,13.96
2026-04-19T14:30:00+00:00,1000BONKUSDT,B,0.00901,4.47
2026-04-19T14:45:00+00:00,DEXEUSDT,A,-0.03539,8.68
2026-04-19T14:45:00+00:00,HOMEUSDT,A,-0.00932,8.62
2026-04-19T15:00:00+00:00,HOMEUSDT,B,0.0086,3.52
2026-04-19T15:15:00+00:00,GWEIUSDT,B,0.03281,7.03
2026-04-19T15:45:00+00:00,1000SHIBUSDT,B,0.01082,3.26
2026-04-19T16:00:00+00:00,1000SHIBUSDT,A,-0.00708,4.35
2026-04-19T16:15:00+00:00,MORPHOUSDT,B,0.01645,3.78
2026-04-19T17:00:00+00:00,TRXUSDT,A,-0.00284,4.73
2026-04-19T19:15:00+00:00,AAVEUSDT,B,0.02082,9.33
2026-04-19T19:30:00+00:00,EPICUSDT,B,0.01299,6.34
2026-04-19T20:00:00+00:00,PENDLEUSDT,A,-0.01346,4.38
2026-04-19T22:00:00+00:00,DOTUSDT,A,-0.01271,2.51
2026-04-19T22:00:00+00:00,EIGENUSDT,B,0.00703,6.06
2026-04-19T22:00:00+00:00,ETCUSDT,A,-0.01023,4.57
2026-04-19T22:00:00+00:00,PAXGUSDT,B,0.00161,3.44
2026-04-19T23:00:00+00:00,TRXUSDT,A,-0.00252,4.76
2026-04-20T00:00:00+00:00,COINUSDT,A,-0.01441,5.07
2026-04-20T00:00:00+00:00,EWYUSDT,A,-0.02015,5.04
2026-04-20T00:00:00+00:00,HOODUSDT,A,-0.02702,5.82
2026-04-20T00:00:00+00:00,MSTRUSDT,A,-0.02395,9.84
2026-04-20T00:15:00+00:00,EVAAUSDT,B,0.0223,3.5
2026-04-20T00:30:00+00:00,VELVETUSDT,B,0.00955,3.04
2026-04-20T02:00:00+00:00,HOMEUSDT,B,0.00274,6.11
2026-04-20T02:45:00+00:00,VELVETUSDT,A,-0.04386,6.47
2026-04-20T03:00:00+00:00,PENDLEUSDT,B,0.01555,3.75
2026-04-20T03:15:00+00:00,AAVEUSDT,B,0.01755,4.78
2026-04-20T04:30:00+00:00,ORDIUSDT,B,0.04623,3.01
2026-04-20T05:30:00+00:00,ZROUSDT,A,-0.01338,2.29
2026-04-20T07:15:00+00:00,ALLOUSDT,B,0.00685,3.37
2026-04-20T07:15:00+00:00,EIGENUSDT,B,0.01824,6.26
2026-04-20T07:15:00+00:00,LINKUSDT,B,0.00857,3.18
2026-04-20T07:15:00+00:00,SUIUSDT,B,0.01086,3.05
2026-04-20T08:30:00+00:00,ZROUSDT,B,0.00408,3.73
2026-04-20T09:00:00+00:00,TACUSDT,B,0.03532,3.41
2026-04-20T09:30:00+00:00,ZROUSDT,A,-0.01094,2.41
2026-04-20T10:15:00+00:00,CHZUSDT,B,0.02694,6.02
2026-04-20T10:30:00+00:00,CHZUSDT,A,-0.01245,8.27
2026-04-20T11:00:00+00:00,DEXEUSDT,B,0.05022,6.53
2026-04-20T11:15:00+00:00,DEXEUSDT,A,-0.0438,5.94
2026-04-20T12:00:00+00:00,ALLOUSDT,A,-0.01712,17.49
2026-04-20T12:15:00+00:00,HOMEUSDT,B,0.01533,5.28
2026-04-20T12:30:00+00:00,ALLOUSDT,B,0.02905,3.13
2026-04-20T12:30:00+00:00,ATOMUSDT,B,0.00225,4.05
2026-04-20T13:00:00+00:00,EVAAUSDT,B,0.01468,5.8
2026-04-20T13:15:00+00:00,EVAAUSDT,A,-0.02758,4.81
2026-04-20T13:30:00+00:00,COINUSDT,B,0.0001,9.09
2026-04-20T13:30:00+00:00,CRCLUSDT,A,-0.018,13.91
2026-04-20T13:30:00+00:00,HOODUSDT,B,0.01551,7.03
2026-04-20T13:30:00+00:00,INTCUSDT,A,-0.02932,7.11
2026-04-20T13:30:00+00:00,MSTRUSDT,B,0.01522,8.29
2026-04-20T13:30:00+00:00,PLTRUSDT,B,0.00786,6.91
2026-04-20T13:30:00+00:00,TSLAUSDT,A,-0.01752,9.16
2026-04-20T13:45:00+00:00,TSLAUSDT,B,0.00053,3.93
2026-04-20T14:15:00+00:00,JTOUSDT,B,0.01274,4.01
2026-04-20T14:15:00+00:00,PENGUUSDT,B,0.01894,5.55
2026-04-20T14:30:00+00:00,PENDLEUSDT,B,0.00123,5.41
2026-04-20T14:45:00+00:00,EIGENUSDT,A,-0.01044,5.07
2026-04-20T14:45:00+00:00,PENGUUSDT,A,-0.01789,6.27
2026-04-20T15:00:00+00:00,AAVEUSDT,A,-0.01524,3.78
2026-04-20T15:00:00+00:00,GWEIUSDT,B,0.05535,3.43
2026-04-20T15:00:00+00:00,SYNUSDT,B,0.00975,3.62
2026-04-20T15:15:00+00:00,CHZUSDT,B,0.00856,3.31
2026-04-20T15:15:00+00:00,TRUMPUSDT,B,0.00632,3.12
2026-04-20T15:45:00+00:00,LTCUSDT,B,0.00255,3.18
2026-04-20T16:15:00+00:00,LDOUSDT,A,-0.02062,4.57
2026-04-20T16:30:00+00:00,ALLOUSDT,A,-0.02162,8.98
2026-04-20T16:30:00+00:00,DEXEUSDT,B,0.0329,6.09
2026-04-20T16:45:00+00:00,ALLOUSDT,B,0.0053,3.57
2026-04-20T17:45:00+00:00,HEIUSDT,B,0.07399,35.03
2026-04-20T18:00:00+00:00,HEIUSDT,A,-0.05549,13.66
2026-04-20T18:15:00+00:00,MSTRUSDT,B,0.00124,3.34
2026-04-20T20:00:00+00:00,AAVEUSDT,B,0.02913,4.93
2026-04-20T20:30:00+00:00,AMZNUSDT,B,0.02386,6.89
2026-04-20T20:30:00+00:00,OPUSDT,B,0.0016,5.96
2026-04-20T20:30:00+00:00,ZROUSDT,B,0.03415,3.75
2026-04-20T20:45:00+00:00,CHZUSDT,B,0.00724,3.23
2026-04-20T21:00:00+00:00,AAVEUSDT,A,-0.0149,2.97
2026-04-20T23:00:00+00:00,ZROUSDT,A,-0.01603,2.34
2026-04-21T00:00:00+00:00,DEXEUSDT,B,0.04203,4.42
2026-04-21T00:30:00+00:00,RIFUSDT,B,0.04219,7.05
2026-04-21T01:15:00+00:00,CHZUSDT,B,0.00428,3.74
2026-04-21T01:15:00+00:00,RIFUSDT,A,-0.07229,17.58
2026-04-21T01:45:00+00:00,ALLOUSDT,B,0.01676,6.18
2026-04-21T03:45:00+00:00,AAVEUSDT,B,0.00624,4.51
2026-04-21T04:00:00+00:00,ZROUSDT,B,0.01345,3.64
2026-04-21T05:30:00+00:00,ALLOUSDT,A,-0.02793,34.05
2026-04-21T05:45:00+00:00,ALLOUSDT,B,0.01655,11.74
2026-04-21T08:15:00+00:00,HOMEUSDT,B,0.03487,4.05
2026-04-21T09:00:00+00:00,EVAAUSDT,B,0.01638,4.31
2026-04-21T10:30:00+00:00,PENGUUSDT,B,0.00103,6.49
2026-04-21T10:30:00+00:00,XMRUSDT,B,0.0185,3.31
2026-04-21T10:45:00+00:00,XLMUSDT,B,0.00697,3.21
2026-04-21T11:00:00+00:00,BNBUSDT,A,-0.0065,3.68
2026-04-21T11:00:00+00:00,XLMUSDT,A,-0.00512,4.52
2026-04-21T11:15:00+00:00,TRUMPUSDT,B,0.0087,3.81
2026-04-21T11:30:00+00:00,AVAXUSDT,B,0.00074,3.96
2026-04-21T11:30:00+00:00,OPUSDT,B,0.00482,6.72
2026-04-21T11:45:00+00:00,OPUSDT,A,-0.01039,4.16
2026-04-21T12:00:00+00:00,ASTERUSDT,B,0.00263,3.83
2026-04-21T12:00:00+00:00,CHZUSDT,B,0.00209,4.8
2026-04-21T12:00:00+00:00,XMRUSDT,A,-0.01047,4.22
2026-04-21T12:15:00+00:00,DEXEUSDT,A,-0.02228,4.56
2026-04-21T12:30:00+00:00,LINKUSDT,A,-0.00848,3.5
2026-04-21T12:30:00+00:00,NEARUSDT,A,-0.0144,3.89
2026-04-21T13:00:00+00:00,ATOMUSDT,A,-0.01107,41.02
2026-04-21T13:00:00+00:00,EVAAUSDT,B,0.00536,5.12
2026-04-21T13:15:00+00:00,ATOMUSDT,B,0.00448,3.33
2026-04-21T13:30:00+00:00,COINUSDT,A,-0.01357,6.57
2026-04-21T13:30:00+00:00,CRCLUSDT,A,-0.01097,4.69
2026-04-21T13:30:00+00:00,EVAAUSDT,A,-0.07254,8.46
2026-04-21T13:30:00+00:00,HOODUSDT,A,-0.01405,7.25
2026-04-21T13:30:00+00:00,PLTRUSDT,B,0.00136,6.12
2026-04-21T13:45:00+00:00,MSTRUSDT,B,0.00235,3.01
2026-04-21T13:45:00+00:00,TSLAUSDT,B,0.00173,3.43
2026-04-21T14:00:00+00:00,DEXEUSDT,B,0.03496,6.39
2026-04-21T14:15:00+00:00,TACUSDT,A,-0.0098,4.12
2026-04-21T14:30:00+00:00,MORPHOUSDT,B,0.01545,3.98
2026-04-21T15:00:00+00:00,ALLOUSDT,B,0.01998,17.65
2026-04-21T15:00:00+00:00,EWYUSDT,B,0.002,3.18
2026-04-21T15:00:00+00:00,GWEIUSDT,B,0.00946,5.45
2026-04-21T15:45:00+00:00,LDOUSDT,B,0.0164,3.8
2026-04-21T16:00:00+00:00,CHZUSDT,A,-0.01256,6.44
2026-04-21T16:00:00+00:00,LDOUSDT,A,-0.01286,4.27
2026-04-21T17:00:00+00:00,EWYUSDT,A,-0.0073,4.35
2026-04-21T17:15:00+00:00,ATOMUSDT,A,-0.00551,5.52
2026-04-21T17:15:00+00:00,WIFUSDT,A,-0.01677,4.21
2026-04-21T17:30:00+00:00,PENGUUSDT,B,0.01633,3.1
2026-04-21T17:45:00+00:00,TACUSDT,B,0.01504,3.34
2026-04-21T18:15:00+00:00,XMRUSDT,B,0.00926,3.02
2026-04-21T19:30:00+00:00,FARTCOINUSDT,A,-0.04518,2.04
2026-04-21T19:30:00+00:00,XMRUSDT,A,-0.02057,2.64
2026-04-21T19:45:00+00:00,ETHFIUSDT,B,0.01095,5.8
2026-04-21T20:00:00+00:00,MSTRUSDT,B,0.0114,3.45
2026-04-21T20:00:00+00:00,PENDLEUSDT,B,0.00266,5.72
2026-04-21T20:00:00+00:00,XLMUSDT,B,0.00948,3.72
2026-04-21T20:30:00+00:00,TRXUSDT,B,0.00087,4.17
2026-04-21T21:00:00+00:00,ALLOUSDT,B,0.0158,3.41
2026-04-21T21:15:00+00:00,BEATUSDT,A,-0.02918,4.41
2026-04-21T21:30:00+00:00,DEXEUSDT,B,0.01107,3.03
2026-04-22T00:30:00+00:00,GWEIUSDT,B,0.0146,3.72
2026-04-22T02:00:00+00:00,HOMEUSDT,B,0.00977,3.42
2026-04-22T02:15:00+00:00,VIRTUALUSDT,B,0.01551,5.28
2026-04-22T02:30:00+00:00,TIAUSDT,B,0.00928,3.12
2026-04-22T02:45:00+00:00,TACUSDT,B,0.08139,12.75
2026-04-22T03:00:00+00:00,EVAAUSDT,B,0.04701,3.43
2026-04-22T03:00:00+00:00,ICPUSDT,B,0.0048,7.08
2026-04-22T03:00:00+00:00,SEIUSDT,B,0.00577,5.16
2026-04-22T05:15:00+00:00,ADAUSDT,B,0.00943,3.13
2026-04-22T05:15:00+00:00,BNBUSDT,B,0.00456,3.14
2026-04-22T05:15:00+00:00,CHZUSDT,B,0.00892,5.72
2026-04-22T05:15:00+00:00,DOTUSDT,B,0.00994,3.27
2026-04-22T05:15:00+00:00,LINKUSDT,B,0.00379,3.38
2026-04-22T05:15:00+00:00,PENDLEUSDT,B,0.01238,3.03
2026-04-22T05:15:00+00:00,PENGUUSDT,B,0.01274,4.39
2026-04-22T05:15:00+00:00,PUMPUSDT,B,0.01962,7.4
2026-04-22T05:15:00+00:00,TRUMPUSDT,B,0.00652,4.9
2026-04-22T05:30:00+00:00,BCHUSDT,B,0.01468,17.49
2026-04-22T05:30:00+00:00,SEIUSDT,A,-0.02296,8.58
2026-04-22T05:45:00+00:00,PUMPUSDT,A,-0.01195,5.93
2026-04-22T06:00:00+00:00,LDOUSDT,A,-0.02253,3.4
2026-04-22T07:15:00+00:00,BEATUSDT,B,0.09709,3.53
2026-04-22T07:45:00+00:00,TACUSDT,B,0.02833,4.32
2026-04-22T08:15:00+00:00,EIGENUSDT,B,0.01444,3.59
2026-04-22T09:00:00+00:00,SEIUSDT,B,0.00262,7.83
2026-04-22T09:15:00+00:00,TACUSDT,A,-0.01334,7.13
2026-04-22T10:00:00+00:00,PENGUUSDT,B,0.00557,8.04
2026-04-22T10:00:00+00:00,TRUMPUSDT,A,-0.00767,4.09
2026-04-22T10:15:00+00:00,HOMEUSDT,B,0.02097,6.07
2026-04-22T10:15:00+00:00,LTCUSDT,B,0.0052,6.28
2026-04-22T10:15:00+00:00,XMRUSDT,A,-0.00893,3.07
2026-04-22T10:45:00+00:00,APTUSDT,B,0.00997,4.03
2026-04-22T11:15:00+00:00,APTUSDT,A,-0.01846,5.92
2026-04-22T11:15:00+00:00,PENGUUSDT,A,-0.02073,20.91
2026-04-22T12:00:00+00:00,AEROUSDT,B,0.01217,3.59
2026-04-22T12:00:00+00:00,TACUSDT,B,0.00334,42.32
2026-04-22T12:30:00+00:00,DEXEUSDT,B,0.0333,3.19
2026-04-22T12:45:00+00:00,ASTERUSDT,B,0.00956,3.99
2026-04-22T13:30:00+00:00,BNBUSDT,B,0.00929,8.49
2026-04-22T13:30:00+00:00,COINUSDT,B,0.01879,6.36
2026-04-22T13:30:00+00:00,CRCLUSDT,B,0.03957,4.83
2026-04-22T13:30:00+00:00,INTCUSDT,A,-0.01309,6.51
2026-04-22T13:30:00+00:00,MSTRUSDT,B,0.02056,11.83
2026-04-22T13:30:00+00:00,PLTRUSDT,B,0.00607,6.18
2026-04-22T13:30:00+00:00,TSLAUSDT,B,0.00763,4.91
2026-04-22T13:45:00+00:00,DEXEUSDT,A,-0.06132,7.6
2026-04-22T14:00:00+00:00,PENGUUSDT,B,0.00266,3.57
2026-04-22T14:00:00+00:00,TRUMPUSDT,A,-0.00891,5.8
2026-04-22T14:00:00+00:00,XLMUSDT,B,0.00847,7.06
2026-04-22T14:15:00+00:00,MSTRUSDT,A,-0.00705,4.68
2026-04-22T14:15:00+00:00,SEIUSDT,B,0.00065,3.06
2026-04-22T14:15:00+00:00,TACUSDT,A,-0.01911,8.38
2026-04-22T14:15:00+00:00,TRXUSDT,A,-0.00551,7.3
2026-04-22T15:15:00+00:00,ALLOUSDT,B,0.01816,4.19
2026-04-22T15:30:00+00:00,HBARUSDT,B,0.01176,5.11
2026-04-22T15:45:00+00:00,PENGUUSDT,A,-0.01338,4.03
2026-04-22T15:45:00+00:00,UBUSDT,B,0.0251,5.24
2026-04-22T16:00:00+00:00,TACUSDT,B,0.00954,5.13
2026-04-22T16:15:00+00:00,SEIUSDT,A,-0.00773,5.77
2026-04-22T16:30:00+00:00,OPUSDT,B,0.00317,4.46
2026-04-22T16:45:00+00:00,UBUSDT,A,-0.02169,24.44
2026-04-22T17:15:00+00:00,MAGMAUSDT,B,0.18568,4.11
2026-04-22T17:30:00+00:00,XMRUSDT,B,0.00203,3.11
2026-04-22T17:45:00+00:00,ARBUSDT,B,0.00998,3.2
2026-04-22T18:00:00+00:00,HOMEUSDT,B,0.0037,4.66
2026-04-22T19:30:00+00:00,TRUMPUSDT,A,-0.00709,5.09
2026-04-22T20:00:00+00:00,TSLAUSDT,B,0.04593,10.04
2026-04-22T20:00:00+00:00,UBUSDT,B,0.06371,35.63
2026-04-22T20:45:00+00:00,CHZUSDT,B,0.02638,7.83
2026-04-22T22:00:00+00:00,UBUSDT,A,-0.06515,43.01
2026-04-22T23:45:00+00:00,TACUSDT,B,0.0043,3.04
2026-04-23T00:00:00+00:00,UBUSDT,B,0.00578,12.83
2026-04-23T00:00:00+00:00,WIFUSDT,A,-0.01266,3.84
2026-04-23T00:15:00+00:00,1000BONKUSDT,B,0.0067,4.01
2026-04-23T00:15:00+00:00,ADAUSDT,B,0.00647,3.22
2026-04-23T00:15:00+00:00,AEROUSDT,B,0.00595,3.21
2026-04-23T00:15:00+00:00,AVAXUSDT,B,0.00399,3.12
2026-04-23T00:15:00+00:00,BCHUSDT,B,0.00271,3.09
2026-04-23T00:15:00+00:00,CRVUSDT,B,0.00889,4.32
2026-04-23T00:15:00+00:00,EWYUSDT,B,0.00957,3.38
2026-04-23T00:15:00+00:00,FILUSDT,B,0.0076,4.31
2026-04-23T00:15:00+00:00,LTCUSDT,B,0.00289,3.51
2026-04-23T00:15:00+00:00,PENGUUSDT,B,0.01384,4.28
2026-04-23T00:15:00+00:00,TRUMPUSDT,B,0.00555,4.1
2026-04-23T00:15:00+00:00,VIRTUALUSDT,B,0.01036,3.51
2026-04-23T00:15:00+00:00,WIFUSDT,B,0.00962,3.61
2026-04-23T01:30:00+00:00,TACUSDT,A,-0.0186,2.91
2026-04-23T02:00:00+00:00,HOMEUSDT,A,-0.01235,18.72
2026-04-23T02:00:00+00:00,PENGUUSDT,A,-0.00975,4.08
2026-04-23T03:45:00+00:00,TACUSDT,B,0.01972,7.56
2026-04-23T04:00:00+00:00,VELVETUSDT,B,0.03195,7.14
2026-04-23T04:15:00+00:00,VELVETUSDT,A,-0.02688,10.7
2026-04-23T05:00:00+00:00,FILUSDT,B,0.00545,5.25
2026-04-23T05:00:00+00:00,PENGUUSDT,B,0.00552,4.46
2026-04-23T05:15:00+00:00,XLMUSDT,B,0.00906,4.91
2026-04-23T06:15:00+00:00,MAGMAUSDT,B,0.0285,3.56
2026-04-23T06:15:00+00:00,TRXUSDT,B,0.00024,3.57
2026-04-23T06:30:00+00:00,TACUSDT,A,-0.03945,8.57
2026-04-23T06:45:00+00:00,MAGMAUSDT,A,-0.07187,6.57
2026-04-23T07:45:00+00:00,TACUSDT,B,0.00073,3.26
2026-04-23T08:00:00+00:00,VELVETUSDT,B,0.02051,20.85
2026-04-23T09:00:00+00:00,PENGUUSDT,A,-0.01928,5.43
2026-04-23T09:00:00+00:00,VELVETUSDT,A,-0.01714,51.59
2026-04-23T10:30:00+00:00,UBUSDT,A,-0.08902,5.63
2026-04-23T10:45:00+00:00,TACUSDT,A,-0.01688,13.98
2026-04-23T11:15:00+00:00,UBUSDT,B,0.06933,4.25
2026-04-23T11:45:00+00:00,MSTRUSDT,B,0.0068,3.82
2026-04-23T11:45:00+00:00,TACUSDT,B,0.02122,4.26
2026-04-23T12:00:00+00:00,DEXEUSDT,B,0.02772,4.98
2026-04-23T12:15:00+00:00,VELVETUSDT,B,0.02234,11.35
2026-04-23T13:15:00+00:00,VELVETUSDT,A,-0.01879,7.57
2026-04-23T13:30:00+00:00,DEXEUSDT,A,-0.03065,19.48
2026-04-23T13:30:00+00:00,HOODUSDT,B,0.00484,6.0
2026-04-23T13:30:00+00:00,INTCUSDT,B,0.02344,8.75
2026-04-23T13:30:00+00:00,PENGUUSDT,B,0.00237,3.66
2026-04-23T13:30:00+00:00,PLTRUSDT,A,-0.00829,7.32
2026-04-23T13:30:00+00:00,TSLAUSDT,B,0.01117,11.78
2026-04-23T13:45:00+00:00,MSTRUSDT,A,-0.00749,6.26
2026-04-23T13:45:00+00:00,TSLAUSDT,A,-0.01887,6.25
2026-04-23T14:15:00+00:00,LITUSDT,B,0.0233,4.29
2026-04-23T14:30:00+00:00,UBUSDT,A,-0.06017,6.74
2026-04-23T14:45:00+00:00,AEROUSDT,B,0.02148,3.78
2026-04-23T16:00:00+00:00,JUPUSDT,B,0.00116,3.57
2026-04-23T16:00:00+00:00,KAITOUSDT,B,0.01399,4.1
2026-04-23T16:00:00+00:00,TACUSDT,B,0.00947,10.01
2026-04-23T16:30:00+00:00,HEIUSDT,B,0.00048,3.06
2026-04-23T16:30:00+00:00,TACUSDT,A,-0.02418,10.46
2026-04-23T17:30:00+00:00,AEROUSDT,A,-0.00931,6.49
2026-04-23T17:30:00+00:00,ASTERUSDT,A,-0.00835,4.62
2026-04-23T17:30:00+00:00,ATOMUSDT,A,-0.01222,3.58
2026-04-23T17:30:00+00:00,DOTUSDT,A,-0.00571,3.09
2026-04-23T17:30:00+00:00,EWYUSDT,A,-0.00898,4.25
2026-04-23T17:30:00+00:00,FILUSDT,A,-0.00872,4.09
2026-04-23T17:30:00+00:00,PENGUUSDT,A,-0.01772,7.66
2026-04-23T17:30:00+00:00,TRUMPUSDT,A,-0.0074,4.84
2026-04-23T17:30:00+00:00,WIFUSDT,A,-0.01723,4.88
2026-04-23T17:30:00+00:00,XLMUSDT,A,-0.00521,4.55
2026-04-23T17:45:00+00:00,1000BONKUSDT,B,0.00654,3.22
2026-04-23T17:45:00+00:00,APTUSDT,A,-0.00823,5.9
2026-04-23T17:45:00+00:00,COINUSDT,B,0.01372,3.77
2026-04-23T17:45:00+00:00,EWYUSDT,B,0.01457,8.1
2026-04-23T17:45:00+00:00,FILUSDT,B,0.0033,3.3
2026-04-23T17:45:00+00:00,HOODUSDT,B,0.01093,4.29
2026-04-23T17:45:00+00:00,LTCUSDT,B,0.00271,3.66
2026-04-23T17:45:00+00:00,MSTRUSDT,B,0.01017,4.31
2026-04-23T17:45:00+00:00,PENGUUSDT,B,0.01047,4.58
2026-04-23T17:45:00+00:00,TRUMPUSDT,B,0.00462,4.16
2026-04-23T17:45:00+00:00,XLMUSDT,B,0.00768,3.09
2026-04-23T18:30:00+00:00,LABUSDT,A,-0.03502,5.6
2026-04-23T20:00:00+00:00,INTCUSDT,B,0.13416,27.46
2026-04-23T20:00:00+00:00,TACUSDT,B,0.02339,3.83
2026-04-23T20:15:00+00:00,VELVETUSDT,B,0.00317,3.92
2026-04-23T20:15:00+00:00,VIRTUALUSDT,B,0.00364,6.67
2026-04-23T23:45:00+00:00,KAITOUSDT,B,0.00213,4.15
2026-04-24T00:00:00+00:00,AAVEUSDT,B,0.01517,6.15
2026-04-24T00:00:00+00:00,ALLOUSDT,A,-0.01061,4.75
2026-04-24T00:00:00+00:00,CHZUSDT,B,0.01931,3.5
2026-04-24T01:00:00+00:00,ALLOUSDT,B,0.02736,4.64
2026-04-24T01:15:00+00:00,LABUSDT,B,0.02439,3.34
2026-04-24T01:45:00+00:00,PENGUUSDT,B,0.02821,3.92
2026-04-24T02:00:00+00:00,HOMEUSDT,B,0.00488,6.64
2026-04-24T02:00:00+00:00,KAITOUSDT,A,-0.01253,4.91
2026-04-24T03:30:00+00:00,VELVETUSDT,B,0.04818,3.08
2026-04-24T05:15:00+00:00,LABUSDT,A,-0.02531,14.58
2026-04-24T06:00:00+00:00,LABUSDT,B,0.02893,18.86
2026-04-24T08:00:00+00:00,EVAAUSDT,B,0.0189,3.19
2026-04-24T09:00:00+00:00,PENGUUSDT,A,-0.01309,4.41
2026-04-24T09:30:00+00:00,EVAAUSDT,A,-0.03561,4.98
2026-04-24T10:00:00+00:00,INTCUSDT,B,0.00469,4.09
2026-04-24T10:00:00+00:00,LABUSDT,A,-0.07242,8.65
2026-04-24T10:15:00+00:00,LABUSDT,B,0.01564,6.63
2026-04-24T11:30:00+00:00,ALLOUSDT,A,-0.0224,4.79
2026-04-24T11:45:00+00:00,BSBUSDT,B,0.01677,6.09
2026-04-24T11:45:00+00:00,WLFIUSDT,A,-0.01436,4.96
2026-04-24T12:00:00+00:00,AMZNUSDT,B,0.0093,6.56
2026-04-24T12:30:00+00:00,ESPORTSUSDT,B,0.0995,4.02
2026-04-24T12:30:00+00:00,EVAAUSDT,B,0.01025,3.22
2026-04-24T13:30:00+00:00,EWYUSDT,B,0.00189,4.2
2026-04-24T13:30:00+00:00,MSTRUSDT,A,-0.00915,5.36
2026-04-24T13:30:00+00:00,TSLAUSDT,B,0.01531,3.15
2026-04-24T13:45:00+00:00,INTCUSDT,A,-0.02004,11.97
2026-04-24T14:00:00+00:00,INTCUSDT,B,0.0169,6.54
2026-04-24T15:00:00+00:00,BSBUSDT,A,-0.0601,3.55
2026-04-24T15:15:00+00:00,TRXUSDT,A,-0.00337,5.13
2026-04-24T15:45:00+00:00,MAGMAUSDT,B,0.06041,3.44
2026-04-24T16:15:00+00:00,ESPORTSUSDT,A,-0.02872,7.66
2026-04-24T16:15:00+00:00,TRXUSDT,B,9e-05,3.28
2026-04-24T16:30:00+00:00,ESPORTSUSDT,B,0.00944,9.01
2026-04-24T17:00:00+00:00,TRUMPUSDT,B,0.03175,39.64
2026-04-24T18:00:00+00:00,TRUMPUSDT,A,-0.03151,18.68
2026-04-24T18:00:00+00:00,ZBTUSDT,B,0.04231,5.95
2026-04-24T18:30:00+00:00,ZBTUSDT,A,-0.01649,4.72
2026-04-24T20:15:00+00:00,EPICUSDT,B,0.0032,3.36
2026-04-24T20:30:00+00:00,ESPORTSUSDT,B,0.01474,3.45
2026-04-24T20:30:00+00:00,HBARUSDT,B,0.008,3.1
2026-04-24T21:00:00+00:00,ESPORTSUSDT,A,-0.02017,5.54
2026-04-24T21:15:00+00:00,EVAAUSDT,A,-0.06343,4.21
2026-04-24T22:15:00+00:00,ZBTUSDT,B,0.0344,6.1
2026-04-24T22:30:00+00:00,HBARUSDT,A,-0.00644,4.05
2026-04-24T22:30:00+00:00,TRUMPUSDT,A,-0.00661,6.37
2026-04-24T22:45:00+00:00,ZBTUSDT,A,-0.03591,6.61
2026-04-25T00:00:00+00:00,ATOMUSDT,B,0.00503,4.87
2026-04-25T01:00:00+00:00,MAGMAUSDT,A,-0.18104,6.99
2026-04-25T01:15:00+00:00,MAGMAUSDT,B,0.01326,3.81
2026-04-25T02:45:00+00:00,EPICUSDT,B,0.0115,8.24
2026-04-25T03:30:00+00:00,ESPORTSUSDT,A,-0.09972,6.48
2026-04-25T03:45:00+00:00,ESPORTSUSDT,B,0.04719,4.84
2026-04-25T04:00:00+00:00,BSBUSDT,A,-0.07998,5.27
2026-04-25T04:15:00+00:00,BSBUSDT,B,0.01368,3.57
2026-04-25T08:45:00+00:00,OPUSDT,B,0.02005,11.75
2026-04-25T08:45:00+00:00,TRXUSDT,A,-0.00235,4.93
2026-04-25T09:00:00+00:00,OPUSDT,A,-0.00983,10.01
2026-04-25T09:15:00+00:00,SEIUSDT,B,0.00351,4.53
2026-04-25T10:30:00+00:00,ZBTUSDT,B,0.00257,3.85
2026-04-25T11:00:00+00:00,TRUMPUSDT,A,-0.01324,6.16
2026-04-25T11:00:00+00:00,ZBTUSDT,A,-0.03481,7.7
2026-04-25T13:00:00+00:00,TRUMPUSDT,B,0.03922,15.39
2026-04-25T13:45:00+00:00,BSBUSDT,B,0.07558,4.47
2026-04-25T14:00:00+00:00,INJUSDT,A,-0.00981,5.19
2026-04-25T15:15:00+00:00,HOMEUSDT,B,0.00129,3.05
2026-04-25T15:15:00+00:00,INJUSDT,B,0.0047,3.63
2026-04-25T16:00:00+00:00,ZBTUSDT,B,0.01457,4.1
2026-04-25T16:30:00+00:00,ASTERUSDT,A,-0.03932,34.93
2026-04-25T16:45:00+00:00,ASTERUSDT,B,0.01086,4.63
2026-04-25T17:00:00+00:00,BSBUSDT,A,-0.07961,12.67
2026-04-25T17:45:00+00:00,BSBUSDT,B,0.02568,4.12
2026-04-25T19:00:00+00:00,OPUSDT,B,0.0008,6.36
2026-04-25T19:15:00+00:00,LABUSDT,A,-0.14691,9.15
2026-04-25T19:30:00+00:00,LABUSDT,B,0.11119,6.1
2026-04-25T21:15:00+00:00,ZBTUSDT,B,0.02374,5.53
2026-04-25T21:30:00+00:00,ZBTUSDT,A,-0.026,6.22
2026-04-26T00:30:00+00:00,BSBUSDT,B,0.02355,3.56
2026-04-26T01:15:00+00:00,ZBTUSDT,B,0.02191,4.72
2026-04-26T01:30:00+00:00,ZBTUSDT,A,-0.06185,6.39
2026-04-26T02:15:00+00:00,BSBUSDT,A,-0.05773,6.32
2026-04-26T04:30:00+00:00,BSBUSDT,B,0.05944,3.3
2026-04-26T05:00:00+00:00,JTOUSDT,A,-0.00739,3.32
2026-04-26T05:15:00+00:00,ZBTUSDT,B,0.03565,6.86
2026-04-26T05:30:00+00:00,ZBTUSDT,A,-0.02864,5.93
2026-04-26T06:00:00+00:00,INJUSDT,B,0.00273,4.67
2026-04-26T06:30:00+00:00,XLMUSDT,B,0.00355,4.45
2026-04-26T07:15:00+00:00,BSBUSDT,A,-0.1248,16.31
2026-04-26T07:15:00+00:00,LDOUSDT,B,0.0222,4.86
2026-04-26T07:45:00+00:00,INJUSDT,A,-0.03223,33.56
2026-04-26T08:00:00+00:00,MORPHOUSDT,B,0.01452,5.58
2026-04-26T09:15:00+00:00,JTOUSDT,A,-0.00723,6.42
2026-04-26T09:30:00+00:00,ZBTUSDT,B,0.0136,8.33
2026-04-26T09:45:00+00:00,ZBTUSDT,A,-0.02491,8.72
2026-04-26T10:00:00+00:00,INJUSDT,B,0.00735,7.58
2026-04-26T10:30:00+00:00,BSBUSDT,B,0.02149,5.58
2026-04-26T10:30:00+00:00,PENGUUSDT,B,0.01328,3.46
2026-04-26T10:45:00+00:00,RENDERUSDT,A,-0.01303,13.05
2026-04-26T11:15:00+00:00,AEROUSDT,B,0.01714,11.12
2026-04-26T11:15:00+00:00,ONDOUSDT,B,0.01844,6.55
2026-04-26T11:30:00+00:00,SEIUSDT,B,0.00582,3.58
2026-04-26T12:15:00+00:00,AEROUSDT,A,-0.0248,10.21
2026-04-26T13:00:00+00:00,LDOUSDT,B,0.00559,17.2
2026-04-26T13:30:00+00:00,ZBTUSDT,B,0.05414,9.46
2026-04-26T13:45:00+00:00,LDOUSDT,A,-0.03469,10.09
2026-04-26T14:30:00+00:00,ETHFIUSDT,B,0.01643,6.01
2026-04-26T14:45:00+00:00,ZBTUSDT,A,-0.02484,15.74
2026-04-26T15:00:00+00:00,BSBUSDT,B,0.03527,5.64
2026-04-26T15:30:00+00:00,ETHFIUSDT,A,-0.01543,6.55
2026-04-26T15:30:00+00:00,XMRUSDT,B,0.02096,9.58
2026-04-26T16:15:00+00:00,GWEIUSDT,B,0.0362,3.03
2026-04-26T16:30:00+00:00,XMRUSDT,A,-0.00982,2.85
2026-04-26T17:15:00+00:00,LDOUSDT,B,0.03333,6.23
2026-04-26T17:15:00+00:00,LTCUSDT,B,0.00054,4.17
2026-04-26T17:15:00+00:00,SEIUSDT,B,0.00016,3.32
2026-04-26T17:30:00+00:00,ZBTUSDT,B,0.04984,38.85
2026-04-26T18:00:00+00:00,GWEIUSDT,A,-0.04538,4.05
2026-04-26T18:15:00+00:00,AVAXUSDT,B,0.00531,4.08
2026-04-26T18:15:00+00:00,MORPHOUSDT,B,0.01574,3.48
2026-04-26T18:15:00+00:00,PENGUUSDT,B,0.00424,3.28
2026-04-26T18:30:00+00:00,LDOUSDT,A,-0.02217,11.12
2026-04-26T19:00:00+00:00,ZBTUSDT,A,-0.04317,25.95
2026-04-26T19:15:00+00:00,INJUSDT,B,0.00054,3.31
2026-04-26T20:45:00+00:00,GWEIUSDT,B,0.00771,3.09
2026-04-26T20:45:00+00:00,INJUSDT,A,-0.01461,6.17
2026-04-26T21:30:00+00:00,ZBTUSDT,B,0.01124,14.59
2026-04-26T21:45:00+00:00,LDOUSDT,B,0.01994,3.88
2026-04-26T23:30:00+00:00,ZBTUSDT,A,-0.04044,15.2
2026-04-26T23:45:00+00:00,MORPHOUSDT,A,-0.00707,5.61
2026-04-27T00:00:00+00:00,GOOGLUSDT,B,0.00253,3.22
2026-04-27T00:00:00+00:00,NVDAUSDT,B,0.00568,3.02
2026-04-27T01:00:00+00:00,PENGUUSDT,B,0.014,4.07
2026-04-27T01:45:00+00:00,LTCUSDT,B,0.00426,4.18
2026-04-27T01:45:00+00:00,PUMPUSDT,B,0.01291,3.44
2026-04-27T02:00:00+00:00,JUPUSDT,B,0.00808,4.4
2026-04-27T02:00:00+00:00,PENGUUSDT,A,-0.01795,3.88
2026-04-27T02:15:00+00:00,ZBTUSDT,B,0.04259,3.54
2026-04-27T02:30:00+00:00,BSBUSDT,B,0.01242,3.81
2026-04-27T03:15:00+00:00,WIFUSDT,B,0.01274,4.42
2026-04-27T03:30:00+00:00,LDOUSDT,A,-0.01217,4.08
2026-04-27T03:45:00+00:00,BSBUSDT,A,-0.0852,5.76
2026-04-27T04:00:00+00:00,LDOUSDT,B,0.00446,4.52
2026-04-27T04:45:00+00:00,JUPUSDT,A,-0.00866,5.94
2026-04-27T05:00:00+00:00,PUMPUSDT,A,-0.0245,4.32
2026-04-27T05:15:00+00:00,1000BONKUSDT,A,-0.01655,4.53
2026-04-27T05:15:00+00:00,1000PEPEUSDT,A,-0.01699,5.57
2026-04-27T05:15:00+00:00,1000SHIBUSDT,A,-0.01159,5.1
2026-04-27T05:15:00+00:00,AAVEUSDT,A,-0.01257,3.01
2026-04-27T05:15:00+00:00,ADAUSDT,A,-0.00917,6.9
2026-04-27T05:15:00+00:00,ARBUSDT,A,-0.0162,5.02
2026-04-27T05:15:00+00:00,ATOMUSDT,A,-0.00863,3.16
2026-04-27T05:15:00+00:00,BNBUSDT,A,-0.00519,6.24
2026-04-27T05:15:00+00:00,ETCUSDT,A,-0.01331,4.7
2026-04-27T05:15:00+00:00,ETHFIUSDT,A,-0.01067,4.3
2026-04-27T05:15:00+00:00,FILUSDT,A,-0.01169,10.94
2026-04-27T05:15:00+00:00,INJUSDT,A,-0.01374,3.59
2026-04-27T05:15:00+00:00,LINKUSDT,A,-0.0091,5.41
2026-04-27T05:15:00+00:00,LTCUSDT,A,-0.01016,7.58
2026-04-27T05:15:00+00:00,ONDOUSDT,A,-0.01086,4.56
2026-04-27T05:15:00+00:00,OPUSDT,A,-0.0143,5.1
2026-04-27T05:15:00+00:00,SEIUSDT,A,-0.01591,4.6
2026-04-27T05:15:00+00:00,SUIUSDT,A,-0.01152,3.8
2026-04-27T05:15:00+00:00,UNIUSDT,A,-0.01063,3.03
2026-04-27T05:15:00+00:00,VIRTUALUSDT,A,-0.0166,6.79
2026-04-27T05:15:00+00:00,WLFIUSDT,A,-0.00536,2.53
2026-04-27T05:30:00+00:00,1000PEPEUSDT,B,0.0008,3.17
2026-04-27T05:30:00+00:00,PENGUUSDT,B,0.01963,10.35
2026-04-27T06:15:00+00:00,PENGUUSDT,A,-0.01557,4.62
2026-04-27T06:30:00+00:00,BSBUSDT,B,0.04219,3.85
2026-04-27T06:30:00+00:00,PENDLEUSDT,B,0.00808,5.56
2026-04-27T08:00:00+00:00,XLMUSDT,B,0.00591,7.73
2026-04-27T08:30:00+00:00,GOOGLUSDT,B,0.00113,6.4
2026-04-27T08:45:00+00:00,SEIUSDT,B,0.002,3.79
2026-04-27T09:15:00+00:00,CHZUSDT,B,0.03282,7.23
2026-04-27T09:15:00+00:00,TRXUSDT,A,-0.0017,4.09
2026-04-27T09:45:00+00:00,HOMEUSDT,B,0.00652,3.2
2026-04-27T10:00:00+00:00,JUPUSDT,A,-0.00577,7.23
2026-04-27T10:45:00+00:00,BSBUSDT,A,-0.06817,5.12
2026-04-27T11:30:00+00:00,BSBUSDT,B,0.08748,3.94
2026-04-27T11:30:00+00:00,VELVETUSDT,B,0.01582,3.72
2026-04-27T12:15:00+00:00,JUPUSDT,B,0.00367,4.24
2026-04-27T12:30:00+00:00,HBARUSDT,B,0.00187,4.6
2026-04-27T12:45:00+00:00,PENGUUSDT,B,0.00799,4.05
2026-04-27T12:45:00+00:00,TACUSDT,B,0.04411,3.77
2026-04-27T13:00:00+00:00,AMZNUSDT,B,0.00592,12.77
2026-04-27T13:30:00+00:00,COINUSDT,B,0.01269,6.34
2026-04-27T13:30:00+00:00,CRCLUSDT,B,0.00051,4.07
2026-04-27T13:30:00+00:00,HOODUSDT,B,0.00948,3.41
2026-04-27T13:30:00+00:00,INTCUSDT,B,0.01995,11.21
2026-04-27T13:30:00+00:00,METAUSDT,B,0.00949,6.76
2026-04-27T13:30:00+00:00,MSTRUSDT,B,0.00626,7.61
2026-04-27T13:30:00+00:00,NVDAUSDT,B,0.00071,11.01
2026-04-27T13:30:00+00:00,PLTRUSDT,B,0.02062,3.6
2026-04-27T13:45:00+00:00,GOOGLUSDT,B,0.00853,5.83
2026-04-27T14:00:00+00:00,AAVEUSDT,B,0.01925,4.51
2026-04-27T14:15:00+00:00,VELVETUSDT,A,-0.09587,18.13
2026-04-27T14:30:00+00:00,1000BONKUSDT,B,0.00768,3.11
2026-04-27T14:45:00+00:00,JUPUSDT,A,-0.0164,3.89
2026-04-27T14:45:00+00:00,PENGUUSDT,A,-0.01083,9.2
2026-04-27T15:15:00+00:00,1000BONKUSDT,A,-0.00934,5.93
2026-04-27T15:15:00+00:00,1000PEPEUSDT,A,-0.00738,5.32
2026-04-27T15:15:00+00:00,1000SHIBUSDT,A,-0.00638,4.18
2026-04-27T15:15:00+00:00,ADAUSDT,A,-0.0061,6.9
2026-04-27T15:15:00+00:00,AVAXUSDT,A,-0.00879,4.97
2026-04-27T15:15:00+00:00,BNBUSDT,A,-0.00487,7.01
2026-04-27T15:15:00+00:00,ENAUSDT,B,0.00227,3.21
2026-04-27T15:15:00+00:00,ETCUSDT,A,-0.00694,4.16
2026-04-27T15:15:00+00:00,FETUSDT,A,-0.0087,4.09
2026-04-27T15:15:00+00:00,FILUSDT,A,-0.01198,7.23
2026-04-27T15:15:00+00:00,HBARUSDT,A,-0.00818,6.79
2026-04-27T15:15:00+00:00,ICPUSDT,A,-0.00991,9.55
2026-04-27T15:15:00+00:00,LINKUSDT,A,-0.00573,5.39
2026-04-27T15:15:00+00:00,LTCUSDT,A,-0.00468,6.65
2026-04-27T15:15:00+00:00,NEARUSDT,A,-0.00807,4.61
2026-04-27T15:15:00+00:00,ONDOUSDT,A,-0.0084,10.17
2026-04-27T15:15:00+00:00,OPUSDT,A,-0.00662,4.51
2026-04-27T15:15:00+00:00,PUMPUSDT,A,-0.00857,7.09
2026-04-27T15:15:00+00:00,SUIUSDT,A,-0.0069,10.7
2026-04-27T15:15:00+00:00,TRUMPUSDT,A,-0.03314,12.7
2026-04-27T15:15:00+00:00,UNIUSDT,A,-0.01174,3.99
2026-04-27T15:15:00+00:00,VIRTUALUSDT,A,-0.01253,8.01
2026-04-27T15:15:00+00:00,WIFUSDT,A,-0.00798,9.14
2026-04-27T15:15:00+00:00,WLDUSDT,A,-0.01314,6.77
2026-04-27T15:15:00+00:00,WLFIUSDT,A,-0.00956,3.07
2026-04-27T15:15:00+00:00,XMRUSDT,A,-0.01358,4.1
2026-04-27T15:30:00+00:00,VELVETUSDT,B,0.033,7.97
2026-04-27T16:45:00+00:00,ZBTUSDT,B,0.04972,3.53
2026-04-27T17:00:00+00:00,PENGUUSDT,B,0.00404,4.26
2026-04-27T17:00:00+00:00,ZBTUSDT,A,-0.05283,5.86
2026-04-27T17:45:00+00:00,NVDAUSDT,B,0.00415,3.35
2026-04-27T18:45:00+00:00,PENGUUSDT,A,-0.01444,9.5
2026-04-27T21:30:00+00:00,PENGUUSDT,B,0.02643,3.93
2026-04-27T22:15:00+00:00,XLMUSDT,A,-0.00812,4.41
2026-04-27T22:45:00+00:00,XLMUSDT,B,0.00523,4.95
2026-04-27T23:30:00+00:00,JUPUSDT,A,-0.00972,3.78
2026-04-28T02:00:00+00:00,HOMEUSDT,A,-0.00607,4.96
2026-04-28T04:30:00+00:00,ZBTUSDT,B,0.02228,3.07
2026-04-28T05:00:00+00:00,APTUSDT,A,-0.00681,6.65
2026-04-28T06:00:00+00:00,ETCUSDT,B,0.0057,3.2
2026-04-28T06:00:00+00:00,PENGUUSDT,B,0.0001,6.73
2026-04-28T06:15:00+00:00,EPICUSDT,B,0.02772,4.83
2026-04-28T06:30:00+00:00,KITEUSDT,B,0.00828,3.15
2026-04-28T06:45:00+00:00,TACUSDT,B,0.00597,7.17
2026-04-28T07:00:00+00:00,TACUSDT,A,-0.02059,6.31
2026-04-28T07:15:00+00:00,TRUMPUSDT,A,-0.0096,3.22
2026-04-28T08:30:00+00:00,GOOGLUSDT,B,0.00271,3.13
2026-04-28T09:00:00+00:00,CHZUSDT,A,-0.01309,4.12
2026-04-28T09:00:00+00:00,METAUSDT,B,0.00335,4.16
2026-04-28T10:45:00+00:00,TACUSDT,B,0.02546,6.55
2026-04-28T12:45:00+00:00,ZBTUSDT,B,0.01333,4.5
2026-04-28T13:00:00+00:00,ZBTUSDT,A,-0.10937,9.0
2026-04-28T13:30:00+00:00,COINUSDT,B,0.01736,7.42
2026-04-28T13:30:00+00:00,CRCLUSDT,B,0.02279,5.21
2026-04-28T13:30:00+00:00,HOODUSDT,B,0.01373,3.03
2026-04-28T13:30:00+00:00,INTCUSDT,B,0.02005,9.17
2026-04-28T13:30:00+00:00,LITUSDT,B,0.01067,4.12
2026-04-28T13:30:00+00:00,METAUSDT,B,0.00133,8.27
2026-04-28T13:30:00+00:00,MSTRUSDT,B,0.00878,6.95
2026-04-28T13:30:00+00:00,NVDAUSDT,B,0.01073,22.39
2026-04-28T13:30:00+00:00,PENGUUSDT,B,0.0216,3.62
2026-04-28T13:30:00+00:00,PLTRUSDT,B,0.00211,6.02
2026-04-28T13:30:00+00:00,TSLAUSDT,B,0.00731,5.87
2026-04-28T13:30:00+00:00,UBUSDT,B,0.0214,3.27
2026-04-28T13:45:00+00:00,GOOGLUSDT,B,0.00118,3.32
2026-04-28T14:45:00+00:00,NVDAUSDT,A,-0.00309,6.83
2026-04-28T14:45:00+00:00,TACUSDT,A,-0.03267,5.65
2026-04-28T15:00:00+00:00,1000BONKUSDT,B,0.00502,5.48
2026-04-28T15:15:00+00:00,PENGUUSDT,A,-0.01427,8.43
2026-04-28T15:15:00+00:00,TACUSDT,B,0.03429,7.73
2026-04-28T15:30:00+00:00,NEARUSDT,A,-0.01187,4.07
2026-04-28T15:30:00+00:00,TIAUSDT,B,0.01966,5.66
2026-04-28T15:45:00+00:00,VIRTUALUSDT,B,0.01323,6.35
2026-04-28T16:15:00+00:00,DEXEUSDT,B,0.02856,4.05
2026-04-28T17:30:00+00:00,LITUSDT,B,0.01721,3.42
2026-04-28T19:45:00+00:00,LTCUSDT,B,0.00199,8.18
2026-04-28T20:00:00+00:00,HOODUSDT,A,-0.05871,22.48
2026-04-28T20:15:00+00:00,HOODUSDT,B,0.00298,4.1
2026-04-28T21:00:00+00:00,PUMPUSDT,B,0.03412,159.91
2026-04-28T21:15:00+00:00,PUMPUSDT,A,-0.00798,21.86
2026-04-28T22:00:00+00:00,PENGUUSDT,B,0.01518,5.03
2026-04-28T23:00:00+00:00,TACUSDT,B,0.03383,3.8
2026-04-29T00:00:00+00:00,ATOMUSDT,B,0.00564,3.22
2026-04-29T00:30:00+00:00,1000BONKUSDT,B,0.0053,3.62
2026-04-29T00:45:00+00:00,RIFUSDT,B,0.01499,4.34
2026-04-29T01:00:00+00:00,ASTERUSDT,B,0.01162,6.13
2026-04-29T01:00:00+00:00,LITUSDT,B,0.02424,11.24
2026-04-29T01:30:00+00:00,PUMPUSDT,A,-0.00846,1.76
2026-04-29T01:30:00+00:00,RIFUSDT,A,-0.02613,8.1
2026-04-29T02:30:00+00:00,TACUSDT,A,-0.02483,8.61
2026-04-29T03:00:00+00:00,AEROUSDT,B,0.01654,3.62
2026-04-29T03:00:00+00:00,TACUSDT,B,0.03253,5.75
2026-04-29T03:15:00+00:00,USUSDT,A,-0.01643,8.19
2026-04-29T03:30:00+00:00,USUSDT,B,0.02168,3.54
2026-04-29T03:45:00+00:00,XLMUSDT,B,0.00414,4.08
2026-04-29T04:00:00+00:00,AEROUSDT,A,-0.02162,6.33
2026-04-29T04:30:00+00:00,EPICUSDT,B,0.01981,3.33
2026-04-29T04:30:00+00:00,LINKUSDT,B,0.00601,3.16
2026-04-29T04:30:00+00:00,PENGUUSDT,B,0.00331,4.32
2026-04-29T04:45:00+00:00,BSBUSDT,B,0.05495,3.75
2026-04-29T06:00:00+00:00,EIGENUSDT,B,0.0113,5.9
2026-04-29T07:00:00+00:00,TACUSDT,B,0.00029,3.18
2026-04-29T07:30:00+00:00,1000SHIBUSDT,B,0.00695,5.82
2026-04-29T07:45:00+00:00,RIFUSDT,B,0.01337,4.78
2026-04-29T08:00:00+00:00,APTUSDT,A,-0.01049,8.5
2026-04-29T08:30:00+00:00,TRXUSDT,B,0.00332,6.76
2026-04-29T09:15:00+00:00,1000PEPEUSDT,B,0.00846,4.38
2026-04-29T09:15:00+00:00,TRXUSDT,A,-0.00254,3.7
2026-04-29T09:30:00+00:00,1000BONKUSDT,B,0.00613,4.09
2026-04-29T09:45:00+00:00,ADAUSDT,B,0.00797,4.26
2026-04-29T09:45:00+00:00,LTCUSDT,B,0.01977,18.49
2026-04-29T10:00:00+00:00,ARBUSDT,B,0.00687,3.15
2026-04-29T10:15:00+00:00,1000SHIBUSDT,A,-0.0107,8.86
2026-04-29T10:30:00+00:00,1000PEPEUSDT,A,-0.00723,4.58
2026-04-29T10:30:00+00:00,AEROUSDT,B,0.01954,4.07
2026-04-29T11:00:00+00:00,FILUSDT,B,0.01344,5.22
2026-04-29T11:15:00+00:00,TACUSDT,B,0.01692,7.28
2026-04-29T11:30:00+00:00,FILUSDT,A,-0.0061,4.2
2026-04-29T12:00:00+00:00,1000BONKUSDT,A,-0.01751,8.38
2026-04-29T12:00:00+00:00,EPICUSDT,B,0.00556,4.88
2026-04-29T12:00:00+00:00,TRUMPUSDT,A,-0.03518,6.77
2026-04-29T12:15:00+00:00,1000SHIBUSDT,B,0.00255,4.74
2026-04-29T12:15:00+00:00,PENGUUSDT,A,-0.02038,14.93
2026-04-29T12:15:00+00:00,WIFUSDT,B,0.00055,3.78
2026-04-29T12:30:00+00:00,PENGUUSDT,B,0.009,4.12
2026-04-29T13:00:00+00:00,ASTERUSDT,B,0.00074,4.29
2026-04-29T13:15:00+00:00,HOODUSDT,B,0.00472,3.89
2026-04-29T13:30:00+00:00,AMZNUSDT,B,0.01027,3.54
2026-04-29T13:30:00+00:00,COINUSDT,A,-0.03763,12.78
2026-04-29T13:30:00+00:00,GOOGLUSDT,B,0.00313,5.4
2026-04-29T13:30:00+00:00,INTCUSDT,B,0.01903,15.56
2026-04-29T13:30:00+00:00,LTCUSDT,A,-0.00691,4.42
2026-04-29T13:30:00+00:00,METAUSDT,A,-0.00699,4.24
2026-04-29T13:30:00+00:00,MSTRUSDT,A,-0.02214,7.13
2026-04-29T13:30:00+00:00,NVDAUSDT,A,-0.00785,12.19
2026-04-29T13:30:00+00:00,PLTRUSDT,A,-0.02595,7.49
2026-04-29T13:45:00+00:00,EPICUSDT,A,-0.01526,5.02
2026-04-29T13:45:00+00:00,SEIUSDT,B,0.0043,3.81
2026-04-29T14:00:00+00:00,NVDAUSDT,B,0.00118,3.17
2026-04-29T14:00:00+00:00,WLFIUSDT,A,-0.01547,5.85
2026-04-29T14:45:00+00:00,TACUSDT,A,-0.0758,44.6
2026-04-29T15:00:00+00:00,1000PEPEUSDT,A,-0.01026,4.87
2026-04-29T15:00:00+00:00,1000SHIBUSDT,A,-0.00889,4.47
2026-04-29T15:00:00+00:00,DEXEUSDT,B,0.05152,3.09
2026-04-29T15:00:00+00:00,PUMPUSDT,A,-0.02106,4.08
2026-04-29T15:00:00+00:00,RENDERUSDT,A,-0.01505,7.64
2026-04-29T15:15:00+00:00,BSBUSDT,A,-0.07799,8.54
2026-04-29T15:15:00+00:00,FILUSDT,B,0.00437,3.11
2026-04-29T15:15:00+00:00,TACUSDT,B,0.00929,25.7
2026-04-29T15:30:00+00:00,ASTERUSDT,A,-0.01095,4.36
2026-04-29T15:30:00+00:00,ENAUSDT,A,-0.01635,5.05
2026-04-29T15:30:00+00:00,FILUSDT,A,-0.01413,4.44
2026-04-29T16:00:00+00:00,LTCUSDT,B,0.00073,3.13
2026-04-29T16:30:00+00:00,BSBUSDT,B,0.01128,9.33
2026-04-29T16:30:00+00:00,ETCUSDT,A,-0.0041,4.21
2026-04-29T16:45:00+00:00,PENGUUSDT,A,-0.02867,9.12
2026-04-29T16:45:00+00:00,RIFUSDT,A,-0.0219,6.76
2026-04-29T17:00:00+00:00,AEROUSDT,B,0.01468,7.75
2026-04-29T17:00:00+00:00,PENGUUSDT,B,0.01168,3.78
2026-04-29T17:30:00+00:00,CHZUSDT,A,-0.022,7.86
2026-04-29T18:00:00+00:00,1000BONKUSDT,A,-0.02618,7.46
2026-04-29T18:00:00+00:00,ADAUSDT,A,-0.02165,11.71
2026-04-29T18:00:00+00:00,APTUSDT,A,-0.02738,6.48
2026-04-29T18:00:00+00:00,ARBUSDT,A,-0.03093,5.87
2026-04-29T18:00:00+00:00,ATOMUSDT,A,-0.01655,4.75
2026-04-29T18:00:00+00:00,AVAXUSDT,A,-0.02244,9.04
2026-04-29T18:00:00+00:00,BCHUSDT,A,-0.01266,3.94
2026-04-29T18:00:00+00:00,BNBUSDT,A,-0.01151,8.32
2026-04-29T18:00:00+00:00,DOTUSDT,A,-0.02465,7.3
2026-04-29T18:00:00+00:00,EIGENUSDT,A,-0.02536,5.38
2026-04-29T18:00:00+00:00,ETHFIUSDT,A,-0.0277,7.49
2026-04-29T18:00:00+00:00,FARTCOINUSDT,A,-0.03067,2.01
2026-04-29T18:00:00+00:00,FETUSDT,A,-0.02336,5.6
2026-04-29T18:00:00+00:00,HBARUSDT,A,-0.01554,4.03
2026-04-29T18:00:00+00:00,ICPUSDT,A,-0.02182,6.52
2026-04-29T18:00:00+00:00,JUPUSDT,A,-0.03044,6.69
2026-04-29T18:00:00+00:00,LINKUSDT,A,-0.01935,12.27
2026-04-29T18:00:00+00:00,LTCUSDT,A,-0.01495,9.64
2026-04-29T18:00:00+00:00,NEARUSDT,A,-0.01809,7.61
2026-04-29T18:00:00+00:00,ONDOUSDT,A,-0.02287,10.05
2026-04-29T18:00:00+00:00,OPUSDT,A,-0.03,7.56
2026-04-29T18:00:00+00:00,SEIUSDT,A,-0.01698,5.17
2026-04-29T18:00:00+00:00,SUIUSDT,A,-0.02135,11.24
2026-04-29T18:00:00+00:00,TIAUSDT,A,-0.02775,4.79
2026-04-29T18:00:00+00:00,TRUMPUSDT,A,-0.02024,4.94
2026-04-29T18:00:00+00:00,UNIUSDT,A,-0.02583,6.04
2026-04-29T18:00:00+00:00,VIRTUALUSDT,A,-0.027,7.48
2026-04-29T18:00:00+00:00,WIFUSDT,A,-0.02429,6.3
2026-04-29T18:00:00+00:00,WLDUSDT,A,-0.02874,7.38
2026-04-29T18:00:00+00:00,ZROUSDT,A,-0.02265,4.86
2026-04-29T18:15:00+00:00,METAUSDT,B,0.00167,3.24
2026-04-29T19:00:00+00:00,TACUSDT,A,-0.04844,7.39
2026-04-29T19:15:00+00:00,TACUSDT,B,0.00335,7.1
2026-04-29T20:00:00+00:00,AMZNUSDT,A,-0.03444,50.06
2026-04-29T20:00:00+00:00,GOOGLUSDT,B,0.01892,39.73
2026-04-29T20:00:00+00:00,LTCUSDT,B,0.00055,4.97
2026-04-29T20:00:00+00:00,METAUSDT,A,-0.06592,71.71
2026-04-29T20:15:00+00:00,AMZNUSDT,B,0.02844,18.57
2026-04-29T20:15:00+00:00,NVDAUSDT,B,0.00351,3.3
2026-04-29T21:15:00+00:00,LITUSDT,B,0.01376,3.4
2026-04-29T23:15:00+00:00,TACUSDT,B,0.00138,5.46
2026-04-30T00:15:00+00:00,EPICUSDT,A,-0.01522,6.04
2026-04-30T00:30:00+00:00,1000SHIBUSDT,B,0.00711,3.13
2026-04-30T00:30:00+00:00,PUMPUSDT,B,0.0241,3.96
2026-04-30T00:45:00+00:00,EPICUSDT,B,0.01064,6.26
2026-04-30T02:30:00+00:00,APTUSDT,A,-0.02187,6.06
2026-04-30T02:30:00+00:00,ICPUSDT,A,-0.0046,4.79
2026-04-30T02:30:00+00:00,VIRTUALUSDT,A,-0.01813,6.68
2026-04-30T03:00:00+00:00,WIFUSDT,B,0.00842,4.62
2026-04-30T03:15:00+00:00,ATOMUSDT,B,0.0021,4.65
2026-04-30T03:45:00+00:00,APTUSDT,B,0.00935,3.36
2026-04-30T07:00:00+00:00,BSBUSDT,B,0.02991,3.44
2026-04-30T07:15:00+00:00,BSBUSDT,A,-0.19432,5.07
2026-04-30T07:45:00+00:00,SEIUSDT,B,0.00331,4.15
2026-04-30T08:00:00+00:00,KAITOUSDT,B,0.01534,7.07
2026-04-30T08:00:00+00:00,METAUSDT,A,-0.00827,7.66
2026-04-30T08:45:00+00:00,KAITOUSDT,A,-0.01073,5.95
2026-04-30T09:00:00+00:00,DEXEUSDT,B,0.02442,3.51
2026-04-30T09:15:00+00:00,UBUSDT,B,0.04143,4.16
2026-04-30T09:30:00+00:00,UBUSDT,A,-0.08021,7.68
2026-04-30T09:45:00+00:00,TRXUSDT,B,0.00203,3.92
2026-04-30T10:30:00+00:00,MORPHOUSDT,B,0.00913,5.46
2026-04-30T10:30:00+00:00,PENDLEUSDT,B,0.02329,6.84
2026-04-30T11:30:00+00:00,KITEUSDT,B,0.03485,6.8
2026-04-30T11:45:00+00:00,OPUSDT,B,0.00329,4.57
2026-04-30T13:00:00+00:00,AKEUSDT,B,0.04456,3.26
2026-04-30T13:15:00+00:00,AMZNUSDT,B,0.0033,7.62
2026-04-30T13:15:00+00:00,UBUSDT,B,0.0621,4.2
2026-04-30T13:15:00+00:00,WIFUSDT,B,0.00165,3.81
2026-04-30T13:30:00+00:00,AMZNUSDT,A,-0.04307,30.71
2026-04-30T13:30:00+00:00,COINUSDT,B,0.01265,3.79
2026-04-30T13:30:00+00:00,CRCLUSDT,A,-0.0218,4.83
2026-04-30T13:30:00+00:00,GOOGLUSDT,A,-0.01012,25.05
2026-04-30T13:30:00+00:00,HOODUSDT,B,0.02654,5.46
2026-04-30T13:30:00+00:00,ICPUSDT,B,0.00958,3.44
2026-04-30T13:30:00+00:00,INTCUSDT,A,-0.01692,6.16
2026-04-30T13:30:00+00:00,METAUSDT,A,-0.01809,13.26
2026-04-30T13:30:00+00:00,MSTRUSDT,B,0.00352,4.49
2026-04-30T13:30:00+00:00,NVDAUSDT,A,-0.0147,18.76
2026-04-30T13:45:00+00:00,AKEUSDT,A,-0.03579,7.61
2026-04-30T14:00:00+00:00,GOOGLUSDT,B,0.00032,4.77
2026-04-30T14:15:00+00:00,APTUSDT,A,-0.00905,4.55
2026-04-30T14:30:00+00:00,NVDAUSDT,B,0.00045,10.11
2026-04-30T14:45:00+00:00,APTUSDT,B,0.01536,3.11
2026-04-30T15:45:00+00:00,TACUSDT,B,0.06601,4.55
2026-04-30T16:45:00+00:00,KITEUSDT,B,0.02177,4.51
2026-04-30T17:15:00+00:00,TACUSDT,A,-0.08166,5.86
2026-04-30T22:00:00+00:00,CRVUSDT,B,0.00518,3.8
2026-04-30T23:45:00+00:00,PENDLEUSDT,B,0.02282,23.97
2026-05-01T00:45:00+00:00,PENDLEUSDT,A,-0.02851,6.35
2026-05-01T01:00:00+00:00,ALLOUSDT,B,0.01193,3.13
2026-05-01T01:45:00+00:00,ALLOUSDT,A,-0.01615,5.46
2026-05-01T03:15:00+00:00,ADAUSDT,B,0.00769,3.81
2026-05-01T03:15:00+00:00,BNBUSDT,B,0.00473,3.13
2026-05-01T03:15:00+00:00,LINKUSDT,B,0.00482,3.2
2026-05-01T04:15:00+00:00,PENDLEUSDT,B,0.02527,15.73
2026-05-01T04:45:00+00:00,VVVUSDT,B,0.01384,3.31
2026-05-01T06:30:00+00:00,PENDLEUSDT,A,-0.01257,5.33
2026-05-01T07:30:00+00:00,INJUSDT,B,0.01073,3.09
2026-05-01T07:45:00+00:00,UBUSDT,B,0.06002,5.24
2026-05-01T08:45:00+00:00,PENDLEUSDT,B,0.00835,12.05
2026-05-01T09:00:00+00:00,TACUSDT,B,0.03277,4.04
2026-05-01T09:00:00+00:00,VIRTUALUSDT,B,0.00658,3.26
2026-05-01T09:45:00+00:00,WLFIUSDT,A,-0.022,3.71
2026-05-01T10:00:00+00:00,TRUMPUSDT,A,-0.00891,9.05
2026-05-01T10:30:00+00:00,PENDLEUSDT,A,-0.00954,6.62
2026-05-01T10:45:00+00:00,UBUSDT,A,-0.03369,59.86
2026-05-01T12:00:00+00:00,NATGASUSDT,B,0.00751,5.45
2026-05-01T12:00:00+00:00,UBUSDT,B,0.0341,9.95
2026-05-01T12:15:00+00:00,NATGASUSDT,A,-0.01313,10.64
2026-05-01T13:30:00+00:00,BCHUSDT,B,0.00594,3.71
2026-05-01T13:30:00+00:00,COINUSDT,A,-0.00595,5.23
2026-05-01T13:30:00+00:00,CRCLUSDT,B,0.01122,5.26
2026-05-01T13:30:00+00:00,EWYUSDT,B,0.01907,4.33
2026-05-01T13:30:00+00:00,INTCUSDT,B,0.03858,8.1
2026-05-01T13:30:00+00:00,MSTRUSDT,B,0.00392,8.7
2026-05-01T13:30:00+00:00,NVDAUSDT,B,0.00288,15.95
2026-05-01T13:30:00+00:00,PLTRUSDT,B,0.01263,5.24
2026-05-01T13:45:00+00:00,1000SHIBUSDT,B,0.0033,3.46
2026-05-01T13:45:00+00:00,AMZNUSDT,B,0.01801,3.06
2026-05-01T13:45:00+00:00,GOOGLUSDT,B,0.00741,3.5
2026-05-01T13:45:00+00:00,NVDAUSDT,A,-0.00682,10.32
2026-05-01T13:45:00+00:00,PENDLEUSDT,B,0.0135,3.63
2026-05-01T14:00:00+00:00,PAXGUSDT,B,0.00581,5.36
2026-05-01T14:15:00+00:00,DOTUSDT,B,0.00492,4.86
2026-05-01T14:30:00+00:00,DOTUSDT,A,-0.01142,4.66
2026-05-01T14:30:00+00:00,GOOGLUSDT,A,-0.00555,4.83
2026-05-01T14:30:00+00:00,PENDLEUSDT,A,-0.0316,17.62
2026-05-01T14:30:00+00:00,ZBTUSDT,B,0.09085,5.84
2026-05-01T15:15:00+00:00,WIFUSDT,B,0.01416,3.68
2026-05-01T15:30:00+00:00,ONDOUSDT,B,0.00666,4.0
2026-05-01T15:45:00+00:00,WIFUSDT,A,-0.00971,4.55
2026-05-01T16:30:00+00:00,UBUSDT,B,0.02148,12.32
2026-05-01T16:45:00+00:00,UBUSDT,A,-0.03572,13.86
2026-05-01T17:00:00+00:00,OPUSDT,B,0.00246,3.35
2026-05-01T17:45:00+00:00,PENDLEUSDT,B,0.00439,4.37
2026-05-01T18:00:00+00:00,NATGASUSDT,B,0.00361,3.14
2026-05-01T18:15:00+00:00,MSTRUSDT,B,0.00771,3.5
2026-05-01T19:30:00+00:00,ATOMUSDT,A,-0.00367,4.43
2026-05-01T19:30:00+00:00,LABUSDT,B,0.01461,4.5
2026-05-01T19:30:00+00:00,PENDLEUSDT,A,-0.01253,7.79
2026-05-01T20:45:00+00:00,UBUSDT,B,0.09744,17.45
2026-05-01T21:00:00+00:00,LABUSDT,A,-0.03184,6.32
2026-05-01T21:00:00+00:00,WLDUSDT,A,-0.00591,3.69
2026-05-01T21:45:00+00:00,UBUSDT,A,-0.0466,11.52
2026-05-01T22:15:00+00:00,PENDLEUSDT,B,0.00343,3.77
2026-05-01T23:30:00+00:00,LABUSDT,B,0.0509,13.58
2026-05-02T01:30:00+00:00,LABUSDT,A,-0.1039,21.75
2026-05-02T02:45:00+00:00,TRUMPUSDT,A,-0.01737,5.42
2026-05-02T03:00:00+00:00,WLDUSDT,A,-0.00642,3.56
2026-05-02T03:30:00+00:00,LABUSDT,B,0.04552,12.03
2026-05-02T04:00:00+00:00,USUSDT,B,0.07119,3.36
2026-05-02T04:15:00+00:00,USUSDT,A,-0.02577,4.17
2026-05-02T04:30:00+00:00,TRXUSDT,B,0.00196,3.14
2026-05-02T05:15:00+00:00,UBUSDT,A,-0.05676,5.0
2026-05-02T06:00:00+00:00,LABUSDT,A,-0.07887,46.2
2026-05-02T06:00:00+00:00,UBUSDT,B,0.04352,3.13
2026-05-02T06:30:00+00:00,WLFIUSDT,B,0.05039,9.72
2026-05-02T07:30:00+00:00,LABUSDT,B,0.08701,25.41
2026-05-02T09:30:00+00:00,EPICUSDT,B,0.03285,4.17
2026-05-02T10:00:00+00:00,TACUSDT,B,0.01934,3.4
2026-05-02T10:30:00+00:00,UBUSDT,B,0.01217,3.41
2026-05-02T11:15:00+00:00,SEIUSDT,B,0.00035,4.19
2026-05-02T11:15:00+00:00,TACUSDT,A,-0.02792,5.03
2026-05-02T11:30:00+00:00,LABUSDT,B,0.016,20.97
2026-05-02T12:00:00+00:00,TRUMPUSDT,B,0.01585,3.98
2026-05-02T12:30:00+00:00,WIFUSDT,B,0.0085,3.78
2026-05-02T13:30:00+00:00,WIFUSDT,A,-0.00998,23.27
2026-05-02T13:45:00+00:00,ONDOUSDT,B,0.01006,5.51
2026-05-02T14:00:00+00:00,PENDLEUSDT,B,0.01083,3.93
2026-05-02T15:45:00+00:00,LABUSDT,B,0.01575,20.39
2026-05-02T15:45:00+00:00,LINKUSDT,B,0.00296,3.09
2026-05-02T15:45:00+00:00,SUIUSDT,B,0.00119,3.6
2026-05-02T16:00:00+00:00,ORDIUSDT,B,0.10923,3.6
2026-05-02T16:00:00+00:00,UBUSDT,B,0.01707,3.76
2026-05-02T16:15:00+00:00,TRXUSDT,B,0.00024,8.4
2026-05-02T17:00:00+00:00,LABUSDT,A,-0.06105,37.07
2026-05-02T17:15:00+00:00,ONDOUSDT,A,-0.0136,6.16
2026-05-02T17:30:00+00:00,HOMEUSDT,B,0.01725,6.71
2026-05-02T17:30:00+00:00,WIFUSDT,A,-0.00789,4.22
2026-05-02T18:00:00+00:00,ASTERUSDT,B,0.00044,4.02
2026-05-02T18:15:00+00:00,BSBUSDT,B,0.16036,3.77
2026-05-02T19:15:00+00:00,ALGOUSDT,B,0.00907,3.31
2026-05-02T19:45:00+00:00,LABUSDT,B,0.11882,46.53
2026-05-02T19:45:00+00:00,VIRTUALUSDT,B,0.01212,3.28
2026-05-02T21:00:00+00:00,BEATUSDT,A,-0.04433,4.75
2026-05-02T22:30:00+00:00,LABUSDT,A,-0.3041,61.47
2026-05-03T00:00:00+00:00,LABUSDT,B,0.02854,3.64
2026-05-03T01:45:00+00:00,APTUSDT,A,-0.0081,6.66
2026-05-03T02:45:00+00:00,LABUSDT,A,-0.28665,6.89
2026-05-03T03:30:00+00:00,USUSDT,B,0.06069,8.7
2026-05-03T04:15:00+00:00,USUSDT,A,-0.02734,4.81
2026-05-03T05:15:00+00:00,TRXUSDT,B,0.0231,32.71
2026-05-03T05:45:00+00:00,TRXUSDT,A,-0.00963,15.37
2026-05-03T06:15:00+00:00,CHZUSDT,A,-0.01913,7.97
2026-05-03T06:30:00+00:00,CHZUSDT,B,0.00329,4.28
2026-05-03T09:00:00+00:00,LABUSDT,B,0.18401,3.72
2026-05-03T10:45:00+00:00,ARBUSDT,A,-0.01092,5.6
2026-05-03T12:30:00+00:00,ONDOUSDT,B,0.00108,3.08
2026-05-03T12:30:00+00:00,WIFUSDT,B,0.00161,3.54
2026-05-03T12:45:00+00:00,TACUSDT,B,0.02015,3.04
2026-05-03T13:15:00+00:00,DASHUSDT,B,0.00435,5.97
2026-05-03T13:15:00+00:00,EPICUSDT,B,0.00686,3.68
2026-05-03T14:00:00+00:00,TACUSDT,A,-0.05142,8.37
2026-05-03T14:45:00+00:00,EPICUSDT,A,-0.01337,4.65
2026-05-03T16:00:00+00:00,LABUSDT,B,0.01261,3.74
2026-05-03T16:30:00+00:00,JTOUSDT,A,-0.01069,4.07
2026-05-03T17:00:00+00:00,WLFIUSDT,A,-0.00838,3.01
2026-05-03T18:15:00+00:00,ONDOUSDT,B,0.00319,3.61
2026-05-03T19:45:00+00:00,ONDOUSDT,A,-0.00578,7.86
2026-05-03T21:00:00+00:00,RENDERUSDT,B,0.00381,3.38
2026-05-03T22:00:00+00:00,DASHUSDT,B,0.0194,3.57
2026-05-03T23:15:00+00:00,ONDOUSDT,B,0.00035,3.11
2026-05-04T00:00:00+00:00,EPICUSDT,B,0.01595,3.41
2026-05-04T00:00:00+00:00,NVDAUSDT,B,0.00262,4.7
2026-05-04T00:15:00+00:00,MORPHOUSDT,B,0.01632,5.41
2026-05-04T00:45:00+00:00,LABUSDT,B,0.19142,3.3
2026-05-04T01:30:00+00:00,1000SHIBUSDT,B,0.00631,3.02
2026-05-04T01:30:00+00:00,JTOUSDT,A,-0.01338,2.74
2026-05-04T01:30:00+00:00,PENGUUSDT,B,0.02641,3.52
2026-05-04T01:45:00+00:00,1000BONKUSDT,B,0.01236,3.21
2026-05-04T01:45:00+00:00,1000PEPEUSDT,B,0.00864,4.59
2026-05-04T01:45:00+00:00,LINKUSDT,B,0.00829,4.23
2026-05-04T01:45:00+00:00,SEIUSDT,B,0.01222,4.07
2026-05-04T01:45:00+00:00,VIRTUALUSDT,B,0.01549,4.85
2026-05-04T02:00:00+00:00,ADAUSDT,B,0.00198,3.29
2026-05-04T02:00:00+00:00,BNBUSDT,B,0.00194,4.53
2026-05-04T02:00:00+00:00,DASHUSDT,B,0.02647,4.59
2026-05-04T02:00:00+00:00,ETCUSDT,B,0.00303,3.37
2026-05-04T02:00:00+00:00,HOMEUSDT,B,0.00571,3.8
2026-05-04T02:00:00+00:00,LTCUSDT,B,0.00341,3.93
2026-05-04T02:00:00+00:00,PENGUUSDT,A,-0.01116,4.65
2026-05-04T02:00:00+00:00,UNIUSDT,B,0.00396,4.15
2026-05-04T02:30:00+00:00,USUSDT,B,0.04379,3.43
2026-05-04T02:45:00+00:00,USUSDT,A,-0.02205,4.68
2026-05-04T03:30:00+00:00,NATGASUSDT,B,0.00141,4.2
2026-05-04T03:30:00+00:00,TIAUSDT,B,0.00508,4.71
2026-05-04T03:45:00+00:00,BSBUSDT,B,0.09383,3.28
2026-05-04T03:45:00+00:00,HBARUSDT,B,0.00383,4.69
2026-05-04T03:45:00+00:00,INJUSDT,B,0.00239,3.01
2026-05-04T04:00:00+00:00,SUIUSDT,B,0.00744,4.33
2026-05-04T04:15:00+00:00,DASHUSDT,A,-0.04147,14.91
2026-05-04T04:45:00+00:00,ONDOUSDT,B,0.00436,5.37
2026-05-04T06:15:00+00:00,BNBUSDT,A,-0.00606,5.25
2026-05-04T06:15:00+00:00,ONDOUSDT,A,-0.01433,8.02
2026-05-04T06:30:00+00:00,DASHUSDT,B,0.00606,8.34
2026-05-04T07:30:00+00:00,USUSDT,A,-0.0493,4.18
2026-05-04T08:00:00+00:00,EWYUSDT,B,0.00012,6.38
2026-05-04T08:30:00+00:00,SEIUSDT,B,0.00101,4.62
2026-05-04T08:45:00+00:00,AVAXUSDT,B,0.00087,3.06
2026-05-04T08:45:00+00:00,DASHUSDT,A,-0.03056,5.16
2026-05-04T08:45:00+00:00,LINKUSDT,B,0.00299,7.55
2026-05-04T09:00:00+00:00,ONDOUSDT,B,0.00448,12.85
2026-05-04T09:45:00+00:00,LINKUSDT,A,-0.01307,5.36
2026-05-04T09:45:00+00:00,PENDLEUSDT,B,0.03921,12.74
2026-05-04T10:00:00+00:00,1000BONKUSDT,A,-0.01999,10.57
2026-05-04T10:00:00+00:00,1000PEPEUSDT,A,-0.01875,7.52
2026-05-04T10:00:00+00:00,1000SHIBUSDT,A,-0.01566,6.35
2026-05-04T10:00:00+00:00,AAVEUSDT,A,-0.02315,3.02
2026-05-04T10:00:00+00:00,ADAUSDT,A,-0.01701,9.61
2026-05-04T10:00:00+00:00,APTUSDT,A,-0.02755,7.43
2026-05-04T10:00:00+00:00,ARBUSDT,A,-0.02801,6.25
2026-05-04T10:00:00+00:00,ATOMUSDT,A,-0.01574,4.13
2026-05-04T10:00:00+00:00,AVAXUSDT,A,-0.02144,6.49
2026-05-04T10:00:00+00:00,BCHUSDT,A,-0.01623,6.97
2026-05-04T10:00:00+00:00,CHZUSDT,A,-0.03147,8.0
2026-05-04T10:00:00+00:00,DOTUSDT,A,-0.0241,3.45
2026-05-04T10:00:00+00:00,EIGENUSDT,A,-0.0332,6.05
2026-05-04T10:00:00+00:00,ENAUSDT,A,-0.03577,5.14
2026-05-04T10:00:00+00:00,EPICUSDT,A,-0.02672,5.25
2026-05-04T10:00:00+00:00,ETCUSDT,A,-0.01562,5.55
2026-05-04T10:00:00+00:00,ETHFIUSDT,A,-0.0224,5.87
2026-05-04T10:00:00+00:00,EWYUSDT,A,-0.01516,10.86
2026-05-04T10:00:00+00:00,FETUSDT,A,-0.0248,4.95
2026-05-04T10:00:00+00:00,FILUSDT,A,-0.02516,10.15
2026-05-04T10:00:00+00:00,HBARUSDT,A,-0.01502,3.79
2026-05-04T10:00:00+00:00,ICPUSDT,A,-0.02531,8.66
2026-05-04T10:00:00+00:00,INJUSDT,A,-0.01904,2.65
2026-05-04T10:00:00+00:00,LTCUSDT,A,-0.01342,8.83
2026-05-04T10:00:00+00:00,NEARUSDT,A,-0.02182,6.92
2026-05-04T10:00:00+00:00,NVDAUSDT,A,-0.00918,5.32
2026-05-04T10:00:00+00:00,OPUSDT,A,-0.03426,8.07
2026-05-04T10:00:00+00:00,PAXGUSDT,A,-0.00719,4.61
2026-05-04T10:00:00+00:00,PENDLEUSDT,A,-0.05301,10.37
2026-05-04T10:00:00+00:00,PENGUUSDT,A,-0.02317,6.07
2026-05-04T10:00:00+00:00,PUMPUSDT,A,-0.02527,1.68
2026-05-04T10:00:00+00:00,RENDERUSDT,A,-0.02597,4.99
2026-05-04T10:00:00+00:00,SEIUSDT,A,-0.02305,5.34
2026-05-04T10:00:00+00:00,SUIUSDT,A,-0.02195,8.69
2026-05-04T10:00:00+00:00,UNIUSDT,A,-0.02935,10.8
2026-05-04T10:00:00+00:00,VIRTUALUSDT,A,-0.02908,9.28
2026-05-04T10:00:00+00:00,WLDUSDT,A,-0.0248,4.09
2026-05-04T10:00:00+00:00,XPLUSDT,A,-0.0307,3.89
2026-05-04T10:15:00+00:00,ALLOUSDT,A,-0.01693,3.72
2026-05-04T10:15:00+00:00,MSTRUSDT,B,0.00095,3.67
2026-05-04T10:30:00+00:00,ADAUSDT,B,0.00404,3.98
2026-05-04T10:30:00+00:00,BCHUSDT,B,0.00766,4.14
2026-05-04T10:30:00+00:00,DASHUSDT,B,0.02501,6.37
2026-05-04T10:30:00+00:00,FILUSDT,B,0.00865,3.47
2026-05-04T10:30:00+00:00,ICPUSDT,B,0.00598,3.37
2026-05-04T10:30:00+00:00,NEARUSDT,B,0.00399,4.63
2026-05-04T10:30:00+00:00,OPUSDT,B,0.00495,3.07
2026-05-04T10:30:00+00:00,UNIUSDT,B,0.00427,4.44
2026-05-04T11:30:00+00:00,HBARUSDT,B,0.00057,4.32
2026-05-04T11:30:00+00:00,ONDOUSDT,A,-0.00624,4.12
2026-05-04T11:45:00+00:00,EIGENUSDT,B,0.00175,6.16
2026-05-04T12:00:00+00:00,EWYUSDT,B,0.00364,8.14
2026-05-04T12:15:00+00:00,TRXUSDT,A,-0.00611,18.01
2026-05-04T12:30:00+00:00,NATGASUSDT,A,-0.00394,4.68
2026-05-04T12:45:00+00:00,LITUSDT,B,0.0063,3.31
2026-05-04T13:00:00+00:00,DASHUSDT,A,-0.02171,5.36
2026-05-04T13:00:00+00:00,NATGASUSDT,B,0.00357,3.34
2026-05-04T13:00:00+00:00,ONDOUSDT,B,0.0033,4.57
2026-05-04T13:30:00+00:00,AMZNUSDT,B,0.01018,5.3
2026-05-04T13:30:00+00:00,COINUSDT,A,-0.00532,7.29
2026-05-04T13:30:00+00:00,CRCLUSDT,B,0.0054,9.23
2026-05-04T13:30:00+00:00,GOOGLUSDT,A,-0.00765,7.89
2026-05-04T13:30:00+00:00,INTCUSDT,A,-0.01219,11.03
2026-05-04T13:30:00+00:00,MORPHOUSDT,B,0.00182,3.23
2026-05-04T13:30:00+00:00,MSTRUSDT,A,-0.00835,6.58
2026-05-04T13:30:00+00:00,NVDAUSDT,B,0.00436,20.52
2026-05-04T13:30:00+00:00,PLTRUSDT,B,0.00311,5.9
2026-05-04T13:30:00+00:00,TSLAUSDT,B,0.00725,4.84
2026-05-04T13:45:00+00:00,INTCUSDT,B,0.01223,3.17
2026-05-04T13:45:00+00:00,PENDLEUSDT,B,0.00187,5.3
2026-05-04T13:45:00+00:00,WLFIUSDT,B,0.02322,6.05
2026-05-04T14:00:00+00:00,ETCUSDT,B,0.01235,7.08
2026-05-04T14:00:00+00:00,SEIUSDT,B,0.00272,3.47
2026-05-04T14:15:00+00:00,ETCUSDT,A,-0.01017,5.43
2026-05-04T14:45:00+00:00,1000BONKUSDT,B,0.0059,4.41
2026-05-04T14:45:00+00:00,BNBUSDT,B,0.00259,3.17
2026-05-04T14:45:00+00:00,ENAUSDT,B,0.00351,3.31
2026-05-04T14:45:00+00:00,EWYUSDT,A,-0.00656,7.68
2026-05-04T14:45:00+00:00,FETUSDT,B,0.01369,3.31
2026-05-04T14:45:00+00:00,LTCUSDT,B,0.00561,3.36
2026-05-04T14:45:00+00:00,NEARUSDT,B,0.01589,3.66
2026-05-04T14:45:00+00:00,SUIUSDT,B,0.00666,3.13
2026-05-04T14:45:00+00:00,UNIUSDT,B,0.01123,3.94
2026-05-04T14:45:00+00:00,VIRTUALUSDT,B,0.01113,3.58
2026-05-04T15:15:00+00:00,ADAUSDT,A,-0.00595,4.01
2026-05-04T15:15:00+00:00,DASHUSDT,B,0.00654,3.69
2026-05-04T15:15:00+00:00,LTCUSDT,A,-0.00523,4.23
2026-05-04T15:15:00+00:00,NVDAUSDT,A,-0.00629,4.35
2026-05-04T15:15:00+00:00,OPUSDT,A,-0.01124,4.13
2026-05-04T15:15:00+00:00,PAXGUSDT,A,-0.00223,5.94
2026-05-04T15:30:00+00:00,ASTERUSDT,B,0.00134,3.81
2026-05-04T16:00:00+00:00,ONDOUSDT,A,-0.00806,7.16
2026-05-04T16:00:00+00:00,PENDLEUSDT,A,-0.01286,5.19
2026-05-04T16:15:00+00:00,EWYUSDT,B,0.0027,8.48
2026-05-04T17:00:00+00:00,ONDOUSDT,B,0.00325,6.46
2026-05-04T17:45:00+00:00,PENDLEUSDT,B,0.01212,3.97
2026-05-04T18:15:00+00:00,WLFIUSDT,A,-0.02242,4.67
2026-05-04T18:30:00+00:00,ETHFIUSDT,B,0.00757,4.2
2026-05-04T18:30:00+00:00,TIAUSDT,B,0.00368,8.88
2026-05-04T19:00:00+00:00,BSBUSDT,A,-0.20382,12.7
2026-05-04T19:15:00+00:00,BSBUSDT,B,0.0052,7.36
2026-05-04T19:45:00+00:00,HOMEUSDT,B,0.00894,3.31
2026-05-04T20:00:00+00:00,ONDOUSDT,A,-0.00803,5.32
2026-05-04T20:00:00+00:00,PLTRUSDT,B,0.0078,18.32
2026-05-04T21:00:00+00:00,ATOMUSDT,B,0.00319,6.61
2026-05-04T21:15:00+00:00,ONDOUSDT,B,0.0116,5.61
2026-05-04T21:30:00+00:00,EWYUSDT,B,0.00031,7.08
2026-05-04T21:45:00+00:00,DASHUSDT,B,0.01773,5.36
2026-05-04T22:00:00+00:00,DASHUSDT,A,-0.01386,6.78
2026-05-04T22:15:00+00:00,NEARUSDT,A,-0.01558,5.02
2026-05-04T22:15:00+00:00,PENDLEUSDT,B,0.00283,3.95
2026-05-05T00:00:00+00:00,LTCUSDT,B,0.00055,4.44
2026-05-05T01:00:00+00:00,ENAUSDT,B,0.00329,3.83
2026-05-05T01:15:00+00:00,XLMUSDT,A,-0.00622,6.76
2026-05-05T01:45:00+00:00,HBARUSDT,B,0.00148,3.79
2026-05-05T01:45:00+00:00,OPUSDT,B,0.00158,3.09
2026-05-05T01:45:00+00:00,PENGUUSDT,B,0.02483,7.39
2026-05-05T02:15:00+00:00,EVAAUSDT,B,0.0302,3.46
2026-05-05T02:15:00+00:00,ONDOUSDT,B,0.01909,5.47
2026-05-05T02:15:00+00:00,PENDLEUSDT,B,0.03084,3.95
2026-05-05T03:30:00+00:00,EVAAUSDT,A,-0.01858,6.51
2026-05-05T05:00:00+00:00,ALGOUSDT,B,0.01535,3.67
2026-05-05T05:00:00+00:00,MORPHOUSDT,B,0.01346,3.12
2026-05-05T05:30:00+00:00,BCHUSDT,B,0.00094,4.12
2026-05-05T05:45:00+00:00,WLDUSDT,B,0.01754,3.43
2026-05-05T06:00:00+00:00,JUPUSDT,B,0.00974,3.26
2026-05-05T06:15:00+00:00,EVAAUSDT,B,0.01048,3.92
2026-05-05T07:15:00+00:00,ADAUSDT,B,0.00588,3.46
2026-05-05T08:00:00+00:00,1000BONKUSDT,B,0.01072,3.23
2026-05-05T08:00:00+00:00,SEIUSDT,B,0.00084,4.24
2026-05-05T08:15:00+00:00,TRUMPUSDT,B,0.00583,6.28
2026-05-05T08:45:00+00:00,INJUSDT,B,0.00135,3.27
2026-05-05T08:45:00+00:00,ONDOUSDT,B,0.01694,3.74
2026-05-05T09:00:00+00:00,ICPUSDT,B,0.00207,3.09
2026-05-05T09:15:00+00:00,LABUSDT,B,0.09277,3.0
2026-05-05T09:30:00+00:00,CHZUSDT,B,0.01829,5.34
2026-05-05T09:30:00+00:00,ENAUSDT,B,0.00334,3.32
2026-05-05T09:30:00+00:00,USUSDT,B,0.10228,9.41
2026-05-05T09:45:00+00:00,USUSDT,A,-0.03338,6.31
2026-05-05T10:00:00+00:00,LINKUSDT,B,0.00281,4.03
2026-05-05T10:15:00+00:00,OPUSDT,B,0.00155,3.12
2026-05-05T10:30:00+00:00,ETCUSDT,B,0.00833,3.35
2026-05-05T10:45:00+00:00,BCHUSDT,B,0.00637,5.03
2026-05-05T10:45:00+00:00,COINUSDT,B,0.01201,4.94
2026-05-05T11:30:00+00:00,LITUSDT,B,0.01783,3.38
2026-05-05T11:30:00+00:00,MORPHOUSDT,B,0.01316,3.79
2026-05-05T11:30:00+00:00,PENGUUSDT,B,0.00756,3.73
2026-05-05T12:00:00+00:00,EIGENUSDT,B,0.01733,7.31
2026-05-05T12:00:00+00:00,NATGASUSDT,B,0.00461,7.8
2026-05-05T12:30:00+00:00,JTOUSDT,B,0.02105,13.65
2026-05-05T12:30:00+00:00,SUIUSDT,B,0.00685,3.99
2026-05-05T12:45:00+00:00,JTOUSDT,A,-0.03351,11.21
2026-05-05T13:00:00+00:00,BNBUSDT,B,0.00493,4.02
2026-05-05T13:00:00+00:00,HBARUSDT,B,0.00543,6.1
2026-05-05T13:00:00+00:00,ICPUSDT,B,0.00633,5.78
2026-05-05T13:00:00+00:00,JUPUSDT,B,0.0221,98.0
2026-05-05T13:15:00+00:00,ETCUSDT,A,-0.00503,4.98
2026-05-05T13:15:00+00:00,MORPHOUSDT,A,-0.02162,9.67
2026-05-05T13:30:00+00:00,AMZNUSDT,B,0.00579,5.97
2026-05-05T13:30:00+00:00,COINUSDT,A,-0.02889,7.79
2026-05-05T13:30:00+00:00,CRCLUSDT,A,-0.04385,15.72
2026-05-05T13:30:00+00:00,EWYUSDT,B,0.01296,4.45
2026-05-05T13:30:00+00:00,GOOGLUSDT,B,0.01592,7.33
2026-05-05T13:30:00+00:00,INTCUSDT,B,0.05842,15.19
2026-05-05T13:30:00+00:00,METAUSDT,A,-0.01109,4.41
2026-05-05T13:30:00+00:00,MSTRUSDT,A,-0.01092,6.5
2026-05-05T13:30:00+00:00,NVDAUSDT,B,0.00176,14.82
2026-05-05T13:30:00+00:00,PLTRUSDT,A,-0.00563,16.02
2026-05-05T13:30:00+00:00,TSLAUSDT,B,0.01477,6.15
2026-05-05T13:45:00+00:00,1000PEPEUSDT,B,0.00533,3.67
2026-05-05T13:45:00+00:00,ENAUSDT,B,0.00528,3.24
2026-05-05T13:45:00+00:00,INTCUSDT,A,-0.00986,7.73
2026-05-05T13:45:00+00:00,NVDAUSDT,A,-0.00516,5.42
2026-05-05T13:45:00+00:00,VIRTUALUSDT,B,0.00539,3.34
2026-05-05T14:00:00+00:00,CRCLUSDT,B,0.01892,4.99
2026-05-05T14:00:00+00:00,PENGUUSDT,A,-0.01209,5.47
2026-05-05T14:00:00+00:00,PLTRUSDT,B,0.00375,4.67
2026-05-05T14:30:00+00:00,ICPUSDT,A,-0.02339,25.86
2026-05-05T14:30:00+00:00,NATGASUSDT,A,-0.00958,4.58
2026-05-05T14:30:00+00:00,ONDOUSDT,A,-0.01439,5.98
2026-05-05T15:00:00+00:00,VVVUSDT,B,0.0004,7.65
2026-05-05T15:15:00+00:00,PENDLEUSDT,B,0.01531,5.46
2026-05-05T16:00:00+00:00,MORPHOUSDT,B,0.00326,4.13
2026-05-05T16:15:00+00:00,VIRTUALUSDT,A,-0.01027,8.49
2026-05-05T16:30:00+00:00,ATOMUSDT,A,-0.00915,4.89
2026-05-05T16:30:00+00:00,ENAUSDT,A,-0.00836,4.87
2026-05-05T17:30:00+00:00,APTUSDT,B,0.00362,3.34
2026-05-05T17:30:00+00:00,ICPUSDT,B,0.0056,3.88
2026-05-05T18:00:00+00:00,JTOUSDT,B,0.01265,3.47
2026-05-05T18:30:00+00:00,ETHFIUSDT,B,0.01163,3.47
2026-05-05T18:45:00+00:00,VIRTUALUSDT,B,0.01196,4.01
2026-05-05T19:00:00+00:00,LITUSDT,B,0.00787,12.9
2026-05-05T20:00:00+00:00,INJUSDT,B,0.01272,6.98
2026-05-05T20:15:00+00:00,1000PEPEUSDT,B,0.0109,3.57
2026-05-05T20:15:00+00:00,GOOGLUSDT,B,0.02313,9.8
2026-05-05T20:45:00+00:00,EIGENUSDT,B,0.03207,21.39
2026-05-05T20:45:00+00:00,FILUSDT,B,0.01646,6.46
2026-05-05T21:00:00+00:00,ALGOUSDT,B,0.00084,4.39
2026-05-05T21:00:00+00:00,AMZNUSDT,B,0.00366,4.29
2026-05-05T21:00:00+00:00,ATOMUSDT,B,0.00053,4.79
2026-05-05T21:00:00+00:00,DASHUSDT,B,0.01195,3.82
2026-05-05T21:00:00+00:00,FETUSDT,B,0.0046,3.33
2026-05-05T21:00:00+00:00,JUPUSDT,B,0.00885,3.18
2026-05-05T21:00:00+00:00,XMRUSDT,B,0.01336,3.34
2026-05-05T21:15:00+00:00,ONDOUSDT,B,0.00221,3.29
2026-05-05T21:30:00+00:00,ICPUSDT,A,-0.01616,5.11
2026-05-05T21:30:00+00:00,PENGUUSDT,A,-0.01716,6.61
2026-05-05T21:45:00+00:00,EIGENUSDT,A,-0.05077,34.68
2026-05-05T22:00:00+00:00,1000SHIBUSDT,B,0.00031,3.41
2026-05-05T22:00:00+00:00,ETCUSDT,B,0.00155,3.56
2026-05-05T22:15:00+00:00,ICPUSDT,B,0.00671,5.59
2026-05-05T22:15:00+00:00,TAOUSDT,B,0.02931,3.56
2026-05-05T22:30:00+00:00,ONDOUSDT,A,-0.01344,5.26
2026-05-05T22:45:00+00:00,BCHUSDT,B,0.02041,7.77
2026-05-05T23:30:00+00:00,FARTCOINUSDT,A,-0.01186,1.69
2026-05-06T00:00:00+00:00,ALGOUSDT,A,-0.00751,3.98
2026-05-06T00:00:00+00:00,EWYUSDT,A,-0.00687,6.1
2026-05-06T00:15:00+00:00,DASHUSDT,A,-0.01415,7.83
2026-05-06T00:30:00+00:00,PENDLEUSDT,B,0.019,3.11
2026-05-06T00:45:00+00:00,INJUSDT,B,0.00373,3.51
2026-05-06T01:00:00+00:00,PENDLEUSDT,A,-0.02842,12.08
2026-05-06T01:00:00+00:00,VIRTUALUSDT,B,0.02078,6.01
2026-05-06T01:15:00+00:00,OPUSDT,B,0.00386,4.02
2026-05-06T01:30:00+00:00,WIFUSDT,B,0.01268,3.25
2026-05-06T01:45:00+00:00,APTUSDT,B,0.01121,3.25
2026-05-06T01:45:00+00:00,FILUSDT,B,0.03607,32.54
2026-05-06T01:45:00+00:00,VIRTUALUSDT,A,-0.01266,4.78
2026-05-06T02:00:00+00:00,AEROUSDT,B,0.01192,4.08
2026-05-06T02:00:00+00:00,FILUSDT,A,-0.00774,19.74
2026-05-06T02:00:00+00:00,ICPUSDT,A,-0.01157,4.36
2026-05-06T02:00:00+00:00,SEIUSDT,B,0.00066,3.11
2026-05-06T02:30:00+00:00,ICPUSDT,B,0.00371,3.23
2026-05-06T02:30:00+00:00,JUPUSDT,B,0.00206,4.68
2026-05-06T02:45:00+00:00,ONDOUSDT,B,0.00821,4.07
2026-05-06T03:00:00+00:00,JUPUSDT,A,-0.00664,3.17
2026-05-06T03:00:00+00:00,KAITOUSDT,A,-0.00933,4.7
2026-05-06T03:00:00+00:00,WIFUSDT,A,-0.03518,14.28
2026-05-06T03:15:00+00:00,ETCUSDT,B,0.00959,3.62
2026-05-06T04:00:00+00:00,ALGOUSDT,B,0.00168,3.66
2026-05-06T04:00:00+00:00,FETUSDT,B,0.00674,4.23
2026-05-06T04:30:00+00:00,BCHUSDT,B,0.03301,32.02
2026-05-06T05:00:00+00:00,BCHUSDT,A,-0.01455,14.9
2026-05-06T05:45:00+00:00,WIFUSDT,B,0.04209,37.68
2026-05-06T06:00:00+00:00,1000BONKUSDT,B,0.00774,8.34
2026-05-06T06:00:00+00:00,DASHUSDT,B,0.00515,5.87
2026-05-06T06:00:00+00:00,FILUSDT,A,-0.01438,21.98
2026-05-06T06:30:00+00:00,FILUSDT,B,0.00182,8.38
2026-05-06T07:00:00+00:00,VVVUSDT,B,0.01247,4.42
2026-05-06T07:00:00+00:00,WIFUSDT,A,-0.02494,49.87
2026-05-06T07:00:00+00:00,XMRUSDT,B,0.01234,4.16
2026-05-06T07:30:00+00:00,NEARUSDT,B,0.01347,4.08
2026-05-06T07:30:00+00:00,XMRUSDT,A,-0.01006,3.9
2026-05-06T07:45:00+00:00,LTCUSDT,B,0.00105,3.2
2026-05-06T08:15:00+00:00,ICPUSDT,B,0.01266,3.76
2026-05-06T08:15:00+00:00,SUIUSDT,B,0.00512,4.11
2026-05-06T08:15:00+00:00,XPLUSDT,B,0.01245,5.87
2026-05-06T08:30:00+00:00,ADAUSDT,B,0.00787,5.36
2026-05-06T08:30:00+00:00,SEIUSDT,B,0.0031,3.32
2026-05-06T08:30:00+00:00,VIRTUALUSDT,B,0.01227,4.58
2026-05-06T08:45:00+00:00,DASHUSDT,A,-0.03633,7.45
2026-05-06T08:45:00+00:00,ETCUSDT,B,0.00633,3.26
2026-05-06T08:45:00+00:00,EWYUSDT,B,0.00665,3.97
2026-05-06T08:45:00+00:00,LINKUSDT,B,0.00981,4.48
2026-05-06T08:45:00+00:00,NATGASUSDT,A,-0.01617,5.17
2026-05-06T08:45:00+00:00,ONDOUSDT,B,0.0031,4.87
2026-05-06T08:45:00+00:00,RENDERUSDT,B,0.00766,4.67
2026-05-06T08:45:00+00:00,UNIUSDT,B,0.00638,4.14
2026-05-06T09:00:00+00:00,APTUSDT,B,0.00574,4.96
2026-05-06T09:15:00+00:00,LINKUSDT,A,-0.00435,8.49
2026-05-06T09:15:00+00:00,NEARUSDT,A,-0.01126,5.27
2026-05-06T09:30:00+00:00,EIGENUSDT,B,0.01338,3.26
2026-05-06T09:30:00+00:00,ICPUSDT,A,-0.01709,6.87
2026-05-06T09:30:00+00:00,JTOUSDT,B,0.01283,3.63
2026-05-06T09:45:00+00:00,1000SHIBUSDT,B,0.00494,4.21
2026-05-06T10:00:00+00:00,ETHFIUSDT,B,0.00452,4.68
2026-05-06T10:00:00+00:00,HBARUSDT,B,0.00184,3.01
2026-05-06T10:15:00+00:00,DASHUSDT,B,0.02634,4.2
2026-05-06T10:15:00+00:00,ENAUSDT,B,0.01245,4.37
2026-05-06T10:15:00+00:00,WIFUSDT,B,0.00178,4.84
2026-05-06T10:30:00+00:00,APTUSDT,A,-0.00887,5.17
2026-05-06T10:30:00+00:00,FILUSDT,B,0.00179,5.39
2026-05-06T10:45:00+00:00,JUPUSDT,B,0.01372,3.46
2026-05-06T11:00:00+00:00,NATGASUSDT,B,0.00074,4.52
2026-05-06T11:00:00+00:00,VVVUSDT,B,0.00246,3.86
2026-05-06T11:15:00+00:00,BNBUSDT,B,0.00371,5.11
2026-05-06T11:30:00+00:00,ENAUSDT,A,-0.01092,4.38
2026-05-06T11:30:00+00:00,HOMEUSDT,B,0.03213,10.91
2026-05-06T11:30:00+00:00,NEARUSDT,B,0.00822,6.04
2026-05-06T12:00:00+00:00,HOMEUSDT,A,-0.00571,8.35
2026-05-06T12:00:00+00:00,WIFUSDT,A,-0.01068,6.14
2026-05-06T12:15:00+00:00,PAXGUSDT,B,0.00208,4.33
2026-05-06T12:45:00+00:00,ICPUSDT,B,0.0148,5.03
2026-05-06T12:45:00+00:00,VIRTUALUSDT,A,-0.01472,6.27
2026-05-06T12:45:00+00:00,XPLUSDT,B,0.02528,4.55
2026-05-06T13:00:00+00:00,1000BONKUSDT,A,-0.01117,5.91
2026-05-06T13:00:00+00:00,1000PEPEUSDT,A,-0.00976,4.9
2026-05-06T13:00:00+00:00,ETHFIUSDT,A,-0.01241,4.24
2026-05-06T13:00:00+00:00,LABUSDT,A,-0.113,6.72
2026-05-06T13:00:00+00:00,PENGUUSDT,A,-0.02249,5.65
2026-05-06T13:00:00+00:00,PUMPUSDT,A,-0.01301,2.16
2026-05-06T13:00:00+00:00,RENDERUSDT,A,-0.01017,4.1
2026-05-06T13:00:00+00:00,SUIUSDT,A,-0.01123,6.18
2026-05-06T13:00:00+00:00,UNIUSDT,A,-0.01138,4.48
2026-05-06T13:00:00+00:00,VVVUSDT,A,-0.01995,7.49
2026-05-06T13:15:00+00:00,ADAUSDT,A,-0.01112,4.58
2026-05-06T13:15:00+00:00,DASHUSDT,A,-0.02391,4.71
2026-05-06T13:15:00+00:00,EIGENUSDT,A,-0.0128,2.23
2026-05-06T13:15:00+00:00,NEARUSDT,A,-0.01483,5.99
2026-05-06T13:15:00+00:00,NVDAUSDT,B,0.00165,4.24
2026-05-06T13:30:00+00:00,ADAUSDT,B,0.00037,3.96
2026-05-06T13:30:00+00:00,AMZNUSDT,B,0.0056,3.36
2026-05-06T13:30:00+00:00,COINUSDT,B,0.00862,6.02
2026-05-06T13:30:00+00:00,CRCLUSDT,B,0.01743,4.29
2026-05-06T13:30:00+00:00,ESPORTSUSDT,B,0.00069,3.35
2026-05-06T13:30:00+00:00,GOOGLUSDT,B,0.00368,5.33
2026-05-06T13:30:00+00:00,ICPUSDT,A,-0.00849,6.89
2026-05-06T13:30:00+00:00,INTCUSDT,B,0.01556,7.95
2026-05-06T13:30:00+00:00,JTOUSDT,B,0.02658,29.36
2026-05-06T13:30:00+00:00,MSTRUSDT,B,0.01347,10.76
2026-05-06T13:30:00+00:00,PLTRUSDT,B,0.00336,4.6
2026-05-06T13:30:00+00:00,QQQUSDT,B,0.00324,3.37
2026-05-06T13:30:00+00:00,SUIUSDT,B,0.0015,4.11
2026-05-06T13:45:00+00:00,AAPLUSDT,B,0.01109,3.37
2026-05-06T13:45:00+00:00,ETCUSDT,B,0.00375,6.84
2026-05-06T13:45:00+00:00,FILUSDT,A,-0.02122,15.1
2026-05-06T13:45:00+00:00,INTCUSDT,A,-0.01657,4.68
2026-05-06T13:45:00+00:00,LTCUSDT,A,-0.00628,5.22
2026-05-06T13:45:00+00:00,MSTRUSDT,A,-0.015,5.18
2026-05-06T14:00:00+00:00,1000SHIBUSDT,A,-0.00486,7.09
2026-05-06T14:00:00+00:00,BCHUSDT,A,-0.00744,4.84
2026-05-06T14:00:00+00:00,ETCUSDT,A,-0.01664,8.62
2026-05-06T14:00:00+00:00,EWYUSDT,A,-0.0075,7.22
2026-05-06T14:00:00+00:00,LABUSDT,B,0.24213,7.77
2026-05-06T14:00:00+00:00,WLDUSDT,A,-0.00826,3.81
2026-05-06T14:00:00+00:00,XPLUSDT,A,-0.02256,4.77
2026-05-06T14:15:00+00:00,DASHUSDT,B,0.01009,3.45
2026-05-06T14:15:00+00:00,METAUSDT,B,0.00393,4.34
2026-05-06T14:15:00+00:00,NVDAUSDT,A,-0.00647,7.48
2026-05-06T14:15:00+00:00,PENDLEUSDT,B,0.03731,3.97
2026-05-06T14:30:00+00:00,MORPHOUSDT,B,0.02145,6.24
2026-05-06T14:30:00+00:00,ONDOUSDT,B,0.04514,8.57
2026-05-06T14:30:00+00:00,RIFUSDT,B,0.00781,3.86
2026-05-06T14:30:00+00:00,SPYUSDT,B,0.0026,3.56
2026-05-06T14:45:00+00:00,JTOUSDT,A,-0.04477,70.24
2026-05-06T14:45:00+00:00,JUPUSDT,A,-0.00826,2.75
2026-05-06T14:45:00+00:00,RIFUSDT,A,-0.01057,5.91
2026-05-06T14:45:00+00:00,VIRTUALUSDT,B,0.00262,3.85
2026-05-06T15:15:00+00:00,ONDOUSDT,A,-0.00791,10.73
2026-05-06T15:30:00+00:00,NEARUSDT,B,0.00873,4.89
2026-05-06T15:45:00+00:00,ATOMUSDT,A,-0.00519,4.37
2026-05-06T16:00:00+00:00,ATOMUSDT,B,0.00156,3.96
2026-05-06T16:15:00+00:00,HOMEUSDT,A,-0.00919,5.28
2026-05-06T16:30:00+00:00,XLMUSDT,B,0.00244,3.21
2026-05-06T17:30:00+00:00,JTOUSDT,B,0.01213,19.69
2026-05-06T18:00:00+00:00,HOMEUSDT,B,0.00641,3.14
2026-05-06T18:30:00+00:00,VVVUSDT,B,0.02209,5.33
2026-05-06T19:15:00+00:00,JTOUSDT,A,-0.02417,14.18
2026-05-06T19:45:00+00:00,VVVUSDT,A,-0.02458,9.6
2026-05-06T20:00:00+00:00,OPUSDT,B,0.02238,4.79
2026-05-06T20:15:00+00:00,OPUSDT,A,-0.00918,4.25
2026-05-06T21:30:00+00:00,ICPUSDT,B,0.023,4.16
2026-05-06T21:30:00+00:00,NEARUSDT,B,0.01118,7.42
2026-05-06T22:00:00+00:00,ICPUSDT,A,-0.00979,4.05
2026-05-06T22:00:00+00:00,NEARUSDT,A,-0.01508,5.54
2026-05-06T22:45:00+00:00,HOMEUSDT,A,-0.00899,5.96
2026-05-06T23:30:00+00:00,FILUSDT,B,0.0129,4.27
2026-05-06T23:30:00+00:00,KAITOUSDT,B,0.01185,3.86
2026-05-07T00:00:00+00:00,ARBUSDT,B,0.01016,3.73
2026-05-07T00:00:00+00:00,EWYUSDT,A,-0.00659,9.95
2026-05-07T00:00:00+00:00,FILUSDT,A,-0.00898,5.78
2026-05-07T00:00:00+00:00,JTOUSDT,A,-0.01834,5.37
2026-05-07T00:00:00+00:00,VIRTUALUSDT,A,-0.01241,5.74
2026-05-07T00:15:00+00:00,VVVUSDT,B,0.0151,4.59
2026-05-07T00:30:00+00:00,EWYUSDT,B,0.00856,3.52
2026-05-07T00:45:00+00:00,VVVUSDT,A,-0.02917,9.66
2026-05-07T01:00:00+00:00,OPUSDT,B,0.0007,3.42
2026-05-07T01:00:00+00:00,SEIUSDT,A,-0.00936,8.91
2026-05-07T01:30:00+00:00,EVAAUSDT,B,0.04511,5.37
2026-05-07T01:30:00+00:00,OPUSDT,A,-0.02855,8.26
2026-05-07T01:45:00+00:00,EDGEUSDT,B,0.05376,6.78
2026-05-07T02:15:00+00:00,EVAAUSDT,A,-0.05589,13.05
2026-05-07T03:00:00+00:00,AEROUSDT,A,-0.01017,4.69
2026-05-07T04:00:00+00:00,ONDOUSDT,B,0.00898,3.11
2026-05-07T04:00:00+00:00,SEIUSDT,B,0.00333,3.53
2026-05-07T04:15:00+00:00,ALGOUSDT,B,0.017,5.3
2026-05-07T04:45:00+00:00,VIRTUALUSDT,B,0.02301,7.41
2026-05-07T05:00:00+00:00,HBARUSDT,B,0.00221,4.09
2026-05-07T05:00:00+00:00,NEARUSDT,B,0.01008,3.6
2026-05-07T05:00:00+00:00,OPUSDT,B,0.0215,6.39
2026-05-07T05:00:00+00:00,PUMPUSDT,B,0.02596,4.93
2026-05-07T05:45:00+00:00,EVAAUSDT,B,0.15073,46.58
2026-05-07T05:45:00+00:00,PUMPUSDT,A,-0.016,3.72
2026-05-07T06:00:00+00:00,OPUSDT,A,-0.02206,6.69
2026-05-07T06:15:00+00:00,EVAAUSDT,A,-0.05278,10.17
2026-05-07T06:15:00+00:00,HOMEUSDT,B,0.01789,8.46
2026-05-07T06:30:00+00:00,PAXGUSDT,B,0.00597,4.97
2026-05-07T07:00:00+00:00,FETUSDT,B,0.01763,14.34
2026-05-07T07:15:00+00:00,SUIUSDT,A,-0.00565,4.24
2026-05-07T07:30:00+00:00,RENDERUSDT,B,0.0162,10.98
2026-05-07T08:00:00+00:00,ONDOUSDT,B,0.01474,6.24
2026-05-07T08:30:00+00:00,VIRTUALUSDT,A,-0.01253,6.76
2026-05-07T08:30:00+00:00,VVVUSDT,B,0.01337,3.4
2026-05-07T08:45:00+00:00,ONDOUSDT,A,-0.02086,5.89
2026-05-07T08:45:00+00:00,WLFIUSDT,B,0.01583,5.0
2026-05-07T09:15:00+00:00,ALGOUSDT,B,0.00542,4.45
2026-05-07T09:15:00+00:00,VVVUSDT,A,-0.01728,5.28
2026-05-07T09:45:00+00:00,EVAAUSDT,B,0.00372,3.25
2026-05-07T10:00:00+00:00,CHZUSDT,B,0.01154,3.84
2026-05-07T10:00:00+00:00,ICPUSDT,B,0.00993,3.64
2026-05-07T10:15:00+00:00,JTOUSDT,B,0.04306,13.04
2026-05-07T10:30:00+00:00,EVAAUSDT,A,-0.12034,46.45
2026-05-07T11:00:00+00:00,ENAUSDT,B,0.02901,5.68
2026-05-07T11:00:00+00:00,JTOUSDT,A,-0.01755,3.76
2026-05-07T11:15:00+00:00,KITEUSDT,A,-0.00807,3.59
2026-05-07T11:15:00+00:00,LABUSDT,A,-0.12425,7.18
2026-05-07T11:45:00+00:00,ENAUSDT,A,-0.0278,5.97
2026-05-07T11:45:00+00:00,NATGASUSDT,A,-0.00441,5.0
2026-05-07T11:45:00+00:00,PENDLEUSDT,B,0.0261,3.58
2026-05-07T11:45:00+00:00,VIRTUALUSDT,B,0.00054,3.03
2026-05-07T12:00:00+00:00,FILUSDT,B,0.01823,3.86
2026-05-07T12:00:00+00:00,LABUSDT,B,0.09445,4.17
2026-05-07T12:00:00+00:00,NATGASUSDT,B,0.01181,5.13
2026-05-07T12:00:00+00:00,ONDOUSDT,B,0.02321,3.53
2026-05-07T12:30:00+00:00,1000BONKUSDT,B,0.00751,5.14
2026-05-07T12:30:00+00:00,ICPUSDT,A,-0.01096,4.49
2026-05-07T12:30:00+00:00,WLFIUSDT,A,-0.03467,4.71
2026-05-07T13:15:00+00:00,XPLUSDT,B,0.02687,7.88
2026-05-07T13:30:00+00:00,AAPLUSDT,B,0.00204,5.2
2026-05-07T13:30:00+00:00,CRCLUSDT,B,0.0016,5.02
2026-05-07T13:30:00+00:00,GOOGLUSDT,A,-0.00647,4.84
2026-05-07T13:30:00+00:00,INTCUSDT,A,-0.00854,8.97
2026-05-07T13:30:00+00:00,METAUSDT,B,0.0116,5.96
2026-05-07T13:30:00+00:00,MSTRUSDT,A,-0.00775,5.88
2026-05-07T13:30:00+00:00,NVDAUSDT,A,-0.00427,15.02
2026-05-07T13:30:00+00:00,ONDOUSDT,A,-0.01499,11.74
2026-05-07T13:30:00+00:00,PLTRUSDT,B,0.0222,8.8
2026-05-07T13:30:00+00:00,TSLAUSDT,B,0.0102,4.97
2026-05-07T13:45:00+00:00,BCHUSDT,A,-0.0049,2.46
2026-05-07T13:45:00+00:00,EVAAUSDT,B,0.01342,4.66
2026-05-07T13:45:00+00:00,INTCUSDT,B,0.01732,4.84
2026-05-07T13:45:00+00:00,NVDAUSDT,B,0.00694,7.92
2026-05-07T14:00:00+00:00,QQQUSDT,B,0.00254,5.82
2026-05-07T14:15:00+00:00,ALGOUSDT,B,0.00318,3.31
2026-05-07T14:15:00+00:00,JTOUSDT,B,0.01743,4.8
2026-05-07T14:15:00+00:00,VIRTUALUSDT,A,-0.01833,7.3
2026-05-07T14:30:00+00:00,ADAUSDT,A,-0.00679,4.16
2026-05-07T14:30:00+00:00,ASTERUSDT,A,-0.00928,5.78
2026-05-07T14:30:00+00:00,DASHUSDT,A,-0.02637,4.76
2026-05-07T14:30:00+00:00,ETCUSDT,A,-0.00688,5.29
2026-05-07T14:30:00+00:00,EVAAUSDT,A,-0.04262,8.03
2026-05-07T14:30:00+00:00,LINKUSDT,A,-0.00817,5.64
2026-05-07T14:30:00+00:00,SUIUSDT,A,-0.00987,5.11
2026-05-07T14:45:00+00:00,APTUSDT,B,0.00348,3.39
2026-05-07T14:45:00+00:00,LTCUSDT,B,0.00231,3.46
2026-05-07T15:15:00+00:00,ATOMUSDT,A,-0.00793,4.78
2026-05-07T15:15:00+00:00,HBARUSDT,A,-0.00578,6.53
2026-05-07T15:15:00+00:00,JTOUSDT,A,-0.03727,15.9
2026-05-07T15:15:00+00:00,JUPUSDT,A,-0.01474,2.4
2026-05-07T15:15:00+00:00,UNIUSDT,A,-0.00819,4.23
2026-05-07T15:45:00+00:00,SPYUSDT,A,-0.00237,3.43
2026-05-07T16:00:00+00:00,NATGASUSDT,B,0.00605,5.24
2026-05-07T16:00:00+00:00,QQQUSDT,A,-0.00297,3.96
2026-05-07T16:15:00+00:00,ETCUSDT,B,0.00867,4.87
2026-05-07T16:15:00+00:00,ONDOUSDT,B,0.00226,5.14
2026-05-07T16:15:00+00:00,VIRTUALUSDT,B,0.00102,4.14
2026-05-07T16:15:00+00:00,VVVUSDT,B,0.03725,5.15
2026-05-07T16:30:00+00:00,PENDLEUSDT,B,0.01549,4.06
2026-05-07T17:15:00+00:00,XLMUSDT,A,-0.00895,4.45
2026-05-07T18:00:00+00:00,SPYUSDT,B,0.00027,3.33
2026-05-07T18:15:00+00:00,ALLOUSDT,A,-0.01448,4.57
2026-05-07T18:30:00+00:00,JTOUSDT,B,0.01551,16.46
2026-05-07T19:45:00+00:00,JTOUSDT,A,-0.02222,13.95
2026-05-07T20:00:00+00:00,COINUSDT,A,-0.01327,17.08
2026-05-07T20:00:00+00:00,FETUSDT,B,0.0009,4.45
2026-05-07T20:00:00+00:00,HOMEUSDT,B,0.00486,3.29
2026-05-07T20:00:00+00:00,NATGASUSDT,B,0.00747,4.7
2026-05-07T20:45:00+00:00,COINUSDT,B,0.00722,3.56
2026-05-07T21:00:00+00:00,PUMPUSDT,A,-0.01359,1.74
2026-05-07T21:30:00+00:00,HOMEUSDT,A,-0.01552,6.42
2026-05-07T22:00:00+00:00,BNBUSDT,A,-0.01246,13.49
2026-05-07T22:15:00+00:00,VVVUSDT,B,0.01987,4.59
2026-05-07T22:30:00+00:00,XMRUSDT,A,-0.00915,2.78
2026-05-07T22:45:00+00:00,JTOUSDT,B,0.01595,4.58
2026-05-08T00:00:00+00:00,1000SHIBUSDT,B,0.00494,3.05
2026-05-08T00:00:00+00:00,ATOMUSDT,A,-0.00955,8.68
2026-05-08T00:00:00+00:00,NATGASUSDT,B,0.00106,4.05
2026-05-08T00:15:00+00:00,JTOUSDT,A,-0.02381,4.97
2026-05-08T01:30:00+00:00,RIFUSDT,B,0.00561,3.01
2026-05-08T02:00:00+00:00,HOMEUSDT,A,-0.00829,8.67
2026-05-08T03:00:00+00:00,VVVUSDT,B,0.01125,4.36
2026-05-08T03:15:00+00:00,ASTERUSDT,B,0.00511,3.11
2026-05-08T03:30:00+00:00,ONDOUSDT,B,0.00449,3.21
2026-05-08T03:45:00+00:00,ALGOUSDT,B,0.00708,6.21
2026-05-08T03:45:00+00:00,METAUSDT,B,0.00113,3.21
2026-05-08T04:45:00+00:00,SEIUSDT,B,0.00541,5.35
2026-05-08T05:00:00+00:00,HBARUSDT,B,0.00078,5.65
2026-05-08T06:15:00+00:00,HOMEUSDT,B,0.01194,4.47
2026-05-08T06:15:00+00:00,ICPUSDT,B,0.025,4.34
2026-05-08T06:45:00+00:00,OPUSDT,B,0.00471,4.85
2026-05-08T07:00:00+00:00,CHZUSDT,B,0.02902,17.93
2026-05-08T07:00:00+00:00,HOMEUSDT,A,-0.01055,17.94
2026-05-08T07:00:00+00:00,ICPUSDT,A,-0.01803,4.82
2026-05-08T07:15:00+00:00,XLMUSDT,B,0.00089,6.6
2026-05-08T07:30:00+00:00,NEARUSDT,B,0.01801,7.66
2026-05-08T07:45:00+00:00,INJUSDT,B,0.02232,5.83
2026-05-08T08:00:00+00:00,INJUSDT,A,-0.00645,4.15
2026-05-08T08:45:00+00:00,EIGENUSDT,A,-0.02389,2.55
2026-05-08T08:45:00+00:00,TRXUSDT,A,-0.00609,3.36
2026-05-08T09:00:00+00:00,ARBUSDT,B,0.01517,3.06
2026-05-08T09:00:00+00:00,CHZUSDT,A,-0.03063,7.97
2026-05-08T09:00:00+00:00,JTOUSDT,B,0.05017,3.94
2026-05-08T09:00:00+00:00,ONDOUSDT,B,0.01127,3.03
2026-05-08T09:15:00+00:00,VVVUSDT,B,0.01193,4.91
2026-05-08T09:30:00+00:00,ENAUSDT,B,8e-05,3.89
2026-05-08T10:00:00+00:00,ETCUSDT,B,0.00011,3.06
2026-05-08T10:00:00+00:00,LITUSDT,B,0.01356,3.57
2026-05-08T10:30:00+00:00,HBARUSDT,B,0.00386,6.98
2026-05-08T10:45:00+00:00,NATGASUSDT,B,0.00279,5.18
2026-05-08T10:45:00+00:00,PENDLEUSDT,B,0.01062,4.28
2026-05-08T11:00:00+00:00,HOMEUSDT,B,0.00028,4.24
2026-05-08T11:15:00+00:00,NATGASUSDT,A,-0.00417,4.91
2026-05-08T11:30:00+00:00,ONDOUSDT,A,-0.01762,7.11
2026-05-08T12:00:00+00:00,1000BONKUSDT,B,0.00201,3.39
2026-05-08T12:00:00+00:00,EIGENUSDT,B,0.01243,3.09
2026-05-08T12:00:00+00:00,HOMEUSDT,A,-0.00912,4.74
2026-05-08T12:00:00+00:00,TIAUSDT,A,-0.0082,4.16
2026-05-08T12:30:00+00:00,EWYUSDT,B,0.00764,3.74
2026-05-08T12:45:00+00:00,FILUSDT,A,-0.02059,8.65
2026-05-08T12:45:00+00:00,RIFUSDT,B,0.01839,4.27
2026-05-08T13:15:00+00:00,ONDOUSDT,B,0.00051,4.69
2026-05-08T13:30:00+00:00,AAPLUSDT,B,0.01119,9.64
2026-05-08T13:30:00+00:00,COINUSDT,A,-0.00773,11.9
2026-05-08T13:30:00+00:00,EIGENUSDT,A,-0.02105,5.98
2026-05-08T13:30:00+00:00,GOOGLUSDT,B,0.00463,3.33
2026-05-08T13:30:00+00:00,INTCUSDT,B,0.0251,7.68
2026-05-08T13:30:00+00:00,MSTRUSDT,B,0.00324,4.22
2026-05-08T13:30:00+00:00,NVDAUSDT,B,0.01674,9.61
2026-05-08T13:30:00+00:00,PLTRUSDT,A,-0.01744,6.13
2026-05-08T13:30:00+00:00,QQQUSDT,B,0.00347,6.99
2026-05-08T13:30:00+00:00,TSLAUSDT,B,0.01332,3.23
2026-05-08T13:45:00+00:00,UNIUSDT,B,0.00604,7.42
2026-05-08T14:00:00+00:00,KITEUSDT,A,-0.02393,6.23
2026-05-08T14:15:00+00:00,SPYUSDT,B,0.0002,3.01
2026-05-08T14:15:00+00:00,TIAUSDT,B,0.012,4.5
2026-05-08T14:30:00+00:00,LTCUSDT,B,0.00721,3.4
2026-05-08T14:30:00+00:00,SUIUSDT,B,0.01551,4.16
2026-05-08T14:45:00+00:00,NATGASUSDT,B,0.00104,4.46
2026-05-08T15:00:00+00:00,MSTRUSDT,A,-0.01277,5.25
2026-05-08T15:15:00+00:00,KAITOUSDT,B,0.00559,4.59
2026-05-08T15:15:00+00:00,NATGASUSDT,A,-0.00828,12.57
2026-05-08T15:15:00+00:00,UNIUSDT,A,-0.00534,4.86
2026-05-08T15:30:00+00:00,APTUSDT,B,0.01168,4.64
2026-05-08T15:30:00+00:00,ARBUSDT,B,0.01183,3.1
2026-05-08T15:30:00+00:00,FILUSDT,B,0.06239,9.58
2026-05-08T15:45:00+00:00,ETCUSDT,B,0.01071,6.26
2026-05-08T15:45:00+00:00,HBARUSDT,B,0.00425,6.4
2026-05-08T16:00:00+00:00,JUPUSDT,B,0.01365,3.23
2026-05-08T16:00:00+00:00,SEIUSDT,B,0.0054,4.05
2026-05-08T16:15:00+00:00,PENDLEUSDT,B,0.00713,4.13
2026-05-08T17:00:00+00:00,ETHFIUSDT,B,0.01086,13.71
2026-05-08T17:00:00+00:00,ONDOUSDT,A,-0.02476,17.58
2026-05-08T17:15:00+00:00,ONDOUSDT,B,0.02426,11.34
2026-05-08T17:15:00+00:00,OPUSDT,B,0.01796,4.71
2026-05-08T17:30:00+00:00,1000BONKUSDT,B,0.01061,5.1
2026-05-08T17:30:00+00:00,1000PEPEUSDT,B,0.01266,4.15
2026-05-08T17:30:00+00:00,1000SHIBUSDT,B,0.0047,3.64
2026-05-08T17:30:00+00:00,JUPUSDT,A,-0.03092,11.29
2026-05-08T17:30:00+00:00,LINKUSDT,B,0.00747,5.34
2026-05-08T17:30:00+00:00,XLMUSDT,B,0.01081,4.53
2026-05-08T17:45:00+00:00,BSBUSDT,A,-0.08181,5.73
2026-05-08T18:00:00+00:00,TRUMPUSDT,B,0.00654,4.05
2026-05-08T18:15:00+00:00,OPUSDT,A,-0.00857,14.16
2026-05-08T18:30:00+00:00,ALGOUSDT,B,0.00076,3.18
2026-05-08T18:30:00+00:00,ENAUSDT,B,0.02028,3.66
2026-05-08T18:30:00+00:00,TIAUSDT,B,0.00291,4.17
2026-05-08T18:45:00+00:00,HOMEUSDT,B,0.01261,5.12
2026-05-08T18:45:00+00:00,SPYUSDT,A,-0.00132,3.49
2026-05-08T19:30:00+00:00,1000BONKUSDT,A,-0.02417,5.34
2026-05-08T19:30:00+00:00,BSBUSDT,B,0.06385,3.51
2026-05-08T19:45:00+00:00,ICPUSDT,B,0.01637,3.55
2026-05-08T20:00:00+00:00,NATGASUSDT,B,0.00353,6.36
2026-05-08T20:30:00+00:00,ICPUSDT,A,-0.01873,10.7
2026-05-08T21:00:00+00:00,JUPUSDT,B,0.01457,3.48
2026-05-08T21:15:00+00:00,OPUSDT,B,0.02906,8.62
2026-05-08T21:30:00+00:00,1000BONKUSDT,B,0.01789,5.18
2026-05-08T21:30:00+00:00,ADAUSDT,B,0.01651,8.08
2026-05-08T21:30:00+00:00,ALGOUSDT,A,-0.01392,4.28
2026-05-08T21:30:00+00:00,FILUSDT,B,0.01617,3.61
2026-05-08T21:30:00+00:00,LITUSDT,B,0.00371,3.22
2026-05-08T21:45:00+00:00,ONDOUSDT,B,0.02587,8.92
2026-05-08T22:00:00+00:00,ASTERUSDT,B,0.02387,6.58
2026-05-08T22:30:00+00:00,OPUSDT,A,-0.02301,15.16
2026-05-09T00:00:00+00:00,ICPUSDT,B,0.00636,5.82
2026-05-09T00:00:00+00:00,VIRTUALUSDT,B,0.03182,5.4
2026-05-09T00:00:00+00:00,XPLUSDT,B,0.01089,4.76
2026-05-09T00:15:00+00:00,ATOMUSDT,B,0.00203,4.61
2026-05-09T00:15:00+00:00,SEIUSDT,B,0.01788,5.44
2026-05-09T00:15:00+00:00,SUIUSDT,B,0.01363,4.01
2026-05-09T00:15:00+00:00,UNIUSDT,B,0.00539,3.96
2026-05-09T00:15:00+00:00,VIRTUALUSDT,A,-0.01615,4.52
2026-05-09T00:30:00+00:00,ICPUSDT,A,-0.01718,8.99
2026-05-09T01:15:00+00:00,SUIUSDT,A,-0.00549,7.36
2026-05-09T01:30:00+00:00,HBARUSDT,B,0.00392,3.22
2026-05-09T01:45:00+00:00,LINKUSDT,B,0.00609,4.4
2026-05-09T01:45:00+00:00,ONDOUSDT,A,-0.02559,5.68
2026-05-09T02:00:00+00:00,ONDOUSDT,B,0.00586,5.65
2026-05-09T02:00:00+00:00,VVVUSDT,B,0.04482,9.27
2026-05-09T02:00:00+00:00,XLMUSDT,B,0.00336,4.55
2026-05-09T02:30:00+00:00,ETHFIUSDT,B,0.00526,3.15
2026-05-09T02:30:00+00:00,JUPUSDT,B,0.0016,4.35
2026-05-09T03:45:00+00:00,FETUSDT,B,0.00543,3.08
2026-05-09T04:00:00+00:00,AEROUSDT,B,0.01183,7.7
2026-05-09T04:00:00+00:00,TIAUSDT,B,0.01568,3.54
2026-05-09T04:15:00+00:00,JUPUSDT,A,-0.01167,13.24
2026-05-09T04:15:00+00:00,RENDERUSDT,A,-0.00734,4.52
2026-05-09T04:15:00+00:00,VVVUSDT,A,-0.0152,6.34
2026-05-09T04:30:00+00:00,ASTERUSDT,B,0.01819,17.47
2026-05-09T05:00:00+00:00,ASTERUSDT,A,-0.00527,4.36
2026-05-09T05:00:00+00:00,ICPUSDT,B,0.01641,4.3
2026-05-09T05:30:00+00:00,ETCUSDT,B,0.01174,3.34
2026-05-09T06:00:00+00:00,NEARUSDT,B,0.00251,3.07
2026-05-09T06:00:00+00:00,ONDOUSDT,A,-0.01259,6.81
2026-05-09T06:00:00+00:00,VVVUSDT,B,0.00187,3.77
2026-05-09T06:15:00+00:00,KITEUSDT,A,-0.00694,3.98
2026-05-09T06:15:00+00:00,SEIUSDT,A,-0.01014,4.44
2026-05-09T07:30:00+00:00,OPUSDT,A,-0.01724,4.6
2026-05-09T08:00:00+00:00,ARBUSDT,B,0.01296,8.82
2026-05-09T08:00:00+00:00,KITEUSDT,B,0.0192,3.12
2026-05-09T09:00:00+00:00,SUIUSDT,A,-0.01989,8.12
2026-05-09T09:15:00+00:00,EPICUSDT,B,0.01464,4.15
2026-05-09T09:15:00+00:00,FILUSDT,A,-0.03639,10.56
2026-05-09T09:15:00+00:00,ICPUSDT,A,-0.02121,4.14
2026-05-09T09:30:00+00:00,EPICUSDT,A,-0.01075,5.11
2026-05-09T09:30:00+00:00,SUIUSDT,B,0.00986,5.52
2026-05-09T09:45:00+00:00,ONDOUSDT,B,0.00192,5.98
2026-05-09T12:00:00+00:00,AEROUSDT,B,0.03242,12.01
2026-05-09T12:30:00+00:00,XLMUSDT,A,-0.00366,6.25
2026-05-09T13:00:00+00:00,JUPUSDT,B,0.01168,4.67
2026-05-09T13:30:00+00:00,ASTERUSDT,B,0.00183,3.83
2026-05-09T14:15:00+00:00,FETUSDT,A,-0.01435,4.06
2026-05-09T14:15:00+00:00,VVVUSDT,B,0.02161,4.15
2026-05-09T14:30:00+00:00,AEROUSDT,A,-0.01235,4.8
2026-05-09T15:00:00+00:00,FETUSDT,B,0.00043,5.72
2026-05-09T15:15:00+00:00,JUPUSDT,A,-0.01702,5.58
2026-05-09T15:30:00+00:00,WLFIUSDT,A,-0.01834,6.77
2026-05-09T16:15:00+00:00,DEXEUSDT,B,0.02461,5.45
2026-05-09T16:45:00+00:00,USUSDT,B,0.02231,4.92
2026-05-09T17:00:00+00:00,JUPUSDT,B,0.01083,4.53
2026-05-09T17:00:00+00:00,UNIUSDT,B,0.01045,4.16
2026-05-09T17:15:00+00:00,SEIUSDT,B,0.0128,3.81
2026-05-09T18:15:00+00:00,ALLOUSDT,B,0.02604,5.81
2026-05-09T18:45:00+00:00,ALLOUSDT,A,-0.00911,8.85
2026-05-09T19:00:00+00:00,KITEUSDT,B,0.00789,5.11
2026-05-09T19:15:00+00:00,AEROUSDT,B,0.02965,11.53
2026-05-09T19:30:00+00:00,KITEUSDT,A,-0.01352,8.25
2026-05-09T20:30:00+00:00,AEROUSDT,A,-0.01225,4.91
2026-05-09T22:00:00+00:00,VVVUSDT,B,0.01765,4.86
2026-05-09T22:30:00+00:00,UNIUSDT,B,0.01396,3.93
2026-05-09T23:00:00+00:00,SEIUSDT,B,0.00581,4.79
2026-05-09T23:15:00+00:00,ATOMUSDT,B,0.00052,6.52
2026-05-10T00:00:00+00:00,ATOMUSDT,A,-0.01188,5.91
2026-05-10T00:00:00+00:00,ETCUSDT,B,0.00637,7.77
2026-05-10T00:15:00+00:00,SUIUSDT,B,0.01891,14.44
2026-05-10T00:30:00+00:00,SUIUSDT,A,-0.01256,4.87
2026-05-10T01:00:00+00:00,INJUSDT,A,-0.01223,2.99
2026-05-10T01:00:00+00:00,KITEUSDT,B,0.01024,4.9
2026-05-10T01:00:00+00:00,SEIUSDT,A,-0.00722,6.26
2026-05-10T01:15:00+00:00,KITEUSDT,A,-0.02822,5.11
2026-05-10T05:15:00+00:00,UNIUSDT,B,0.02121,11.27
2026-05-10T05:30:00+00:00,JTOUSDT,A,-0.02459,6.51
2026-05-10T05:45:00+00:00,ALGOUSDT,B,0.00788,3.8
2026-05-10T07:15:00+00:00,HBARUSDT,B,0.00794,3.99
2026-05-10T08:00:00+00:00,AVAXUSDT,B,0.00796,3.01
2026-05-10T08:00:00+00:00,SUIUSDT,B,0.01182,5.17
2026-05-10T08:45:00+00:00,USUSDT,A,-0.02867,5.25
2026-05-10T10:00:00+00:00,SYNUSDT,B,0.01435,63.43
2026-05-10T10:00:00+00:00,UNIUSDT,A,-0.01132,10.62
2026-05-10T10:15:00+00:00,SYNUSDT,A,-0.01176,12.84
2026-05-10T11:00:00+00:00,SEIUSDT,B,0.00698,3.0
2026-05-10T11:15:00+00:00,HOMEUSDT,B,0.00757,8.0
2026-05-10T12:00:00+00:00,HBARUSDT,B,0.00452,4.41
2026-05-10T12:00:00+00:00,SUIUSDT,A,-0.01053,4.95
2026-05-10T12:15:00+00:00,HBARUSDT,A,-0.00544,5.01
2026-05-10T12:30:00+00:00,UNIUSDT,B,0.00581,3.99
2026-05-10T13:00:00+00:00,AEROUSDT,B,0.00629,3.12
2026-05-10T13:00:00+00:00,ASTERUSDT,B,0.0106,3.96
2026-05-10T13:30:00+00:00,TAOUSDT,B,0.02446,5.79
2026-05-10T13:45:00+00:00,AAVEUSDT,B,0.01784,6.09
2026-05-10T13:45:00+00:00,PENDLEUSDT,A,-0.02346,5.06
2026-05-10T13:45:00+00:00,SUIUSDT,B,0.01253,3.52
2026-05-10T13:45:00+00:00,TAOUSDT,A,-0.02499,4.51
2026-05-10T14:00:00+00:00,ASTERUSDT,A,-0.00887,6.06
2026-05-10T14:15:00+00:00,ARBUSDT,A,-0.01188,4.25
2026-05-10T14:15:00+00:00,UNIUSDT,A,-0.01135,9.68
2026-05-10T14:30:00+00:00,1000SHIBUSDT,B,0.00926,5.65
2026-05-10T15:00:00+00:00,ATOMUSDT,B,0.01701,5.2
2026-05-10T15:15:00+00:00,ETHFIUSDT,B,0.00328,3.2
2026-05-10T15:30:00+00:00,KITEUSDT,A,-0.01701,8.86
2026-05-10T15:30:00+00:00,SEIUSDT,B,0.01228,7.39
2026-05-10T15:45:00+00:00,ADAUSDT,B,0.01588,11.76
2026-05-10T15:45:00+00:00,KITEUSDT,B,0.00358,5.95
2026-05-10T15:45:00+00:00,LINKUSDT,B,0.00435,3.06
2026-05-10T15:45:00+00:00,WLDUSDT,B,0.02706,6.11
2026-05-10T16:00:00+00:00,EWYUSDT,B,0.01208,3.58
2026-05-10T16:00:00+00:00,HBARUSDT,B,0.00344,5.92
2026-05-10T16:00:00+00:00,LTCUSDT,B,0.00627,7.89
2026-05-10T16:15:00+00:00,1000BONKUSDT,B,0.00596,4.14
2026-05-10T16:15:00+00:00,TIAUSDT,B,0.02132,5.85
2026-05-10T16:15:00+00:00,WLDUSDT,A,-0.01674,16.18
2026-05-10T16:15:00+00:00,XLMUSDT,B,0.00716,8.94
2026-05-10T16:30:00+00:00,ATOMUSDT,A,-0.01221,3.82
2026-05-10T16:30:00+00:00,ETCUSDT,B,0.00452,3.04
2026-05-10T16:30:00+00:00,SUIUSDT,A,-0.01241,28.71
2026-05-10T16:30:00+00:00,VVVUSDT,A,-0.01575,4.56
2026-05-10T16:45:00+00:00,TIAUSDT,A,-0.01845,8.77
2026-05-10T17:00:00+00:00,APTUSDT,B,0.01952,6.47
2026-05-10T17:15:00+00:00,1000PEPEUSDT,B,0.03639,11.64
2026-05-10T17:15:00+00:00,AVAXUSDT,B,0.00877,3.41
2026-05-10T17:15:00+00:00,UNIUSDT,B,0.0035,3.67
2026-05-10T17:30:00+00:00,1000PEPEUSDT,A,-0.01361,21.99
2026-05-10T17:30:00+00:00,APTUSDT,A,-0.02665,9.57
2026-05-10T17:30:00+00:00,HBARUSDT,A,-0.00416,4.35
2026-05-10T17:30:00+00:00,SEIUSDT,A,-0.01686,7.49
2026-05-10T17:30:00+00:00,USUSDT,B,0.05969,9.4
2026-05-10T17:30:00+00:00,XLMUSDT,A,-0.00516,7.26
2026-05-10T17:45:00+00:00,ASTERUSDT,B,0.0078,7.78
2026-05-10T18:15:00+00:00,SUIUSDT,B,0.00354,15.99
2026-05-10T18:30:00+00:00,ALLOUSDT,A,-0.0392,6.87
2026-05-10T18:30:00+00:00,TLMUSDT,B,0.00718,5.16
2026-05-10T18:45:00+00:00,1000BONKUSDT,A,-0.01003,6.7
2026-05-10T18:45:00+00:00,WIFUSDT,B,0.01359,3.23
2026-05-10T19:15:00+00:00,JUPUSDT,B,0.01845,3.68
2026-05-10T19:30:00+00:00,SEIUSDT,B,0.02104,16.13
2026-05-10T19:45:00+00:00,NEARUSDT,B,0.00247,3.95
2026-05-10T20:30:00+00:00,ASTERUSDT,A,-0.01554,5.52
2026-05-10T20:30:00+00:00,AVAXUSDT,A,-0.01683,4.62
2026-05-10T20:30:00+00:00,FILUSDT,A,-0.03398,8.3
2026-05-10T20:30:00+00:00,LINKUSDT,A,-0.01255,4.81
2026-05-10T20:30:00+00:00,NEARUSDT,A,-0.02124,4.65
2026-05-10T20:30:00+00:00,PUMPUSDT,A,-0.01403,1.9
2026-05-10T20:30:00+00:00,SUIUSDT,A,-0.01937,21.83
2026-05-10T20:30:00+00:00,UNIUSDT,A,-0.01418,7.04
2026-05-10T20:30:00+00:00,USUSDT,A,-0.01581,25.32
2026-05-10T20:30:00+00:00,WLDUSDT,A,-0.02702,3.58
2026-05-10T20:45:00+00:00,AAVEUSDT,A,-0.00957,5.73
2026-05-10T20:45:00+00:00,ADAUSDT,A,-0.01385,11.33
2026-05-10T20:45:00+00:00,AEROUSDT,A,-0.0173,4.65
2026-05-10T20:45:00+00:00,ALGOUSDT,A,-0.00939,4.48
2026-05-10T20:45:00+00:00,ALLOUSDT,B,0.00336,3.6
2026-05-10T20:45:00+00:00,BNBUSDT,A,-0.00371,4.04
2026-05-10T20:45:00+00:00,CHZUSDT,A,-0.00885,4.54
2026-05-10T20:45:00+00:00,DOTUSDT,A,-0.00946,4.68
2026-05-10T20:45:00+00:00,EIGENUSDT,A,-0.02046,2.3
2026-05-10T20:45:00+00:00,ENAUSDT,A,-0.01486,5.59
2026-05-10T20:45:00+00:00,ETHFIUSDT,A,-0.01643,8.3
2026-05-10T20:45:00+00:00,FARTCOINUSDT,A,-0.01363,6.98
2026-05-10T20:45:00+00:00,FETUSDT,A,-0.0071,10.83
2026-05-10T20:45:00+00:00,JUPUSDT,A,-0.03385,10.51
2026-05-10T20:45:00+00:00,LTCUSDT,A,-0.00883,16.59
2026-05-10T20:45:00+00:00,PENGUUSDT,A,-0.01149,4.51
2026-05-10T20:45:00+00:00,RENDERUSDT,A,-0.01145,12.11
2026-05-10T20:45:00+00:00,TAOUSDT,A,-0.01025,5.07
2026-05-10T20:45:00+00:00,TIAUSDT,A,-0.01024,5.58
2026-05-10T20:45:00+00:00,TRUMPUSDT,A,-0.01375,3.13
2026-05-10T20:45:00+00:00,ZROUSDT,A,-0.01507,3.01
2026-05-10T21:00:00+00:00,FARTCOINUSDT,B,0.0075,3.27
2026-05-10T21:30:00+00:00,APTUSDT,B,0.00219,5.46
2026-05-10T21:30:00+00:00,USUSDT,B,0.10967,73.51
2026-05-10T22:00:00+00:00,LTCUSDT,B,0.01041,4.6
2026-05-10T22:00:00+00:00,NATGASUSDT,B,0.00663,3.76
2026-05-10T22:00:00+00:00,PAXGUSDT,A,-0.00449,4.41
2026-05-10T22:15:00+00:00,BNBUSDT,B,0.01473,12.19
2026-05-10T22:15:00+00:00,SUIUSDT,B,0.01372,13.84
2026-05-10T23:15:00+00:00,WLDUSDT,B,0.00389,5.91
2026-05-10T23:30:00+00:00,ETCUSDT,B,0.00583,3.12
2026-05-11T00:00:00+00:00,ATOMUSDT,B,0.00199,5.91
2026-05-11T00:00:00+00:00,COINUSDT,B,0.00678,3.22
2026-05-11T00:00:00+00:00,CRCLUSDT,B,0.03896,3.68
2026-05-11T00:00:00+00:00,ETCUSDT,A,-0.00532,8.42
2026-05-11T00:00:00+00:00,EWYUSDT,A,-0.02549,11.36
2026-05-11T00:00:00+00:00,INTCUSDT,B,0.02325,3.44
2026-05-11T00:00:00+00:00,MSTRUSDT,B,0.00852,5.13
2026-05-11T00:15:00+00:00,EWYUSDT,B,0.0081,4.73
2026-05-11T00:15:00+00:00,VVVUSDT,B,0.01954,4.61
2026-05-11T00:30:00+00:00,ONDOUSDT,B,0.01431,9.7
2026-05-11T00:45:00+00:00,USUSDT,A,-0.02136,7.26
2026-05-11T01:30:00+00:00,USUSDT,B,0.01235,5.16
2026-05-11T02:15:00+00:00,APTUSDT,A,-0.00817,4.56
2026-05-11T02:30:00+00:00,SUIUSDT,A,-0.01005,6.05
2026-05-11T03:00:00+00:00,ALGOUSDT,A,-0.01356,4.28
2026-05-11T04:00:00+00:00,ASTERUSDT,A,-0.02124,14.14
2026-05-11T04:00:00+00:00,ETHFIUSDT,A,-0.00758,4.27
2026-05-11T04:15:00+00:00,KITEUSDT,B,0.01461,3.6
2026-05-11T04:30:00+00:00,ONDOUSDT,B,0.03091,4.79
2026-05-11T04:45:00+00:00,KITEUSDT,A,-0.01702,6.69
2026-05-11T05:00:00+00:00,SEIUSDT,B,0.00108,3.14
2026-05-11T05:15:00+00:00,LDOUSDT,B,0.06183,10.76
2026-05-11T05:15:00+00:00,VVVUSDT,B,0.02089,3.05
2026-05-11T05:30:00+00:00,USUSDT,B,0.00684,3.69
2026-05-11T06:15:00+00:00,SUIUSDT,B,0.02165,4.47
2026-05-11T06:30:00+00:00,SEIUSDT,A,-0.01086,6.53
2026-05-11T06:30:00+00:00,SUIUSDT,A,-0.01829,5.42
2026-05-11T08:15:00+00:00,KITEUSDT,B,0.00451,4.79
2026-05-11T08:15:00+00:00,LTCUSDT,A,-0.00562,4.77
2026-05-11T08:30:00+00:00,LTCUSDT,B,0.00462,3.49
2026-05-11T09:00:00+00:00,KITEUSDT,A,-0.03958,13.99
2026-05-11T09:15:00+00:00,LDOUSDT,B,0.0316,9.41
2026-05-11T09:15:00+00:00,USUSDT,A,-0.0327,8.93
2026-05-11T09:30:00+00:00,LDOUSDT,A,-0.03243,5.59
2026-05-11T09:45:00+00:00,ATOMUSDT,B,0.00733,4.08
2026-05-11T09:45:00+00:00,INTCUSDT,B,0.00287,4.61
2026-05-11T09:45:00+00:00,USUSDT,B,0.01178,3.33
2026-05-11T09:45:00+00:00,VVVUSDT,B,0.00243,5.1
2026-05-11T10:00:00+00:00,ESPORTSUSDT,B,0.04583,4.89
2026-05-11T10:15:00+00:00,ATOMUSDT,A,-0.00527,11.45
2026-05-11T10:15:00+00:00,CRCLUSDT,A,-0.02109,8.91
2026-05-11T10:15:00+00:00,CRVUSDT,B,0.01515,5.71
2026-05-11T10:15:00+00:00,ICPUSDT,B,0.01858,3.13
2026-05-11T10:15:00+00:00,TIAUSDT,B,0.02042,6.84
2026-05-11T11:00:00+00:00,AEROUSDT,B,0.01805,7.82
2026-05-11T11:00:00+00:00,CRCLUSDT,B,0.00167,5.58
2026-05-11T11:30:00+00:00,HBARUSDT,B,0.00176,4.25
2026-05-11T11:30:00+00:00,INJUSDT,B,0.00045,5.82
2026-05-11T11:30:00+00:00,SEIUSDT,B,0.00495,5.46
2026-05-11T12:00:00+00:00,INJUSDT,A,-0.00719,3.28
2026-05-11T12:00:00+00:00,NATGASUSDT,B,0.00136,4.83
2026-05-11T12:00:00+00:00,TIAUSDT,A,-0.02011,5.37
2026-05-11T12:30:00+00:00,ESPORTSUSDT,A,-0.01137,5.84
2026-05-11T12:45:00+00:00,VVVUSDT,A,-0.02071,7.58
2026-05-11T13:00:00+00:00,ALGOUSDT,B,0.00324,3.74
2026-05-11T13:00:00+00:00,PAXGUSDT,B,0.00428,5.47
2026-05-11T13:30:00+00:00,AAPLUSDT,A,-0.00582,6.16
2026-05-11T13:30:00+00:00,COINUSDT,B,0.0034,11.9
2026-05-11T13:30:00+00:00,EWYUSDT,B,0.00842,9.57
2026-05-11T13:30:00+00:00,GOOGLUSDT,B,0.00761,4.76
2026-05-11T13:30:00+00:00,HOODUSDT,A,-0.01354,3.86
2026-05-11T13:30:00+00:00,JUPUSDT,A,-0.02281,6.71
2026-05-11T13:30:00+00:00,MSTRUSDT,A,-0.01897,8.65
2026-05-11T13:30:00+00:00,NVDAUSDT,B,0.02264,12.86
2026-05-11T13:30:00+00:00,PLTRUSDT,A,-0.00815,8.51
2026-05-11T13:30:00+00:00,QQQUSDT,B,0.00293,5.15
2026-05-11T13:30:00+00:00,SEIUSDT,A,-0.01658,5.58
2026-05-11T13:30:00+00:00,SPYUSDT,B,0.00236,3.58
2026-05-11T13:30:00+00:00,TSMUSDT,A,-0.0159,6.35
2026-05-11T13:30:00+00:00,UNIUSDT,A,-0.00745,4.97
2026-05-11T13:45:00+00:00,INTCUSDT,A,-0.02653,5.05
2026-05-11T13:45:00+00:00,NVDAUSDT,A,-0.00858,13.13
2026-05-11T14:00:00+00:00,INTCUSDT,B,0.01596,4.19
2026-05-11T14:00:00+00:00,USUSDT,B,0.02811,6.09
2026-05-11T14:00:00+00:00,VVVUSDT,B,0.00458,8.63
2026-05-11T14:15:00+00:00,CRCLUSDT,A,-0.02137,9.63
2026-05-11T14:15:00+00:00,SUIUSDT,A,-0.02056,4.56
2026-05-11T14:15:00+00:00,USUSDT,A,-0.02972,8.54
2026-05-11T14:30:00+00:00,ICPUSDT,B,0.00175,3.02
2026-05-11T14:30:00+00:00,LTCUSDT,B,0.00103,3.14
2026-05-11T14:45:00+00:00,XPLUSDT,B,0.00098,3.66
2026-05-11T15:00:00+00:00,CRCLUSDT,B,0.01412,10.75
2026-05-11T15:00:00+00:00,KITEUSDT,B,0.00586,3.36
2026-05-11T15:00:00+00:00,LDOUSDT,A,-0.06887,37.97
2026-05-11T15:15:00+00:00,KITEUSDT,A,-0.02162,5.85
2026-05-11T15:15:00+00:00,ONDOUSDT,B,0.01953,3.14
2026-05-11T15:30:00+00:00,ESPORTSUSDT,B,0.00023,4.37
2026-05-11T16:00:00+00:00,1000BONKUSDT,B,0.00982,3.01
2026-05-11T16:00:00+00:00,CRVUSDT,B,0.01706,3.89
2026-05-11T16:00:00+00:00,SEIUSDT,B,0.0016,3.53
2026-05-11T16:00:00+00:00,SUIUSDT,B,0.01339,3.41
2026-05-11T16:15:00+00:00,CRVUSDT,A,-0.02819,7.81
2026-05-11T16:30:00+00:00,LITUSDT,A,-0.01704,6.72
2026-05-11T17:15:00+00:00,ALGOUSDT,B,0.0049,7.09
2026-05-11T17:15:00+00:00,XLMUSDT,B,0.00259,3.83
2026-05-11T17:30:00+00:00,1000SHIBUSDT,B,0.00937,4.76
2026-05-11T18:00:00+00:00,INJUSDT,B,0.00881,3.48
2026-05-11T18:00:00+00:00,VVVUSDT,B,0.02696,5.12
2026-05-11T18:15:00+00:00,1000SHIBUSDT,A,-0.0081,4.01
2026-05-11T18:15:00+00:00,HOMEUSDT,B,0.01271,7.13
2026-05-11T18:45:00+00:00,LABUSDT,B,0.28126,12.82
2026-05-11T19:00:00+00:00,LABUSDT,A,-0.05254,5.37
2026-05-11T19:00:00+00:00,RIFUSDT,B,0.01314,4.17
2026-05-11T19:30:00+00:00,HOMEUSDT,A,-0.01088,3.07
2026-05-11T19:30:00+00:00,USUSDT,A,-0.0585,5.6
2026-05-11T19:45:00+00:00,CRCLUSDT,B,0.00835,3.18
2026-05-11T19:45:00+00:00,PENDLEUSDT,B,0.01789,3.42
2026-05-11T20:00:00+00:00,NATGASUSDT,B,0.00858,4.9
2026-05-11T20:00:00+00:00,VVVUSDT,A,-0.02807,5.39
2026-05-11T21:00:00+00:00,CRVUSDT,B,0.00903,4.06
2026-05-11T21:45:00+00:00,NATGASUSDT,A,-0.01535,4.98
2026-05-11T22:00:00+00:00,LITUSDT,A,-0.03305,5.86
2026-05-11T22:00:00+00:00,SEIUSDT,B,0.00227,4.22
2026-05-11T22:00:00+00:00,XLMUSDT,B,0.00131,3.33
2026-05-11T22:15:00+00:00,INJUSDT,B,0.00702,5.87
2026-05-11T22:30:00+00:00,INJUSDT,A,-0.01353,3.23
2026-05-11T22:45:00+00:00,BNBUSDT,B,0.00924,9.4
2026-05-11T23:15:00+00:00,ATOMUSDT,B,0.0104,3.81
2026-05-11T23:15:00+00:00,RIFUSDT,B,0.01165,7.07
2026-05-12T00:00:00+00:00,ATOMUSDT,A,-0.0093,4.5
2026-05-12T00:00:00+00:00,RENDERUSDT,A,-0.00767,6.47
2026-05-12T00:00:00+00:00,RIFUSDT,A,-0.05049,38.09
2026-05-12T01:00:00+00:00,KITEUSDT,B,0.07532,26.46
2026-05-12T01:15:00+00:00,EWYUSDT,A,-0.01649,9.21
2026-05-12T01:15:00+00:00,KITEUSDT,A,-0.03107,18.31
2026-05-12T01:30:00+00:00,APTUSDT,A,-0.0086,4.84
2026-05-12T01:30:00+00:00,BCHUSDT,A,-0.00492,2.3
2026-05-12T01:30:00+00:00,BNBUSDT,A,-0.00572,7.02
2026-05-12T01:30:00+00:00,FILUSDT,A,-0.01248,6.04
2026-05-12T01:30:00+00:00,INTCUSDT,A,-0.01136,6.61
2026-05-12T01:30:00+00:00,LTCUSDT,A,-0.00516,5.28
2026-05-12T01:30:00+00:00,SEIUSDT,A,-0.01285,5.56
2026-05-12T01:30:00+00:00,UNIUSDT,A,-0.00985,5.35
2026-05-12T01:30:00+00:00,XPLUSDT,A,-0.01379,4.49
2026-05-12T02:00:00+00:00,EWYUSDT,B,0.02136,9.44
2026-05-12T02:00:00+00:00,HOMEUSDT,A,-0.0263,4.68
2026-05-12T02:00:00+00:00,ONDOUSDT,B,0.02998,4.07
2026-05-12T02:45:00+00:00,TRXUSDT,A,-0.00295,4.88
2026-05-12T03:15:00+00:00,TRXUSDT,B,0.00063,4.96
2026-05-12T03:30:00+00:00,ESPORTSUSDT,B,0.03029,5.39
2026-05-12T04:15:00+00:00,PENDLEUSDT,A,-0.03132,6.14
2026-05-12T04:30:00+00:00,RIFUSDT,B,0.01713,3.84
2026-05-12T04:45:00+00:00,VVVUSDT,B,0.00902,3.01
2026-05-12T05:15:00+00:00,ATOMUSDT,B,0.00742,3.67
2026-05-12T05:30:00+00:00,INJUSDT,B,0.01045,3.97
2026-05-12T05:30:00+00:00,VVVUSDT,A,-0.03324,7.46
2026-05-12T05:45:00+00:00,INJUSDT,A,-0.01584,3.39
2026-05-12T06:30:00+00:00,KITEUSDT,B,0.03214,4.68
2026-05-12T06:30:00+00:00,RIFUSDT,A,-0.02399,12.47
2026-05-12T07:00:00+00:00,ETCUSDT,B,0.00115,4.15
2026-05-12T07:00:00+00:00,RENDERUSDT,B,0.01312,6.78
2026-05-12T07:30:00+00:00,NEARUSDT,B,0.00383,5.24
2026-05-12T08:15:00+00:00,ESPORTSUSDT,B,0.00829,5.57
2026-05-12T08:30:00+00:00,RIFUSDT,B,0.00429,5.18
2026-05-12T09:15:00+00:00,JUPUSDT,A,-0.01272,3.87
2026-05-12T09:45:00+00:00,INJUSDT,B,0.00958,3.57
2026-05-12T10:30:00+00:00,ATOMUSDT,A,-0.00968,4.82
2026-05-12T10:30:00+00:00,ESPORTSUSDT,A,-0.01391,12.56
2026-05-12T10:45:00+00:00,PENDLEUSDT,A,-0.01358,4.12
2026-05-12T11:15:00+00:00,LITUSDT,A,-0.01313,7.24
2026-05-12T11:15:00+00:00,PENDLEUSDT,B,0.01762,6.75
2026-05-12T11:15:00+00:00,QQQUSDT,B,0.00016,4.1
2026-05-12T11:30:00+00:00,ATOMUSDT,B,0.00345,4.71
2026-05-12T11:30:00+00:00,LITUSDT,B,0.0111,5.98
2026-05-12T11:45:00+00:00,ETHFIUSDT,B,0.00921,3.05
2026-05-12T11:45:00+00:00,RIFUSDT,A,-0.03796,20.03
2026-05-12T12:00:00+00:00,KAITOUSDT,A,-0.01116,6.38
2026-05-12T12:00:00+00:00,NATGASUSDT,B,0.00198,3.56
2026-05-12T12:15:00+00:00,LINKUSDT,B,0.00195,12.14
2026-05-12T12:30:00+00:00,CRVUSDT,A,-0.01976,4.18
2026-05-12T12:30:00+00:00,ESPORTSUSDT,B,0.0062,7.73
2026-05-12T12:30:00+00:00,ETCUSDT,B,0.00085,4.6
2026-05-12T12:30:00+00:00,EWYUSDT,B,0.00851,5.8
2026-05-12T12:30:00+00:00,FARTCOINUSDT,B,0.00338,3.05
2026-05-12T12:30:00+00:00,HBARUSDT,B,0.00349,3.17
2026-05-12T12:30:00+00:00,INJUSDT,A,-0.03366,11.34
2026-05-12T12:30:00+00:00,LTCUSDT,B,0.00069,5.63
2026-05-12T12:30:00+00:00,NEARUSDT,B,0.00778,4.94
2026-05-12T12:30:00+00:00,RIFUSDT,B,0.01619,4.5
2026-05-12T12:30:00+00:00,SUIUSDT,B,0.00814,4.59
2026-05-12T12:30:00+00:00,VVVUSDT,B,0.00532,3.41
2026-05-12T13:00:00+00:00,ALGOUSDT,B,0.00889,4.53
2026-05-12T13:30:00+00:00,AAPLUSDT,B,0.00287,7.69
2026-05-12T13:30:00+00:00,COINUSDT,B,0.01161,18.79
2026-05-12T13:30:00+00:00,CRCLUSDT,B,0.00727,30.57
2026-05-12T13:30:00+00:00,GOOGLUSDT,B,0.00183,4.39
2026-05-12T13:30:00+00:00,INTCUSDT,B,0.0197,9.32
2026-05-12T13:30:00+00:00,METAUSDT,B,0.00596,3.8
2026-05-12T13:30:00+00:00,MSTRUSDT,A,-0.00653,5.88
2026-05-12T13:30:00+00:00,NVDAUSDT,B,0.02401,17.52
2026-05-12T13:30:00+00:00,PLTRUSDT,B,0.00139,7.48
2026-05-12T13:30:00+00:00,TSLAUSDT,B,0.01001,6.19
2026-05-12T13:30:00+00:00,TSMUSDT,B,0.00871,3.4
2026-05-12T13:45:00+00:00,COINUSDT,A,-0.02394,7.5
2026-05-12T13:45:00+00:00,CRCLUSDT,A,-0.03868,14.46
2026-05-12T13:45:00+00:00,EPICUSDT,B,0.00027,3.03
2026-05-12T13:45:00+00:00,EWYUSDT,A,-0.0201,5.34
2026-05-12T13:45:00+00:00,NVDAUSDT,A,-0.01559,7.6
2026-05-12T14:00:00+00:00,INJUSDT,B,0.00657,3.89
2026-05-12T14:00:00+00:00,MSTRUSDT,B,0.00515,3.04
2026-05-12T14:30:00+00:00,1000SHIBUSDT,B,0.00377,3.18
2026-05-12T14:30:00+00:00,AAVEUSDT,A,-0.00622,5.47
2026-05-12T14:30:00+00:00,ADAUSDT,B,0.00037,3.56
2026-05-12T14:30:00+00:00,ASTERUSDT,B,0.00015,5.79
2026-05-12T14:30:00+00:00,AVAXUSDT,B,0.00092,5.38
2026-05-12T14:30:00+00:00,FETUSDT,B,0.0049,4.08
2026-05-12T14:30:00+00:00,PENGUUSDT,A,-0.00669,4.56
2026-05-12T14:30:00+00:00,RENDERUSDT,B,0.00053,4.17
2026-05-12T14:30:00+00:00,TIAUSDT,B,0.00278,4.29
2026-05-12T14:30:00+00:00,WLDUSDT,B,0.00302,3.8
2026-05-12T14:30:00+00:00,XLMUSDT,B,0.00221,5.71
2026-05-12T14:45:00+00:00,QQQUSDT,A,-0.00312,5.92
2026-05-12T15:00:00+00:00,EPICUSDT,A,-0.01075,4.8
2026-05-12T15:15:00+00:00,ALGOUSDT,A,-0.02269,9.93
2026-05-12T15:15:00+00:00,BNBUSDT,A,-0.00703,7.72
2026-05-12T15:15:00+00:00,INTCUSDT,A,-0.01274,4.49
2026-05-12T15:15:00+00:00,LINKUSDT,A,-0.00939,4.77
2026-05-12T15:15:00+00:00,MORPHOUSDT,A,-0.01771,4.64
2026-05-12T15:30:00+00:00,SPYUSDT,B,0.00177,3.45
2026-05-12T16:30:00+00:00,RIFUSDT,B,0.0097,5.54
2026-05-12T16:45:00+00:00,ADAUSDT,A,-0.00631,4.33
2026-05-12T17:00:00+00:00,ESPORTSUSDT,B,0.02486,15.5
2026-05-12T17:00:00+00:00,EWYUSDT,B,0.00963,3.12
2026-05-12T17:00:00+00:00,QQQUSDT,B,0.00347,3.05
2026-05-12T17:30:00+00:00,ATOMUSDT,B,0.00875,3.15
2026-05-12T17:45:00+00:00,ESPORTSUSDT,A,-0.04077,37.09
2026-05-12T18:15:00+00:00,RIFUSDT,A,-0.02628,9.73
2026-05-12T18:30:00+00:00,NEARUSDT,B,0.01519,3.35
2026-05-12T18:45:00+00:00,ATOMUSDT,A,-0.01081,4.67
2026-05-12T19:15:00+00:00,NEARUSDT,A,-0.0215,6.25
2026-05-12T19:30:00+00:00,VANRYUSDT,B,0.00365,3.37
2026-05-12T21:00:00+00:00,KITEUSDT,A,-0.02854,9.16
2026-05-12T21:15:00+00:00,KITEUSDT,B,0.01554,5.3
2026-05-12T21:15:00+00:00,VANRYUSDT,A,-0.00704,3.85
2026-05-12T21:30:00+00:00,TRUMPUSDT,B,0.05455,6.86
2026-05-12T22:00:00+00:00,TRUMPUSDT,A,-0.02336,8.18
2026-05-13T00:00:00+00:00,ATOMUSDT,B,0.00523,5.05
2026-05-13T00:15:00+00:00,ADAUSDT,B,0.00258,4.11
2026-05-13T00:15:00+00:00,CHZUSDT,B,0.01232,3.11
2026-05-13T00:15:00+00:00,ICPUSDT,B,0.00315,3.19
2026-05-13T00:15:00+00:00,LTCUSDT,B,0.00225,4.37
2026-05-13T00:45:00+00:00,EWYUSDT,B,0.00488,3.44
2026-05-13T00:45:00+00:00,KAITOUSDT,A,-0.00617,5.42
2026-05-13T01:00:00+00:00,BNBUSDT,B,0.01038,9.38
2026-05-13T01:00:00+00:00,KITEUSDT,A,-0.02772,4.31
2026-05-13T01:00:00+00:00,NEARUSDT,B,0.02153,6.69
2026-05-13T01:00:00+00:00,TIAUSDT,B,0.00853,3.48
2026-05-13T01:15:00+00:00,KAITOUSDT,B,0.02148,3.09
2026-05-13T01:15:00+00:00,KITEUSDT,B,0.01662,3.9
2026-05-13T01:45:00+00:00,INJUSDT,B,0.0006,3.28
2026-05-13T02:00:00+00:00,HOMEUSDT,B,0.02623,4.83
2026-05-13T02:00:00+00:00,VANRYUSDT,A,-0.03443,6.42
2026-05-13T02:45:00+00:00,ESPORTSUSDT,B,0.00515,3.14
2026-05-13T03:00:00+00:00,INJUSDT,A,-0.02934,6.81
2026-05-13T03:30:00+00:00,ETHFIUSDT,B,0.00657,3.39
2026-05-13T04:00:00+00:00,ATOMUSDT,B,0.00047,6.2
2026-05-13T04:00:00+00:00,BNBUSDT,A,-0.00569,3.78
2026-05-13T04:30:00+00:00,TIAUSDT,A,-0.01708,5.21
2026-05-13T05:30:00+00:00,ATOMUSDT,A,-0.02204,6.73
2026-05-13T05:30:00+00:00,TAOUSDT,A,-0.01675,10.89
2026-05-13T05:45:00+00:00,INJUSDT,B,0.01785,5.96
2026-05-13T07:00:00+00:00,HOMEUSDT,B,0.02592,3.42
2026-05-13T07:45:00+00:00,ESPORTSUSDT,B,0.01279,3.45
2026-05-13T08:00:00+00:00,EWYUSDT,B,0.00293,6.65
2026-05-13T08:30:00+00:00,INJUSDT,A,-0.01055,10.6
2026-05-13T08:30:00+00:00,TIAUSDT,B,0.01028,3.64
2026-05-13T08:30:00+00:00,WLDUSDT,B,0.00964,3.37
2026-05-13T09:00:00+00:00,ATOMUSDT,B,0.00141,3.93
2026-05-13T09:15:00+00:00,HEIUSDT,A,-0.01528,1.48
2026-05-13T09:45:00+00:00,KITEUSDT,B,0.00093,4.92
2026-05-13T10:00:00+00:00,TIAUSDT,A,-0.0216,8.15
2026-05-13T10:15:00+00:00,INJUSDT,B,0.0081,18.1
2026-05-13T10:30:00+00:00,ESPORTSUSDT,A,-0.03915,6.07
2026-05-13T10:30:00+00:00,KITEUSDT,A,-0.02231,8.74
2026-05-13T11:00:00+00:00,ETCUSDT,B,0.00137,3.29
2026-05-13T11:00:00+00:00,UBUSDT,A,-0.06775,5.15
2026-05-13T11:45:00+00:00,NEARUSDT,A,-0.01486,5.49
2026-05-13T11:45:00+00:00,TRUMPUSDT,A,-0.02443,5.37
2026-05-13T12:30:00+00:00,1000BONKUSDT,A,-0.01518,7.62
2026-05-13T12:30:00+00:00,1000PEPEUSDT,A,-0.01163,3.86
2026-05-13T12:30:00+00:00,ADAUSDT,A,-0.00999,7.11
2026-05-13T12:30:00+00:00,ALGOUSDT,A,-0.00833,6.3
2026-05-13T12:30:00+00:00,APTUSDT,A,-0.01367,4.75
2026-05-13T12:30:00+00:00,ARBUSDT,A,-0.01597,6.98
2026-05-13T12:30:00+00:00,ATOMUSDT,A,-0.01284,7.84
2026-05-13T12:30:00+00:00,AVAXUSDT,A,-0.00836,6.29
2026-05-13T12:30:00+00:00,BNBUSDT,A,-0.00563,11.37
2026-05-13T12:30:00+00:00,CHZUSDT,A,-0.01306,4.06
2026-05-13T12:30:00+00:00,DOTUSDT,A,-0.01306,3.05
2026-05-13T12:30:00+00:00,EIGENUSDT,A,-0.01971,3.32
2026-05-13T12:30:00+00:00,ENAUSDT,A,-0.01669,5.2
2026-05-13T12:30:00+00:00,EPICUSDT,A,-0.024,6.67
2026-05-13T12:30:00+00:00,ETCUSDT,A,-0.00915,4.65
2026-05-13T12:30:00+00:00,ETHFIUSDT,A,-0.01998,10.51
2026-05-13T12:30:00+00:00,EWYUSDT,A,-0.00978,5.31
2026-05-13T12:30:00+00:00,FARTCOINUSDT,A,-0.01131,8.47
2026-05-13T12:30:00+00:00,FETUSDT,A,-0.01307,6.62
2026-05-13T12:30:00+00:00,FILUSDT,A,-0.01386,6.3
2026-05-13T12:30:00+00:00,HBARUSDT,A,-0.00698,5.88
2026-05-13T12:30:00+00:00,LINKUSDT,A,-0.01141,7.78
2026-05-13T12:30:00+00:00,LTCUSDT,A,-0.00466,4.72
2026-05-13T12:30:00+00:00,NATGASUSDT,B,0.01425,4.49
2026-05-13T12:30:00+00:00,NVDAUSDT,A,-0.00637,8.17
2026-05-13T12:30:00+00:00,OPUSDT,A,-0.01843,5.58
2026-05-13T12:30:00+00:00,QQQUSDT,A,-0.00329,4.62
2026-05-13T12:30:00+00:00,TAOUSDT,A,-0.00888,4.85
2026-05-13T12:30:00+00:00,VANRYUSDT,A,-0.01203,2.11
2026-05-13T12:30:00+00:00,VIRTUALUSDT,A,-0.01831,6.23
2026-05-13T12:30:00+00:00,WLDUSDT,A,-0.019,7.33
2026-05-13T12:30:00+00:00,XMRUSDT,A,-0.00742,6.31
2026-05-13T12:30:00+00:00,XPLUSDT,A,-0.01749,5.17
2026-05-13T13:15:00+00:00,NVDAUSDT,B,0.00209,3.26
2026-05-13T13:30:00+00:00,AAPLUSDT,B,0.01083,7.69
2026-05-13T13:30:00+00:00,COINUSDT,A,-0.02276,8.51
2026-05-13T13:30:00+00:00,CRCLUSDT,A,-0.0416,6.83
2026-05-13T13:30:00+00:00,GOOGLUSDT,B,0.00637,16.56
2026-05-13T13:30:00+00:00,HOODUSDT,A,-0.01542,4.95
2026-05-13T13:30:00+00:00,INJUSDT,A,-0.02814,20.89
2026-05-13T13:30:00+00:00,INTCUSDT,A,-0.03589,13.03
2026-05-13T13:30:00+00:00,METAUSDT,B,0.00415,3.23
2026-05-13T13:30:00+00:00,MSTRUSDT,A,-0.02111,5.48
2026-05-13T13:30:00+00:00,SPYUSDT,A,-0.00204,6.63
2026-05-13T13:30:00+00:00,TSLAUSDT,A,-0.0043,6.25
2026-05-13T13:30:00+00:00,VELVETUSDT,B,0.01326,4.09
2026-05-13T13:45:00+00:00,BCHUSDT,A,-0.00818,3.74
2026-05-13T13:45:00+00:00,EWYUSDT,B,0.00173,6.53
2026-05-13T13:45:00+00:00,SPYUSDT,B,0.00011,3.73
2026-05-13T13:45:00+00:00,VELVETUSDT,A,-0.01266,5.03
2026-05-13T14:00:00+00:00,1000SHIBUSDT,B,0.0008,3.47
2026-05-13T14:00:00+00:00,AVAXUSDT,B,0.00195,3.78
2026-05-13T14:00:00+00:00,BNBUSDT,B,0.0038,5.44
2026-05-13T14:00:00+00:00,ETHFIUSDT,B,0.00045,4.95
2026-05-13T14:00:00+00:00,HOMEUSDT,B,0.01557,3.81
2026-05-13T14:00:00+00:00,HOODUSDT,B,0.00976,4.52
2026-05-13T14:00:00+00:00,LTCUSDT,B,0.00017,4.51
2026-05-13T14:30:00+00:00,INJUSDT,B,0.00876,11.01
2026-05-13T14:30:00+00:00,KITEUSDT,B,0.01969,7.3
2026-05-13T14:30:00+00:00,TSLAUSDT,B,0.01159,4.68
2026-05-13T15:15:00+00:00,RENDERUSDT,A,-0.00746,4.33
2026-05-13T15:15:00+00:00,SUIUSDT,A,-0.01096,5.35
2026-05-13T15:15:00+00:00,TIAUSDT,A,-0.01358,4.69
2026-05-13T15:30:00+00:00,KITEUSDT,A,-0.02972,15.08
2026-05-13T15:30:00+00:00,LABUSDT,B,0.05151,3.24
2026-05-13T15:30:00+00:00,QQQUSDT,B,0.00208,3.68
2026-05-13T15:45:00+00:00,VVVUSDT,B,0.02873,4.97
2026-05-13T16:00:00+00:00,HEIUSDT,A,-0.01532,1.81
2026-05-13T16:00:00+00:00,WLDUSDT,B,0.00195,3.32
2026-05-13T16:00:00+00:00,XLMUSDT,B,0.00133,4.89
2026-05-13T17:00:00+00:00,ESPORTSUSDT,B,0.02087,3.22
2026-05-13T17:00:00+00:00,TIAUSDT,B,0.01589,4.42
2026-05-13T17:30:00+00:00,XMRUSDT,A,-0.00847,10.99
2026-05-13T17:45:00+00:00,SEIUSDT,B,0.00225,3.05
2026-05-13T17:45:00+00:00,VELVETUSDT,B,0.03772,4.15
2026-05-13T18:30:00+00:00,INJUSDT,A,-0.01044,10.49
2026-05-13T19:30:00+00:00,NATGASUSDT,B,0.00164,9.02
2026-05-13T20:00:00+00:00,ATOMUSDT,B,0.00629,3.28
2026-05-13T20:00:00+00:00,INJUSDT,B,0.00137,4.51
2026-05-13T21:15:00+00:00,VVVUSDT,A,-0.02785,3.49
2026-05-13T23:15:00+00:00,INJUSDT,A,-0.013,5.3
2026-05-13T23:30:00+00:00,VELVETUSDT,A,-0.05092,5.55
2026-05-14T00:00:00+00:00,EWYUSDT,B,0.00195,3.22
2026-05-14T00:15:00+00:00,QQQUSDT,B,0.00045,4.24
2026-05-14T00:45:00+00:00,VVVUSDT,B,0.00712,7.31
2026-05-14T02:00:00+00:00,UBUSDT,A,-0.10818,6.1
2026-05-14T03:00:00+00:00,KITEUSDT,B,0.00018,4.92
2026-05-14T03:45:00+00:00,KITEUSDT,A,-0.01822,5.3
2026-05-14T03:45:00+00:00,VELVETUSDT,B,0.01184,5.26
2026-05-14T04:15:00+00:00,VELVETUSDT,A,-0.01891,9.38
2026-05-14T04:45:00+00:00,INJUSDT,B,0.03199,4.41
2026-05-14T05:00:00+00:00,INJUSDT,A,-0.01293,7.47
2026-05-14T05:45:00+00:00,NVDAUSDT,B,0.01722,10.74
2026-05-14T07:30:00+00:00,KITEUSDT,B,0.00067,4.25
2026-05-14T09:00:00+00:00,ETHFIUSDT,A,-0.0148,4.38
2026-05-14T09:00:00+00:00,INJUSDT,B,0.00616,3.78
2026-05-14T10:00:00+00:00,TRXUSDT,B,0.00263,6.9
2026-05-14T10:45:00+00:00,KITEUSDT,A,-0.02403,11.03
2026-05-14T11:30:00+00:00,KITEUSDT,B,0.01233,3.04
2026-05-14T12:00:00+00:00,NATGASUSDT,B,0.00463,4.89
2026-05-14T12:15:00+00:00,SPYUSDT,B,0.00042,3.37
2026-05-14T12:30:00+00:00,TLMUSDT,B,0.00242,4.19
2026-05-14T12:45:00+00:00,ESPORTSUSDT,B,0.11839,8.12
2026-05-14T13:30:00+00:00,AAPLUSDT,A,-0.0073,5.72
2026-05-14T13:30:00+00:00,COINUSDT,A,-0.02634,9.8
2026-05-14T13:30:00+00:00,CRCLUSDT,A,-0.0208,6.2
2026-05-14T13:30:00+00:00,DEXEUSDT,B,0.02789,3.04
2026-05-14T13:30:00+00:00,GOOGLUSDT,B,0.00397,4.05
2026-05-14T13:30:00+00:00,INTCUSDT,B,0.02205,6.92
2026-05-14T13:30:00+00:00,METAUSDT,B,0.00325,4.21
2026-05-14T13:30:00+00:00,NVDAUSDT,B,0.00999,16.9
2026-05-14T13:30:00+00:00,PLTRUSDT,B,0.01278,6.96
2026-05-14T13:30:00+00:00,QQQUSDT,B,0.00478,3.55
2026-05-14T13:30:00+00:00,TSMUSDT,B,0.01092,3.57
2026-05-14T13:45:00+00:00,ESPORTSUSDT,A,-0.04423,7.24
2026-05-14T13:45:00+00:00,NVDAUSDT,A,-0.00688,10.7
2026-05-14T13:45:00+00:00,QQQUSDT,A,-0.00326,6.65
2026-05-14T14:00:00+00:00,MSTRUSDT,B,0.00959,4.49
2026-05-14T14:45:00+00:00,AVAXUSDT,B,0.01149,3.99
2026-05-14T14:45:00+00:00,COINUSDT,B,0.02481,3.95
2026-05-14T14:45:00+00:00,ETHFIUSDT,B,0.01579,4.58
2026-05-14T14:45:00+00:00,FETUSDT,B,0.00934,3.22
2026-05-14T14:45:00+00:00,LINKUSDT,B,0.00808,3.25
2026-05-14T14:45:00+00:00,ONDOUSDT,B,0.01577,3.47
2026-05-14T14:45:00+00:00,WLDUSDT,B,0.01117,3.21
2026-05-14T14:45:00+00:00,XLMUSDT,B,0.01004,3.18
2026-05-14T15:00:00+00:00,VVVUSDT,B,0.01803,3.66
2026-05-14T15:15:00+00:00,DASHUSDT,A,-0.01126,5.86
2026-05-14T15:15:00+00:00,RENDERUSDT,B,0.00784,9.06
2026-05-14T15:30:00+00:00,WLFIUSDT,B,0.01901,9.43
2026-05-14T16:00:00+00:00,CRCLUSDT,B,0.04418,4.83
2026-05-14T16:00:00+00:00,ETCUSDT,B,0.00666,8.2
2026-05-14T16:00:00+00:00,INJUSDT,B,0.01655,3.5
2026-05-14T16:00:00+00:00,LTCUSDT,B,0.00241,4.32
2026-05-14T16:30:00+00:00,SPYUSDT,B,4e-05,7.12
2026-05-14T16:45:00+00:00,HBARUSDT,B,0.00167,5.25
2026-05-14T17:00:00+00:00,BNBUSDT,B,0.00223,7.51
2026-05-14T17:00:00+00:00,DOTUSDT,B,0.00576,3.57
2026-05-14T17:45:00+00:00,QQQUSDT,B,0.00101,3.29
2026-05-14T18:00:00+00:00,ESPORTSUSDT,B,0.01269,3.52
2026-05-14T18:00:00+00:00,INTCUSDT,B,0.00688,3.24
2026-05-14T18:15:00+00:00,ADAUSDT,B,0.00986,3.18
2026-05-14T18:45:00+00:00,WLDUSDT,B,0.01118,3.2
2026-05-14T18:45:00+00:00,XLMUSDT,B,0.00497,7.42
2026-05-14T19:00:00+00:00,AVAXUSDT,B,0.00208,3.23
2026-05-14T21:00:00+00:00,TACUSDT,B,0.00434,3.61
2026-05-14T22:30:00+00:00,AEROUSDT,B,0.03862,11.9
2026-05-14T23:30:00+00:00,GWEIUSDT,A,-0.02371,4.09
2026-05-14T23:30:00+00:00,LTCUSDT,B,0.00241,5.88
2026-05-15T00:00:00+00:00,GWEIUSDT,B,0.00843,3.57
2026-05-15T00:00:00+00:00,NVDAUSDT,B,0.00769,4.42
2026-05-15T01:45:00+00:00,EWYUSDT,A,-0.01954,4.95
2026-05-15T02:00:00+00:00,HOMEUSDT,B,0.01777,3.96
2026-05-15T02:15:00+00:00,EWYUSDT,B,0.00109,6.11
2026-05-15T04:30:00+00:00,JUPUSDT,B,0.01174,3.58
2026-05-15T04:30:00+00:00,MORPHOUSDT,B,0.01655,3.44
2026-05-15T05:30:00+00:00,BNBUSDT,A,-0.00392,4.39
2026-05-15T05:30:00+00:00,ETHFIUSDT,A,-0.01712,6.19
2026-05-15T05:30:00+00:00,TIAUSDT,A,-0.0162,4.18
2026-05-15T05:30:00+00:00,WLDUSDT,A,-0.01949,8.49
2026-05-15T05:45:00+00:00,EWYUSDT,A,-0.00757,4.34
2026-05-15T05:45:00+00:00,LABUSDT,A,-0.29617,10.46
2026-05-15T06:00:00+00:00,ESPORTSUSDT,B,0.02278,5.53
2026-05-15T06:00:00+00:00,LABUSDT,B,0.10737,6.89
2026-05-15T06:00:00+00:00,QQQUSDT,B,0.002,3.08
2026-05-15T06:15:00+00:00,EWYUSDT,B,0.00911,7.06
2026-05-15T06:45:00+00:00,SEIUSDT,B,0.00136,3.56
2026-05-15T07:00:00+00:00,HOMEUSDT,B,0.01028,3.37
2026-05-15T07:15:00+00:00,BNBUSDT,B,0.00476,5.65
2026-05-15T07:15:00+00:00,XLMUSDT,B,0.00319,3.47
2026-05-15T07:30:00+00:00,HOMEUSDT,A,-0.0163,6.99
2026-05-15T08:30:00+00:00,SPYUSDT,B,0.00215,3.82
2026-05-15T10:15:00+00:00,CHZUSDT,B,0.01428,3.29
2026-05-15T11:15:00+00:00,CHZUSDT,A,-0.0174,6.62
2026-05-15T11:15:00+00:00,ESPORTSUSDT,B,0.00828,5.13
2026-05-15T11:30:00+00:00,GWEIUSDT,B,0.01202,4.75
2026-05-15T11:30:00+00:00,HOMEUSDT,B,0.0006,3.09
2026-05-15T12:00:00+00:00,NATGASUSDT,B,0.01322,3.26
2026-05-15T12:30:00+00:00,GWEIUSDT,A,-0.04011,3.83
2026-05-15T13:00:00+00:00,LITUSDT,A,-0.03461,8.69
2026-05-15T13:00:00+00:00,XMRUSDT,A,-0.00725,5.04
2026-05-15T13:15:00+00:00,AAPLUSDT,B,0.00986,4.68
2026-05-15T13:15:00+00:00,LITUSDT,B,0.02243,3.09
2026-05-15T13:30:00+00:00,1000BONKUSDT,A,-0.02876,6.38
2026-05-15T13:30:00+00:00,1000PEPEUSDT,A,-0.02328,6.78
2026-05-15T13:30:00+00:00,1000SHIBUSDT,A,-0.01799,8.63
2026-05-15T13:30:00+00:00,AAPLUSDT,A,-0.00278,4.6
2026-05-15T13:30:00+00:00,ADAUSDT,A,-0.01362,7.05
2026-05-15T13:30:00+00:00,ALGOUSDT,A,-0.0242,6.93
2026-05-15T13:30:00+00:00,APTUSDT,A,-0.02266,5.84
2026-05-15T13:30:00+00:00,ARBUSDT,A,-0.01815,4.42
2026-05-15T13:30:00+00:00,ATOMUSDT,A,-0.01898,4.6
2026-05-15T13:30:00+00:00,AVAXUSDT,A,-0.01568,7.23
2026-05-15T13:30:00+00:00,BCHUSDT,A,-0.00895,4.72
2026-05-15T13:30:00+00:00,BNBUSDT,A,-0.00756,7.7
2026-05-15T13:30:00+00:00,COINUSDT,A,-0.04493,7.44
2026-05-15T13:30:00+00:00,CRCLUSDT,A,-0.03462,12.16
2026-05-15T13:30:00+00:00,DOTUSDT,A,-0.01654,5.71
2026-05-15T13:30:00+00:00,EIGENUSDT,A,-0.02944,2.91
2026-05-15T13:30:00+00:00,ENAUSDT,A,-0.02873,5.65
2026-05-15T13:30:00+00:00,ETCUSDT,A,-0.01608,4.72
2026-05-15T13:30:00+00:00,ETHFIUSDT,A,-0.02883,12.24
2026-05-15T13:30:00+00:00,EWYUSDT,A,-0.00732,5.1
2026-05-15T13:30:00+00:00,FARTCOINUSDT,A,-0.04404,11.81
2026-05-15T13:30:00+00:00,FETUSDT,A,-0.0183,5.78
2026-05-15T13:30:00+00:00,HBARUSDT,A,-0.01076,5.49
2026-05-15T13:30:00+00:00,HOMEUSDT,A,-0.00966,7.91
2026-05-15T13:30:00+00:00,HOODUSDT,A,-0.02101,4.64
2026-05-15T13:30:00+00:00,INJUSDT,A,-0.03151,5.3
2026-05-15T13:30:00+00:00,INTCUSDT,A,-0.01754,6.68
2026-05-15T13:30:00+00:00,LINKUSDT,A,-0.01386,5.08
2026-05-15T13:30:00+00:00,LTCUSDT,A,-0.0111,5.81
2026-05-15T13:30:00+00:00,METAUSDT,A,-0.00592,3.13
2026-05-15T13:30:00+00:00,MSTRUSDT,A,-0.02784,5.8
2026-05-15T13:30:00+00:00,NVDAUSDT,A,-0.01579,12.75
2026-05-15T13:30:00+00:00,OPUSDT,A,-0.01791,4.49
2026-05-15T13:30:00+00:00,QQQUSDT,A,-0.0039,4.95
2026-05-15T13:30:00+00:00,RENDERUSDT,A,-0.02503,6.3
2026-05-15T13:30:00+00:00,SEIUSDT,A,-0.01988,7.36
2026-05-15T13:30:00+00:00,SPYUSDT,A,-0.00384,5.17
2026-05-15T13:30:00+00:00,TAOUSDT,A,-0.01757,5.0
2026-05-15T13:30:00+00:00,TIAUSDT,A,-0.02039,5.3
2026-05-15T13:30:00+00:00,TRUMPUSDT,A,-0.02585,4.33
2026-05-15T13:30:00+00:00,TSLAUSDT,A,-0.0179,4.96
2026-05-15T13:30:00+00:00,TSMUSDT,A,-0.00634,6.88
2026-05-15T13:30:00+00:00,VIRTUALUSDT,A,-0.03206,5.64
2026-05-15T13:30:00+00:00,WLDUSDT,A,-0.02519,7.34
2026-05-15T13:30:00+00:00,XLMUSDT,A,-0.01609,8.14
2026-05-15T13:45:00+00:00,ASTERUSDT,A,-0.01011,4.84
2026-05-15T13:45:00+00:00,COINUSDT,B,0.00793,4.56
2026-05-15T13:45:00+00:00,EVAAUSDT,A,-0.1192,5.7
2026-05-15T13:45:00+00:00,EWYUSDT,B,0.00034,3.36
2026-05-15T13:45:00+00:00,FILUSDT,A,-0.01693,4.42
2026-05-15T13:45:00+00:00,MORPHOUSDT,A,-0.02318,7.09
2026-05-15T13:45:00+00:00,PAXGUSDT,B,0.00255,4.08
2026-05-15T13:45:00+00:00,PUMPUSDT,A,-0.00777,2.62
2026-05-15T13:45:00+00:00,SPYUSDT,B,0.00083,5.62
2026-05-15T13:45:00+00:00,SUIUSDT,A,-0.01793,5.66
2026-05-15T13:45:00+00:00,TRXUSDT,A,-0.00259,3.62
2026-05-15T13:45:00+00:00,UNIUSDT,A,-0.01394,6.1
2026-05-15T13:45:00+00:00,XPLUSDT,A,-0.01449,10.38
2026-05-15T14:00:00+00:00,ADAUSDT,B,0.00465,4.8
2026-05-15T14:00:00+00:00,AVAXUSDT,B,0.00508,5.63
2026-05-15T14:00:00+00:00,BNBUSDT,B,0.00573,6.63
2026-05-15T14:00:00+00:00,DOTUSDT,B,0.0054,5.23
2026-05-15T14:00:00+00:00,ETCUSDT,B,0.00737,9.44
2026-05-15T14:00:00+00:00,ETHFIUSDT,B,0.01146,5.83
2026-05-15T14:00:00+00:00,FARTCOINUSDT,B,0.01012,4.26
2026-05-15T14:00:00+00:00,FETUSDT,B,0.00595,3.04
2026-05-15T14:00:00+00:00,HBARUSDT,B,0.01551,6.01
2026-05-15T14:00:00+00:00,LINKUSDT,B,0.0038,5.94
2026-05-15T14:00:00+00:00,LTCUSDT,B,0.00673,3.71
2026-05-15T14:00:00+00:00,MSTRUSDT,B,0.00945,4.82
2026-05-15T14:00:00+00:00,NVDAUSDT,B,0.01225,4.71
2026-05-15T14:00:00+00:00,QQQUSDT,B,0.00529,5.85
2026-05-15T14:00:00+00:00,RENDERUSDT,B,0.00831,3.97
2026-05-15T14:00:00+00:00,UNIUSDT,B,0.0099,3.44
2026-05-15T14:00:00+00:00,WLDUSDT,B,0.00415,5.88
2026-05-15T14:00:00+00:00,XLMUSDT,B,0.00402,4.35
2026-05-15T14:15:00+00:00,KAITOUSDT,A,-0.03829,9.17
2026-05-15T15:30:00+00:00,HOMEUSDT,B,0.00452,3.34
2026-05-15T16:15:00+00:00,GWEIUSDT,B,0.01391,4.14
2026-05-15T17:45:00+00:00,GWEIUSDT,A,-0.01658,4.86
2026-05-15T20:30:00+00:00,ESPORTSUSDT,B,0.05213,5.04
2026-05-15T20:45:00+00:00,LITUSDT,B,0.00012,7.89
2026-05-15T21:00:00+00:00,ALGOUSDT,B,0.00178,4.24
2026-05-15T21:30:00+00:00,RENDERUSDT,B,0.00754,6.51
2026-05-16T00:30:00+00:00,LTCUSDT,B,0.00384,3.74
2026-05-16T02:15:00+00:00,GOOGLUSDT,B,0.00705,5.82
2026-05-16T04:00:00+00:00,BNBUSDT,A,-0.00374,5.27
2026-05-16T07:00:00+00:00,AVAXUSDT,A,-0.01078,4.17
2026-05-16T07:00:00+00:00,BCHUSDT,A,-0.00661,2.6
2026-05-16T07:00:00+00:00,CHZUSDT,A,-0.02146,5.61
2026-05-16T07:00:00+00:00,ETCUSDT,A,-0.01278,5.73
2026-05-16T07:00:00+00:00,ETHFIUSDT,A,-0.02807,10.91
2026-05-16T07:00:00+00:00,FETUSDT,A,-0.02264,9.94
2026-05-16T07:00:00+00:00,TAOUSDT,A,-0.0173,4.28
2026-05-16T07:00:00+00:00,WLDUSDT,A,-0.0145,4.36
2026-05-16T07:00:00+00:00,XPLUSDT,A,-0.02626,4.53
2026-05-16T07:15:00+00:00,ADAUSDT,B,0.00236,3.61
2026-05-16T07:15:00+00:00,ATOMUSDT,B,0.00156,3.13
2026-05-16T07:15:00+00:00,AVAXUSDT,B,0.00518,3.58
2026-05-16T07:15:00+00:00,CHZUSDT,B,0.00369,3.17
2026-05-16T07:15:00+00:00,ETHFIUSDT,B,0.0023,4.49
2026-05-16T07:15:00+00:00,FETUSDT,B,0.00823,3.08
2026-05-16T07:15:00+00:00,RENDERUSDT,B,0.00278,4.5
2026-05-16T07:15:00+00:00,TRXUSDT,A,-0.00245,6.88
2026-05-16T07:15:00+00:00,XPLUSDT,B,0.00234,4.82
2026-05-16T07:30:00+00:00,TRXUSDT,B,0.0042,6.49
2026-05-16T08:30:00+00:00,HOMEUSDT,B,0.03286,4.18
2026-05-16T08:30:00+00:00,PENDLEUSDT,B,0.02705,4.23
2026-05-16T08:45:00+00:00,AKEUSDT,A,-0.08629,6.63
2026-05-16T09:15:00+00:00,BNBUSDT,A,-0.00417,6.43
2026-05-16T09:15:00+00:00,LINKUSDT,A,-0.0085,6.35
2026-05-16T09:15:00+00:00,RENDERUSDT,A,-0.00942,5.03
2026-05-16T14:00:00+00:00,CHZUSDT,B,0.0046,3.16
2026-05-16T15:30:00+00:00,BNBUSDT,B,0.00352,3.29
2026-05-16T15:30:00+00:00,XAUTUSDT,B,0.00097,5.58
2026-05-16T16:15:00+00:00,ETCUSDT,B,0.00144,3.4
2026-05-16T16:15:00+00:00,UBUSDT,B,0.10381,3.29
2026-05-16T16:30:00+00:00,CHZUSDT,A,-0.01092,4.24
2026-05-16T18:15:00+00:00,CHZUSDT,B,0.01614,3.02
2026-05-16T19:30:00+00:00,ATOMUSDT,B,0.00545,3.3
2026-05-16T23:15:00+00:00,VELVETUSDT,A,-0.03126,5.24
2026-05-17T01:00:00+00:00,BNBUSDT,B,0.00167,3.17
2026-05-17T02:00:00+00:00,HOMEUSDT,B,0.02384,4.77
2026-05-17T03:00:00+00:00,ATOMUSDT,B,0.00843,3.18
2026-05-17T05:45:00+00:00,CHZUSDT,B,0.00953,5.07
2026-05-17T06:00:00+00:00,KAITOUSDT,B,0.01,4.24
2026-05-17T08:15:00+00:00,CHZUSDT,A,-0.01313,6.67
2026-05-17T08:15:00+00:00,HOMEUSDT,B,0.02849,3.04
2026-05-17T08:45:00+00:00,SYNUSDT,B,0.02124,9.03
2026-05-17T09:30:00+00:00,SYNUSDT,A,-0.00645,10.28
2026-05-17T10:00:00+00:00,ATOMUSDT,B,0.01386,7.25
2026-05-17T10:00:00+00:00,KAITOUSDT,B,0.0272,7.14
2026-05-17T10:15:00+00:00,BSBUSDT,B,0.07112,3.02
2026-05-17T12:45:00+00:00,MAGMAUSDT,B,0.01126,3.06
2026-05-17T13:00:00+00:00,APTUSDT,A,-0.01311,4.47
2026-05-17T13:45:00+00:00,BEATUSDT,A,-0.01375,7.22
2026-05-17T14:00:00+00:00,KAITOUSDT,B,0.00104,3.13
2026-05-17T14:15:00+00:00,BSBUSDT,B,0.06084,3.98
2026-05-17T14:15:00+00:00,LINKUSDT,B,0.00247,3.87
2026-05-17T15:45:00+00:00,KAITOUSDT,A,-0.02682,18.26
2026-05-17T16:30:00+00:00,MAGMAUSDT,A,-0.04572,5.9
2026-05-17T18:45:00+00:00,PENGUUSDT,B,0.00424,3.19
2026-05-17T22:00:00+00:00,PAXGUSDT,B,0.00349,4.2
2026-05-17T22:00:00+00:00,QQQUSDT,B,0.00115,4.84
2026-05-17T22:00:00+00:00,TAOUSDT,A,-0.02063,9.97
2026-05-17T22:00:00+00:00,XAUTUSDT,B,0.00342,5.75
2026-05-17T22:15:00+00:00,KAITOUSDT,B,0.01239,4.34
2026-05-17T23:00:00+00:00,BCHUSDT,A,-0.01493,5.81
2026-05-17T23:00:00+00:00,LTCUSDT,A,-0.01182,11.04
2026-05-17T23:15:00+00:00,LTCUSDT,B,0.00091,8.89
2026-05-17T23:15:00+00:00,NATGASUSDT,B,0.00824,3.0
2026-05-17T23:30:00+00:00,1000BONKUSDT,A,-0.02709,7.84
2026-05-17T23:30:00+00:00,1000PEPEUSDT,A,-0.02348,10.0
2026-05-17T23:30:00+00:00,1000SHIBUSDT,A,-0.01753,13.85
2026-05-17T23:30:00+00:00,AAVEUSDT,A,-0.01871,3.46
2026-05-17T23:30:00+00:00,ADAUSDT,A,-0.01427,18.13
2026-05-17T23:30:00+00:00,ALGOUSDT,A,-0.01571,6.1
2026-05-17T23:30:00+00:00,APTUSDT,A,-0.02356,8.91
2026-05-17T23:30:00+00:00,ARBUSDT,A,-0.02046,10.27
2026-05-17T23:30:00+00:00,ASTERUSDT,A,-0.02025,10.28
2026-05-17T23:30:00+00:00,ATOMUSDT,A,-0.01028,7.19
2026-05-17T23:30:00+00:00,AVAXUSDT,A,-0.01457,13.81
2026-05-17T23:30:00+00:00,BNBUSDT,A,-0.00968,9.29
2026-05-17T23:30:00+00:00,CHZUSDT,A,-0.03454,12.16
2026-05-17T23:30:00+00:00,CRVUSDT,A,-0.02662,5.05
2026-05-17T23:30:00+00:00,DOTUSDT,A,-0.01673,12.14
2026-05-17T23:30:00+00:00,EIGENUSDT,A,-0.03092,3.54
2026-05-17T23:30:00+00:00,ENAUSDT,A,-0.02513,9.53
2026-05-17T23:30:00+00:00,ETCUSDT,A,-0.01528,10.68
2026-05-17T23:30:00+00:00,ETHFIUSDT,A,-0.03918,16.09
2026-05-17T23:30:00+00:00,FARTCOINUSDT,A,-0.03456,11.63
2026-05-17T23:30:00+00:00,FETUSDT,A,-0.02333,14.72
2026-05-17T23:30:00+00:00,FILUSDT,A,-0.0283,7.61
2026-05-17T23:30:00+00:00,HBARUSDT,A,-0.00988,7.96
2026-05-17T23:30:00+00:00,JUPUSDT,A,-0.02351,3.53
2026-05-17T23:30:00+00:00,LINKUSDT,A,-0.01712,13.38
2026-05-17T23:30:00+00:00,NEARUSDT,A,-0.00863,6.19
2026-05-17T23:30:00+00:00,OPUSDT,A,-0.02784,12.04
2026-05-17T23:30:00+00:00,PUMPUSDT,A,-0.02946,3.97
2026-05-17T23:30:00+00:00,RENDERUSDT,A,-0.02162,8.9
2026-05-17T23:30:00+00:00,SEIUSDT,A,-0.01688,5.34
2026-05-17T23:30:00+00:00,SUIUSDT,A,-0.02295,5.83
2026-05-17T23:30:00+00:00,SYNUSDT,A,-0.03065,3.14
2026-05-17T23:30:00+00:00,TIAUSDT,A,-0.03019,5.81
2026-05-17T23:30:00+00:00,TRUMPUSDT,A,-0.03376,5.16
2026-05-17T23:30:00+00:00,UNIUSDT,A,-0.02055,6.62
2026-05-17T23:30:00+00:00,VIRTUALUSDT,A,-0.03501,10.04
2026-05-17T23:30:00+00:00,WIFUSDT,A,-0.02274,1.89
2026-05-17T23:30:00+00:00,WLDUSDT,A,-0.02944,11.55
2026-05-17T23:30:00+00:00,XLMUSDT,A,-0.01406,16.15
2026-05-17T23:30:00+00:00,XPLUSDT,A,-0.02952,7.58
2026-05-17T23:45:00+00:00,1000BONKUSDT,B,0.0189,3.53
2026-05-17T23:45:00+00:00,1000PEPEUSDT,B,0.01768,4.06
2026-05-17T23:45:00+00:00,1000SHIBUSDT,B,0.01254,4.67
2026-05-17T23:45:00+00:00,ADAUSDT,B,0.01327,6.41
2026-05-17T23:45:00+00:00,APTUSDT,B,0.01919,3.56
2026-05-17T23:45:00+00:00,AVAXUSDT,B,0.01379,4.77
2026-05-17T23:45:00+00:00,DOTUSDT,B,0.01297,4.66
2026-05-17T23:45:00+00:00,ENAUSDT,B,0.01933,4.09
2026-05-17T23:45:00+00:00,ETHFIUSDT,B,0.01917,4.76
2026-05-17T23:45:00+00:00,FARTCOINUSDT,B,0.01597,3.69
2026-05-17T23:45:00+00:00,HBARUSDT,B,0.01009,4.0
2026-05-17T23:45:00+00:00,LINKUSDT,B,0.0094,4.06
2026-05-17T23:45:00+00:00,NEARUSDT,B,0.00937,3.08
2026-05-17T23:45:00+00:00,RENDERUSDT,B,0.01416,4.96
2026-05-17T23:45:00+00:00,WLDUSDT,B,0.01993,3.99
2026-05-17T23:45:00+00:00,XLMUSDT,B,0.00811,4.26
2026-05-18T00:00:00+00:00,AAPLUSDT,B,0.006,3.11
2026-05-18T00:00:00+00:00,BEATUSDT,B,0.02187,3.02
2026-05-18T00:00:00+00:00,EWYUSDT,A,-0.03069,11.04
2026-05-18T00:00:00+00:00,GOOGLUSDT,A,-0.00657,4.31
2026-05-18T00:15:00+00:00,EWYUSDT,B,0.01405,6.68
2026-05-18T00:15:00+00:00,SPYUSDT,B,0.0003,4.25
2026-05-18T00:30:00+00:00,PAXGUSDT,A,-0.00783,8.13
2026-05-18T00:30:00+00:00,XAUTUSDT,A,-0.0079,10.95
2026-05-18T01:45:00+00:00,ATOMUSDT,B,0.01091,3.39
2026-05-18T01:45:00+00:00,BCHUSDT,B,0.00888,6.21
2026-05-18T02:00:00+00:00,EPICUSDT,B,0.00064,4.68
2026-05-18T02:00:00+00:00,HOMEUSDT,B,0.03083,4.17
2026-05-18T02:15:00+00:00,BSBUSDT,A,-0.13497,4.23
2026-05-18T03:00:00+00:00,DEXEUSDT,B,0.02614,7.97
2026-05-18T04:15:00+00:00,BCHUSDT,A,-0.0086,2.43
2026-05-18T04:45:00+00:00,ESPORTSUSDT,B,0.0123,4.64
2026-05-18T04:45:00+00:00,EWYUSDT,B,0.00084,4.08
2026-05-18T06:00:00+00:00,ATOMUSDT,B,0.00097,5.81
2026-05-18T07:15:00+00:00,CHZUSDT,B,0.01523,3.42
2026-05-18T08:00:00+00:00,MAGMAUSDT,B,0.01256,4.75
2026-05-18T08:00:00+00:00,SPYUSDT,B,0.00114,18.14
2026-05-18T09:00:00+00:00,KITEUSDT,B,0.00101,3.88
2026-05-18T10:15:00+00:00,BCHUSDT,A,-0.01224,4.62
2026-05-18T10:15:00+00:00,NEARUSDT,B,0.01824,3.38
2026-05-18T10:15:00+00:00,UNIUSDT,A,-0.00909,5.04
2026-05-18T10:30:00+00:00,MORPHOUSDT,A,-0.03605,10.26
2026-05-18T11:30:00+00:00,BCHUSDT,B,0.00379,10.66
2026-05-18T11:30:00+00:00,EWYUSDT,B,0.01735,5.17
2026-05-18T12:30:00+00:00,NATGASUSDT,A,-0.01212,5.59
2026-05-18T12:45:00+00:00,NATGASUSDT,B,0.00189,4.33
2026-05-18T12:45:00+00:00,QQQUSDT,B,0.00301,4.37
2026-05-18T12:45:00+00:00,SPYUSDT,B,0.00138,7.1
2026-05-18T13:00:00+00:00,INTCUSDT,B,0.0095,3.72
2026-05-18T13:15:00+00:00,TRXUSDT,B,0.00232,3.06
2026-05-18T13:30:00+00:00,AAPLUSDT,A,-0.0031,4.63
2026-05-18T13:30:00+00:00,COINUSDT,A,-0.00997,10.1
2026-05-18T13:30:00+00:00,CRCLUSDT,A,-0.01604,5.26
2026-05-18T13:30:00+00:00,EWYUSDT,A,-0.01829,4.29
2026-05-18T13:30:00+00:00,GOOGLUSDT,B,0.01295,7.87
2026-05-18T13:30:00+00:00,HOODUSDT,B,0.01827,4.11
2026-05-18T13:30:00+00:00,INTCUSDT,A,-0.03533,13.16
2026-05-18T13:30:00+00:00,METAUSDT,A,-0.00275,3.5
2026-05-18T13:30:00+00:00,MSTRUSDT,A,-0.02836,8.39
2026-05-18T13:30:00+00:00,NVDAUSDT,A,-0.02408,11.19
2026-05-18T13:30:00+00:00,PLTRUSDT,B,0.0003,4.28
2026-05-18T13:30:00+00:00,QQQUSDT,A,-0.00609,5.77
2026-05-18T13:45:00+00:00,COINUSDT,B,0.02437,5.81
2026-05-18T13:45:00+00:00,CRCLUSDT,B,0.02835,3.88
2026-05-18T13:45:00+00:00,MSTRUSDT,B,0.01837,4.57
2026-05-18T13:45:00+00:00,NVDAUSDT,B,0.00575,6.97
2026-05-18T14:30:00+00:00,BCHUSDT,A,-0.01155,4.67
2026-05-18T14:30:00+00:00,KITEUSDT,A,-0.01282,9.32
2026-05-18T14:30:00+00:00,SPYUSDT,A,-0.00154,7.96
2026-05-18T14:45:00+00:00,KITEUSDT,B,0.00437,3.07
2026-05-18T15:00:00+00:00,TRXUSDT,A,-0.00514,5.9
2026-05-18T16:00:00+00:00,XMRUSDT,A,-0.01256,9.56
2026-05-18T16:15:00+00:00,CHZUSDT,B,0.00146,3.05
2026-05-18T16:15:00+00:00,MORPHOUSDT,B,0.00023,5.73
2026-05-18T16:30:00+00:00,BCHUSDT,B,0.01256,6.36
2026-05-18T17:00:00+00:00,APTUSDT,B,0.00446,4.43
2026-05-18T17:00:00+00:00,EPICUSDT,B,0.00389,5.92
2026-05-18T17:15:00+00:00,ATOMUSDT,B,0.00147,6.46
2026-05-18T19:00:00+00:00,AVAXUSDT,B,0.01131,3.78
2026-05-18T19:00:00+00:00,ENAUSDT,B,0.01632,3.64
2026-05-18T19:00:00+00:00,EWYUSDT,B,0.00953,8.41
2026-05-18T19:00:00+00:00,LINKUSDT,B,0.00987,3.71
2026-05-18T19:00:00+00:00,MSTRUSDT,B,0.01359,5.82
2026-05-18T19:00:00+00:00,QQQUSDT,B,0.00443,5.74
2026-05-18T19:00:00+00:00,SPYUSDT,B,0.00345,5.09
2026-05-18T19:30:00+00:00,NEARUSDT,B,0.01028,3.47
2026-05-18T20:45:00+00:00,EDGEUSDT,B,0.02601,3.18
2026-05-18T21:00:00+00:00,ONDOUSDT,B,0.05068,7.34
2026-05-18T21:15:00+00:00,LITUSDT,B,0.00183,8.86
2026-05-18T22:45:00+00:00,BCHUSDT,B,0.02214,5.59
2026-05-18T23:00:00+00:00,KAITOUSDT,B,0.00896,3.14
2026-05-18T23:00:00+00:00,VVVUSDT,B,0.02509,3.17
2026-05-19T00:00:00+00:00,RENDERUSDT,B,0.00935,5.26
2026-05-19T00:15:00+00:00,EWYUSDT,B,0.00769,4.08
2026-05-19T00:15:00+00:00,INJUSDT,B,0.01608,4.12
2026-05-19T01:00:00+00:00,INJUSDT,A,-0.01944,6.08
2026-05-19T01:15:00+00:00,LITUSDT,B,0.00742,3.52
2026-05-19T01:45:00+00:00,EWYUSDT,A,-0.00991,5.05
2026-05-19T02:00:00+00:00,LITUSDT,A,-0.01372,5.14
2026-05-19T02:15:00+00:00,ONDOUSDT,B,0.01553,4.02
2026-05-19T04:45:00+00:00,BEATUSDT,B,0.02157,3.88
2026-05-19T05:30:00+00:00,LITUSDT,B,0.0026,3.86
2026-05-19T06:00:00+00:00,HOMEUSDT,B,0.00858,3.23
2026-05-19T06:45:00+00:00,NEARUSDT,B,0.01171,3.04
2026-05-19T08:00:00+00:00,SPYUSDT,A,-0.00164,4.14
2026-05-19T08:30:00+00:00,KAITOUSDT,B,0.00783,4.52
2026-05-19T08:30:00+00:00,WLDUSDT,B,0.00779,4.74
2026-05-19T09:15:00+00:00,ESPORTSUSDT,B,0.02454,3.23
2026-05-19T09:30:00+00:00,XLMUSDT,A,-0.00463,5.4
2026-05-19T11:30:00+00:00,NATGASUSDT,B,0.00713,4.25
2026-05-19T11:45:00+00:00,BCHUSDT,B,0.00343,8.0
2026-05-19T12:45:00+00:00,NEARUSDT,B,0.00124,3.23
2026-05-19T12:45:00+00:00,TLMUSDT,B,0.01489,3.45
2026-05-19T13:00:00+00:00,METAUSDT,A,-0.00345,3.63
2026-05-19T13:15:00+00:00,PAXGUSDT,A,-0.00661,4.6
2026-05-19T13:15:00+00:00,XAUTUSDT,A,-0.00621,6.53
2026-05-19T13:30:00+00:00,ALGOUSDT,B,0.01165,4.81
2026-05-19T13:30:00+00:00,COINUSDT,A,-0.00859,6.08
2026-05-19T13:30:00+00:00,CRCLUSDT,B,0.02151,7.22
2026-05-19T13:30:00+00:00,ESPORTSUSDT,B,0.02602,12.5
2026-05-19T13:30:00+00:00,EWYUSDT,B,0.0135,6.51
2026-05-19T13:30:00+00:00,GOOGLUSDT,A,-0.0181,6.82
2026-05-19T13:30:00+00:00,INTCUSDT,B,0.00159,6.97
2026-05-19T13:30:00+00:00,MSTRUSDT,B,0.00774,5.22
2026-05-19T13:30:00+00:00,NVDAUSDT,B,0.00942,15.83
2026-05-19T13:30:00+00:00,QQQUSDT,B,0.00203,9.45
2026-05-19T13:30:00+00:00,TSLAUSDT,A,-0.00523,4.99
2026-05-19T13:30:00+00:00,TSMUSDT,B,0.00638,4.51
2026-05-19T13:45:00+00:00,COINUSDT,B,0.0107,3.18
2026-05-19T13:45:00+00:00,ESPORTSUSDT,A,-0.06595,8.31
2026-05-19T13:45:00+00:00,GOOGLUSDT,B,0.0031,5.4
2026-05-19T13:45:00+00:00,PAXGUSDT,B,0.00569,3.83
2026-05-19T13:45:00+00:00,SPYUSDT,B,0.00219,4.37
2026-05-19T13:45:00+00:00,XAUTUSDT,B,0.00533,6.87
2026-05-19T14:00:00+00:00,NVDAUSDT,A,-0.01023,5.29
2026-05-19T14:00:00+00:00,QQQUSDT,A,-0.00672,9.73
2026-05-19T14:00:00+00:00,SPYUSDT,A,-0.00315,4.61
2026-05-19T14:15:00+00:00,ALGOUSDT,A,-0.02275,4.31
2026-05-19T14:15:00+00:00,HOMEUSDT,B,0.00845,5.44
2026-05-19T14:30:00+00:00,BCHUSDT,A,-0.0365,12.24
2026-05-19T14:45:00+00:00,ONDOUSDT,A,-0.01694,4.39
2026-05-19T15:15:00+00:00,LABUSDT,B,0.21576,3.64
2026-05-19T16:15:00+00:00,BSBUSDT,B,0.10004,6.29
2026-05-19T16:15:00+00:00,HOMEUSDT,A,-0.01429,18.79
2026-05-19T16:30:00+00:00,LITUSDT,B,0.00969,3.06
2026-05-19T17:45:00+00:00,VVVUSDT,B,0.04055,6.35
2026-05-19T18:00:00+00:00,ETCUSDT,B,0.01076,4.75
2026-05-19T18:15:00+00:00,VVVUSDT,A,-0.01608,4.89
2026-05-19T18:45:00+00:00,HOMEUSDT,B,0.02205,10.15
2026-05-19T19:15:00+00:00,BSBUSDT,A,-0.06549,4.92
2026-05-19T20:45:00+00:00,LITUSDT,B,0.02099,6.44
2026-05-19T21:00:00+00:00,BSBUSDT,B,0.02597,6.97
2026-05-19T21:30:00+00:00,HOMEUSDT,A,-0.01668,9.36
2026-05-19T21:30:00+00:00,LITUSDT,A,-0.01283,7.87
2026-05-19T22:15:00+00:00,MAGMAUSDT,A,-0.06098,5.04
2026-05-19T23:00:00+00:00,HOMEUSDT,B,0.00769,5.48
2026-05-20T00:00:00+00:00,EWYUSDT,A,-0.02912,12.67
2026-05-20T00:15:00+00:00,EWYUSDT,B,0.0096,8.7
2026-05-20T00:45:00+00:00,MAGMAUSDT,B,0.02868,3.11
2026-05-20T01:00:00+00:00,LTCUSDT,B,0.00465,6.22
2026-05-20T01:30:00+00:00,LITUSDT,B,0.01156,6.62
2026-05-20T01:45:00+00:00,KITEUSDT,B,0.00462,3.92
2026-05-20T02:00:00+00:00,ESPORTSUSDT,B,0.0539,3.33
2026-05-20T02:00:00+00:00,HOMEUSDT,A,-0.04649,17.86
2026-05-20T02:30:00+00:00,EPICUSDT,A,-0.01589,6.66
2026-05-20T02:45:00+00:00,LITUSDT,A,-0.01789,7.7
2026-05-20T03:15:00+00:00,HOMEUSDT,B,0.00699,3.13
2026-05-20T05:45:00+00:00,LITUSDT,B,0.00777,9.32
2026-05-20T05:45:00+00:00,NEARUSDT,B,0.02404,9.81
2026-05-20T06:00:00+00:00,KITEUSDT,A,-0.02489,4.41
2026-05-20T06:30:00+00:00,UNIUSDT,B,0.01601,4.74
2026-05-20T07:00:00+00:00,HOMEUSDT,A,-0.01807,5.09
2026-05-20T08:00:00+00:00,NVDAUSDT,B,0.00381,7.77
2026-05-20T08:00:00+00:00,QQQUSDT,B,0.00203,3.33
2026-05-20T08:30:00+00:00,ONDOUSDT,B,0.00185,3.45
2026-05-20T09:00:00+00:00,ALLOUSDT,B,0.03284,4.7
2026-05-20T09:00:00+00:00,BEATUSDT,B,0.04368,6.4
2026-05-20T09:00:00+00:00,ESPORTSUSDT,B,0.07359,10.07
2026-05-20T09:00:00+00:00,HOMEUSDT,B,0.0041,3.24
2026-05-20T09:30:00+00:00,CHZUSDT,B,0.02137,5.09
2026-05-20T09:30:00+00:00,LITUSDT,A,-0.02574,9.66
2026-05-20T09:45:00+00:00,ESPORTSUSDT,A,-0.04369,11.21
2026-05-20T10:00:00+00:00,KAITOUSDT,B,0.03009,3.59
2026-05-20T10:00:00+00:00,LITUSDT,B,0.00364,5.11
2026-05-20T12:15:00+00:00,VVVUSDT,B,0.00204,3.01
2026-05-20T12:45:00+00:00,HOMEUSDT,A,-0.024,9.28
2026-05-20T13:00:00+00:00,NEARUSDT,B,0.00851,3.76
2026-05-20T13:15:00+00:00,HOMEUSDT,B,0.01465,3.91
2026-05-20T13:30:00+00:00,AAPLUSDT,B,0.01203,3.14
2026-05-20T13:30:00+00:00,COINUSDT,A,-0.01497,6.94
2026-05-20T13:30:00+00:00,EWYUSDT,B,0.0097,16.21
2026-05-20T13:30:00+00:00,GOOGLUSDT,B,0.00229,15.88
2026-05-20T13:30:00+00:00,INTCUSDT,B,0.01118,14.95
2026-05-20T13:30:00+00:00,LITUSDT,A,-0.0174,15.15
2026-05-20T13:30:00+00:00,MSFTUSDT,A,-0.00372,4.42
2026-05-20T13:30:00+00:00,NVDAUSDT,A,-0.00627,8.62
2026-05-20T13:30:00+00:00,PLTRUSDT,B,0.00119,9.27
2026-05-20T13:30:00+00:00,QQQUSDT,B,0.00222,6.04
2026-05-20T13:30:00+00:00,SPYUSDT,B,0.00037,18.52
2026-05-20T13:30:00+00:00,TSLAUSDT,B,0.00878,5.38
2026-05-20T13:45:00+00:00,GOOGLUSDT,A,-0.0053,9.95
2026-05-20T14:00:00+00:00,LITUSDT,B,0.01357,31.14
2026-05-20T14:00:00+00:00,MSFTUSDT,B,0.00065,4.99
2026-05-20T14:00:00+00:00,NVDAUSDT,B,0.00747,3.25
2026-05-20T14:15:00+00:00,DASHUSDT,B,0.02507,4.14
2026-05-20T14:15:00+00:00,PAXGUSDT,B,0.00608,3.33
2026-05-20T14:15:00+00:00,XAUTUSDT,B,0.00604,5.98
2026-05-20T14:45:00+00:00,BNBUSDT,B,0.00344,3.79
2026-05-20T14:45:00+00:00,WLDUSDT,B,0.00832,3.3
2026-05-20T15:15:00+00:00,AVAXUSDT,B,0.00744,4.3
2026-05-20T15:15:00+00:00,ETHFIUSDT,B,0.00759,3.33
2026-05-20T15:15:00+00:00,FARTCOINUSDT,B,0.008,3.17
2026-05-20T16:15:00+00:00,ASTERUSDT,A,-0.01436,3.69
2026-05-20T16:30:00+00:00,BSBUSDT,B,0.06435,3.14
2026-05-20T17:00:00+00:00,XMRUSDT,B,0.00977,3.41
2026-05-20T17:30:00+00:00,ALGOUSDT,B,0.02506,3.97
2026-05-20T17:30:00+00:00,ASTERUSDT,B,0.00495,3.33
2026-05-20T17:45:00+00:00,VVVUSDT,A,-0.02585,4.42
2026-05-20T18:00:00+00:00,JTOUSDT,B,0.03806,3.12
2026-05-20T18:15:00+00:00,KAITOUSDT,B,0.03923,8.46
2026-05-20T18:15:00+00:00,LITUSDT,B,0.01613,5.7
2026-05-20T18:30:00+00:00,NATGASUSDT,B,0.01078,3.3
2026-05-20T19:15:00+00:00,BEATUSDT,B,0.0014,4.57
2026-05-20T19:15:00+00:00,BSBUSDT,A,-0.17089,11.23
2026-05-20T19:15:00+00:00,TIAUSDT,B,0.03229,7.33
2026-05-20T20:00:00+00:00,LITUSDT,A,-0.01781,5.41
2026-05-20T20:00:00+00:00,NVDAUSDT,B,0.00125,3.31
2026-05-20T20:15:00+00:00,QQQUSDT,B,0.00077,9.01
2026-05-20T20:15:00+00:00,SPYUSDT,B,0.0005,3.83
2026-05-20T20:30:00+00:00,NVDAUSDT,A,-0.01461,15.49
2026-05-20T21:00:00+00:00,BSBUSDT,B,0.12611,4.07
2026-05-20T21:00:00+00:00,TIAUSDT,A,-0.01028,5.73
2026-05-20T21:30:00+00:00,NEARUSDT,B,0.00998,3.78
2026-05-20T22:00:00+00:00,QQQUSDT,A,-0.00407,5.65
2026-05-20T22:30:00+00:00,LITUSDT,B,0.01568,4.06
2026-05-20T23:15:00+00:00,BEATUSDT,B,0.00289,7.45
2026-05-21T00:00:00+00:00,EWYUSDT,B,0.0056,5.36
2026-05-21T00:45:00+00:00,ASTERUSDT,B,0.00953,3.03
2026-05-21T01:30:00+00:00,ATOMUSDT,B,0.0084,7.11
2026-05-21T01:30:00+00:00,BABAUSDT,A,-0.0167,3.73
2026-05-21T02:00:00+00:00,BEATUSDT,A,-0.04188,4.98
2026-05-21T02:45:00+00:00,LITUSDT,B,0.00304,4.14
2026-05-21T03:00:00+00:00,BCHUSDT,B,0.0047,16.4
2026-05-21T03:15:00+00:00,DASHUSDT,B,0.05195,13.78
2026-05-21T04:00:00+00:00,XLMUSDT,B,0.00048,3.11
2026-05-21T04:30:00+00:00,NEARUSDT,B,0.01614,5.64
2026-05-21T04:45:00+00:00,EWYUSDT,B,0.0021,4.62
2026-05-21T05:45:00+00:00,DASHUSDT,A,-0.02944,8.73
2026-05-21T06:45:00+00:00,BEATUSDT,A,-0.02392,10.24
2026-05-21T07:15:00+00:00,ESPORTSUSDT,A,-0.03946,4.72
2026-05-21T07:30:00+00:00,ESPORTSUSDT,B,0.05972,10.56
2026-05-21T07:30:00+00:00,LITUSDT,B,0.00306,4.14
2026-05-21T08:00:00+00:00,HOMEUSDT,B,0.01826,3.45
2026-05-21T08:00:00+00:00,KAITOUSDT,B,0.01494,7.04
2026-05-21T08:00:00+00:00,WLDUSDT,B,0.01851,5.24
2026-05-21T08:45:00+00:00,AVAXUSDT,A,-0.00749,4.6
2026-05-21T09:00:00+00:00,ALLOUSDT,B,0.02988,3.48
2026-05-21T09:15:00+00:00,ASTERUSDT,B,0.0111,5.62
2026-05-21T09:30:00+00:00,LITUSDT,A,-0.02529,7.45
2026-05-21T10:00:00+00:00,BEATUSDT,B,0.01966,3.92
2026-05-21T10:15:00+00:00,ADAUSDT,A,-0.00964,5.76
2026-05-21T10:15:00+00:00,ASTERUSDT,A,-0.03196,19.14
2026-05-21T10:15:00+00:00,CHZUSDT,A,-0.01298,9.18
2026-05-21T10:30:00+00:00,NATGASUSDT,B,0.00252,3.17
2026-05-21T11:30:00+00:00,LITUSDT,B,0.0031,4.14
2026-05-21T12:15:00+00:00,KAITOUSDT,B,0.02128,4.55
2026-05-21T12:15:00+00:00,NATGASUSDT,A,-0.00505,5.2
2026-05-21T12:30:00+00:00,DEXEUSDT,B,0.0438,4.35
2026-05-21T13:00:00+00:00,MSFTUSDT,B,0.02528,29.17
2026-05-21T13:15:00+00:00,MSFTUSDT,A,-0.00978,4.4
2026-05-21T13:30:00+00:00,BABAUSDT,A,-0.00787,4.23
2026-05-21T13:30:00+00:00,CRCLUSDT,B,0.00637,6.03
2026-05-21T13:30:00+00:00,NVDAUSDT,B,0.0071,14.73
2026-05-21T13:30:00+00:00,PLTRUSDT,B,0.01125,7.93
2026-05-21T13:30:00+00:00,TSLAUSDT,B,0.00128,5.55
2026-05-21T13:30:00+00:00,TSMUSDT,B,0.0135,4.35
2026-05-21T13:45:00+00:00,ASTERUSDT,B,0.03268,12.46
2026-05-21T13:45:00+00:00,BSBUSDT,B,0.07258,3.33
2026-05-21T13:45:00+00:00,ENAUSDT,B,0.0113,4.28
2026-05-21T13:45:00+00:00,EWYUSDT,B,0.00858,3.84
2026-05-21T13:45:00+00:00,INTCUSDT,B,0.01114,3.97
2026-05-21T13:45:00+00:00,MSTRUSDT,B,0.00622,3.46
2026-05-21T13:45:00+00:00,NVDAUSDT,A,-0.00696,4.37
2026-05-21T13:45:00+00:00,QQQUSDT,B,0.00285,3.73
2026-05-21T13:45:00+00:00,WLDUSDT,B,0.02657,3.23
2026-05-21T14:00:00+00:00,ALLOUSDT,B,0.0124,4.94
2026-05-21T14:00:00+00:00,BEATUSDT,A,-0.03643,13.63
2026-05-21T14:15:00+00:00,ASTERUSDT,A,-0.01188,8.05
2026-05-21T14:15:00+00:00,BEATUSDT,B,0.05037,9.14
2026-05-21T14:15:00+00:00,HOMEUSDT,B,0.03161,3.12
2026-05-21T14:15:00+00:00,QQQUSDT,A,-0.00252,5.85
2026-05-21T14:30:00+00:00,ALLOUSDT,A,-0.02054,6.0
2026-05-21T14:30:00+00:00,BSBUSDT,A,-0.11781,6.26
2026-05-21T15:00:00+00:00,NEARUSDT,B,0.01197,4.37
2026-05-21T15:15:00+00:00,AAPLUSDT,B,0.00079,3.04
2026-05-21T15:15:00+00:00,AEROUSDT,B,0.00269,3.08
2026-05-21T15:15:00+00:00,LITUSDT,A,-0.02593,5.78
2026-05-21T15:30:00+00:00,EDGEUSDT,B,0.02205,5.8
2026-05-21T15:30:00+00:00,NATGASUSDT,B,0.00534,3.65
2026-05-21T15:45:00+00:00,EDGEUSDT,A,-0.02442,4.76
2026-05-21T16:15:00+00:00,LITUSDT,B,0.01375,6.23
2026-05-21T17:15:00+00:00,1000SHIBUSDT,B,0.01037,3.42
2026-05-21T17:15:00+00:00,ADAUSDT,B,0.01203,7.0
2026-05-21T17:15:00+00:00,ARBUSDT,B,0.00978,3.39
2026-05-21T17:15:00+00:00,AVAXUSDT,B,0.01054,4.43
2026-05-21T17:15:00+00:00,BNBUSDT,B,0.00868,4.29
2026-05-21T17:15:00+00:00,DOTUSDT,B,0.01268,4.41
2026-05-21T17:15:00+00:00,FARTCOINUSDT,B,0.017,3.27
2026-05-21T17:15:00+00:00,HBARUSDT,B,0.00966,3.72
2026-05-21T17:15:00+00:00,LINKUSDT,B,0.01,5.15
2026-05-21T17:15:00+00:00,LTCUSDT,B,0.00499,3.06
2026-05-21T17:15:00+00:00,SPYUSDT,B,0.0024,5.56
2026-05-21T17:15:00+00:00,SUIUSDT,B,0.0231,3.88
2026-05-21T17:15:00+00:00,TIAUSDT,B,0.01717,3.39
2026-05-21T17:15:00+00:00,XLMUSDT,B,0.01119,3.4
2026-05-21T17:30:00+00:00,VVVUSDT,B,0.01,3.02
2026-05-21T17:45:00+00:00,QQQUSDT,B,0.00028,3.28
2026-05-21T18:00:00+00:00,NEARUSDT,A,-0.00754,4.76
2026-05-21T18:45:00+00:00,ASTERUSDT,A,-0.01238,4.16
2026-05-21T18:45:00+00:00,BEATUSDT,B,0.01026,3.55
2026-05-21T19:45:00+00:00,NEARUSDT,B,0.01908,11.59
2026-05-21T20:00:00+00:00,ATOMUSDT,B,0.0044,6.47
2026-05-21T20:00:00+00:00,WLDUSDT,B,0.00799,4.9
2026-05-21T20:45:00+00:00,LITUSDT,B,0.00408,6.61
2026-05-21T21:30:00+00:00,AEROUSDT,B,0.01501,3.52
2026-05-21T22:15:00+00:00,BEATUSDT,A,-0.04747,26.71
2026-05-21T22:30:00+00:00,AEROUSDT,A,-0.02322,5.23
2026-05-21T22:45:00+00:00,BEATUSDT,B,0.0123,9.97
2026-05-21T22:45:00+00:00,EDGEUSDT,B,0.00858,3.44
2026-05-22T00:30:00+00:00,NEARUSDT,B,0.00616,4.83
2026-05-22T01:30:00+00:00,BABAUSDT,A,-0.00966,4.75
2026-05-22T02:15:00+00:00,XMRUSDT,B,0.00016,3.92
2026-05-22T02:45:00+00:00,NEARUSDT,A,-0.01995,12.51
2026-05-22T03:15:00+00:00,ALLOUSDT,B,0.00788,3.11
2026-05-22T03:15:00+00:00,FETUSDT,B,0.00447,3.27
2026-05-22T03:15:00+00:00,WLDUSDT,B,0.00758,3.39
2026-05-22T03:30:00+00:00,ATOMUSDT,B,0.00519,4.37
2026-05-22T04:00:00+00:00,DOTUSDT,B,0.00835,3.35
2026-05-22T04:45:00+00:00,FETUSDT,A,-0.02071,9.86
2026-05-22T04:45:00+00:00,NEARUSDT,B,0.00323,9.26
2026-05-22T07:00:00+00:00,LITUSDT,A,-0.03059,5.37
2026-05-22T07:15:00+00:00,FETUSDT,B,0.00425,3.82
2026-05-22T07:30:00+00:00,BEATUSDT,B,0.04819,3.68
2026-05-22T07:30:00+00:00,RENDERUSDT,B,0.01408,3.73
2026-05-22T07:30:00+00:00,WLDUSDT,B,0.01521,5.69
2026-05-22T08:00:00+00:00,EPICUSDT,A,-0.10821,48.84
2026-05-22T08:00:00+00:00,HEIUSDT,A,-0.13628,109.44
2026-05-22T08:00:00+00:00,SYNUSDT,A,-0.1156,41.59
2026-05-22T08:00:00+00:00,TLMUSDT,A,-0.07535,72.8
2026-05-22T08:15:00+00:00,ETCUSDT,B,0.01356,8.88
2026-05-22T08:15:00+00:00,TLMUSDT,B,0.00419,6.91
2026-05-22T08:30:00+00:00,HEIUSDT,B,0.00153,29.83
2026-05-22T08:30:00+00:00,NEARUSDT,A,-0.01447,12.69
2026-05-22T08:30:00+00:00,SYNUSDT,B,0.02159,9.47
2026-05-22T08:30:00+00:00,WLDUSDT,A,-0.02291,5.29
2026-05-22T08:45:00+00:00,BABAUSDT,A,-0.019,7.66
2026-05-22T08:45:00+00:00,NEARUSDT,B,0.00756,6.07
2026-05-22T08:45:00+00:00,ONDOUSDT,B,0.03086,8.26
2026-05-22T09:00:00+00:00,LITUSDT,B,0.00242,3.56
2026-05-22T09:15:00+00:00,BABAUSDT,B,0.00404,4.52
2026-05-22T09:15:00+00:00,EPICUSDT,B,0.01022,9.21
2026-05-22T09:30:00+00:00,BEATUSDT,A,-0.02534,19.99
2026-05-22T09:30:00+00:00,DASHUSDT,A,-0.03979,11.56
2026-05-22T09:30:00+00:00,ONDOUSDT,A,-0.01947,5.43
2026-05-22T10:15:00+00:00,RIFUSDT,B,0.00861,6.83
2026-05-22T11:15:00+00:00,FETUSDT,B,0.00694,6.13
2026-05-22T11:30:00+00:00,AEROUSDT,B,0.01832,3.14
2026-05-22T11:45:00+00:00,ALLOUSDT,B,0.01017,5.67
2026-05-22T11:45:00+00:00,BEATUSDT,B,0.03313,47.14
2026-05-22T11:45:00+00:00,TAOUSDT,B,0.01616,3.91
2026-05-22T12:00:00+00:00,RENDERUSDT,B,0.01039,3.99
2026-05-22T12:00:00+00:00,SPYUSDT,B,0.00167,3.83
2026-05-22T12:00:00+00:00,TIAUSDT,B,0.01231,3.91
2026-05-22T12:00:00+00:00,VVVUSDT,B,0.05038,6.17
2026-05-22T12:15:00+00:00,FETUSDT,A,-0.01893,7.0
2026-05-22T12:30:00+00:00,ASTERUSDT,B,0.00896,4.56
2026-05-22T12:30:00+00:00,ETCUSDT,B,0.00458,3.58
2026-05-22T12:30:00+00:00,HEIUSDT,B,0.00276,4.4
2026-05-22T12:45:00+00:00,HBARUSDT,B,0.00088,3.49
2026-05-22T12:45:00+00:00,NEARUSDT,B,0.02072,16.07
2026-05-22T12:45:00+00:00,ONDOUSDT,B,0.02237,4.42
2026-05-22T12:45:00+00:00,TLMUSDT,A,-0.01458,6.82
2026-05-22T12:45:00+00:00,VIRTUALUSDT,B,0.02507,4.26
2026-05-22T12:45:00+00:00,VVVUSDT,A,-0.02463,4.54
2026-05-22T13:00:00+00:00,ALLOUSDT,A,-0.02212,11.17
2026-05-22T13:00:00+00:00,ETCUSDT,A,-0.01508,5.64
2026-05-22T13:00:00+00:00,LINKUSDT,B,0.0009,3.05
2026-05-22T13:00:00+00:00,SYNUSDT,A,-0.02199,2.93
2026-05-22T13:00:00+00:00,WLDUSDT,B,0.00481,3.17
2026-05-22T13:15:00+00:00,RENDERUSDT,A,-0.00909,7.56
2026-05-22T13:30:00+00:00,AAPLUSDT,B,0.00382,9.97
2026-05-22T13:30:00+00:00,BABAUSDT,B,0.02103,13.94
2026-05-22T13:30:00+00:00,CRCLUSDT,B,0.01884,6.54
2026-05-22T13:30:00+00:00,GOOGLUSDT,A,-0.00526,3.93
2026-05-22T13:30:00+00:00,INTCUSDT,A,-0.00806,8.73
2026-05-22T13:30:00+00:00,METAUSDT,B,0.00562,3.51
2026-05-22T13:30:00+00:00,MSFTUSDT,B,0.00591,7.16
2026-05-22T13:30:00+00:00,MSTRUSDT,B,0.00334,4.53
2026-05-22T13:30:00+00:00,NVDAUSDT,A,-0.00769,6.81
2026-05-22T13:30:00+00:00,PLTRUSDT,B,0.00859,5.59
2026-05-22T13:30:00+00:00,QQQUSDT,B,0.00184,10.58
2026-05-22T13:30:00+00:00,WLDUSDT,A,-0.0109,6.83
2026-05-22T13:45:00+00:00,MSFTUSDT,A,-0.00329,3.71
2026-05-22T13:45:00+00:00,NEARUSDT,A,-0.01681,10.33
2026-05-22T13:45:00+00:00,ONDOUSDT,A,-0.01651,6.9
2026-05-22T13:45:00+00:00,TRXUSDT,A,-0.0101,5.98
2026-05-22T14:00:00+00:00,EIGENUSDT,A,-0.02827,3.22
2026-05-22T14:00:00+00:00,QQQUSDT,A,-0.00257,6.38
2026-05-22T14:00:00+00:00,RIFUSDT,A,-0.02324,5.22
2026-05-22T14:00:00+00:00,SPYUSDT,A,-0.00266,7.2
2026-05-22T14:00:00+00:00,TRXUSDT,B,0.0017,3.93
2026-05-22T14:00:00+00:00,VIRTUALUSDT,A,-0.01448,4.96
2026-05-22T14:15:00+00:00,TSLAUSDT,B,0.00201,3.09
2026-05-22T14:30:00+00:00,BEATUSDT,A,-0.06476,90.93
2026-05-22T14:30:00+00:00,INTCUSDT,B,0.00115,7.66
2026-05-22T15:00:00+00:00,EPICUSDT,A,-0.01306,7.42
2026-05-22T15:00:00+00:00,RIFUSDT,B,0.00779,5.35
2026-05-22T15:15:00+00:00,TLMUSDT,B,0.0013,4.19
2026-05-22T15:45:00+00:00,ALLOUSDT,B,0.00966,14.91
2026-05-22T15:45:00+00:00,BEATUSDT,B,0.01539,25.32
2026-05-22T16:30:00+00:00,HEIUSDT,B,0.00107,3.14
2026-05-22T16:45:00+00:00,BSBUSDT,B,0.13716,4.33
2026-05-22T16:45:00+00:00,NEARUSDT,B,0.00416,6.59
2026-05-22T17:15:00+00:00,ALLOUSDT,A,-0.01238,4.98
2026-05-22T17:15:00+00:00,RENDERUSDT,B,0.00404,3.08
2026-05-22T17:30:00+00:00,UNIUSDT,B,0.00662,8.34
2026-05-22T17:30:00+00:00,WLDUSDT,B,0.00441,3.14
2026-05-22T18:00:00+00:00,RIFUSDT,A,-0.03093,7.09
2026-05-22T18:00:00+00:00,WLDUSDT,A,-0.01138,6.59
2026-05-22T18:30:00+00:00,ASTERUSDT,A,-0.01716,6.18
2026-05-22T18:30:00+00:00,ATOMUSDT,A,-0.00935,4.96
2026-05-22T18:30:00+00:00,FARTCOINUSDT,A,-0.0282,7.14
2026-05-22T18:30:00+00:00,FETUSDT,A,-0.0153,3.54
2026-05-22T18:30:00+00:00,NEARUSDT,A,-0.01143,8.97
2026-05-22T18:30:00+00:00,ONDOUSDT,A,-0.05022,15.31
2026-05-22T18:30:00+00:00,RENDERUSDT,A,-0.01878,6.52
2026-05-22T18:45:00+00:00,AAVEUSDT,A,-0.00817,8.18
2026-05-22T18:45:00+00:00,ADAUSDT,A,-0.00486,12.99
2026-05-22T18:45:00+00:00,ASTERUSDT,B,0.00537,4.88
2026-05-22T18:45:00+00:00,ETHFIUSDT,A,-0.00638,6.7
2026-05-22T18:45:00+00:00,SUIUSDT,B,0.00065,3.73
2026-05-22T18:45:00+00:00,TIAUSDT,A,-0.00812,4.52
2026-05-22T19:00:00+00:00,BEATUSDT,A,-0.04274,31.58
2026-05-22T19:00:00+00:00,HEIUSDT,A,-0.02488,7.37
2026-05-22T19:00:00+00:00,RIFUSDT,B,0.01909,8.31
2026-05-22T19:30:00+00:00,ARBUSDT,A,-0.00911,6.61
2026-05-22T19:30:00+00:00,AVAXUSDT,A,-0.00573,4.43
2026-05-22T19:30:00+00:00,CHZUSDT,A,-0.01775,5.35
2026-05-22T19:30:00+00:00,CRVUSDT,A,-0.01284,6.61
2026-05-22T19:30:00+00:00,DOTUSDT,A,-0.00936,5.99
2026-05-22T19:30:00+00:00,ENAUSDT,A,-0.01181,4.57
2026-05-22T19:30:00+00:00,EPICUSDT,A,-0.02306,8.53
2026-05-22T19:30:00+00:00,ETCUSDT,A,-0.0098,5.57
2026-05-22T19:30:00+00:00,JUPUSDT,A,-0.00987,3.49
2026-05-22T19:30:00+00:00,LINKUSDT,A,-0.00843,5.74
2026-05-22T19:30:00+00:00,LITUSDT,B,0.03018,4.81
2026-05-22T19:30:00+00:00,LTCUSDT,A,-0.00656,9.02
2026-05-22T19:30:00+00:00,METAUSDT,B,0.00261,7.1
2026-05-22T19:30:00+00:00,PUMPUSDT,A,-0.01371,2.58
2026-05-22T19:30:00+00:00,TLMUSDT,A,-0.01566,4.91
2026-05-22T19:30:00+00:00,VIRTUALUSDT,A,-0.01269,4.99
2026-05-22T19:30:00+00:00,XPLUSDT,A,-0.01526,11.09
2026-05-22T19:45:00+00:00,AEROUSDT,B,0.00544,3.27
2026-05-22T19:45:00+00:00,ALGOUSDT,B,0.00801,4.39
2026-05-22T19:45:00+00:00,ALLOUSDT,B,0.00257,6.3
2026-05-22T19:45:00+00:00,DOTUSDT,B,0.00709,5.31
2026-05-22T19:45:00+00:00,ENAUSDT,B,0.00632,3.45
2026-05-22T19:45:00+00:00,EPICUSDT,B,0.00041,4.13
2026-05-22T19:45:00+00:00,FARTCOINUSDT,B,0.00437,4.9
2026-05-22T19:45:00+00:00,FETUSDT,B,0.01305,7.44
2026-05-22T19:45:00+00:00,HBARUSDT,B,0.00489,3.25
2026-05-22T19:45:00+00:00,LINKUSDT,B,0.00574,4.52
2026-05-22T19:45:00+00:00,LTCUSDT,B,0.00377,3.26
2026-05-22T19:45:00+00:00,TIAUSDT,B,0.00954,3.58
2026-05-22T20:00:00+00:00,BEATUSDT,B,0.02096,13.71
2026-05-22T20:45:00+00:00,NEARUSDT,B,0.01248,10.16
2026-05-22T22:30:00+00:00,NEARUSDT,A,-0.01005,6.2
2026-05-22T22:45:00+00:00,RIFUSDT,A,-0.01982,4.93
2026-05-22T23:15:00+00:00,BCHUSDT,A,-0.02133,4.13
2026-05-22T23:15:00+00:00,UNIUSDT,A,-0.02937,16.09
2026-05-22T23:30:00+00:00,UNIUSDT,B,0.00294,7.12
2026-05-22T23:45:00+00:00,1000PEPEUSDT,A,-0.01178,4.41
2026-05-22T23:45:00+00:00,1000SHIBUSDT,A,-0.00807,5.32
2026-05-22T23:45:00+00:00,ADAUSDT,A,-0.01143,6.42
2026-05-22T23:45:00+00:00,AEROUSDT,A,-0.017,5.29
2026-05-22T23:45:00+00:00,ALGOUSDT,A,-0.01502,6.27
2026-05-22T23:45:00+00:00,ALLOUSDT,A,-0.02292,10.77
2026-05-22T23:45:00+00:00,AVAXUSDT,A,-0.00759,4.34
2026-05-22T23:45:00+00:00,CHZUSDT,A,-0.01495,6.21
2026-05-22T23:45:00+00:00,CRVUSDT,A,-0.01169,4.87
2026-05-22T23:45:00+00:00,DOTUSDT,A,-0.01489,9.98
2026-05-22T23:45:00+00:00,ENAUSDT,A,-0.01596,7.26
2026-05-22T23:45:00+00:00,FARTCOINUSDT,A,-0.01827,8.68
2026-05-22T23:45:00+00:00,FETUSDT,A,-0.01397,8.06
2026-05-22T23:45:00+00:00,HBARUSDT,A,-0.01137,6.22
2026-05-22T23:45:00+00:00,ICPUSDT,A,-0.01314,4.15
2026-05-22T23:45:00+00:00,LINKUSDT,A,-0.01061,6.68
2026-05-22T23:45:00+00:00,LTCUSDT,A,-0.01146,10.0
2026-05-22T23:45:00+00:00,PUMPUSDT,A,-0.01332,2.09
2026-05-22T23:45:00+00:00,RENDERUSDT,A,-0.01228,5.8
2026-05-22T23:45:00+00:00,TAOUSDT,A,-0.01487,7.07
2026-05-22T23:45:00+00:00,TIAUSDT,A,-0.0228,5.75
2026-05-22T23:45:00+00:00,VIRTUALUSDT,A,-0.01892,8.61
2026-05-22T23:45:00+00:00,WLDUSDT,A,-0.03839,16.0
2026-05-23T00:00:00+00:00,BEATUSDT,B,0.00574,4.23
2026-05-23T00:00:00+00:00,RIFUSDT,B,0.00315,4.76
2026-05-23T00:45:00+00:00,EDGEUSDT,A,-0.01794,5.96
2026-05-23T00:45:00+00:00,NEARUSDT,B,0.01249,4.31
2026-05-23T01:00:00+00:00,EDGEUSDT,B,0.00457,4.75
2026-05-23T01:15:00+00:00,DASHUSDT,B,0.03386,4.48
2026-05-23T04:30:00+00:00,BEATUSDT,B,0.02249,5.15
2026-05-23T04:30:00+00:00,RIFUSDT,B,0.00571,5.59
2026-05-23T05:00:00+00:00,BEATUSDT,A,-0.03134,4.66
2026-05-23T07:45:00+00:00,1000BONKUSDT,A,-0.01994,6.22
2026-05-23T07:45:00+00:00,1000PEPEUSDT,A,-0.0186,9.4
2026-05-23T07:45:00+00:00,1000SHIBUSDT,A,-0.01658,10.71
2026-05-23T07:45:00+00:00,AAVEUSDT,A,-0.02136,12.44
2026-05-23T07:45:00+00:00,ADAUSDT,A,-0.01369,14.27
2026-05-23T07:45:00+00:00,AEROUSDT,A,-0.01684,6.63
2026-05-23T07:45:00+00:00,ALGOUSDT,A,-0.01443,5.41
2026-05-23T07:45:00+00:00,APTUSDT,A,-0.0221,5.67
2026-05-23T07:45:00+00:00,ARBUSDT,A,-0.02801,19.38
2026-05-23T07:45:00+00:00,ASTERUSDT,A,-0.01178,4.43
2026-05-23T07:45:00+00:00,ATOMUSDT,A,-0.01357,4.48
2026-05-23T07:45:00+00:00,AVAXUSDT,A,-0.01763,12.73
2026-05-23T07:45:00+00:00,BNBUSDT,A,-0.01331,10.11
2026-05-23T07:45:00+00:00,CHZUSDT,A,-0.04866,23.32
2026-05-23T07:45:00+00:00,CRVUSDT,A,-0.01678,6.16
2026-05-23T07:45:00+00:00,DOTUSDT,A,-0.01865,15.25
2026-05-23T07:45:00+00:00,EIGENUSDT,A,-0.03241,4.89
2026-05-23T07:45:00+00:00,ENAUSDT,A,-0.02433,11.94
2026-05-23T07:45:00+00:00,EPICUSDT,A,-0.03055,7.84
2026-05-23T07:45:00+00:00,ETCUSDT,A,-0.01667,8.67
2026-05-23T07:45:00+00:00,ETHFIUSDT,A,-0.02691,10.51
2026-05-23T07:45:00+00:00,FARTCOINUSDT,A,-0.0239,10.54
2026-05-23T07:45:00+00:00,FETUSDT,A,-0.02679,9.98
2026-05-23T07:45:00+00:00,FILUSDT,A,-0.02836,8.45
2026-05-23T07:45:00+00:00,HBARUSDT,A,-0.01228,8.82
2026-05-23T07:45:00+00:00,ICPUSDT,A,-0.02645,4.4
2026-05-23T07:45:00+00:00,JUPUSDT,A,-0.02548,5.44
2026-05-23T07:45:00+00:00,LINKUSDT,A,-0.01512,15.62
2026-05-23T07:45:00+00:00,LTCUSDT,A,-0.01181,10.99
2026-05-23T07:45:00+00:00,OPUSDT,A,-0.02153,9.84
2026-05-23T07:45:00+00:00,PUMPUSDT,A,-0.02552,5.67
2026-05-23T07:45:00+00:00,RENDERUSDT,A,-0.01979,11.68
2026-05-23T07:45:00+00:00,SEIUSDT,A,-0.0136,4.97
2026-05-23T07:45:00+00:00,SUIUSDT,A,-0.01941,5.62
2026-05-23T07:45:00+00:00,TAOUSDT,A,-0.01458,6.3
2026-05-23T07:45:00+00:00,TIAUSDT,A,-0.02724,7.4
2026-05-23T07:45:00+00:00,TLMUSDT,A,-0.02549,5.59
2026-05-23T07:45:00+00:00,TRUMPUSDT,A,-0.03465,4.15
2026-05-23T07:45:00+00:00,UNIUSDT,A,-0.01439,7.18
2026-05-23T07:45:00+00:00,VANRYUSDT,A,-0.02116,6.48
2026-05-23T07:45:00+00:00,VIRTUALUSDT,A,-0.02259,5.82
2026-05-23T07:45:00+00:00,WLDUSDT,A,-0.01459,5.92
2026-05-23T07:45:00+00:00,XLMUSDT,A,-0.01471,11.72
2026-05-23T07:45:00+00:00,XPLUSDT,A,-0.02847,9.53
2026-05-23T07:45:00+00:00,ZROUSDT,A,-0.01841,8.45
2026-05-23T08:00:00+00:00,DASHUSDT,B,0.01016,3.31
2026-05-23T08:00:00+00:00,DOTUSDT,B,0.00083,3.34
2026-05-23T08:00:00+00:00,LINKUSDT,B,0.0023,3.91
2026-05-23T08:30:00+00:00,BEATUSDT,B,0.00537,4.63
2026-05-23T08:30:00+00:00,SYNUSDT,A,-0.02371,2.56
2026-05-23T09:00:00+00:00,BCHUSDT,A,-0.03366,14.09
2026-05-23T09:00:00+00:00,HEIUSDT,B,0.04356,26.92
2026-05-23T09:15:00+00:00,HEIUSDT,A,-0.02835,23.61
2026-05-23T09:30:00+00:00,KAITOUSDT,B,0.00942,3.22
2026-05-23T09:45:00+00:00,BSBUSDT,B,0.09861,4.14
2026-05-23T10:30:00+00:00,BSBUSDT,A,-0.05517,4.12
2026-05-23T10:30:00+00:00,TRXUSDT,A,-0.00741,4.62
2026-05-23T10:45:00+00:00,BEATUSDT,A,-0.0246,5.04
2026-05-23T10:45:00+00:00,KITEUSDT,B,0.02742,5.56
2026-05-23T13:00:00+00:00,BEATUSDT,B,0.01081,3.22
2026-05-23T13:00:00+00:00,HBARUSDT,B,0.00742,3.39
2026-05-23T13:00:00+00:00,NEARUSDT,B,0.00524,3.88
2026-05-23T13:15:00+00:00,ADAUSDT,B,0.00753,3.28
2026-05-23T13:45:00+00:00,UNIUSDT,B,0.01719,4.28
2026-05-23T15:00:00+00:00,DASHUSDT,B,0.02873,4.35
2026-05-23T15:00:00+00:00,FETUSDT,B,0.02058,4.56
2026-05-23T15:00:00+00:00,ONDOUSDT,B,0.0077,3.01
2026-05-23T15:00:00+00:00,RENDERUSDT,B,0.01234,4.22
2026-05-23T15:00:00+00:00,TAOUSDT,B,0.01254,4.98
2026-05-23T15:15:00+00:00,EDGEUSDT,B,0.04184,11.99
2026-05-23T16:15:00+00:00,TSMUSDT,B,0.00502,5.74
2026-05-23T16:30:00+00:00,HEIUSDT,A,-0.03123,8.44
2026-05-23T16:45:00+00:00,PENGUUSDT,B,0.00974,3.35
2026-05-23T17:00:00+00:00,NEARUSDT,B,0.005,10.34
2026-05-23T17:30:00+00:00,HOMEUSDT,B,0.01335,3.35
2026-05-23T17:30:00+00:00,NEARUSDT,A,-0.0187,11.39
2026-05-23T18:00:00+00:00,WLDUSDT,B,0.02177,3.01
2026-05-23T18:15:00+00:00,DOTUSDT,B,0.00555,3.72
2026-05-23T18:15:00+00:00,EIGENUSDT,B,0.01823,3.19
2026-05-23T18:15:00+00:00,SPYUSDT,B,0.00206,3.18
2026-05-23T18:30:00+00:00,AVAXUSDT,B,0.00691,3.41
2026-05-23T18:30:00+00:00,QQQUSDT,B,0.00901,14.67
2026-05-23T18:30:00+00:00,TIAUSDT,B,0.00837,3.26
2026-05-23T18:45:00+00:00,QQQUSDT,A,-0.00722,21.84
2026-05-23T18:45:00+00:00,SPYUSDT,A,-0.0064,12.54
2026-05-23T19:30:00+00:00,BEATUSDT,A,-0.03787,5.06
2026-05-23T20:00:00+00:00,BEATUSDT,B,0.0232,3.33
2026-05-23T20:30:00+00:00,1000PEPEUSDT,B,0.02939,3.37
2026-05-23T20:30:00+00:00,1000SHIBUSDT,B,0.02121,3.74
2026-05-23T20:30:00+00:00,ADAUSDT,B,0.0201,5.84
2026-05-23T20:30:00+00:00,AEROUSDT,B,0.03925,5.99
2026-05-23T20:30:00+00:00,ALGOUSDT,B,0.02301,3.71
2026-05-23T20:30:00+00:00,APTUSDT,B,0.03089,3.78
2026-05-23T20:30:00+00:00,BNBUSDT,B,0.00876,3.25
2026-05-23T20:30:00+00:00,ENAUSDT,B,0.04107,5.0
2026-05-23T20:30:00+00:00,FARTCOINUSDT,B,0.02899,3.81
2026-05-23T20:30:00+00:00,HBARUSDT,B,0.02014,4.26
2026-05-23T20:30:00+00:00,LINKUSDT,B,0.02681,6.71
2026-05-23T20:30:00+00:00,LTCUSDT,B,0.01429,4.8
2026-05-23T20:30:00+00:00,RENDERUSDT,B,0.02127,5.9
2026-05-23T20:30:00+00:00,SEIUSDT,B,0.02587,4.13
2026-05-23T20:30:00+00:00,TAOUSDT,B,0.03233,6.02
2026-05-23T20:30:00+00:00,VIRTUALUSDT,B,0.03318,3.99
2026-05-23T20:45:00+00:00,SUIUSDT,B,0.01507,3.14
2026-05-23T21:00:00+00:00,ETHFIUSDT,A,-0.00801,3.9
2026-05-23T21:00:00+00:00,NEARUSDT,B,0.00541,4.17
2026-05-23T21:15:00+00:00,DOTUSDT,A,-0.0128,3.91
2026-05-23T21:15:00+00:00,XPLUSDT,A,-0.00813,4.36
2026-05-24T00:00:00+00:00,KAITOUSDT,B,0.0445,9.47
2026-05-24T00:15:00+00:00,RIFUSDT,B,0.0263,7.17
2026-05-24T01:45:00+00:00,XMRUSDT,B,0.00315,3.05
2026-05-24T02:15:00+00:00,BEATUSDT,B,0.02047,6.17
2026-05-24T04:30:00+00:00,EIGENUSDT,B,0.02791,3.3
2026-05-24T04:30:00+00:00,NEARUSDT,B,0.00253,4.49
2026-05-24T05:15:00+00:00,EIGENUSDT,A,-0.01847,3.1
2026-05-24T05:45:00+00:00,RIFUSDT,B,0.09623,14.95
2026-05-24T06:00:00+00:00,RIFUSDT,A,-0.0436,21.87
2026-05-24T06:45:00+00:00,DEXEUSDT,B,0.07252,37.44
2026-05-24T07:45:00+00:00,DEXEUSDT,A,-0.02112,4.42
2026-05-24T08:15:00+00:00,SPYUSDT,B,0.00187,4.48
2026-05-24T08:30:00+00:00,ASTERUSDT,B,0.01041,4.48
2026-05-24T09:00:00+00:00,ARBUSDT,A,-0.01286,5.09
2026-05-24T09:30:00+00:00,ETCUSDT,B,0.01031,4.84
2026-05-24T09:30:00+00:00,HEIUSDT,A,-0.02542,14.17
2026-05-24T09:45:00+00:00,HEIUSDT,B,0.02152,6.77
2026-05-24T10:00:00+00:00,EIGENUSDT,A,-0.02274,2.34
2026-05-24T10:15:00+00:00,VVVUSDT,B,0.00998,4.01
2026-05-24T11:00:00+00:00,XAUTUSDT,B,0.00039,3.31
2026-05-24T11:15:00+00:00,EDGEUSDT,B,0.01513,3.29
2026-05-24T11:15:00+00:00,KAITOUSDT,B,0.03076,3.21
2026-05-24T11:30:00+00:00,LITUSDT,B,0.00343,6.0
2026-05-24T11:45:00+00:00,RIFUSDT,B,0.0312,7.25
2026-05-24T12:00:00+00:00,BSBUSDT,B,0.11992,3.42
2026-05-24T12:45:00+00:00,ASTERUSDT,B,0.01987,7.67
2026-05-24T13:30:00+00:00,ASTERUSDT,A,-0.00901,5.18
2026-05-24T13:30:00+00:00,WLDUSDT,B,0.02572,4.27
2026-05-24T13:45:00+00:00,WLDUSDT,A,-0.01704,7.55
2026-05-24T14:00:00+00:00,SPYUSDT,A,-0.00336,3.75
2026-05-24T14:15:00+00:00,HBARUSDT,B,0.00079,4.15
2026-05-24T14:15:00+00:00,NEARUSDT,B,0.0125,6.38
2026-05-24T14:15:00+00:00,SPYUSDT,B,0.00114,3.31
2026-05-24T15:15:00+00:00,EPICUSDT,B,0.02517,6.18
2026-05-24T15:15:00+00:00,ESPORTSUSDT,B,0.00539,3.07
2026-05-24T15:15:00+00:00,NEARUSDT,A,-0.02353,6.81
2026-05-24T16:00:00+00:00,VVVUSDT,B,0.00054,3.0
2026-05-24T18:00:00+00:00,MORPHOUSDT,B,0.00478,4.63
2026-05-24T18:30:00+00:00,MORPHOUSDT,A,-0.01632,6.89
2026-05-24T18:45:00+00:00,KAITOUSDT,B,0.02817,3.2
2026-05-24T20:30:00+00:00,HEIUSDT,B,0.00518,3.28
2026-05-24T21:00:00+00:00,1000PEPEUSDT,B,0.0043,5.92
2026-05-24T21:00:00+00:00,NEARUSDT,B,0.0143,4.18
2026-05-24T21:30:00+00:00,ATOMUSDT,A,-0.00891,6.13
2026-05-24T21:30:00+00:00,BCHUSDT,A,-0.01304,9.81
2026-05-24T21:30:00+00:00,CHZUSDT,A,-0.02635,6.91
2026-05-24T21:30:00+00:00,EIGENUSDT,A,-0.01876,2.41
2026-05-24T22:00:00+00:00,PAXGUSDT,B,0.00697,8.75
2026-05-24T22:00:00+00:00,RENDERUSDT,B,0.02781,4.02
2026-05-24T22:00:00+00:00,SPYUSDT,A,-0.00172,7.89
2026-05-24T22:00:00+00:00,XAUTUSDT,B,0.00683,16.49
2026-05-24T23:30:00+00:00,WLDUSDT,B,0.00516,5.95
2026-05-25T00:00:00+00:00,KAITOUSDT,B,0.01178,3.13
2026-05-25T00:15:00+00:00,SPYUSDT,B,7e-05,10.25
2026-05-25T02:30:00+00:00,NEARUSDT,A,-0.02,4.96
2026-05-25T03:00:00+00:00,DEXEUSDT,B,0.07114,30.85
2026-05-25T03:45:00+00:00,TIAUSDT,B,0.00407,4.91
2026-05-25T03:45:00+00:00,VVVUSDT,A,-0.03847,3.83
2026-05-25T04:00:00+00:00,DEXEUSDT,A,-0.01047,7.62
2026-05-25T06:30:00+00:00,RIFUSDT,B,0.00186,3.94
2026-05-25T07:00:00+00:00,DEXEUSDT,B,0.00659,4.32
2026-05-25T07:00:00+00:00,UNIUSDT,B,0.0097,19.98
2026-05-25T07:15:00+00:00,UNIUSDT,A,-0.02533,12.82
2026-05-25T07:30:00+00:00,ASTERUSDT,B,0.00882,6.5
2026-05-25T07:30:00+00:00,WLDUSDT,B,0.00238,4.8
2026-05-25T08:30:00+00:00,DEXEUSDT,A,-0.01825,8.41
2026-05-25T09:30:00+00:00,MORPHOUSDT,B,0.02199,6.77
2026-05-25T10:00:00+00:00,RENDERUSDT,B,0.00545,6.63
2026-05-25T10:45:00+00:00,INJUSDT,B,0.01878,3.14
2026-05-25T11:00:00+00:00,ESPORTSUSDT,B,0.00638,6.91
2026-05-25T11:00:00+00:00,RENDERUSDT,A,-0.00951,5.15
2026-05-25T11:30:00+00:00,ESPORTSUSDT,A,-0.56932,59.55
2026-05-25T12:00:00+00:00,BNBUSDT,B,0.00522,3.3
2026-05-25T12:00:00+00:00,NEARUSDT,B,0.02664,4.18
2026-05-25T12:15:00+00:00,DEXEUSDT,B,0.00424,3.74
2026-05-25T12:15:00+00:00,TRXUSDT,B,0.00396,3.61
2026-05-25T12:30:00+00:00,NATGASUSDT,B,0.00953,3.8
2026-05-25T12:45:00+00:00,AAPLUSDT,A,-0.00195,3.06
2026-05-25T13:15:00+00:00,AAPLUSDT,B,0.00083,6.15
2026-05-25T14:00:00+00:00,EIGENUSDT,B,0.02723,3.6
2026-05-25T14:00:00+00:00,FETUSDT,B,0.01518,4.13
2026-05-25T14:00:00+00:00,RENDERUSDT,B,0.02493,8.95
2026-05-25T14:15:00+00:00,KAITOUSDT,B,0.02615,3.13
2026-05-25T14:30:00+00:00,EIGENUSDT,A,-0.0108,2.5
2026-05-25T15:15:00+00:00,BSBUSDT,A,-0.3346,11.74
2026-05-25T15:15:00+00:00,KAITOUSDT,A,-0.04249,5.93
2026-05-25T15:30:00+00:00,BSBUSDT,B,0.04647,7.54
2026-05-25T15:30:00+00:00,DEXEUSDT,A,-0.01134,4.95
2026-05-25T15:30:00+00:00,ESPORTSUSDT,B,0.01248,9.38
2026-05-25T15:30:00+00:00,MORPHOUSDT,A,-0.01901,4.54
2026-05-25T15:45:00+00:00,TRXUSDT,A,-0.00753,19.85
2026-05-25T16:00:00+00:00,RENDERUSDT,A,-0.01044,4.82
2026-05-25T16:15:00+00:00,HEIUSDT,B,0.02441,10.84
2026-05-25T16:15:00+00:00,MORPHOUSDT,B,0.00162,3.52
2026-05-25T16:15:00+00:00,TRXUSDT,B,0.0025,3.24
2026-05-25T16:30:00+00:00,NEARUSDT,B,0.01597,3.54
2026-05-25T16:45:00+00:00,TIAUSDT,B,0.01694,4.64
2026-05-25T17:00:00+00:00,DEXEUSDT,B,0.00046,3.6
2026-05-25T17:45:00+00:00,WLDUSDT,B,0.00709,6.79
2026-05-25T18:00:00+00:00,RENDERUSDT,B,0.01461,4.67
2026-05-25T18:15:00+00:00,TIAUSDT,A,-0.02243,4.84
2026-05-25T19:30:00+00:00,SPYUSDT,B,0.0036,3.25
2026-05-25T19:30:00+00:00,WLDUSDT,A,-0.01738,5.17
2026-05-25T20:30:00+00:00,HEIUSDT,B,0.03601,3.79
2026-05-25T20:30:00+00:00,RENDERUSDT,A,-0.01816,5.13
2026-05-25T22:00:00+00:00,ESPORTSUSDT,A,-0.0735,7.28
2026-05-25T22:30:00+00:00,ESPORTSUSDT,B,0.02103,4.44
2026-05-25T23:30:00+00:00,ONDOUSDT,A,-0.02753,6.29
2026-05-25T23:45:00+00:00,RENDERUSDT,B,0.0023,3.48
2026-05-26T00:00:00+00:00,AAPLUSDT,A,-0.00321,5.39
2026-05-26T00:00:00+00:00,BABAUSDT,A,-0.00655,4.1
2026-05-26T00:00:00+00:00,EWYUSDT,A,-0.00523,4.36
2026-05-26T00:00:00+00:00,METAUSDT,A,-0.00431,3.7
2026-05-26T00:00:00+00:00,MSFTUSDT,A,-0.00466,5.53
2026-05-26T00:00:00+00:00,NVDAUSDT,A,-0.01232,3.69
2026-05-26T00:00:00+00:00,QQQUSDT,A,-0.00219,6.52
2026-05-26T00:30:00+00:00,CHZUSDT,A,-0.01779,4.15
2026-05-26T00:30:00+00:00,EWYUSDT,B,0.00626,7.08
2026-05-26T00:45:00+00:00,TAOUSDT,B,0.00701,3.7
2026-05-26T01:00:00+00:00,NEARUSDT,B,0.00037,4.54
2026-05-26T01:30:00+00:00,LITUSDT,B,0.00693,4.98
2026-05-26T01:30:00+00:00,XPLUSDT,A,-0.02024,5.16
2026-05-26T02:30:00+00:00,RIFUSDT,B,0.0189,4.66
2026-05-26T03:30:00+00:00,RIFUSDT,A,-0.02912,8.17
2026-05-26T03:45:00+00:00,RENDERUSDT,B,0.00543,3.92
2026-05-26T04:15:00+00:00,ESPORTSUSDT,B,0.04593,3.39
2026-05-26T04:30:00+00:00,FETUSDT,B,0.00854,3.52
2026-05-26T04:30:00+00:00,WLDUSDT,B,0.01281,4.75
2026-05-26T05:30:00+00:00,WLDUSDT,A,-0.0208,7.45
2026-05-26T06:15:00+00:00,RENDERUSDT,A,-0.02331,5.43
2026-05-26T06:30:00+00:00,TIAUSDT,B,0.01004,3.11
2026-05-26T06:30:00+00:00,UBUSDT,B,0.0104,3.6
2026-05-26T06:45:00+00:00,KITEUSDT,B,0.03736,6.16
2026-05-26T07:00:00+00:00,EIGENUSDT,A,-0.03094,3.42
2026-05-26T07:00:00+00:00,FETUSDT,A,-0.02713,7.13
2026-05-26T07:30:00+00:00,SPYUSDT,B,0.00028,3.35
2026-05-26T07:45:00+00:00,RENDERUSDT,B,0.0107,14.8
2026-05-26T07:45:00+00:00,RIFUSDT,B,0.033,3.64
2026-05-26T08:00:00+00:00,QQQUSDT,B,0.00018,5.16
2026-05-26T08:00:00+00:00,VIRTUALUSDT,B,0.02421,3.05
2026-05-26T08:30:00+00:00,FETUSDT,B,0.00452,9.05
2026-05-26T08:30:00+00:00,WLDUSDT,B,0.01741,7.16
2026-05-26T10:15:00+00:00,ATOMUSDT,B,0.01379,3.37
2026-05-26T10:15:00+00:00,EIGENUSDT,B,0.00686,3.94
2026-05-26T10:15:00+00:00,MORPHOUSDT,B,0.04862,8.19
2026-05-26T10:15:00+00:00,NEARUSDT,B,0.02339,4.71
2026-05-26T10:30:00+00:00,DEXEUSDT,A,-0.02567,4.06
2026-05-26T10:30:00+00:00,DOTUSDT,B,0.00624,3.43
2026-05-26T11:00:00+00:00,RENDERUSDT,A,-0.01624,6.36
2026-05-26T11:30:00+00:00,PAXGUSDT,A,-0.00286,8.25
2026-05-26T11:45:00+00:00,NEARUSDT,A,-0.03781,10.24
2026-05-26T11:45:00+00:00,TRXUSDT,B,0.00611,4.19
2026-05-26T12:00:00+00:00,ETHFIUSDT,B,0.00988,4.19
2026-05-26T12:00:00+00:00,RENDERUSDT,B,0.00814,7.47
2026-05-26T12:00:00+00:00,VIRTUALUSDT,A,-0.00993,4.4
2026-05-26T12:15:00+00:00,DEXEUSDT,B,0.00043,3.41
2026-05-26T12:30:00+00:00,FETUSDT,A,-0.02907,10.98
2026-05-26T12:30:00+00:00,WLDUSDT,A,-0.04936,40.63
2026-05-26T12:45:00+00:00,WLDUSDT,B,0.00206,14.75
2026-05-26T13:30:00+00:00,AAPLUSDT,B,0.002,6.85
2026-05-26T13:30:00+00:00,COINUSDT,A,-0.00694,5.43
2026-05-26T13:30:00+00:00,CRCLUSDT,A,-0.03086,9.57
2026-05-26T13:30:00+00:00,EWYUSDT,B,0.01839,6.53
2026-05-26T13:30:00+00:00,FETUSDT,B,0.0108,6.11
2026-05-26T13:30:00+00:00,MSTRUSDT,B,0.00776,5.73
2026-05-26T13:30:00+00:00,PLTRUSDT,A,-0.01432,7.88
2026-05-26T13:30:00+00:00,QQQUSDT,B,0.00096,5.99
2026-05-26T13:30:00+00:00,SPYUSDT,B,0.00064,10.43
2026-05-26T13:30:00+00:00,TSLAUSDT,A,-0.00365,8.94
2026-05-26T13:45:00+00:00,COINUSDT,B,0.00612,3.24
2026-05-26T13:45:00+00:00,CRCLUSDT,B,0.00239,4.23
2026-05-26T13:45:00+00:00,GOOGLUSDT,B,0.00652,9.82
2026-05-26T13:45:00+00:00,INTCUSDT,B,0.02604,6.43
2026-05-26T13:45:00+00:00,NVDAUSDT,A,-0.00365,4.82
2026-05-26T13:45:00+00:00,TRXUSDT,A,-0.00194,3.42
2026-05-26T13:45:00+00:00,TSLAUSDT,B,0.00471,3.14
2026-05-26T14:00:00+00:00,INTCUSDT,A,-0.02186,5.61
2026-05-26T14:00:00+00:00,XPLUSDT,B,0.01991,3.98
2026-05-26T14:15:00+00:00,NEARUSDT,B,0.01864,4.13
2026-05-26T14:30:00+00:00,AEROUSDT,A,-0.01148,5.27
2026-05-26T14:30:00+00:00,APTUSDT,A,-0.01735,4.04
2026-05-26T14:30:00+00:00,EIGENUSDT,A,-0.01981,3.1
2026-05-26T14:30:00+00:00,ETCUSDT,A,-0.01393,7.95
2026-05-26T14:30:00+00:00,ETHFIUSDT,A,-0.01697,3.7
2026-05-26T14:30:00+00:00,MSTRUSDT,A,-0.01118,6.36
2026-05-26T14:30:00+00:00,XPLUSDT,A,-0.02703,5.18
2026-05-26T15:00:00+00:00,DOTUSDT,A,-0.0062,4.12
2026-05-26T15:30:00+00:00,TIAUSDT,B,0.00458,3.8
2026-05-26T15:45:00+00:00,PUMPUSDT,B,0.0289,8.75
2026-05-26T16:00:00+00:00,ESPORTSUSDT,B,0.05556,3.83
2026-05-26T16:15:00+00:00,RENDERUSDT,B,0.00805,3.17
2026-05-26T16:45:00+00:00,WLDUSDT,B,0.00075,5.89
2026-05-26T17:00:00+00:00,ESPORTSUSDT,A,-0.0655,4.13
2026-05-26T17:15:00+00:00,FETUSDT,A,-0.01574,7.5
2026-05-26T17:15:00+00:00,RENDERUSDT,A,-0.03321,7.81
2026-05-26T17:15:00+00:00,WLDUSDT,A,-0.01331,12.44
2026-05-26T17:30:00+00:00,LINKUSDT,B,0.00308,4.07
2026-05-26T17:45:00+00:00,WLFIUSDT,A,-0.05272,16.73
2026-05-26T18:30:00+00:00,NEARUSDT,A,-0.0159,6.09
2026-05-26T18:30:00+00:00,WLFIUSDT,B,0.04647,3.2
2026-05-26T19:00:00+00:00,ATOMUSDT,B,0.00598,3.67
2026-05-26T20:45:00+00:00,ATOMUSDT,A,-0.00633,4.22
2026-05-26T20:45:00+00:00,WLDUSDT,B,0.01123,6.0
2026-05-26T21:00:00+00:00,TSLAUSDT,B,0.00593,6.27
2026-05-26T21:15:00+00:00,RENDERUSDT,B,0.01477,4.63
2026-05-26T21:45:00+00:00,ESPORTSUSDT,B,0.04474,4.74
2026-05-26T23:15:00+00:00,PAXGUSDT,B,0.00073,3.66
2026-05-26T23:15:00+00:00,SPYUSDT,B,3e-05,3.46
2026-05-26T23:45:00+00:00,NEARUSDT,A,-0.01883,6.22
2026-05-27T00:15:00+00:00,EWYUSDT,A,-0.00626,8.67
2026-05-27T00:15:00+00:00,KAITOUSDT,B,0.02492,4.22
2026-05-27T00:30:00+00:00,EWYUSDT,B,0.00248,3.04
2026-05-27T01:00:00+00:00,SEIUSDT,B,0.00781,4.39
2026-05-27T01:30:00+00:00,SEIUSDT,A,-0.0127,4.17
2026-05-27T02:00:00+00:00,BABAUSDT,B,0.00265,3.17
2026-05-27T02:15:00+00:00,RENDERUSDT,B,0.00131,3.89
2026-05-27T02:45:00+00:00,USUSDT,B,0.0096,3.12
2026-05-27T03:15:00+00:00,MSFTUSDT,B,0.00036,5.46
2026-05-27T04:15:00+00:00,RENDERUSDT,A,-0.024,6.89
2026-05-27T04:30:00+00:00,1000PEPEUSDT,A,-0.00624,4.61
2026-05-27T04:30:00+00:00,EWYUSDT,B,0.00638,3.14
2026-05-27T04:45:00+00:00,ICPUSDT,B,0.05547,6.1
2026-05-27T05:30:00+00:00,SEIUSDT,B,0.00345,3.29
2026-05-27T05:30:00+00:00,WLDUSDT,B,0.00659,3.18
2026-05-27T05:45:00+00:00,VIRTUALUSDT,B,0.00952,3.27
2026-05-27T06:30:00+00:00,FILUSDT,B,0.01157,3.2
2026-05-27T06:30:00+00:00,SEIUSDT,A,-0.0092,8.31
2026-05-27T07:30:00+00:00,MORPHOUSDT,A,-0.01325,5.86
2026-05-27T07:45:00+00:00,MORPHOUSDT,B,0.00534,3.0
2026-05-27T07:45:00+00:00,RENDERUSDT,B,0.00366,3.5
2026-05-27T09:00:00+00:00,ICPUSDT,A,-0.01697,3.97
2026-05-27T09:30:00+00:00,SEIUSDT,B,0.00874,6.23
2026-05-27T09:30:00+00:00,TSLAUSDT,B,0.00122,3.27
2026-05-27T09:45:00+00:00,CRVUSDT,A,-0.01744,21.09
2026-05-27T09:45:00+00:00,DEXEUSDT,B,0.01851,4.49
2026-05-27T10:00:00+00:00,AEROUSDT,B,0.02111,3.7
2026-05-27T10:45:00+00:00,PAXGUSDT,A,-0.00465,7.61
2026-05-27T10:45:00+00:00,XAUTUSDT,A,-0.00393,10.47
2026-05-27T11:15:00+00:00,TSMUSDT,B,0.00266,4.17
2026-05-27T12:00:00+00:00,SEIUSDT,A,-0.01664,5.82
2026-05-27T12:15:00+00:00,ALLOUSDT,B,0.02729,3.99
2026-05-27T12:15:00+00:00,EWYUSDT,B,0.00808,9.08
2026-05-27T12:15:00+00:00,SPYUSDT,B,0.00233,6.01
2026-05-27T12:15:00+00:00,XAUTUSDT,B,0.00512,3.77
2026-05-27T12:15:00+00:00,XLMUSDT,B,0.02099,7.57
2026-05-27T13:00:00+00:00,HEIUSDT,B,0.02682,29.44
2026-05-27T13:15:00+00:00,HEIUSDT,A,-0.01298,4.19
2026-05-27T13:30:00+00:00,AAPLUSDT,B,0.0073,8.08
2026-05-27T13:30:00+00:00,AMZNUSDT,B,0.00184,3.96
2026-05-27T13:30:00+00:00,COINUSDT,B,0.0119,3.78
2026-05-27T13:30:00+00:00,ETHFIUSDT,A,-0.01367,4.66
2026-05-27T13:30:00+00:00,EWYUSDT,A,-0.01659,10.95
2026-05-27T13:30:00+00:00,GOOGLUSDT,B,0.00465,8.83
2026-05-27T13:30:00+00:00,HOODUSDT,B,0.00784,4.87
2026-05-27T13:30:00+00:00,INTCUSDT,A,-0.0534,15.75
2026-05-27T13:30:00+00:00,MSFTUSDT,B,0.00343,6.7
2026-05-27T13:30:00+00:00,MSTRUSDT,A,-0.00465,5.49
2026-05-27T13:30:00+00:00,NVDAUSDT,A,-0.01498,16.27
2026-05-27T13:30:00+00:00,QQQUSDT,A,-0.00654,12.02
2026-05-27T13:30:00+00:00,SPYUSDT,A,-0.00198,10.76
2026-05-27T13:30:00+00:00,TSLAUSDT,A,-0.00752,15.34
2026-05-27T13:30:00+00:00,TSMUSDT,A,-0.01572,28.19
2026-05-27T13:45:00+00:00,INTCUSDT,B,0.01909,6.25
2026-05-27T13:45:00+00:00,MSTRUSDT,B,0.00186,3.3
2026-05-27T13:45:00+00:00,NVDAUSDT,B,0.00237,6.27
2026-05-27T13:45:00+00:00,QQQUSDT,B,0.00276,8.17
2026-05-27T13:45:00+00:00,TSLAUSDT,B,0.00268,4.63
2026-05-27T14:00:00+00:00,TIAUSDT,B,0.00945,4.67
2026-05-27T14:00:00+00:00,TRXUSDT,A,-0.00411,5.73
2026-05-27T14:15:00+00:00,AAPLUSDT,A,-0.00374,3.91
2026-05-27T15:00:00+00:00,NATGASUSDT,B,0.00778,4.24
2026-05-27T15:15:00+00:00,APTUSDT,B,0.02046,3.69
2026-05-27T15:15:00+00:00,LTCUSDT,B,0.00343,3.53
2026-05-27T15:15:00+00:00,SEIUSDT,B,0.01573,4.47
2026-05-27T15:30:00+00:00,NEARUSDT,B,0.01684,3.66
2026-05-27T15:30:00+00:00,XPLUSDT,B,0.02346,3.79
2026-05-27T16:00:00+00:00,RIFUSDT,B,0.00814,3.88
2026-05-27T16:30:00+00:00,ALLOUSDT,B,0.01425,3.88
2026-05-27T16:30:00+00:00,XLMUSDT,B,0.01286,10.69
2026-05-27T17:15:00+00:00,WLDUSDT,A,-0.02332,5.86
2026-05-27T17:15:00+00:00,XLMUSDT,A,-0.01139,6.94
2026-05-27T17:45:00+00:00,TLMUSDT,B,0.00917,3.46
2026-05-27T18:00:00+00:00,METAUSDT,B,0.01209,11.78
2026-05-27T20:00:00+00:00,AMZNUSDT,B,0.0025,3.02
2026-05-27T20:00:00+00:00,RIFUSDT,B,0.00132,4.1
2026-05-27T20:30:00+00:00,SPYUSDT,B,0.00049,9.98
2026-05-27T20:45:00+00:00,ALLOUSDT,B,0.00696,3.43
2026-05-27T20:45:00+00:00,XLMUSDT,B,0.01294,3.71
2026-05-27T21:15:00+00:00,XLMUSDT,A,-0.01385,10.39
2026-05-27T21:30:00+00:00,SEIUSDT,A,-0.01911,7.36
2026-05-27T21:45:00+00:00,ZROUSDT,A,-0.01521,4.86
2026-05-27T22:15:00+00:00,ENAUSDT,B,0.003,3.39
2026-05-27T22:15:00+00:00,XMRUSDT,B,3e-05,3.49
2026-05-27T23:15:00+00:00,UNIUSDT,A,-0.03186,24.9
2026-05-27T23:45:00+00:00,EWYUSDT,A,-0.00871,5.71
2026-05-27T23:45:00+00:00,UNIUSDT,B,0.00259,3.19
2026-05-28T00:15:00+00:00,EWYUSDT,B,0.00928,4.58
2026-05-28T00:45:00+00:00,XLMUSDT,B,0.00646,12.18
2026-05-28T01:15:00+00:00,XLMUSDT,A,-0.00944,13.11
2026-05-28T01:30:00+00:00,BABAUSDT,A,-0.01632,4.59
2026-05-28T02:15:00+00:00,RENDERUSDT,A,-0.01773,7.76
2026-05-28T03:00:00+00:00,FETUSDT,A,-0.01855,4.84
2026-05-28T03:15:00+00:00,1000BONKUSDT,A,-0.01587,5.31
2026-05-28T03:15:00+00:00,1000PEPEUSDT,A,-0.00774,5.45
2026-05-28T03:15:00+00:00,1000SHIBUSDT,A,-0.01016,5.75
2026-05-28T03:15:00+00:00,AAVEUSDT,A,-0.01164,3.81
2026-05-28T03:15:00+00:00,ADAUSDT,A,-0.00803,8.54
2026-05-28T03:15:00+00:00,APTUSDT,A,-0.01592,5.02
2026-05-28T03:15:00+00:00,AVAXUSDT,A,-0.00765,6.27
2026-05-28T03:15:00+00:00,BASEDUSDT,A,-0.02843,4.27
2026-05-28T03:15:00+00:00,BNBUSDT,A,-0.00334,5.33
2026-05-28T03:15:00+00:00,CHZUSDT,A,-0.01435,4.6
2026-05-28T03:15:00+00:00,CRVUSDT,A,-0.00888,4.38
2026-05-28T03:15:00+00:00,DOTUSDT,A,-0.01062,5.14
2026-05-28T03:15:00+00:00,EIGENUSDT,A,-0.02617,3.86
2026-05-28T03:15:00+00:00,ETHFIUSDT,A,-0.02103,6.03
2026-05-28T03:15:00+00:00,FARTCOINUSDT,A,-0.0127,4.01
2026-05-28T03:15:00+00:00,FETUSDT,B,0.00527,4.08
2026-05-28T03:15:00+00:00,FILUSDT,A,-0.02051,4.97
2026-05-28T03:15:00+00:00,LINKUSDT,A,-0.00825,8.97
2026-05-28T03:15:00+00:00,LTCUSDT,A,-0.0085,6.24
2026-05-28T03:15:00+00:00,OPUSDT,A,-0.01478,4.17
2026-05-28T03:15:00+00:00,PUMPUSDT,A,-0.01799,2.06
2026-05-28T03:15:00+00:00,SEIUSDT,A,-0.01214,4.47
2026-05-28T03:15:00+00:00,TRUMPUSDT,A,-0.01242,4.88
2026-05-28T03:15:00+00:00,VANRYUSDT,A,-0.01726,4.57
2026-05-28T03:15:00+00:00,ZROUSDT,A,-0.01162,3.99
2026-05-28T03:30:00+00:00,SPYUSDT,A,-0.00207,5.97
2026-05-28T03:30:00+00:00,TSMUSDT,A,-0.00834,12.84
2026-05-28T03:45:00+00:00,HBARUSDT,A,-0.01581,13.9
2026-05-28T04:00:00+00:00,ARBUSDT,A,-0.01159,4.38
2026-05-28T04:00:00+00:00,ONDOUSDT,A,-0.01277,5.79
2026-05-28T04:00:00+00:00,XPLUSDT,A,-0.01338,4.98
2026-05-28T04:15:00+00:00,EWYUSDT,B,0.00074,3.89
2026-05-28T04:30:00+00:00,CHZUSDT,B,0.00207,4.98
2026-05-28T04:45:00+00:00,XLMUSDT,B,0.00438,9.35
2026-05-28T05:00:00+00:00,TRXUSDT,A,-0.00194,3.65
2026-05-28T05:00:00+00:00,VVVUSDT,A,-0.04092,4.01
2026-05-28T05:00:00+00:00,WLDUSDT,A,-0.04109,5.86
2026-05-28T05:45:00+00:00,ALLOUSDT,B,0.01244,7.58
2026-05-28T05:45:00+00:00,XLMUSDT,A,-0.01465,7.44
2026-05-28T06:30:00+00:00,RIFUSDT,A,-0.03598,4.74
2026-05-28T07:15:00+00:00,XPLUSDT,B,0.022,3.16
2026-05-28T08:45:00+00:00,APTUSDT,B,0.00131,4.19
2026-05-28T08:45:00+00:00,XLMUSDT,B,0.00273,4.75
2026-05-28T09:00:00+00:00,TRXUSDT,A,-0.00515,7.1
2026-05-28T09:45:00+00:00,ALLOUSDT,B,0.02139,6.51
2026-05-28T10:15:00+00:00,TIAUSDT,B,0.00335,3.59
2026-05-28T11:15:00+00:00,BCHUSDT,A,-0.04507,15.24
2026-05-28T11:30:00+00:00,METAUSDT,B,0.00116,3.45
2026-05-28T12:15:00+00:00,ALLOUSDT,A,-0.0132,10.67
2026-05-28T12:30:00+00:00,NATGASUSDT,A,-0.00648,5.96
2026-05-28T12:30:00+00:00,RIFUSDT,B,0.03478,5.05
2026-05-28T12:45:00+00:00,GOOGLUSDT,B,0.00106,7.41
2026-05-28T12:45:00+00:00,XLMUSDT,B,0.01349,44.27
2026-05-28T13:00:00+00:00,NATGASUSDT,B,0.0039,3.33
2026-05-28T13:15:00+00:00,AAPLUSDT,B,0.00087,3.84
2026-05-28T13:15:00+00:00,HBARUSDT,B,0.012,4.07
2026-05-28T13:15:00+00:00,METAUSDT,A,-0.00386,5.79
2026-05-28T13:15:00+00:00,MSFTUSDT,A,-0.0067,6.18
2026-05-28T13:30:00+00:00,COINUSDT,B,0.00105,4.79
2026-05-28T13:30:00+00:00,GOOGLUSDT,A,-0.00584,5.03
2026-05-28T13:30:00+00:00,INTCUSDT,A,-0.01661,9.48
2026-05-28T13:30:00+00:00,MSFTUSDT,B,0.01381,17.46
2026-05-28T13:30:00+00:00,MSTRUSDT,A,-0.02765,7.1
2026-05-28T13:30:00+00:00,NVDAUSDT,B,0.00856,7.07
2026-05-28T13:30:00+00:00,PLTRUSDT,B,0.01772,13.28
2026-05-28T13:30:00+00:00,XMRUSDT,A,-0.03192,13.44
2026-05-28T13:45:00+00:00,ESPORTSUSDT,B,0.13625,3.13
2026-05-28T13:45:00+00:00,EWYUSDT,B,0.00269,3.42
2026-05-28T13:45:00+00:00,TSLAUSDT,B,0.00883,3.62
2026-05-28T13:45:00+00:00,TSMUSDT,B,0.00108,4.33
2026-05-28T13:45:00+00:00,XLMUSDT,A,-0.02885,71.66
2026-05-28T14:00:00+00:00,1000PEPEUSDT,B,0.00419,3.29
2026-05-28T14:00:00+00:00,AAVEUSDT,A,-0.00898,13.6
2026-05-28T14:00:00+00:00,ADAUSDT,B,0.00389,3.32
2026-05-28T14:00:00+00:00,ALLOUSDT,B,0.01753,7.25
2026-05-28T14:00:00+00:00,BABAUSDT,B,0.00345,3.43
2026-05-28T14:00:00+00:00,ENAUSDT,B,0.01055,3.16
2026-05-28T14:00:00+00:00,HBARUSDT,A,-0.00634,18.18
2026-05-28T14:00:00+00:00,HOODUSDT,B,0.00154,7.92
2026-05-28T14:00:00+00:00,INTCUSDT,B,0.00653,3.13
2026-05-28T14:00:00+00:00,JUPUSDT,A,-0.00979,4.43
2026-05-28T14:00:00+00:00,MSTRUSDT,B,0.00273,3.61
2026-05-28T14:00:00+00:00,NEARUSDT,B,0.01426,3.75
2026-05-28T14:00:00+00:00,PAXGUSDT,B,0.00718,4.09
2026-05-28T14:00:00+00:00,QQQUSDT,B,0.00578,6.45
2026-05-28T14:00:00+00:00,SEIUSDT,B,0.0116,3.26
2026-05-28T14:00:00+00:00,SPYUSDT,B,0.00412,6.78
2026-05-28T14:00:00+00:00,XAUTUSDT,B,0.00712,3.82
2026-05-28T14:00:00+00:00,ZROUSDT,A,-0.00901,9.93
2026-05-28T14:15:00+00:00,FETUSDT,B,0.009,3.26
2026-05-28T15:15:00+00:00,ESPORTSUSDT,A,-0.06835,5.96
2026-05-28T16:15:00+00:00,ETHFIUSDT,B,0.02195,3.85
2026-05-28T16:30:00+00:00,HOMEUSDT,B,0.01307,3.97
2026-05-28T17:00:00+00:00,XLMUSDT,B,0.04842,51.23
2026-05-28T17:00:00+00:00,XPLUSDT,B,0.03695,5.44
2026-05-28T17:30:00+00:00,HBARUSDT,B,0.00632,4.62
2026-05-28T17:30:00+00:00,MSFTUSDT,B,0.00258,4.11
2026-05-28T17:45:00+00:00,ESPORTSUSDT,B,0.14263,8.24
2026-05-28T18:00:00+00:00,ALLOUSDT,B,0.07076,134.55
2026-05-28T18:00:00+00:00,RIFUSDT,B,0.03138,4.98
2026-05-28T18:00:00+00:00,UBUSDT,B,0.02692,5.54
2026-05-28T18:30:00+00:00,XLMUSDT,A,-0.01666,34.34
2026-05-28T19:00:00+00:00,ALLOUSDT,A,-0.03893,180.93
2026-05-28T19:30:00+00:00,GOOGLUSDT,B,0.00059,3.34
2026-05-28T19:30:00+00:00,HBARUSDT,A,-0.00728,4.72
2026-05-28T19:45:00+00:00,AAPLUSDT,B,0.00363,3.01
2026-05-28T19:45:00+00:00,PLTRUSDT,B,0.00582,12.96
2026-05-28T21:00:00+00:00,XLMUSDT,B,0.0176,10.94
2026-05-28T22:15:00+00:00,ALLOUSDT,B,0.0144,66.93
2026-05-28T22:30:00+00:00,XLMUSDT,A,-0.03048,22.73
2026-05-28T22:45:00+00:00,HBARUSDT,B,0.01058,3.68
2026-05-28T23:30:00+00:00,ALGOUSDT,B,0.00613,3.22
2026-05-28T23:45:00+00:00,ALLOUSDT,A,-0.01927,62.28
2026-05-29T00:00:00+00:00,ESPORTSUSDT,B,0.13182,3.67
2026-05-29T01:00:00+00:00,EWYUSDT,B,0.00197,5.82
2026-05-29T01:45:00+00:00,FETUSDT,B,0.01072,5.38
2026-05-29T01:45:00+00:00,QQQUSDT,B,0.0002,4.56
2026-05-29T02:15:00+00:00,ALLOUSDT,B,0.02459,12.1
2026-05-29T02:30:00+00:00,RIFUSDT,B,0.01617,3.38
2026-05-29T03:15:00+00:00,XLMUSDT,B,0.02429,3.52
2026-05-29T04:00:00+00:00,ALLOUSDT,A,-0.03064,15.7
2026-05-29T04:45:00+00:00,ETHFIUSDT,B,0.0317,4.53
2026-05-29T05:00:00+00:00,XPLUSDT,B,0.0051,6.24
2026-05-29T05:15:00+00:00,HEIUSDT,B,0.02497,4.3
2026-05-29T05:45:00+00:00,HBARUSDT,B,0.01306,4.95
2026-05-29T06:00:00+00:00,WLDUSDT,B,0.03889,3.57
2026-05-29T06:15:00+00:00,ALLOUSDT,B,0.01085,38.32
2026-05-29T06:15:00+00:00,APTUSDT,A,-0.01543,4.32
2026-05-29T06:15:00+00:00,HBARUSDT,A,-0.00747,7.12
2026-05-29T07:15:00+00:00,MORPHOUSDT,B,0.02152,3.36
2026-05-29T07:15:00+00:00,XLMUSDT,B,0.00935,3.74
2026-05-29T07:30:00+00:00,TRXUSDT,A,-0.00468,3.41
2026-05-29T08:15:00+00:00,ALLOUSDT,A,-0.09088,56.9
2026-05-29T08:30:00+00:00,BCHUSDT,A,-0.01052,7.3
2026-05-29T08:30:00+00:00,UNIUSDT,A,-0.01995,23.96
2026-05-29T08:45:00+00:00,TRXUSDT,B,0.00152,5.98
2026-05-29T09:00:00+00:00,ALGOUSDT,B,0.00168,4.01
2026-05-29T09:00:00+00:00,XLMUSDT,A,-0.03244,7.43
2026-05-29T09:45:00+00:00,SPYUSDT,B,0.00078,5.38
2026-05-29T10:00:00+00:00,VANRYUSDT,A,-0.0123,5.76
2026-05-29T10:00:00+00:00,XMRUSDT,B,0.00478,3.82
2026-05-29T10:00:00+00:00,XPLUSDT,A,-0.03371,8.95
2026-05-29T10:30:00+00:00,ALLOUSDT,B,0.03415,26.59
2026-05-29T10:30:00+00:00,HEIUSDT,B,0.02519,3.12
2026-05-29T11:00:00+00:00,EPICUSDT,B,0.0413,3.75
2026-05-29T11:45:00+00:00,HBARUSDT,A,-0.01116,5.67
2026-05-29T12:00:00+00:00,HEIUSDT,A,-0.02105,38.44
2026-05-29T12:15:00+00:00,HBARUSDT,B,0.00682,3.76
2026-05-29T12:15:00+00:00,PENDLEUSDT,A,-0.01738,6.08
2026-05-29T12:15:00+00:00,XLMUSDT,B,0.01063,3.75
2026-05-29T12:30:00+00:00,NATGASUSDT,B,0.00807,3.06
2026-05-29T13:00:00+00:00,SEIUSDT,A,-0.01357,6.42
2026-05-29T13:00:00+00:00,TLMUSDT,B,0.01268,4.17
2026-05-29T13:30:00+00:00,AAPLUSDT,B,0.00628,8.4
2026-05-29T13:30:00+00:00,ALLOUSDT,A,-0.04618,20.86
2026-05-29T13:30:00+00:00,AMZNUSDT,B,0.01056,4.65
2026-05-29T13:30:00+00:00,COINUSDT,B,0.01761,5.35
2026-05-29T13:30:00+00:00,CRCLUSDT,B,0.02938,4.87
2026-05-29T13:30:00+00:00,GOOGLUSDT,A,-0.00387,7.34
2026-05-29T13:30:00+00:00,HOODUSDT,B,0.0373,20.5
2026-05-29T13:30:00+00:00,INTCUSDT,A,-0.01808,12.27
2026-05-29T13:30:00+00:00,METAUSDT,A,-0.00623,9.83
2026-05-29T13:30:00+00:00,MSFTUSDT,B,0.01851,20.36
2026-05-29T13:30:00+00:00,MSTRUSDT,B,0.00766,9.0
2026-05-29T13:30:00+00:00,NVDAUSDT,B,0.00651,7.33
2026-05-29T13:30:00+00:00,PLTRUSDT,B,0.03169,22.89
2026-05-29T13:30:00+00:00,QQQUSDT,B,0.00287,7.56
2026-05-29T13:45:00+00:00,HOODUSDT,A,-0.00798,9.02
2026-05-29T13:45:00+00:00,INTCUSDT,B,0.00411,4.7
2026-05-29T13:45:00+00:00,SYNUSDT,A,-0.00743,2.14
2026-05-29T13:45:00+00:00,TRXUSDT,B,0.00442,3.75
2026-05-29T14:00:00+00:00,AMZNUSDT,A,-0.00618,3.19
2026-05-29T14:00:00+00:00,EPICUSDT,A,-0.06585,33.43
2026-05-29T14:00:00+00:00,INJUSDT,B,0.01445,3.15
2026-05-29T14:00:00+00:00,LITUSDT,B,0.04783,5.13
2026-05-29T14:00:00+00:00,MSFTUSDT,A,-0.00249,9.12
2026-05-29T14:00:00+00:00,QQQUSDT,A,-0.00157,7.13
2026-05-29T14:00:00+00:00,XAUTUSDT,B,0.00162,3.35
2026-05-29T14:15:00+00:00,LITUSDT,A,-0.02069,8.45
2026-05-29T14:15:00+00:00,TLMUSDT,A,-0.02447,7.29
2026-05-29T14:30:00+00:00,SPYUSDT,A,-0.0018,4.57
2026-05-29T14:45:00+00:00,ADAUSDT,B,0.01043,3.25
2026-05-29T14:45:00+00:00,AVAXUSDT,B,0.00531,3.07
2026-05-29T14:45:00+00:00,OPUSDT,B,0.02016,3.63
2026-05-29T14:45:00+00:00,PAXGUSDT,B,0.005,4.92
2026-05-29T14:45:00+00:00,SPYUSDT,B,0.00132,7.06
2026-05-29T14:45:00+00:00,TSMUSDT,B,0.0046,4.08
2026-05-29T14:45:00+00:00,USUSDT,B,0.07118,4.77
2026-05-29T15:00:00+00:00,ALLOUSDT,B,0.01934,21.04
2026-05-29T15:00:00+00:00,FETUSDT,B,0.01658,3.25
2026-05-29T15:15:00+00:00,1000PEPEUSDT,B,0.01001,3.23
2026-05-29T15:15:00+00:00,APTUSDT,B,0.01528,5.97
2026-05-29T15:15:00+00:00,ARBUSDT,B,0.01254,5.58
2026-05-29T15:15:00+00:00,ASTERUSDT,B,0.00863,4.48
2026-05-29T15:15:00+00:00,ATOMUSDT,B,0.01296,3.95
2026-05-29T15:15:00+00:00,ENAUSDT,B,0.01497,6.13
2026-05-29T15:15:00+00:00,EPICUSDT,B,0.00797,3.16
2026-05-29T15:15:00+00:00,HEIUSDT,B,0.02596,122.97
2026-05-29T15:15:00+00:00,LINKUSDT,B,0.00702,3.92
2026-05-29T15:15:00+00:00,NEARUSDT,B,0.01394,3.1
2026-05-29T15:15:00+00:00,PAXGUSDT,A,-0.00249,4.3
2026-05-29T15:15:00+00:00,PENGUUSDT,B,0.02163,6.63
2026-05-29T15:15:00+00:00,RENDERUSDT,B,0.00992,3.63
2026-05-29T15:15:00+00:00,TAOUSDT,B,0.01822,6.26
2026-05-29T15:15:00+00:00,VIRTUALUSDT,B,0.01732,3.62
2026-05-29T15:15:00+00:00,WLDUSDT,B,0.01294,3.01
2026-05-29T15:15:00+00:00,XAUTUSDT,A,-0.00258,4.61
2026-05-29T15:30:00+00:00,DOTUSDT,B,0.00082,4.2
2026-05-29T15:30:00+00:00,FARTCOINUSDT,B,0.00365,3.62
2026-05-29T15:30:00+00:00,TIAUSDT,B,0.00212,3.81
2026-05-29T15:30:00+00:00,USUSDT,A,-0.06963,16.49
2026-05-29T15:30:00+00:00,XPLUSDT,A,-0.03605,8.82
2026-05-29T16:00:00+00:00,BASEDUSDT,B,0.05577,4.04
2026-05-29T16:00:00+00:00,INJUSDT,A,-0.03102,5.49
2026-05-29T16:15:00+00:00,BASEDUSDT,A,-0.01975,6.71
2026-05-29T17:00:00+00:00,HEIUSDT,A,-0.02537,178.94
2026-05-29T18:00:00+00:00,FETUSDT,A,-0.02059,6.68
2026-05-29T18:15:00+00:00,EDGEUSDT,A,-0.03865,6.27
2026-05-29T18:15:00+00:00,EPICUSDT,A,-0.02202,4.05
2026-05-29T18:30:00+00:00,HOMEUSDT,B,0.028,3.58
2026-05-29T18:30:00+00:00,LITUSDT,B,0.02056,4.07
2026-05-29T18:45:00+00:00,ETHFIUSDT,A,-0.01862,5.63
2026-05-29T19:15:00+00:00,ALLOUSDT,B,0.00806,5.04
2026-05-29T19:30:00+00:00,HEIUSDT,B,0.00281,109.33
2026-05-29T19:30:00+00:00,XLMUSDT,B,0.06546,10.14
2026-05-29T19:45:00+00:00,AAPLUSDT,B,0.00125,5.61
2026-05-29T19:45:00+00:00,GOOGLUSDT,A,-0.00491,5.99
2026-05-29T19:45:00+00:00,HOODUSDT,B,0.00726,4.27
2026-05-29T19:45:00+00:00,INTCUSDT,A,-0.03762,7.19
2026-05-29T19:45:00+00:00,METAUSDT,B,0.00424,6.34
2026-05-29T19:45:00+00:00,MSFTUSDT,B,0.01563,8.9
2026-05-29T19:45:00+00:00,NVDAUSDT,A,-0.02556,9.57
2026-05-29T20:00:00+00:00,BASEDUSDT,B,0.01146,4.54
2026-05-29T20:00:00+00:00,NVDAUSDT,B,0.00633,4.02
2026-05-29T20:00:00+00:00,XLMUSDT,A,-0.01669,5.11
2026-05-29T21:00:00+00:00,HBARUSDT,B,0.01093,3.97
2026-05-29T21:15:00+00:00,BASEDUSDT,A,-0.02561,6.54
2026-05-29T21:45:00+00:00,XMRUSDT,B,0.00818,3.48
2026-05-29T21:45:00+00:00,XPLUSDT,A,-0.03156,6.4
2026-05-29T22:15:00+00:00,EPICUSDT,B,0.02463,5.79
2026-05-29T23:00:00+00:00,HEIUSDT,A,-0.04776,114.91
2026-05-29T23:15:00+00:00,ALGOUSDT,B,0.01319,4.54
2026-05-29T23:30:00+00:00,XLMUSDT,B,0.00513,4.73
2026-05-29T23:45:00+00:00,ALLOUSDT,B,0.00703,3.88
2026-05-30T00:30:00+00:00,ETCUSDT,B,0.00206,3.91
2026-05-30T01:00:00+00:00,HBARUSDT,B,0.00546,17.29
2026-05-30T01:15:00+00:00,EDGEUSDT,B,0.02133,3.89
2026-05-30T01:15:00+00:00,HBARUSDT,A,-0.01657,17.97
2026-05-30T01:15:00+00:00,HEIUSDT,B,0.13515,9.22
2026-05-30T01:45:00+00:00,BNBUSDT,B,0.00802,3.68
2026-05-30T02:00:00+00:00,RIFUSDT,B,0.06786,4.31
2026-05-30T02:15:00+00:00,ALGOUSDT,A,-0.02326,11.16
2026-05-30T02:30:00+00:00,XMRUSDT,B,0.01751,4.35
2026-05-30T02:45:00+00:00,BASEDUSDT,B,0.02767,3.14
2026-05-30T02:45:00+00:00,EPICUSDT,B,0.00263,3.77
2026-05-30T02:45:00+00:00,XMRUSDT,A,-0.02041,4.37
2026-05-30T03:15:00+00:00,ALGOUSDT,B,0.01674,4.2
2026-05-30T03:30:00+00:00,XLMUSDT,B,0.01557,8.32
2026-05-30T04:00:00+00:00,XLMUSDT,A,-0.02826,9.4
2026-05-30T04:15:00+00:00,PENGUUSDT,A,-0.02487,5.08
2026-05-30T04:45:00+00:00,INJUSDT,B,0.01553,4.97
2026-05-30T05:00:00+00:00,ENAUSDT,B,0.00634,4.33
2026-05-30T05:00:00+00:00,EPICUSDT,A,-0.01972,5.3
2026-05-30T05:00:00+00:00,HBARUSDT,B,0.01059,9.86
2026-05-30T05:00:00+00:00,PENGUUSDT,B,0.01227,7.49
2026-05-30T05:15:00+00:00,HEIUSDT,B,0.0083,6.79
2026-05-30T05:45:00+00:00,BASEDUSDT,A,-0.01994,15.27
2026-05-30T06:45:00+00:00,EPICUSDT,B,0.01569,9.15
2026-05-30T06:45:00+00:00,HEIUSDT,A,-0.03541,21.86
2026-05-30T07:00:00+00:00,XMRUSDT,A,-0.01769,6.57
2026-05-30T07:15:00+00:00,BNBUSDT,B,0.0058,3.18
2026-05-30T07:15:00+00:00,XMRUSDT,B,0.00274,3.15
2026-05-30T09:00:00+00:00,EPICUSDT,A,-0.03265,6.53
2026-05-30T10:00:00+00:00,ALGOUSDT,A,-0.02535,7.05
2026-05-30T10:00:00+00:00,XLMUSDT,B,0.00046,3.72
2026-05-30T10:45:00+00:00,HEIUSDT,B,0.04852,8.84
2026-05-30T11:00:00+00:00,HEIUSDT,A,-0.04297,5.69
2026-05-30T11:30:00+00:00,FETUSDT,B,0.02772,6.35
2026-05-30T11:30:00+00:00,HBARUSDT,B,0.00857,3.15
2026-05-30T11:45:00+00:00,ALLOUSDT,B,0.05329,3.23
2026-05-30T13:15:00+00:00,HBARUSDT,A,-0.01598,4.26
2026-05-30T13:15:00+00:00,LITUSDT,A,-0.02102,4.95
2026-05-30T13:45:00+00:00,WLDUSDT,B,0.04896,4.02
2026-05-30T14:00:00+00:00,BNBUSDT,B,0.00489,3.16
2026-05-30T14:00:00+00:00,RENDERUSDT,B,0.01562,4.47
2026-05-30T14:15:00+00:00,MSFTUSDT,B,0.00183,4.79
2026-05-30T14:45:00+00:00,ASTERUSDT,B,0.01715,5.57
2026-05-30T15:00:00+00:00,ALGOUSDT,B,0.0031,4.1
2026-05-30T15:15:00+00:00,HEIUSDT,B,0.02148,4.7
2026-05-30T15:30:00+00:00,FETUSDT,A,-0.01367,5.03
2026-05-30T15:30:00+00:00,TRXUSDT,B,0.00709,9.9
2026-05-30T15:45:00+00:00,HEIUSDT,A,-0.03389,4.83
2026-05-30T16:00:00+00:00,FETUSDT,B,0.00476,5.66
2026-05-30T16:00:00+00:00,HBARUSDT,B,0.00133,4.03
2026-05-30T16:00:00+00:00,NATGASUSDT,A,-0.04491,18.92
2026-05-30T16:15:00+00:00,NATGASUSDT,B,0.02591,5.17
2026-05-30T16:15:00+00:00,XLMUSDT,A,-0.02359,5.32
2026-05-30T18:15:00+00:00,BNBUSDT,A,-0.005,4.83
2026-05-30T18:45:00+00:00,BNBUSDT,B,0.00646,4.1
2026-05-30T18:45:00+00:00,WLDUSDT,B,0.03778,3.94
2026-05-30T19:00:00+00:00,ASTERUSDT,B,0.01219,5.96
2026-05-30T19:15:00+00:00,ASTERUSDT,A,-0.01496,4.53
2026-05-30T20:15:00+00:00,ZROUSDT,B,0.01668,4.98
2026-05-30T20:30:00+00:00,FETUSDT,B,0.00183,3.25
2026-05-30T22:00:00+00:00,HBARUSDT,A,-0.01099,4.93
2026-05-30T22:45:00+00:00,SYNUSDT,A,-0.01668,2.59
2026-05-30T23:00:00+00:00,BNBUSDT,B,0.00141,3.18
2026-05-31T00:00:00+00:00,ASTERUSDT,B,0.01408,6.48
2026-05-31T00:15:00+00:00,ATOMUSDT,B,0.00099,4.69
2026-05-31T00:30:00+00:00,ASTERUSDT,A,-0.01676,6.72
2026-05-31T01:30:00+00:00,XMRUSDT,B,0.00376,7.53
2026-05-31T02:00:00+00:00,XLMUSDT,B,0.01476,4.45
2026-05-31T03:00:00+00:00,BNBUSDT,A,-0.00388,5.06
2026-05-31T03:15:00+00:00,AAPLUSDT,B,0.00016,3.44
2026-05-31T03:15:00+00:00,BNBUSDT,B,0.00581,5.17
2026-05-31T04:15:00+00:00,ASTERUSDT,B,0.01392,6.52
2026-05-31T05:30:00+00:00,FETUSDT,A,-0.01742,6.29
2026-05-31T06:45:00+00:00,HOMEUSDT,B,0.05113,3.86
2026-05-31T07:00:00+00:00,BNBUSDT,A,-0.01009,7.15
2026-05-31T07:30:00+00:00,USUSDT,B,0.18779,3.88
2026-05-31T07:45:00+00:00,ASTERUSDT,A,-0.01049,6.25
2026-05-31T08:00:00+00:00,BNBUSDT,B,0.00553,4.23
2026-05-31T08:00:00+00:00,HOMEUSDT,A,-0.06248,22.52
2026-05-31T08:30:00+00:00,ALGOUSDT,B,0.01101,3.04
2026-05-31T09:15:00+00:00,XLMUSDT,B,0.02453,3.33
2026-05-31T10:45:00+00:00,HOMEUSDT,B,0.00681,6.4
2026-05-31T13:15:00+00:00,BNBUSDT,B,0.00681,5.8
2026-05-31T13:30:00+00:00,BNBUSDT,A,-0.00508,5.15
2026-05-31T14:00:00+00:00,ENAUSDT,A,-0.02283,5.05
2026-05-31T14:00:00+00:00,HOMEUSDT,A,-0.02557,11.03
2026-05-31T14:00:00+00:00,MSFTUSDT,B,0.00147,3.93
2026-05-31T14:15:00+00:00,1000PEPEUSDT,A,-0.00714,4.26
2026-05-31T14:15:00+00:00,ADAUSDT,A,-0.00552,4.52
2026-05-31T14:15:00+00:00,ASTERUSDT,A,-0.01248,11.86
2026-05-31T14:15:00+00:00,AVAXUSDT,A,-0.00548,6.94
2026-05-31T14:15:00+00:00,FARTCOINUSDT,A,-0.00952,5.3
2026-05-31T14:15:00+00:00,LTCUSDT,A,-0.00383,5.69
2026-05-31T14:15:00+00:00,PENGUUSDT,A,-0.01235,6.84
2026-05-31T14:15:00+00:00,SUIUSDT,A,-0.01429,9.33
2026-05-31T14:15:00+00:00,UNIUSDT,A,-0.00698,3.83
2026-05-31T14:45:00+00:00,ASTERUSDT,B,0.00986,3.33
2026-05-31T14:45:00+00:00,HOMEUSDT,B,0.00048,17.03
2026-05-31T15:15:00+00:00,ALLOUSDT,B,0.08504,3.64
2026-05-31T15:15:00+00:00,EDGEUSDT,A,-0.0274,4.35
2026-05-31T15:15:00+00:00,WLDUSDT,B,0.05105,5.57
2026-05-31T15:30:00+00:00,ALLOUSDT,A,-0.07367,15.08
2026-05-31T17:00:00+00:00,FETUSDT,B,0.00383,3.94
2026-05-31T17:30:00+00:00,LITUSDT,B,0.02144,3.02
2026-05-31T17:45:00+00:00,XPLUSDT,B,0.01014,5.24
2026-05-31T17:45:00+00:00,ZROUSDT,B,0.01124,3.3
2026-05-31T18:00:00+00:00,HOMEUSDT,A,-0.0324,9.75
2026-05-31T18:00:00+00:00,XPLUSDT,A,-0.01784,5.18
2026-05-31T18:45:00+00:00,HOMEUSDT,B,0.0329,49.25
2026-05-31T19:30:00+00:00,ENAUSDT,A,-0.00716,5.15
2026-05-31T22:00:00+00:00,NATGASUSDT,B,0.02268,4.5
2026-05-31T22:00:00+00:00,SPYUSDT,A,-0.00119,9.23
2026-05-31T22:00:00+00:00,XAUTUSDT,B,0.00014,7.8
2026-05-31T22:15:00+00:00,HOMEUSDT,A,-0.02923,11.41
2026-05-31T23:00:00+00:00,HOMEUSDT,B,0.00324,6.03
2026-05-31T23:15:00+00:00,PLTRUSDT,B,0.0178,3.1
2026-06-01T00:00:00+00:00,EWYUSDT,B,0.00557,3.38
2026-06-01T00:00:00+00:00,GOOGLUSDT,A,-0.00516,4.52
2026-06-01T00:00:00+00:00,MSFTUSDT,B,0.01042,12.36
2026-06-01T00:00:00+00:00,PLTRUSDT,A,-0.01454,11.52
2026-06-01T00:30:00+00:00,MSFTUSDT,A,-0.00366,4.4
2026-06-01T01:00:00+00:00,LABUSDT,A,-0.12105,5.48
2026-06-01T01:30:00+00:00,BNBUSDT,A,-0.01106,8.42
2026-06-01T02:15:00+00:00,FETUSDT,B,0.02342,4.1
2026-06-01T03:00:00+00:00,HOMEUSDT,B,0.01283,5.33
2026-06-01T03:00:00+00:00,INTCUSDT,B,0.04851,4.5
2026-06-01T04:15:00+00:00,MSFTUSDT,B,0.00683,6.76
2026-06-01T05:00:00+00:00,ALLOUSDT,A,-0.11367,6.29
2026-06-01T05:45:00+00:00,EPICUSDT,B,0.05416,7.71
2026-06-01T06:00:00+00:00,HOMEUSDT,A,-0.06985,25.33
2026-06-01T06:30:00+00:00,FARTCOINUSDT,A,-0.0329,8.15
2026-06-01T07:15:00+00:00,EPICUSDT,A,-0.05134,6.85
2026-06-01T07:30:00+00:00,HOMEUSDT,B,0.00244,6.81
2026-06-01T07:30:00+00:00,XMRUSDT,B,0.0146,4.16
2026-06-01T08:15:00+00:00,EDGEUSDT,A,-0.02687,9.46
2026-06-01T08:15:00+00:00,MSFTUSDT,B,0.00455,4.45
2026-06-01T09:30:00+00:00,BNBUSDT,B,0.03305,21.48
2026-06-01T09:30:00+00:00,FETUSDT,B,0.00576,3.1
2026-06-01T09:30:00+00:00,ONDOUSDT,B,0.02403,4.35
2026-06-01T09:45:00+00:00,BNBUSDT,A,-0.00892,31.53
2026-06-01T09:45:00+00:00,LABUSDT,B,0.05873,3.78
2026-06-01T10:15:00+00:00,EPICUSDT,B,0.00524,5.4
2026-06-01T10:30:00+00:00,HOMEUSDT,A,-0.09432,9.32
2026-06-01T10:45:00+00:00,LABUSDT,A,-0.11102,5.48
2026-06-01T11:15:00+00:00,BCHUSDT,A,-0.01552,3.78
2026-06-01T11:30:00+00:00,FETUSDT,A,-0.02218,8.48
2026-06-01T11:30:00+00:00,HOMEUSDT,B,0.02393,18.99
2026-06-01T11:45:00+00:00,EPICUSDT,A,-0.05323,8.04
2026-06-01T12:00:00+00:00,MSFTUSDT,A,-0.00347,7.29
2026-06-01T12:00:00+00:00,MSTRUSDT,A,-0.01581,8.79
2026-06-01T12:15:00+00:00,HOODUSDT,B,0.00077,3.73
2026-06-01T12:15:00+00:00,NATGASUSDT,A,-0.01974,7.62
2026-06-01T13:00:00+00:00,QQQUSDT,A,-0.00304,4.88
2026-06-01T13:00:00+00:00,SPYUSDT,A,-0.00232,10.05
2026-06-01T13:00:00+00:00,XAUTUSDT,A,-0.00385,4.79
2026-06-01T13:15:00+00:00,GOOGLUSDT,B,0.0017,3.02
2026-06-01T13:15:00+00:00,INTCUSDT,B,0.01984,3.42
2026-06-01T13:15:00+00:00,MSFTUSDT,B,0.0039,11.33
2026-06-01T13:15:00+00:00,PAXGUSDT,A,-0.00398,4.26
2026-06-01T13:30:00+00:00,AMZNUSDT,A,-0.01287,10.11
2026-06-01T13:30:00+00:00,COINUSDT,A,-0.00725,6.63
2026-06-01T13:30:00+00:00,CRCLUSDT,A,-0.02306,5.39
2026-06-01T13:30:00+00:00,GOOGLUSDT,A,-0.00347,9.41
2026-06-01T13:30:00+00:00,HOODUSDT,A,-0.03302,22.04
2026-06-01T13:30:00+00:00,METAUSDT,A,-0.01764,29.07
2026-06-01T13:30:00+00:00,NVDAUSDT,B,0.01575,14.98
2026-06-01T13:30:00+00:00,PLTRUSDT,B,0.00718,13.18
2026-06-01T13:30:00+00:00,QQQUSDT,B,0.00235,5.99
2026-06-01T13:30:00+00:00,SPYUSDT,B,0.00123,14.17
2026-06-01T13:30:00+00:00,TSLAUSDT,A,-0.00421,8.93
2026-06-01T13:30:00+00:00,TSMUSDT,B,0.01729,15.43
2026-06-01T13:30:00+00:00,XAUTUSDT,B,0.00043,6.29
2026-06-01T13:45:00+00:00,AAPLUSDT,B,0.00142,5.7
2026-06-01T13:45:00+00:00,AMZNUSDT,B,0.00559,5.91
2026-06-01T13:45:00+00:00,ARBUSDT,A,-0.00601,5.13
2026-06-01T13:45:00+00:00,BNBUSDT,B,0.00066,8.33
2026-06-01T13:45:00+00:00,COINUSDT,B,0.00803,3.29
2026-06-01T13:45:00+00:00,MSTRUSDT,B,0.00819,5.35
2026-06-01T13:45:00+00:00,PUMPUSDT,A,-0.01036,7.31
2026-06-01T14:00:00+00:00,MORPHOUSDT,B,0.01814,3.42
2026-06-01T14:00:00+00:00,PAXGUSDT,B,0.00272,4.37
2026-06-01T14:00:00+00:00,SYNUSDT,A,-0.01648,2.45
2026-06-01T14:15:00+00:00,BNBUSDT,A,-0.01056,5.22
2026-06-01T14:30:00+00:00,DOTUSDT,B,0.00088,3.14
2026-06-01T14:30:00+00:00,EPICUSDT,B,0.00493,3.55
2026-06-01T14:30:00+00:00,METAUSDT,B,0.00318,5.06
2026-06-01T14:45:00+00:00,AAPLUSDT,A,-0.00286,6.56
2026-06-01T14:45:00+00:00,SYNUSDT,B,0.04852,3.24
2026-06-01T15:30:00+00:00,WLDUSDT,B,0.04082,4.1
2026-06-01T15:45:00+00:00,AAVEUSDT,A,-0.01175,5.61
2026-06-01T16:00:00+00:00,INJUSDT,B,0.01938,4.01
2026-06-01T16:15:00+00:00,FETUSDT,B,0.02773,3.17
2026-06-01T16:15:00+00:00,HOMEUSDT,B,0.037,22.46
2026-06-01T16:45:00+00:00,EPICUSDT,A,-0.07019,47.89
2026-06-01T17:00:00+00:00,TRUMPUSDT,B,0.0228,3.35
2026-06-01T17:15:00+00:00,HOMEUSDT,A,-0.04537,17.04
2026-06-01T17:30:00+00:00,ESPORTSUSDT,B,0.17068,3.32
2026-06-01T17:30:00+00:00,HOODUSDT,B,0.00416,4.1
2026-06-01T17:30:00+00:00,QQQUSDT,B,0.00187,5.7
2026-06-01T17:30:00+00:00,SPYUSDT,B,0.00071,7.49
2026-06-01T17:45:00+00:00,MSFTUSDT,B,0.00207,3.64
2026-06-01T18:30:00+00:00,EPICUSDT,B,0.00841,3.3
2026-06-01T18:30:00+00:00,PUMPUSDT,B,0.02629,10.81
2026-06-01T18:45:00+00:00,WLDUSDT,A,-0.04953,8.6
2026-06-01T19:30:00+00:00,MSFTUSDT,A,-0.00366,3.99
2026-06-01T19:30:00+00:00,WLDUSDT,B,0.03863,3.13
2026-06-01T19:45:00+00:00,METAUSDT,A,-0.00617,3.98
2026-06-01T20:00:00+00:00,ETHFIUSDT,A,-0.01494,4.04
2026-06-01T20:30:00+00:00,GOOGLUSDT,A,-0.0056,19.8
2026-06-01T20:30:00+00:00,HOMEUSDT,B,0.0028,3.94
2026-06-01T21:00:00+00:00,EDGEUSDT,A,-0.3016,50.88
2026-06-01T22:00:00+00:00,EDGEUSDT,B,0.80219,124.63
2026-06-01T22:00:00+00:00,RENDERUSDT,B,0.00286,3.06
2026-06-01T22:00:00+00:00,XPLUSDT,B,0.00878,5.83
2026-06-01T22:30:00+00:00,EPICUSDT,B,0.00707,3.94
2026-06-01T23:00:00+00:00,FETUSDT,B,0.01853,3.64
2026-06-01T23:45:00+00:00,EPICUSDT,A,-0.03277,7.62
2026-06-01T23:45:00+00:00,HOMEUSDT,A,-0.04811,10.17
2026-06-02T00:00:00+00:00,EWYUSDT,A,-0.02216,12.17
2026-06-02T00:00:00+00:00,ORDIUSDT,B,0.01496,3.39
2026-06-02T00:15:00+00:00,ESPORTSUSDT,B,0.1645,3.59
2026-06-02T00:15:00+00:00,ORDIUSDT,A,-0.01818,3.82
2026-06-02T00:30:00+00:00,CHZUSDT,B,0.00488,3.52
2026-06-02T00:30:00+00:00,EWYUSDT,B,0.00057,4.22
2026-06-02T01:15:00+00:00,XMRUSDT,B,0.00494,4.5
2026-06-02T02:00:00+00:00,LTCUSDT,A,-0.00557,3.73
2026-06-02T02:00:00+00:00,RIFUSDT,A,-0.02738,5.42
2026-06-02T02:15:00+00:00,BABAUSDT,B,0.00535,3.37
2026-06-02T02:15:00+00:00,HOMEUSDT,B,0.05664,3.93
2026-06-02T02:15:00+00:00,LABUSDT,B,0.07681,3.12
2026-06-02T02:45:00+00:00,USUSDT,B,0.044,3.27
2026-06-02T03:00:00+00:00,EDGEUSDT,B,0.00565,3.13
2026-06-02T03:00:00+00:00,WLDUSDT,B,0.01818,3.93
2026-06-02T03:15:00+00:00,RIFUSDT,B,0.04039,6.64
2026-06-02T03:30:00+00:00,EPICUSDT,B,0.04353,6.13
2026-06-02T03:30:00+00:00,RENDERUSDT,B,0.01763,4.08
2026-06-02T03:45:00+00:00,USUSDT,A,-0.03504,5.03
2026-06-02T04:00:00+00:00,XPLUSDT,B,0.0053,3.15
2026-06-02T04:30:00+00:00,EPICUSDT,A,-0.03381,7.46
2026-06-02T04:45:00+00:00,NVDAUSDT,B,0.00603,6.19
2026-06-02T05:00:00+00:00,TSMUSDT,B,0.00108,5.13
2026-06-02T06:15:00+00:00,ALGOUSDT,A,-0.01675,6.86
2026-06-02T07:00:00+00:00,USUSDT,B,0.01068,5.64
2026-06-02T07:15:00+00:00,HOMEUSDT,B,0.10861,9.35
2026-06-02T07:30:00+00:00,HOMEUSDT,A,-0.04972,8.94
2026-06-02T07:45:00+00:00,EPICUSDT,B,0.03759,3.52
2026-06-02T07:45:00+00:00,SYNUSDT,B,0.03585,5.25
2026-06-02T07:45:00+00:00,WLDUSDT,A,-0.04099,5.61
2026-06-02T08:00:00+00:00,JTOUSDT,B,0.03684,3.55
2026-06-02T08:00:00+00:00,SYNUSDT,A,-0.01372,5.69
2026-06-02T08:00:00+00:00,TIAUSDT,B,0.00414,3.25
2026-06-02T09:00:00+00:00,EDGEUSDT,B,0.03784,3.7
2026-06-02T09:15:00+00:00,EDGEUSDT,A,-0.06391,3.39
2026-06-02T09:15:00+00:00,EPICUSDT,A,-0.13897,61.04
2026-06-02T10:00:00+00:00,AAPLUSDT,B,0.00016,4.93
2026-06-02T10:00:00+00:00,USUSDT,A,-0.04509,7.93
2026-06-02T10:15:00+00:00,WLDUSDT,B,0.01657,3.34
2026-06-02T11:00:00+00:00,USUSDT,B,0.00131,3.41
2026-06-02T11:15:00+00:00,RIFUSDT,B,0.04854,7.93
2026-06-02T11:30:00+00:00,RIFUSDT,A,-0.08199,9.84
2026-06-02T11:45:00+00:00,HOMEUSDT,B,0.00176,3.22
2026-06-02T11:45:00+00:00,VIRTUALUSDT,B,0.02409,5.09
2026-06-02T12:15:00+00:00,EPICUSDT,B,0.0334,20.44
2026-06-02T13:30:00+00:00,AMZNUSDT,A,-0.00971,11.4
2026-06-02T13:30:00+00:00,BABAUSDT,A,-0.00431,6.04
2026-06-02T13:30:00+00:00,COINUSDT,B,0.00435,4.81
2026-06-02T13:30:00+00:00,CRCLUSDT,B,0.00117,3.55
2026-06-02T13:30:00+00:00,GOOGLUSDT,A,-0.01836,30.67
2026-06-02T13:30:00+00:00,HOODUSDT,A,-0.01376,16.91
2026-06-02T13:30:00+00:00,INTCUSDT,A,-0.01589,15.7
2026-06-02T13:30:00+00:00,METAUSDT,A,-0.00673,17.66
2026-06-02T13:30:00+00:00,MSTRUSDT,A,-0.01395,11.78
2026-06-02T13:30:00+00:00,NVDAUSDT,A,-0.00369,13.16
2026-06-02T13:30:00+00:00,PLTRUSDT,A,-0.01658,11.25
2026-06-02T13:30:00+00:00,SPYUSDT,B,0.00038,3.69
2026-06-02T13:30:00+00:00,TSLAUSDT,A,-0.00382,10.01
2026-06-02T13:45:00+00:00,AMZNUSDT,B,0.00302,6.3
2026-06-02T13:45:00+00:00,GOOGLUSDT,B,0.01048,10.34
2026-06-02T13:45:00+00:00,HOODUSDT,B,0.00309,4.69
2026-06-02T13:45:00+00:00,INTCUSDT,B,0.01246,7.26
2026-06-02T13:45:00+00:00,METAUSDT,B,0.00987,7.01
2026-06-02T13:45:00+00:00,NVDAUSDT,B,0.02193,9.47
2026-06-02T13:45:00+00:00,QQQUSDT,B,0.00275,4.24
2026-06-02T13:45:00+00:00,TSLAUSDT,B,0.00034,3.01
2026-06-02T14:00:00+00:00,LTCUSDT,A,-0.00325,4.01
2026-06-02T14:00:00+00:00,PUMPUSDT,A,-0.01378,3.95
2026-06-02T14:15:00+00:00,1000BONKUSDT,A,-0.02967,5.49
2026-06-02T14:15:00+00:00,1000PEPEUSDT,A,-0.0259,8.26
2026-06-02T14:15:00+00:00,1000SHIBUSDT,A,-0.01862,9.41
2026-06-02T14:15:00+00:00,AAPLUSDT,B,0.00518,4.29
2026-06-02T14:15:00+00:00,AAVEUSDT,A,-0.02043,7.58
2026-06-02T14:15:00+00:00,ADAUSDT,A,-0.01799,18.06
2026-06-02T14:15:00+00:00,ALGOUSDT,A,-0.02995,5.76
2026-06-02T14:15:00+00:00,APTUSDT,A,-0.0356,9.03
2026-06-02T14:15:00+00:00,ARBUSDT,A,-0.03179,10.95
2026-06-02T14:15:00+00:00,ATOMUSDT,A,-0.02292,4.21
2026-06-02T14:15:00+00:00,AVAXUSDT,A,-0.02528,10.4
2026-06-02T14:15:00+00:00,CHZUSDT,A,-0.03808,6.58
2026-06-02T14:15:00+00:00,CRVUSDT,A,-0.02622,6.75
2026-06-02T14:15:00+00:00,DOTUSDT,A,-0.02203,13.19
2026-06-02T14:15:00+00:00,EIGENUSDT,A,-0.04491,4.2
2026-06-02T14:15:00+00:00,ENAUSDT,A,-0.03881,8.12
2026-06-02T14:15:00+00:00,ETCUSDT,A,-0.02473,11.01
2026-06-02T14:15:00+00:00,ETHFIUSDT,A,-0.04547,7.58
2026-06-02T14:15:00+00:00,FARTCOINUSDT,A,-0.03384,6.66
2026-06-02T14:15:00+00:00,FETUSDT,A,-0.01843,5.22
2026-06-02T14:15:00+00:00,FILUSDT,A,-0.03529,7.86
2026-06-02T14:15:00+00:00,ICPUSDT,A,-0.0368,4.93
2026-06-02T14:15:00+00:00,LINKUSDT,A,-0.02039,10.18
2026-06-02T14:15:00+00:00,NEARUSDT,A,-0.03526,3.95
2026-06-02T14:15:00+00:00,OPUSDT,A,-0.04062,10.24
2026-06-02T14:15:00+00:00,QQQUSDT,A,-0.00257,5.59
2026-06-02T14:15:00+00:00,RENDERUSDT,A,-0.02429,4.72
2026-06-02T14:15:00+00:00,SEIUSDT,A,-0.03005,6.13
2026-06-02T14:15:00+00:00,TAOUSDT,A,-0.02547,6.66
2026-06-02T14:15:00+00:00,TRUMPUSDT,A,-0.03551,4.02
2026-06-02T14:15:00+00:00,TRXUSDT,A,-0.00655,7.62
2026-06-02T14:15:00+00:00,UNIUSDT,A,-0.02695,5.68
2026-06-02T14:15:00+00:00,VIRTUALUSDT,A,-0.04017,5.56
2026-06-02T14:15:00+00:00,XPLUSDT,A,-0.04574,6.53
2026-06-02T14:15:00+00:00,ZROUSDT,A,-0.0337,5.09
2026-06-02T14:30:00+00:00,DOTUSDT,B,0.0027,3.6
2026-06-02T14:30:00+00:00,ETHFIUSDT,B,0.00441,3.33
2026-06-02T14:30:00+00:00,LTCUSDT,B,0.00207,3.39
2026-06-02T14:30:00+00:00,MSTRUSDT,B,0.01641,5.97
2026-06-02T14:30:00+00:00,OPUSDT,B,0.00423,3.17
2026-06-02T14:30:00+00:00,SEIUSDT,B,0.00692,3.87
2026-06-02T14:30:00+00:00,XMRUSDT,B,0.00358,3.79
2026-06-02T15:00:00+00:00,UBUSDT,A,-0.07916,5.57
2026-06-02T15:00:00+00:00,WLDUSDT,A,-0.01691,4.6
2026-06-02T15:15:00+00:00,USUSDT,B,0.00695,3.62
2026-06-02T15:30:00+00:00,1000SHIBUSDT,B,0.00133,6.55
2026-06-02T15:30:00+00:00,ASTERUSDT,B,0.00595,3.45
2026-06-02T15:30:00+00:00,BNBUSDT,A,-0.00587,4.96
2026-06-02T15:30:00+00:00,CRVUSDT,B,0.0005,5.78
2026-06-02T15:30:00+00:00,EDGEUSDT,B,0.00201,4.35
2026-06-02T15:30:00+00:00,ENAUSDT,B,0.00024,4.2
2026-06-02T15:30:00+00:00,RENDERUSDT,B,0.00098,5.02
2026-06-02T15:30:00+00:00,ZROUSDT,B,0.00603,3.59
2026-06-02T15:45:00+00:00,BNBUSDT,B,0.00026,3.29
2026-06-02T15:45:00+00:00,EPICUSDT,A,-0.06213,16.37
2026-06-02T15:45:00+00:00,FETUSDT,B,0.00039,3.21
2026-06-02T15:45:00+00:00,USUSDT,A,-0.03342,4.78
2026-06-02T16:00:00+00:00,ICPUSDT,B,0.04879,4.52
2026-06-02T16:00:00+00:00,KAITOUSDT,B,0.00067,3.05
2026-06-02T16:00:00+00:00,LINKUSDT,B,0.0153,3.08
2026-06-02T16:00:00+00:00,RIFUSDT,B,0.00385,3.16
2026-06-02T16:00:00+00:00,WLDUSDT,B,0.02502,3.23
2026-06-02T16:15:00+00:00,EPICUSDT,B,0.03582,14.0
2026-06-02T16:45:00+00:00,HOMEUSDT,A,-0.08785,7.67
2026-06-02T16:45:00+00:00,LITUSDT,B,0.01368,5.16
2026-06-02T17:00:00+00:00,HOMEUSDT,B,0.06232,3.94
2026-06-02T17:00:00+00:00,ONDOUSDT,B,0.04342,4.96
2026-06-02T18:00:00+00:00,AAVEUSDT,B,0.02396,7.01
2026-06-02T18:15:00+00:00,ENAUSDT,A,-0.01997,6.9
2026-06-02T18:15:00+00:00,LITUSDT,A,-0.01598,5.41
2026-06-02T19:15:00+00:00,AEROUSDT,A,-0.00952,4.14
2026-06-02T19:30:00+00:00,1000PEPEUSDT,A,-0.00624,6.98
2026-06-02T19:30:00+00:00,CRVUSDT,A,-0.00599,4.23
2026-06-02T19:30:00+00:00,ENAUSDT,B,0.0143,4.95
2026-06-02T19:30:00+00:00,FARTCOINUSDT,B,0.0007,4.31
2026-06-02T19:30:00+00:00,LTCUSDT,A,-0.00375,5.15
2026-06-02T19:30:00+00:00,RENDERUSDT,A,-0.01077,4.97
2026-06-02T19:30:00+00:00,ZROUSDT,B,0.00785,3.44
2026-06-02T19:45:00+00:00,PUMPUSDT,B,0.01151,5.59
2026-06-02T19:45:00+00:00,VVVUSDT,B,0.04742,3.37
2026-06-02T20:00:00+00:00,QQQUSDT,B,0.0009,6.96
2026-06-02T20:30:00+00:00,EPICUSDT,B,0.02856,3.31
2026-06-02T21:15:00+00:00,LITUSDT,B,0.06499,9.42
2026-06-02T21:30:00+00:00,LABUSDT,A,-0.20762,10.1
2026-06-02T21:45:00+00:00,LABUSDT,B,0.09374,5.07
2026-06-02T21:45:00+00:00,USUSDT,B,0.08319,4.02
2026-06-02T22:30:00+00:00,USUSDT,A,-0.06748,8.79
2026-06-02T22:45:00+00:00,ARBUSDT,A,-0.01711,5.78
2026-06-02T22:45:00+00:00,AVAXUSDT,A,-0.01432,4.43
2026-06-02T22:45:00+00:00,BNBUSDT,A,-0.00839,5.56
2026-06-02T22:45:00+00:00,PUMPUSDT,A,-0.01505,3.96
2026-06-02T22:45:00+00:00,TAOUSDT,A,-0.02826,5.06
2026-06-02T22:45:00+00:00,TRXUSDT,A,-0.00612,4.75
2026-06-02T23:15:00+00:00,ADAUSDT,A,-0.01174,3.97
2026-06-02T23:15:00+00:00,CHZUSDT,A,-0.02647,3.97
2026-06-02T23:15:00+00:00,DOTUSDT,A,-0.01759,5.77
2026-06-02T23:15:00+00:00,ETCUSDT,A,-0.01614,6.46
2026-06-02T23:15:00+00:00,FARTCOINUSDT,A,-0.05552,13.05
2026-06-02T23:30:00+00:00,FARTCOINUSDT,B,0.01432,3.36
2026-06-03T00:30:00+00:00,HBARUSDT,B,0.00172,3.15
2026-06-03T00:30:00+00:00,MSFTUSDT,B,0.00062,4.26
2026-06-03T01:00:00+00:00,DEXEUSDT,B,0.31813,42.72
2026-06-03T01:15:00+00:00,DEXEUSDT,A,-0.06516,19.75
2026-06-03T01:30:00+00:00,BABAUSDT,A,-0.01355,4.81
2026-06-03T01:30:00+00:00,BCHUSDT,A,-0.02491,3.18
2026-06-03T01:45:00+00:00,BABAUSDT,B,0.00153,3.45
2026-06-03T01:45:00+00:00,USUSDT,B,0.04677,4.59
2026-06-03T03:30:00+00:00,ETHFIUSDT,A,-0.02333,4.68
2026-06-03T04:00:00+00:00,MORPHOUSDT,B,0.01532,4.0
2026-06-03T04:15:00+00:00,NEARUSDT,B,0.03047,3.06
2026-06-03T05:00:00+00:00,BCHUSDT,B,0.02315,5.25
2026-06-03T05:00:00+00:00,ETCUSDT,B,0.01657,4.98
2026-06-03T05:00:00+00:00,LINKUSDT,B,0.01327,3.15
2026-06-03T05:15:00+00:00,HOMEUSDT,A,-0.07972,6.21
2026-06-03T06:15:00+00:00,WLDUSDT,B,0.02572,3.82
2026-06-03T06:30:00+00:00,ENAUSDT,B,0.01386,6.19
2026-06-03T06:30:00+00:00,INJUSDT,B,0.02498,3.34
2026-06-03T06:30:00+00:00,LITUSDT,B,0.02116,8.45
2026-06-03T06:45:00+00:00,DEXEUSDT,B,0.07052,17.34
2026-06-03T07:00:00+00:00,SYNUSDT,B,0.00808,4.37
2026-06-03T07:15:00+00:00,MAGMAUSDT,B,0.07255,5.52
2026-06-03T08:00:00+00:00,KAITOUSDT,B,0.00794,6.82
2026-06-03T09:15:00+00:00,BCHUSDT,B,0.00254,8.38
2026-06-03T09:15:00+00:00,INTCUSDT,B,0.02128,4.3
2026-06-03T09:30:00+00:00,ENAUSDT,A,-0.03771,7.69
2026-06-03T09:45:00+00:00,HOMEUSDT,A,-0.15535,9.34
2026-06-03T10:00:00+00:00,GOOGLUSDT,B,0.00097,4.07
2026-06-03T10:00:00+00:00,XAUTUSDT,B,0.00459,3.73
2026-06-03T10:15:00+00:00,EPICUSDT,B,0.04331,5.91
2026-06-03T10:15:00+00:00,WLDUSDT,B,0.05057,5.37
2026-06-03T10:30:00+00:00,ENAUSDT,B,0.00359,3.91
2026-06-03T10:45:00+00:00,LITUSDT,B,0.02379,3.5
2026-06-03T11:00:00+00:00,EPICUSDT,A,-0.04628,9.0
2026-06-03T11:00:00+00:00,ETHFIUSDT,B,0.02629,5.61
2026-06-03T11:00:00+00:00,FILUSDT,B,0.01587,3.84
2026-06-03T11:00:00+00:00,MAGMAUSDT,A,-0.02495,18.29
2026-06-03T11:00:00+00:00,ZROUSDT,B,0.0128,3.53
2026-06-03T11:15:00+00:00,MAGMAUSDT,B,0.04421,19.45
2026-06-03T11:30:00+00:00,LITUSDT,A,-0.01954,4.84
2026-06-03T11:30:00+00:00,MSFTUSDT,B,0.00313,4.58
2026-06-03T11:30:00+00:00,VVVUSDT,B,0.03642,5.81
2026-06-03T11:30:00+00:00,WLDUSDT,A,-0.03828,7.19
2026-06-03T11:45:00+00:00,DEXEUSDT,B,0.0088,3.15
2026-06-03T11:45:00+00:00,GOOGLUSDT,A,-0.0027,4.91
2026-06-03T12:30:00+00:00,LABUSDT,B,0.19566,4.42
2026-06-03T12:45:00+00:00,NATGASUSDT,B,0.00918,5.9
2026-06-03T13:15:00+00:00,NEARUSDT,B,0.01045,3.58
2026-06-03T13:30:00+00:00,AAPLUSDT,B,0.00754,16.75
2026-06-03T13:30:00+00:00,AMZNUSDT,B,0.00605,11.16
2026-06-03T13:30:00+00:00,CRCLUSDT,A,-0.02612,3.97
2026-06-03T13:30:00+00:00,ENAUSDT,A,-0.02003,6.59
2026-06-03T13:30:00+00:00,HOODUSDT,A,-0.02914,11.05
2026-06-03T13:30:00+00:00,INTCUSDT,A,-0.00963,15.81
2026-06-03T13:30:00+00:00,METAUSDT,B,0.01073,20.84
2026-06-03T13:30:00+00:00,MSFTUSDT,A,-0.01382,11.63
2026-06-03T13:30:00+00:00,MSTRUSDT,B,0.01591,5.94
2026-06-03T13:30:00+00:00,NVDAUSDT,A,-0.01681,10.47
2026-06-03T13:30:00+00:00,PLTRUSDT,A,-0.02896,10.27
2026-06-03T13:30:00+00:00,QQQUSDT,A,-0.00459,8.09
2026-06-03T13:30:00+00:00,TSLAUSDT,B,0.00891,8.26
2026-06-03T13:30:00+00:00,TSMUSDT,A,-0.02174,5.54
2026-06-03T13:45:00+00:00,AAPLUSDT,A,-0.00571,8.39
2026-06-03T14:00:00+00:00,GOOGLUSDT,B,0.00025,6.6
2026-06-03T14:00:00+00:00,QQQUSDT,B,0.00378,3.3
2026-06-03T14:15:00+00:00,BCHUSDT,A,-0.01782,3.19
2026-06-03T14:15:00+00:00,EDGEUSDT,B,0.01824,3.38
2026-06-03T14:30:00+00:00,DEXEUSDT,A,-0.0352,3.97
2026-06-03T14:30:00+00:00,XMRUSDT,B,0.01265,3.2
2026-06-03T14:45:00+00:00,ENAUSDT,B,0.01224,5.05
2026-06-03T14:45:00+00:00,JUPUSDT,B,0.02486,4.08
2026-06-03T15:00:00+00:00,ASTERUSDT,B,0.00735,4.71
2026-06-03T15:00:00+00:00,XPLUSDT,B,0.04492,19.24
2026-06-03T15:15:00+00:00,MAGMAUSDT,B,0.00988,31.89
2026-06-03T15:30:00+00:00,EDGEUSDT,A,-0.07093,3.45
2026-06-03T15:30:00+00:00,LITUSDT,A,-0.04304,11.0
2026-06-03T15:30:00+00:00,NEARUSDT,A,-0.03246,10.61
2026-06-03T15:30:00+00:00,PUMPUSDT,A,-0.01979,7.18
2026-06-03T15:30:00+00:00,WLDUSDT,B,0.015,3.23
2026-06-03T15:30:00+00:00,ZROUSDT,B,0.01681,5.33
2026-06-03T15:45:00+00:00,ZROUSDT,A,-0.01513,4.51
2026-06-03T16:00:00+00:00,BNBUSDT,A,-0.01081,4.35
2026-06-03T16:00:00+00:00,WLDUSDT,A,-0.03133,7.3
2026-06-03T16:15:00+00:00,ADAUSDT,A,-0.01137,4.05
2026-06-03T16:30:00+00:00,XPLUSDT,A,-0.01852,12.03
2026-06-03T17:30:00+00:00,LITUSDT,B,0.03118,5.38
2026-06-03T17:30:00+00:00,PUMPUSDT,B,0.01774,3.15
2026-06-03T18:00:00+00:00,MAGMAUSDT,A,-0.05716,37.66
2026-06-03T18:15:00+00:00,DEXEUSDT,B,0.04577,8.19
2026-06-03T18:45:00+00:00,SYNUSDT,B,0.02737,3.35
2026-06-03T19:15:00+00:00,SYNUSDT,A,-0.0245,3.65
2026-06-03T19:30:00+00:00,ZROUSDT,B,0.0168,3.39
2026-06-03T19:45:00+00:00,MAGMAUSDT,B,0.01771,15.62
2026-06-03T20:15:00+00:00,SPYUSDT,A,-0.00081,6.52
2026-06-03T20:30:00+00:00,XPLUSDT,A,-0.04415,8.03
2026-06-03T20:45:00+00:00,ARBUSDT,A,-0.01708,5.95
2026-06-03T20:45:00+00:00,AVAXUSDT,A,-0.00674,4.94
2026-06-03T20:45:00+00:00,XMRUSDT,B,0.0068,3.14
2026-06-03T21:30:00+00:00,BCHUSDT,B,0.00575,3.41
2026-06-03T21:45:00+00:00,WLDUSDT,B,0.04587,7.0
2026-06-03T22:15:00+00:00,LITUSDT,B,0.01471,3.64
2026-06-03T22:45:00+00:00,LITUSDT,A,-0.02681,7.0
2026-06-03T23:45:00+00:00,MAGMAUSDT,B,0.00059,5.26
2026-06-04T00:00:00+00:00,EWYUSDT,B,0.00361,4.87
2026-06-04T00:30:00+00:00,ADAUSDT,B,0.0066,5.1
2026-06-04T00:30:00+00:00,ETCUSDT,B,0.00706,3.3
2026-06-04T00:30:00+00:00,ZROUSDT,B,0.00935,4.06
2026-06-04T00:45:00+00:00,MAGMAUSDT,A,-0.01965,11.4
2026-06-04T01:00:00+00:00,XPLUSDT,A,-0.03575,4.57
2026-06-04T01:15:00+00:00,1000PEPEUSDT,A,-0.01929,5.39
2026-06-04T01:15:00+00:00,1000SHIBUSDT,A,-0.01527,5.54
2026-06-04T01:15:00+00:00,ADAUSDT,A,-0.02281,6.24
2026-06-04T01:15:00+00:00,APTUSDT,A,-0.0256,4.35
2026-06-04T01:15:00+00:00,AVAXUSDT,A,-0.01624,4.62
2026-06-04T01:15:00+00:00,CHZUSDT,A,-0.02811,5.15
2026-06-04T01:15:00+00:00,DOTUSDT,A,-0.02116,5.55
2026-06-04T01:15:00+00:00,ENAUSDT,A,-0.0279,5.21
2026-06-04T01:15:00+00:00,ETCUSDT,A,-0.01846,6.51
2026-06-04T01:15:00+00:00,LTCUSDT,A,-0.01333,4.77
2026-06-04T01:15:00+00:00,ONDOUSDT,A,-0.02221,4.23
2026-06-04T01:15:00+00:00,OPUSDT,A,-0.02838,5.86
2026-06-04T01:15:00+00:00,PUMPUSDT,A,-0.02607,4.23
2026-06-04T01:15:00+00:00,RENDERUSDT,A,-0.02881,4.82
2026-06-04T01:15:00+00:00,TAOUSDT,A,-0.01842,4.71
2026-06-04T01:15:00+00:00,VIRTUALUSDT,A,-0.02021,4.57
2026-06-04T02:00:00+00:00,1000BONKUSDT,A,-0.01503,7.82
2026-06-04T02:00:00+00:00,AAVEUSDT,A,-0.01735,8.87
2026-06-04T02:00:00+00:00,AEROUSDT,A,-0.0116,10.74
2026-06-04T02:00:00+00:00,ARBUSDT,A,-0.0157,9.84
2026-06-04T02:00:00+00:00,ASTERUSDT,A,-0.01665,8.51
2026-06-04T02:00:00+00:00,ATOMUSDT,A,-0.01221,6.45
2026-06-04T02:00:00+00:00,BASEDUSDT,A,-0.04753,9.04
2026-06-04T02:00:00+00:00,CRVUSDT,A,-0.0168,10.08
2026-06-04T02:00:00+00:00,DASHUSDT,A,-0.03322,6.39
2026-06-04T02:00:00+00:00,EIGENUSDT,A,-0.03064,4.89
2026-06-04T02:00:00+00:00,EPICUSDT,A,-0.04627,5.27
2026-06-04T02:00:00+00:00,ETHFIUSDT,A,-0.02678,10.8
2026-06-04T02:00:00+00:00,FARTCOINUSDT,A,-0.02441,12.27
2026-06-04T02:00:00+00:00,FETUSDT,A,-0.02036,8.35
2026-06-04T02:00:00+00:00,FILUSDT,A,-0.03394,6.25
2026-06-04T02:00:00+00:00,HBARUSDT,B,0.00145,4.32
2026-06-04T02:00:00+00:00,ICPUSDT,A,-0.0199,6.05
2026-06-04T02:00:00+00:00,JUPUSDT,A,-0.01764,4.53
2026-06-04T02:00:00+00:00,LDOUSDT,A,-0.02393,2.84
2026-06-04T02:00:00+00:00,LINKUSDT,A,-0.00671,9.1
2026-06-04T02:00:00+00:00,MSTRUSDT,B,0.00759,3.98
2026-06-04T02:00:00+00:00,NEARUSDT,B,0.00816,3.64
2026-06-04T02:00:00+00:00,ORDIUSDT,A,-0.02513,6.87
2026-06-04T02:00:00+00:00,PENDLEUSDT,A,-0.01538,5.37
2026-06-04T02:00:00+00:00,PENGUUSDT,A,-0.01077,8.01
2026-06-04T02:00:00+00:00,SEIUSDT,A,-0.01018,6.34
2026-06-04T02:00:00+00:00,SUIUSDT,A,-0.01621,7.1
2026-06-04T02:00:00+00:00,TIAUSDT,A,-0.02021,5.74
2026-06-04T02:00:00+00:00,TLMUSDT,A,-0.02584,3.62
2026-06-04T02:00:00+00:00,TRUMPUSDT,A,-0.02203,7.82
2026-06-04T02:00:00+00:00,UNIUSDT,A,-0.00901,5.18
2026-06-04T02:00:00+00:00,VANRYUSDT,A,-0.01813,6.18
2026-06-04T02:00:00+00:00,WIFUSDT,A,-0.02343,2.55
2026-06-04T02:00:00+00:00,WLFIUSDT,A,-0.01155,7.54
2026-06-04T02:00:00+00:00,ZROUSDT,A,-0.0211,13.34
2026-06-04T02:15:00+00:00,BASEDUSDT,B,0.04002,3.5
2026-06-04T02:15:00+00:00,CRVUSDT,B,0.01864,3.71
2026-06-04T02:15:00+00:00,DOTUSDT,B,0.00864,3.25
2026-06-04T02:15:00+00:00,ENAUSDT,B,0.02482,3.49
2026-06-04T02:15:00+00:00,LITUSDT,B,0.05033,3.38
2026-06-04T02:15:00+00:00,VIRTUALUSDT,B,0.02929,3.07
2026-06-04T02:15:00+00:00,WLDUSDT,B,0.00559,3.22
2026-06-04T02:15:00+00:00,XPLUSDT,B,0.03095,3.37
2026-06-04T02:45:00+00:00,EPICUSDT,B,0.07328,3.12
2026-06-04T02:45:00+00:00,XAUTUSDT,B,0.00265,3.58
2026-06-04T03:15:00+00:00,SYNUSDT,B,0.05407,5.21
2026-06-04T03:30:00+00:00,SYNUSDT,A,-0.01779,4.0
2026-06-04T03:45:00+00:00,MAGMAUSDT,B,0.00198,4.14
2026-06-04T05:00:00+00:00,MAGMAUSDT,A,-0.06702,18.94
2026-06-04T05:30:00+00:00,PUMPUSDT,B,0.02579,3.81
2026-06-04T05:30:00+00:00,ZROUSDT,B,0.00572,3.95
2026-06-04T05:45:00+00:00,HEIUSDT,B,0.23873,3.55
2026-06-04T06:30:00+00:00,QQQUSDT,B,0.00171,7.36
2026-06-04T07:00:00+00:00,SPYUSDT,B,0.00028,10.11
2026-06-04T07:00:00+00:00,ZROUSDT,A,-0.01953,5.2
2026-06-04T08:00:00+00:00,MAGMAUSDT,B,0.01992,4.63
2026-06-04T08:30:00+00:00,XMRUSDT,A,-0.02494,4.18
2026-06-04T09:00:00+00:00,SPYUSDT,A,-0.00113,6.91
2026-06-04T09:00:00+00:00,TSMUSDT,A,-0.00382,4.35
2026-06-04T09:15:00+00:00,EWYUSDT,B,0.00675,3.92
2026-06-04T09:15:00+00:00,MAGMAUSDT,A,-0.02668,4.94
2026-06-04T09:15:00+00:00,TRXUSDT,A,-0.00617,5.57
2026-06-04T09:30:00+00:00,XPLUSDT,B,0.00606,3.54
2026-06-04T09:45:00+00:00,EPICUSDT,B,0.07263,6.96
2026-06-04T10:00:00+00:00,WLDUSDT,A,-0.04242,6.33
2026-06-04T10:00:00+00:00,XMRUSDT,B,0.00507,3.04
2026-06-04T10:15:00+00:00,QQQUSDT,A,-0.0014,4.61
2026-06-04T10:15:00+00:00,WLDUSDT,B,0.0049,3.49
2026-06-04T10:45:00+00:00,ADAUSDT,A,-0.00583,3.86
2026-06-04T11:45:00+00:00,PENDLEUSDT,B,0.04431,4.78
2026-06-04T12:15:00+00:00,EPICUSDT,A,-0.04094,7.29
2026-06-04T12:15:00+00:00,ZBTUSDT,B,0.02051,8.08
2026-06-04T12:30:00+00:00,FETUSDT,B,0.00901,3.17
2026-06-04T12:30:00+00:00,MSTRUSDT,B,0.0124,3.14
2026-06-04T12:30:00+00:00,QQQUSDT,B,0.00193,3.49
2026-06-04T12:45:00+00:00,SPYUSDT,B,0.00045,6.68
2026-06-04T13:00:00+00:00,TSMUSDT,B,0.00046,3.77
2026-06-04T13:00:00+00:00,ZBTUSDT,A,-0.0291,6.01
2026-06-04T13:15:00+00:00,HEIUSDT,B,0.08606,3.45
2026-06-04T13:30:00+00:00,AAPLUSDT,A,-0.00354,12.11
2026-06-04T13:30:00+00:00,ALGOUSDT,B,0.03248,4.56
2026-06-04T13:30:00+00:00,BABAUSDT,B,0.0064,4.96
2026-06-04T13:30:00+00:00,COINUSDT,A,-0.00961,5.75
2026-06-04T13:30:00+00:00,CRCLUSDT,B,0.0164,3.32
2026-06-04T13:30:00+00:00,GOOGLUSDT,B,0.01055,7.56
2026-06-04T13:30:00+00:00,HOODUSDT,B,0.01922,9.81
2026-06-04T13:30:00+00:00,INTCUSDT,B,0.00691,10.46
2026-06-04T13:30:00+00:00,METAUSDT,B,0.01274,17.91
2026-06-04T13:30:00+00:00,MSFTUSDT,A,-0.00842,5.73
2026-06-04T13:30:00+00:00,NVDAUSDT,A,-0.00463,9.05
2026-06-04T13:30:00+00:00,OPUSDT,B,0.02294,3.82
2026-06-04T13:30:00+00:00,TSLAUSDT,B,0.00829,10.18
2026-06-04T13:45:00+00:00,AAPLUSDT,B,0.00083,7.57
2026-06-04T13:45:00+00:00,AMZNUSDT,B,0.00679,3.73
2026-06-04T13:45:00+00:00,EPICUSDT,B,0.02346,3.98
2026-06-04T14:00:00+00:00,AEROUSDT,B,0.02125,3.64
2026-06-04T14:00:00+00:00,MAGMAUSDT,B,0.06185,10.46
2026-06-04T14:00:00+00:00,WLFIUSDT,B,0.01489,3.14
2026-06-04T14:15:00+00:00,WLDUSDT,B,0.01448,3.25
2026-06-04T14:30:00+00:00,LABUSDT,B,0.00902,3.62
2026-06-04T14:45:00+00:00,HOMEUSDT,B,0.08009,3.47
2026-06-04T15:00:00+00:00,EWYUSDT,B,0.00743,3.43
2026-06-04T15:00:00+00:00,HOMEUSDT,A,-0.03303,11.32
2026-06-04T15:00:00+00:00,PAXGUSDT,B,0.00188,4.91
2026-06-04T15:30:00+00:00,GOOGLUSDT,A,-0.00517,5.28
2026-06-04T15:30:00+00:00,VELVETUSDT,B,0.11836,13.11
2026-06-04T17:15:00+00:00,WLDUSDT,A,-0.05039,9.18
2026-06-04T17:30:00+00:00,FETUSDT,A,-0.01852,4.3
2026-06-04T18:15:00+00:00,FETUSDT,B,0.01626,3.04
2026-06-04T18:15:00+00:00,WLDUSDT,B,0.03845,4.08
2026-06-04T19:15:00+00:00,HOMEUSDT,B,0.04376,3.8
2026-06-04T19:45:00+00:00,HOMEUSDT,A,-0.04297,6.55
2026-06-04T21:30:00+00:00,XMRUSDT,B,0.02327,7.07
2026-06-04T21:30:00+00:00,ZROUSDT,A,-0.03582,7.5
2026-06-04T21:45:00+00:00,XMRUSDT,A,-0.04206,8.18
2026-06-04T22:15:00+00:00,DEXEUSDT,A,-0.0312,3.19
2026-06-04T22:30:00+00:00,PUMPUSDT,A,-0.0154,4.18
2026-06-04T22:45:00+00:00,EPICUSDT,B,0.03921,3.08
2026-06-04T23:30:00+00:00,HOMEUSDT,B,0.03022,6.47
2026-06-05T00:00:00+00:00,ADAUSDT,A,-0.02283,7.38
2026-06-05T00:00:00+00:00,EWYUSDT,A,-0.01526,9.58
2026-06-05T00:15:00+00:00,ADAUSDT,B,0.01368,3.58
2026-06-05T01:30:00+00:00,EWYUSDT,B,0.01615,4.68
2026-06-05T02:45:00+00:00,ASTERUSDT,B,0.01935,4.61
2026-06-05T02:45:00+00:00,HOMEUSDT,A,-0.06401,5.58
2026-06-05T02:45:00+00:00,WLDUSDT,A,-0.08822,11.06
2026-06-05T03:15:00+00:00,WLDUSDT,B,0.05671,4.47
2026-06-05T04:00:00+00:00,JUPUSDT,B,0.0029,3.11
2026-06-05T04:15:00+00:00,ADAUSDT,B,0.01643,4.71
2026-06-05T04:30:00+00:00,ENAUSDT,A,-0.03958,4.99
2026-06-05T04:30:00+00:00,XMRUSDT,A,-0.02522,4.5
2026-06-05T05:00:00+00:00,FETUSDT,B,0.00047,5.84
2026-06-05T05:00:00+00:00,ZROUSDT,B,0.02472,3.01
2026-06-05T05:15:00+00:00,EPICUSDT,B,0.05545,3.54
2026-06-05T05:30:00+00:00,HOMEUSDT,B,0.00337,3.65
2026-06-05T05:45:00+00:00,XPLUSDT,A,-0.01892,4.54
2026-06-05T06:00:00+00:00,AAVEUSDT,A,-0.018,5.01
2026-06-05T06:00:00+00:00,ETCUSDT,A,-0.00832,6.06
2026-06-05T06:15:00+00:00,1000PEPEUSDT,A,-0.01645,8.77
2026-06-05T06:15:00+00:00,1000SHIBUSDT,A,-0.01583,10.6
2026-06-05T06:15:00+00:00,AEROUSDT,A,-0.00956,4.51
2026-06-05T06:15:00+00:00,ALGOUSDT,A,-0.02599,7.29
2026-06-05T06:15:00+00:00,APTUSDT,A,-0.02235,6.99
2026-06-05T06:15:00+00:00,ARBUSDT,A,-0.02398,9.19
2026-06-05T06:15:00+00:00,AVAXUSDT,A,-0.01055,8.78
2026-06-05T06:15:00+00:00,BCHUSDT,A,-0.04273,8.05
2026-06-05T06:15:00+00:00,BNBUSDT,A,-0.00781,5.4
2026-06-05T06:15:00+00:00,CHZUSDT,A,-0.01971,5.97
2026-06-05T06:15:00+00:00,CRVUSDT,A,-0.02382,10.96
2026-06-05T06:15:00+00:00,DOTUSDT,A,-0.02234,16.14
2026-06-05T06:15:00+00:00,EIGENUSDT,A,-0.01527,5.19
2026-06-05T06:15:00+00:00,ETHFIUSDT,A,-0.02666,10.13
2026-06-05T06:15:00+00:00,FARTCOINUSDT,A,-0.02451,9.02
2026-06-05T06:15:00+00:00,FETUSDT,A,-0.0266,6.94
2026-06-05T06:15:00+00:00,FILUSDT,A,-0.03461,6.71
2026-06-05T06:15:00+00:00,LDOUSDT,A,-0.02008,1.98
2026-06-05T06:15:00+00:00,LINKUSDT,A,-0.01625,9.79
2026-06-05T06:15:00+00:00,LTCUSDT,A,-0.01795,12.77
2026-06-05T06:15:00+00:00,NEARUSDT,A,-0.01673,4.91
2026-06-05T06:15:00+00:00,OPUSDT,A,-0.02205,6.36
2026-06-05T06:15:00+00:00,PUMPUSDT,A,-0.02937,11.17
2026-06-05T06:15:00+00:00,RENDERUSDT,A,-0.02115,6.63
2026-06-05T06:15:00+00:00,SUIUSDT,A,-0.02712,5.9
2026-06-05T06:15:00+00:00,TACUSDT,B,0.00871,3.29
2026-06-05T06:15:00+00:00,TAOUSDT,A,-0.01384,4.79
2026-06-05T06:15:00+00:00,TIAUSDT,A,-0.02768,4.5
2026-06-05T06:15:00+00:00,TRUMPUSDT,A,-0.02183,6.34
2026-06-05T06:15:00+00:00,TRXUSDT,A,-0.00513,4.67
2026-06-05T06:15:00+00:00,UNIUSDT,A,-0.01958,5.03
2026-06-05T06:15:00+00:00,VIRTUALUSDT,A,-0.01595,6.95
2026-06-05T06:15:00+00:00,WLFIUSDT,A,-0.03453,8.05
2026-06-05T06:15:00+00:00,XAUTUSDT,B,0.00076,4.83
2026-06-05T06:15:00+00:00,ZROUSDT,A,-0.02217,5.77
2026-06-05T06:30:00+00:00,AAVEUSDT,B,0.0329,25.04
2026-06-05T07:00:00+00:00,QQQUSDT,A,-0.00145,4.47
2026-06-05T07:15:00+00:00,PUMPUSDT,B,0.05396,4.03
2026-06-05T07:15:00+00:00,XMRUSDT,B,0.05622,10.3
2026-06-05T07:30:00+00:00,WLDUSDT,B,0.04247,6.04
2026-06-05T07:45:00+00:00,USUSDT,B,0.14065,5.63
2026-06-05T08:15:00+00:00,EVAAUSDT,A,-0.03676,2.65
2026-06-05T09:00:00+00:00,TIAUSDT,B,0.01303,3.37
2026-06-05T11:45:00+00:00,ARBUSDT,A,-0.01444,4.76
2026-06-05T12:15:00+00:00,HOODUSDT,B,0.00333,3.93
2026-06-05T12:15:00+00:00,NATGASUSDT,B,0.00243,4.15
2026-06-05T12:30:00+00:00,QQQUSDT,B,0.0002,4.9
2026-06-05T12:30:00+00:00,SPYUSDT,B,0.00012,5.52
2026-06-05T12:30:00+00:00,XAUTUSDT,A,-0.00446,4.63
2026-06-05T12:45:00+00:00,AAPLUSDT,B,0.00032,3.07
2026-06-05T13:00:00+00:00,PAXGUSDT,B,0.00258,4.77
2026-06-05T13:15:00+00:00,AMZNUSDT,B,0.00864,5.34
2026-06-05T13:15:00+00:00,ARBUSDT,B,0.01455,6.04
2026-06-05T13:30:00+00:00,AMDUSDT,A,-0.00984,9.24
2026-06-05T13:30:00+00:00,EWYUSDT,A,-0.00771,5.42
2026-06-05T13:30:00+00:00,GOOGLUSDT,B,0.01321,3.39
2026-06-05T13:30:00+00:00,HOODUSDT,A,-0.01942,9.61
2026-06-05T13:30:00+00:00,INTCUSDT,A,-0.01164,4.7
2026-06-05T13:30:00+00:00,METAUSDT,B,0.00233,12.84
2026-06-05T13:30:00+00:00,MSFTUSDT,A,-0.00504,5.2
2026-06-05T13:30:00+00:00,PAXGUSDT,A,-0.00379,4.45
2026-06-05T13:30:00+00:00,PLTRUSDT,A,-0.00569,7.7
2026-06-05T13:30:00+00:00,QQQUSDT,A,-0.00341,12.03
2026-06-05T13:30:00+00:00,SPYUSDT,A,-0.00253,9.28
2026-06-05T13:30:00+00:00,TSLAUSDT,A,-0.016,10.09
2026-06-05T13:30:00+00:00,TSMUSDT,A,-0.00474,5.16
2026-06-05T13:45:00+00:00,AAVEUSDT,A,-0.02983,5.74
2026-06-05T13:45:00+00:00,AMZNUSDT,A,-0.00601,5.04
2026-06-05T13:45:00+00:00,METAUSDT,A,-0.00768,4.61
2026-06-05T13:45:00+00:00,PENGUUSDT,A,-0.0309,5.42
2026-06-05T13:45:00+00:00,PUMPUSDT,A,-0.03196,6.5
2026-06-05T14:00:00+00:00,1000PEPEUSDT,B,0.0113,3.43
2026-06-05T14:00:00+00:00,AAVEUSDT,B,0.01626,4.82
2026-06-05T14:00:00+00:00,ADAUSDT,B,0.00877,5.39
2026-06-05T14:00:00+00:00,AVAXUSDT,B,0.00646,5.98
2026-06-05T14:00:00+00:00,DOTUSDT,B,0.01246,3.05
2026-06-05T14:00:00+00:00,ETCUSDT,B,0.00132,3.71
2026-06-05T14:00:00+00:00,FILUSDT,B,0.02493,3.22
2026-06-05T14:00:00+00:00,LINKUSDT,B,0.00854,4.0
2026-06-05T14:00:00+00:00,LTCUSDT,B,0.00509,4.12
2026-06-05T14:00:00+00:00,MSTRUSDT,A,-0.00914,7.85
2026-06-05T14:00:00+00:00,OPUSDT,B,0.017,3.65
2026-06-05T14:00:00+00:00,PUMPUSDT,B,0.00943,5.13
2026-06-05T14:00:00+00:00,WLDUSDT,B,0.02591,3.6
2026-06-05T14:00:00+00:00,XAUTUSDT,B,0.00027,7.25
2026-06-05T14:00:00+00:00,XPLUSDT,B,0.01685,3.22
2026-06-05T14:15:00+00:00,MORPHOUSDT,A,-0.02128,4.37
2026-06-05T14:30:00+00:00,AEROUSDT,B,0.00335,7.24
2026-06-05T14:30:00+00:00,MORPHOUSDT,B,0.01655,4.57
2026-06-05T14:45:00+00:00,WLDUSDT,A,-0.06126,5.47
2026-06-05T15:00:00+00:00,GOOGLUSDT,A,-0.00365,5.13
2026-06-05T15:00:00+00:00,XPLUSDT,A,-0.03366,9.55
2026-06-05T15:30:00+00:00,FILUSDT,A,-0.02756,10.55
2026-06-05T15:45:00+00:00,AMDUSDT,B,0.00043,9.33
2026-06-05T15:45:00+00:00,ASTERUSDT,A,-0.01928,6.72
2026-06-05T16:00:00+00:00,1000BONKUSDT,B,0.00093,3.43
2026-06-05T16:00:00+00:00,1000SHIBUSDT,B,0.00154,3.83
2026-06-05T16:00:00+00:00,BNBUSDT,A,-0.00962,4.29
2026-06-05T16:00:00+00:00,CRVUSDT,B,0.00334,4.21
2026-06-05T16:00:00+00:00,EIGENUSDT,B,0.00312,3.79
2026-06-05T16:00:00+00:00,ETHFIUSDT,B,0.00142,5.26
2026-06-05T16:00:00+00:00,FARTCOINUSDT,B,0.00819,6.02
2026-06-05T16:00:00+00:00,FETUSDT,B,0.0026,3.89
2026-06-05T16:00:00+00:00,KAITOUSDT,B,0.0051,5.07
2026-06-05T16:00:00+00:00,MSTRUSDT,B,0.00461,3.09
2026-06-05T16:00:00+00:00,OPUSDT,A,-0.01407,9.51
2026-06-05T16:00:00+00:00,PENGUUSDT,B,0.00589,4.21
2026-06-05T16:00:00+00:00,RENDERUSDT,B,0.00799,5.01
2026-06-05T16:15:00+00:00,ASTERUSDT,B,0.00457,3.22
2026-06-05T16:15:00+00:00,BNBUSDT,B,0.00478,3.42
2026-06-05T16:15:00+00:00,HOMEUSDT,B,0.04976,5.37
2026-06-05T16:15:00+00:00,TRXUSDT,B,0.0056,3.35
2026-06-05T16:30:00+00:00,AAPLUSDT,A,-0.00362,5.39
2026-06-05T16:45:00+00:00,AAPLUSDT,B,0.0001,3.02
2026-06-05T16:45:00+00:00,ENAUSDT,B,0.05895,3.05
2026-06-05T16:45:00+00:00,LITUSDT,B,0.04122,4.03
2026-06-05T16:45:00+00:00,QQQUSDT,B,0.00219,6.57
2026-06-05T16:45:00+00:00,SPYUSDT,B,0.00178,5.61
2026-06-05T18:00:00+00:00,HOODUSDT,A,-0.00843,6.96
2026-06-05T18:00:00+00:00,METAUSDT,A,-0.02336,19.1
2026-06-05T18:00:00+00:00,QQQUSDT,A,-0.00558,4.36
2026-06-05T18:00:00+00:00,VELVETUSDT,B,0.07002,5.86
2026-06-05T18:15:00+00:00,AMZNUSDT,A,-0.01277,12.73
2026-06-05T18:15:00+00:00,SPYUSDT,A,-0.00154,8.35
2026-06-05T18:30:00+00:00,METAUSDT,B,0.00937,16.27
2026-06-05T18:45:00+00:00,1000SHIBUSDT,A,-0.01721,4.75
2026-06-05T18:45:00+00:00,DOTUSDT,A,-0.02119,4.25
2026-06-05T19:00:00+00:00,AVAXUSDT,A,-0.02331,13.22
2026-06-05T19:15:00+00:00,LTCUSDT,B,0.00519,3.33
2026-06-05T20:00:00+00:00,AVAXUSDT,B,0.01942,5.2
2026-06-05T20:00:00+00:00,TSMUSDT,A,-0.00611,4.41
2026-06-05T20:45:00+00:00,SPYUSDT,B,0.00086,4.74
2026-06-05T21:00:00+00:00,XMRUSDT,B,0.01821,6.43
2026-06-05T22:00:00+00:00,ENAUSDT,A,-0.02264,5.04
2026-06-06T00:30:00+00:00,VELVETUSDT,B,0.02898,4.89
2026-06-06T01:00:00+00:00,WLDUSDT,A,-0.05664,5.5
2026-06-06T01:15:00+00:00,SPYUSDT,A,-0.00247,5.59
2026-06-06T02:45:00+00:00,AAPLUSDT,B,0.0001,4.23
2026-06-06T02:45:00+00:00,SPYUSDT,B,0.00145,11.52
2026-06-06T04:00:00+00:00,AVAXUSDT,A,-0.02209,6.41
2026-06-06T04:15:00+00:00,LTCUSDT,A,-0.01266,3.87
2026-06-06T04:30:00+00:00,1000SHIBUSDT,A,-0.00822,5.94
2026-06-06T04:30:00+00:00,DOTUSDT,A,-0.01107,4.3
2026-06-06T04:30:00+00:00,VELVETUSDT,A,-0.03326,5.19
2026-06-06T04:45:00+00:00,HOMEUSDT,A,-0.09361,8.05
2026-06-06T04:45:00+00:00,VELVETUSDT,B,0.00675,3.51
2026-06-06T05:00:00+00:00,HOMEUSDT,B,0.00871,4.11
2026-06-06T05:15:00+00:00,ADAUSDT,B,0.02347,3.47
2026-06-06T05:15:00+00:00,DOTUSDT,B,0.02694,3.22
2026-06-06T06:30:00+00:00,BCHUSDT,B,0.03784,6.59
2026-06-06T06:30:00+00:00,ENAUSDT,B,0.00275,8.39
2026-06-06T07:30:00+00:00,SPYUSDT,A,-0.00219,13.6
2026-06-06T08:15:00+00:00,SPYUSDT,B,0.00179,11.19
2026-06-06T08:45:00+00:00,HOMEUSDT,A,-0.14217,13.5
2026-06-06T09:00:00+00:00,HOMEUSDT,B,0.06903,3.67
2026-06-06T09:00:00+00:00,MAGMAUSDT,B,0.05613,3.48
2026-06-06T09:45:00+00:00,ALLOUSDT,B,0.07442,5.7
2026-06-06T10:00:00+00:00,PENGUUSDT,A,-0.02916,7.66
2026-06-06T10:00:00+00:00,VELVETUSDT,B,0.05989,15.0
2026-06-06T10:45:00+00:00,ASTERUSDT,B,0.00262,4.69
2026-06-06T10:45:00+00:00,VELVETUSDT,A,-0.02643,6.41
2026-06-06T11:45:00+00:00,ALLOUSDT,A,-0.08161,6.99
2026-06-06T12:00:00+00:00,QQQUSDT,B,0.01019,6.55
2026-06-06T12:15:00+00:00,QQQUSDT,A,-0.00271,5.44
2026-06-06T14:00:00+00:00,BEATUSDT,B,0.03786,3.49
2026-06-06T14:00:00+00:00,PENGUUSDT,B,0.02843,5.4
2026-06-06T14:00:00+00:00,VELVETUSDT,B,0.0288,6.75
2026-06-06T14:15:00+00:00,HEIUSDT,B,0.06224,3.86
2026-06-06T14:45:00+00:00,HOMEUSDT,B,0.05496,3.51
2026-06-06T15:00:00+00:00,PENGUUSDT,A,-0.02579,7.67
2026-06-06T15:30:00+00:00,ALLOUSDT,B,0.04575,3.47
2026-06-06T16:00:00+00:00,VELVETUSDT,A,-0.02696,7.81
2026-06-06T16:30:00+00:00,ALLOUSDT,A,-0.05504,4.95
2026-06-06T18:00:00+00:00,VELVETUSDT,B,0.01905,8.43
2026-06-06T19:15:00+00:00,LTCUSDT,A,-0.02414,7.41
2026-06-06T20:15:00+00:00,HEIUSDT,B,0.01838,3.98
2026-06-06T20:45:00+00:00,HBARUSDT,B,0.00228,3.97
2026-06-07T00:00:00+00:00,ALLOUSDT,B,0.08114,4.28
2026-06-07T00:30:00+00:00,ETHFIUSDT,B,0.02645,3.49
2026-06-07T01:00:00+00:00,WLDUSDT,B,0.03102,3.54
2026-06-07T01:15:00+00:00,ENAUSDT,B,0.03039,3.44
2026-06-07T01:15:00+00:00,LINKUSDT,B,0.01321,3.23
2026-06-07T02:45:00+00:00,GWEIUSDT,B,0.01982,3.8
2026-06-07T03:30:00+00:00,GWEIUSDT,A,-0.01446,10.23
2026-06-07T03:45:00+00:00,ALLOUSDT,A,-0.14165,8.21
2026-06-07T04:15:00+00:00,ALLOUSDT,B,0.07974,8.01
2026-06-07T05:15:00+00:00,ASTERUSDT,B,0.01986,3.52
2026-06-07T07:00:00+00:00,ARBUSDT,B,0.00363,6.85
2026-06-07T07:00:00+00:00,VELVETUSDT,B,0.01162,6.33
2026-06-07T08:45:00+00:00,HOMEUSDT,B,0.02081,5.43
2026-06-07T09:00:00+00:00,ADAUSDT,B,0.00971,3.3
2026-06-07T09:00:00+00:00,HOMEUSDT,A,-0.07207,15.98
2026-06-07T09:15:00+00:00,TIAUSDT,B,0.01482,5.0
2026-06-07T11:15:00+00:00,VELVETUSDT,B,0.00571,4.25
2026-06-07T12:00:00+00:00,ZROUSDT,A,-0.02165,4.12
2026-06-07T13:00:00+00:00,EPICUSDT,A,-0.07022,6.17
2026-06-07T14:15:00+00:00,JTOUSDT,B,0.02658,4.81
2026-06-07T15:30:00+00:00,KITEUSDT,B,0.06062,5.41
2026-06-07T16:00:00+00:00,HOMEUSDT,B,0.0065,4.25
2026-06-07T16:00:00+00:00,VELVETUSDT,B,0.03102,6.17
2026-06-07T16:30:00+00:00,EPICUSDT,B,0.05473,3.16
2026-06-07T16:45:00+00:00,BEATUSDT,B,0.03291,4.12
2026-06-07T16:45:00+00:00,VELVETUSDT,A,-0.07646,14.03
2026-06-07T17:00:00+00:00,BSBUSDT,A,-0.1041,4.55
2026-06-07T22:00:00+00:00,1000PEPEUSDT,B,0.04247,3.27
2026-06-07T22:00:00+00:00,OPUSDT,B,0.05426,3.52
2026-06-07T22:00:00+00:00,PAXGUSDT,B,0.00446,5.27
2026-06-07T22:00:00+00:00,SPYUSDT,B,5e-05,6.14
2026-06-07T22:00:00+00:00,TAOUSDT,B,0.05343,3.72
2026-06-07T22:00:00+00:00,WIFUSDT,B,0.05141,3.79
2026-06-07T22:00:00+00:00,XAUTUSDT,B,0.00244,10.44
2026-06-07T22:15:00+00:00,1000BONKUSDT,A,-0.01225,4.54
2026-06-07T22:15:00+00:00,1000PEPEUSDT,A,-0.0099,4.53
2026-06-07T22:15:00+00:00,ARBUSDT,A,-0.01306,4.31
2026-06-07T22:15:00+00:00,AVAXUSDT,A,-0.0122,4.91
2026-06-07T22:15:00+00:00,BEATUSDT,B,0.00991,3.15
2026-06-07T22:15:00+00:00,LINKUSDT,A,-0.00882,4.37
2026-06-07T22:15:00+00:00,OPUSDT,A,-0.01413,6.04
2026-06-07T22:15:00+00:00,TIAUSDT,A,-0.01322,4.62
2026-06-07T22:15:00+00:00,WIFUSDT,A,-0.01589,5.28
2026-06-07T23:15:00+00:00,BEATUSDT,A,-0.0373,6.02
2026-06-08T00:00:00+00:00,EWYUSDT,B,0.02584,7.97
2026-06-08T00:00:00+00:00,HOODUSDT,B,0.02014,3.85
2026-06-08T00:00:00+00:00,TSMUSDT,B,0.02178,4.79
2026-06-08T00:15:00+00:00,QQQUSDT,B,0.00303,3.63
2026-06-08T01:15:00+00:00,SPYUSDT,A,-0.00187,6.7
2026-06-08T01:30:00+00:00,BCHUSDT,A,-0.01848,3.78
2026-06-08T01:30:00+00:00,EPICUSDT,B,0.09746,3.4
2026-06-08T02:00:00+00:00,DEXEUSDT,B,0.05272,5.46
2026-06-08T02:30:00+00:00,BEATUSDT,B,0.01024,4.29
2026-06-08T02:30:00+00:00,EPICUSDT,A,-0.10166,5.95
2026-06-08T06:00:00+00:00,QQQUSDT,B,0.00042,3.93
2026-06-08T06:00:00+00:00,SPYUSDT,B,0.00102,6.75
2026-06-08T06:00:00+00:00,VELVETUSDT,B,0.0164,6.16
2026-06-08T06:30:00+00:00,BEATUSDT,B,0.02069,4.27
2026-06-08T07:00:00+00:00,ESPORTSUSDT,B,0.22418,7.04
2026-06-08T07:00:00+00:00,KAITOUSDT,B,0.00177,5.43
2026-06-08T07:15:00+00:00,PUMPUSDT,B,0.0272,3.06
2026-06-08T07:30:00+00:00,ESPORTSUSDT,A,-0.12968,7.3
2026-06-08T08:00:00+00:00,BCHUSDT,A,-0.0176,4.81
2026-06-08T08:00:00+00:00,SYNUSDT,A,-0.01558,4.86
2026-06-08T09:30:00+00:00,ZBTUSDT,B,0.00713,6.96
2026-06-08T09:45:00+00:00,SYNUSDT,B,0.04732,3.89
2026-06-08T10:15:00+00:00,EPICUSDT,B,0.02232,3.19
2026-06-08T10:15:00+00:00,VELVETUSDT,B,0.05183,10.42
2026-06-08T10:45:00+00:00,ALLOUSDT,B,0.04494,4.8
2026-06-08T11:00:00+00:00,BEATUSDT,B,0.0265,3.43
2026-06-08T11:15:00+00:00,EWYUSDT,B,0.01022,3.14
2026-06-08T11:15:00+00:00,SPYUSDT,B,0.00054,4.27
2026-06-08T11:45:00+00:00,ALLOUSDT,A,-0.08278,7.66
2026-06-08T11:45:00+00:00,VELVETUSDT,A,-0.02306,14.87
2026-06-08T12:00:00+00:00,AMZNUSDT,B,0.0033,8.1
2026-06-08T12:45:00+00:00,PUMPUSDT,B,0.02799,6.13
2026-06-08T13:00:00+00:00,AMDUSDT,B,0.00856,5.22
2026-06-08T13:00:00+00:00,INTCUSDT,B,0.08574,24.68
2026-06-08T13:00:00+00:00,QQQUSDT,B,0.00374,6.15
2026-06-08T13:00:00+00:00,TSMUSDT,A,-0.01616,6.45
2026-06-08T13:15:00+00:00,AAPLUSDT,B,0.00162,3.4
2026-06-08T13:15:00+00:00,GOOGLUSDT,A,-0.00865,8.1
2026-06-08T13:15:00+00:00,INTCUSDT,A,-0.0112,7.08
2026-06-08T13:30:00+00:00,HOODUSDT,A,-0.013,6.85
2026-06-08T13:30:00+00:00,METAUSDT,A,-0.00758,10.37
2026-06-08T13:30:00+00:00,MSTRUSDT,A,-0.01645,9.58
2026-06-08T13:30:00+00:00,NVDAUSDT,A,-0.00547,5.48
2026-06-08T13:30:00+00:00,PLTRUSDT,B,0.00648,3.9
2026-06-08T13:30:00+00:00,SPYUSDT,A,-0.00149,10.26
2026-06-08T13:30:00+00:00,TSLAUSDT,B,0.00729,9.92
2026-06-08T13:30:00+00:00,TSMUSDT,B,0.01594,7.55
2026-06-08T13:45:00+00:00,HOODUSDT,B,0.01545,3.52
2026-06-08T13:45:00+00:00,MORPHOUSDT,B,0.00122,3.28
2026-06-08T13:45:00+00:00,MSTRUSDT,B,0.01058,3.14
2026-06-08T13:45:00+00:00,QQQUSDT,A,-0.00542,11.07
2026-06-08T14:00:00+00:00,BEATUSDT,A,-0.05242,7.27
2026-06-08T14:15:00+00:00,XAUTUSDT,B,0.00045,3.17
2026-06-08T14:30:00+00:00,JTOUSDT,B,0.00885,3.44
2026-06-08T14:30:00+00:00,VELVETUSDT,B,0.03544,24.07
2026-06-08T14:45:00+00:00,GOOGLUSDT,B,0.00836,3.18
2026-06-08T15:00:00+00:00,MORPHOUSDT,A,-0.02482,5.27
2026-06-08T15:30:00+00:00,SPYUSDT,B,0.00069,4.1
2026-06-08T16:45:00+00:00,CHZUSDT,B,0.01178,3.3
2026-06-08T17:15:00+00:00,ESPORTSUSDT,B,0.2474,4.22
2026-06-08T17:15:00+00:00,GWEIUSDT,B,0.00545,3.61
2026-06-08T17:15:00+00:00,VELVETUSDT,A,-0.06863,28.22
2026-06-08T17:30:00+00:00,AAPLUSDT,A,-0.01761,22.62
2026-06-08T17:30:00+00:00,DEXEUSDT,A,-0.05821,4.47
2026-06-08T17:30:00+00:00,SPYUSDT,A,-0.00213,5.69
2026-06-08T18:15:00+00:00,AAPLUSDT,B,0.00043,9.4
2026-06-08T18:45:00+00:00,VELVETUSDT,B,0.00399,11.26
2026-06-08T19:00:00+00:00,JTOUSDT,B,0.02758,4.16
2026-06-08T19:45:00+00:00,SPYUSDT,B,0.00014,4.08
2026-06-08T20:00:00+00:00,ZROUSDT,A,-0.01494,4.27
2026-06-08T21:15:00+00:00,WLDUSDT,A,-0.05895,6.27
2026-06-08T22:00:00+00:00,QQQUSDT,A,-0.00264,4.72
2026-06-08T23:15:00+00:00,GWEIUSDT,B,0.01148,3.34
2026-06-09T00:00:00+00:00,EWYUSDT,A,-0.01345,4.87
2026-06-09T00:15:00+00:00,ENAUSDT,A,-0.03375,5.89
2026-06-09T00:15:00+00:00,EWYUSDT,B,0.00011,3.08
2026-06-09T00:30:00+00:00,APTUSDT,A,-0.01903,4.74
2026-06-09T00:30:00+00:00,ASTERUSDT,A,-0.01502,4.27
2026-06-09T00:30:00+00:00,ETCUSDT,A,-0.00926,5.78
2026-06-09T00:30:00+00:00,PENGUUSDT,A,-0.0179,7.37
2026-06-09T03:30:00+00:00,BEATUSDT,A,-0.05902,6.35
2026-06-09T04:00:00+00:00,GWEIUSDT,A,-0.02003,5.16
2026-06-09T04:15:00+00:00,EWYUSDT,B,0.00848,3.36
2026-06-09T04:45:00+00:00,GWEIUSDT,B,0.03819,3.98
2026-06-09T05:00:00+00:00,SYNUSDT,A,-0.05298,6.22
2026-06-09T06:00:00+00:00,VELVETUSDT,B,0.02192,3.44
2026-06-09T06:15:00+00:00,JTOUSDT,B,0.01041,3.53
2026-06-09T06:30:00+00:00,VELVETUSDT,A,-0.13869,7.89
2026-06-09T06:45:00+00:00,BEATUSDT,B,0.0239,3.03
2026-06-09T10:00:00+00:00,TSMUSDT,A,-0.00553,6.69
2026-06-09T10:00:00+00:00,VELVETUSDT,B,0.01944,5.26
2026-06-09T10:45:00+00:00,BEATUSDT,B,0.10549,9.42
2026-06-09T11:30:00+00:00,MORPHOUSDT,B,0.06075,52.38
2026-06-09T12:00:00+00:00,CHZUSDT,B,0.02354,4.85
2026-06-09T12:00:00+00:00,MORPHOUSDT,A,-0.02256,42.79
2026-06-09T12:15:00+00:00,CHZUSDT,A,-0.01415,5.34
2026-06-09T12:15:00+00:00,EVAAUSDT,B,0.09766,14.8
2026-06-09T12:15:00+00:00,VELVETUSDT,A,-0.04112,10.27
2026-06-09T13:00:00+00:00,ENAUSDT,B,0.04242,9.17
2026-06-09T13:00:00+00:00,JTOUSDT,B,0.0174,4.28
2026-06-09T13:30:00+00:00,AAPLUSDT,A,-0.00999,12.45
2026-06-09T13:30:00+00:00,AMDUSDT,A,-0.0263,5.97
2026-06-09T13:30:00+00:00,AMZNUSDT,B,0.00403,6.45
2026-06-09T13:30:00+00:00,ATOMUSDT,B,0.01033,5.9
2026-06-09T13:30:00+00:00,COINUSDT,B,0.03884,6.08
2026-06-09T13:30:00+00:00,CRCLUSDT,B,0.04452,3.1
2026-06-09T13:30:00+00:00,EWYUSDT,A,-0.01232,9.33
2026-06-09T13:30:00+00:00,GOOGLUSDT,B,0.01026,4.94
2026-06-09T13:30:00+00:00,HOODUSDT,B,0.00605,6.53
2026-06-09T13:30:00+00:00,METAUSDT,B,0.00701,7.6
2026-06-09T13:30:00+00:00,MSFTUSDT,B,0.00171,8.08
2026-06-09T13:30:00+00:00,MSTRUSDT,B,0.01701,4.56
2026-06-09T13:30:00+00:00,PLTRUSDT,B,0.00844,4.47
2026-06-09T13:30:00+00:00,QQQUSDT,B,0.00134,6.14
2026-06-09T13:30:00+00:00,TSLAUSDT,B,0.00255,8.87
2026-06-09T13:30:00+00:00,TSMUSDT,B,0.0104,9.43
2026-06-09T13:45:00+00:00,PAXGUSDT,B,2e-05,3.1
2026-06-09T13:45:00+00:00,QQQUSDT,A,-0.00283,9.85
2026-06-09T13:45:00+00:00,XAUTUSDT,B,0.00013,4.71
2026-06-09T14:00:00+00:00,GOOGLUSDT,A,-0.00487,7.08
2026-06-09T14:00:00+00:00,TSLAUSDT,A,-0.00695,4.6
2026-06-09T14:00:00+00:00,VELVETUSDT,B,0.03098,9.83
2026-06-09T14:15:00+00:00,EWYUSDT,B,0.00144,4.33
2026-06-09T14:15:00+00:00,INTCUSDT,A,-0.00906,4.19
2026-06-09T14:30:00+00:00,AAPLUSDT,B,0.00287,14.16
2026-06-09T14:30:00+00:00,TSMUSDT,A,-0.01086,5.83
2026-06-09T14:45:00+00:00,EVAAUSDT,A,-0.04296,8.27
2026-06-09T15:15:00+00:00,MSTRUSDT,A,-0.02441,5.31
2026-06-09T15:30:00+00:00,SPYUSDT,B,0.00093,4.93
2026-06-09T16:15:00+00:00,CHZUSDT,B,0.00729,3.33
2026-06-09T16:30:00+00:00,BEATUSDT,B,0.02526,3.27
2026-06-09T16:30:00+00:00,EVAAUSDT,B,0.03757,4.69
2026-06-09T16:30:00+00:00,PAXGUSDT,A,-0.00439,5.82
2026-06-09T16:30:00+00:00,SPYUSDT,A,-0.00371,17.93
2026-06-09T16:30:00+00:00,XAUTUSDT,A,-0.00421,9.57
2026-06-09T16:45:00+00:00,INTCUSDT,B,0.00906,3.88
2026-06-09T17:30:00+00:00,QQQUSDT,B,0.00426,5.34
2026-06-09T17:30:00+00:00,TSMUSDT,B,0.00459,3.41
2026-06-09T17:45:00+00:00,CHZUSDT,A,-0.02352,4.04
2026-06-09T18:00:00+00:00,VELVETUSDT,A,-0.03071,4.74
2026-06-09T19:00:00+00:00,VELVETUSDT,B,0.17055,13.81
2026-06-09T19:15:00+00:00,MORPHOUSDT,B,0.00678,4.33
2026-06-09T20:00:00+00:00,EWYUSDT,B,0.00027,3.04
2026-06-09T20:00:00+00:00,HOMEUSDT,B,0.06538,5.5
2026-06-09T20:30:00+00:00,EVAAUSDT,B,0.04096,4.86
2026-06-09T23:00:00+00:00,QQQUSDT,B,0.00051,4.8
2026-06-09T23:45:00+00:00,TSMUSDT,B,0.00167,3.25
2026-06-10T00:00:00+00:00,EWYUSDT,B,0.02972,10.19
2026-06-10T01:00:00+00:00,XAUTUSDT,A,-0.00331,5.0
2026-06-10T02:15:00+00:00,AAPLUSDT,B,0.00117,5.14
2026-06-10T02:45:00+00:00,EVAAUSDT,A,-0.04227,5.69
2026-06-10T03:30:00+00:00,EVAAUSDT,B,0.01184,10.21
2026-06-10T04:30:00+00:00,MAGMAUSDT,B,0.04558,3.67
2026-06-10T05:00:00+00:00,CHZUSDT,B,0.00662,3.14
2026-06-10T05:00:00+00:00,QQQUSDT,B,0.00068,3.56
2026-06-10T06:30:00+00:00,BEATUSDT,B,0.10028,14.25
2026-06-10T07:15:00+00:00,USUSDT,A,-0.07701,4.52
2026-06-10T08:00:00+00:00,ESPORTSUSDT,B,0.22016,3.05
2026-06-10T08:45:00+00:00,EVAAUSDT,B,0.01519,3.03
2026-06-10T10:00:00+00:00,MAGMAUSDT,B,0.03383,4.22
2026-06-10T10:15:00+00:00,MORPHOUSDT,A,-0.02555,4.38
2026-06-10T11:00:00+00:00,AEROUSDT,B,0.00455,3.44
2026-06-10T11:00:00+00:00,EVAAUSDT,A,-0.06403,5.95
2026-06-10T11:00:00+00:00,SPYUSDT,A,-0.00238,9.45
2026-06-10T11:15:00+00:00,METAUSDT,A,-0.00474,5.31
2026-06-10T11:15:00+00:00,TSLAUSDT,A,-0.00442,7.48
2026-06-10T12:00:00+00:00,ATOMUSDT,B,0.02682,5.02
2026-06-10T12:15:00+00:00,SPYUSDT,B,0.00171,3.94
2026-06-10T12:30:00+00:00,ADAUSDT,B,0.01251,3.38
2026-06-10T12:30:00+00:00,AMDUSDT,B,0.01563,3.62
2026-06-10T12:30:00+00:00,ARBUSDT,B,0.01274,4.74
2026-06-10T12:30:00+00:00,DOTUSDT,B,0.01396,3.32
2026-06-10T12:30:00+00:00,EWYUSDT,B,0.02786,9.69
2026-06-10T12:30:00+00:00,INTCUSDT,B,0.01773,3.91
2026-06-10T12:30:00+00:00,LTCUSDT,B,0.00805,3.78
2026-06-10T12:30:00+00:00,MSTRUSDT,B,0.01921,6.86
2026-06-10T12:30:00+00:00,OPUSDT,B,0.01805,3.54
2026-06-10T12:30:00+00:00,PAXGUSDT,B,0.00478,12.11
2026-06-10T12:30:00+00:00,QQQUSDT,B,0.00684,17.16
2026-06-10T12:30:00+00:00,TSLAUSDT,B,0.00753,3.35
2026-06-10T12:30:00+00:00,TSMUSDT,B,0.01087,5.44
2026-06-10T12:30:00+00:00,XAUTUSDT,B,0.00489,8.98
2026-06-10T12:45:00+00:00,WLFIUSDT,A,-0.03753,19.7
2026-06-10T13:00:00+00:00,ATOMUSDT,A,-0.02232,5.03
2026-06-10T13:00:00+00:00,VELVETUSDT,B,0.02243,7.48
2026-06-10T13:00:00+00:00,WLFIUSDT,B,0.0242,6.21
2026-06-10T13:15:00+00:00,AMZNUSDT,B,0.00486,3.4
2026-06-10T13:15:00+00:00,HOODUSDT,B,0.01337,3.92
2026-06-10T13:30:00+00:00,AMZNUSDT,A,-0.00545,5.31
2026-06-10T13:30:00+00:00,COINUSDT,B,0.04837,5.03
2026-06-10T13:30:00+00:00,CRCLUSDT,B,0.06109,4.24
2026-06-10T13:30:00+00:00,CRVUSDT,B,0.01728,4.74
2026-06-10T13:30:00+00:00,METAUSDT,B,0.01717,5.05
2026-06-10T13:30:00+00:00,NVDAUSDT,B,0.0088,3.44
2026-06-10T13:45:00+00:00,BEATUSDT,B,0.02041,3.19
2026-06-10T13:45:00+00:00,INTCUSDT,A,-0.01818,6.85
2026-06-10T13:45:00+00:00,MORPHOUSDT,B,0.00731,5.12
2026-06-10T14:00:00+00:00,AAPLUSDT,B,0.00428,5.9
2026-06-10T14:15:00+00:00,MAGMAUSDT,B,0.01926,4.7
2026-06-10T14:30:00+00:00,QQQUSDT,A,-0.00318,5.41
2026-06-10T15:00:00+00:00,SPYUSDT,A,-0.00332,5.33
2026-06-10T15:30:00+00:00,ORDIUSDT,B,0.01394,3.98
2026-06-10T15:30:00+00:00,WLDUSDT,A,-0.04743,7.86
2026-06-10T15:45:00+00:00,XMRUSDT,B,0.01155,3.3
2026-06-10T16:00:00+00:00,ORDIUSDT,A,-0.02671,6.26
2026-06-10T16:30:00+00:00,QQQUSDT,B,0.0005,3.5
2026-06-10T16:45:00+00:00,ARBUSDT,A,-0.01035,3.78
2026-06-10T16:45:00+00:00,MAGMAUSDT,A,-0.03109,8.05
2026-06-10T17:00:00+00:00,OPUSDT,B,0.00319,3.11
2026-06-10T17:00:00+00:00,VELVETUSDT,B,0.03756,5.27
2026-06-10T18:15:00+00:00,MAGMAUSDT,B,0.01397,5.29
2026-06-10T18:15:00+00:00,WLFIUSDT,B,0.025,9.35
2026-06-10T19:15:00+00:00,BEATUSDT,B,0.10034,8.54
2026-06-10T19:30:00+00:00,VELVETUSDT,A,-0.06068,18.31
2026-06-10T20:45:00+00:00,ARBUSDT,A,-0.01141,3.96
2026-06-10T21:00:00+00:00,CHZUSDT,A,-0.02888,3.68
2026-06-10T21:00:00+00:00,VELVETUSDT,B,0.02841,9.44
2026-06-10T22:00:00+00:00,XAUTUSDT,A,-0.00464,9.8
2026-06-10T22:15:00+00:00,BEATUSDT,A,-0.18009,13.12
2026-06-10T23:15:00+00:00,PAXGUSDT,B,0.00756,5.02
2026-06-10T23:15:00+00:00,QQQUSDT,B,0.00405,5.15
2026-06-10T23:15:00+00:00,SPYUSDT,B,0.003,4.15
2026-06-10T23:15:00+00:00,XAUTUSDT,B,0.00744,5.85
2026-06-10T23:30:00+00:00,XMRUSDT,B,0.00812,3.65
2026-06-10T23:45:00+00:00,VELVETUSDT,A,-0.0418,8.85
2026-06-11T00:00:00+00:00,TSMUSDT,B,0.0002,6.16
2026-06-11T00:15:00+00:00,EWYUSDT,B,0.01476,3.45
2026-06-11T01:00:00+00:00,ARBUSDT,B,0.00695,5.02
2026-06-11T01:00:00+00:00,VELVETUSDT,B,0.0138,5.16
2026-06-11T01:45:00+00:00,CRVUSDT,B,0.01659,3.01
2026-06-11T02:30:00+00:00,DEXEUSDT,B,0.06408,3.07
2026-06-11T03:45:00+00:00,ATOMUSDT,B,0.01612,5.75
2026-06-11T03:45:00+00:00,AVAXUSDT,B,0.01338,3.86
2026-06-11T03:45:00+00:00,ENAUSDT,B,0.02384,3.89
2026-06-11T03:45:00+00:00,INJUSDT,B,0.03538,3.16
2026-06-11T03:45:00+00:00,LINKUSDT,B,0.01142,3.01
2026-06-11T03:45:00+00:00,LTCUSDT,B,0.0073,4.43
2026-06-11T03:45:00+00:00,PENGUUSDT,B,0.03733,10.23
2026-06-11T04:15:00+00:00,MAGMAUSDT,A,-0.09681,5.54
2026-06-11T04:45:00+00:00,BEATUSDT,B,0.03253,3.23
2026-06-11T04:45:00+00:00,MAGMAUSDT,B,0.12516,10.58
2026-06-11T05:00:00+00:00,CRVUSDT,A,-0.0205,5.44
2026-06-11T05:00:00+00:00,VELVETUSDT,B,0.01567,4.97
2026-06-11T05:45:00+00:00,CRVUSDT,B,0.00706,3.54
2026-06-11T06:00:00+00:00,BEATUSDT,A,-0.03783,4.55
2026-06-11T06:15:00+00:00,VELVETUSDT,A,-0.05352,10.28
2026-06-11T07:30:00+00:00,ATOMUSDT,A,-0.01862,9.38
2026-06-11T08:00:00+00:00,QQQUSDT,B,0.00319,3.51
2026-06-11T08:45:00+00:00,WLDUSDT,A,-0.03045,5.38
2026-06-11T09:00:00+00:00,CRVUSDT,A,-0.01217,5.26
2026-06-11T09:00:00+00:00,VELVETUSDT,B,0.01859,5.19
2026-06-11T09:45:00+00:00,CRVUSDT,B,0.01822,4.67
2026-06-11T10:00:00+00:00,INTCUSDT,B,0.0298,3.35
2026-06-11T12:15:00+00:00,BEATUSDT,B,0.00893,3.32
2026-06-11T12:15:00+00:00,QQQUSDT,A,-0.00528,7.08
2026-06-11T12:15:00+00:00,SPYUSDT,A,-0.00316,7.25
2026-06-11T13:30:00+00:00,AMDUSDT,B,0.01489,4.45
2026-06-11T13:30:00+00:00,AMZNUSDT,A,-0.00751,5.15
2026-06-11T13:30:00+00:00,CRCLUSDT,B,0.01658,3.64
2026-06-11T13:30:00+00:00,GOOGLUSDT,A,-0.02178,5.88
2026-06-11T13:30:00+00:00,HOODUSDT,A,-0.01262,9.64
2026-06-11T13:30:00+00:00,METAUSDT,A,-0.00585,6.85
2026-06-11T13:30:00+00:00,MSFTUSDT,A,-0.01358,4.74
2026-06-11T13:30:00+00:00,MSTRUSDT,B,0.00447,5.65
2026-06-11T13:30:00+00:00,NVDAUSDT,B,0.00387,4.35
2026-06-11T13:30:00+00:00,TSLAUSDT,A,-0.01448,6.59
2026-06-11T13:30:00+00:00,TSMUSDT,B,0.00263,5.93
2026-06-11T13:45:00+00:00,AMZNUSDT,B,0.0044,3.35
2026-06-11T13:45:00+00:00,EWYUSDT,B,0.01064,4.95
2026-06-11T13:45:00+00:00,HOODUSDT,B,0.01406,4.4
2026-06-11T13:45:00+00:00,METAUSDT,B,0.00229,3.09
2026-06-11T13:45:00+00:00,QQQUSDT,B,0.00572,6.94
2026-06-11T13:45:00+00:00,SPYUSDT,B,0.00374,8.84
2026-06-11T14:00:00+00:00,AMDUSDT,A,-0.0149,7.93
2026-06-11T14:00:00+00:00,VELVETUSDT,B,0.03319,10.41
2026-06-11T14:15:00+00:00,CRVUSDT,B,0.01829,4.79
2026-06-11T14:30:00+00:00,CHZUSDT,B,0.03162,4.01
2026-06-11T14:30:00+00:00,NATGASUSDT,A,-0.00794,4.69
2026-06-11T14:45:00+00:00,CRVUSDT,A,-0.01328,6.35
2026-06-11T15:00:00+00:00,CHZUSDT,A,-0.01937,12.26
2026-06-11T15:00:00+00:00,MORPHOUSDT,A,-0.02725,3.2
2026-06-11T15:00:00+00:00,VELVETUSDT,A,-0.0502,8.42
2026-06-11T16:30:00+00:00,TRXUSDT,A,-0.01087,22.2
2026-06-11T17:15:00+00:00,XAUTUSDT,B,0.00622,4.56
2026-06-11T17:30:00+00:00,1000PEPEUSDT,B,0.01378,3.17
2026-06-11T17:30:00+00:00,AAPLUSDT,B,0.00263,3.25
2026-06-11T17:30:00+00:00,AMDUSDT,B,0.01688,4.01
2026-06-11T17:30:00+00:00,COINUSDT,B,0.02172,5.29
2026-06-11T17:30:00+00:00,DOTUSDT,B,0.01361,4.22
2026-06-11T17:30:00+00:00,ETCUSDT,B,0.02577,5.38
2026-06-11T17:30:00+00:00,INTCUSDT,B,0.01839,3.96
2026-06-11T17:30:00+00:00,MSTRUSDT,B,0.01746,3.58
2026-06-11T17:30:00+00:00,OPUSDT,B,0.0095,3.24
2026-06-11T17:30:00+00:00,PAXGUSDT,B,0.01522,13.06
2026-06-11T17:30:00+00:00,TSMUSDT,B,0.00705,4.39
2026-06-11T17:45:00+00:00,XAUTUSDT,A,-0.00387,5.14
2026-06-11T17:45:00+00:00,XMRUSDT,B,0.02685,7.09
2026-06-11T18:00:00+00:00,ARBUSDT,B,0.0165,37.86
2026-06-11T18:00:00+00:00,VELVETUSDT,B,0.08077,16.35
2026-06-11T18:45:00+00:00,TRXUSDT,B,0.00147,4.11
2026-06-11T19:00:00+00:00,ENAUSDT,B,0.00245,3.33
2026-06-11T19:00:00+00:00,MORPHOUSDT,B,0.02022,3.81
2026-06-11T19:15:00+00:00,BEATUSDT,B,0.02582,4.47
2026-06-11T19:15:00+00:00,VELVETUSDT,A,-0.05549,10.34
2026-06-11T19:30:00+00:00,SPYUSDT,B,0.00172,4.04
2026-06-11T21:00:00+00:00,EIGENUSDT,B,0.02674,4.63
2026-06-11T21:00:00+00:00,XPLUSDT,B,0.02078,4.66
2026-06-11T22:00:00+00:00,ESPORTSUSDT,B,0.10614,3.34
2026-06-11T22:00:00+00:00,VELVETUSDT,B,0.0356,7.14
2026-06-11T22:45:00+00:00,PAXGUSDT,B,0.00412,5.87
2026-06-11T22:45:00+00:00,TRXUSDT,B,0.0067,4.37
2026-06-11T22:45:00+00:00,XAUTUSDT,B,0.00392,3.23
2026-06-11T23:00:00+00:00,ESPORTSUSDT,A,-0.16247,6.92
2026-06-11T23:15:00+00:00,BEATUSDT,A,-0.07293,4.49
2026-06-11T23:30:00+00:00,AEROUSDT,B,0.02182,3.28
2026-06-11T23:30:00+00:00,XMRUSDT,B,0.01371,3.02
2026-06-12T00:00:00+00:00,BEATUSDT,B,0.00383,3.04
2026-06-12T00:00:00+00:00,EWYUSDT,B,0.00055,3.91
2026-06-12T00:15:00+00:00,XPLUSDT,A,-0.01366,5.34
2026-06-12T02:00:00+00:00,CRVUSDT,B,0.01047,4.96
2026-06-12T02:00:00+00:00,ESPORTSUSDT,B,0.11069,3.09
2026-06-12T02:00:00+00:00,VELVETUSDT,B,0.05202,4.18
2026-06-12T02:00:00+00:00,XPLUSDT,B,0.02716,3.29
2026-06-12T02:15:00+00:00,XMRUSDT,A,-0.03097,13.49
2026-06-12T02:30:00+00:00,SYNUSDT,B,0.00305,4.16
2026-06-12T02:45:00+00:00,VELVETUSDT,A,-0.1429,7.2
2026-06-12T03:30:00+00:00,XMRUSDT,B,0.00761,3.05
2026-06-12T04:30:00+00:00,BEATUSDT,A,-0.03933,5.83
2026-06-12T04:45:00+00:00,EPICUSDT,A,-0.20396,11.34
2026-06-12T05:00:00+00:00,EPICUSDT,B,0.00848,4.03
2026-06-12T05:00:00+00:00,XPLUSDT,A,-0.02241,5.79
2026-06-12T06:00:00+00:00,BEATUSDT,B,0.0117,3.31
2026-06-12T06:15:00+00:00,XPLUSDT,B,0.00909,4.4
2026-06-12T06:30:00+00:00,VELVETUSDT,B,0.06792,3.79
2026-06-12T07:00:00+00:00,TLMUSDT,A,-0.02441,36.33
2026-06-12T07:45:00+00:00,XMRUSDT,A,-0.01914,4.73
2026-06-12T08:00:00+00:00,MSTRUSDT,B,0.00741,3.42
2026-06-12T08:00:00+00:00,VELVETUSDT,A,-0.06546,5.17
2026-06-12T08:15:00+00:00,SPYUSDT,B,0.00108,3.66
2026-06-12T08:15:00+00:00,XMRUSDT,B,0.00823,4.09
2026-06-12T08:30:00+00:00,TRUMPUSDT,B,0.02803,6.14
2026-06-12T08:45:00+00:00,TRUMPUSDT,A,-0.01049,6.53
2026-06-12T09:00:00+00:00,AMDUSDT,B,0.02912,3.34
2026-06-12T09:15:00+00:00,WLFIUSDT,B,0.02344,10.94
2026-06-12T09:45:00+00:00,ESPORTSUSDT,B,0.13241,6.53
2026-06-12T09:45:00+00:00,XPLUSDT,A,-0.0194,6.41
2026-06-12T10:00:00+00:00,FARTCOINUSDT,B,0.01198,5.76
2026-06-12T10:30:00+00:00,VELVETUSDT,B,0.00938,3.65
2026-06-12T10:45:00+00:00,XPLUSDT,B,0.03787,6.29
2026-06-12T12:30:00+00:00,ENAUSDT,B,0.00782,3.2
2026-06-12T12:30:00+00:00,TRUMPUSDT,B,0.02002,6.84
2026-06-12T13:00:00+00:00,TRUMPUSDT,A,-0.01537,8.44
2026-06-12T13:30:00+00:00,AAPLUSDT,A,-0.01185,4.58
2026-06-12T13:30:00+00:00,AMDUSDT,B,0.00444,6.65
2026-06-12T13:30:00+00:00,AMZNUSDT,A,-0.03208,6.78
2026-06-12T13:30:00+00:00,ARBUSDT,A,-0.01728,3.39
2026-06-12T13:30:00+00:00,COINUSDT,A,-0.02889,6.03
2026-06-12T13:30:00+00:00,CRCLUSDT,A,-0.03864,4.99
2026-06-12T13:30:00+00:00,GOOGLUSDT,A,-0.01474,4.23
2026-06-12T13:30:00+00:00,HOODUSDT,A,-0.02606,11.3
2026-06-12T13:30:00+00:00,INTCUSDT,B,0.01344,5.7
2026-06-12T13:30:00+00:00,MSFTUSDT,A,-0.0225,4.34
2026-06-12T13:30:00+00:00,MSTRUSDT,A,-0.01667,5.78
2026-06-12T13:30:00+00:00,QQQUSDT,A,-0.0071,8.1
2026-06-12T13:30:00+00:00,SPYUSDT,A,-0.00651,7.83
2026-06-12T13:30:00+00:00,TSLAUSDT,A,-0.00875,8.32
2026-06-12T13:30:00+00:00,WLFIUSDT,A,-0.02012,3.39
2026-06-12T13:45:00+00:00,COINUSDT,B,0.01103,3.29
2026-06-12T13:45:00+00:00,ESPORTSUSDT,B,0.06334,4.53
2026-06-12T13:45:00+00:00,QQQUSDT,B,0.00192,3.27
2026-06-12T13:45:00+00:00,SPYUSDT,B,0.00118,7.14
2026-06-12T14:00:00+00:00,BEATUSDT,B,0.0966,3.29
2026-06-12T14:15:00+00:00,ETHFIUSDT,B,0.04982,5.68
2026-06-12T14:15:00+00:00,MSTRUSDT,B,0.0229,4.35
2026-06-12T14:15:00+00:00,XPLUSDT,A,-0.018,5.46
2026-06-12T14:30:00+00:00,1000PEPEUSDT,B,0.00166,3.61
2026-06-12T14:45:00+00:00,ESPORTSUSDT,A,-0.1428,6.41
2026-06-12T14:45:00+00:00,HOODUSDT,B,0.01912,3.45
2026-06-12T14:45:00+00:00,TSLAUSDT,B,0.0096,3.72
2026-06-12T14:45:00+00:00,XAUTUSDT,B,0.00448,3.37
2026-06-12T15:00:00+00:00,METAUSDT,B,0.00231,6.67
2026-06-12T15:00:00+00:00,MSFTUSDT,B,0.00229,8.35
2026-06-12T15:00:00+00:00,VELVETUSDT,A,-0.32763,21.98
2026-06-12T15:00:00+00:00,XPLUSDT,B,0.01253,7.52
2026-06-12T16:15:00+00:00,VELVETUSDT,B,0.06201,3.56
2026-06-12T16:30:00+00:00,RIFUSDT,B,0.00876,3.62
2026-06-12T17:00:00+00:00,TRUMPUSDT,B,0.00239,3.41
2026-06-12T18:00:00+00:00,BEATUSDT,B,0.04339,10.95
2026-06-12T18:15:00+00:00,TRUMPUSDT,A,-0.02441,4.81
2026-06-12T18:15:00+00:00,XMRUSDT,B,0.01224,3.06
2026-06-12T18:30:00+00:00,XPLUSDT,A,-0.04899,12.63
2026-06-12T18:45:00+00:00,PUMPUSDT,B,0.01256,4.99
2026-06-12T20:00:00+00:00,ESPORTSUSDT,B,0.08946,3.83
2026-06-12T20:30:00+00:00,ESPORTSUSDT,A,-0.16136,4.79
2026-06-12T21:00:00+00:00,TRUMPUSDT,B,0.0073,3.19
2026-06-12T22:00:00+00:00,VELVETUSDT,B,0.0759,4.25
2026-06-12T22:30:00+00:00,TRUMPUSDT,A,-0.01231,5.17
2026-06-13T00:00:00+00:00,RIFUSDT,B,0.03844,3.92
2026-06-13T01:00:00+00:00,RIFUSDT,A,-0.02801,6.88
2026-06-13T01:00:00+00:00,TRUMPUSDT,B,0.04514,13.34
2026-06-13T01:45:00+00:00,VVVUSDT,B,0.08001,3.81
2026-06-13T02:15:00+00:00,ESPORTSUSDT,A,-0.09653,5.31
2026-06-13T02:30:00+00:00,ESPORTSUSDT,B,0.109,4.43
2026-06-13T04:30:00+00:00,EPICUSDT,B,0.13336,3.77
2026-06-13T04:45:00+00:00,EPICUSDT,A,-0.07234,12.62
2026-06-13T04:45:00+00:00,TRUMPUSDT,A,-0.04021,8.07
2026-06-13T06:15:00+00:00,RIFUSDT,B,0.01341,3.56
2026-06-13T06:15:00+00:00,TRUMPUSDT,B,0.00136,4.43
2026-06-13T06:30:00+00:00,OPUSDT,B,0.00291,6.55
2026-06-13T06:45:00+00:00,VVVUSDT,B,0.03772,5.22
2026-06-13T07:15:00+00:00,ENAUSDT,B,0.03362,3.15
2026-06-13T07:15:00+00:00,INJUSDT,B,0.04715,3.73
2026-06-13T07:15:00+00:00,TAOUSDT,B,0.03775,6.78
2026-06-13T07:15:00+00:00,VANRYUSDT,B,0.02205,7.0
2026-06-13T07:15:00+00:00,VVVUSDT,A,-0.0326,8.09
2026-06-13T07:45:00+00:00,RIFUSDT,A,-0.01731,6.25
2026-06-13T08:00:00+00:00,AEROUSDT,B,0.01306,3.67
2026-06-13T08:00:00+00:00,DEXEUSDT,A,-0.15405,10.2
2026-06-13T08:15:00+00:00,DEXEUSDT,B,0.07147,6.89
2026-06-13T08:15:00+00:00,GWEIUSDT,B,0.00281,3.85
2026-06-13T09:30:00+00:00,ESPORTSUSDT,B,0.07179,6.2
2026-06-13T09:30:00+00:00,TLMUSDT,B,0.00948,20.41
2026-06-13T09:45:00+00:00,TLMUSDT,A,-0.03474,7.16
2026-06-13T10:00:00+00:00,BASEDUSDT,B,0.0288,3.07
2026-06-13T10:30:00+00:00,RIFUSDT,B,0.00154,11.63
2026-06-13T11:15:00+00:00,TRUMPUSDT,B,0.00861,3.28
2026-06-13T12:00:00+00:00,GWEIUSDT,A,-0.05911,6.99
2026-06-13T13:00:00+00:00,RIFUSDT,A,-0.0314,31.2
2026-06-13T13:15:00+00:00,GWEIUSDT,B,0.00593,3.92
2026-06-13T13:15:00+00:00,TAOUSDT,B,0.00368,3.01
2026-06-13T13:30:00+00:00,ESPORTSUSDT,B,0.11655,3.12
2026-06-13T14:00:00+00:00,OPUSDT,B,0.00999,3.28
2026-06-13T14:30:00+00:00,OPUSDT,A,-0.02099,4.23
2026-06-13T14:30:00+00:00,RIFUSDT,B,0.00387,25.48
2026-06-13T14:30:00+00:00,TAOUSDT,A,-0.00927,4.42
2026-06-13T14:45:00+00:00,XPLUSDT,B,0.03491,6.49
2026-06-13T16:15:00+00:00,SYNUSDT,B,0.02118,3.3
2026-06-13T16:45:00+00:00,PAXGUSDT,B,0.00015,3.21
2026-06-13T16:45:00+00:00,QQQUSDT,A,-0.0042,8.89
2026-06-13T16:45:00+00:00,SPYUSDT,A,-0.00306,7.42
2026-06-13T16:45:00+00:00,VVVUSDT,B,0.01703,3.12
2026-06-13T16:45:00+00:00,XAUTUSDT,B,0.00015,4.04
2026-06-13T17:15:00+00:00,TAOUSDT,B,0.02801,14.76
2026-06-13T18:30:00+00:00,RIFUSDT,B,0.00642,15.69
2026-06-13T18:30:00+00:00,TAOUSDT,A,-0.01446,6.36
2026-06-13T19:00:00+00:00,SYNUSDT,A,-0.0269,15.51
2026-06-13T19:45:00+00:00,RIFUSDT,A,-0.0507,22.78
2026-06-13T20:00:00+00:00,ESPORTSUSDT,B,0.05653,4.92
2026-06-13T20:45:00+00:00,SYNUSDT,B,0.02092,4.18
2026-06-13T21:30:00+00:00,TAOUSDT,B,0.03021,6.69
2026-06-13T22:00:00+00:00,KAITOUSDT,B,0.04063,9.55
2026-06-13T22:30:00+00:00,KAITOUSDT,A,-0.02119,5.03
2026-06-13T22:30:00+00:00,RIFUSDT,B,0.00278,18.76
2026-06-13T23:15:00+00:00,EIGENUSDT,B,0.02304,3.32
2026-06-14T00:45:00+00:00,TRUMPUSDT,A,-0.02488,6.1
2026-06-14T01:15:00+00:00,RIFUSDT,A,-0.03022,12.0
2026-06-14T01:45:00+00:00,ORDIUSDT,B,0.00455,7.45
2026-06-14T02:00:00+00:00,SYNUSDT,B,0.01414,3.69
2026-06-14T02:00:00+00:00,TAOUSDT,B,0.02152,3.51
2026-06-14T02:30:00+00:00,RIFUSDT,B,0.01785,5.34
2026-06-14T02:30:00+00:00,SYNUSDT,A,-0.01619,6.85
2026-06-14T03:15:00+00:00,EIGENUSDT,B,0.02667,3.55
2026-06-14T04:30:00+00:00,TSMUSDT,B,0.00858,4.87
2026-06-14T04:45:00+00:00,TRUMPUSDT,A,-0.0266,5.06
2026-06-14T06:30:00+00:00,SYNUSDT,B,0.00499,6.07
2026-06-14T07:00:00+00:00,SYNUSDT,A,-0.0299,15.08
2026-06-14T08:15:00+00:00,XPLUSDT,B,0.03896,5.78
2026-06-14T08:30:00+00:00,KAITOUSDT,A,-0.01838,35.52
2026-06-14T08:45:00+00:00,KAITOUSDT,B,0.02199,31.48
2026-06-14T09:30:00+00:00,EVAAUSDT,B,0.0309,7.57
2026-06-14T10:15:00+00:00,QQQUSDT,B,0.00308,6.22
2026-06-14T10:15:00+00:00,RIFUSDT,B,0.02314,3.75
2026-06-14T10:30:00+00:00,SYNUSDT,B,0.00821,3.71
2026-06-14T10:30:00+00:00,TAOUSDT,B,0.02164,4.69
2026-06-14T12:15:00+00:00,WLFIUSDT,B,0.01872,6.66
2026-06-14T12:45:00+00:00,PUMPUSDT,B,0.01582,5.07
2026-06-14T12:45:00+00:00,TLMUSDT,B,0.02726,4.73
2026-06-14T13:00:00+00:00,TLMUSDT,A,-0.02562,5.62
2026-06-14T14:30:00+00:00,CHZUSDT,A,-0.01668,3.69
2026-06-14T14:30:00+00:00,SYNUSDT,A,-0.03377,8.17
2026-06-14T14:45:00+00:00,EVAAUSDT,B,0.01464,6.38
2026-06-14T15:15:00+00:00,KAITOUSDT,B,0.01863,3.96
2026-06-14T17:30:00+00:00,TLMUSDT,A,-0.0197,2.0
2026-06-14T17:45:00+00:00,EVAAUSDT,A,-0.03028,102.04
2026-06-14T18:45:00+00:00,EVAAUSDT,B,0.02291,38.22
2026-06-14T19:15:00+00:00,VANRYUSDT,B,0.00787,3.2
2026-06-14T21:00:00+00:00,EIGENUSDT,B,0.01481,4.23
2026-06-14T21:15:00+00:00,ADAUSDT,B,0.0221,3.23
2026-06-14T21:15:00+00:00,TAOUSDT,B,0.02352,4.24
2026-06-14T21:15:00+00:00,XAUTUSDT,B,0.00358,3.29
2026-06-14T21:30:00+00:00,1000SHIBUSDT,B,0.00481,3.19
2026-06-14T21:30:00+00:00,RIFUSDT,B,0.10086,7.0
2026-06-14T21:45:00+00:00,EVAAUSDT,A,-0.1374,94.65
2026-06-14T21:45:00+00:00,PAXGUSDT,B,0.00312,3.52
2026-06-14T21:45:00+00:00,SPYUSDT,B,0.00141,7.07
2026-06-14T22:00:00+00:00,QQQUSDT,B,0.00119,6.81
2026-06-14T22:00:00+00:00,SPYUSDT,A,-0.00249,7.54
2026-06-14T22:00:00+00:00,TRXUSDT,B,0.00085,3.3
2026-06-14T22:45:00+00:00,EVAAUSDT,B,0.08949,63.94
2026-06-15T00:00:00+00:00,COINUSDT,B,0.0102,3.72
2026-06-15T00:00:00+00:00,CRVUSDT,B,0.01443,4.5
2026-06-15T00:00:00+00:00,HOODUSDT,B,0.0248,3.41
2026-06-15T01:45:00+00:00,TAOUSDT,B,0.01043,3.48
2026-06-15T02:15:00+00:00,TRXUSDT,B,0.00109,4.27
2026-06-15T02:30:00+00:00,EVAAUSDT,A,-0.03272,6.53
2026-06-15T02:45:00+00:00,EVAAUSDT,B,0.02346,4.74
2026-06-15T03:00:00+00:00,JUPUSDT,B,0.01139,3.96
2026-06-15T03:00:00+00:00,RIFUSDT,B,0.08142,6.07
2026-06-15T03:00:00+00:00,ZROUSDT,B,0.02504,5.95
2026-06-15T04:00:00+00:00,RIFUSDT,A,-0.05446,5.78
2026-06-15T06:00:00+00:00,AEROUSDT,B,0.0206,7.62
2026-06-15T06:00:00+00:00,QQQUSDT,B,0.00183,17.93
2026-06-15T06:15:00+00:00,1000SHIBUSDT,B,0.00219,7.74
2026-06-15T06:15:00+00:00,TAOUSDT,B,0.01986,6.4
2026-06-15T06:30:00+00:00,EIGENUSDT,B,0.00811,3.12
2026-06-15T06:30:00+00:00,EVAAUSDT,A,-0.0313,13.44
2026-06-15T07:00:00+00:00,EVAAUSDT,B,0.04477,8.76
2026-06-15T07:00:00+00:00,GWEIUSDT,A,-0.03743,7.44
2026-06-15T07:15:00+00:00,1000SHIBUSDT,A,-0.00711,4.17
2026-06-15T07:15:00+00:00,ZROUSDT,B,0.0066,3.55
2026-06-15T08:00:00+00:00,ETHFIUSDT,B,0.00921,4.2
2026-06-15T08:30:00+00:00,TAOUSDT,A,-0.03931,29.71
2026-06-15T09:00:00+00:00,KAITOUSDT,B,0.03431,3.34
2026-06-15T10:15:00+00:00,LTCUSDT,B,0.01804,5.9
2026-06-15T10:30:00+00:00,AEROUSDT,B,0.03336,5.91
2026-06-15T10:30:00+00:00,EVAAUSDT,A,-0.05017,18.53
2026-06-15T10:45:00+00:00,1000PEPEUSDT,B,0.00861,3.71
2026-06-15T10:45:00+00:00,AAVEUSDT,B,0.01077,3.74
2026-06-15T10:45:00+00:00,AVAXUSDT,B,0.0096,3.85
2026-06-15T10:45:00+00:00,ENAUSDT,B,0.02753,3.73
2026-06-15T10:45:00+00:00,INJUSDT,B,0.02715,4.05
2026-06-15T10:45:00+00:00,LDOUSDT,B,0.00293,3.24
2026-06-15T10:45:00+00:00,LINKUSDT,B,0.01177,5.05
2026-06-15T10:45:00+00:00,PENGUUSDT,B,0.02311,9.85
2026-06-15T11:15:00+00:00,EVAAUSDT,B,0.01621,11.15
2026-06-15T11:15:00+00:00,WLDUSDT,B,0.04108,5.95
2026-06-15T11:15:00+00:00,ZROUSDT,B,0.00454,3.18
2026-06-15T11:30:00+00:00,JTOUSDT,B,0.00993,3.1
2026-06-15T12:15:00+00:00,AEROUSDT,A,-0.01275,5.68
2026-06-15T12:30:00+00:00,BASEDUSDT,B,0.07462,7.64
2026-06-15T12:45:00+00:00,AMZNUSDT,B,4e-05,5.45
2026-06-15T12:45:00+00:00,BABAUSDT,B,0.00213,3.08
2026-06-15T12:45:00+00:00,BASEDUSDT,A,-0.02565,10.25
2026-06-15T12:45:00+00:00,TIAUSDT,B,0.02184,3.05
2026-06-15T13:00:00+00:00,1000BONKUSDT,B,0.02203,6.24
2026-06-15T13:00:00+00:00,EIGENUSDT,B,0.01209,4.3
2026-06-15T13:15:00+00:00,FARTCOINUSDT,B,0.0687,16.36
2026-06-15T13:15:00+00:00,JUPUSDT,B,0.02199,5.6
2026-06-15T13:15:00+00:00,MSTRUSDT,B,0.00641,4.09
2026-06-15T13:30:00+00:00,AAPLUSDT,B,0.00302,9.15
2026-06-15T13:30:00+00:00,AMDUSDT,B,0.03004,7.61
2026-06-15T13:30:00+00:00,CRCLUSDT,B,0.02086,9.58
2026-06-15T13:30:00+00:00,INTCUSDT,B,0.00988,6.36
2026-06-15T13:30:00+00:00,LITEUSDT,A,-0.01496,9.4
2026-06-15T13:30:00+00:00,METAUSDT,B,0.01496,4.01
2026-06-15T13:30:00+00:00,ORCLUSDT,B,0.01237,4.65
2026-06-15T13:30:00+00:00,PLTRUSDT,B,0.00814,3.56
2026-06-15T13:30:00+00:00,QQQUSDT,B,0.00196,4.99
2026-06-15T13:30:00+00:00,ZROUSDT,A,-0.01411,14.33
2026-06-15T13:45:00+00:00,COINUSDT,B,0.01095,4.61
2026-06-15T13:45:00+00:00,TSMUSDT,A,-0.00825,4.78
2026-06-15T14:00:00+00:00,CRCLUSDT,A,-0.02209,4.59
2026-06-15T14:00:00+00:00,LITEUSDT,B,0.0146,6.73
2026-06-15T14:00:00+00:00,WIFUSDT,B,0.00983,4.09
2026-06-15T14:30:00+00:00,AEROUSDT,B,0.02404,7.79
2026-06-15T15:15:00+00:00,EVAAUSDT,B,0.01374,8.25
2026-06-15T15:15:00+00:00,JTOUSDT,A,-0.03533,21.05
2026-06-15T15:15:00+00:00,ZROUSDT,B,0.00683,6.43
2026-06-15T15:30:00+00:00,JTOUSDT,B,0.03676,33.09
2026-06-15T15:45:00+00:00,LINKUSDT,B,0.00682,3.39
2026-06-15T16:00:00+00:00,ALGOUSDT,B,0.00933,8.22
2026-06-15T16:00:00+00:00,JUPUSDT,A,-0.0115,4.21
2026-06-15T16:00:00+00:00,LDOUSDT,B,0.00994,5.25
2026-06-15T16:15:00+00:00,TSMUSDT,B,0.00193,5.19
2026-06-15T16:45:00+00:00,SYNUSDT,B,0.04408,3.58
2026-06-15T17:15:00+00:00,FARTCOINUSDT,A,-0.01944,14.05
2026-06-15T17:45:00+00:00,1000PEPEUSDT,B,0.00947,4.21
2026-06-15T17:45:00+00:00,PENGUUSDT,B,0.00926,3.13
2026-06-15T17:45:00+00:00,SYNUSDT,A,-0.06415,9.71
2026-06-15T18:00:00+00:00,ETCUSDT,B,0.0116,5.35
2026-06-15T18:30:00+00:00,AEROUSDT,B,0.00904,3.94
2026-06-15T19:15:00+00:00,AEROUSDT,A,-0.01415,6.32
2026-06-15T19:15:00+00:00,VANRYUSDT,A,-0.01524,4.12
2026-06-15T19:30:00+00:00,FARTCOINUSDT,B,0.0384,5.22
2026-06-15T19:30:00+00:00,JTOUSDT,B,0.01065,3.85
2026-06-15T19:45:00+00:00,GOOGLUSDT,B,0.00014,3.25
2026-06-15T20:00:00+00:00,EVAAUSDT,B,0.01647,10.15
2026-06-15T20:15:00+00:00,EVAAUSDT,A,-0.03363,9.6
2026-06-15T20:45:00+00:00,ADAUSDT,A,-0.01474,5.98
2026-06-15T20:45:00+00:00,SYNUSDT,B,0.02462,6.7
2026-06-15T20:45:00+00:00,XMRUSDT,B,0.01809,4.75
2026-06-15T23:00:00+00:00,AEROUSDT,B,0.00211,3.84
2026-06-15T23:15:00+00:00,JTOUSDT,A,-0.02768,8.18
2026-06-15T23:15:00+00:00,ZROUSDT,B,0.0218,6.37
2026-06-15T23:45:00+00:00,JTOUSDT,B,0.01081,5.95
2026-06-16T00:00:00+00:00,EVAAUSDT,B,0.03097,4.06
2026-06-16T00:00:00+00:00,JUPUSDT,B,0.02197,4.71
2026-06-16T00:45:00+00:00,UNIUSDT,B,0.01123,3.93
2026-06-16T01:15:00+00:00,EVAAUSDT,A,-0.04264,6.8
2026-06-16T01:15:00+00:00,UNIUSDT,A,-0.02423,3.74
2026-06-16T01:30:00+00:00,BABAUSDT,A,-0.02072,11.9
2026-06-16T01:30:00+00:00,SYNUSDT,A,-0.0434,4.24
2026-06-16T03:00:00+00:00,SYNUSDT,B,0.03346,4.01
2026-06-16T03:45:00+00:00,JTOUSDT,A,-0.02321,5.5
2026-06-16T04:00:00+00:00,AEROUSDT,B,0.02121,7.29
2026-06-16T04:15:00+00:00,JTOUSDT,B,0.01162,3.12
2026-06-16T05:00:00+00:00,EIGENUSDT,B,0.01257,3.89
2026-06-16T05:00:00+00:00,ETHFIUSDT,B,0.00568,3.62
2026-06-16T05:15:00+00:00,EVAAUSDT,A,-0.15419,9.9
2026-06-16T05:30:00+00:00,ASTERUSDT,B,0.02888,4.12
2026-06-16T05:45:00+00:00,EVAAUSDT,B,0.00028,5.75
2026-06-16T05:45:00+00:00,SYNUSDT,A,-0.02516,4.34
2026-06-16T06:45:00+00:00,XAUTUSDT,B,0.00161,6.92
2026-06-16T07:00:00+00:00,JUPUSDT,B,0.01007,5.42
2026-06-16T07:00:00+00:00,SYNUSDT,B,0.01645,7.11
2026-06-16T07:30:00+00:00,WLDUSDT,B,0.04769,5.47
2026-06-16T08:15:00+00:00,WLFIUSDT,A,-0.01082,3.21
2026-06-16T09:30:00+00:00,JTOUSDT,B,0.0182,4.45
2026-06-16T10:00:00+00:00,AEROUSDT,B,0.01532,4.43
2026-06-16T10:00:00+00:00,HOODUSDT,B,0.03591,4.96
2026-06-16T10:15:00+00:00,UNIUSDT,B,0.02341,3.43
2026-06-16T12:45:00+00:00,JTOUSDT,A,-0.01648,4.0
2026-06-16T13:00:00+00:00,AEROUSDT,A,-0.0132,4.29
2026-06-16T13:00:00+00:00,UNIUSDT,A,-0.0114,3.81
2026-06-16T13:15:00+00:00,BNBUSDT,A,-0.00853,5.55
2026-06-16T13:30:00+00:00,AMDUSDT,A,-0.01169,6.88
2026-06-16T13:30:00+00:00,BABAUSDT,B,0.00794,4.45
2026-06-16T13:30:00+00:00,COINUSDT,B,0.01817,8.73
2026-06-16T13:30:00+00:00,HOODUSDT,A,-0.01087,12.44
2026-06-16T13:30:00+00:00,INTCUSDT,B,0.0111,6.39
2026-06-16T13:30:00+00:00,JTOUSDT,B,0.005,5.31
2026-06-16T13:30:00+00:00,LITEUSDT,A,-0.02318,10.9
2026-06-16T13:30:00+00:00,METAUSDT,B,0.0102,4.69
2026-06-16T13:30:00+00:00,MRVLUSDT,B,0.04033,6.09
2026-06-16T13:30:00+00:00,MSTRUSDT,B,0.01084,6.53
2026-06-16T13:30:00+00:00,ORCLUSDT,B,0.01064,4.42
2026-06-16T13:30:00+00:00,QQQUSDT,B,0.00028,5.67
2026-06-16T13:30:00+00:00,SPYUSDT,B,0.00053,3.58
2026-06-16T13:30:00+00:00,TSLAUSDT,B,0.01019,5.64
2026-06-16T13:45:00+00:00,TIAUSDT,B,0.01754,4.97
2026-06-16T13:45:00+00:00,XPLUSDT,B,0.00874,3.87
2026-06-16T14:00:00+00:00,CHZUSDT,B,0.00658,3.33
2026-06-16T14:00:00+00:00,GOOGLUSDT,B,0.00557,4.17
2026-06-16T14:15:00+00:00,DOTUSDT,A,-0.01782,4.92
2026-06-16T14:15:00+00:00,INTCUSDT,A,-0.02641,4.24
2026-06-16T14:30:00+00:00,AEROUSDT,B,0.0029,4.59
2026-06-16T14:30:00+00:00,BASEDUSDT,B,0.01744,3.18
2026-06-16T14:30:00+00:00,LITEUSDT,B,0.00445,3.74
2026-06-16T15:00:00+00:00,SYNUSDT,A,-0.04323,4.37
2026-06-16T15:00:00+00:00,ZBTUSDT,B,0.02589,4.33
2026-06-16T16:00:00+00:00,AAPLUSDT,B,0.00224,3.87
2026-06-16T16:00:00+00:00,AKEUSDT,B,0.03365,5.94
2026-06-16T16:15:00+00:00,UNIUSDT,B,0.00783,7.96
2026-06-16T16:45:00+00:00,AKEUSDT,A,-0.01091,4.57
2026-06-16T18:00:00+00:00,VANRYUSDT,B,0.00193,3.44
2026-06-16T18:15:00+00:00,AEROUSDT,A,-0.0318,15.55
2026-06-16T18:30:00+00:00,GOOGLUSDT,B,0.00158,4.68
2026-06-16T19:00:00+00:00,AEROUSDT,B,0.00382,19.75
2026-06-16T19:00:00+00:00,COINUSDT,B,0.00806,4.47
2026-06-16T19:00:00+00:00,ORDIUSDT,B,0.02518,3.61
2026-06-16T20:30:00+00:00,UNIUSDT,B,0.02105,5.91
2026-06-16T20:45:00+00:00,ZBTUSDT,B,0.0174,3.05
2026-06-16T21:00:00+00:00,INTCUSDT,B,0.00844,3.26
2026-06-16T23:45:00+00:00,BCHUSDT,A,-0.02835,4.38
2026-06-17T00:00:00+00:00,JUPUSDT,B,0.01809,3.86
2026-06-17T00:30:00+00:00,UNIUSDT,B,0.01636,4.75
2026-06-17T01:45:00+00:00,LDOUSDT,B,0.02442,3.62
2026-06-17T02:00:00+00:00,AKEUSDT,B,0.01741,7.26
2026-06-17T02:15:00+00:00,AEROUSDT,B,0.01957,3.43
2026-06-17T02:30:00+00:00,UNIUSDT,A,-0.01707,6.1
2026-06-17T02:45:00+00:00,WIFUSDT,B,0.02588,6.39
2026-06-17T04:30:00+00:00,TACUSDT,B,0.02931,4.49
2026-06-17T05:00:00+00:00,UNIUSDT,B,0.00902,6.22
2026-06-17T06:15:00+00:00,WIFUSDT,A,-0.01724,6.88
2026-06-17T06:30:00+00:00,AKEUSDT,B,0.03656,5.45
2026-06-17T06:30:00+00:00,ALGOUSDT,B,0.01765,7.22
2026-06-17T06:30:00+00:00,LDOUSDT,A,-0.01125,4.67
2026-06-17T07:00:00+00:00,KAITOUSDT,A,-0.00925,4.54
2026-06-17T07:00:00+00:00,LDOUSDT,B,0.02155,5.3
2026-06-17T07:45:00+00:00,PENDLEUSDT,B,0.01076,4.67
2026-06-17T07:45:00+00:00,SYNUSDT,B,0.07569,3.83
2026-06-17T07:45:00+00:00,UNIUSDT,A,-0.01006,5.54
2026-06-17T08:00:00+00:00,AKEUSDT,A,-0.04791,10.74
2026-06-17T08:45:00+00:00,AEROUSDT,B,0.01616,4.75
2026-06-17T08:45:00+00:00,TACUSDT,B,0.02076,5.33
2026-06-17T08:45:00+00:00,TIAUSDT,B,0.00632,3.14
2026-06-17T09:00:00+00:00,UNIUSDT,B,0.01809,4.53
2026-06-17T09:15:00+00:00,CRVUSDT,B,0.02203,3.86
2026-06-17T09:45:00+00:00,TACUSDT,A,-0.02721,15.84
2026-06-17T10:15:00+00:00,DEXEUSDT,A,-0.0946,6.11
2026-06-17T11:00:00+00:00,AEROUSDT,A,-0.01989,3.41
2026-06-17T11:00:00+00:00,LDOUSDT,A,-0.01625,8.57
2026-06-17T11:45:00+00:00,UNIUSDT,A,-0.02916,9.21
2026-06-17T12:00:00+00:00,ASTERUSDT,B,0.10794,39.31
2026-06-17T12:00:00+00:00,XPLUSDT,B,0.01168,3.18
2026-06-17T12:30:00+00:00,ASTERUSDT,A,-0.01935,20.91
2026-06-17T12:45:00+00:00,AEROUSDT,B,0.00946,3.25
2026-06-17T12:45:00+00:00,TACUSDT,B,0.01177,9.71
2026-06-17T13:15:00+00:00,BSBUSDT,B,0.1721,4.34
2026-06-17T13:30:00+00:00,AAPLUSDT,B,0.00216,7.37
2026-06-17T13:30:00+00:00,AMDUSDT,A,-0.01888,5.09
2026-06-17T13:30:00+00:00,AMZNUSDT,A,-0.0091,5.28
2026-06-17T13:30:00+00:00,COINUSDT,B,0.03065,8.08
2026-06-17T13:30:00+00:00,CRCLUSDT,B,0.02204,4.43
2026-06-17T13:30:00+00:00,HOODUSDT,B,0.0426,11.33
2026-06-17T13:30:00+00:00,INTCUSDT,A,-0.01059,5.73
2026-06-17T13:30:00+00:00,LITEUSDT,A,-0.00966,8.71
2026-06-17T13:30:00+00:00,METAUSDT,A,-0.00896,4.51
2026-06-17T13:30:00+00:00,MRVLUSDT,B,0.00734,5.35
2026-06-17T13:30:00+00:00,MSTRUSDT,B,0.01445,6.67
2026-06-17T13:30:00+00:00,ORCLUSDT,B,0.01584,3.64
2026-06-17T13:30:00+00:00,TSLAUSDT,B,0.00085,7.25
2026-06-17T13:30:00+00:00,TSMUSDT,B,0.00632,3.52
2026-06-17T13:45:00+00:00,TACUSDT,A,-0.00902,19.34
2026-06-17T14:00:00+00:00,DRAMUSDT,B,0.00859,3.7
2026-06-17T14:00:00+00:00,RKLBUSDT,B,0.01538,5.3
2026-06-17T14:15:00+00:00,INTCUSDT,B,0.01774,3.02
2026-06-17T14:30:00+00:00,ETHFIUSDT,B,0.03602,18.35
2026-06-17T14:45:00+00:00,ETHFIUSDT,A,-0.01187,5.91
2026-06-17T14:45:00+00:00,XPLUSDT,A,-0.02593,10.15
2026-06-17T15:00:00+00:00,WIFUSDT,B,0.01716,11.07
2026-06-17T15:15:00+00:00,APTUSDT,B,0.01773,3.32
2026-06-17T15:15:00+00:00,LITEUSDT,B,0.00775,3.05
2026-06-17T15:15:00+00:00,SYNUSDT,B,0.02791,3.1
2026-06-17T15:15:00+00:00,UNIUSDT,B,0.01292,3.68
2026-06-17T15:45:00+00:00,AEROUSDT,A,-0.02161,3.8
2026-06-17T16:00:00+00:00,ASTERUSDT,B,0.03831,14.09
2026-06-17T16:00:00+00:00,XPLUSDT,B,0.01258,13.7
2026-06-17T16:30:00+00:00,ASTERUSDT,A,-0.05621,23.42
2026-06-17T16:45:00+00:00,TACUSDT,B,0.02289,16.88
2026-06-17T17:15:00+00:00,CHZUSDT,B,0.00982,3.13
2026-06-17T17:30:00+00:00,XAUTUSDT,B,0.00325,3.44
2026-06-17T18:00:00+00:00,1000PEPEUSDT,A,-0.01855,5.25
2026-06-17T18:00:00+00:00,1000SHIBUSDT,A,-0.00758,5.1
2026-06-17T18:00:00+00:00,AAVEUSDT,A,-0.01907,3.12
2026-06-17T18:00:00+00:00,ADAUSDT,A,-0.01857,7.29
2026-06-17T18:00:00+00:00,AVAXUSDT,A,-0.01796,5.07
2026-06-17T18:00:00+00:00,CRCLUSDT,A,-0.01456,5.17
2026-06-17T18:00:00+00:00,CRVUSDT,A,-0.01283,4.66
2026-06-17T18:00:00+00:00,DOTUSDT,A,-0.01643,7.52
2026-06-17T18:00:00+00:00,DRAMUSDT,A,-0.01697,6.39
2026-06-17T18:00:00+00:00,FILUSDT,A,-0.01829,3.34
2026-06-17T18:00:00+00:00,HOODUSDT,A,-0.00762,6.38
2026-06-17T18:00:00+00:00,LDOUSDT,A,-0.02367,9.7
2026-06-17T18:00:00+00:00,LINKUSDT,A,-0.01385,5.86
2026-06-17T18:00:00+00:00,LITUSDT,A,-0.03371,4.52
2026-06-17T18:00:00+00:00,MSFTUSDT,A,-0.00616,4.65
2026-06-17T18:00:00+00:00,MSTRUSDT,A,-0.00894,5.17
2026-06-17T18:00:00+00:00,PAXGUSDT,A,-0.02064,18.54
2026-06-17T18:00:00+00:00,PENDLEUSDT,A,-0.0237,4.18
2026-06-17T18:00:00+00:00,QQQUSDT,A,-0.00715,7.53
2026-06-17T18:00:00+00:00,SPYUSDT,A,-0.00583,8.98
2026-06-17T18:00:00+00:00,VANRYUSDT,A,-0.01466,3.83
2026-06-17T18:00:00+00:00,XAUTUSDT,A,-0.02044,19.68
2026-06-17T18:30:00+00:00,AEROUSDT,B,0.03093,3.53
2026-06-17T18:30:00+00:00,COINUSDT,B,0.02154,3.33
2026-06-17T18:30:00+00:00,CRCLUSDT,B,0.03619,4.98
2026-06-17T18:30:00+00:00,DRAMUSDT,B,0.02864,6.58
2026-06-17T18:30:00+00:00,ETHFIUSDT,B,0.02281,4.01
2026-06-17T18:30:00+00:00,HOODUSDT,B,0.01114,5.69
2026-06-17T18:30:00+00:00,MSTRUSDT,B,0.01586,3.42
2026-06-17T18:30:00+00:00,PAXGUSDT,B,0.00732,17.09
2026-06-17T18:30:00+00:00,QQQUSDT,B,0.00898,4.52
2026-06-17T18:30:00+00:00,SPYUSDT,B,0.00501,8.64
2026-06-17T18:30:00+00:00,TACUSDT,A,-0.03202,15.72
2026-06-17T18:30:00+00:00,TSLAUSDT,B,0.00568,5.04
2026-06-17T18:45:00+00:00,LITEUSDT,A,-0.01089,5.26
2026-06-17T19:00:00+00:00,TIAUSDT,B,0.004,5.78
2026-06-17T19:15:00+00:00,ETHFIUSDT,A,-0.03497,17.23
2026-06-17T19:15:00+00:00,SYNUSDT,B,0.0729,30.39
2026-06-17T19:15:00+00:00,TIAUSDT,A,-0.0204,7.21
2026-06-17T19:15:00+00:00,XPLUSDT,A,-0.03532,6.04
2026-06-17T19:30:00+00:00,UNIUSDT,A,-0.01273,3.59
2026-06-17T19:45:00+00:00,LDOUSDT,B,0.00253,3.92
2026-06-17T20:15:00+00:00,AEROUSDT,A,-0.02303,3.75
2026-06-17T20:30:00+00:00,SYNUSDT,A,-0.03847,41.31
2026-06-17T20:45:00+00:00,TACUSDT,B,0.01463,5.22
2026-06-17T21:00:00+00:00,AAPLUSDT,B,0.00733,6.84
2026-06-17T22:15:00+00:00,XPLUSDT,B,0.0023,3.32
2026-06-17T22:30:00+00:00,ESPORTSUSDT,B,0.39949,6.0
2026-06-17T23:00:00+00:00,ESPORTSUSDT,A,-0.12397,8.3
2026-06-17T23:00:00+00:00,ETHFIUSDT,B,0.02974,3.99
2026-06-17T23:15:00+00:00,SYNUSDT,B,0.01923,7.56
2026-06-17T23:15:00+00:00,TACUSDT,A,-0.01202,8.29
2026-06-18T00:00:00+00:00,DRAMUSDT,B,0.01063,4.91
2026-06-18T00:00:00+00:00,SPYUSDT,B,0.00133,18.63
2026-06-18T00:30:00+00:00,SYNUSDT,A,-0.08347,5.38
2026-06-18T03:00:00+00:00,ESPORTSUSDT,B,0.17942,4.34
2026-06-18T03:15:00+00:00,ASTERUSDT,A,-0.03302,5.46
2026-06-18T03:45:00+00:00,SYNUSDT,B,0.00801,5.08
2026-06-18T04:00:00+00:00,APTUSDT,A,-0.01552,4.62
2026-06-18T04:30:00+00:00,INTCUSDT,B,0.02399,3.74
2026-06-18T04:45:00+00:00,LDOUSDT,B,0.0073,3.55
2026-06-18T04:45:00+00:00,SYNUSDT,A,-0.03892,5.55
2026-06-18T05:00:00+00:00,ETHFIUSDT,A,-0.02666,4.54
2026-06-18T05:45:00+00:00,DRAMUSDT,B,0.00443,3.27
2026-06-18T07:00:00+00:00,ESPORTSUSDT,B,0.00179,4.19
2026-06-18T07:45:00+00:00,SYNUSDT,B,0.02733,8.32
2026-06-18T08:00:00+00:00,BABAUSDT,B,0.0091,3.62
2026-06-18T08:15:00+00:00,PENDLEUSDT,B,0.01411,4.18
2026-06-18T09:15:00+00:00,ESPORTSUSDT,A,-0.14186,6.12
2026-06-18T09:45:00+00:00,OPUSDT,B,0.00925,4.9
2026-06-18T10:00:00+00:00,ATOMUSDT,A,-0.03278,6.14
2026-06-18T10:45:00+00:00,SYNUSDT,A,-0.0417,15.94
2026-06-18T11:15:00+00:00,HOMEUSDT,A,-0.09329,4.61
2026-06-18T11:30:00+00:00,ESPORTSUSDT,B,0.02492,3.52
2026-06-18T12:00:00+00:00,AEROUSDT,B,0.02633,5.22
2026-06-18T12:15:00+00:00,AKEUSDT,B,0.02076,4.35
2026-06-18T12:30:00+00:00,SYNUSDT,B,0.02549,11.88
2026-06-18T13:00:00+00:00,XAUTUSDT,B,0.00329,4.06
2026-06-18T13:15:00+00:00,ALGOUSDT,B,0.00392,3.79
2026-06-18T13:15:00+00:00,CRVUSDT,B,0.01738,4.37
2026-06-18T13:15:00+00:00,INTCUSDT,B,0.00418,5.36
2026-06-18T13:30:00+00:00,1000SHIBUSDT,A,-0.01736,4.38
2026-06-18T13:30:00+00:00,AAPLUSDT,A,-0.00291,8.36
2026-06-18T13:30:00+00:00,AEROUSDT,A,-0.04359,4.24
2026-06-18T13:30:00+00:00,AMZNUSDT,A,-0.01584,7.0
2026-06-18T13:30:00+00:00,COINUSDT,A,-0.0247,10.46
2026-06-18T13:30:00+00:00,CRCLUSDT,A,-0.03087,10.17
2026-06-18T13:30:00+00:00,DRAMUSDT,B,0.00106,8.36
2026-06-18T13:30:00+00:00,GOOGLUSDT,A,-0.01869,5.47
2026-06-18T13:30:00+00:00,HOODUSDT,A,-0.03925,15.28
2026-06-18T13:30:00+00:00,LITEUSDT,A,-0.01247,10.51
2026-06-18T13:30:00+00:00,METAUSDT,A,-0.01772,6.05
2026-06-18T13:30:00+00:00,MRVLUSDT,B,0.00533,5.54
2026-06-18T13:30:00+00:00,MSFTUSDT,A,-0.014,5.33
2026-06-18T13:30:00+00:00,MSTRUSDT,A,-0.03189,9.28
2026-06-18T13:30:00+00:00,ORCLUSDT,A,-0.02058,5.48
2026-06-18T13:30:00+00:00,PLTRUSDT,A,-0.02544,6.4
2026-06-18T13:30:00+00:00,QQQUSDT,A,-0.00617,4.54
2026-06-18T13:30:00+00:00,RKLBUSDT,A,-0.05423,10.79
2026-06-18T13:30:00+00:00,TSLAUSDT,A,-0.02701,15.57
2026-06-18T13:30:00+00:00,TSMUSDT,B,0.0174,3.65
2026-06-18T13:45:00+00:00,COINUSDT,B,0.0042,13.03
2026-06-18T13:45:00+00:00,CRCLUSDT,B,0.00573,3.9
2026-06-18T13:45:00+00:00,HOODUSDT,B,0.00809,5.72
2026-06-18T13:45:00+00:00,INTCUSDT,A,-0.02509,9.38
2026-06-18T13:45:00+00:00,QQQUSDT,B,0.00228,6.39
2026-06-18T13:45:00+00:00,SPYUSDT,B,0.00086,3.06
2026-06-18T13:45:00+00:00,TSLAUSDT,B,0.001,4.26
2026-06-18T14:00:00+00:00,CBRSUSDT,B,0.05943,8.7
2026-06-18T14:15:00+00:00,EWYUSDT,B,0.00606,5.13
2026-06-18T14:30:00+00:00,MSTRUSDT,B,0.0152,4.1
2026-06-18T15:00:00+00:00,AMZNUSDT,B,0.00654,5.16
2026-06-18T15:00:00+00:00,ESPORTSUSDT,A,-0.1538,5.15
2026-06-18T15:00:00+00:00,SYNUSDT,A,-0.03381,29.06
2026-06-18T15:15:00+00:00,1000BONKUSDT,A,-0.01617,4.16
2026-06-18T15:15:00+00:00,APTUSDT,A,-0.01582,4.93
2026-06-18T15:15:00+00:00,AVAXUSDT,A,-0.03,13.12
2026-06-18T15:15:00+00:00,DOTUSDT,A,-0.01233,4.25
2026-06-18T15:15:00+00:00,VANRYUSDT,A,-0.0128,5.25
2026-06-18T15:30:00+00:00,BCHUSDT,A,-0.04285,6.17
2026-06-18T15:30:00+00:00,CHZUSDT,A,-0.03227,5.32
2026-06-18T15:30:00+00:00,CRVUSDT,A,-0.02025,6.1
2026-06-18T15:30:00+00:00,ETCUSDT,A,-0.01269,6.48
2026-06-18T15:30:00+00:00,FILUSDT,A,-0.02182,3.69
2026-06-18T15:30:00+00:00,ICPUSDT,A,-0.02365,4.94
2026-06-18T15:30:00+00:00,LDOUSDT,A,-0.02435,7.82
2026-06-18T15:30:00+00:00,OPUSDT,A,-0.02619,4.05
2026-06-18T15:30:00+00:00,PENDLEUSDT,A,-0.02584,4.82
2026-06-18T15:45:00+00:00,AAVEUSDT,A,-0.00867,2.65
2026-06-18T15:45:00+00:00,AKEUSDT,A,-0.02687,6.37
2026-06-18T15:45:00+00:00,ASTERUSDT,A,-0.02547,5.65
2026-06-18T15:45:00+00:00,BCHUSDT,B,0.00319,3.91
2026-06-18T16:00:00+00:00,AVAXUSDT,B,0.01106,3.44
2026-06-18T16:00:00+00:00,LITEUSDT,B,0.00166,3.72
2026-06-18T16:00:00+00:00,TACUSDT,B,0.05487,6.28
2026-06-18T17:00:00+00:00,SYNUSDT,B,0.03378,10.49
2026-06-18T17:00:00+00:00,VELVETUSDT,B,0.06037,4.37
2026-06-18T18:45:00+00:00,TSMUSDT,B,0.00187,7.63
2026-06-18T19:00:00+00:00,SYNUSDT,A,-0.03444,8.59
2026-06-18T19:30:00+00:00,MSTRUSDT,B,0.01499,3.49
2026-06-18T19:45:00+00:00,AAPLUSDT,B,0.00081,4.7
2026-06-18T19:45:00+00:00,AMZNUSDT,B,0.00431,4.87
2026-06-18T19:45:00+00:00,COINUSDT,B,0.0008,4.45
2026-06-18T19:45:00+00:00,CRCLUSDT,B,0.00766,3.64
2026-06-18T19:45:00+00:00,METAUSDT,B,0.00363,3.64
2026-06-18T19:45:00+00:00,MRVLUSDT,A,-0.04822,5.24
2026-06-18T19:45:00+00:00,RKLBUSDT,B,0.00393,3.48
2026-06-18T19:45:00+00:00,TSLAUSDT,B,0.00449,3.91
2026-06-18T20:00:00+00:00,EIGENUSDT,B,0.02726,3.05
2026-06-18T20:00:00+00:00,ZROUSDT,B,0.016,10.77
2026-06-18T20:45:00+00:00,BASEDUSDT,B,0.02595,3.45
2026-06-18T21:00:00+00:00,BASEDUSDT,A,-0.03409,6.82
2026-06-18T21:45:00+00:00,SYNUSDT,B,0.01673,5.79
2026-06-19T01:00:00+00:00,SYNUSDT,A,-0.09107,8.47
2026-06-19T01:15:00+00:00,BASEDUSDT,B,0.03593,6.1
2026-06-19T01:45:00+00:00,SYNUSDT,B,0.00873,3.33
2026-06-19T02:00:00+00:00,LDOUSDT,B,0.01253,13.89
2026-06-19T02:00:00+00:00,MORPHOUSDT,B,0.00061,4.35
2026-06-19T02:45:00+00:00,TSMUSDT,B,0.0007,3.71
2026-06-19T03:15:00+00:00,1000PEPEUSDT,A,-0.00595,5.15
2026-06-19T03:15:00+00:00,AVAXUSDT,A,-0.00897,8.41
2026-06-19T03:15:00+00:00,BASEDUSDT,A,-0.06529,28.97
2026-06-19T03:15:00+00:00,PENGUUSDT,A,-0.01529,13.06
2026-06-19T05:15:00+00:00,BASEDUSDT,B,0.01481,5.01
2026-06-19T07:00:00+00:00,HEIUSDT,B,0.04573,3.37
2026-06-19T07:00:00+00:00,SYNUSDT,B,0.0554,4.73
2026-06-19T07:45:00+00:00,TIAUSDT,B,0.0045,5.69
2026-06-19T08:30:00+00:00,BASEDUSDT,A,-0.02767,4.46
2026-06-19T10:15:00+00:00,BASEDUSDT,B,0.01905,3.37
2026-06-19T11:00:00+00:00,SYNUSDT,B,0.07114,5.67
2026-06-19T11:15:00+00:00,TLMUSDT,B,0.0295,3.19
2026-06-19T11:30:00+00:00,TLMUSDT,A,-0.02865,2.66
2026-06-19T12:00:00+00:00,ETCUSDT,B,0.01093,3.58
2026-06-19T12:00:00+00:00,KAITOUSDT,A,-0.01065,3.27
2026-06-19T12:45:00+00:00,PUMPUSDT,B,0.0095,3.47
2026-06-19T13:00:00+00:00,HEIUSDT,B,0.08903,5.16
2026-06-19T13:30:00+00:00,UBUSDT,A,-0.13419,4.53
2026-06-19T14:00:00+00:00,HEIUSDT,A,-0.14038,6.44
2026-06-19T15:30:00+00:00,AEROUSDT,B,0.04139,7.54
2026-06-19T16:00:00+00:00,BASEDUSDT,B,0.01916,3.57
2026-06-19T16:30:00+00:00,ETCUSDT,B,0.00931,3.9
2026-06-19T16:30:00+00:00,ORDIUSDT,B,0.01115,5.01
2026-06-19T16:45:00+00:00,ETCUSDT,A,-0.02358,5.7
2026-06-19T17:15:00+00:00,ORDIUSDT,A,-0.01456,7.01
2026-06-19T17:45:00+00:00,AVAXUSDT,A,-0.01949,5.63
2026-06-19T18:45:00+00:00,AVAXUSDT,B,0.02195,7.74
2026-06-19T18:45:00+00:00,BSBUSDT,B,0.14735,3.95
2026-06-19T19:15:00+00:00,BSBUSDT,A,-0.30233,5.61
2026-06-19T22:30:00+00:00,EIGENUSDT,B,0.03721,9.78
2026-06-20T00:00:00+00:00,MSTRUSDT,B,0.00935,4.21
2026-06-20T00:45:00+00:00,EIGENUSDT,A,-0.04251,8.86
2026-06-20T00:45:00+00:00,SYNUSDT,B,0.05182,4.52
2026-06-20T01:30:00+00:00,KITEUSDT,A,-0.03724,7.0
2026-06-20T02:30:00+00:00,EIGENUSDT,B,0.01811,10.84
2026-06-20T02:30:00+00:00,JUPUSDT,B,0.03011,5.69
2026-06-20T06:45:00+00:00,AVAXUSDT,A,-0.00852,7.28
2026-06-20T07:00:00+00:00,AVAXUSDT,B,0.01331,8.46
2026-06-20T07:00:00+00:00,EIGENUSDT,A,-0.02245,5.54
2026-06-20T07:45:00+00:00,EIGENUSDT,B,0.00187,3.79
2026-06-20T10:00:00+00:00,SYNUSDT,B,0.10201,5.96
2026-06-20T10:30:00+00:00,VANRYUSDT,B,0.00433,4.01
2026-06-20T11:00:00+00:00,VANRYUSDT,A,-0.00735,6.94
2026-06-20T11:30:00+00:00,AKEUSDT,B,0.06161,8.57
2026-06-20T12:00:00+00:00,AKEUSDT,A,-0.01585,7.8
2026-06-20T13:45:00+00:00,TLMUSDT,B,0.02258,5.04
2026-06-20T13:45:00+00:00,WIFUSDT,B,0.01119,5.59
2026-06-20T14:00:00+00:00,EIGENUSDT,A,-0.04295,15.51
2026-06-20T14:00:00+00:00,WIFUSDT,A,-0.02397,4.32
2026-06-20T14:15:00+00:00,TLMUSDT,A,-0.01857,1.95
2026-06-20T14:30:00+00:00,VANRYUSDT,B,0.01517,3.15
2026-06-20T14:45:00+00:00,EIGENUSDT,B,0.01496,3.94
2026-06-20T14:45:00+00:00,ORDIUSDT,B,0.02317,3.51
2026-06-20T15:00:00+00:00,AEROUSDT,B,0.03546,12.03
2026-06-20T15:00:00+00:00,JUPUSDT,B,0.00986,3.93
2026-06-20T15:00:00+00:00,VANRYUSDT,A,-0.00947,12.76
2026-06-20T15:30:00+00:00,AKEUSDT,B,0.00122,3.66
2026-06-20T16:00:00+00:00,AKEUSDT,A,-0.02635,5.28
2026-06-20T18:15:00+00:00,TLMUSDT,B,0.01864,4.22
2026-06-20T19:45:00+00:00,VANRYUSDT,A,-0.01144,3.98
2026-06-20T20:45:00+00:00,AKEUSDT,B,0.01768,3.88
2026-06-20T22:00:00+00:00,JUPUSDT,B,0.01544,6.03
2026-06-21T01:15:00+00:00,AKEUSDT,B,0.01695,5.33
2026-06-21T01:45:00+00:00,EIGENUSDT,B,0.00114,5.49
2026-06-21T02:45:00+00:00,AKEUSDT,A,-0.06304,26.44
2026-06-21T03:45:00+00:00,JUPUSDT,B,0.00091,3.05
2026-06-21T04:30:00+00:00,PENDLEUSDT,B,0.01852,3.79
2026-06-21T05:45:00+00:00,KITEUSDT,B,0.01985,3.94
2026-06-21T07:15:00+00:00,AEROUSDT,A,-0.01724,4.24
2026-06-21T07:30:00+00:00,AKEUSDT,A,-0.03752,5.76
2026-06-21T07:30:00+00:00,EIGENUSDT,B,0.0135,3.3
2026-06-21T08:00:00+00:00,PUMPUSDT,B,0.01491,3.16
2026-06-21T10:15:00+00:00,EIGENUSDT,A,-0.02866,8.61
2026-06-21T12:15:00+00:00,TRUMPUSDT,B,0.05229,7.27
2026-06-21T12:30:00+00:00,TRUMPUSDT,A,-0.02181,9.67
2026-06-21T12:30:00+00:00,VANRYUSDT,B,0.00623,3.12
2026-06-21T12:45:00+00:00,UBUSDT,A,-0.02218,8.2
2026-06-21T14:00:00+00:00,JUPUSDT,B,0.00671,3.64
2026-06-21T14:30:00+00:00,JUPUSDT,A,-0.01378,5.94
2026-06-21T15:15:00+00:00,WLDUSDT,B,0.03294,3.39
2026-06-21T16:15:00+00:00,UBUSDT,B,0.03421,3.77
2026-06-21T16:30:00+00:00,EIGENUSDT,B,0.01658,16.15
2026-06-21T16:45:00+00:00,EIGENUSDT,A,-0.04268,15.14
2026-06-21T18:45:00+00:00,SYNUSDT,B,0.04457,4.02
2026-06-21T21:00:00+00:00,SUIUSDT,A,-0.01189,5.01
2026-06-21T22:00:00+00:00,NATGASUSDT,B,0.01838,4.92
2026-06-21T22:30:00+00:00,ETHFIUSDT,A,-0.01615,4.58
2026-06-21T23:45:00+00:00,DRAMUSDT,A,-0.01505,4.62
2026-06-22T00:00:00+00:00,AAPLUSDT,B,0.00793,5.13
2026-06-22T00:00:00+00:00,AMZNUSDT,B,0.0048,3.73
2026-06-22T00:00:00+00:00,EWYUSDT,A,-0.01565,5.19
2026-06-22T00:00:00+00:00,QQQUSDT,B,0.00306,6.69
2026-06-22T00:00:00+00:00,SPYUSDT,B,0.00238,3.15
2026-06-22T00:00:00+00:00,UBUSDT,B,0.03791,3.69
2026-06-22T00:15:00+00:00,DRAMUSDT,B,0.01125,3.07
2026-06-22T00:30:00+00:00,INTCUSDT,B,0.02804,3.8
2026-06-22T01:00:00+00:00,PAXGUSDT,B,0.00288,3.62
2026-06-22T01:00:00+00:00,XAUTUSDT,B,0.00254,3.06
2026-06-22T01:15:00+00:00,BABAUSDT,A,-0.00956,4.74
2026-06-22T01:30:00+00:00,EIGENUSDT,B,0.0216,5.73
2026-06-22T01:30:00+00:00,SYNUSDT,B,0.09256,6.36
2026-06-22T02:30:00+00:00,BABAUSDT,B,0.00655,3.81
2026-06-22T04:45:00+00:00,AKEUSDT,A,-0.08085,12.49
2026-06-22T04:45:00+00:00,UBUSDT,B,0.06209,7.06
2026-06-22T05:00:00+00:00,DRAMUSDT,B,0.00499,4.0
2026-06-22T06:15:00+00:00,EIGENUSDT,B,0.00517,4.93
2026-06-22T06:30:00+00:00,UBUSDT,A,-0.02575,4.69
2026-06-22T07:00:00+00:00,SYNUSDT,B,0.04302,4.6
2026-06-22T08:15:00+00:00,DEXEUSDT,B,0.05898,4.31
2026-06-22T09:00:00+00:00,UBUSDT,B,0.03416,5.79
2026-06-22T10:30:00+00:00,SYNUSDT,A,-0.08917,15.36
2026-06-22T10:30:00+00:00,UBUSDT,A,-0.06615,9.34
2026-06-22T11:00:00+00:00,DRAMUSDT,B,0.00289,3.51
2026-06-22T11:00:00+00:00,HOODUSDT,A,-0.01784,17.7
2026-06-22T11:00:00+00:00,SUIUSDT,B,0.01617,4.26
2026-06-22T11:00:00+00:00,SYNUSDT,B,0.03064,7.29
2026-06-22T12:00:00+00:00,MSTRUSDT,B,0.00963,4.62
2026-06-22T12:45:00+00:00,AEROUSDT,B,0.01691,3.47
2026-06-22T12:45:00+00:00,DEXEUSDT,B,0.02613,3.51
2026-06-22T12:45:00+00:00,ZROUSDT,B,0.03884,5.99
2026-06-22T13:15:00+00:00,HOODUSDT,B,0.00803,4.45
2026-06-22T13:30:00+00:00,AAPLUSDT,B,0.01347,7.55
2026-06-22T13:30:00+00:00,AMDUSDT,A,-0.00711,4.65
2026-06-22T13:30:00+00:00,AMZNUSDT,B,0.00054,3.56
2026-06-22T13:30:00+00:00,CBRSUSDT,A,-0.02942,8.22
2026-06-22T13:30:00+00:00,COINUSDT,B,0.05067,10.3
2026-06-22T13:30:00+00:00,CRCLUSDT,B,0.03026,11.05
2026-06-22T13:30:00+00:00,DRAMUSDT,A,-0.01265,11.84
2026-06-22T13:30:00+00:00,GOOGLUSDT,A,-0.00944,6.32
2026-06-22T13:30:00+00:00,INTCUSDT,A,-0.01657,7.38
2026-06-22T13:30:00+00:00,JUPUSDT,B,0.00658,3.67
2026-06-22T13:30:00+00:00,LITEUSDT,A,-0.024,8.48
2026-06-22T13:30:00+00:00,METAUSDT,B,0.00323,3.23
2026-06-22T13:30:00+00:00,MRVLUSDT,A,-0.04206,6.92
2026-06-22T13:30:00+00:00,MSFTUSDT,B,0.00911,7.94
2026-06-22T13:30:00+00:00,NVDAUSDT,B,0.00478,8.73
2026-06-22T13:30:00+00:00,PLTRUSDT,B,0.01914,5.04
2026-06-22T13:30:00+00:00,RKLBUSDT,A,-0.03521,6.85
2026-06-22T13:30:00+00:00,TSLAUSDT,B,0.02011,10.65
2026-06-22T13:30:00+00:00,TSMUSDT,A,-0.0182,11.94
2026-06-22T13:45:00+00:00,AMDUSDT,B,0.03024,4.81
2026-06-22T13:45:00+00:00,CBRSUSDT,B,0.04068,5.19
2026-06-22T13:45:00+00:00,INTCUSDT,B,0.0062,7.46
2026-06-22T13:45:00+00:00,LITEUSDT,B,0.01012,7.25
2026-06-22T13:45:00+00:00,MRVLUSDT,B,0.02317,4.71
2026-06-22T14:00:00+00:00,COINUSDT,A,-0.01621,7.38
2026-06-22T14:00:00+00:00,CRCLUSDT,A,-0.02816,5.04
2026-06-22T14:00:00+00:00,MSFTUSDT,A,-0.00608,4.37
2026-06-22T14:00:00+00:00,MSTRUSDT,A,-0.01733,5.09
2026-06-22T14:15:00+00:00,AKEUSDT,A,-0.04285,7.05
2026-06-22T14:15:00+00:00,AMZNUSDT,A,-0.00928,15.83
2026-06-22T14:30:00+00:00,JUPUSDT,A,-0.02369,13.19
2026-06-22T14:30:00+00:00,SYNUSDT,A,-0.07175,8.54
2026-06-22T14:45:00+00:00,QQQUSDT,B,0.00057,3.17
2026-06-22T15:00:00+00:00,SYNUSDT,B,0.02252,6.64
2026-06-22T15:15:00+00:00,GOOGLUSDT,B,0.00239,18.03
2026-06-22T15:15:00+00:00,UBUSDT,B,0.00381,4.87
2026-06-22T15:30:00+00:00,DRAMUSDT,B,0.00163,7.34
2026-06-22T15:45:00+00:00,BABAUSDT,A,-0.00564,5.71
2026-06-22T15:45:00+00:00,EIGENUSDT,A,-0.02679,4.46
2026-06-22T15:45:00+00:00,TRXUSDT,A,-0.00555,8.68
2026-06-22T16:15:00+00:00,1000SHIBUSDT,B,0.003,3.47
2026-06-22T19:00:00+00:00,SYNUSDT,B,0.03728,7.99
2026-06-22T19:00:00+00:00,TSLAUSDT,B,0.00081,3.56
2026-06-22T19:15:00+00:00,AEROUSDT,B,0.02517,4.47
2026-06-22T19:45:00+00:00,DEXEUSDT,B,0.0089,4.56
2026-06-22T20:00:00+00:00,DRAMUSDT,B,0.00347,4.59
2026-06-22T20:00:00+00:00,MSTRUSDT,B,0.01105,7.35
2026-06-22T21:30:00+00:00,TLMUSDT,B,0.02245,13.3
2026-06-22T21:45:00+00:00,TLMUSDT,A,-0.01281,5.23
2026-06-22T23:00:00+00:00,SYNUSDT,A,-0.04878,5.3
2026-06-22T23:15:00+00:00,SYNUSDT,B,0.01906,4.78
2026-06-23T00:00:00+00:00,DEXEUSDT,B,0.21359,31.07
2026-06-23T00:00:00+00:00,DRAMUSDT,A,-0.01193,4.16
2026-06-23T00:15:00+00:00,BCHUSDT,A,-0.01083,7.35
2026-06-23T00:15:00+00:00,DEXEUSDT,A,-0.03022,8.42
2026-06-23T00:30:00+00:00,DRAMUSDT,B,0.01088,5.66
2026-06-23T01:30:00+00:00,BABAUSDT,A,-0.00361,8.25
2026-06-23T01:45:00+00:00,EWYUSDT,A,-0.01108,5.05
2026-06-23T02:00:00+00:00,JUPUSDT,B,0.01313,4.94
2026-06-23T04:45:00+00:00,DEXEUSDT,B,0.00045,4.04
2026-06-23T05:15:00+00:00,DRAMUSDT,A,-0.00939,5.67
2026-06-23T06:00:00+00:00,EWYUSDT,A,-0.01536,4.69
2026-06-23T06:00:00+00:00,SYNUSDT,B,0.06797,3.15
2026-06-23T06:15:00+00:00,1000BONKUSDT,A,-0.01858,6.87
2026-06-23T06:15:00+00:00,1000SHIBUSDT,A,-0.01131,9.97
2026-06-23T06:15:00+00:00,AAVEUSDT,A,-0.01871,3.42
2026-06-23T06:15:00+00:00,ADAUSDT,A,-0.01467,5.95
2026-06-23T06:15:00+00:00,AVAXUSDT,A,-0.01804,6.53
2026-06-23T06:15:00+00:00,CHZUSDT,A,-0.02442,4.18
2026-06-23T06:15:00+00:00,DOTUSDT,A,-0.01189,5.2
2026-06-23T06:15:00+00:00,ETHFIUSDT,A,-0.02049,6.68
2026-06-23T06:15:00+00:00,FETUSDT,A,-0.02458,4.58
2026-06-23T06:15:00+00:00,LDOUSDT,A,-0.01102,4.92
2026-06-23T06:15:00+00:00,LINKUSDT,A,-0.01539,7.28
2026-06-23T06:15:00+00:00,OPUSDT,A,-0.01798,6.08
2026-06-23T06:15:00+00:00,SUIUSDT,A,-0.02006,9.99
2026-06-23T06:15:00+00:00,VANRYUSDT,A,-0.02733,9.03
2026-06-23T06:15:00+00:00,WIFUSDT,A,-0.01481,4.47
2026-06-23T06:30:00+00:00,DRAMUSDT,B,0.01568,5.97
2026-06-23T06:30:00+00:00,EWYUSDT,B,0.00429,3.05
2026-06-23T06:30:00+00:00,VANRYUSDT,B,0.00063,3.81
2026-06-23T07:30:00+00:00,DEXEUSDT,A,-0.03301,11.42
2026-06-23T08:00:00+00:00,KITEUSDT,B,0.01882,3.48
2026-06-23T08:00:00+00:00,MSTRUSDT,B,0.00141,3.02
2026-06-23T08:15:00+00:00,1000PEPEUSDT,A,-0.01781,4.96
2026-06-23T08:15:00+00:00,APTUSDT,A,-0.02612,5.19
2026-06-23T08:15:00+00:00,ARBUSDT,A,-0.02505,5.23
2026-06-23T08:15:00+00:00,ENAUSDT,A,-0.02415,4.75
2026-06-23T08:15:00+00:00,ETCUSDT,A,-0.01268,4.57
2026-06-23T08:15:00+00:00,FILUSDT,A,-0.03259,5.68
2026-06-23T08:15:00+00:00,GOOGLUSDT,A,-0.00455,10.28
2026-06-23T08:15:00+00:00,ICPUSDT,A,-0.02154,4.28
2026-06-23T08:15:00+00:00,JUPUSDT,A,-0.0322,7.61
2026-06-23T08:15:00+00:00,LTCUSDT,A,-0.01259,5.73
2026-06-23T08:15:00+00:00,TLMUSDT,A,-0.03459,4.05
2026-06-23T08:30:00+00:00,GOOGLUSDT,B,0.00419,3.8
2026-06-23T08:45:00+00:00,DEXEUSDT,B,0.00129,4.47
2026-06-23T12:00:00+00:00,1000SHIBUSDT,B,0.01283,11.82
2026-06-23T12:00:00+00:00,ALGOUSDT,B,0.02176,4.01
2026-06-23T12:45:00+00:00,DEXEUSDT,B,0.00303,10.43
2026-06-23T12:45:00+00:00,ORCLUSDT,A,-0.01273,5.03
2026-06-23T12:45:00+00:00,XMRUSDT,A,-0.02573,3.75
2026-06-23T13:00:00+00:00,AMZNUSDT,B,0.00666,3.15
2026-06-23T13:00:00+00:00,DRAMUSDT,A,-0.00752,6.2
2026-06-23T13:00:00+00:00,GWEIUSDT,B,0.04113,3.33
2026-06-23T13:15:00+00:00,AAPLUSDT,B,0.00601,3.94
2026-06-23T13:15:00+00:00,DEXEUSDT,A,-0.0505,18.03
2026-06-23T13:15:00+00:00,HOODUSDT,B,0.02458,6.34
2026-06-23T13:15:00+00:00,MSTRUSDT,B,0.01015,4.84
2026-06-23T13:15:00+00:00,ORCLUSDT,B,0.00694,3.81
2026-06-23T13:30:00+00:00,AMDUSDT,B,0.00837,5.07
2026-06-23T13:30:00+00:00,COINUSDT,B,0.02776,9.55
2026-06-23T13:30:00+00:00,CRCLUSDT,B,0.00603,7.72
2026-06-23T13:30:00+00:00,DRAMUSDT,B,0.00473,16.88
2026-06-23T13:30:00+00:00,EWYUSDT,B,0.00882,3.68
2026-06-23T13:30:00+00:00,GOOGLUSDT,B,0.02031,4.79
2026-06-23T13:30:00+00:00,INTCUSDT,B,0.02004,6.16
2026-06-23T13:30:00+00:00,JUPUSDT,B,0.01202,4.52
2026-06-23T13:30:00+00:00,LITEUSDT,A,-0.00968,8.69
2026-06-23T13:30:00+00:00,METAUSDT,B,0.01244,4.31
2026-06-23T13:30:00+00:00,MRVLUSDT,B,0.00122,4.27
2026-06-23T13:30:00+00:00,MSFTUSDT,B,0.00633,5.0
2026-06-23T13:30:00+00:00,QQQUSDT,B,0.00161,3.8
2026-06-23T13:30:00+00:00,RKLBUSDT,B,0.02726,5.85
2026-06-23T13:30:00+00:00,TSLAUSDT,A,-0.01103,4.8
2026-06-23T13:30:00+00:00,TSMUSDT,B,0.00352,5.58
2026-06-23T13:45:00+00:00,CBRSUSDT,B,0.0346,3.39
2026-06-23T13:45:00+00:00,LITEUSDT,B,0.02913,4.73
2026-06-23T13:45:00+00:00,TSLAUSDT,B,0.00361,8.45
2026-06-23T13:45:00+00:00,XAUTUSDT,B,0.00246,4.69
2026-06-23T14:00:00+00:00,AVAXUSDT,B,0.01497,4.1
2026-06-23T14:15:00+00:00,UBUSDT,B,0.0283,3.54
2026-06-23T14:45:00+00:00,LTCUSDT,A,-0.01595,8.65
2026-06-23T14:45:00+00:00,SYNUSDT,B,0.01492,3.14
2026-06-23T15:00:00+00:00,MORPHOUSDT,A,-0.01591,3.61
2026-06-23T15:15:00+00:00,ALGOUSDT,A,-0.01919,5.23
2026-06-23T15:30:00+00:00,LINKUSDT,B,0.00754,9.23
2026-06-23T16:30:00+00:00,HOODUSDT,A,-0.01275,6.74
2026-06-23T16:45:00+00:00,BASEDUSDT,B,0.03453,6.51
2026-06-23T16:45:00+00:00,DEXEUSDT,B,0.00796,3.64
2026-06-23T17:00:00+00:00,XMRUSDT,B,0.00635,3.56
2026-06-23T17:45:00+00:00,CBRSUSDT,B,0.00886,6.64
2026-06-23T18:15:00+00:00,HEIUSDT,B,0.04677,3.31
2026-06-23T19:00:00+00:00,AKEUSDT,A,-0.06523,10.83
2026-06-23T19:15:00+00:00,PENGUUSDT,A,-0.01525,5.38
2026-06-23T20:30:00+00:00,CBRSUSDT,A,-0.03089,7.97
2026-06-23T21:00:00+00:00,DEXEUSDT,B,0.00467,3.39
2026-06-24T00:00:00+00:00,DRAMUSDT,B,0.02524,9.36
2026-06-24T00:00:00+00:00,EWYUSDT,B,0.01524,15.59
2026-06-24T01:30:00+00:00,BABAUSDT,A,-0.00774,4.63
2026-06-24T02:15:00+00:00,BABAUSDT,B,0.00419,3.65
2026-06-24T04:45:00+00:00,PAXGUSDT,B,0.00062,3.86
2026-06-24T05:45:00+00:00,OPUSDT,B,0.00595,3.52
2026-06-24T07:00:00+00:00,AKEUSDT,B,0.04722,3.2
2026-06-24T08:00:00+00:00,DRAMUSDT,B,0.01603,5.62
2026-06-24T10:00:00+00:00,ADAUSDT,A,-0.01798,5.77
2026-06-24T10:45:00+00:00,AAVEUSDT,B,0.00975,3.16
2026-06-24T10:45:00+00:00,JUPUSDT,B,0.02085,6.25
2026-06-24T11:00:00+00:00,AAVEUSDT,A,-0.01355,3.89
2026-06-24T11:00:00+00:00,JUPUSDT,A,-0.01135,6.6
2026-06-24T12:15:00+00:00,PAXGUSDT,A,-0.00543,6.31
2026-06-24T12:15:00+00:00,XAUTUSDT,A,-0.00521,6.42
2026-06-24T12:45:00+00:00,SYNUSDT,B,0.02004,4.37
2026-06-24T13:00:00+00:00,LDOUSDT,A,-0.01597,13.95
2026-06-24T13:15:00+00:00,CBRSUSDT,B,0.02203,3.29
2026-06-24T13:15:00+00:00,PAXGUSDT,B,0.00109,3.33
2026-06-24T13:15:00+00:00,XAUTUSDT,B,0.00112,3.27
2026-06-24T13:30:00+00:00,AAPLUSDT,B,0.00176,3.63
2026-06-24T13:30:00+00:00,AMDUSDT,A,-0.01881,4.8
2026-06-24T13:30:00+00:00,AMZNUSDT,B,0.01626,11.39
2026-06-24T13:30:00+00:00,BABAUSDT,B,0.0002,3.03
2026-06-24T13:30:00+00:00,CBRSUSDT,A,-0.08021,8.75
2026-06-24T13:30:00+00:00,COINUSDT,A,-0.02699,7.02
2026-06-24T13:30:00+00:00,CRCLUSDT,A,-0.03637,6.58
2026-06-24T13:30:00+00:00,DRAMUSDT,A,-0.02885,9.4
2026-06-24T13:30:00+00:00,HOODUSDT,A,-0.03759,5.92
2026-06-24T13:30:00+00:00,INTCUSDT,A,-0.01908,7.28
2026-06-24T13:30:00+00:00,LITEUSDT,A,-0.0182,5.26
2026-06-24T13:30:00+00:00,METAUSDT,B,0.00309,5.09
2026-06-24T13:30:00+00:00,MRVLUSDT,A,-0.04037,5.09
2026-06-24T13:30:00+00:00,MSFTUSDT,B,0.01651,3.06
2026-06-24T13:30:00+00:00,MSTRUSDT,A,-0.02585,8.3
2026-06-24T13:30:00+00:00,RKLBUSDT,A,-0.04842,6.72
2026-06-24T13:30:00+00:00,TSLAUSDT,B,0.00913,4.52
2026-06-24T13:30:00+00:00,TSMUSDT,B,0.00016,3.59
2026-06-24T13:45:00+00:00,COINUSDT,B,0.00234,3.67
2026-06-24T13:45:00+00:00,CRCLUSDT,B,0.00369,3.96
2026-06-24T13:45:00+00:00,DRAMUSDT,B,0.00861,5.13
2026-06-24T13:45:00+00:00,HOODUSDT,B,0.00315,4.67
2026-06-24T13:45:00+00:00,LITEUSDT,B,0.02565,4.04
2026-06-24T13:45:00+00:00,RKLBUSDT,B,0.00179,3.61
2026-06-24T13:45:00+00:00,SPYUSDT,B,0.00065,4.95
2026-06-24T14:15:00+00:00,MSTRUSDT,B,0.00081,3.14
2026-06-24T14:15:00+00:00,TACUSDT,A,-0.10902,5.97
2026-06-24T14:15:00+00:00,UBUSDT,B,0.0891,3.66
2026-06-24T14:30:00+00:00,TACUSDT,B,0.07966,6.44
2026-06-24T15:30:00+00:00,1000SHIBUSDT,A,-0.01543,7.63
2026-06-24T15:30:00+00:00,AAVEUSDT,A,-0.02056,2.97
2026-06-24T15:45:00+00:00,DOTUSDT,A,-0.00797,5.42
2026-06-24T16:00:00+00:00,1000BONKUSDT,B,0.00119,3.55
2026-06-24T16:00:00+00:00,1000SHIBUSDT,B,0.00916,3.06
2026-06-24T16:00:00+00:00,AAVEUSDT,B,0.01176,3.22
2026-06-24T16:00:00+00:00,WIFUSDT,B,0.00068,4.85
2026-06-24T16:30:00+00:00,ETHFIUSDT,B,0.00328,3.41
2026-06-24T16:45:00+00:00,1000BONKUSDT,A,-0.02197,7.24
2026-06-24T16:45:00+00:00,1000PEPEUSDT,A,-0.01928,8.86
2026-06-24T16:45:00+00:00,ADAUSDT,A,-0.01257,5.57
2026-06-24T16:45:00+00:00,ALGOUSDT,A,-0.02362,4.16
2026-06-24T16:45:00+00:00,APTUSDT,A,-0.02468,9.38
2026-06-24T16:45:00+00:00,ARBUSDT,A,-0.01967,4.99
2026-06-24T16:45:00+00:00,CRVUSDT,A,-0.03206,10.24
2026-06-24T16:45:00+00:00,DASHUSDT,A,-0.02204,4.02
2026-06-24T16:45:00+00:00,FETUSDT,A,-0.02078,4.29
2026-06-24T16:45:00+00:00,FILUSDT,A,-0.02714,4.78
2026-06-24T16:45:00+00:00,ICPUSDT,A,-0.02547,8.69
2026-06-24T16:45:00+00:00,LINKUSDT,A,-0.01558,6.83
2026-06-24T16:45:00+00:00,LTCUSDT,A,-0.01299,7.94
2026-06-24T16:45:00+00:00,MORPHOUSDT,A,-0.03159,2.92
2026-06-24T16:45:00+00:00,OPUSDT,A,-0.03018,5.91
2026-06-24T16:45:00+00:00,SUIUSDT,A,-0.01672,5.65
2026-06-24T16:45:00+00:00,TLMUSDT,A,-0.0334,3.11
2026-06-24T16:45:00+00:00,VIRTUALUSDT,A,-0.0252,4.13
2026-06-24T16:45:00+00:00,WIFUSDT,A,-0.02451,6.38
2026-06-24T17:00:00+00:00,ALGOUSDT,B,0.00115,3.54
2026-06-24T17:15:00+00:00,FARTCOINUSDT,A,-0.0408,4.6
2026-06-24T17:30:00+00:00,JUPUSDT,A,-0.01479,5.07
2026-06-24T17:45:00+00:00,BASEDUSDT,A,-0.05736,6.98
2026-06-24T18:00:00+00:00,DASHUSDT,B,0.00092,3.43
2026-06-24T18:00:00+00:00,JUPUSDT,B,0.02034,14.12
2026-06-24T18:00:00+00:00,QQQUSDT,B,0.00249,6.08
2026-06-24T18:00:00+00:00,XAUTUSDT,B,0.00424,3.12
2026-06-24T18:15:00+00:00,GOOGLUSDT,A,-0.00955,5.31
2026-06-24T18:15:00+00:00,MSTRUSDT,B,0.01568,3.19
2026-06-24T19:15:00+00:00,DRAMUSDT,B,0.01169,3.05
2026-06-24T19:30:00+00:00,BABAUSDT,A,-0.00577,5.59
2026-06-24T19:45:00+00:00,AKEUSDT,A,-0.03002,11.88
2026-06-24T19:45:00+00:00,SPYUSDT,B,0.00234,3.42
2026-06-24T20:00:00+00:00,AAVEUSDT,B,0.00929,3.24
2026-06-24T20:00:00+00:00,EWYUSDT,B,0.03973,13.27
2026-06-24T20:00:00+00:00,TSMUSDT,B,0.01698,3.44
2026-06-24T20:15:00+00:00,AKEUSDT,B,0.00769,3.38
2026-06-24T20:45:00+00:00,AMDUSDT,B,0.00072,3.16
2026-06-24T22:30:00+00:00,AAVEUSDT,A,-0.00911,2.76
2026-06-24T23:00:00+00:00,OPUSDT,B,0.0058,4.45
2026-06-25T00:00:00+00:00,DRAMUSDT,A,-0.01745,8.4
2026-06-25T00:00:00+00:00,ETCUSDT,B,0.01288,6.62
2026-06-25T00:00:00+00:00,EWYUSDT,A,-0.01448,5.52
2026-06-25T00:00:00+00:00,JUPUSDT,B,0.01693,4.28
2026-06-25T00:45:00+00:00,1000SHIBUSDT,B,0.00365,4.07
2026-06-25T00:45:00+00:00,DRAMUSDT,B,0.00719,4.62
2026-06-25T01:30:00+00:00,BABAUSDT,A,-0.01814,8.49
2026-06-25T02:15:00+00:00,BABAUSDT,B,0.00021,4.38
2026-06-25T03:00:00+00:00,AAVEUSDT,A,-0.00871,3.57
2026-06-25T03:45:00+00:00,AAVEUSDT,B,0.00655,3.7
2026-06-25T04:15:00+00:00,DEXEUSDT,B,0.00044,3.95
2026-06-25T05:00:00+00:00,JUPUSDT,B,0.01213,11.08
2026-06-25T05:15:00+00:00,DRAMUSDT,B,0.00429,4.88
2026-06-25T06:00:00+00:00,1000BONKUSDT,B,0.01078,3.88
2026-06-25T06:00:00+00:00,ETHFIUSDT,B,0.00629,4.33
2026-06-25T07:00:00+00:00,SYNUSDT,B,0.00431,3.62
2026-06-25T10:15:00+00:00,AAVEUSDT,A,-0.01007,3.47
2026-06-25T10:45:00+00:00,AAVEUSDT,B,0.01551,3.0
2026-06-25T11:45:00+00:00,SYNUSDT,B,0.02024,4.17
2026-06-25T12:30:00+00:00,1000SHIBUSDT,B,0.00576,4.42
2026-06-25T12:30:00+00:00,DRAMUSDT,B,0.00814,4.43
2026-06-25T12:30:00+00:00,PAXGUSDT,B,0.00542,3.5
2026-06-25T12:30:00+00:00,XAUTUSDT,B,0.0052,3.59
2026-06-25T13:00:00+00:00,DEXEUSDT,B,0.05322,12.16
2026-06-25T13:15:00+00:00,CBRSUSDT,B,0.01564,6.52
2026-06-25T13:30:00+00:00,AAPLUSDT,A,-0.03216,15.91
2026-06-25T13:30:00+00:00,AEROUSDT,A,-0.0472,7.8
2026-06-25T13:30:00+00:00,AMDUSDT,A,-0.02412,6.27
2026-06-25T13:30:00+00:00,AMZNUSDT,A,-0.01982,12.75
2026-06-25T13:30:00+00:00,ARMUSDT,A,-0.07988,4.98
2026-06-25T13:30:00+00:00,BABAUSDT,A,-0.02423,7.26
2026-06-25T13:30:00+00:00,CBRSUSDT,A,-0.08528,7.11
2026-06-25T13:30:00+00:00,COINUSDT,A,-0.02361,9.5
2026-06-25T13:30:00+00:00,CRCLUSDT,A,-0.03473,7.06
2026-06-25T13:30:00+00:00,DRAMUSDT,A,-0.01932,16.29
2026-06-25T13:30:00+00:00,GOOGLUSDT,B,0.00059,5.44
2026-06-25T13:30:00+00:00,HOODUSDT,A,-0.04681,7.54
2026-06-25T13:30:00+00:00,INTCUSDT,A,-0.02588,6.58
2026-06-25T13:30:00+00:00,JUPUSDT,A,-0.05556,22.77
2026-06-25T13:30:00+00:00,KITEUSDT,A,-0.01343,3.65
2026-06-25T13:30:00+00:00,LITEUSDT,A,-0.0266,7.75
2026-06-25T13:30:00+00:00,METAUSDT,A,-0.02149,5.52
2026-06-25T13:30:00+00:00,MRVLUSDT,A,-0.072,5.19
2026-06-25T13:30:00+00:00,MSTRUSDT,A,-0.05125,9.48
2026-06-25T13:30:00+00:00,NBISUSDT,A,-0.02561,22.04
2026-06-25T13:30:00+00:00,NVDAUSDT,A,-0.02002,4.57
2026-06-25T13:30:00+00:00,OPUSDT,A,-0.02814,4.4
2026-06-25T13:30:00+00:00,ORCLUSDT,A,-0.02256,3.64
2026-06-25T13:30:00+00:00,PLTRUSDT,A,-0.02352,3.98
2026-06-25T13:30:00+00:00,RKLBUSDT,A,-0.05497,8.2
2026-06-25T13:30:00+00:00,SYNUSDT,A,-0.04462,5.72
2026-06-25T13:30:00+00:00,TSMUSDT,A,-0.01791,8.28
2026-06-25T13:30:00+00:00,WDCUSDT,A,-0.05299,15.56
2026-06-25T13:45:00+00:00,1000BONKUSDT,A,-0.05076,11.74
2026-06-25T13:45:00+00:00,1000PEPEUSDT,A,-0.04916,14.46
2026-06-25T13:45:00+00:00,1000SHIBUSDT,A,-0.05159,16.89
2026-06-25T13:45:00+00:00,AAPLUSDT,B,0.00266,11.71
2026-06-25T13:45:00+00:00,ADAUSDT,A,-0.0421,8.61
2026-06-25T13:45:00+00:00,ALGOUSDT,A,-0.03895,5.34
2026-06-25T13:45:00+00:00,AMZNUSDT,B,0.00062,3.37
2026-06-25T13:45:00+00:00,APTUSDT,A,-0.0624,19.37
2026-06-25T13:45:00+00:00,ARBUSDT,A,-0.04803,6.53
2026-06-25T13:45:00+00:00,ATOMUSDT,A,-0.02516,5.59
2026-06-25T13:45:00+00:00,AVAXUSDT,A,-0.03847,6.67
2026-06-25T13:45:00+00:00,BASEDUSDT,A,-0.09272,8.0
2026-06-25T13:45:00+00:00,BEUSDT,A,-0.04845,5.09
2026-06-25T13:45:00+00:00,BNBUSDT,A,-0.02974,5.02
2026-06-25T13:45:00+00:00,CHZUSDT,A,-0.05404,10.29
2026-06-25T13:45:00+00:00,CRVUSDT,A,-0.03586,7.79
2026-06-25T13:45:00+00:00,DASHUSDT,A,-0.04575,6.84
2026-06-25T13:45:00+00:00,DOTUSDT,A,-0.04635,16.93
2026-06-25T13:45:00+00:00,EIGENUSDT,A,-0.05518,4.42
2026-06-25T13:45:00+00:00,ETCUSDT,A,-0.03448,10.42
2026-06-25T13:45:00+00:00,ETHFIUSDT,A,-0.05769,5.54
2026-06-25T13:45:00+00:00,EWYUSDT,A,-0.03584,6.7
2026-06-25T13:45:00+00:00,FARTCOINUSDT,A,-0.06468,8.26
2026-06-25T13:45:00+00:00,FETUSDT,A,-0.0464,6.77
2026-06-25T13:45:00+00:00,FILUSDT,A,-0.05593,7.08
2026-06-25T13:45:00+00:00,ICPUSDT,A,-0.04552,5.32
2026-06-25T13:45:00+00:00,INJUSDT,A,-0.04004,4.49
2026-06-25T13:45:00+00:00,LDOUSDT,A,-0.04923,9.89
2026-06-25T13:45:00+00:00,LINKUSDT,A,-0.03609,11.6
2026-06-25T13:45:00+00:00,LTCUSDT,A,-0.03288,8.59
2026-06-25T13:45:00+00:00,ONDOUSDT,A,-0.03669,4.29
2026-06-25T13:45:00+00:00,ORDIUSDT,A,-0.05113,6.27
2026-06-25T13:45:00+00:00,PENGUUSDT,A,-0.05085,7.46
2026-06-25T13:45:00+00:00,PUMPUSDT,A,-0.04951,11.93
2026-06-25T13:45:00+00:00,QQQUSDT,A,-0.0152,6.7
2026-06-25T13:45:00+00:00,SEIUSDT,A,-0.0241,6.15
2026-06-25T13:45:00+00:00,SUIUSDT,A,-0.04077,6.57
2026-06-25T13:45:00+00:00,TAOUSDT,A,-0.03772,4.28
2026-06-25T13:45:00+00:00,TIAUSDT,A,-0.04955,7.29
2026-06-25T13:45:00+00:00,TLMUSDT,A,-0.0484,3.88
2026-06-25T13:45:00+00:00,TRUMPUSDT,A,-0.05139,6.33
2026-06-25T13:45:00+00:00,TRXUSDT,A,-0.01114,11.35
2026-06-25T13:45:00+00:00,TSLAUSDT,A,-0.00966,6.32
2026-06-25T13:45:00+00:00,VANRYUSDT,A,-0.04893,6.68
2026-06-25T13:45:00+00:00,VIRTUALUSDT,A,-0.05237,7.15
2026-06-25T13:45:00+00:00,WIFUSDT,A,-0.049,13.59
2026-06-25T14:00:00+00:00,1000BONKUSDT,B,0.02852,6.49
2026-06-25T14:00:00+00:00,1000PEPEUSDT,B,0.02706,4.22
2026-06-25T14:00:00+00:00,ADAUSDT,B,0.02738,4.07
2026-06-25T14:00:00+00:00,AMDUSDT,B,0.01589,4.53
2026-06-25T14:00:00+00:00,APTUSDT,B,0.03389,6.77
2026-06-25T14:00:00+00:00,AVAXUSDT,B,0.02578,4.48
2026-06-25T14:00:00+00:00,BABAUSDT,B,0.00944,3.46
2026-06-25T14:00:00+00:00,BEUSDT,B,0.00302,3.42
2026-06-25T14:00:00+00:00,BNBUSDT,B,0.02217,3.79
2026-06-25T14:00:00+00:00,COINUSDT,B,0.02492,4.27
2026-06-25T14:00:00+00:00,CRCLUSDT,B,0.02416,4.28
2026-06-25T14:00:00+00:00,DOTUSDT,B,0.02916,6.7
2026-06-25T14:00:00+00:00,EPICUSDT,B,0.06458,4.36
2026-06-25T14:00:00+00:00,ETCUSDT,B,0.02901,5.16
2026-06-25T14:00:00+00:00,ETHFIUSDT,B,0.05117,3.96
2026-06-25T14:00:00+00:00,EWYUSDT,B,0.01557,4.04
2026-06-25T14:00:00+00:00,FARTCOINUSDT,B,0.04277,3.41
2026-06-25T14:00:00+00:00,ICPUSDT,B,0.03179,3.12
2026-06-25T14:00:00+00:00,INTCUSDT,B,0.03301,5.91
2026-06-25T14:00:00+00:00,JUPUSDT,B,0.03329,8.62
2026-06-25T14:00:00+00:00,LDOUSDT,B,0.03565,4.08
2026-06-25T14:00:00+00:00,LINKUSDT,B,0.02392,5.41
2026-06-25T14:00:00+00:00,LITEUSDT,B,0.02019,3.14
2026-06-25T14:00:00+00:00,LTCUSDT,B,0.02233,4.41
2026-06-25T14:00:00+00:00,MRVLUSDT,B,0.0119,5.56
2026-06-25T14:00:00+00:00,MSTRUSDT,B,0.02512,8.54
2026-06-25T14:00:00+00:00,NBISUSDT,B,0.01337,6.35
2026-06-25T14:00:00+00:00,NVDAUSDT,B,0.01159,4.91
2026-06-25T14:00:00+00:00,OPUSDT,B,0.04069,5.02
2026-06-25T14:00:00+00:00,ORDIUSDT,B,0.03592,3.17
2026-06-25T14:00:00+00:00,PENGUUSDT,B,0.03817,4.09
2026-06-25T14:00:00+00:00,PUMPUSDT,B,0.02904,3.55
2026-06-25T14:00:00+00:00,QQQUSDT,B,0.00787,3.99
2026-06-25T14:00:00+00:00,SEIUSDT,B,0.02398,3.63
2026-06-25T14:00:00+00:00,SPYUSDT,B,0.00564,3.29
2026-06-25T14:00:00+00:00,SUIUSDT,B,0.02905,3.13
2026-06-25T14:00:00+00:00,TRXUSDT,B,0.00121,5.69
2026-06-25T14:00:00+00:00,TSLAUSDT,B,0.01067,3.83
2026-06-25T14:00:00+00:00,TSMUSDT,B,0.01231,4.11
2026-06-25T14:00:00+00:00,WDCUSDT,B,0.00134,5.23
2026-06-25T14:00:00+00:00,WIFUSDT,B,0.03556,5.05
2026-06-25T14:30:00+00:00,NATGASUSDT,A,-0.02152,5.78
2026-06-25T15:00:00+00:00,VVVUSDT,B,0.00766,3.52
2026-06-25T15:15:00+00:00,ATOMUSDT,B,0.00437,3.12
2026-06-25T16:45:00+00:00,AKEUSDT,B,0.0822,4.7
2026-06-25T17:00:00+00:00,1000SHIBUSDT,B,0.01073,3.38
2026-06-25T17:15:00+00:00,AAVEUSDT,B,0.01218,37.65
2026-06-25T18:15:00+00:00,AAVEUSDT,A,-0.01775,3.15
2026-06-25T18:30:00+00:00,EWYUSDT,A,-0.00667,4.31
2026-06-25T19:30:00+00:00,OPUSDT,B,0.00995,3.1
2026-06-25T19:45:00+00:00,AMZNUSDT,A,-0.00311,5.49
2026-06-25T20:00:00+00:00,BEUSDT,B,0.00384,12.55
2026-06-25T20:00:00+00:00,DRAMUSDT,B,0.00026,6.87
2026-06-26T01:00:00+00:00,BABAUSDT,A,-0.00726,5.0
2026-06-26T01:45:00+00:00,BABAUSDT,B,0.00097,4.61
2026-06-26T02:00:00+00:00,DOTUSDT,A,-0.01937,4.11
2026-06-26T02:15:00+00:00,MSTRUSDT,B,0.00471,5.16
2026-06-26T02:45:00+00:00,KAITOUSDT,A,-0.01765,3.76
2026-06-26T02:45:00+00:00,MORPHOUSDT,B,0.00129,4.22
2026-06-26T03:00:00+00:00,ATOMUSDT,B,0.02068,3.06
2026-06-26T03:00:00+00:00,OPUSDT,B,0.01768,3.13
2026-06-26T03:00:00+00:00,VANRYUSDT,B,0.00506,3.45
2026-06-26T03:00:00+00:00,WLFIUSDT,A,-0.00697,4.5
2026-06-26T03:15:00+00:00,1000BONKUSDT,B,0.00852,3.47
2026-06-26T03:15:00+00:00,KAITOUSDT,B,0.02543,5.08
2026-06-26T03:15:00+00:00,PENGUUSDT,B,0.0033,6.15
2026-06-26T04:15:00+00:00,ATOMUSDT,A,-0.01526,6.52
2026-06-26T04:45:00+00:00,JTOUSDT,A,-0.0512,4.78
2026-06-26T06:00:00+00:00,BABAUSDT,A,-0.00796,4.56
2026-06-26T06:15:00+00:00,BABAUSDT,B,0.00121,3.52
2026-06-26T06:15:00+00:00,LITUSDT,B,0.00203,3.61
2026-06-26T07:00:00+00:00,JUPUSDT,B,0.01834,5.25
2026-06-26T07:00:00+00:00,WIFUSDT,B,0.00824,3.16
2026-06-26T08:00:00+00:00,KAITOUSDT,B,0.0037,3.28
2026-06-26T08:30:00+00:00,MAGMAUSDT,B,0.02844,3.29
2026-06-26T09:45:00+00:00,UBUSDT,B,0.07182,4.81
2026-06-26T10:30:00+00:00,UBUSDT,A,-0.03411,5.07
2026-06-26T12:00:00+00:00,MSTRUSDT,B,0.00311,4.28
2026-06-26T12:30:00+00:00,AAVEUSDT,A,-0.01414,4.62
2026-06-26T12:30:00+00:00,MSTRUSDT,A,-0.01009,8.3
2026-06-26T12:45:00+00:00,HEIUSDT,B,0.03649,3.97
2026-06-26T12:45:00+00:00,MAGMAUSDT,B,0.04069,10.45
2026-06-26T13:15:00+00:00,DRAMUSDT,B,0.00767,6.1
2026-06-26T13:15:00+00:00,HOODUSDT,B,0.01334,4.58
2026-06-26T13:15:00+00:00,WDCUSDT,B,0.03465,4.21
2026-06-26T13:30:00+00:00,AAPLUSDT,B,0.00581,12.82
2026-06-26T13:30:00+00:00,AMDUSDT,A,-0.01263,6.26
2026-06-26T13:30:00+00:00,AMZNUSDT,B,0.00506,7.9
2026-06-26T13:30:00+00:00,BABAUSDT,B,0.0201,4.99
2026-06-26T13:30:00+00:00,BEUSDT,A,-0.03665,6.69
2026-06-26T13:30:00+00:00,CBRSUSDT,B,0.00729,3.48
2026-06-26T13:30:00+00:00,COINUSDT,B,0.0319,6.81
2026-06-26T13:30:00+00:00,CRCLUSDT,B,0.04941,8.61
2026-06-26T13:30:00+00:00,EWYUSDT,B,0.00548,4.5
2026-06-26T13:30:00+00:00,LITEUSDT,A,-0.04485,6.69
2026-06-26T13:30:00+00:00,METAUSDT,B,0.00243,7.15
2026-06-26T13:30:00+00:00,MSFTUSDT,B,0.01139,3.71
2026-06-26T13:30:00+00:00,ORCLUSDT,B,0.02156,5.54
2026-06-26T13:30:00+00:00,PLTRUSDT,B,0.01283,5.97
2026-06-26T13:30:00+00:00,RKLBUSDT,B,0.03288,6.89
2026-06-26T13:30:00+00:00,TSLAUSDT,B,0.00785,9.54
2026-06-26T13:30:00+00:00,TSMUSDT,A,-0.00701,7.79
2026-06-26T13:30:00+00:00,WDCUSDT,A,-0.03538,6.95
2026-06-26T13:45:00+00:00,AAPLUSDT,A,-0.00404,4.98
2026-06-26T13:45:00+00:00,LITEUSDT,B,0.00254,6.38
2026-06-26T13:45:00+00:00,NBISUSDT,B,0.0067,4.87
2026-06-26T13:45:00+00:00,ORCLUSDT,A,-0.01778,3.86
2026-06-26T14:00:00+00:00,KAITOUSDT,B,0.03479,11.62
2026-06-26T14:15:00+00:00,AAVEUSDT,B,0.01477,4.52
2026-06-26T14:30:00+00:00,MAGMAUSDT,A,-0.02121,12.27
2026-06-26T14:45:00+00:00,KAITOUSDT,A,-0.01581,9.98
2026-06-26T15:00:00+00:00,AEROUSDT,B,0.02571,3.13
2026-06-26T15:15:00+00:00,BEUSDT,B,0.01082,3.04
2026-06-26T16:00:00+00:00,TRUMPUSDT,B,0.01422,4.39
2026-06-26T16:45:00+00:00,MAGMAUSDT,B,0.07625,13.59
2026-06-26T17:30:00+00:00,TIAUSDT,B,0.03061,6.44
2026-06-26T17:45:00+00:00,AAVEUSDT,A,-0.01227,5.55
2026-06-26T17:45:00+00:00,NATGASUSDT,A,-0.01021,4.91
2026-06-26T18:00:00+00:00,WIFUSDT,B,0.00721,3.9
2026-06-26T18:30:00+00:00,AAVEUSDT,B,0.01111,3.15
2026-06-26T18:45:00+00:00,WDCUSDT,B,0.0095,3.66
2026-06-26T19:00:00+00:00,MSTRUSDT,B,0.01007,4.85
2026-06-26T19:15:00+00:00,AAPLUSDT,A,-0.00384,4.94
2026-06-26T19:15:00+00:00,MAGMAUSDT,A,-0.03386,8.61
2026-06-26T19:30:00+00:00,AAPLUSDT,B,0.00339,3.02
2026-06-26T19:30:00+00:00,COINUSDT,B,0.0019,4.12
2026-06-26T19:45:00+00:00,AMZNUSDT,B,0.00672,9.93
2026-06-26T19:45:00+00:00,BEUSDT,A,-0.04965,11.34
2026-06-26T19:45:00+00:00,CBRSUSDT,B,0.01494,3.27
2026-06-26T19:45:00+00:00,DRAMUSDT,A,-0.01478,7.91
2026-06-26T19:45:00+00:00,GOOGLUSDT,A,-0.01826,4.43
2026-06-26T19:45:00+00:00,HOODUSDT,B,0.02047,8.81
2026-06-26T19:45:00+00:00,LITEUSDT,B,0.00539,3.86
2026-06-26T19:45:00+00:00,MSFTUSDT,A,-0.00362,5.03
2026-06-26T20:00:00+00:00,BEUSDT,B,0.01424,4.27
2026-06-26T20:00:00+00:00,DRAMUSDT,B,0.00097,7.36
2026-06-26T20:00:00+00:00,SPYUSDT,B,0.00498,4.93
2026-06-26T22:45:00+00:00,AAVEUSDT,B,0.00356,3.21
2026-06-27T00:00:00+00:00,RENDERUSDT,B,0.01209,3.25
2026-06-27T02:45:00+00:00,WIFUSDT,B,0.01681,4.03
2026-06-27T03:15:00+00:00,AAVEUSDT,A,-0.01998,5.61
2026-06-27T06:30:00+00:00,CBRSUSDT,B,0.04377,6.27
2026-06-27T07:30:00+00:00,WIFUSDT,B,0.00839,9.95
2026-06-27T07:45:00+00:00,TIAUSDT,B,0.00825,7.22
2026-06-27T09:15:00+00:00,VELVETUSDT,B,0.09612,4.48
2026-06-27T10:00:00+00:00,WIFUSDT,A,-0.02654,5.07
2026-06-27T11:30:00+00:00,KAITOUSDT,B,0.02325,3.9
2026-06-27T13:00:00+00:00,LABUSDT,B,0.02543,3.18
2026-06-27T13:30:00+00:00,VELVETUSDT,B,0.01986,4.26
2026-06-27T13:45:00+00:00,AAVEUSDT,B,0.01428,4.88
2026-06-27T14:00:00+00:00,VELVETUSDT,A,-0.05755,4.41
2026-06-27T14:15:00+00:00,WIFUSDT,B,0.0069,3.78
2026-06-27T14:45:00+00:00,PENGUUSDT,B,0.01418,3.24
2026-06-27T14:45:00+00:00,PUMPUSDT,B,0.02913,4.0
2026-06-27T16:00:00+00:00,1000SHIBUSDT,B,0.00676,6.95
2026-06-27T16:00:00+00:00,NATGASUSDT,A,-0.0124,6.85
2026-06-27T16:00:00+00:00,WIFUSDT,A,-0.01232,6.69
2026-06-27T20:45:00+00:00,ALGOUSDT,B,0.02225,6.45
2026-06-27T23:00:00+00:00,VELVETUSDT,B,0.07767,4.22
2026-06-28T03:45:00+00:00,KAITOUSDT,B,0.02677,3.32
2026-06-28T06:15:00+00:00,KITEUSDT,A,-0.03399,12.35
2026-06-28T07:00:00+00:00,AKEUSDT,B,0.04144,5.49
2026-06-28T07:15:00+00:00,AAVEUSDT,A,-0.02215,5.38
2026-06-28T07:15:00+00:00,KITEUSDT,B,0.03064,3.5
2026-06-28T07:30:00+00:00,PUMPUSDT,B,0.03412,5.93
2026-06-28T11:45:00+00:00,SYNUSDT,B,0.09541,3.54
2026-06-28T11:45:00+00:00,VELVETUSDT,B,0.03878,4.16
2026-06-28T12:15:00+00:00,TLMUSDT,B,0.01413,4.28
2026-06-28T14:00:00+00:00,KAITOUSDT,B,0.00017,3.23
2026-06-28T15:45:00+00:00,AKEUSDT,B,0.06013,5.82
2026-06-28T16:00:00+00:00,AKEUSDT,A,-0.03632,4.42
2026-06-28T17:30:00+00:00,TIAUSDT,B,0.00353,3.7
2026-06-28T21:30:00+00:00,GWEIUSDT,B,0.01547,3.23
2026-06-28T22:00:00+00:00,QQQUSDT,B,0.00549,3.61
2026-06-28T22:45:00+00:00,ZROUSDT,B,0.01256,4.3
2026-06-29T00:00:00+00:00,EWYUSDT,A,-0.02086,6.83
2026-06-29T00:30:00+00:00,EWYUSDT,B,0.0112,3.51
2026-06-29T00:30:00+00:00,KITEUSDT,B,0.01027,5.5
2026-06-29T01:30:00+00:00,BABAUSDT,B,0.01223,4.19
2026-06-29T02:30:00+00:00,VELVETUSDT,B,0.0627,3.33
2026-06-29T03:45:00+00:00,ARBUSDT,B,0.0004,3.94
2026-06-29T04:45:00+00:00,VELVETUSDT,A,-0.08841,8.68
2026-06-29T05:00:00+00:00,BABAUSDT,A,-0.00794,4.58
2026-06-29T07:15:00+00:00,TACUSDT,B,0.24624,20.64
2026-06-29T07:30:00+00:00,GWEIUSDT,B,0.06035,7.41
2026-06-29T08:00:00+00:00,GWEIUSDT,A,-0.06741,11.3
2026-06-29T09:15:00+00:00,TACUSDT,A,-0.03511,97.13
2026-06-29T11:00:00+00:00,PLTRUSDT,B,0.0025,3.24
2026-06-29T11:15:00+00:00,TACUSDT,B,0.04439,56.48
2026-06-29T11:30:00+00:00,RKLBUSDT,B,0.05787,6.76
2026-06-29T11:45:00+00:00,GWEIUSDT,B,0.07143,17.18
2026-06-29T12:00:00+00:00,COINUSDT,B,0.01517,3.54
2026-06-29T12:00:00+00:00,FARTCOINUSDT,B,0.0318,3.17
2026-06-29T12:00:00+00:00,MSTRUSDT,B,0.05811,20.49
2026-06-29T12:00:00+00:00,PUMPUSDT,B,0.02437,4.61
2026-06-29T12:00:00+00:00,RKLBUSDT,A,-0.02787,5.05
2026-06-29T12:00:00+00:00,TIAUSDT,B,0.02623,3.09
2026-06-29T12:00:00+00:00,WIFUSDT,B,0.0256,5.03
2026-06-29T12:15:00+00:00,GWEIUSDT,A,-0.02198,12.15
2026-06-29T12:30:00+00:00,MSTRUSDT,A,-0.02539,11.32
2026-06-29T12:30:00+00:00,NATGASUSDT,A,-0.00559,4.26
2026-06-29T12:30:00+00:00,ORDIUSDT,B,0.00827,3.53
2026-06-29T12:45:00+00:00,PENDLEUSDT,B,0.01605,3.21
2026-06-29T13:00:00+00:00,ENAUSDT,B,0.0139,26.75
2026-06-29T13:15:00+00:00,AAPLUSDT,B,0.00738,4.61
2026-06-29T13:15:00+00:00,MSFTUSDT,A,-0.0073,6.31
2026-06-29T13:30:00+00:00,AAPLUSDT,A,-0.00921,11.8
2026-06-29T13:30:00+00:00,AMDUSDT,B,0.01689,8.64
2026-06-29T13:30:00+00:00,AMZNUSDT,B,0.02358,22.51
2026-06-29T13:30:00+00:00,ARMUSDT,A,-0.01648,4.89
2026-06-29T13:30:00+00:00,BABAUSDT,B,0.00416,8.82
2026-06-29T13:30:00+00:00,BEUSDT,B,0.02532,21.9
2026-06-29T13:30:00+00:00,CBRSUSDT,B,0.02468,4.4
2026-06-29T13:30:00+00:00,COINUSDT,A,-0.0133,19.81
2026-06-29T13:30:00+00:00,CRCLUSDT,A,-0.01928,11.73
2026-06-29T13:30:00+00:00,DRAMUSDT,A,-0.01566,5.6
2026-06-29T13:30:00+00:00,GOOGLUSDT,B,0.01253,5.77
2026-06-29T13:30:00+00:00,INTCUSDT,A,-0.02101,9.21
2026-06-29T13:30:00+00:00,LITEUSDT,B,0.00588,6.7
2026-06-29T13:30:00+00:00,METAUSDT,B,0.00894,6.56
2026-06-29T13:30:00+00:00,MSFTUSDT,B,0.0004,9.79
2026-06-29T13:30:00+00:00,NBISUSDT,B,0.03973,8.41
2026-06-29T13:30:00+00:00,NVDAUSDT,B,0.00964,5.64
2026-06-29T13:30:00+00:00,QQQUSDT,B,0.00442,3.44
2026-06-29T13:30:00+00:00,TSLAUSDT,B,0.02562,10.79
2026-06-29T13:30:00+00:00,TSMUSDT,B,0.01565,6.97
2026-06-29T13:30:00+00:00,WDCUSDT,B,0.01231,8.8
2026-06-29T13:45:00+00:00,AMDUSDT,A,-0.03476,5.25
2026-06-29T13:45:00+00:00,BEUSDT,A,-0.02412,14.74
2026-06-29T13:45:00+00:00,HOODUSDT,B,0.01257,6.32
2026-06-29T13:45:00+00:00,NBISUSDT,A,-0.02758,4.16
2026-06-29T13:45:00+00:00,TSMUSDT,A,-0.01201,5.23
2026-06-29T13:45:00+00:00,WDCUSDT,A,-0.01647,4.84
2026-06-29T14:00:00+00:00,HOODUSDT,A,-0.03025,4.5
2026-06-29T14:00:00+00:00,QQQUSDT,A,-0.00933,3.79
2026-06-29T14:15:00+00:00,CRCLUSDT,B,0.02435,3.18
2026-06-29T14:15:00+00:00,DRAMUSDT,B,0.01903,6.65
2026-06-29T14:15:00+00:00,EWYUSDT,B,0.01227,3.02
2026-06-29T14:15:00+00:00,INTCUSDT,B,0.01332,4.15
2026-06-29T14:15:00+00:00,XAUTUSDT,B,0.00362,3.06
2026-06-29T15:00:00+00:00,AMZNUSDT,A,-0.00982,7.39
2026-06-29T15:00:00+00:00,ORDIUSDT,A,-0.01078,4.82
2026-06-29T15:15:00+00:00,TACUSDT,B,0.01807,30.4
2026-06-29T16:00:00+00:00,AAVEUSDT,B,0.00497,3.15
2026-06-29T16:00:00+00:00,COINUSDT,B,0.00418,3.58
2026-06-29T16:00:00+00:00,GWEIUSDT,B,0.02975,11.59
2026-06-29T16:00:00+00:00,MSTRUSDT,B,0.00068,4.46
2026-06-29T16:00:00+00:00,TACUSDT,A,-0.03476,100.66
2026-06-29T16:30:00+00:00,GWEIUSDT,A,-0.08879,16.76
2026-06-29T16:30:00+00:00,ORDIUSDT,B,0.03214,22.67
2026-06-29T17:30:00+00:00,BEUSDT,B,0.00569,3.75
2026-06-29T17:45:00+00:00,PUMPUSDT,B,0.02009,3.04
2026-06-29T17:45:00+00:00,SYNUSDT,B,0.13494,3.82
2026-06-29T18:45:00+00:00,KITEUSDT,A,-0.01609,5.25
2026-06-29T19:00:00+00:00,ORDIUSDT,A,-0.03934,16.35
2026-06-29T19:30:00+00:00,TACUSDT,B,0.01405,20.38
2026-06-29T19:45:00+00:00,TSMUSDT,B,0.00278,6.86
2026-06-29T20:00:00+00:00,DRAMUSDT,B,0.00139,5.51
2026-06-29T20:45:00+00:00,ORDIUSDT,B,0.00697,3.47
2026-06-29T21:00:00+00:00,COINUSDT,B,0.00185,4.24
2026-06-29T22:45:00+00:00,TACUSDT,A,-0.03793,156.12
2026-06-29T23:00:00+00:00,KITEUSDT,B,0.00618,8.15
2026-06-30T00:00:00+00:00,DRAMUSDT,B,0.00042,3.22
2026-06-30T00:15:00+00:00,EWYUSDT,A,-0.00974,3.97
2026-06-30T00:45:00+00:00,EWYUSDT,B,0.00663,3.8
2026-06-30T01:00:00+00:00,PAXGUSDT,A,-0.00709,9.14
2026-06-30T01:00:00+00:00,XAUTUSDT,A,-0.00684,4.95
2026-06-30T01:15:00+00:00,BABAUSDT,A,-0.00666,4.85
2026-06-30T01:30:00+00:00,TACUSDT,B,0.00862,3.05
2026-06-30T02:00:00+00:00,UBUSDT,A,-0.07876,5.37
2026-06-30T02:45:00+00:00,WLFIUSDT,A,-0.01352,3.31
2026-06-30T03:00:00+00:00,KAITOUSDT,A,-0.01279,4.2
2026-06-30T05:30:00+00:00,ORDIUSDT,A,-0.02453,4.73
2026-06-30T05:30:00+00:00,UBUSDT,B,0.0606,3.02
2026-06-30T07:30:00+00:00,BASEDUSDT,B,0.03301,7.87
2026-06-30T08:15:00+00:00,TIAUSDT,B,0.00103,6.03
2026-06-30T08:30:00+00:00,SYNUSDT,B,0.06065,3.27
2026-06-30T08:30:00+00:00,TIAUSDT,A,-0.01414,5.57
2026-06-30T08:30:00+00:00,WDCUSDT,A,-0.02467,11.72
2026-06-30T08:45:00+00:00,1000SHIBUSDT,B,0.0026,7.16
2026-06-30T08:45:00+00:00,MSTRUSDT,B,0.00011,3.52
2026-06-30T08:45:00+00:00,TACUSDT,B,0.03903,4.99
2026-06-30T08:45:00+00:00,UBUSDT,A,-0.07447,4.74
2026-06-30T08:45:00+00:00,WDCUSDT,B,0.00578,9.61
2026-06-30T09:30:00+00:00,ORDIUSDT,A,-0.03325,8.46
2026-06-30T10:15:00+00:00,UBUSDT,B,0.01923,3.27
2026-06-30T10:30:00+00:00,BASEDUSDT,A,-0.02966,5.19
2026-06-30T11:00:00+00:00,VANRYUSDT,B,0.00515,7.61
2026-06-30T11:15:00+00:00,MORPHOUSDT,A,-0.02597,3.39
2026-06-30T11:15:00+00:00,PENDLEUSDT,A,-0.02184,4.59
2026-06-30T11:15:00+00:00,VANRYUSDT,A,-0.03043,3.72
2026-06-30T12:30:00+00:00,CRCLUSDT,B,0.00377,3.07
2026-06-30T12:30:00+00:00,NATGASUSDT,B,0.00487,5.18
2026-06-30T12:45:00+00:00,NATGASUSDT,A,-0.00666,6.0
2026-06-30T13:00:00+00:00,BEUSDT,B,0.01628,3.37
2026-06-30T13:00:00+00:00,MSTRUSDT,B,0.00219,4.15
2026-06-30T13:15:00+00:00,AMZNUSDT,A,-0.00519,5.75
2026-06-30T13:15:00+00:00,COINUSDT,B,0.01242,4.91
2026-06-30T13:15:00+00:00,CRCLUSDT,A,-0.02269,9.43
2026-06-30T13:15:00+00:00,HOODUSDT,B,0.01524,7.24
2026-06-30T13:15:00+00:00,METAUSDT,B,0.00212,3.16
2026-06-30T13:15:00+00:00,MSFTUSDT,B,0.00585,6.9
2026-06-30T13:15:00+00:00,MSTRUSDT,A,-0.01091,4.04
2026-06-30T13:15:00+00:00,NVDAUSDT,B,0.00668,4.6
2026-06-30T13:15:00+00:00,SYNUSDT,B,0.03432,5.78
2026-06-30T13:30:00+00:00,AAPLUSDT,B,0.00697,9.52
2026-06-30T13:30:00+00:00,AMDUSDT,B,0.01305,10.85
2026-06-30T13:30:00+00:00,AMZNUSDT,B,0.00955,10.06
2026-06-30T13:30:00+00:00,BABAUSDT,A,-0.00442,5.25
2026-06-30T13:30:00+00:00,CBRSUSDT,B,0.00507,9.03
2026-06-30T13:30:00+00:00,COINUSDT,A,-0.01908,15.09
2026-06-30T13:30:00+00:00,DRAMUSDT,B,0.00388,5.42
2026-06-30T13:30:00+00:00,EWYUSDT,B,0.00172,3.93
2026-06-30T13:30:00+00:00,INTCUSDT,B,0.01907,9.1
2026-06-30T13:30:00+00:00,LITEUSDT,B,0.00477,6.71
2026-06-30T13:30:00+00:00,METAUSDT,A,-0.00712,5.81
2026-06-30T13:30:00+00:00,NBISUSDT,B,0.05054,13.61
2026-06-30T13:30:00+00:00,ORCLUSDT,B,0.00095,7.8
2026-06-30T13:30:00+00:00,PENDLEUSDT,B,0.0042,5.87
2026-06-30T13:30:00+00:00,PLTRUSDT,B,0.00695,10.36
2026-06-30T13:30:00+00:00,QQQUSDT,B,0.00563,3.24
2026-06-30T13:30:00+00:00,RKLBUSDT,B,0.03017,13.79
2026-06-30T13:30:00+00:00,SYNUSDT,A,-0.05937,5.66
2026-06-30T13:30:00+00:00,TSLAUSDT,B,0.00805,15.22
2026-06-30T13:30:00+00:00,TSMUSDT,B,0.00934,7.43
2026-06-30T13:30:00+00:00,WDCUSDT,B,0.02927,6.48
2026-06-30T13:45:00+00:00,BABAUSDT,B,0.00391,3.08
2026-06-30T13:45:00+00:00,RKLBUSDT,A,-0.01643,4.71
2026-06-30T14:15:00+00:00,TACUSDT,B,0.00269,6.47
2026-06-30T14:30:00+00:00,TSMUSDT,A,-0.00511,5.52
2026-06-30T14:45:00+00:00,BEUSDT,A,-0.01501,4.74
2026-06-30T15:00:00+00:00,ZBTUSDT,B,0.00847,7.04
2026-06-30T15:30:00+00:00,TACUSDT,A,-0.03396,7.89
2026-06-30T15:30:00+00:00,ZBTUSDT,A,-0.01211,6.12
2026-06-30T16:45:00+00:00,TRXUSDT,A,-0.00263,3.63
2026-06-30T17:00:00+00:00,LITUSDT,B,0.00463,7.3
2026-06-30T18:00:00+00:00,LDOUSDT,A,-0.01727,4.43
2026-06-30T19:00:00+00:00,ZBTUSDT,B,0.01367,3.45
2026-06-30T19:45:00+00:00,BEUSDT,B,0.00169,5.1
2026-06-30T19:45:00+00:00,NVDAUSDT,B,0.00286,3.25
2026-06-30T19:45:00+00:00,TSMUSDT,B,0.00218,4.61
2026-06-30T20:00:00+00:00,NBISUSDT,B,0.00412,4.53
2026-06-30T20:30:00+00:00,BEUSDT,A,-0.03338,29.97
2026-06-30T20:45:00+00:00,PLTRUSDT,B,0.01038,8.55
2026-06-30T20:45:00+00:00,WLFIUSDT,A,-0.01347,12.13
2026-06-30T21:15:00+00:00,ZBTUSDT,A,-0.02568,5.28
2026-07-01T00:00:00+00:00,BASEDUSDT,B,0.02755,3.53
2026-07-01T00:45:00+00:00,EWYUSDT,A,-0.01187,4.38
2026-07-01T01:00:00+00:00,1000BONKUSDT,A,-0.01511,4.68
2026-07-01T01:00:00+00:00,1000PEPEUSDT,A,-0.01524,4.6
2026-07-01T01:00:00+00:00,ATOMUSDT,A,-0.01257,4.45
2026-07-01T02:30:00+00:00,BASEDUSDT,A,-0.03601,8.9
2026-07-01T02:30:00+00:00,ZBTUSDT,B,0.02316,3.27
2026-07-01T03:30:00+00:00,ADAUSDT,B,0.01361,3.0
2026-07-01T04:00:00+00:00,ZBTUSDT,A,-0.01145,5.87
2026-07-01T04:45:00+00:00,PUMPUSDT,B,0.00696,3.15
2026-07-01T06:30:00+00:00,BASEDUSDT,B,0.02924,7.0
2026-07-01T06:45:00+00:00,1000PEPEUSDT,A,-0.01428,6.57
2026-07-01T06:45:00+00:00,ZBTUSDT,B,0.02537,9.49
2026-07-01T07:45:00+00:00,BASEDUSDT,A,-0.02963,18.73
2026-07-01T08:00:00+00:00,JUPUSDT,B,0.004,3.56
2026-07-01T08:30:00+00:00,TIAUSDT,B,0.02048,3.02
2026-07-01T08:45:00+00:00,ZBTUSDT,A,-0.04092,16.34
2026-07-01T09:00:00+00:00,ALGOUSDT,B,0.0024,3.33
2026-07-01T10:30:00+00:00,BASEDUSDT,B,0.03309,5.96
2026-07-01T10:45:00+00:00,ZBTUSDT,B,0.01625,19.8
2026-07-01T11:00:00+00:00,MSFTUSDT,B,0.00264,5.15
2026-07-01T12:15:00+00:00,BASEDUSDT,A,-0.01904,4.71
2026-07-01T12:15:00+00:00,MORPHOUSDT,B,0.03184,30.29
2026-07-01T12:15:00+00:00,TLMUSDT,B,0.02762,3.98
2026-07-01T12:30:00+00:00,AMZNUSDT,A,-0.01072,9.84
2026-07-01T12:30:00+00:00,ARMUSDT,A,-0.02895,4.56
2026-07-01T12:30:00+00:00,BEUSDT,A,-0.02526,8.49
2026-07-01T12:30:00+00:00,DRAMUSDT,A,-0.01402,8.08
2026-07-01T12:30:00+00:00,EWYUSDT,A,-0.01031,4.13
2026-07-01T12:30:00+00:00,METAUSDT,B,0.06146,34.98
2026-07-01T12:30:00+00:00,MSFTUSDT,A,-0.0091,5.04
2026-07-01T12:30:00+00:00,NBISUSDT,A,-0.05552,19.99
2026-07-01T12:30:00+00:00,WDCUSDT,A,-0.01317,4.57
2026-07-01T12:45:00+00:00,AAPLUSDT,B,0.01364,5.83
2026-07-01T12:45:00+00:00,AMZNUSDT,B,0.00697,7.5
2026-07-01T12:45:00+00:00,GOOGLUSDT,B,0.00996,4.02
2026-07-01T12:45:00+00:00,JUPUSDT,B,0.01631,3.37
2026-07-01T12:45:00+00:00,METAUSDT,A,-0.00828,12.11
2026-07-01T12:45:00+00:00,NATGASUSDT,B,0.00495,3.21
2026-07-01T12:45:00+00:00,ORCLUSDT,A,-0.01218,4.61
2026-07-01T13:00:00+00:00,AKEUSDT,B,0.00774,3.08
2026-07-01T13:00:00+00:00,CRCLUSDT,B,0.00158,3.52
2026-07-01T13:15:00+00:00,ARMUSDT,B,0.01421,3.11
2026-07-01T13:15:00+00:00,CBRSUSDT,B,0.03481,4.66
2026-07-01T13:15:00+00:00,COINUSDT,B,0.01643,4.41
2026-07-01T13:15:00+00:00,GOOGLUSDT,A,-0.00684,5.61
2026-07-01T13:15:00+00:00,NVDAUSDT,B,0.00455,6.76
2026-07-01T13:15:00+00:00,PLTRUSDT,B,0.002,4.68
2026-07-01T13:15:00+00:00,WDCUSDT,B,0.02306,8.07
2026-07-01T13:15:00+00:00,ZBTUSDT,A,-0.01278,18.32
2026-07-01T13:30:00+00:00,1000PEPEUSDT,B,0.00287,3.09
2026-07-01T13:30:00+00:00,AAPLUSDT,A,-0.00804,10.72
2026-07-01T13:30:00+00:00,AMDUSDT,A,-0.00765,12.77
2026-07-01T13:30:00+00:00,BABAUSDT,B,0.0137,10.61
2026-07-01T13:30:00+00:00,BEUSDT,B,0.08411,24.58
2026-07-01T13:30:00+00:00,DRAMUSDT,B,0.00074,5.89
2026-07-01T13:30:00+00:00,HOODUSDT,B,0.01965,14.6
2026-07-01T13:30:00+00:00,LITEUSDT,B,0.01263,6.34
2026-07-01T13:30:00+00:00,MORPHOUSDT,A,-0.01248,4.98
2026-07-01T13:30:00+00:00,MRVLUSDT,B,0.00602,4.98
2026-07-01T13:30:00+00:00,MSTRUSDT,B,0.0442,13.68
2026-07-01T13:30:00+00:00,NVDAUSDT,A,-0.00876,5.77
2026-07-01T13:30:00+00:00,ORCLUSDT,B,0.01137,7.93
2026-07-01T13:30:00+00:00,PAXGUSDT,B,0.012,7.29
2026-07-01T13:30:00+00:00,QQQUSDT,A,-0.00303,3.68
2026-07-01T13:30:00+00:00,RKLBUSDT,B,0.00237,7.07
2026-07-01T13:30:00+00:00,TLMUSDT,A,-0.01302,3.15
2026-07-01T13:30:00+00:00,TSMUSDT,A,-0.01794,10.11
2026-07-01T13:30:00+00:00,XAUTUSDT,B,0.01208,9.53
2026-07-01T13:45:00+00:00,AMDUSDT,B,0.0113,8.41
2026-07-01T13:45:00+00:00,CBRSUSDT,A,-0.03367,5.0
2026-07-01T13:45:00+00:00,EWYUSDT,B,0.00719,3.67
2026-07-01T13:45:00+00:00,NBISUSDT,B,0.01219,9.61
2026-07-01T13:45:00+00:00,PENGUUSDT,B,0.00535,4.82
2026-07-01T13:45:00+00:00,TSLAUSDT,B,0.00588,3.96
2026-07-01T13:45:00+00:00,TSMUSDT,B,0.00861,4.09
2026-07-01T14:00:00+00:00,ADAUSDT,B,0.01887,3.32
2026-07-01T14:00:00+00:00,LDOUSDT,B,0.01645,6.24
2026-07-01T14:00:00+00:00,VIRTUALUSDT,B,0.01946,4.14
2026-07-01T14:15:00+00:00,1000BONKUSDT,B,0.008,3.39
2026-07-01T14:15:00+00:00,MSTRUSDT,A,-0.01452,5.26
2026-07-01T14:15:00+00:00,VVVUSDT,B,0.10492,15.05
2026-07-01T14:30:00+00:00,AKEUSDT,A,-0.04646,9.03
2026-07-01T14:45:00+00:00,VVVUSDT,A,-0.0162,10.04
2026-07-01T14:45:00+00:00,WIFUSDT,B,0.00929,3.12
2026-07-01T14:45:00+00:00,ZBTUSDT,B,0.0242,18.74
2026-07-01T15:00:00+00:00,BASEDUSDT,B,0.00921,4.89
2026-07-01T15:00:00+00:00,MSFTUSDT,B,0.00259,3.77
2026-07-01T15:15:00+00:00,INTCUSDT,B,0.01023,3.14
2026-07-01T15:30:00+00:00,TACUSDT,B,0.02416,4.63
2026-07-01T17:30:00+00:00,LITUSDT,B,0.02105,11.92
2026-07-01T17:30:00+00:00,TLMUSDT,B,0.01502,4.62
2026-07-01T18:00:00+00:00,TLMUSDT,A,-0.01795,4.16
2026-07-01T18:15:00+00:00,LITUSDT,A,-0.05394,10.25
2026-07-01T18:45:00+00:00,METAUSDT,B,0.00016,3.55
2026-07-01T19:00:00+00:00,BASEDUSDT,B,0.00613,3.23
2026-07-01T19:00:00+00:00,MORPHOUSDT,B,0.01557,5.32
2026-07-01T19:00:00+00:00,SLXUSDT,B,0.06906,3.18
2026-07-01T19:30:00+00:00,ZBTUSDT,A,-0.01996,7.35
2026-07-01T20:00:00+00:00,ALGOUSDT,B,0.00233,3.67
2026-07-01T20:00:00+00:00,COINUSDT,A,-0.0091,5.41
2026-07-01T20:00:00+00:00,CRCLUSDT,B,0.00322,5.16
2026-07-01T20:00:00+00:00,ZBTUSDT,B,0.0011,3.94
2026-07-01T20:15:00+00:00,BABAUSDT,B,0.00408,3.95
2026-07-01T20:15:00+00:00,DRAMUSDT,B,0.0035,5.44
2026-07-01T20:45:00+00:00,JUPUSDT,B,0.01871,6.78
2026-07-01T21:00:00+00:00,COINUSDT,B,0.00687,3.29
2026-07-01T21:45:00+00:00,TLMUSDT,B,0.02835,47.67
2026-07-01T22:15:00+00:00,PENDLEUSDT,B,0.01299,3.52
2026-07-01T22:30:00+00:00,VANRYUSDT,B,0.02746,3.67
2026-07-01T22:45:00+00:00,TLMUSDT,A,-0.04636,179.69
2026-07-01T22:45:00+00:00,VANRYUSDT,A,-0.0115,5.77
2026-07-01T23:00:00+00:00,1000SHIBUSDT,A,-0.01014,5.35
2026-07-01T23:00:00+00:00,SLXUSDT,B,0.03865,3.41
2026-07-01T23:15:00+00:00,AKEUSDT,A,-0.03935,4.61
2026-07-01T23:15:00+00:00,BASEDUSDT,B,0.03639,3.93
2026-07-02T00:00:00+00:00,EWYUSDT,A,-0.00979,6.61
2026-07-02T00:00:00+00:00,KITEUSDT,B,0.02184,3.78
2026-07-02T00:15:00+00:00,DRAMUSDT,B,0.00263,3.49
2026-07-02T00:15:00+00:00,EWYUSDT,B,0.00301,3.54
2026-07-02T00:45:00+00:00,ZBTUSDT,A,-0.03432,7.5
2026-07-02T01:00:00+00:00,BASEDUSDT,A,-0.0389,5.57
2026-07-02T01:15:00+00:00,KAITOUSDT,B,0.01491,3.13
2026-07-02T01:30:00+00:00,BABAUSDT,B,0.01317,20.88
2026-07-02T02:45:00+00:00,ZBTUSDT,B,0.00628,3.02
2026-07-02T03:30:00+00:00,RIFUSDT,B,0.06246,3.11
2026-07-02T04:15:00+00:00,AKEUSDT,B,0.01312,4.5
2026-07-02T04:15:00+00:00,SAMSUNGUSDT,B,0.00269,3.23
2026-07-02T04:15:00+00:00,TLMUSDT,A,-0.06457,4.92
2026-07-02T04:30:00+00:00,SAMSUNGUSDT,A,-0.01063,7.02
2026-07-02T05:00:00+00:00,ZBTUSDT,A,-0.02353,5.89
2026-07-02T05:15:00+00:00,SLXUSDT,B,0.04768,3.37
2026-07-02T06:00:00+00:00,DRAMUSDT,A,-0.01898,4.69
2026-07-02T06:00:00+00:00,EWYUSDT,A,-0.01448,3.92
2026-07-02T06:15:00+00:00,DRAMUSDT,B,0.00274,3.39
2026-07-02T06:30:00+00:00,BASEDUSDT,A,-0.14058,16.91
2026-07-02T07:30:00+00:00,BASEDUSDT,B,0.02132,3.19
2026-07-02T08:30:00+00:00,TLMUSDT,A,-0.09453,5.71
2026-07-02T09:30:00+00:00,PENDLEUSDT,B,0.0149,4.53
2026-07-02T10:00:00+00:00,PLTRUSDT,B,0.01521,5.71
2026-07-02T10:30:00+00:00,RIFUSDT,B,0.01501,3.42
2026-07-02T10:30:00+00:00,TLMUSDT,B,0.01184,4.1
2026-07-02T10:45:00+00:00,FARTCOINUSDT,B,0.02153,3.02
2026-07-02T10:45:00+00:00,JUPUSDT,B,0.00842,4.92
2026-07-02T10:45:00+00:00,PENGUUSDT,B,0.01233,5.25
2026-07-02T11:00:00+00:00,UNIUSDT,B,0.02002,3.73
2026-07-02T11:00:00+00:00,USUSDT,B,0.02296,3.15
2026-07-02T11:45:00+00:00,PLTRUSDT,A,-0.00806,4.66
2026-07-02T12:00:00+00:00,DRAMUSDT,B,0.01909,11.74
2026-07-02T12:00:00+00:00,EWYUSDT,B,0.01126,4.65
2026-07-02T12:15:00+00:00,LDOUSDT,B,0.01959,5.37
2026-07-02T12:30:00+00:00,BABAUSDT,B,0.00487,3.24
2026-07-02T12:30:00+00:00,MSFTUSDT,B,0.00089,3.48
2026-07-02T12:30:00+00:00,PAXGUSDT,B,0.01621,18.14
2026-07-02T12:30:00+00:00,SAMSUNGUSDT,B,0.00611,9.9
2026-07-02T12:30:00+00:00,WDCUSDT,B,0.00518,3.52
2026-07-02T12:30:00+00:00,XAUTUSDT,B,0.01554,12.41
2026-07-02T12:45:00+00:00,TLMUSDT,A,-0.03474,18.81
2026-07-02T13:00:00+00:00,TSLAUSDT,B,0.00072,21.06
2026-07-02T13:00:00+00:00,USUSDT,A,-0.07405,4.61
2026-07-02T13:15:00+00:00,GOOGLUSDT,B,0.00368,3.7
2026-07-02T13:15:00+00:00,LINKUSDT,B,0.00491,3.14
2026-07-02T13:15:00+00:00,MSTRUSDT,B,0.00695,7.29
2026-07-02T13:30:00+00:00,AAPLUSDT,B,0.0206,17.35
2026-07-02T13:30:00+00:00,AMDUSDT,A,-0.00878,7.98
2026-07-02T13:30:00+00:00,AMZNUSDT,B,0.00215,11.88
2026-07-02T13:30:00+00:00,CBRSUSDT,A,-0.01547,4.7
2026-07-02T13:30:00+00:00,COINUSDT,B,0.04785,22.0
2026-07-02T13:30:00+00:00,CRCLUSDT,B,0.07421,20.02
2026-07-02T13:30:00+00:00,FETUSDT,B,0.02155,4.27
2026-07-02T13:30:00+00:00,HOODUSDT,B,0.05313,20.88
2026-07-02T13:30:00+00:00,INTCUSDT,A,-0.01713,7.1
2026-07-02T13:30:00+00:00,LITEUSDT,B,0.00992,4.64
2026-07-02T13:30:00+00:00,METAUSDT,A,-0.01901,15.83
2026-07-02T13:30:00+00:00,NBISUSDT,A,-0.01419,7.18
2026-07-02T13:30:00+00:00,NVDAUSDT,B,0.00492,8.16
2026-07-02T13:30:00+00:00,ORCLUSDT,B,0.0168,11.11
2026-07-02T13:30:00+00:00,QQQUSDT,B,0.0015,3.07
2026-07-02T13:30:00+00:00,RKLBUSDT,B,0.04646,12.66
2026-07-02T13:30:00+00:00,TSLAUSDT,A,-0.03303,16.01
2026-07-02T13:30:00+00:00,TSMUSDT,B,0.00255,7.24
2026-07-02T13:45:00+00:00,AMDUSDT,B,0.02055,3.36
2026-07-02T13:45:00+00:00,ARMUSDT,B,0.03849,3.22
2026-07-02T13:45:00+00:00,BEUSDT,B,0.02522,5.18
2026-07-02T13:45:00+00:00,COINUSDT,A,-0.01595,9.73
2026-07-02T13:45:00+00:00,CRCLUSDT,A,-0.0147,6.61
2026-07-02T13:45:00+00:00,MSTRUSDT,A,-0.0111,7.93
2026-07-02T13:45:00+00:00,SLXUSDT,B,0.14457,3.87
2026-07-02T14:00:00+00:00,EWYUSDT,A,-0.00754,4.22
2026-07-02T14:00:00+00:00,PLTRUSDT,B,0.00419,9.28
2026-07-02T14:00:00+00:00,SAMSUNGUSDT,A,-0.0198,6.18
2026-07-02T14:15:00+00:00,BEUSDT,A,-0.05618,5.91
2026-07-02T14:15:00+00:00,HOODUSDT,A,-0.03158,10.79
2026-07-02T14:30:00+00:00,DRAMUSDT,A,-0.01334,5.1
2026-07-02T14:30:00+00:00,TLMUSDT,B,0.00758,31.13
2026-07-02T14:30:00+00:00,TSMUSDT,A,-0.00752,5.29
2026-07-02T14:45:00+00:00,METAUSDT,B,0.00285,3.84
2026-07-02T15:45:00+00:00,PUMPUSDT,B,0.01177,3.49
2026-07-02T16:00:00+00:00,ATOMUSDT,B,0.00454,3.11
2026-07-02T16:00:00+00:00,PENDLEUSDT,B,0.01293,4.29
2026-07-02T16:15:00+00:00,MAGMAUSDT,B,0.07949,3.01
2026-07-02T19:00:00+00:00,TLMUSDT,B,0.02837,14.54
2026-07-02T19:30:00+00:00,TLMUSDT,A,-0.03791,19.0
2026-07-02T19:45:00+00:00,EWYUSDT,B,0.01009,4.87
2026-07-02T19:45:00+00:00,ZROUSDT,B,0.01959,3.08
2026-07-02T20:00:00+00:00,DRAMUSDT,B,0.00477,7.9
2026-07-02T20:30:00+00:00,SLXUSDT,B,0.03086,3.93
2026-07-02T23:15:00+00:00,SAMSUNGUSDT,B,0.02955,5.14
2026-07-02T23:15:00+00:00,TLMUSDT,B,0.02531,5.13
2026-07-03T00:00:00+00:00,EWYUSDT,B,0.00238,4.74
2026-07-03T00:00:00+00:00,RENDERUSDT,B,0.01447,4.07
2026-07-03T00:15:00+00:00,EWYUSDT,A,-0.01186,6.6
2026-07-03T00:15:00+00:00,SAMSUNGUSDT,A,-0.02339,4.71
2026-07-03T02:30:00+00:00,AKEUSDT,B,0.01231,4.65
2026-07-03T02:30:00+00:00,ALGOUSDT,B,0.00115,9.46
2026-07-03T02:30:00+00:00,VANRYUSDT,A,-0.02037,5.27
2026-07-03T03:15:00+00:00,SAMSUNGUSDT,B,0.00624,3.62
2026-07-03T04:00:00+00:00,USUSDT,B,0.02013,3.11
2026-07-03T04:45:00+00:00,MAGMAUSDT,B,0.04679,3.22
2026-07-03T04:45:00+00:00,TLMUSDT,B,0.12958,10.64
2026-07-03T04:45:00+00:00,USUSDT,A,-0.04451,7.41
2026-07-03T05:00:00+00:00,AKEUSDT,A,-0.01112,6.85
2026-07-03T06:15:00+00:00,ATOMUSDT,B,0.00894,3.14
2026-07-03T06:15:00+00:00,VANRYUSDT,B,0.03103,36.53
2026-07-03T07:15:00+00:00,AKEUSDT,B,0.04797,7.08
2026-07-03T07:15:00+00:00,VANRYUSDT,A,-0.03171,4.98
2026-07-03T07:30:00+00:00,KITEUSDT,B,0.028,3.7
2026-07-03T08:00:00+00:00,TIAUSDT,B,0.01404,11.9
2026-07-03T08:15:00+00:00,USUSDT,B,0.05259,3.19
2026-07-03T08:30:00+00:00,PENGUUSDT,B,0.02433,5.42
2026-07-03T09:30:00+00:00,TLMUSDT,B,0.01708,3.6
2026-07-03T09:45:00+00:00,FARTCOINUSDT,B,0.01416,3.0
2026-07-03T10:15:00+00:00,TLMUSDT,A,-0.05717,6.17
2026-07-03T10:30:00+00:00,MAGMAUSDT,A,-0.04598,6.13
2026-07-03T11:00:00+00:00,ATOMUSDT,B,0.00629,6.92
2026-07-03T11:00:00+00:00,FETUSDT,B,0.0016,3.68
2026-07-03T11:00:00+00:00,MAGMAUSDT,B,0.01909,3.55
2026-07-03T11:15:00+00:00,AKEUSDT,B,0.00124,6.89
2026-07-03T12:00:00+00:00,KITEUSDT,A,-0.02623,6.17
2026-07-03T12:00:00+00:00,TIAUSDT,B,0.02671,5.79
2026-07-03T13:00:00+00:00,AKEUSDT,A,-0.0175,42.3
2026-07-03T13:00:00+00:00,ETHFIUSDT,B,0.01644,8.11
2026-07-03T14:15:00+00:00,AAVEUSDT,B,0.01842,3.61
2026-07-03T14:15:00+00:00,WLFIUSDT,A,-0.00685,3.43
2026-07-03T15:00:00+00:00,ETHFIUSDT,A,-0.02159,7.82
2026-07-03T15:00:00+00:00,LDOUSDT,B,0.00409,4.28
2026-07-03T15:00:00+00:00,VANRYUSDT,B,0.03673,27.39
2026-07-03T15:15:00+00:00,1000BONKUSDT,B,0.00685,6.09
2026-07-03T15:15:00+00:00,VANRYUSDT,A,-0.00942,6.18
2026-07-03T15:30:00+00:00,MORPHOUSDT,B,0.00066,3.67
2026-07-03T15:45:00+00:00,PUMPUSDT,A,-0.02638,4.66
2026-07-03T16:00:00+00:00,AKEUSDT,B,0.00691,5.51
2026-07-03T16:15:00+00:00,AEROUSDT,A,-0.0131,4.57
2026-07-03T16:15:00+00:00,MAGMAUSDT,B,0.04472,3.31
2026-07-03T16:45:00+00:00,FARTCOINUSDT,A,-0.01302,3.83
2026-07-03T17:00:00+00:00,ADAUSDT,B,0.01034,3.93
2026-07-03T19:15:00+00:00,TLMUSDT,B,0.10015,5.76
2026-07-03T20:00:00+00:00,ETHFIUSDT,B,0.00931,3.43
2026-07-03T20:15:00+00:00,1000PEPEUSDT,B,0.02582,4.36
2026-07-03T20:15:00+00:00,APTUSDT,B,0.0115,3.26
2026-07-03T20:15:00+00:00,MAGMAUSDT,B,0.02394,7.36
2026-07-03T21:00:00+00:00,AKEUSDT,A,-0.0676,9.35
2026-07-03T21:30:00+00:00,1000BONKUSDT,B,0.0127,4.39
2026-07-03T21:45:00+00:00,AKEUSDT,B,0.0178,16.68
2026-07-03T22:00:00+00:00,1000BONKUSDT,A,-0.01111,5.55
2026-07-03T22:00:00+00:00,1000SHIBUSDT,A,-0.01317,4.27
2026-07-03T22:00:00+00:00,TLMUSDT,A,-0.05668,9.85
2026-07-03T23:15:00+00:00,TLMUSDT,B,0.03672,7.48
2026-07-04T00:00:00+00:00,MAGMAUSDT,A,-0.04629,5.02
2026-07-04T01:15:00+00:00,KITEUSDT,B,0.00529,3.02
2026-07-04T01:45:00+00:00,MAGMAUSDT,B,0.03048,3.11
2026-07-04T02:00:00+00:00,1000BONKUSDT,B,0.00432,3.27
2026-07-04T02:15:00+00:00,ALGOUSDT,B,0.02217,3.47
2026-07-04T03:30:00+00:00,FARTCOINUSDT,A,-0.01336,3.19
2026-07-04T04:00:00+00:00,JUPUSDT,A,-0.015,4.69
2026-07-04T04:15:00+00:00,MAGMAUSDT,A,-0.03538,4.86
2026-07-04T04:30:00+00:00,TLMUSDT,B,0.01282,3.31
2026-07-04T05:15:00+00:00,KITEUSDT,B,0.00261,3.19
2026-07-04T05:30:00+00:00,PENGUUSDT,B,0.01186,4.11
2026-07-04T06:15:00+00:00,LABUSDT,B,0.08714,4.11
2026-07-04T07:15:00+00:00,AKEUSDT,A,-0.05054,4.59
2026-07-04T07:15:00+00:00,ETHFIUSDT,B,0.0089,3.28
2026-07-04T08:00:00+00:00,TIAUSDT,A,-0.01445,9.16
2026-07-04T08:15:00+00:00,KAITOUSDT,A,-0.01141,5.24
2026-07-04T08:30:00+00:00,AKEUSDT,B,0.01492,22.35
2026-07-04T08:30:00+00:00,KAITOUSDT,B,0.01253,4.16
2026-07-04T09:15:00+00:00,1000BONKUSDT,B,0.0027,3.38
2026-07-04T09:30:00+00:00,TLMUSDT,B,0.142,10.79
2026-07-04T09:45:00+00:00,HBARUSDT,B,0.01902,13.33
2026-07-04T10:15:00+00:00,LABUSDT,A,-0.05495,4.41
2026-07-04T10:45:00+00:00,ETCUSDT,B,0.00874,6.75
2026-07-04T11:30:00+00:00,ETHFIUSDT,A,-0.00878,7.09
2026-07-04T12:00:00+00:00,ETHFIUSDT,B,0.02734,8.63
2026-07-04T12:00:00+00:00,LABUSDT,B,0.13839,16.26
2026-07-04T12:00:00+00:00,TLMUSDT,A,-0.04884,7.94
2026-07-04T12:15:00+00:00,DEXEUSDT,B,0.05501,5.33
2026-07-04T12:15:00+00:00,VANRYUSDT,B,0.03654,5.01
2026-07-04T12:30:00+00:00,EPICUSDT,B,0.01429,3.06
2026-07-04T13:15:00+00:00,AKEUSDT,B,0.04187,12.62
2026-07-04T13:15:00+00:00,LITUSDT,B,0.00121,3.14
2026-07-04T13:30:00+00:00,GWEIUSDT,A,-0.11626,6.18
2026-07-04T13:30:00+00:00,TLMUSDT,B,0.01305,3.79
2026-07-04T14:15:00+00:00,LDOUSDT,B,0.00603,6.69
2026-07-04T14:15:00+00:00,PENDLEUSDT,B,0.00742,4.76
2026-07-04T14:45:00+00:00,ADAUSDT,B,0.0132,5.64
2026-07-04T15:00:00+00:00,PENGUUSDT,B,0.00793,3.64
2026-07-04T15:15:00+00:00,MAGMAUSDT,A,-0.04193,6.11
2026-07-04T15:45:00+00:00,1000BONKUSDT,B,0.00807,4.86
2026-07-04T15:45:00+00:00,KITEUSDT,B,0.01506,3.83
2026-07-04T16:00:00+00:00,GWEIUSDT,B,0.02079,3.61
2026-07-04T16:00:00+00:00,LABUSDT,B,0.02267,5.79
2026-07-04T16:15:00+00:00,ETHFIUSDT,B,0.00429,3.12
2026-07-04T16:15:00+00:00,VANRYUSDT,A,-0.04789,128.15
2026-07-04T16:30:00+00:00,ADAUSDT,A,-0.01975,7.55
2026-07-04T16:30:00+00:00,AKEUSDT,A,-0.06112,10.79
2026-07-04T16:30:00+00:00,CRVUSDT,B,0.00279,4.85
2026-07-04T16:30:00+00:00,EIGENUSDT,B,0.01956,4.19
2026-07-04T16:45:00+00:00,LABUSDT,A,-0.11484,13.05
2026-07-04T17:00:00+00:00,1000BONKUSDT,A,-0.01256,5.31
2026-07-04T17:15:00+00:00,HEIUSDT,B,0.03929,5.27
2026-07-04T17:15:00+00:00,VANRYUSDT,B,0.04797,64.59
2026-07-04T17:30:00+00:00,ETHFIUSDT,A,-0.02295,8.41
2026-07-04T20:30:00+00:00,VANRYUSDT,A,-0.04071,78.66
2026-07-04T20:45:00+00:00,HBARUSDT,B,0.01192,4.33
2026-07-04T21:45:00+00:00,VANRYUSDT,B,0.00113,31.75
2026-07-04T22:30:00+00:00,LABUSDT,A,-0.07013,6.08
2026-07-04T23:00:00+00:00,SLXUSDT,B,0.09175,3.6
2026-07-04T23:45:00+00:00,1000BONKUSDT,A,-0.01083,4.26
2026-07-05T00:00:00+00:00,HBARUSDT,A,-0.00777,5.85
2026-07-05T00:00:00+00:00,VVVUSDT,A,-0.0163,3.85
2026-07-05T00:30:00+00:00,ADAUSDT,B,0.00156,3.96
2026-07-05T01:00:00+00:00,ALGOUSDT,B,0.01438,4.01
2026-07-05T01:00:00+00:00,VANRYUSDT,A,-0.04656,4.14
2026-07-05T01:30:00+00:00,ETHFIUSDT,B,0.0168,3.14
2026-07-05T02:15:00+00:00,1000BONKUSDT,B,0.02012,7.89
2026-07-05T03:00:00+00:00,VANRYUSDT,B,0.07495,6.76
2026-07-05T05:15:00+00:00,LABUSDT,B,0.0621,5.34
2026-07-05T06:15:00+00:00,VANRYUSDT,A,-0.02849,6.62
2026-07-05T07:00:00+00:00,VANRYUSDT,B,0.01892,4.18
2026-07-05T07:30:00+00:00,KAITOUSDT,B,0.00603,4.0
2026-07-05T07:45:00+00:00,ETHFIUSDT,B,0.00513,4.2
2026-07-05T07:45:00+00:00,KAITOUSDT,A,-0.01265,10.2
2026-07-05T09:00:00+00:00,EPICUSDT,A,-0.07927,3.91
2026-07-05T09:00:00+00:00,TLMUSDT,B,0.10195,4.59
2026-07-05T10:00:00+00:00,EPICUSDT,B,0.01129,4.83
2026-07-05T10:15:00+00:00,ATOMUSDT,B,0.00129,4.75
2026-07-05T10:30:00+00:00,PENDLEUSDT,A,-0.0209,5.42
2026-07-05T11:00:00+00:00,VANRYUSDT,B,0.00388,3.46
2026-07-05T12:00:00+00:00,WLFIUSDT,B,0.01041,4.4
2026-07-05T12:15:00+00:00,BNBUSDT,B,0.01088,3.16
2026-07-05T12:30:00+00:00,TRXUSDT,B,0.00318,5.44
2026-07-05T13:00:00+00:00,VANRYUSDT,A,-0.02896,21.68
2026-07-05T14:00:00+00:00,EPICUSDT,A,-0.03312,4.0
2026-07-05T14:45:00+00:00,TLMUSDT,B,0.05306,3.08
2026-07-05T15:00:00+00:00,EPICUSDT,B,0.02432,4.61
2026-07-05T15:00:00+00:00,VANRYUSDT,B,0.01506,10.21
2026-07-05T15:15:00+00:00,PUMPUSDT,B,0.01816,8.96
2026-07-05T15:45:00+00:00,LITUSDT,B,0.01953,4.34
2026-07-05T16:00:00+00:00,KAITOUSDT,B,0.00281,7.7
2026-07-05T16:30:00+00:00,LITUSDT,A,-0.021,3.77
2026-07-05T17:30:00+00:00,1000BONKUSDT,A,-0.01476,6.94
2026-07-05T17:30:00+00:00,VANRYUSDT,A,-0.03761,6.45
2026-07-05T18:45:00+00:00,TLMUSDT,B,0.01715,4.79
2026-07-05T19:00:00+00:00,VANRYUSDT,B,0.00387,4.48
2026-07-05T19:15:00+00:00,BCHUSDT,B,0.01968,3.21
2026-07-05T20:00:00+00:00,KAITOUSDT,A,-0.01399,11.56
2026-07-05T21:00:00+00:00,EPICUSDT,B,0.05406,3.3
2026-07-05T22:00:00+00:00,NATGASUSDT,A,-0.00771,4.52
2026-07-05T22:15:00+00:00,TSMUSDT,B,0.01017,4.0
2026-07-05T23:15:00+00:00,1000BONKUSDT,B,0.0053,5.22
2026-07-05T23:30:00+00:00,ETHFIUSDT,B,0.01728,3.28
2026-07-05T23:30:00+00:00,VANRYUSDT,B,0.00411,3.79
2026-07-05T23:45:00+00:00,EPICUSDT,A,-0.01977,4.07
2026-07-06T00:00:00+00:00,BABAUSDT,B,0.00846,3.01
2026-07-06T00:00:00+00:00,EWYUSDT,B,0.01853,6.31
2026-07-06T00:00:00+00:00,HOODUSDT,B,0.00803,3.57
2026-07-06T00:00:00+00:00,SAMSUNGUSDT,B,0.00309,11.82
2026-07-06T00:00:00+00:00,TSMUSDT,A,-0.01447,8.17
2026-07-06T00:15:00+00:00,EWYUSDT,A,-0.00874,5.59
2026-07-06T00:15:00+00:00,SAMSUNGUSDT,A,-0.01743,5.45
2026-07-06T00:30:00+00:00,APTUSDT,B,0.00446,3.54
2026-07-06T00:30:00+00:00,ETCUSDT,B,0.00238,3.6
2026-07-06T00:30:00+00:00,PLTRUSDT,B,0.00261,10.07
2026-07-06T01:00:00+00:00,EPICUSDT,B,0.06197,3.76
2026-07-06T01:00:00+00:00,LITUSDT,B,0.02021,3.12
2026-07-06T01:30:00+00:00,BABAUSDT,A,-0.0151,11.67
2026-07-06T02:00:00+00:00,SLXUSDT,B,0.01112,3.43
2026-07-06T04:15:00+00:00,BCHUSDT,B,0.00389,3.09
2026-07-06T04:15:00+00:00,LITUSDT,A,-0.0169,5.71
2026-07-06T05:15:00+00:00,TIAUSDT,A,-0.01616,4.3
2026-07-06T05:30:00+00:00,ICPUSDT,A,-0.00554,4.27
2026-07-06T06:00:00+00:00,EPICUSDT,A,-0.09406,8.11
2026-07-06T06:00:00+00:00,LITUSDT,B,0.01766,5.5
2026-07-06T06:15:00+00:00,SAMSUNGUSDT,B,0.00889,4.44
2026-07-06T06:30:00+00:00,EPICUSDT,B,0.02523,6.58
2026-07-06T08:00:00+00:00,PLTRUSDT,B,0.00116,4.76
2026-07-06T08:00:00+00:00,VANRYUSDT,B,0.09146,4.23
2026-07-06T08:15:00+00:00,KAITOUSDT,B,0.00977,3.89
2026-07-06T09:15:00+00:00,LITUSDT,A,-0.03301,11.17
2026-07-06T09:30:00+00:00,1000BONKUSDT,A,-0.0122,4.4
2026-07-06T09:30:00+00:00,DEXEUSDT,B,0.06216,6.31
2026-07-06T09:45:00+00:00,ONDOUSDT,B,0.01326,4.45
2026-07-06T09:45:00+00:00,VIRTUALUSDT,A,-0.01486,5.59
2026-07-06T10:00:00+00:00,LITUSDT,B,0.00613,3.09
2026-07-06T12:00:00+00:00,1000PEPEUSDT,A,-0.01058,8.1
2026-07-06T12:00:00+00:00,1000SHIBUSDT,A,-0.0076,4.95
2026-07-06T12:00:00+00:00,AAVEUSDT,B,0.00186,3.17
2026-07-06T12:00:00+00:00,APTUSDT,A,-0.00941,4.98
2026-07-06T12:00:00+00:00,ARBUSDT,A,-0.01029,3.69
2026-07-06T12:00:00+00:00,ATOMUSDT,A,-0.01019,5.04
2026-07-06T12:00:00+00:00,AVAXUSDT,A,-0.0069,4.27
2026-07-06T12:00:00+00:00,BNBUSDT,A,-0.004,8.16
2026-07-06T12:00:00+00:00,CRVUSDT,A,-0.01797,5.6
2026-07-06T12:00:00+00:00,ENAUSDT,A,-0.01802,6.9
2026-07-06T12:00:00+00:00,ETCUSDT,A,-0.00537,6.13
2026-07-06T12:00:00+00:00,ETHFIUSDT,A,-0.01209,5.66
2026-07-06T12:00:00+00:00,FARTCOINUSDT,A,-0.01283,4.79
2026-07-06T12:00:00+00:00,FETUSDT,A,-0.00827,13.0
2026-07-06T12:00:00+00:00,FILUSDT,A,-0.00904,8.56
2026-07-06T12:00:00+00:00,HBARUSDT,A,-0.00728,7.15
2026-07-06T12:00:00+00:00,ICPUSDT,A,-0.01059,5.83
2026-07-06T12:00:00+00:00,LDOUSDT,A,-0.01343,6.91
2026-07-06T12:00:00+00:00,LINKUSDT,A,-0.00795,7.1
2026-07-06T12:00:00+00:00,MSTRUSDT,A,-0.03877,8.56
2026-07-06T12:00:00+00:00,OPUSDT,A,-0.01231,7.7
2026-07-06T12:00:00+00:00,PENDLEUSDT,A,-0.01039,4.6
2026-07-06T12:00:00+00:00,PENGUUSDT,A,-0.01514,6.26
2026-07-06T12:00:00+00:00,RENDERUSDT,A,-0.00761,4.71
2026-07-06T12:00:00+00:00,SEIUSDT,A,-0.00844,9.69
2026-07-06T12:00:00+00:00,SUIUSDT,A,-0.0061,5.61
2026-07-06T12:00:00+00:00,VANRYUSDT,B,0.01392,7.02
2026-07-06T12:00:00+00:00,WIFUSDT,A,-0.01284,6.26
2026-07-06T12:30:00+00:00,PLTRUSDT,B,0.00289,3.09
2026-07-06T12:45:00+00:00,TLMUSDT,B,0.01724,3.88
2026-07-06T13:00:00+00:00,LTCUSDT,A,-0.00567,5.9
2026-07-06T13:00:00+00:00,NATGASUSDT,B,0.01255,4.34
2026-07-06T13:30:00+00:00,AAPLUSDT,B,0.00622,5.74
2026-07-06T13:30:00+00:00,AMDUSDT,B,0.03437,12.97
2026-07-06T13:30:00+00:00,AMZNUSDT,A,-0.01093,12.38
2026-07-06T13:30:00+00:00,ARMUSDT,B,0.036,3.49
2026-07-06T13:30:00+00:00,BABAUSDT,A,-0.00492,6.4
2026-07-06T13:30:00+00:00,BEUSDT,B,0.03883,8.7
2026-07-06T13:30:00+00:00,CBRSUSDT,A,-0.04123,5.37
2026-07-06T13:30:00+00:00,COINUSDT,B,0.0091,16.62
2026-07-06T13:30:00+00:00,CRCLUSDT,B,0.01907,12.78
2026-07-06T13:30:00+00:00,DELLUSDT,B,0.04062,96.35
2026-07-06T13:30:00+00:00,EWYUSDT,B,0.00753,4.57
2026-07-06T13:30:00+00:00,HOODUSDT,B,0.01947,15.79
2026-07-06T13:30:00+00:00,INTCUSDT,B,0.02552,5.73
2026-07-06T13:30:00+00:00,LITEUSDT,B,0.00228,6.86
2026-07-06T13:30:00+00:00,METAUSDT,A,-0.01387,6.94
2026-07-06T13:30:00+00:00,MSFTUSDT,A,-0.00782,9.8
2026-07-06T13:30:00+00:00,MSTRUSDT,B,0.03133,12.32
2026-07-06T13:30:00+00:00,NBISUSDT,B,0.00253,9.92
2026-07-06T13:30:00+00:00,NVDAUSDT,B,0.00483,8.81
2026-07-06T13:30:00+00:00,ORCLUSDT,A,-0.01564,8.23
2026-07-06T13:30:00+00:00,RKLBUSDT,A,-0.03736,6.9
2026-07-06T13:30:00+00:00,TSLAUSDT,B,0.00121,11.53
2026-07-06T13:30:00+00:00,TSMUSDT,B,0.0163,13.5
2026-07-06T13:30:00+00:00,WDCUSDT,B,0.02842,4.03
2026-07-06T13:45:00+00:00,MSFTUSDT,B,0.00166,3.06
2026-07-06T13:45:00+00:00,ORCLUSDT,B,0.00197,6.1
2026-07-06T13:45:00+00:00,RKLBUSDT,B,0.02704,3.89
2026-07-06T14:00:00+00:00,LITUSDT,B,0.00681,3.1
2026-07-06T14:30:00+00:00,ETHFIUSDT,B,0.02792,4.88
2026-07-06T15:00:00+00:00,DELLUSDT,A,-0.01047,13.41
2026-07-06T15:00:00+00:00,SEIUSDT,B,0.00183,6.65
2026-07-06T15:00:00+00:00,VANRYUSDT,A,-0.10197,21.92
2026-07-06T15:15:00+00:00,TLMUSDT,A,-0.07832,5.95
2026-07-06T15:45:00+00:00,ADAUSDT,B,0.01143,4.68
2026-07-06T15:45:00+00:00,DEXEUSDT,B,0.00665,4.06
2026-07-06T15:45:00+00:00,MORPHOUSDT,B,0.02286,4.55
2026-07-06T16:00:00+00:00,LINKUSDT,B,0.00699,3.7
2026-07-06T16:00:00+00:00,NEARUSDT,B,0.0053,3.17
2026-07-06T16:15:00+00:00,AAPLUSDT,A,-0.00265,9.38
2026-07-06T16:15:00+00:00,LITUSDT,A,-0.01563,9.82
2026-07-06T16:15:00+00:00,NEARUSDT,A,-0.01773,4.54
2026-07-06T16:15:00+00:00,VANRYUSDT,B,0.00615,6.24
2026-07-06T16:30:00+00:00,FARTCOINUSDT,B,0.02553,4.01
2026-07-06T16:30:00+00:00,LABUSDT,A,-0.08948,7.55
2026-07-06T16:45:00+00:00,LDOUSDT,B,0.01413,4.86
2026-07-06T17:15:00+00:00,1000BONKUSDT,A,-0.01639,6.84
2026-07-06T17:15:00+00:00,LABUSDT,B,0.01372,3.34
2026-07-06T17:30:00+00:00,EDGEUSDT,B,0.00729,3.93
2026-07-06T18:00:00+00:00,DELLUSDT,B,0.00961,3.02
2026-07-06T18:15:00+00:00,1000BONKUSDT,B,0.0192,38.19
2026-07-06T18:45:00+00:00,USUSDT,B,0.08055,4.02
2026-07-06T19:30:00+00:00,USUSDT,A,-0.02093,18.42
2026-07-06T20:00:00+00:00,SAMSUNGUSDT,B,0.03407,9.29
2026-07-06T20:15:00+00:00,TSMUSDT,B,0.00077,3.08
2026-07-06T21:00:00+00:00,1000SHIBUSDT,B,0.0116,3.29
2026-07-06T21:00:00+00:00,ADAUSDT,B,0.01311,3.16
2026-07-06T21:00:00+00:00,AMZNUSDT,B,0.00065,3.14
2026-07-06T21:00:00+00:00,ATOMUSDT,B,0.0081,3.7
2026-07-06T21:00:00+00:00,AVAXUSDT,B,0.01273,3.69
2026-07-06T21:00:00+00:00,DOTUSDT,B,0.01353,4.77
2026-07-06T21:00:00+00:00,FETUSDT,B,0.01447,3.13
2026-07-06T21:00:00+00:00,LINKUSDT,B,0.01326,6.09
2026-07-06T21:00:00+00:00,SUIUSDT,B,0.01469,3.35
2026-07-06T22:00:00+00:00,VANRYUSDT,B,0.01702,3.57
2026-07-06T22:30:00+00:00,SAMSUNGUSDT,A,-0.0381,11.78
2026-07-06T23:15:00+00:00,USUSDT,B,0.01411,5.68
2026-07-06T23:30:00+00:00,KITEUSDT,A,-0.01075,4.62
2026-07-07T00:00:00+00:00,SEIUSDT,B,0.01206,4.06
2026-07-07T00:00:00+00:00,USUSDT,A,-0.06933,8.52
2026-07-07T00:15:00+00:00,DRAMUSDT,B,0.00788,3.06
2026-07-07T00:15:00+00:00,EDGEUSDT,B,0.01829,3.11
2026-07-07T00:15:00+00:00,SAMSUNGUSDT,B,0.00679,8.93
2026-07-07T01:00:00+00:00,EDGEUSDT,A,-0.06559,32.5
2026-07-07T01:30:00+00:00,AAPLUSDT,B,0.00252,3.75
2026-07-07T01:30:00+00:00,BABAUSDT,B,0.01173,10.09
2026-07-07T01:45:00+00:00,EPICUSDT,B,0.06755,5.83
2026-07-07T01:45:00+00:00,KITEUSDT,B,0.02193,6.71
2026-07-07T02:00:00+00:00,EPICUSDT,A,-0.0706,8.11
2026-07-07T02:15:00+00:00,BABAUSDT,A,-0.01171,10.84
2026-07-07T02:45:00+00:00,VANRYUSDT,B,0.05501,3.66
2026-07-07T04:15:00+00:00,EDGEUSDT,B,0.00858,5.24
2026-07-07T04:30:00+00:00,VANRYUSDT,A,-0.06316,6.29
2026-07-07T05:15:00+00:00,SAMSUNGUSDT,B,0.01834,3.27
2026-07-07T05:45:00+00:00,EDGEUSDT,A,-0.01405,4.67
2026-07-07T06:00:00+00:00,SAMSUNGUSDT,A,-0.01428,5.48
2026-07-07T06:30:00+00:00,EPICUSDT,B,0.01306,17.62
2026-07-07T06:30:00+00:00,PUMPUSDT,B,0.0086,3.3
2026-07-07T06:45:00+00:00,VANRYUSDT,B,0.01195,3.89
2026-07-07T07:00:00+00:00,EPICUSDT,A,-0.08913,11.2
2026-07-07T07:30:00+00:00,AKEUSDT,A,-0.05894,8.0
2026-07-07T08:00:00+00:00,1000BONKUSDT,A,-0.01227,2.34
2026-07-07T08:00:00+00:00,LABUSDT,A,-0.0616,4.43
2026-07-07T08:00:00+00:00,TACUSDT,B,0.0919,3.43
2026-07-07T08:30:00+00:00,EDGEUSDT,B,0.00217,3.67
2026-07-07T09:15:00+00:00,LITUSDT,B,0.01075,4.11
2026-07-07T09:45:00+00:00,EVAAUSDT,B,0.12118,4.95
2026-07-07T09:45:00+00:00,PENDLEUSDT,B,0.01674,3.97
2026-07-07T10:00:00+00:00,AKEUSDT,B,0.02513,4.76
2026-07-07T10:00:00+00:00,LABUSDT,B,0.04119,5.14
2026-07-07T10:45:00+00:00,EDGEUSDT,A,-0.02939,9.09
2026-07-07T11:00:00+00:00,TACUSDT,A,-0.05345,7.12
2026-07-07T11:30:00+00:00,AKEUSDT,A,-0.0386,5.08
2026-07-07T11:30:00+00:00,METAUSDT,B,0.00073,3.64
2026-07-07T11:45:00+00:00,NATGASUSDT,A,-0.01402,6.88
2026-07-07T12:00:00+00:00,AAPLUSDT,B,0.00187,8.13
2026-07-07T12:00:00+00:00,LDOUSDT,B,0.02286,5.21
2026-07-07T12:30:00+00:00,LABUSDT,A,-0.0877,13.0
2026-07-07T12:30:00+00:00,NATGASUSDT,B,0.00094,7.27
2026-07-07T12:45:00+00:00,EDGEUSDT,B,0.01041,4.87
2026-07-07T13:00:00+00:00,PENDLEUSDT,A,-0.01069,5.14
2026-07-07T13:15:00+00:00,AMZNUSDT,B,0.00565,4.75
2026-07-07T13:15:00+00:00,MSTRUSDT,B,0.00268,3.12
2026-07-07T13:15:00+00:00,XAUTUSDT,A,-0.00204,5.67
2026-07-07T13:30:00+00:00,AAPLUSDT,A,-0.0099,12.16
2026-07-07T13:30:00+00:00,AMDUSDT,B,0.00534,7.02
2026-07-07T13:30:00+00:00,AMZNUSDT,A,-0.00582,12.17
2026-07-07T13:30:00+00:00,ARMUSDT,B,0.01617,3.81
2026-07-07T13:30:00+00:00,BABAUSDT,B,0.0186,9.47
2026-07-07T13:30:00+00:00,BEUSDT,B,0.01104,7.3
2026-07-07T13:30:00+00:00,CBRSUSDT,A,-0.02265,8.69
2026-07-07T13:30:00+00:00,COINUSDT,B,0.00341,10.31
2026-07-07T13:30:00+00:00,CRCLUSDT,B,0.01021,10.3
2026-07-07T13:30:00+00:00,DELLUSDT,B,0.04628,7.31
2026-07-07T13:30:00+00:00,DRAMUSDT,B,0.01197,6.42
2026-07-07T13:30:00+00:00,EWYUSDT,B,0.00898,7.72
2026-07-07T13:30:00+00:00,GOOGLUSDT,B,0.00702,3.98
2026-07-07T13:30:00+00:00,HOODUSDT,B,0.01079,11.93
2026-07-07T13:30:00+00:00,INTCUSDT,A,-0.01118,9.06
2026-07-07T13:30:00+00:00,LITEUSDT,B,0.04127,5.72
2026-07-07T13:30:00+00:00,MRVLUSDT,B,0.00907,6.24
2026-07-07T13:30:00+00:00,MSFTUSDT,A,-0.00514,10.59
2026-07-07T13:30:00+00:00,NBISUSDT,B,0.02226,6.35
2026-07-07T13:30:00+00:00,NVDAUSDT,B,0.00088,8.26
2026-07-07T13:30:00+00:00,ORCLUSDT,B,0.00967,5.88
2026-07-07T13:30:00+00:00,RKLBUSDT,A,-0.01589,5.05
2026-07-07T13:30:00+00:00,SAMSUNGUSDT,B,0.00707,4.2
2026-07-07T13:30:00+00:00,TSLAUSDT,A,-0.00533,10.8
2026-07-07T13:30:00+00:00,TSMUSDT,B,0.0026,9.25
2026-07-07T13:30:00+00:00,WDCUSDT,B,0.01387,5.13
2026-07-07T13:45:00+00:00,COINUSDT,A,-0.01242,5.09
2026-07-07T13:45:00+00:00,CRCLUSDT,A,-0.0123,4.73
2026-07-07T13:45:00+00:00,DELLUSDT,A,-0.00798,6.55
2026-07-07T13:45:00+00:00,EVAAUSDT,B,0.01988,9.13
2026-07-07T13:45:00+00:00,HOODUSDT,A,-0.01606,5.92
2026-07-07T13:45:00+00:00,LITUSDT,B,0.00814,3.5
2026-07-07T13:45:00+00:00,MSFTUSDT,B,0.00737,3.12
2026-07-07T13:45:00+00:00,PLTRUSDT,B,0.00224,5.41
2026-07-07T14:00:00+00:00,NBISUSDT,A,-0.01799,6.22
2026-07-07T14:00:00+00:00,ORCLUSDT,A,-0.02992,4.57
2026-07-07T14:00:00+00:00,PLTRUSDT,A,-0.01471,7.28
2026-07-07T14:15:00+00:00,AKEUSDT,B,0.01944,5.75
2026-07-07T14:15:00+00:00,EVAAUSDT,A,-0.03167,7.9
2026-07-07T14:15:00+00:00,LABUSDT,B,0.01218,3.12
2026-07-07T14:30:00+00:00,SAMSUNGUSDT,A,-0.01641,9.05
2026-07-07T14:30:00+00:00,TIAUSDT,B,0.00704,6.05
2026-07-07T15:00:00+00:00,TACUSDT,A,-0.78561,25.91
2026-07-07T15:45:00+00:00,DASHUSDT,B,0.02306,3.51
2026-07-07T16:00:00+00:00,LDOUSDT,B,0.00396,4.42
2026-07-07T16:15:00+00:00,TACUSDT,B,0.05259,4.01
2026-07-07T16:30:00+00:00,EPICUSDT,A,-0.0377,4.2
2026-07-07T16:30:00+00:00,NATGASUSDT,A,-0.00488,7.83
2026-07-07T16:45:00+00:00,EDGEUSDT,B,0.01454,30.98
2026-07-07T16:45:00+00:00,KAITOUSDT,A,-0.00934,3.81
2026-07-07T16:45:00+00:00,LDOUSDT,A,-0.00966,4.53
2026-07-07T16:45:00+00:00,NATGASUSDT,B,0.00123,4.2
2026-07-07T17:00:00+00:00,KAITOUSDT,B,0.00488,8.84
2026-07-07T17:00:00+00:00,LABUSDT,A,-0.06055,4.77
2026-07-07T17:45:00+00:00,EDGEUSDT,A,-0.0333,12.13
2026-07-07T18:00:00+00:00,EVAAUSDT,B,0.05532,14.23
2026-07-07T18:00:00+00:00,METAUSDT,B,0.01483,5.37
2026-07-07T18:15:00+00:00,INJUSDT,A,-0.01368,4.04
2026-07-07T18:30:00+00:00,LABUSDT,B,0.06636,3.6
2026-07-07T18:45:00+00:00,APTUSDT,A,-0.01589,5.48
2026-07-07T18:45:00+00:00,OPUSDT,A,-0.00865,7.38
2026-07-07T19:30:00+00:00,EVAAUSDT,A,-0.05147,6.02
2026-07-07T20:00:00+00:00,EPICUSDT,B,0.0061,3.23
2026-07-07T20:45:00+00:00,EDGEUSDT,B,0.01385,5.17
2026-07-07T22:00:00+00:00,EDGEUSDT,A,-0.05943,9.05
2026-07-07T22:30:00+00:00,LDOUSDT,B,0.00895,3.23
2026-07-07T23:30:00+00:00,EVAAUSDT,B,0.05609,4.5
2026-07-08T00:00:00+00:00,ALGOUSDT,B,0.00814,3.44
2026-07-08T00:00:00+00:00,EWYUSDT,B,0.01067,4.84
2026-07-08T00:00:00+00:00,SAMSUNGUSDT,B,0.02347,6.86
2026-07-08T01:15:00+00:00,EDGEUSDT,B,0.01964,3.08
2026-07-08T01:30:00+00:00,BABAUSDT,B,0.01594,8.02
2026-07-08T01:30:00+00:00,FILUSDT,A,-0.01289,4.33
2026-07-08T01:30:00+00:00,LDOUSDT,A,-0.01044,4.7
2026-07-08T01:30:00+00:00,NEARUSDT,A,-0.01773,3.95
2026-07-08T01:30:00+00:00,PENGUUSDT,A,-0.01956,8.47
2026-07-08T02:00:00+00:00,AVAXUSDT,A,-0.01725,4.56
2026-07-08T02:00:00+00:00,ETHFIUSDT,A,-0.02185,6.19
2026-07-08T02:00:00+00:00,KAITOUSDT,B,0.0131,4.66
2026-07-08T02:00:00+00:00,SEIUSDT,A,-0.01496,7.26
2026-07-08T02:30:00+00:00,EDGEUSDT,A,-0.03428,5.48
2026-07-08T02:30:00+00:00,LDOUSDT,B,0.00126,3.5
2026-07-08T02:45:00+00:00,EVAAUSDT,A,-0.07147,6.75
2026-07-08T03:00:00+00:00,PUMPUSDT,B,0.02359,4.05
2026-07-08T03:30:00+00:00,LABUSDT,A,-0.06557,4.37
2026-07-08T04:00:00+00:00,LABUSDT,B,0.11817,3.58
2026-07-08T04:30:00+00:00,SAMSUNGUSDT,A,-0.01014,6.69
2026-07-08T04:45:00+00:00,EWYUSDT,B,0.00408,3.22
2026-07-08T04:45:00+00:00,SAMSUNGUSDT,B,0.00253,10.13
2026-07-08T05:00:00+00:00,EVAAUSDT,B,0.06972,6.15
2026-07-08T05:15:00+00:00,EDGEUSDT,B,0.00506,5.61
2026-07-08T05:15:00+00:00,UNIUSDT,B,0.01383,3.82
2026-07-08T05:30:00+00:00,BABAUSDT,B,0.00394,7.3
2026-07-08T06:30:00+00:00,KAITOUSDT,B,0.00801,6.11
2026-07-08T06:30:00+00:00,LDOUSDT,A,-0.02197,9.63
2026-07-08T06:45:00+00:00,BABAUSDT,A,-0.01279,11.59
2026-07-08T06:45:00+00:00,JUPUSDT,B,0.00577,7.29
2026-07-08T06:45:00+00:00,LDOUSDT,B,0.01297,4.23
2026-07-08T07:00:00+00:00,KAITOUSDT,A,-0.04128,6.57
2026-07-08T07:15:00+00:00,PENDLEUSDT,B,0.01601,3.82
2026-07-08T08:00:00+00:00,EVAAUSDT,A,-0.0507,5.7
2026-07-08T08:15:00+00:00,APTUSDT,A,-0.02331,6.2
2026-07-08T08:15:00+00:00,FETUSDT,A,-0.01243,7.52
2026-07-08T08:15:00+00:00,FILUSDT,A,-0.01785,4.72
2026-07-08T08:15:00+00:00,ICPUSDT,A,-0.0114,4.19
2026-07-08T08:15:00+00:00,LINKUSDT,A,-0.0166,4.8
2026-07-08T08:15:00+00:00,NATGASUSDT,B,0.01488,8.61
2026-07-08T08:15:00+00:00,OPUSDT,A,-0.01822,7.37
2026-07-08T08:15:00+00:00,PAXGUSDT,A,-0.00699,4.89
2026-07-08T08:15:00+00:00,PLTRUSDT,A,-0.01702,10.98
2026-07-08T08:15:00+00:00,UNIUSDT,A,-0.03012,3.92
2026-07-08T08:15:00+00:00,XAUTUSDT,A,-0.00666,4.89
2026-07-08T08:30:00+00:00,DELLUSDT,A,-0.01309,4.2
2026-07-08T08:30:00+00:00,OPUSDT,B,0.00309,4.09
2026-07-08T08:30:00+00:00,ORCLUSDT,A,-0.00525,5.0
2026-07-08T08:30:00+00:00,PENDLEUSDT,A,-0.00788,5.52
2026-07-08T08:30:00+00:00,PUMPUSDT,A,-0.02512,5.11
2026-07-08T08:45:00+00:00,AKEUSDT,A,-0.0283,5.63
2026-07-08T08:45:00+00:00,JUPUSDT,A,-0.0274,5.51
2026-07-08T08:45:00+00:00,KITEUSDT,B,0.00522,4.07
2026-07-08T09:00:00+00:00,AKEUSDT,B,0.01888,3.23
2026-07-08T09:00:00+00:00,SAMSUNGUSDT,A,-0.02108,4.63
2026-07-08T09:15:00+00:00,EDGEUSDT,B,0.00946,9.66
2026-07-08T09:15:00+00:00,EVAAUSDT,B,0.02715,3.72
2026-07-08T09:15:00+00:00,SAMSUNGUSDT,B,0.00436,9.81
2026-07-08T09:45:00+00:00,BABAUSDT,B,0.00568,4.98
2026-07-08T10:00:00+00:00,1000SHIBUSDT,B,0.00048,4.35
2026-07-08T10:00:00+00:00,ETHFIUSDT,B,0.01289,5.51
2026-07-08T10:15:00+00:00,EDGEUSDT,A,-0.0193,22.1
2026-07-08T10:30:00+00:00,KAITOUSDT,B,0.00099,13.6
2026-07-08T11:45:00+00:00,BNBUSDT,B,0.002,3.9
2026-07-08T11:45:00+00:00,KAITOUSDT,A,-0.02337,41.0
2026-07-08T12:15:00+00:00,LDOUSDT,B,0.01243,7.86
2026-07-08T12:30:00+00:00,EVAAUSDT,A,-0.10527,6.43
2026-07-08T12:45:00+00:00,APTUSDT,A,-0.01309,7.23
2026-07-08T13:00:00+00:00,KITEUSDT,B,0.01153,4.44
2026-07-08T13:15:00+00:00,DELLUSDT,B,0.01898,3.52
2026-07-08T13:15:00+00:00,PLTRUSDT,A,-0.00964,4.39
2026-07-08T13:30:00+00:00,AAOIUSDT,B,0.02787,3.65
2026-07-08T13:30:00+00:00,AMDUSDT,B,0.02397,5.45
2026-07-08T13:30:00+00:00,ARMUSDT,B,0.02912,4.05
2026-07-08T13:30:00+00:00,BABAUSDT,A,-0.00801,13.35
2026-07-08T13:30:00+00:00,BCHUSDT,B,0.0099,4.99
2026-07-08T13:30:00+00:00,BEUSDT,B,0.0033,5.29
2026-07-08T13:30:00+00:00,CBRSUSDT,B,0.0412,4.85
2026-07-08T13:30:00+00:00,COINUSDT,B,0.00683,5.0
2026-07-08T13:30:00+00:00,DRAMUSDT,B,0.03388,4.89
2026-07-08T13:30:00+00:00,EDGEUSDT,B,0.02476,21.02
2026-07-08T13:30:00+00:00,EWYUSDT,B,0.01687,5.39
2026-07-08T13:30:00+00:00,HOODUSDT,B,0.01253,7.86
2026-07-08T13:30:00+00:00,INTCUSDT,B,0.00083,3.65
2026-07-08T13:30:00+00:00,LITEUSDT,B,0.02611,3.15
2026-07-08T13:30:00+00:00,METAUSDT,A,-0.01933,4.47
2026-07-08T13:30:00+00:00,MSFTUSDT,B,0.00203,4.92
2026-07-08T13:30:00+00:00,NBISUSDT,B,0.05534,4.67
2026-07-08T13:30:00+00:00,NVDAUSDT,B,0.01603,13.14
2026-07-08T13:30:00+00:00,ORCLUSDT,B,0.01374,6.57
2026-07-08T13:30:00+00:00,SAMSUNGUSDT,B,0.01962,6.77
2026-07-08T13:30:00+00:00,TSMUSDT,B,0.01745,7.6
2026-07-08T13:30:00+00:00,WDCUSDT,B,0.04393,4.2
2026-07-08T13:45:00+00:00,BABAUSDT,B,0.0184,4.41
2026-07-08T13:45:00+00:00,DELLUSDT,A,-0.02322,10.76
2026-07-08T13:45:00+00:00,EVAAUSDT,B,0.00427,5.44
2026-07-08T13:45:00+00:00,NVDAUSDT,A,-0.00323,5.92
2026-07-08T14:00:00+00:00,PLTRUSDT,B,0.00673,3.83
2026-07-08T14:00:00+00:00,TIAUSDT,B,0.00689,7.16
2026-07-08T14:30:00+00:00,EDGEUSDT,A,-0.21475,84.48
2026-07-08T14:30:00+00:00,NATGASUSDT,B,0.00184,3.27
2026-07-08T14:45:00+00:00,AAPLUSDT,A,-0.00496,5.49
2026-07-08T14:45:00+00:00,KAITOUSDT,B,0.03702,7.94
2026-07-08T14:45:00+00:00,LABUSDT,B,0.07219,3.64
2026-07-08T14:45:00+00:00,LDOUSDT,A,-0.02171,18.79
2026-07-08T15:00:00+00:00,LABUSDT,A,-0.21067,4.98
2026-07-08T15:30:00+00:00,XMRUSDT,B,0.0102,4.11
2026-07-08T16:00:00+00:00,NATGASUSDT,A,-0.00768,6.21
2026-07-08T16:15:00+00:00,LDOUSDT,B,0.02278,9.31
2026-07-08T17:00:00+00:00,INJUSDT,A,-0.01458,6.41
2026-07-08T17:15:00+00:00,BEUSDT,A,-0.0143,7.31
2026-07-08T17:15:00+00:00,DELLUSDT,B,0.00978,3.43
2026-07-08T17:30:00+00:00,BEUSDT,B,0.0024,4.59
2026-07-08T17:30:00+00:00,EDGEUSDT,B,0.00023,6.24
2026-07-08T18:45:00+00:00,EDGEUSDT,A,-0.03556,8.53
2026-07-08T19:00:00+00:00,LDOUSDT,A,-0.0139,5.92
2026-07-08T19:45:00+00:00,PLTRUSDT,B,0.00083,3.53
2026-07-08T21:30:00+00:00,EDGEUSDT,B,0.03231,3.75
2026-07-08T22:00:00+00:00,EIGENUSDT,B,0.02525,4.91
2026-07-08T22:15:00+00:00,ATOMUSDT,B,0.00257,3.05
2026-07-08T23:45:00+00:00,EWYUSDT,B,0.00916,3.07
2026-07-09T00:00:00+00:00,SAMSUNGUSDT,B,0.0056,7.44
2026-07-09T01:00:00+00:00,BABAUSDT,B,0.01337,6.86
2026-07-09T01:00:00+00:00,LDOUSDT,B,0.00093,4.11
2026-07-09T01:15:00+00:00,ICPUSDT,B,0.00892,4.75
2026-07-09T01:45:00+00:00,ALGOUSDT,B,0.00709,3.07
2026-07-09T02:00:00+00:00,KAITOUSDT,B,0.00269,3.88
2026-07-09T02:15:00+00:00,BABAUSDT,A,-0.01045,5.48
2026-07-09T03:00:00+00:00,SAMSUNGUSDT,A,-0.01072,5.12
2026-07-09T03:30:00+00:00,ETHFIUSDT,B,0.03522,5.66
2026-07-09T04:00:00+00:00,ARBUSDT,B,0.0139,4.27
2026-07-09T04:15:00+00:00,HBARUSDT,B,0.01194,3.77
2026-07-09T04:15:00+00:00,OPUSDT,B,0.01777,7.53
2026-07-09T05:15:00+00:00,ARBUSDT,A,-0.01249,14.03
2026-07-09T05:30:00+00:00,OPUSDT,A,-0.0165,4.49
2026-07-09T05:30:00+00:00,SAMSUNGUSDT,B,0.00522,3.61
2026-07-09T06:30:00+00:00,AVAXUSDT,B,0.01248,3.39
2026-07-09T07:00:00+00:00,PENDLEUSDT,B,0.00375,3.48
2026-07-09T07:15:00+00:00,HBARUSDT,A,-0.01087,6.33
2026-07-09T08:15:00+00:00,ARBUSDT,B,0.01799,3.03
2026-07-09T08:45:00+00:00,EDGEUSDT,B,0.01567,4.12
2026-07-09T09:00:00+00:00,EVAAUSDT,A,-0.06629,5.91
2026-07-09T09:30:00+00:00,EVAAUSDT,B,0.02516,10.08
2026-07-09T09:45:00+00:00,LABUSDT,B,0.09761,3.27
2026-07-09T10:15:00+00:00,TIAUSDT,B,0.00225,4.09
2026-07-09T11:15:00+00:00,METAUSDT,A,-0.01299,12.47
2026-07-09T12:00:00+00:00,LDOUSDT,B,0.00864,3.16
2026-07-09T12:15:00+00:00,AMZNUSDT,A,-0.00291,5.62
2026-07-09T12:15:00+00:00,BASEDUSDT,A,-0.04181,4.28
2026-07-09T12:15:00+00:00,EWYUSDT,B,0.00343,3.26
2026-07-09T12:30:00+00:00,ARBUSDT,B,0.00684,3.6
2026-07-09T12:30:00+00:00,DRAMUSDT,B,0.00546,4.67
2026-07-09T12:30:00+00:00,VANRYUSDT,B,0.03746,4.63
2026-07-09T12:45:00+00:00,ARBUSDT,A,-0.01014,3.27
2026-07-09T13:15:00+00:00,AMZNUSDT,B,0.00322,3.89
2026-07-09T13:15:00+00:00,METAUSDT,B,0.00306,4.06
2026-07-09T13:15:00+00:00,NATGASUSDT,A,-0.01203,5.37
2026-07-09T13:30:00+00:00,AAOIUSDT,B,0.04268,3.9
2026-07-09T13:30:00+00:00,AAPLUSDT,B,0.0008,4.61
2026-07-09T13:30:00+00:00,AMDUSDT,B,0.02335,6.86
2026-07-09T13:30:00+00:00,ARMUSDT,B,0.04087,5.38
2026-07-09T13:30:00+00:00,BABAUSDT,B,0.00622,4.44
2026-07-09T13:30:00+00:00,BEUSDT,A,-0.02188,8.67
2026-07-09T13:30:00+00:00,COINUSDT,B,0.01511,8.3
2026-07-09T13:30:00+00:00,CRCLUSDT,B,0.00492,5.19
2026-07-09T13:30:00+00:00,DELLUSDT,B,0.00345,9.89
2026-07-09T13:30:00+00:00,GOOGLUSDT,B,0.01026,8.43
2026-07-09T13:30:00+00:00,HOODUSDT,B,0.02725,6.55
2026-07-09T13:30:00+00:00,INTCUSDT,B,0.01401,3.92
2026-07-09T13:30:00+00:00,LITEUSDT,B,0.05016,5.75
2026-07-09T13:30:00+00:00,MRVLUSDT,B,0.01415,4.44
2026-07-09T13:30:00+00:00,MSFTUSDT,B,0.00995,5.12
2026-07-09T13:30:00+00:00,MSTRUSDT,B,0.02493,3.93
2026-07-09T13:30:00+00:00,NBISUSDT,A,-0.03819,6.24
2026-07-09T13:30:00+00:00,NVDAUSDT,A,-0.01315,11.91
2026-07-09T13:30:00+00:00,ORCLUSDT,B,0.03827,14.39
2026-07-09T13:30:00+00:00,RKLBUSDT,A,-0.01899,6.19
2026-07-09T13:30:00+00:00,SAMSUNGUSDT,B,0.00925,11.28
2026-07-09T13:30:00+00:00,TSLAUSDT,B,0.00292,5.24
2026-07-09T13:30:00+00:00,TSMUSDT,A,-0.00825,4.74
2026-07-09T13:45:00+00:00,CBRSUSDT,B,0.03363,3.11
2026-07-09T13:45:00+00:00,NBISUSDT,B,0.00807,3.19
2026-07-09T13:45:00+00:00,NVDAUSDT,B,0.00173,4.53
2026-07-09T13:45:00+00:00,PLTRUSDT,B,0.00619,4.05
2026-07-09T14:00:00+00:00,GOOGLUSDT,A,-0.00936,5.6
2026-07-09T14:00:00+00:00,ORCLUSDT,A,-0.01413,11.08
2026-07-09T14:15:00+00:00,JUPUSDT,A,-0.01559,5.45
2026-07-09T14:45:00+00:00,EVAAUSDT,A,-0.11809,4.55
2026-07-09T14:45:00+00:00,USUSDT,B,0.02651,3.22
2026-07-09T15:00:00+00:00,DELLUSDT,A,-0.00883,4.36
2026-07-09T15:00:00+00:00,TIAUSDT,B,0.01117,4.28
2026-07-09T15:45:00+00:00,EVAAUSDT,B,0.09786,4.16
2026-07-09T17:15:00+00:00,ARBUSDT,B,0.01024,3.66
2026-07-09T17:45:00+00:00,ICPUSDT,B,0.01829,4.36
2026-07-09T17:45:00+00:00,NVDAUSDT,B,0.00044,6.44
2026-07-09T17:45:00+00:00,TSLAUSDT,B,0.00346,5.86
2026-07-09T18:00:00+00:00,DELLUSDT,B,0.00882,8.58
2026-07-09T18:00:00+00:00,METAUSDT,B,0.008,5.79
2026-07-09T18:00:00+00:00,ORCLUSDT,A,-0.01126,4.69
2026-07-09T18:15:00+00:00,AMZNUSDT,B,0.00139,3.8
2026-07-09T18:15:00+00:00,ORCLUSDT,B,0.00215,6.11
2026-07-09T18:30:00+00:00,MORPHOUSDT,B,0.01188,8.49
2026-07-09T18:45:00+00:00,USUSDT,B,0.06122,20.23
2026-07-09T19:00:00+00:00,USUSDT,A,-0.03539,14.79
2026-07-09T20:00:00+00:00,DEXEUSDT,B,0.03121,3.3
2026-07-09T20:15:00+00:00,TACUSDT,B,0.16774,4.29
2026-07-09T21:30:00+00:00,ARBUSDT,A,-0.01216,7.46
2026-07-09T22:00:00+00:00,DEXEUSDT,A,-0.09652,11.32
2026-07-09T23:15:00+00:00,ATOMUSDT,B,0.00129,3.24
2026-07-09T23:15:00+00:00,USUSDT,B,0.00211,3.03
2026-07-10T00:00:00+00:00,DEXEUSDT,B,0.14418,6.25
2026-07-10T00:00:00+00:00,EWYUSDT,A,-0.01713,4.53
2026-07-10T00:00:00+00:00,SAMSUNGUSDT,A,-0.01891,7.36
2026-07-10T00:30:00+00:00,ARBUSDT,B,0.00183,3.5
2026-07-10T00:30:00+00:00,SAMSUNGUSDT,B,0.00528,3.58
2026-07-10T01:00:00+00:00,BASEDUSDT,A,-0.09767,7.48
2026-07-10T01:00:00+00:00,TACUSDT,A,-0.24353,4.71
2026-07-10T01:30:00+00:00,BABAUSDT,B,0.00904,7.93
2026-07-10T01:45:00+00:00,DOTUSDT,B,0.00844,4.21
2026-07-10T01:45:00+00:00,ICPUSDT,B,0.00127,3.57
2026-07-10T01:45:00+00:00,LINKUSDT,B,0.01156,4.88
2026-07-10T01:45:00+00:00,LTCUSDT,B,0.00753,4.73
2026-07-10T03:00:00+00:00,ARBUSDT,A,-0.00725,6.07
2026-07-10T06:00:00+00:00,USUSDT,B,0.01451,5.07
2026-07-10T06:45:00+00:00,DEXEUSDT,B,0.01762,4.02
2026-07-10T07:00:00+00:00,ARBUSDT,B,0.0041,3.26
2026-07-10T07:00:00+00:00,DEXEUSDT,A,-0.01983,5.46
2026-07-10T07:15:00+00:00,USUSDT,A,-0.06654,9.02
2026-07-10T07:30:00+00:00,PAXGUSDT,A,-0.00209,3.4
2026-07-10T07:30:00+00:00,TRXUSDT,A,-0.00326,3.07
2026-07-10T07:45:00+00:00,EVAAUSDT,B,0.12658,3.26
2026-07-10T07:45:00+00:00,PAXGUSDT,B,0.00035,3.66
2026-07-10T09:45:00+00:00,DOTUSDT,B,0.00684,9.58
2026-07-10T10:00:00+00:00,CRCLUSDT,B,0.03497,5.31
2026-07-10T10:15:00+00:00,SUIUSDT,B,0.01697,5.17
2026-07-10T10:30:00+00:00,METAUSDT,B,0.00749,3.13
2026-07-10T11:15:00+00:00,SEIUSDT,B,0.00336,12.72
2026-07-10T11:45:00+00:00,WLFIUSDT,B,0.00514,3.69
2026-07-10T12:15:00+00:00,EVAAUSDT,B,0.00731,4.04
2026-07-10T12:30:00+00:00,AKEUSDT,A,-0.03704,5.75
2026-07-10T12:45:00+00:00,USUSDT,A,-0.03511,5.42
2026-07-10T13:30:00+00:00,AAOIUSDT,B,0.00516,5.02
2026-07-10T13:30:00+00:00,AMDUSDT,B,0.0056,7.63
2026-07-10T13:30:00+00:00,AMZNUSDT,A,-0.00808,8.79
2026-07-10T13:30:00+00:00,BABAUSDT,B,0.00229,3.73
2026-07-10T13:30:00+00:00,BCHUSDT,B,0.01127,4.09
2026-07-10T13:30:00+00:00,BEUSDT,A,-0.0344,4.75
2026-07-10T13:30:00+00:00,CBRSUSDT,B,0.05305,3.69
2026-07-10T13:30:00+00:00,COINUSDT,A,-0.01758,9.17
2026-07-10T13:30:00+00:00,CRCLUSDT,A,-0.03556,18.55
2026-07-10T13:30:00+00:00,DELLUSDT,A,-0.01174,4.58
2026-07-10T13:30:00+00:00,HOODUSDT,A,-0.06092,12.02
2026-07-10T13:30:00+00:00,ICPUSDT,B,0.0074,3.01
2026-07-10T13:30:00+00:00,LITEUSDT,B,0.01327,7.23
2026-07-10T13:30:00+00:00,MSTRUSDT,B,0.00101,4.68
2026-07-10T13:30:00+00:00,NBISUSDT,A,-0.01798,5.74
2026-07-10T13:30:00+00:00,NVDAUSDT,B,0.01287,7.68
2026-07-10T13:30:00+00:00,ORCLUSDT,A,-0.01968,10.75
2026-07-10T13:30:00+00:00,PLTRUSDT,A,-0.0172,5.7
2026-07-10T13:30:00+00:00,SAMSUNGUSDT,A,-0.01303,8.78
2026-07-10T13:30:00+00:00,TSLAUSDT,A,-0.00621,4.64
2026-07-10T13:30:00+00:00,TSMUSDT,A,-0.01665,13.85
2026-07-10T13:45:00+00:00,AKEUSDT,B,0.07425,4.58
2026-07-10T13:45:00+00:00,SAMSUNGUSDT,B,0.00882,5.95
2026-07-10T13:45:00+00:00,TSMUSDT,B,0.00784,6.61
2026-07-10T13:45:00+00:00,XAUTUSDT,B,0.00145,5.13
2026-07-10T14:00:00+00:00,COINUSDT,B,0.00303,3.5
2026-07-10T14:00:00+00:00,METAUSDT,A,-0.01001,5.91
2026-07-10T14:15:00+00:00,ARBUSDT,A,-0.01413,3.92
2026-07-10T14:30:00+00:00,1000PEPEUSDT,B,0.00314,3.24
2026-07-10T14:30:00+00:00,DOTUSDT,A,-0.00908,4.9
2026-07-10T14:30:00+00:00,HOODUSDT,B,0.007,3.23
2026-07-10T14:30:00+00:00,METAUSDT,B,0.00135,4.94
2026-07-10T14:30:00+00:00,NATGASUSDT,B,0.00174,3.13
2026-07-10T14:30:00+00:00,ONDOUSDT,B,0.0043,3.03
2026-07-10T14:30:00+00:00,PAXGUSDT,A,-0.00169,5.1
2026-07-10T14:30:00+00:00,SUIUSDT,B,0.00041,3.25
2026-07-10T14:30:00+00:00,XAUTUSDT,A,-0.00164,5.29
2026-07-10T14:45:00+00:00,ICPUSDT,A,-0.00698,4.42
2026-07-10T15:30:00+00:00,DEXEUSDT,B,0.01476,4.41
2026-07-10T15:45:00+00:00,WIFUSDT,A,-0.02804,12.07
2026-07-10T16:00:00+00:00,WIFUSDT,B,0.00328,3.25
2026-07-10T16:15:00+00:00,LABUSDT,A,-0.17026,4.31
2026-07-10T17:00:00+00:00,1000PEPEUSDT,A,-0.01428,4.14
2026-07-10T17:15:00+00:00,VIRTUALUSDT,B,0.03313,18.24
2026-07-10T18:30:00+00:00,VIRTUALUSDT,A,-0.00722,4.35
2026-07-10T19:45:00+00:00,LITUSDT,B,0.00142,3.67
2026-07-10T21:15:00+00:00,VIRTUALUSDT,B,0.01788,3.59
2026-07-11T00:45:00+00:00,HBARUSDT,B,0.00655,4.74
2026-07-11T01:00:00+00:00,VIRTUALUSDT,A,-0.01103,7.89
2026-07-11T01:15:00+00:00,VIRTUALUSDT,B,0.01601,5.15
2026-07-11T05:15:00+00:00,VIRTUALUSDT,A,-0.01397,10.91
2026-07-11T05:30:00+00:00,VIRTUALUSDT,B,0.007,4.13
2026-07-11T07:00:00+00:00,DEXEUSDT,B,0.00825,3.45
2026-07-11T08:00:00+00:00,HBARUSDT,A,-0.00892,9.71
2026-07-11T08:15:00+00:00,HBARUSDT,B,0.002,4.86
2026-07-11T09:30:00+00:00,VIRTUALUSDT,B,0.01791,6.08
2026-07-11T09:45:00+00:00,1000BONKUSDT,A,-0.01185,2.08
2026-07-11T10:15:00+00:00,VIRTUALUSDT,A,-0.00722,4.72
2026-07-11T11:00:00+00:00,DEXEUSDT,B,0.03009,3.13
2026-07-11T11:15:00+00:00,AKEUSDT,B,0.10273,3.43
2026-07-11T13:30:00+00:00,VIRTUALUSDT,B,0.01168,4.02
2026-07-11T13:45:00+00:00,ARBUSDT,B,0.01348,3.03
2026-07-11T14:00:00+00:00,MORPHOUSDT,B,0.02792,8.34
2026-07-11T14:30:00+00:00,ARBUSDT,A,-0.01223,5.13
2026-07-11T15:00:00+00:00,ADAUSDT,B,0.01123,3.75
2026-07-11T15:30:00+00:00,AAVEUSDT,B,0.00464,3.12
2026-07-11T15:30:00+00:00,TIAUSDT,B,0.00169,5.3
2026-07-11T15:30:00+00:00,VIRTUALUSDT,A,-0.00836,7.73
2026-07-11T20:30:00+00:00,ARBUSDT,B,0.00215,3.66
2026-07-11T23:15:00+00:00,DEXEUSDT,B,0.00909,4.42
2026-07-11T23:15:00+00:00,PENGUUSDT,A,-0.01459,6.02
2026-07-12T00:00:00+00:00,ETCUSDT,A,-0.00719,5.21
2026-07-12T00:00:00+00:00,HBARUSDT,A,-0.00599,4.34
2026-07-12T00:00:00+00:00,OPUSDT,A,-0.00981,4.53
2026-07-12T00:00:00+00:00,TIAUSDT,A,-0.01337,4.07
2026-07-12T00:15:00+00:00,EVAAUSDT,A,-0.31072,4.56
2026-07-12T01:15:00+00:00,EVAAUSDT,B,0.20375,4.99
2026-07-12T01:15:00+00:00,HBARUSDT,B,0.0025,3.05
2026-07-12T03:15:00+00:00,DEXEUSDT,B,0.02216,7.06
2026-07-12T03:30:00+00:00,ARBUSDT,B,0.01708,8.03
2026-07-12T03:45:00+00:00,ARBUSDT,A,-0.00934,5.03
2026-07-12T04:45:00+00:00,WLFIUSDT,A,-0.01191,5.59
2026-07-12T06:00:00+00:00,EVAAUSDT,B,0.06235,9.69
2026-07-12T08:00:00+00:00,ZROUSDT,A,-0.02675,6.81
2026-07-12T08:15:00+00:00,DEXEUSDT,B,0.01535,3.24
2026-07-12T09:00:00+00:00,USUSDT,A,-0.08383,5.28
2026-07-12T09:45:00+00:00,ALLOUSDT,B,0.07434,3.57
2026-07-12T12:15:00+00:00,DEXEUSDT,B,0.01355,6.01
2026-07-12T13:15:00+00:00,EVAAUSDT,B,0.08225,4.86
2026-07-12T14:15:00+00:00,DEXEUSDT,A,-0.0309,11.26
2026-07-12T16:30:00+00:00,MAGMAUSDT,B,0.00012,6.5
2026-07-12T16:45:00+00:00,MAGMAUSDT,A,-0.04688,5.68
2026-07-12T18:00:00+00:00,1000PEPEUSDT,B,0.00664,3.68
2026-07-12T19:45:00+00:00,DEXEUSDT,B,0.0042,3.96
2026-07-12T22:00:00+00:00,APTUSDT,A,-0.01199,4.74
2026-07-12T22:00:00+00:00,BCHUSDT,A,-0.01077,5.93
2026-07-12T22:00:00+00:00,PAXGUSDT,A,-0.00447,5.86
2026-07-12T22:00:00+00:00,XAUTUSDT,A,-0.0044,5.17
2026-07-13T00:00:00+00:00,DEXEUSDT,B,0.01147,4.49
2026-07-13T00:00:00+00:00,EWYUSDT,B,0.00826,4.68
2026-07-13T00:00:00+00:00,LINKUSDT,B,0.01527,3.05
2026-07-13T00:00:00+00:00,NVDAUSDT,B,0.00502,3.37
2026-07-13T00:00:00+00:00,PUMPUSDT,B,0.03493,3.88
2026-07-13T00:00:00+00:00,SAMSUNGUSDT,B,0.0266,8.22
2026-07-13T00:15:00+00:00,SAMSUNGUSDT,A,-0.01169,5.15
2026-07-13T01:00:00+00:00,DRAMUSDT,A,-0.0081,7.47
2026-07-13T01:00:00+00:00,EVAAUSDT,A,-0.16151,4.35
2026-07-13T01:15:00+00:00,KITEUSDT,B,0.00348,3.54
2026-07-13T01:30:00+00:00,BABAUSDT,B,0.02376,10.43
2026-07-13T01:45:00+00:00,EWYUSDT,A,-0.01338,4.58
2026-07-13T03:00:00+00:00,DASHUSDT,A,-0.01021,4.23
2026-07-13T05:00:00+00:00,EWYUSDT,B,0.0032,3.1
2026-07-13T05:00:00+00:00,SAMSUNGUSDT,B,0.0075,3.72
2026-07-13T05:15:00+00:00,KITEUSDT,A,-0.01465,4.57
2026-07-13T05:15:00+00:00,SAMSUNGUSDT,A,-0.02249,5.27
2026-07-13T05:30:00+00:00,KITEUSDT,B,0.01171,3.79
2026-07-13T05:30:00+00:00,OPUSDT,B,0.02422,9.39
2026-07-13T05:30:00+00:00,TSMUSDT,B,0.00085,3.43
2026-07-13T06:45:00+00:00,OPUSDT,A,-0.02248,13.44
2026-07-13T07:30:00+00:00,DEXEUSDT,B,0.01492,4.64
2026-07-13T07:45:00+00:00,PUMPUSDT,A,-0.0218,4.92
2026-07-13T08:15:00+00:00,MORPHOUSDT,A,-0.01545,3.23
2026-07-13T08:45:00+00:00,ETCUSDT,B,0.00904,3.49
2026-07-13T09:45:00+00:00,KITEUSDT,B,0.00151,15.04
2026-07-13T10:30:00+00:00,KITEUSDT,A,-0.01675,8.58
2026-07-13T10:30:00+00:00,TRXUSDT,A,-0.00828,4.67
2026-07-13T10:45:00+00:00,METAUSDT,B,0.00243,13.74
2026-07-13T10:45:00+00:00,TRXUSDT,B,0.00064,5.48
2026-07-13T12:30:00+00:00,DEXEUSDT,B,0.00368,3.36
2026-07-13T12:30:00+00:00,HBARUSDT,B,0.00045,3.37
2026-07-13T13:15:00+00:00,NATGASUSDT,A,-0.00596,4.66
2026-07-13T13:30:00+00:00,AAOIUSDT,A,-0.03176,5.33
2026-07-13T13:30:00+00:00,AAPLUSDT,B,0.01707,13.54
2026-07-13T13:30:00+00:00,AMDUSDT,A,-0.01593,12.22
2026-07-13T13:30:00+00:00,AMZNUSDT,B,0.01487,6.12
2026-07-13T13:30:00+00:00,BABAUSDT,B,0.00983,4.73
2026-07-13T13:30:00+00:00,BEUSDT,B,0.05412,6.86
2026-07-13T13:30:00+00:00,CBRSUSDT,B,0.00184,3.08
2026-07-13T13:30:00+00:00,COINUSDT,B,0.00378,8.01
2026-07-13T13:30:00+00:00,CRCLUSDT,A,-0.00871,5.13
2026-07-13T13:30:00+00:00,GOOGLUSDT,B,0.00317,4.63
2026-07-13T13:30:00+00:00,HOODUSDT,A,-0.00664,7.54
2026-07-13T13:30:00+00:00,LITEUSDT,A,-0.01072,5.16
2026-07-13T13:30:00+00:00,MRVLUSDT,A,-0.04042,4.93
2026-07-13T13:30:00+00:00,MSFTUSDT,B,0.00474,4.35
2026-07-13T13:30:00+00:00,ORCLUSDT,A,-0.01064,12.88
2026-07-13T13:30:00+00:00,PLTRUSDT,B,0.00848,5.39
2026-07-13T13:30:00+00:00,QQQUSDT,A,-0.00365,4.06
2026-07-13T13:30:00+00:00,SPYUSDT,B,0.0008,4.18
2026-07-13T13:30:00+00:00,TSLAUSDT,A,-0.0185,5.21
2026-07-13T13:30:00+00:00,TSMUSDT,A,-0.01255,7.91
2026-07-13T13:30:00+00:00,WDCUSDT,A,-0.0307,4.96
2026-07-13T13:45:00+00:00,AMDUSDT,B,0.00769,3.65
2026-07-13T13:45:00+00:00,ARBUSDT,B,0.01581,12.31
2026-07-13T13:45:00+00:00,BEUSDT,A,-0.00974,5.12
2026-07-13T13:45:00+00:00,METAUSDT,A,-0.01507,4.9
2026-07-13T13:45:00+00:00,NVDAUSDT,B,0.00298,4.69
2026-07-13T14:00:00+00:00,JTOUSDT,B,0.03721,5.78
2026-07-13T14:00:00+00:00,QQQUSDT,B,0.00088,3.42
2026-07-13T14:15:00+00:00,CRCLUSDT,B,0.01769,6.14
2026-07-13T14:15:00+00:00,EWYUSDT,B,0.00451,3.13
2026-07-13T14:15:00+00:00,HOODUSDT,B,0.00125,4.29
2026-07-13T14:15:00+00:00,KITEUSDT,B,0.01258,12.75
2026-07-13T14:15:00+00:00,ORCLUSDT,B,0.00169,5.12
2026-07-13T14:15:00+00:00,PAXGUSDT,A,-0.00416,10.4
2026-07-13T14:15:00+00:00,TSMUSDT,B,0.00591,3.11
2026-07-13T14:15:00+00:00,XAUTUSDT,A,-0.0042,8.62
2026-07-13T14:30:00+00:00,DASHUSDT,B,0.0057,6.36
2026-07-13T15:00:00+00:00,CRVUSDT,A,-0.01302,3.93
2026-07-13T15:00:00+00:00,JUPUSDT,B,0.01269,3.04
2026-07-13T16:00:00+00:00,ALLOUSDT,B,0.02985,4.33
2026-07-13T16:00:00+00:00,KITEUSDT,A,-0.01656,5.62
2026-07-13T16:30:00+00:00,1000BONKUSDT,A,-0.0152,3.17
2026-07-13T17:00:00+00:00,CRVUSDT,B,0.01727,3.79
2026-07-13T18:45:00+00:00,DEXEUSDT,B,0.01866,12.8
2026-07-13T19:00:00+00:00,LDOUSDT,B,0.0095,3.51
2026-07-13T19:15:00+00:00,ALLOUSDT,A,-0.02235,10.54
2026-07-13T19:15:00+00:00,SPYUSDT,A,-0.00123,4.42
2026-07-13T19:30:00+00:00,ZBTUSDT,B,0.02304,4.86
2026-07-13T19:45:00+00:00,ORCLUSDT,B,0.00015,3.63
2026-07-13T20:15:00+00:00,ATOMUSDT,B,0.00195,4.45
2026-07-13T20:30:00+00:00,ALLOUSDT,B,0.00152,8.23
2026-07-13T21:15:00+00:00,KITEUSDT,B,0.0064,3.31
2026-07-13T21:30:00+00:00,FILUSDT,A,-0.01388,7.91
2026-07-13T22:00:00+00:00,TRXUSDT,A,-0.002,3.74
2026-07-13T23:00:00+00:00,SAMSUNGUSDT,A,-0.02776,6.01
2026-07-14T00:00:00+00:00,DRAMUSDT,B,0.01608,7.2
2026-07-14T00:00:00+00:00,SAMSUNGUSDT,B,0.01829,10.83
2026-07-14T00:30:00+00:00,DEXEUSDT,A,-0.02431,4.7
2026-07-14T00:45:00+00:00,ZBTUSDT,B,0.02045,3.67
2026-07-14T01:00:00+00:00,TSMUSDT,B,0.00084,8.57
2026-07-14T01:15:00+00:00,ALLOUSDT,A,-0.06628,8.14
2026-07-14T01:30:00+00:00,BABAUSDT,A,-0.02611,11.84
2026-07-14T01:45:00+00:00,ALLOUSDT,B,0.00206,3.38
2026-07-14T01:45:00+00:00,ZBTUSDT,A,-0.02355,5.54
2026-07-14T02:00:00+00:00,BABAUSDT,B,0.02137,5.96
2026-07-14T02:15:00+00:00,BCHUSDT,A,-0.01599,8.62
2026-07-14T02:30:00+00:00,EWYUSDT,B,0.00506,3.41
2026-07-14T02:30:00+00:00,TIAUSDT,B,0.00075,5.77
2026-07-14T02:45:00+00:00,INJUSDT,B,0.01746,3.17
2026-07-14T03:00:00+00:00,SAMSUNGUSDT,A,-0.02807,4.75
2026-07-14T03:30:00+00:00,LABUSDT,B,0.22218,3.25
2026-07-14T04:15:00+00:00,SAMSUNGUSDT,B,0.01672,3.54
2026-07-14T04:30:00+00:00,AKEUSDT,A,-0.02684,6.18
2026-07-14T04:45:00+00:00,LABUSDT,A,-0.25537,4.86
2026-07-14T05:00:00+00:00,ADAUSDT,B,0.00761,6.12
2026-07-14T05:00:00+00:00,BCHUSDT,B,0.01138,4.67
2026-07-14T05:00:00+00:00,ZBTUSDT,B,0.01004,8.22
2026-07-14T05:00:00+00:00,ZROUSDT,B,0.02318,3.66
2026-07-14T05:15:00+00:00,ARBUSDT,B,0.01249,3.21
2026-07-14T05:30:00+00:00,TRXUSDT,B,0.0008,4.78
2026-07-14T06:00:00+00:00,ZBTUSDT,A,-0.02356,9.99
2026-07-14T06:30:00+00:00,VVVUSDT,B,0.01455,3.62
2026-07-14T07:00:00+00:00,INJUSDT,B,0.00099,6.5
2026-07-14T07:00:00+00:00,KITEUSDT,A,-0.02603,10.97
2026-07-14T07:15:00+00:00,SEIUSDT,B,0.00105,6.26
2026-07-14T08:30:00+00:00,ATOMUSDT,B,0.00263,3.83
2026-07-14T09:30:00+00:00,MAGMAUSDT,B,0.00938,4.45
2026-07-14T09:45:00+00:00,PUMPUSDT,A,-0.01043,4.2
2026-07-14T10:30:00+00:00,EVAAUSDT,B,0.20457,3.57
2026-07-14T11:00:00+00:00,MSFTUSDT,A,-0.01959,10.61
2026-07-14T11:00:00+00:00,NBISUSDT,B,0.00531,3.23
2026-07-14T11:00:00+00:00,ORCLUSDT,A,-0.02365,11.25
2026-07-14T11:00:00+00:00,PLTRUSDT,A,-0.01977,5.04
2026-07-14T11:15:00+00:00,ARMUSDT,B,0.00117,3.28
2026-07-14T11:30:00+00:00,AMDUSDT,B,0.00089,3.83
2026-07-14T11:45:00+00:00,GWEIUSDT,B,0.06352,6.6
2026-07-14T11:45:00+00:00,ZBTUSDT,A,-0.03583,5.85
2026-07-14T12:00:00+00:00,CRVUSDT,B,0.01039,3.23
2026-07-14T12:30:00+00:00,1000PEPEUSDT,B,0.00859,3.84
2026-07-14T12:30:00+00:00,1000SHIBUSDT,B,0.00629,3.02
2026-07-14T12:30:00+00:00,AAOIUSDT,B,0.01597,4.29
2026-07-14T12:30:00+00:00,ADAUSDT,B,0.0088,5.42
2026-07-14T12:30:00+00:00,APTUSDT,B,0.00829,3.06
2026-07-14T12:30:00+00:00,ARBUSDT,B,0.01385,3.22
2026-07-14T12:30:00+00:00,ATOMUSDT,B,0.00523,3.84
2026-07-14T12:30:00+00:00,BNBUSDT,B,0.00477,4.65
2026-07-14T12:30:00+00:00,COINUSDT,B,0.00759,3.64
2026-07-14T12:30:00+00:00,DRAMUSDT,B,0.01709,4.46
2026-07-14T12:30:00+00:00,ETHFIUSDT,B,0.00892,4.0
2026-07-14T12:30:00+00:00,EWYUSDT,B,0.01295,7.45
2026-07-14T12:30:00+00:00,HBARUSDT,B,0.00603,7.5
2026-07-14T12:30:00+00:00,LINKUSDT,B,0.01129,5.71
2026-07-14T12:30:00+00:00,LTCUSDT,B,0.00915,4.51
2026-07-14T12:30:00+00:00,NEARUSDT,B,0.00945,5.81
2026-07-14T12:30:00+00:00,NVDAUSDT,B,0.00445,3.77
2026-07-14T12:30:00+00:00,ONDOUSDT,B,0.01197,3.86
2026-07-14T12:30:00+00:00,ORCLUSDT,B,0.00286,5.36
2026-07-14T12:30:00+00:00,PAXGUSDT,B,0.01503,26.03
2026-07-14T12:30:00+00:00,PENDLEUSDT,B,0.01889,3.02
2026-07-14T12:30:00+00:00,PENGUUSDT,B,0.00973,3.78
2026-07-14T12:30:00+00:00,QQQUSDT,B,0.00452,9.44
2026-07-14T12:30:00+00:00,RENDERUSDT,B,0.00877,4.61
2026-07-14T12:30:00+00:00,SAMSUNGUSDT,B,0.01443,5.52
2026-07-14T12:30:00+00:00,SEIUSDT,B,0.00692,4.14
2026-07-14T12:30:00+00:00,SPYUSDT,B,0.00363,16.42
2026-07-14T12:30:00+00:00,SUIUSDT,B,0.01434,5.45
2026-07-14T12:30:00+00:00,XAUTUSDT,B,0.01466,26.23
2026-07-14T13:00:00+00:00,CRVUSDT,A,-0.01315,4.58
2026-07-14T13:00:00+00:00,NATGASUSDT,B,0.00775,3.29
2026-07-14T13:15:00+00:00,ETCUSDT,B,0.00904,5.68
2026-07-14T13:15:00+00:00,MSFTUSDT,B,0.00536,3.32
2026-07-14T13:30:00+00:00,AAPLUSDT,B,0.00431,6.21
2026-07-14T13:30:00+00:00,AMDUSDT,A,-0.01863,10.77
2026-07-14T13:30:00+00:00,AMZNUSDT,B,0.00151,7.55
2026-07-14T13:30:00+00:00,ARMUSDT,A,-0.06744,11.97
2026-07-14T13:30:00+00:00,BEUSDT,B,0.00892,4.47
2026-07-14T13:30:00+00:00,CBRSUSDT,A,-0.05636,6.27
2026-07-14T13:30:00+00:00,COINUSDT,A,-0.00731,8.05
2026-07-14T13:30:00+00:00,CRCLUSDT,A,-0.01944,7.02
2026-07-14T13:30:00+00:00,DELLUSDT,B,0.01718,5.9
2026-07-14T13:30:00+00:00,GOOGLUSDT,B,0.00734,5.97
2026-07-14T13:30:00+00:00,HOODUSDT,A,-0.00864,9.5
2026-07-14T13:30:00+00:00,INTCUSDT,A,-0.00889,4.49
2026-07-14T13:30:00+00:00,LITEUSDT,B,0.00261,8.29
2026-07-14T13:30:00+00:00,METAUSDT,B,0.0105,15.39
2026-07-14T13:30:00+00:00,MRVLUSDT,A,-0.02337,4.89
2026-07-14T13:30:00+00:00,MSTRUSDT,B,0.00074,5.23
2026-07-14T13:30:00+00:00,NVDAUSDT,A,-0.01915,11.11
2026-07-14T13:30:00+00:00,PLTRUSDT,B,0.0253,14.66
2026-07-14T13:30:00+00:00,QQQUSDT,A,-0.00225,5.01
2026-07-14T13:30:00+00:00,RKLBUSDT,B,0.02875,5.44
2026-07-14T13:30:00+00:00,TSLAUSDT,A,-0.00401,5.35
2026-07-14T13:30:00+00:00,TSMUSDT,A,-0.02183,8.27
2026-07-14T13:45:00+00:00,CRCLUSDT,B,0.01024,5.46
2026-07-14T13:45:00+00:00,HOODUSDT,B,0.0167,3.65
2026-07-14T14:00:00+00:00,METAUSDT,A,-0.00504,5.59
2026-07-14T14:15:00+00:00,TSMUSDT,B,0.0041,3.24
2026-07-14T15:30:00+00:00,JUPUSDT,B,0.00818,3.31
2026-07-14T15:45:00+00:00,PUMPUSDT,A,-0.02533,12.39
2026-07-14T16:00:00+00:00,KAITOUSDT,B,0.00487,5.0
2026-07-14T16:00:00+00:00,PUMPUSDT,B,0.00274,3.47
2026-07-14T16:45:00+00:00,EWYUSDT,A,-0.00665,5.17
2026-07-14T21:30:00+00:00,PENDLEUSDT,B,0.02667,7.02
2026-07-15T00:00:00+00:00,DASHUSDT,B,0.00117,3.72
2026-07-15T00:00:00+00:00,SAMSUNGUSDT,A,-0.01583,5.43
2026-07-15T00:15:00+00:00,EWYUSDT,B,0.00775,3.22
2026-07-15T01:15:00+00:00,PUMPUSDT,B,0.04013,7.5
2026-07-15T01:45:00+00:00,BABAUSDT,B,0.02392,6.44
2026-07-15T02:00:00+00:00,BABAUSDT,A,-0.0081,5.69
2026-07-15T02:00:00+00:00,TAOUSDT,A,-0.01842,3.83
2026-07-15T02:15:00+00:00,PUMPUSDT,A,-0.01835,4.95
2026-07-15T03:15:00+00:00,ONDOUSDT,B,0.00751,3.88
2026-07-15T03:45:00+00:00,ZBTUSDT,A,-0.06249,9.63
2026-07-15T04:00:00+00:00,ZBTUSDT,B,0.00389,14.68
2026-07-15T04:45:00+00:00,AKEUSDT,B,0.38989,36.34
2026-07-15T05:00:00+00:00,BCHUSDT,B,0.00558,4.18
2026-07-15T06:15:00+00:00,KITEUSDT,B,0.01424,3.51
2026-07-15T06:30:00+00:00,USUSDT,B,0.14333,11.0
2026-07-15T07:00:00+00:00,USUSDT,A,-0.03019,7.91
2026-07-15T07:00:00+00:00,XMRUSDT,B,0.01231,3.27
2026-07-15T08:00:00+00:00,AKEUSDT,A,-0.03538,345.31
2026-07-15T08:30:00+00:00,BABAUSDT,B,0.00682,4.21
2026-07-15T08:45:00+00:00,AKEUSDT,B,0.10984,120.47
2026-07-15T09:15:00+00:00,LTCUSDT,B,0.00573,3.42
2026-07-15T10:00:00+00:00,ETHFIUSDT,B,0.02704,4.28
2026-07-15T10:00:00+00:00,KAITOUSDT,B,0.02417,5.5
2026-07-15T10:30:00+00:00,KAITOUSDT,A,-0.03015,5.06
2026-07-15T11:00:00+00:00,PUMPUSDT,B,0.01408,4.0
2026-07-15T11:45:00+00:00,USUSDT,B,0.00687,4.53
2026-07-15T12:30:00+00:00,DASHUSDT,B,0.01508,6.07
2026-07-15T12:30:00+00:00,NBISUSDT,B,0.02126,3.5
2026-07-15T12:30:00+00:00,ONDOUSDT,B,0.00462,4.0
2026-07-15T12:30:00+00:00,PAXGUSDT,B,0.00537,3.14
2026-07-15T12:30:00+00:00,SPYUSDT,B,0.00211,3.88
2026-07-15T12:30:00+00:00,XAUTUSDT,B,0.00512,4.11
2026-07-15T12:30:00+00:00,XLMUSDT,A,-0.00503,4.41
2026-07-15T12:45:00+00:00,1000PEPEUSDT,B,0.02086,5.23
2026-07-15T12:45:00+00:00,1000SHIBUSDT,B,0.00724,3.17
2026-07-15T12:45:00+00:00,AKEUSDT,B,0.14422,182.25
2026-07-15T12:45:00+00:00,BNBUSDT,B,0.00628,3.52
2026-07-15T12:45:00+00:00,HBARUSDT,B,0.00044,3.96
2026-07-15T12:45:00+00:00,LINKUSDT,B,0.01384,4.3
2026-07-15T13:00:00+00:00,ETCUSDT,B,0.00168,5.25
2026-07-15T13:15:00+00:00,VIRTUALUSDT,B,0.00534,3.01
2026-07-15T13:30:00+00:00,AAPLUSDT,B,0.0107,4.34
2026-07-15T13:30:00+00:00,AMZNUSDT,B,0.00476,5.72
2026-07-15T13:30:00+00:00,ARMUSDT,B,0.01138,3.42
2026-07-15T13:30:00+00:00,BABAUSDT,B,0.0148,11.69
2026-07-15T13:30:00+00:00,BEUSDT,A,-0.01211,4.1
2026-07-15T13:30:00+00:00,COINUSDT,A,-0.01363,6.79
2026-07-15T13:30:00+00:00,CRCLUSDT,B,0.01443,5.66
2026-07-15T13:30:00+00:00,DELLUSDT,A,-0.03766,4.33
2026-07-15T13:30:00+00:00,GOOGLUSDT,B,0.01599,6.36
2026-07-15T13:30:00+00:00,MSTRUSDT,A,-0.0057,5.37
2026-07-15T13:30:00+00:00,NVDAUSDT,B,0.00019,4.83
2026-07-15T13:30:00+00:00,ORCLUSDT,A,-0.00612,13.07
2026-07-15T13:30:00+00:00,PLTRUSDT,B,0.00097,8.02
2026-07-15T13:30:00+00:00,RKLBUSDT,A,-0.0067,4.71
2026-07-15T13:30:00+00:00,SAMSUNGUSDT,A,-0.02459,4.78
2026-07-15T13:30:00+00:00,TSLAUSDT,B,0.00851,3.15
2026-07-15T13:45:00+00:00,DASHUSDT,A,-0.00483,4.9
2026-07-15T13:45:00+00:00,ORCLUSDT,B,0.00531,4.89
2026-07-15T13:45:00+00:00,SAMSUNGUSDT,B,0.0015,5.93
2026-07-15T14:00:00+00:00,ETHFIUSDT,B,0.00651,3.51
2026-07-15T14:00:00+00:00,MSFTUSDT,B,0.01136,3.35
2026-07-15T14:15:00+00:00,BABAUSDT,A,-0.00714,7.52
2026-07-15T14:15:00+00:00,EWYUSDT,A,-0.01082,5.81
2026-07-15T14:30:00+00:00,AMDUSDT,A,-0.02589,5.52
2026-07-15T14:30:00+00:00,CRVUSDT,A,-0.01182,5.05
2026-07-15T14:30:00+00:00,METAUSDT,B,0.00222,3.09
2026-07-15T14:30:00+00:00,QQQUSDT,A,-0.00415,3.84
2026-07-15T14:30:00+00:00,TSMUSDT,A,-0.00911,10.4
2026-07-15T14:45:00+00:00,DELLUSDT,B,0.00799,3.95
2026-07-15T15:00:00+00:00,AKEUSDT,A,-0.15389,300.38
2026-07-15T15:30:00+00:00,LTCUSDT,B,0.00285,3.08
2026-07-15T15:30:00+00:00,PUMPUSDT,B,0.0042,3.25
2026-07-15T16:00:00+00:00,1000PEPEUSDT,A,-0.0251,10.61
2026-07-15T16:00:00+00:00,1000SHIBUSDT,A,-0.01123,4.16
2026-07-15T16:00:00+00:00,ALLOUSDT,B,0.00595,3.37
2026-07-15T16:00:00+00:00,NVDAUSDT,A,-0.00867,15.77
2026-07-15T16:00:00+00:00,TSLAUSDT,A,-0.00615,8.67
2026-07-15T16:15:00+00:00,TRXUSDT,A,-0.00443,8.56
2026-07-15T16:30:00+00:00,LTCUSDT,A,-0.00883,8.52
2026-07-15T16:30:00+00:00,WLFIUSDT,A,-0.00775,4.46
2026-07-15T16:45:00+00:00,AKEUSDT,B,0.02821,148.52
2026-07-15T16:45:00+00:00,SPYUSDT,B,0.00096,3.58
2026-07-15T16:45:00+00:00,TRXUSDT,B,0.00257,6.14
2026-07-15T17:00:00+00:00,USUSDT,B,0.01014,7.29
2026-07-15T20:00:00+00:00,HOMEUSDT,B,0.10412,7.94
2026-07-15T20:00:00+00:00,ONDOUSDT,B,0.04705,20.34
2026-07-15T20:45:00+00:00,AKEUSDT,B,0.01809,19.65
2026-07-15T21:30:00+00:00,AKEUSDT,A,-0.06699,30.79
2026-07-15T23:15:00+00:00,HOMEUSDT,A,-0.02375,6.15
2026-07-16T00:00:00+00:00,ONDOUSDT,B,0.00932,3.74
2026-07-16T00:00:00+00:00,SAMSUNGUSDT,B,0.00617,4.94
2026-07-16T01:15:00+00:00,OPUSDT,B,0.00692,3.95
2026-07-16T01:30:00+00:00,BABAUSDT,B,0.01322,7.19
2026-07-16T02:00:00+00:00,AKEUSDT,B,0.04009,3.14
2026-07-16T02:45:00+00:00,USUSDT,B,0.03888,20.74
2026-07-16T05:00:00+00:00,ONDOUSDT,B,0.02314,7.97
2026-07-16T05:15:00+00:00,BNBUSDT,B,0.00386,3.1
2026-07-16T05:30:00+00:00,BCHUSDT,B,0.00733,12.93
2026-07-16T05:30:00+00:00,SAMSUNGUSDT,A,-0.01519,5.28
2026-07-16T05:30:00+00:00,TSMUSDT,A,-0.0145,9.41
2026-07-16T06:15:00+00:00,AKEUSDT,B,0.04644,6.14
2026-07-16T06:45:00+00:00,USUSDT,B,0.0254,3.42
2026-07-16T07:15:00+00:00,1000BONKUSDT,A,-0.0163,1.97
2026-07-16T07:30:00+00:00,1000PEPEUSDT,A,-0.01295,5.13
2026-07-16T07:30:00+00:00,PENGUUSDT,A,-0.0116,4.63
2026-07-16T08:00:00+00:00,APTUSDT,A,-0.01108,6.38
2026-07-16T08:00:00+00:00,ETCUSDT,A,-0.01236,4.65
2026-07-16T08:00:00+00:00,LINKUSDT,A,-0.01186,4.26
2026-07-16T08:00:00+00:00,ONDOUSDT,A,-0.00945,8.34
2026-07-16T08:15:00+00:00,USUSDT,A,-0.0356,6.69
2026-07-16T08:45:00+00:00,TSMUSDT,B,0.01216,3.23
2026-07-16T09:45:00+00:00,AKEUSDT,A,-0.07596,6.02
2026-07-16T10:00:00+00:00,ONDOUSDT,B,0.00887,3.11
2026-07-16T10:15:00+00:00,AKEUSDT,B,0.04851,3.8
2026-07-16T10:45:00+00:00,KAITOUSDT,B,0.00155,3.31
2026-07-16T11:00:00+00:00,HOMEUSDT,B,0.0216,3.28
2026-07-16T11:00:00+00:00,USUSDT,B,0.02823,6.2
2026-07-16T12:15:00+00:00,BEUSDT,B,0.01717,6.11
2026-07-16T13:00:00+00:00,PAXGUSDT,B,8e-05,4.71
2026-07-16T13:00:00+00:00,XAUTUSDT,B,0.00033,4.44
2026-07-16T13:15:00+00:00,TSMUSDT,B,0.00333,3.54
2026-07-16T13:30:00+00:00,AAOIUSDT,A,-0.01187,7.1
2026-07-16T13:30:00+00:00,AAPLUSDT,B,0.00012,10.34
2026-07-16T13:30:00+00:00,AMZNUSDT,A,-0.00615,9.33
2026-07-16T13:30:00+00:00,BABAUSDT,A,-0.00514,6.09
2026-07-16T13:30:00+00:00,BEUSDT,A,-0.02457,6.78
2026-07-16T13:30:00+00:00,COINUSDT,A,-0.03177,6.97
2026-07-16T13:30:00+00:00,DRAMUSDT,A,-0.0105,6.22
2026-07-16T13:30:00+00:00,EWYUSDT,A,-0.01043,4.44
2026-07-16T13:30:00+00:00,GOOGLUSDT,A,-0.00905,8.37
2026-07-16T13:30:00+00:00,HOODUSDT,A,-0.02908,6.13
2026-07-16T13:30:00+00:00,METAUSDT,A,-0.01508,13.67
2026-07-16T13:30:00+00:00,MRVLUSDT,A,-0.0283,4.84
2026-07-16T13:30:00+00:00,MSFTUSDT,A,-0.01463,10.01
2026-07-16T13:30:00+00:00,MSTRUSDT,A,-0.02096,4.64
2026-07-16T13:30:00+00:00,NVDAUSDT,A,-0.01203,11.04
2026-07-16T13:30:00+00:00,ORCLUSDT,A,-0.03394,11.53
2026-07-16T13:30:00+00:00,PLTRUSDT,A,-0.02801,8.93
2026-07-16T13:30:00+00:00,QQQUSDT,A,-0.00528,7.57
2026-07-16T13:30:00+00:00,RKLBUSDT,A,-0.04045,6.12
2026-07-16T13:30:00+00:00,TSLAUSDT,A,-0.01482,6.17
2026-07-16T13:45:00+00:00,AMDUSDT,B,0.0031,4.5
2026-07-16T13:45:00+00:00,DRAMUSDT,B,0.00056,5.25
2026-07-16T13:45:00+00:00,MSFTUSDT,B,0.00247,3.33
2026-07-16T13:45:00+00:00,ORCLUSDT,B,0.00118,3.36
2026-07-16T13:45:00+00:00,QQQUSDT,B,0.00138,5.24
2026-07-16T14:00:00+00:00,AAPLUSDT,A,-0.0068,7.71
2026-07-16T14:00:00+00:00,PLTRUSDT,B,0.00759,5.06
2026-07-16T14:30:00+00:00,NATGASUSDT,A,-0.02671,12.6
2026-07-16T14:45:00+00:00,ESPORTSUSDT,B,0.00545,4.17
2026-07-16T14:45:00+00:00,LDOUSDT,B,0.01616,3.98
2026-07-16T14:45:00+00:00,ONDOUSDT,B,0.00155,3.84
2026-07-16T15:00:00+00:00,ONDOUSDT,A,-0.02084,9.99
2026-07-16T15:00:00+00:00,TSMUSDT,A,-0.00771,5.91
2026-07-16T15:00:00+00:00,VIRTUALUSDT,B,0.00217,3.02
2026-07-16T15:15:00+00:00,AKEUSDT,B,0.02512,4.62
2026-07-16T15:15:00+00:00,MORPHOUSDT,A,-0.01228,6.5
2026-07-16T15:15:00+00:00,PUMPUSDT,B,0.03981,6.31
2026-07-16T16:00:00+00:00,USUSDT,B,0.02324,6.76
2026-07-16T17:30:00+00:00,SEIUSDT,B,0.00272,3.31
2026-07-16T18:00:00+00:00,AKEUSDT,A,-0.10878,6.37
2026-07-16T18:00:00+00:00,GOOGLUSDT,A,-0.0204,22.12
2026-07-16T18:00:00+00:00,ZROUSDT,B,0.00517,4.41
2026-07-16T18:15:00+00:00,AAPLUSDT,B,0.00434,3.97
2026-07-16T18:15:00+00:00,ESPORTSUSDT,A,-0.22177,11.12
2026-07-16T18:30:00+00:00,1000BONKUSDT,A,-0.03261,5.88
2026-07-16T18:45:00+00:00,1000BONKUSDT,B,0.01641,10.41
2026-07-16T19:45:00+00:00,KAITOUSDT,B,0.03571,4.09
2026-07-16T19:45:00+00:00,ORCLUSDT,B,0.00355,3.65
2026-07-16T19:45:00+00:00,QQQUSDT,B,0.003,3.12
2026-07-16T23:45:00+00:00,ONDOUSDT,B,0.00055,3.29
2026-07-17T00:00:00+00:00,HOMEUSDT,B,0.00304,4.41
2026-07-17T00:15:00+00:00,AKEUSDT,A,-0.11492,6.39
2026-07-17T00:30:00+00:00,AAPLUSDT,B,0.00224,3.12
2026-07-17T01:00:00+00:00,AKEUSDT,B,0.04737,3.62
2026-07-17T01:30:00+00:00,SAMSUNGUSDT,A,-0.02493,7.39
2026-07-17T02:00:00+00:00,TIAUSDT,A,-0.01509,4.5
2026-07-17T03:00:00+00:00,LTCUSDT,B,0.01378,5.23
2026-07-17T03:15:00+00:00,PENGUUSDT,B,0.00916,4.11
2026-07-17T04:00:00+00:00,HOMEUSDT,A,-0.04579,7.54
2026-07-17T05:45:00+00:00,CRVUSDT,A,-0.01554,5.38
2026-07-17T05:45:00+00:00,ONDOUSDT,A,-0.01577,7.77
2026-07-17T06:15:00+00:00,BCHUSDT,B,0.00324,3.89
2026-07-17T06:30:00+00:00,AKEUSDT,B,0.04722,3.04
2026-07-17T06:45:00+00:00,KAITOUSDT,B,0.01571,3.73
2026-07-17T07:15:00+00:00,SAMSUNGUSDT,B,0.02272,5.57
2026-07-17T07:15:00+00:00,TRXUSDT,B,0.0023,7.4
2026-07-17T07:30:00+00:00,AEROUSDT,B,0.04204,61.61
2026-07-17T08:00:00+00:00,HOMEUSDT,A,-0.03636,15.36
2026-07-17T08:15:00+00:00,SUIUSDT,A,-0.00601,4.38
2026-07-17T08:30:00+00:00,NEARUSDT,A,-0.02074,9.42
2026-07-17T08:45:00+00:00,HOMEUSDT,B,0.04558,11.29
2026-07-17T10:00:00+00:00,TSMUSDT,B,0.00937,4.06
2026-07-17T10:30:00+00:00,ONDOUSDT,B,0.01129,3.7
2026-07-17T11:30:00+00:00,AKEUSDT,B,0.02401,4.55
2026-07-17T11:30:00+00:00,BCHUSDT,A,-0.01386,5.76
2026-07-17T12:00:00+00:00,KAITOUSDT,B,0.01995,6.25
2026-07-17T13:00:00+00:00,1000SHIBUSDT,A,-0.0061,4.44
2026-07-17T13:00:00+00:00,BNBUSDT,A,-0.00482,4.61
2026-07-17T13:00:00+00:00,ENAUSDT,A,-0.01262,2.95
2026-07-17T13:00:00+00:00,KAITOUSDT,A,-0.01586,4.85
2026-07-17T13:00:00+00:00,LINKUSDT,A,-0.01117,5.98
2026-07-17T13:00:00+00:00,NATGASUSDT,B,0.0095,5.19
2026-07-17T13:00:00+00:00,ONDOUSDT,A,-0.00884,4.88
2026-07-17T13:00:00+00:00,PENGUUSDT,A,-0.01906,7.67
2026-07-17T13:15:00+00:00,AAPLUSDT,A,-0.00468,7.19
2026-07-17T13:15:00+00:00,AMZNUSDT,B,0.00266,7.54
2026-07-17T13:15:00+00:00,NVDAUSDT,B,0.00451,3.12
2026-07-17T13:30:00+00:00,AAPLUSDT,B,0.00639,10.13
2026-07-17T13:30:00+00:00,AMDUSDT,A,-0.03018,13.48
2026-07-17T13:30:00+00:00,BEUSDT,A,-0.02986,6.07
2026-07-17T13:30:00+00:00,DELLUSDT,A,-0.01124,4.48
2026-07-17T13:30:00+00:00,DRAMUSDT,A,-0.02103,7.51
2026-07-17T13:30:00+00:00,EWYUSDT,A,-0.0161,6.18
2026-07-17T13:30:00+00:00,GOOGLUSDT,A,-0.01247,5.77
2026-07-17T13:30:00+00:00,HOODUSDT,A,-0.03266,6.66
2026-07-17T13:30:00+00:00,INTCUSDT,A,-0.02442,6.71
2026-07-17T13:30:00+00:00,MSFTUSDT,B,0.00099,8.65
2026-07-17T13:30:00+00:00,NBISUSDT,B,0.01411,5.6
2026-07-17T13:30:00+00:00,NVDAUSDT,A,-0.0217,15.01
2026-07-17T13:30:00+00:00,ORCLUSDT,B,0.00839,10.66
2026-07-17T13:30:00+00:00,PAXGUSDT,B,0.0038,4.84
2026-07-17T13:30:00+00:00,QQQUSDT,A,-0.00608,6.87
2026-07-17T13:30:00+00:00,RKLBUSDT,A,-0.01149,5.07
2026-07-17T13:30:00+00:00,SPYUSDT,A,-0.00143,5.55
2026-07-17T13:30:00+00:00,TSLAUSDT,A,-0.01016,8.71
2026-07-17T13:30:00+00:00,TSMUSDT,A,-0.01393,7.63
2026-07-17T13:30:00+00:00,XAUTUSDT,B,0.00396,6.55
2026-07-17T13:45:00+00:00,AAOIUSDT,B,0.05609,3.24
2026-07-17T13:45:00+00:00,AMDUSDT,B,0.03047,6.91
2026-07-17T13:45:00+00:00,BABAUSDT,B,0.00927,18.66
2026-07-17T13:45:00+00:00,BEUSDT,B,0.04755,4.07
2026-07-17T13:45:00+00:00,COINUSDT,B,0.02934,6.15
2026-07-17T13:45:00+00:00,DELLUSDT,B,0.04064,3.48
2026-07-17T13:45:00+00:00,DRAMUSDT,B,0.04399,4.1
2026-07-17T13:45:00+00:00,GOOGLUSDT,B,0.01459,3.39
2026-07-17T13:45:00+00:00,HOODUSDT,B,0.02995,5.03
2026-07-17T13:45:00+00:00,QQQUSDT,B,0.00878,4.93
2026-07-17T13:45:00+00:00,RKLBUSDT,B,0.02907,3.91
2026-07-17T13:45:00+00:00,SPYUSDT,B,0.00468,5.07
2026-07-17T13:45:00+00:00,TSLAUSDT,B,0.0096,4.22
2026-07-17T14:00:00+00:00,EWYUSDT,B,0.02002,5.68
2026-07-17T14:00:00+00:00,INJUSDT,B,0.00582,4.47
2026-07-17T14:00:00+00:00,LDOUSDT,B,0.01455,3.15
2026-07-17T14:00:00+00:00,LITEUSDT,B,0.03468,4.59
2026-07-17T14:00:00+00:00,PUMPUSDT,B,0.01633,4.68
2026-07-17T14:00:00+00:00,SAMSUNGUSDT,B,0.02788,7.1
2026-07-17T14:00:00+00:00,TSMUSDT,B,0.01243,5.31
2026-07-17T14:45:00+00:00,HOMEUSDT,B,0.02171,4.79
2026-07-17T16:00:00+00:00,ADAUSDT,B,0.00305,4.1
2026-07-17T16:00:00+00:00,AEROUSDT,B,0.00325,17.1
2026-07-17T16:15:00+00:00,METAUSDT,B,0.0152,6.03
2026-07-17T16:45:00+00:00,VVVUSDT,B,0.05076,3.99
2026-07-17T17:00:00+00:00,AKEUSDT,B,0.02406,3.67
2026-07-17T17:00:00+00:00,VVVUSDT,A,-0.0194,3.9
2026-07-17T18:00:00+00:00,ESPORTSUSDT,B,0.02453,3.35
2026-07-17T19:30:00+00:00,TSMUSDT,B,0.00237,4.81
2026-07-17T20:15:00+00:00,XMRUSDT,B,0.01247,7.02
2026-07-17T20:30:00+00:00,USUSDT,B,0.02146,3.82
2026-07-17T21:00:00+00:00,AKEUSDT,B,0.02384,9.26
2026-07-17T22:30:00+00:00,AKEUSDT,A,-0.10424,10.08
2026-07-18T01:15:00+00:00,ONDOUSDT,B,0.02023,5.04
2026-07-18T02:30:00+00:00,ESPORTSUSDT,B,0.0012,4.1
2026-07-18T02:30:00+00:00,TRUMPUSDT,B,0.02655,4.76
2026-07-18T02:30:00+00:00,ZROUSDT,B,0.01988,8.07
2026-07-18T03:15:00+00:00,TRUMPUSDT,A,-0.01586,3.99
2026-07-18T03:30:00+00:00,PENGUUSDT,B,0.02913,4.42
2026-07-18T04:00:00+00:00,HOMEUSDT,A,-0.06266,7.47
2026-07-18T06:45:00+00:00,KITEUSDT,A,-0.03662,4.64
2026-07-18T07:00:00+00:00,AKEUSDT,B,0.02295,3.11
2026-07-18T07:00:00+00:00,KITEUSDT,B,0.01891,10.2
2026-07-18T08:00:00+00:00,TRUMPUSDT,B,0.01289,3.84
2026-07-18T08:30:00+00:00,FARTCOINUSDT,A,-0.02137,5.81
2026-07-18T08:45:00+00:00,WLFIUSDT,B,0.00035,3.19
2026-07-18T09:00:00+00:00,ONDOUSDT,A,-0.03558,19.5
2026-07-18T09:30:00+00:00,AKEUSDT,A,-0.06902,9.36
2026-07-18T09:30:00+00:00,ONDOUSDT,B,0.0061,5.37
2026-07-18T10:00:00+00:00,ETHFIUSDT,B,0.00644,3.52
2026-07-18T10:15:00+00:00,TRUMPUSDT,A,-0.00767,3.85
2026-07-18T11:30:00+00:00,AKEUSDT,B,0.02712,3.54
2026-07-18T12:00:00+00:00,HOMEUSDT,B,0.01059,3.01
2026-07-18T12:15:00+00:00,WLDUSDT,A,-0.04485,9.95
2026-07-18T12:30:00+00:00,WLDUSDT,B,0.02028,3.67
2026-07-18T14:15:00+00:00,ETHFIUSDT,A,-0.01102,4.98
2026-07-18T14:30:00+00:00,1000BONKUSDT,A,-0.01218,2.12
2026-07-18T14:30:00+00:00,LTCUSDT,B,0.00653,3.88
2026-07-18T15:00:00+00:00,PENGUUSDT,B,0.01028,3.86
2026-07-18T15:45:00+00:00,AKEUSDT,B,0.13667,5.97
2026-07-18T15:45:00+00:00,LTCUSDT,A,-0.00559,4.34
2026-07-18T16:00:00+00:00,1000BONKUSDT,B,0.01274,3.15
2026-07-18T16:00:00+00:00,HOMEUSDT,B,0.019,4.76
2026-07-18T16:15:00+00:00,ZBTUSDT,B,0.0034,3.89
2026-07-18T17:15:00+00:00,ESPORTSUSDT,B,0.10942,5.07
2026-07-18T17:45:00+00:00,TRXUSDT,B,0.00269,8.13
2026-07-18T21:00:00+00:00,ESPORTSUSDT,A,-0.0905,6.91
2026-07-18T22:30:00+00:00,FARTCOINUSDT,B,0.01361,3.15
2026-07-19T00:45:00+00:00,ESPORTSUSDT,B,0.09716,4.02
2026-07-19T01:45:00+00:00,TRUMPUSDT,B,0.01649,3.4
2026-07-19T02:00:00+00:00,ESPORTSUSDT,A,-0.14706,6.65
2026-07-19T05:15:00+00:00,ESPORTSUSDT,B,0.04471,4.92
2026-07-19T06:00:00+00:00,USUSDT,B,0.10591,4.45
2026-07-19T07:30:00+00:00,ESPORTSUSDT,A,-0.06526,6.8
2026-07-19T08:30:00+00:00,HOMEUSDT,B,0.02433,3.52
2026-07-19T08:30:00+00:00,WLFIUSDT,B,0.00263,7.68
2026-07-19T08:45:00+00:00,BCHUSDT,B,0.00106,3.84
2026-07-19T09:15:00+00:00,ESPORTSUSDT,B,0.00181,3.84
2026-07-19T10:30:00+00:00,KAITOUSDT,B,0.0281,4.43
2026-07-19T11:15:00+00:00,TLMUSDT,B,0.04035,3.08
2026-07-19T12:45:00+00:00,BCHUSDT,B,0.0012,5.83
2026-07-19T13:15:00+00:00,ESPORTSUSDT,A,-0.21452,10.01
2026-07-19T13:15:00+00:00,KAITOUSDT,A,-0.03285,3.84
2026-07-19T13:30:00+00:00,LTCUSDT,B,0.0019,3.26
2026-07-19T14:00:00+00:00,ESPORTSUSDT,B,0.03911,9.25
2026-07-19T15:00:00+00:00,KAITOUSDT,B,0.02518,3.82
2026-07-19T16:00:00+00:00,TLMUSDT,B,0.12669,3.99
2026-07-19T16:15:00+00:00,TLMUSDT,A,-0.02249,4.91
2026-07-19T17:00:00+00:00,WLDUSDT,A,-0.01323,5.85
2026-07-19T18:45:00+00:00,PUMPUSDT,B,0.01962,5.51
2026-07-19T21:30:00+00:00,PUMPUSDT,A,-0.01468,4.43
2026-07-19T21:30:00+00:00,TRUMPUSDT,A,-0.02783,7.38
2026-07-19T22:00:00+00:00,NATGASUSDT,A,-0.00625,5.54
2026-07-19T22:00:00+00:00,PAXGUSDT,A,-0.00339,3.68
2026-07-19T22:00:00+00:00,XAUTUSDT,A,-0.00342,4.7
2026-07-19T22:45:00+00:00,BABAUSDT,A,-0.01854,8.6
2026-07-19T22:45:00+00:00,PUMPUSDT,B,0.01291,4.82
2026-07-20T00:00:00+00:00,AKEUSDT,B,0.09115,6.14
2026-07-20T00:00:00+00:00,DRAMUSDT,B,0.03946,3.61
2026-07-20T00:00:00+00:00,EWYUSDT,B,0.02175,5.51
2026-07-20T00:00:00+00:00,JUPUSDT,B,0.02757,5.54
2026-07-20T00:00:00+00:00,QQQUSDT,B,0.00249,3.49
2026-07-20T00:00:00+00:00,SAMSUNGUSDT,B,0.05032,9.81
2026-07-20T00:00:00+00:00,WLDUSDT,B,0.02217,3.05
2026-07-20T01:15:00+00:00,BABAUSDT,B,0.01065,5.13
2026-07-20T02:15:00+00:00,FETUSDT,A,-0.01097,4.62
2026-07-20T03:00:00+00:00,RENDERUSDT,B,0.00067,3.4
2026-07-20T05:00:00+00:00,CHZUSDT,A,-0.01225,5.07
2026-07-20T05:00:00+00:00,OPUSDT,A,-0.00745,4.3
2026-07-20T06:15:00+00:00,CHZUSDT,B,0.00693,4.65
2026-07-20T06:30:00+00:00,ETCUSDT,A,-0.00513,5.99
2026-07-20T06:30:00+00:00,LTCUSDT,A,-0.00511,9.8
2026-07-20T07:15:00+00:00,1000BONKUSDT,B,0.039,3.03
2026-07-20T07:30:00+00:00,PUMPUSDT,B,0.01165,3.24
2026-07-20T07:45:00+00:00,PENGUUSDT,B,0.00129,3.51
2026-07-20T08:30:00+00:00,KITEUSDT,B,0.01794,6.39
2026-07-20T09:15:00+00:00,CRVUSDT,B,0.00895,3.24
2026-07-20T10:30:00+00:00,CHZUSDT,B,0.01007,6.76
2026-07-20T10:30:00+00:00,PUMPUSDT,A,-0.02769,7.65
2026-07-20T11:30:00+00:00,1000PEPEUSDT,B,0.01308,3.65
2026-07-20T11:30:00+00:00,APTUSDT,B,0.01177,3.3
2026-07-20T11:30:00+00:00,ETCUSDT,B,0.00781,3.69
2026-07-20T11:30:00+00:00,PENDLEUSDT,B,0.01186,3.01
2026-07-20T11:30:00+00:00,PUMPUSDT,B,0.01305,4.29
2026-07-20T11:30:00+00:00,QQQUSDT,B,0.00353,3.48
2026-07-20T12:00:00+00:00,1000BONKUSDT,B,0.01164,3.94
2026-07-20T12:45:00+00:00,NEARUSDT,B,0.00973,4.58
2026-07-20T13:00:00+00:00,AAOIUSDT,B,0.0103,5.94
2026-07-20T13:00:00+00:00,AMDUSDT,B,0.00791,9.94
2026-07-20T13:00:00+00:00,GOOGLUSDT,B,0.0047,5.6
2026-07-20T13:30:00+00:00,AAPLUSDT,A,-0.00736,5.76
2026-07-20T13:30:00+00:00,AMZNUSDT,B,0.0049,6.92
2026-07-20T13:30:00+00:00,ARMUSDT,B,0.01301,4.72
2026-07-20T13:30:00+00:00,BEUSDT,A,-0.02135,4.11
2026-07-20T13:30:00+00:00,CRCLUSDT,B,0.01953,3.07
2026-07-20T13:30:00+00:00,DRAMUSDT,B,0.01291,3.75
2026-07-20T13:30:00+00:00,EWYUSDT,B,0.01088,3.34
2026-07-20T13:30:00+00:00,HOODUSDT,A,-0.02593,4.84
2026-07-20T13:30:00+00:00,INTCUSDT,B,0.02371,5.65
2026-07-20T13:30:00+00:00,LITEUSDT,B,0.02612,5.6
2026-07-20T13:30:00+00:00,MRVLUSDT,B,0.00952,5.62
2026-07-20T13:30:00+00:00,MSFTUSDT,B,0.00135,7.31
2026-07-20T13:30:00+00:00,MSTRUSDT,B,0.00733,3.78
2026-07-20T13:30:00+00:00,NBISUSDT,B,0.01776,7.37
2026-07-20T13:30:00+00:00,NVDAUSDT,B,0.0047,9.75
2026-07-20T13:30:00+00:00,ORCLUSDT,B,0.00169,8.36
2026-07-20T13:30:00+00:00,PLTRUSDT,B,0.02595,5.19
2026-07-20T13:30:00+00:00,RKLBUSDT,A,-0.0143,6.29
2026-07-20T13:30:00+00:00,SPYUSDT,B,0.00223,3.89
2026-07-20T13:30:00+00:00,TSMUSDT,B,0.00223,4.28
2026-07-20T13:30:00+00:00,VIRTUALUSDT,B,0.01379,10.2
2026-07-20T13:45:00+00:00,NBISUSDT,A,-0.0196,4.49
2026-07-20T13:45:00+00:00,ORCLUSDT,A,-0.02135,4.73
2026-07-20T13:45:00+00:00,QQQUSDT,A,-0.00608,5.06
2026-07-20T13:45:00+00:00,SPYUSDT,A,-0.00366,4.86
2026-07-20T14:15:00+00:00,ATOMUSDT,B,0.00544,4.37
2026-07-20T14:30:00+00:00,AAPLUSDT,B,0.0026,3.45
2026-07-20T15:45:00+00:00,BABAUSDT,B,0.00265,3.03
2026-07-20T15:45:00+00:00,ETCUSDT,B,0.00726,3.46
2026-07-20T15:45:00+00:00,FARTCOINUSDT,B,0.01936,7.64
2026-07-20T15:45:00+00:00,ONDOUSDT,B,0.00656,3.59
2026-07-20T16:00:00+00:00,APTUSDT,B,0.01454,4.26
2026-07-20T16:00:00+00:00,FILUSDT,B,0.01229,4.07
2026-07-20T16:00:00+00:00,PUMPUSDT,A,-0.01136,4.14
2026-07-20T16:15:00+00:00,APTUSDT,A,-0.0135,4.91
2026-07-20T18:00:00+00:00,ADAUSDT,B,0.01494,3.09
2026-07-20T18:30:00+00:00,PUMPUSDT,B,0.01434,6.17
2026-07-20T20:30:00+00:00,PUMPUSDT,A,-0.02367,5.71
2026-07-20T21:00:00+00:00,1000BONKUSDT,B,0.03369,3.47
2026-07-20T21:00:00+00:00,NBISUSDT,B,0.02104,3.47
2026-07-20T21:45:00+00:00,OPUSDT,B,0.01187,7.77
2026-07-21T00:00:00+00:00,PLTRUSDT,B,0.00104,3.9
2026-07-21T00:00:00+00:00,SAMSUNGUSDT,B,0.00512,5.89
2026-07-21T00:30:00+00:00,UNIUSDT,B,0.01319,4.17
2026-07-21T01:30:00+00:00,BABAUSDT,A,-0.01311,6.63
2026-07-21T02:15:00+00:00,1000BONKUSDT,A,-0.01501,2.79
2026-07-21T04:00:00+00:00,LTCUSDT,B,0.00211,3.08
2026-07-21T04:45:00+00:00,LINKUSDT,B,0.00612,4.7
2026-07-21T04:45:00+00:00,VVVUSDT,B,0.02162,4.1
2026-07-21T05:00:00+00:00,ADAUSDT,B,0.01801,5.17
2026-07-21T05:30:00+00:00,OPUSDT,B,0.01475,3.74
2026-07-21T06:00:00+00:00,GOOGLUSDT,B,0.0036,9.52
2026-07-21T06:00:00+00:00,RENDERUSDT,B,0.00195,3.72
2026-07-21T06:45:00+00:00,ONDOUSDT,B,0.03267,8.15
2026-07-21T07:00:00+00:00,TIAUSDT,B,0.00137,4.32
2026-07-21T07:30:00+00:00,DEXEUSDT,B,0.03668,3.29
2026-07-21T08:15:00+00:00,DEXEUSDT,A,-0.03641,12.24
2026-07-21T08:30:00+00:00,AKEUSDT,B,0.02975,4.46
2026-07-21T09:00:00+00:00,ETCUSDT,B,0.00455,4.65
2026-07-21T10:15:00+00:00,VIRTUALUSDT,B,0.0223,6.72
2026-07-21T11:45:00+00:00,DEXEUSDT,B,0.05951,13.51
2026-07-21T12:00:00+00:00,JTOUSDT,B,0.01648,5.36
2026-07-21T12:00:00+00:00,ONDOUSDT,B,0.00549,3.11
2026-07-21T12:15:00+00:00,DEXEUSDT,A,-0.06569,4.44
2026-07-21T13:00:00+00:00,LTCUSDT,B,0.00421,3.7
2026-07-21T13:00:00+00:00,RIFUSDT,A,-0.07178,5.5
2026-07-21T13:15:00+00:00,AAPLUSDT,A,-0.00532,4.56
2026-07-21T13:15:00+00:00,TRXUSDT,B,0.0017,3.31
2026-07-21T13:30:00+00:00,AAOIUSDT,B,0.01362,5.1
2026-07-21T13:30:00+00:00,AAPLUSDT,B,0.00395,7.92
2026-07-21T13:30:00+00:00,AMDUSDT,B,0.00396,5.55
2026-07-21T13:30:00+00:00,BEUSDT,B,0.03943,6.05
2026-07-21T13:30:00+00:00,COINUSDT,B,0.03859,12.05
2026-07-21T13:30:00+00:00,CRCLUSDT,B,0.02383,12.18
2026-07-21T13:30:00+00:00,DELLUSDT,B,0.02785,4.13
2026-07-21T13:30:00+00:00,DRAMUSDT,B,0.00333,3.34
2026-07-21T13:30:00+00:00,GOOGLUSDT,A,-0.00407,6.27
2026-07-21T13:30:00+00:00,HOODUSDT,B,0.02944,5.17
2026-07-21T13:30:00+00:00,LITEUSDT,B,0.00265,4.33
2026-07-21T13:30:00+00:00,METAUSDT,A,-0.00801,7.42
2026-07-21T13:30:00+00:00,MRVLUSDT,B,0.00497,3.07
2026-07-21T13:30:00+00:00,MSFTUSDT,B,0.0022,4.94
2026-07-21T13:30:00+00:00,NBISUSDT,B,0.01553,5.89
2026-07-21T13:30:00+00:00,NVDAUSDT,A,-0.00352,5.92
2026-07-21T13:30:00+00:00,ORCLUSDT,B,0.02466,7.49
2026-07-21T13:30:00+00:00,PLTRUSDT,B,0.00194,5.89
2026-07-21T13:30:00+00:00,QQQUSDT,A,-0.00248,3.97
2026-07-21T13:30:00+00:00,RIFUSDT,B,0.01762,3.48
2026-07-21T13:30:00+00:00,TSLAUSDT,B,0.01337,4.7
2026-07-21T13:30:00+00:00,WDCUSDT,B,0.00196,4.32
2026-07-21T13:30:00+00:00,XMRUSDT,B,0.00069,3.83
2026-07-21T13:45:00+00:00,DASHUSDT,B,0.00549,3.45
2026-07-21T14:30:00+00:00,VIRTUALUSDT,B,0.0118,3.58
2026-07-21T14:30:00+00:00,ZROUSDT,B,0.02164,3.31
2026-07-21T14:45:00+00:00,PUMPUSDT,B,0.00917,4.25
2026-07-21T14:45:00+00:00,SPYUSDT,B,1e-05,5.07
2026-07-21T15:00:00+00:00,1000BONKUSDT,B,0.00259,5.01
2026-07-21T15:00:00+00:00,HBARUSDT,B,0.00132,12.82
2026-07-21T15:45:00+00:00,DEXEUSDT,B,0.08205,7.25
2026-07-21T17:00:00+00:00,DEXEUSDT,A,-0.09034,5.17
2026-07-21T17:30:00+00:00,TAOUSDT,B,0.00121,4.18
2026-07-21T18:30:00+00:00,METAUSDT,B,0.00046,3.12
2026-07-21T18:45:00+00:00,TRXUSDT,B,0.00262,10.01
2026-07-21T19:15:00+00:00,WLFIUSDT,B,0.01101,7.92
2026-07-21T19:45:00+00:00,DEXEUSDT,B,0.02742,3.28
2026-07-21T19:45:00+00:00,GOOGLUSDT,A,-0.00572,4.83
2026-07-21T19:45:00+00:00,HBARUSDT,B,0.001,12.65
2026-07-21T19:45:00+00:00,WLFIUSDT,A,-0.00963,6.07
2026-07-21T20:00:00+00:00,DELLUSDT,B,0.05724,9.03
2026-07-21T20:15:00+00:00,XMRUSDT,B,0.00169,3.01
2026-07-21T21:00:00+00:00,RKLBUSDT,B,0.05265,9.22
2026-07-21T22:00:00+00:00,ONDOUSDT,A,-0.00979,4.21
2026-07-21T22:30:00+00:00,DEXEUSDT,A,-0.12593,11.51
2026-07-22T00:00:00+00:00,EWYUSDT,B,0.01031,3.13
2026-07-22T00:00:00+00:00,RIFUSDT,A,-0.04353,4.78
2026-07-22T00:00:00+00:00,SAMSUNGUSDT,B,0.00248,3.03
2026-07-22T00:15:00+00:00,DEXEUSDT,B,0.02857,3.22
2026-07-22T00:15:00+00:00,RIFUSDT,B,0.02689,4.87
2026-07-22T01:00:00+00:00,XAUTUSDT,B,0.00519,3.01
2026-07-22T01:30:00+00:00,BABAUSDT,A,-0.00813,7.3
2026-07-22T01:45:00+00:00,BABAUSDT,B,0.00094,3.39
2026-07-22T05:45:00+00:00,DASHUSDT,A,-0.00907,5.85
2026-07-22T05:45:00+00:00,SAMSUNGUSDT,B,0.0068,4.56
2026-07-22T05:45:00+00:00,XMRUSDT,B,0.00291,6.7
2026-07-22T06:00:00+00:00,RIFUSDT,B,0.02155,3.56
2026-07-22T06:00:00+00:00,ZROUSDT,B,0.0082,3.25
2026-07-22T06:15:00+00:00,INJUSDT,A,-0.01603,4.68
2026-07-22T07:00:00+00:00,NEARUSDT,A,-0.01104,5.49
2026-07-22T08:00:00+00:00,ETHFIUSDT,B,0.01864,3.52
2026-07-22T08:15:00+00:00,REUSDT,B,0.02791,3.3
2026-07-22T10:00:00+00:00,RIFUSDT,B,0.04121,4.96
2026-07-22T10:15:00+00:00,ONDOUSDT,B,0.00246,7.84
2026-07-22T10:45:00+00:00,DEXEUSDT,B,0.03991,3.15
2026-07-22T10:45:00+00:00,RIFUSDT,A,-0.04082,5.47
2026-07-22T11:45:00+00:00,SAMSUNGUSDT,B,0.00659,4.82
2026-07-22T12:00:00+00:00,EPICUSDT,A,-0.11805,3.14
2026-07-22T12:15:00+00:00,EPICUSDT,B,0.04179,5.06
2026-07-22T12:30:00+00:00,AMDUSDT,B,0.00305,27.89
2026-07-22T12:30:00+00:00,JUPUSDT,A,-0.0093,5.38
2026-07-22T13:15:00+00:00,TAOUSDT,B,0.00543,7.25
2026-07-22T13:30:00+00:00,AAOIUSDT,B,0.00365,4.08
2026-07-22T13:30:00+00:00,AAPLUSDT,A,-0.00433,9.53
2026-07-22T13:30:00+00:00,AMZNUSDT,A,-0.01421,5.99
2026-07-22T13:30:00+00:00,ARMUSDT,B,0.01675,4.38
2026-07-22T13:30:00+00:00,BABAUSDT,B,0.00198,7.09
2026-07-22T13:30:00+00:00,BEUSDT,B,0.02875,5.0
2026-07-22T13:30:00+00:00,CBRSUSDT,B,0.13159,15.06
2026-07-22T13:30:00+00:00,COINUSDT,B,0.01184,6.49
2026-07-22T13:30:00+00:00,CRCLUSDT,B,0.02731,3.32
2026-07-22T13:30:00+00:00,DELLUSDT,B,0.046,5.78
2026-07-22T13:30:00+00:00,DRAMUSDT,B,0.02234,4.99
2026-07-22T13:30:00+00:00,EWYUSDT,B,0.01303,5.41
2026-07-22T13:30:00+00:00,GLWUSDT,B,0.02477,3.95
2026-07-22T13:30:00+00:00,GOOGLUSDT,A,-0.00368,10.93
2026-07-22T13:30:00+00:00,HOODUSDT,B,0.0197,3.09
2026-07-22T13:30:00+00:00,INTCUSDT,B,0.03092,3.97
2026-07-22T13:30:00+00:00,LITEUSDT,B,0.02738,7.21
2026-07-22T13:30:00+00:00,METAUSDT,A,-0.01767,10.26
2026-07-22T13:30:00+00:00,MSFTUSDT,A,-0.01671,5.97
2026-07-22T13:30:00+00:00,NBISUSDT,B,0.04432,6.43
2026-07-22T13:30:00+00:00,NVDAUSDT,B,0.00739,5.83
2026-07-22T13:30:00+00:00,ORCLUSDT,B,0.00404,10.18
2026-07-22T13:30:00+00:00,PLTRUSDT,A,-0.02997,4.7
2026-07-22T13:30:00+00:00,QQQUSDT,B,0.00351,3.22
2026-07-22T13:30:00+00:00,REUSDT,B,0.01788,3.81
2026-07-22T13:30:00+00:00,RKLBUSDT,B,0.00595,7.09
2026-07-22T13:30:00+00:00,TSLAUSDT,B,0.00777,7.36
2026-07-22T13:30:00+00:00,WDCUSDT,B,0.04182,3.36
2026-07-22T13:45:00+00:00,ADAUSDT,B,0.01036,4.01
2026-07-22T13:45:00+00:00,TSMUSDT,B,0.00346,6.8
2026-07-22T14:00:00+00:00,CBRSUSDT,A,-0.1,13.75
2026-07-22T14:00:00+00:00,LINKUSDT,B,0.0015,3.9
2026-07-22T14:00:00+00:00,RIFUSDT,B,0.0029,5.44
2026-07-22T14:15:00+00:00,AAVEUSDT,A,-0.0212,4.03
2026-07-22T14:15:00+00:00,MORPHOUSDT,A,-0.03176,5.94
2026-07-22T14:15:00+00:00,PAXGUSDT,A,-0.00262,4.45
2026-07-22T15:00:00+00:00,HBARUSDT,B,0.01123,11.41
2026-07-22T15:30:00+00:00,GOOGLUSDT,B,0.00034,3.23
2026-07-22T16:00:00+00:00,CRVUSDT,B,0.01253,3.1
2026-07-22T16:00:00+00:00,MORPHOUSDT,B,0.00794,5.27
2026-07-22T16:00:00+00:00,VVVUSDT,B,0.01026,3.01
2026-07-22T16:00:00+00:00,WLFIUSDT,A,-0.02007,19.47
2026-07-22T16:15:00+00:00,RIFUSDT,A,-0.02847,4.84
2026-07-22T16:15:00+00:00,TRUMPUSDT,B,0.00126,5.16
2026-07-22T16:45:00+00:00,WLFIUSDT,B,0.01435,5.96
2026-07-22T17:15:00+00:00,DEXEUSDT,B,0.03815,4.11
2026-07-22T18:00:00+00:00,MSFTUSDT,B,0.0007,4.39
2026-07-22T18:45:00+00:00,JUPUSDT,A,-0.00629,6.21
2026-07-22T19:30:00+00:00,GOOGLUSDT,B,0.00029,4.27
2026-07-22T19:45:00+00:00,GOOGLUSDT,A,-0.00951,11.32
2026-07-22T20:00:00+00:00,AMZNUSDT,B,0.00506,5.13
2026-07-22T20:00:00+00:00,LITEUSDT,B,0.02248,5.21
2026-07-22T20:00:00+00:00,METAUSDT,B,0.0003,5.95
2026-07-22T20:00:00+00:00,QQQUSDT,B,0.00286,13.16
2026-07-22T20:00:00+00:00,SPYUSDT,B,0.00201,10.92
2026-07-22T20:00:00+00:00,TSLAUSDT,A,-0.02562,26.63
2026-07-22T20:15:00+00:00,RIFUSDT,B,0.05733,3.11
2026-07-22T20:15:00+00:00,TSLAUSDT,B,0.00373,7.07
2026-07-22T21:00:00+00:00,NBISUSDT,B,0.00886,6.29
2026-07-22T21:30:00+00:00,TAOUSDT,B,0.00584,5.74
2026-07-22T21:30:00+00:00,TSMUSDT,B,0.00057,3.57
2026-07-22T22:00:00+00:00,ARBUSDT,B,0.0011,4.07
2026-07-22T22:00:00+00:00,PAXGUSDT,A,-0.00232,8.64
2026-07-22T22:00:00+00:00,XAUTUSDT,A,-0.00242,7.05
2026-07-22T23:00:00+00:00,ARBUSDT,A,-0.02127,5.92
2026-07-23T00:00:00+00:00,SAMSUNGUSDT,B,0.01391,3.08
2026-07-23T00:00:00+00:00,WLFIUSDT,A,-0.01692,5.88
2026-07-23T01:00:00+00:00,WLFIUSDT,B,0.00038,7.71
2026-07-23T02:00:00+00:00,ONDOUSDT,A,-0.02275,7.46
2026-07-23T02:00:00+00:00,RIFUSDT,B,0.13723,5.45
2026-07-23T02:15:00+00:00,MORPHOUSDT,B,0.01026,4.29
2026-07-23T03:00:00+00:00,1000BONKUSDT,A,-0.01652,2.33
2026-07-23T03:00:00+00:00,DEXEUSDT,A,-0.0923,5.81
2026-07-23T03:00:00+00:00,FILUSDT,A,-0.01578,3.61
2026-07-23T05:00:00+00:00,WLFIUSDT,B,0.0088,3.33
2026-07-23T06:30:00+00:00,RIFUSDT,B,0.01689,3.49
2026-07-23T06:30:00+00:00,WLFIUSDT,A,-0.01149,21.33
2026-07-23T06:45:00+00:00,KITEUSDT,A,-0.01149,5.62
2026-07-23T06:45:00+00:00,LTCUSDT,B,0.00212,4.13
2026-07-23T07:00:00+00:00,APTUSDT,A,-0.01091,3.78
2026-07-23T08:00:00+00:00,KITEUSDT,B,0.01907,4.17
2026-07-23T08:15:00+00:00,TRXUSDT,A,-0.00326,4.35
2026-07-23T08:45:00+00:00,SAMSUNGUSDT,B,0.00413,3.54
2026-07-23T09:15:00+00:00,WLFIUSDT,B,0.00144,12.03
2026-07-23T10:30:00+00:00,MSFTUSDT,B,0.00605,7.48
2026-07-23T10:30:00+00:00,RIFUSDT,B,0.00727,3.24
2026-07-23T11:00:00+00:00,WLFIUSDT,A,-0.00552,12.75
2026-07-23T11:15:00+00:00,DEXEUSDT,A,-0.13329,4.72
2026-07-23T11:15:00+00:00,TIAUSDT,B,0.0062,3.65
2026-07-23T11:30:00+00:00,DEXEUSDT,B,0.06016,3.06
2026-07-23T12:00:00+00:00,KAITOUSDT,B,0.03369,13.57
2026-07-23T12:15:00+00:00,NATGASUSDT,B,0.0051,4.08
2026-07-23T12:15:00+00:00,PENGUUSDT,A,-0.0084,5.47
2026-07-23T12:30:00+00:00,1000SHIBUSDT,A,-0.00852,16.37
2026-07-23T12:45:00+00:00,EWYUSDT,B,0.00105,3.24
2026-07-23T13:00:00+00:00,GOOGLUSDT,A,-0.00541,1.82
2026-07-23T13:00:00+00:00,PAXGUSDT,A,-0.005,3.18
2026-07-23T13:00:00+00:00,XAUTUSDT,A,-0.00505,5.43
2026-07-23T13:15:00+00:00,ENAUSDT,A,-0.00749,7.1
2026-07-23T13:30:00+00:00,AAOIUSDT,B,0.07617,6.45
2026-07-23T13:30:00+00:00,AMDUSDT,B,0.01971,7.77
2026-07-23T13:30:00+00:00,AMZNUSDT,B,0.00376,5.86
2026-07-23T13:30:00+00:00,ARMUSDT,B,0.02207,5.55
2026-07-23T13:30:00+00:00,BEUSDT,B,0.029,5.18
2026-07-23T13:30:00+00:00,CBRSUSDT,B,0.01583,4.18
2026-07-23T13:30:00+00:00,COINUSDT,B,0.00797,6.91
2026-07-23T13:30:00+00:00,DELLUSDT,B,0.01442,17.25
2026-07-23T13:30:00+00:00,DRAMUSDT,B,0.02628,3.37
2026-07-23T13:30:00+00:00,GLWUSDT,B,0.0379,3.39
2026-07-23T13:30:00+00:00,HOODUSDT,B,0.01768,4.27
2026-07-23T13:30:00+00:00,INTCUSDT,B,0.0261,7.37
2026-07-23T13:30:00+00:00,LITEUSDT,B,0.04893,11.41
2026-07-23T13:30:00+00:00,METAUSDT,B,0.00606,4.47
2026-07-23T13:30:00+00:00,MRVLUSDT,B,0.0296,4.95
2026-07-23T13:30:00+00:00,MSFTUSDT,A,-0.00397,7.13
2026-07-23T13:30:00+00:00,NBISUSDT,B,0.04594,10.05
2026-07-23T13:30:00+00:00,NVDAUSDT,B,0.00158,10.52
2026-07-23T13:30:00+00:00,PLTRUSDT,A,-0.02062,6.59
2026-07-23T13:30:00+00:00,QQQUSDT,B,0.00474,4.13
2026-07-23T13:30:00+00:00,RKLBUSDT,B,0.03124,4.85
2026-07-23T13:30:00+00:00,SAMSUNGUSDT,B,0.02787,3.44
2026-07-23T13:30:00+00:00,TSLAUSDT,A,-0.02071,17.61
2026-07-23T13:30:00+00:00,TSMUSDT,B,0.01234,3.36
2026-07-23T13:30:00+00:00,WDCUSDT,B,0.02792,5.84
2026-07-23T13:30:00+00:00,WLFIUSDT,B,0.00784,8.06
2026-07-23T13:45:00+00:00,EWYUSDT,A,-0.01241,5.88
2026-07-23T13:45:00+00:00,GOOGLUSDT,B,0.00134,5.34
2026-07-23T14:00:00+00:00,LITEUSDT,A,-0.0215,6.06
2026-07-23T14:00:00+00:00,SUIUSDT,B,0.00027,3.26
2026-07-23T14:00:00+00:00,TSLAUSDT,B,0.00101,12.01
2026-07-23T14:30:00+00:00,RIFUSDT,B,0.0783,32.21
2026-07-23T15:00:00+00:00,ASTERUSDT,A,-0.01057,4.11
2026-07-23T15:00:00+00:00,DASHUSDT,A,-0.01319,10.18
2026-07-23T15:00:00+00:00,SUIUSDT,A,-0.01,4.46
2026-07-23T15:15:00+00:00,WLFIUSDT,A,-0.00955,6.03
2026-07-23T15:30:00+00:00,SPYUSDT,B,0.00119,3.91
2026-07-23T15:45:00+00:00,REUSDT,B,0.0755,4.34
2026-07-23T16:00:00+00:00,AKEUSDT,B,0.08229,3.04
2026-07-23T16:30:00+00:00,DEXEUSDT,A,-0.05837,5.23
2026-07-23T16:45:00+00:00,AMDUSDT,A,-0.02689,7.66
2026-07-23T17:15:00+00:00,RIFUSDT,A,-0.0492,26.11
2026-07-23T17:30:00+00:00,CBRSUSDT,B,0.01346,10.0
2026-07-23T17:30:00+00:00,DEXEUSDT,B,0.08466,4.76
2026-07-23T17:45:00+00:00,AVAXUSDT,A,-0.01465,6.82
2026-07-23T18:15:00+00:00,AKEUSDT,A,-0.11503,5.59
2026-07-23T18:15:00+00:00,AVAXUSDT,B,0.00627,3.82
2026-07-23T18:30:00+00:00,RIFUSDT,B,0.08535,26.01
2026-07-23T19:30:00+00:00,TSLAUSDT,A,-0.01162,5.29
2026-07-23T19:45:00+00:00,MSFTUSDT,B,0.00323,5.22
2026-07-23T19:45:00+00:00,TSLAUSDT,B,0.01046,7.35
2026-07-23T20:00:00+00:00,AKEUSDT,B,0.13155,3.26
2026-07-23T20:00:00+00:00,AMDUSDT,B,0.02651,9.3
2026-07-23T20:00:00+00:00,ARMUSDT,B,0.02826,3.69
2026-07-23T20:00:00+00:00,INTCUSDT,B,0.10524,27.05
2026-07-23T20:30:00+00:00,INTCUSDT,A,-0.02543,6.38
2026-07-23T21:00:00+00:00,ORCLUSDT,B,0.02325,7.79
2026-07-23T21:30:00+00:00,WLFIUSDT,A,-0.01297,5.94
2026-07-23T22:00:00+00:00,RIFUSDT,A,-0.0378,21.37
2026-07-23T22:45:00+00:00,RIFUSDT,B,0.00413,8.27
2026-07-23T23:00:00+00:00,DEXEUSDT,A,-0.12798,6.92
2026-07-24T01:30:00+00:00,DEXEUSDT,B,0.15689,3.6
2026-07-24T01:30:00+00:00,REUSDT,B,0.05425,3.03
2026-07-24T02:15:00+00:00,RIFUSDT,A,-0.05649,4.8
2026-07-24T02:30:00+00:00,ETCUSDT,A,-0.0106,11.37
2026-07-24T02:45:00+00:00,RIFUSDT,B,0.06743,4.97
2026-07-24T05:00:00+00:00,REUSDT,A,-0.01767,7.82
2026-07-24T06:15:00+00:00,XAUTUSDT,B,0.00154,5.07
2026-07-24T07:15:00+00:00,REUSDT,B,0.01042,3.19
2026-07-24T08:00:00+00:00,DEXEUSDT,B,0.03797,3.09
2026-07-24T08:00:00+00:00,XMRUSDT,B,0.00131,3.24
2026-07-24T09:00:00+00:00,REUSDT,A,-0.04259,6.77
2026-07-24T09:45:00+00:00,BEATUSDT,A,-0.06276,9.67
2026-07-24T09:45:00+00:00,RIFUSDT,B,0.02102,3.03
2026-07-24T10:00:00+00:00,DEXEUSDT,A,-0.09584,10.46
2026-07-24T10:30:00+00:00,BEATUSDT,B,0.0214,5.02
2026-07-24T10:45:00+00:00,CRVUSDT,A,-0.00825,7.28
2026-07-24T10:45:00+00:00,INJUSDT,B,0.0015,3.38
2026-07-24T11:15:00+00:00,WLFIUSDT,B,0.00868,3.11
2026-07-24T12:00:00+00:00,NATGASUSDT,B,0.00719,3.06
2026-07-24T12:15:00+00:00,DEXEUSDT,B,0.00034,4.35
2026-07-24T12:45:00+00:00,RIFUSDT,A,-0.04184,5.04
2026-07-24T13:00:00+00:00,ATOMUSDT,A,-0.00938,6.66
2026-07-24T13:00:00+00:00,AVAXUSDT,A,-0.00644,5.15
2026-07-24T13:00:00+00:00,BNBUSDT,A,-0.00569,5.71
2026-07-24T13:00:00+00:00,DOTUSDT,A,-0.00989,5.75
2026-07-24T13:00:00+00:00,ETCUSDT,A,-0.00809,8.45
2026-07-24T13:00:00+00:00,FARTCOINUSDT,A,-0.02342,5.23
2026-07-24T13:00:00+00:00,FILUSDT,A,-0.01381,3.89
2026-07-24T13:00:00+00:00,LINKUSDT,A,-0.00748,4.75
2026-07-24T13:00:00+00:00,NEARUSDT,A,-0.01397,5.63
2026-07-24T13:00:00+00:00,ONDOUSDT,A,-0.01943,9.87
2026-07-24T13:00:00+00:00,OPUSDT,A,-0.00975,4.1
2026-07-24T13:00:00+00:00,SEIUSDT,A,-0.01745,8.46
2026-07-24T13:00:00+00:00,SUIUSDT,A,-0.00606,4.09
2026-07-24T13:00:00+00:00,TAOUSDT,A,-0.00865,5.57
2026-07-24T13:15:00+00:00,INTCUSDT,A,-0.02093,4.44
2026-07-24T13:30:00+00:00,AAOIUSDT,A,-0.03384,7.44
2026-07-24T13:30:00+00:00,AAPLUSDT,B,0.01255,8.94
2026-07-24T13:30:00+00:00,AMDUSDT,A,-0.02423,13.47
2026-07-24T13:30:00+00:00,ARMUSDT,A,-0.01652,10.41
2026-07-24T13:30:00+00:00,BABAUSDT,B,0.00027,4.21
2026-07-24T13:30:00+00:00,BEUSDT,A,-0.0422,5.79
2026-07-24T13:30:00+00:00,CBRSUSDT,A,-0.03101,6.14
2026-07-24T13:30:00+00:00,COINUSDT,A,-0.02444,6.8
2026-07-24T13:30:00+00:00,DELLUSDT,B,0.00311,14.12
2026-07-24T13:30:00+00:00,EWYUSDT,A,-0.00837,6.73
2026-07-24T13:30:00+00:00,GOOGLUSDT,B,0.0065,3.81
2026-07-24T13:30:00+00:00,HOODUSDT,A,-0.03711,5.98
2026-07-24T13:30:00+00:00,LITEUSDT,A,-0.01755,13.16
2026-07-24T13:30:00+00:00,METAUSDT,A,-0.00388,5.56
2026-07-24T13:30:00+00:00,MRVLUSDT,A,-0.00896,6.82
2026-07-24T13:30:00+00:00,MSFTUSDT,A,-0.01449,7.93
2026-07-24T13:30:00+00:00,NBISUSDT,A,-0.05222,8.12
2026-07-24T13:30:00+00:00,NVDAUSDT,B,0.0013,7.14
2026-07-24T13:30:00+00:00,ORCLUSDT,A,-0.02966,6.88
2026-07-24T13:30:00+00:00,PLTRUSDT,A,-0.01565,6.19
2026-07-24T13:30:00+00:00,QQQUSDT,A,-0.00205,4.32
2026-07-24T13:30:00+00:00,RKLBUSDT,A,-0.02019,6.06
2026-07-24T13:30:00+00:00,TSLAUSDT,A,-0.01164,11.8
2026-07-24T13:30:00+00:00,WDCUSDT,B,0.00764,5.94
2026-07-24T13:45:00+00:00,SAMSUNGUSDT,A,-0.02036,7.29
2026-07-24T13:45:00+00:00,XAUTUSDT,B,0.00449,5.76
2026-07-24T14:00:00+00:00,AMDUSDT,B,0.01579,5.17
2026-07-24T14:00:00+00:00,GOOGLUSDT,A,-0.00511,1.88
2026-07-24T14:00:00+00:00,INTCUSDT,B,0.01367,6.04
2026-07-24T14:00:00+00:00,QQQUSDT,B,0.00315,3.06
2026-07-24T14:00:00+00:00,TSLAUSDT,B,6e-05,3.39
2026-07-24T14:00:00+00:00,XAUTUSDT,A,-0.00172,5.93
2026-07-24T14:15:00+00:00,XLMUSDT,A,-0.01509,9.07
2026-07-24T14:45:00+00:00,RIFUSDT,B,0.00655,3.8
2026-07-24T14:45:00+00:00,WLDUSDT,B,0.01817,4.49
2026-07-24T15:00:00+00:00,ALGOUSDT,B,0.01462,4.64
2026-07-24T15:00:00+00:00,ASTERUSDT,B,0.00601,3.76
2026-07-24T15:30:00+00:00,GWEIUSDT,B,0.09743,3.19
2026-07-24T16:00:00+00:00,AKEUSDT,B,0.10791,3.84
2026-07-24T16:15:00+00:00,DEXEUSDT,B,0.05524,8.55
2026-07-24T16:30:00+00:00,DELLUSDT,A,-0.01069,4.94
2026-07-24T17:15:00+00:00,XMRUSDT,B,0.01324,5.21
2026-07-24T18:45:00+00:00,AAPLUSDT,B,0.00238,5.28
2026-07-24T19:00:00+00:00,AKEUSDT,A,-0.1531,6.81
2026-07-24T19:00:00+00:00,BNBUSDT,B,0.00464,5.43
2026-07-24T19:15:00+00:00,DEXEUSDT,A,-0.06641,6.42
2026-07-24T20:15:00+00:00,ALGOUSDT,B,0.00552,3.18
2026-07-24T21:00:00+00:00,DEXEUSDT,B,0.03615,4.86
2026-07-24T21:00:00+00:00,ETCUSDT,A,-0.0073,6.62
2026-07-24T21:45:00+00:00,WLDUSDT,A,-0.04686,6.85
2026-07-24T23:15:00+00:00,ALGOUSDT,A,-0.01201,8.22
2026-07-25T00:45:00+00:00,ALGOUSDT,B,0.02204,6.19
2026-07-25T03:00:00+00:00,DEXEUSDT,B,0.04778,5.5
2026-07-25T03:00:00+00:00,TRXUSDT,A,-0.00387,5.72
2026-07-25T04:15:00+00:00,GWEIUSDT,B,0.0451,4.87
2026-07-25T04:30:00+00:00,DEXEUSDT,A,-0.10574,12.88
2026-07-25T04:30:00+00:00,GWEIUSDT,A,-0.03699,5.12
2026-07-25T05:00:00+00:00,ASTERUSDT,A,-0.0064,4.39
2026-07-25T06:30:00+00:00,AKEUSDT,B,0.01974,3.7
2026-07-25T06:30:00+00:00,ALLOUSDT,A,-0.03435,6.07
2026-07-25T07:00:00+00:00,DEXEUSDT,B,0.02679,4.46
2026-07-25T07:00:00+00:00,REUSDT,B,0.06704,3.14
2026-07-25T07:30:00+00:00,MORPHOUSDT,B,0.04116,41.62
2026-07-25T07:45:00+00:00,ICPUSDT,B,0.00516,4.0
2026-07-25T08:00:00+00:00,EPICUSDT,A,-0.07222,3.41
2026-07-25T08:00:00+00:00,MORPHOUSDT,A,-0.01294,12.6
2026-07-25T09:45:00+00:00,AEROUSDT,A,-0.00983,2.21
2026-07-25T09:45:00+00:00,DEXEUSDT,A,-0.0779,11.23
2026-07-25T11:00:00+00:00,DEXEUSDT,B,0.01271,4.3
2026-07-25T12:45:00+00:00,ESPORTSUSDT,B,0.05844,3.35
2026-07-25T13:15:00+00:00,ALLOUSDT,A,-0.07022,7.57
2026-07-25T13:30:00+00:00,AVAXUSDT,B,0.01455,3.66
2026-07-25T14:15:00+00:00,1000SHIBUSDT,B,0.01105,4.82
2026-07-25T14:15:00+00:00,AVAXUSDT,A,-0.00855,5.4
2026-07-25T14:15:00+00:00,MORPHOUSDT,A,-0.01005,3.16
2026-07-25T14:45:00+00:00,ESPORTSUSDT,A,-0.14792,7.45
2026-07-25T15:00:00+00:00,DEXEUSDT,A,-0.06697,13.73
2026-07-25T15:30:00+00:00,DEXEUSDT,B,0.00402,4.14
2026-07-25T16:00:00+00:00,ALLOUSDT,B,0.05019,3.55
2026-07-25T16:15:00+00:00,1000SHIBUSDT,A,-0.01327,69.24
2026-07-25T16:15:00+00:00,INJUSDT,A,-0.01545,3.99
2026-07-25T16:45:00+00:00,TRXUSDT,B,0.00335,3.59
2026-07-25T17:15:00+00:00,PENGUUSDT,B,0.00682,4.25
2026-07-25T18:30:00+00:00,ESPORTSUSDT,B,0.10153,3.02
2026-07-25T18:45:00+00:00,1000SHIBUSDT,B,0.01393,25.63
2026-07-25T20:45:00+00:00,1000SHIBUSDT,A,-0.00624,9.77
2026-07-25T21:00:00+00:00,AVAXUSDT,B,0.0055,3.16
2026-07-25T22:00:00+00:00,SEIUSDT,B,0.00471,3.91
2026-07-25T23:00:00+00:00,1000SHIBUSDT,B,0.00124,10.55
2026-07-26T00:00:00+00:00,ETCUSDT,B,0.00448,4.08
2026-07-26T02:00:00+00:00,WLDUSDT,A,-0.0143,5.5
2026-07-26T02:30:00+00:00,1000PEPEUSDT,B,0.01211,3.69
2026-07-26T02:45:00+00:00,1000SHIBUSDT,A,-0.00697,7.94
2026-07-26T03:00:00+00:00,1000SHIBUSDT,B,0.00152,5.81
2026-07-26T03:15:00+00:00,XAUTUSDT,B,1e-05,3.65
2026-07-26T05:45:00+00:00,ESPORTSUSDT,A,-0.11522,4.59
2026-07-26T06:00:00+00:00,VVVUSDT,B,0.00647,3.14
2026-07-26T06:15:00+00:00,INJUSDT,A,-0.02736,13.36
2026-07-26T06:30:00+00:00,ESPORTSUSDT,B,0.21844,4.28
2026-07-26T06:30:00+00:00,INJUSDT,B,0.00349,3.19
2026-07-26T06:45:00+00:00,1000PEPEUSDT,B,0.03528,9.53
2026-07-26T07:30:00+00:00,1000SHIBUSDT,A,-0.00846,6.49
2026-07-26T07:45:00+00:00,ETCUSDT,B,0.00933,5.76
2026-07-26T08:00:00+00:00,1000SHIBUSDT,B,0.00143,10.36
2026-07-26T08:00:00+00:00,ETCUSDT,A,-0.00526,8.54
2026-07-26T11:00:00+00:00,UNIUSDT,B,0.02283,5.68
2026-07-26T11:15:00+00:00,1000PEPEUSDT,B,0.01502,3.78
2026-07-26T11:15:00+00:00,KAITOUSDT,B,0.04083,10.19
2026-07-26T11:30:00+00:00,1000SHIBUSDT,A,-0.01011,3.55
2026-07-26T11:45:00+00:00,ESPORTSUSDT,A,-0.07093,5.86
2026-07-26T12:00:00+00:00,EPICUSDT,A,-0.15609,10.36
2026-07-26T12:15:00+00:00,1000SHIBUSDT,B,0.00351,5.68
2026-07-26T12:15:00+00:00,EPICUSDT,B,0.12357,12.36
2026-07-26T12:15:00+00:00,ESPORTSUSDT,B,0.0648,3.08
2026-07-26T12:30:00+00:00,DEXEUSDT,B,0.07798,3.99
2026-07-26T13:15:00+00:00,1000PEPEUSDT,A,-0.00757,5.09
2026-07-26T14:15:00+00:00,KAITOUSDT,A,-0.01301,4.84
2026-07-26T14:30:00+00:00,OPUSDT,B,0.00216,5.32
2026-07-26T14:45:00+00:00,LDOUSDT,B,0.01659,8.25
2026-07-26T15:30:00+00:00,UNIUSDT,B,0.01814,4.64
2026-07-26T15:30:00+00:00,WLDUSDT,B,0.01399,3.26
2026-07-26T16:00:00+00:00,KAITOUSDT,B,0.00291,5.87
2026-07-26T16:00:00+00:00,ONDOUSDT,B,0.02098,3.18
2026-07-26T16:15:00+00:00,ETCUSDT,B,0.00499,4.01
2026-07-26T16:30:00+00:00,APTUSDT,A,-0.01181,3.88
2026-07-26T16:45:00+00:00,LTCUSDT,B,0.00063,3.51
2026-07-26T17:00:00+00:00,1000SHIBUSDT,B,0.01475,3.63
2026-07-26T17:00:00+00:00,ETCUSDT,A,-0.0156,7.78
2026-07-26T20:15:00+00:00,OPUSDT,B,0.00107,3.61
2026-07-26T21:00:00+00:00,HBARUSDT,A,-0.00844,5.22
2026-07-26T21:15:00+00:00,PUMPUSDT,B,0.02212,3.62
2026-07-26T21:30:00+00:00,CRVUSDT,B,0.00822,3.88
2026-07-26T22:00:00+00:00,1000PEPEUSDT,B,0.0126,5.98
2026-07-26T22:00:00+00:00,ENAUSDT,B,0.03416,3.43
2026-07-26T22:00:00+00:00,INJUSDT,B,0.01732,4.2
2026-07-26T22:00:00+00:00,LINKUSDT,B,0.01068,8.28
2026-07-26T22:00:00+00:00,NATGASUSDT,A,-0.01834,8.24
2026-07-26T22:00:00+00:00,PAXGUSDT,B,0.00304,6.23
2026-07-26T22:00:00+00:00,QQQUSDT,B,0.00335,3.73
2026-07-26T22:00:00+00:00,SPYUSDT,B,0.00153,4.66
2026-07-26T22:00:00+00:00,XAUTUSDT,B,0.00364,16.18
2026-07-26T22:15:00+00:00,AAVEUSDT,B,0.01833,3.91
2026-07-26T22:30:00+00:00,1000SHIBUSDT,B,0.01172,3.24
2026-07-26T23:00:00+00:00,PUMPUSDT,A,-0.03411,10.14
2026-07-27T00:00:00+00:00,AAPLUSDT,B,0.01117,12.14
2026-07-27T00:00:00+00:00,AMZNUSDT,B,0.00473,4.49
2026-07-27T00:00:00+00:00,EWYUSDT,A,-0.00968,5.5
2026-07-27T00:00:00+00:00,SAMSUNGUSDT,A,-0.01693,4.94
2026-07-27T00:00:00+00:00,WDCUSDT,B,0.00602,3.05
2026-07-27T01:30:00+00:00,BABAUSDT,A,-0.01084,6.02
2026-07-27T01:45:00+00:00,BABAUSDT,B,0.00116,3.05
2026-07-27T04:30:00+00:00,AKEUSDT,B,0.04466,4.15
2026-07-27T05:45:00+00:00,1000PEPEUSDT,B,0.01806,4.83
2026-07-27T05:45:00+00:00,ICPUSDT,A,-0.00456,5.55
2026-07-27T06:00:00+00:00,LDOUSDT,B,0.02761,4.35
2026-07-27T06:00:00+00:00,LINKUSDT,B,0.00045,3.18
2026-07-27T06:15:00+00:00,BTWUSDT,B,0.01177,3.87
2026-07-27T06:15:00+00:00,KAITOUSDT,B,0.01169,6.98
2026-07-27T06:15:00+00:00,USUSDT,B,0.08107,9.82
2026-07-27T06:30:00+00:00,NATGASUSDT,A,-0.00923,5.61
2026-07-27T06:45:00+00:00,AKEUSDT,A,-0.12433,5.31
2026-07-27T08:30:00+00:00,AKEUSDT,B,0.20654,4.07
2026-07-27T08:30:00+00:00,BTWUSDT,A,-0.04529,6.85
2026-07-27T08:45:00+00:00,ZROUSDT,A,-0.01424,6.46
2026-07-27T09:00:00+00:00,1000PEPEUSDT,A,-0.0128,4.19
2026-07-27T10:00:00+00:00,RKLBUSDT,B,0.01422,6.59
2026-07-27T10:15:00+00:00,PUMPUSDT,B,0.00975,4.33
2026-07-27T10:30:00+00:00,BTWUSDT,B,0.08277,10.02
2026-07-27T10:45:00+00:00,BEATUSDT,B,0.01779,3.93
2026-07-27T10:45:00+00:00,ZROUSDT,B,0.01829,3.45
2026-07-27T11:30:00+00:00,RENDERUSDT,B,0.00135,6.83
2026-07-27T12:30:00+00:00,CHZUSDT,A,-0.00646,5.33
2026-07-27T13:30:00+00:00,1000PEPEUSDT,B,0.01634,3.96
2026-07-27T13:30:00+00:00,AAPLUSDT,B,0.00078,9.32
2026-07-27T13:30:00+00:00,AMDUSDT,A,-0.03832,8.73
2026-07-27T13:30:00+00:00,ARMUSDT,B,0.00084,5.19
2026-07-27T13:30:00+00:00,BEUSDT,B,0.00089,3.39
2026-07-27T13:30:00+00:00,CBRSUSDT,A,-0.05394,6.85
2026-07-27T13:30:00+00:00,COINUSDT,B,0.02584,7.12
2026-07-27T13:30:00+00:00,DELLUSDT,B,0.00241,13.56
2026-07-27T13:30:00+00:00,DRAMUSDT,A,-0.01328,4.84
2026-07-27T13:30:00+00:00,EWYUSDT,A,-0.00889,5.65
2026-07-27T13:30:00+00:00,GOOGLUSDT,B,0.00989,6.72
2026-07-27T13:30:00+00:00,HOODUSDT,B,0.01856,4.03
2026-07-27T13:30:00+00:00,INTCUSDT,B,0.00076,7.89
2026-07-27T13:30:00+00:00,LINKUSDT,B,0.01009,3.67
2026-07-27T13:30:00+00:00,LITEUSDT,A,-0.01845,6.38
2026-07-27T13:30:00+00:00,MRVLUSDT,A,-0.01805,6.54
2026-07-27T13:30:00+00:00,MSTRUSDT,B,0.0333,3.24
2026-07-27T13:30:00+00:00,NBISUSDT,A,-0.02205,7.18
2026-07-27T13:30:00+00:00,NVDAUSDT,A,-0.02785,8.69
2026-07-27T13:30:00+00:00,ORCLUSDT,B,0.03043,4.94
2026-07-27T13:30:00+00:00,PLTRUSDT,B,0.01544,5.61
2026-07-27T13:30:00+00:00,QQQUSDT,A,-0.00475,7.27
2026-07-27T13:30:00+00:00,SUIUSDT,B,0.01182,3.41
2026-07-27T13:30:00+00:00,TSLAUSDT,B,0.00249,9.72
2026-07-27T13:30:00+00:00,TSMUSDT,A,-0.00774,5.12
2026-07-27T13:30:00+00:00,WDCUSDT,A,-0.01682,5.21
2026-07-27T13:45:00+00:00,INTCUSDT,A,-0.01728,4.07
2026-07-27T13:45:00+00:00,METAUSDT,B,0.00258,3.73
2026-07-27T13:45:00+00:00,MSFTUSDT,B,0.00284,4.24
2026-07-27T13:45:00+00:00,TAOUSDT,A,-0.00561,4.8
2026-07-27T14:00:00+00:00,BTWUSDT,A,-0.03092,7.26
2026-07-27T14:00:00+00:00,PUMPUSDT,A,-0.01819,8.33
2026-07-27T14:15:00+00:00,ATOMUSDT,A,-0.00871,9.34
2026-07-27T14:15:00+00:00,DOTUSDT,A,-0.01093,5.17
2026-07-27T14:15:00+00:00,GOOGLUSDT,A,-0.00994,1.73
2026-07-27T14:15:00+00:00,INJUSDT,A,-0.01119,10.62
2026-07-27T14:15:00+00:00,OPUSDT,A,-0.01797,5.81
2026-07-27T14:15:00+00:00,SUIUSDT,A,-0.01414,5.47
2026-07-27T14:15:00+00:00,ZROUSDT,A,-0.01398,5.72
2026-07-27T14:30:00+00:00,1000BONKUSDT,A,-0.02536,2.32
2026-07-27T14:30:00+00:00,1000PEPEUSDT,A,-0.01174,4.73
2026-07-27T14:30:00+00:00,AAVEUSDT,A,-0.00585,4.38
2026-07-27T14:30:00+00:00,ADAUSDT,A,-0.02343,13.35
2026-07-27T14:30:00+00:00,ALGOUSDT,A,-0.01474,6.14
2026-07-27T14:30:00+00:00,APTUSDT,A,-0.01122,4.17
2026-07-27T14:30:00+00:00,ASTERUSDT,B,0.00016,3.35
2026-07-27T14:30:00+00:00,AVAXUSDT,A,-0.01392,6.44
2026-07-27T14:30:00+00:00,BNBUSDT,A,-0.00675,6.07
2026-07-27T14:30:00+00:00,BTWUSDT,B,0.00899,18.36
2026-07-27T14:30:00+00:00,DASHUSDT,A,-0.01419,5.59
2026-07-27T14:30:00+00:00,ETCUSDT,A,-0.0075,4.04
2026-07-27T14:30:00+00:00,FILUSDT,A,-0.01991,6.59
2026-07-27T14:30:00+00:00,ICPUSDT,A,-0.01248,5.0
2026-07-27T14:30:00+00:00,LINKUSDT,A,-0.01454,10.44
2026-07-27T14:30:00+00:00,LTCUSDT,A,-0.0126,7.86
2026-07-27T14:30:00+00:00,NEARUSDT,A,-0.01115,5.71
2026-07-27T14:30:00+00:00,ONDOUSDT,A,-0.02035,5.26
2026-07-27T14:30:00+00:00,PENGUUSDT,A,-0.02888,11.42
2026-07-27T14:30:00+00:00,PUMPUSDT,B,0.00434,4.07
2026-07-27T14:30:00+00:00,RENDERUSDT,A,-0.00957,4.75
2026-07-27T14:30:00+00:00,SAMSUNGUSDT,A,-0.01235,4.69
2026-07-27T14:30:00+00:00,SEIUSDT,A,-0.01997,11.48
2026-07-27T14:30:00+00:00,SPYUSDT,A,-0.00185,4.14
2026-07-27T14:30:00+00:00,TRUMPUSDT,A,-0.01595,5.34
2026-07-27T14:30:00+00:00,TRXUSDT,A,-0.003,5.13
2026-07-27T14:30:00+00:00,XLMUSDT,A,-0.01752,11.65
2026-07-27T14:45:00+00:00,AMDUSDT,B,0.02265,4.33
2026-07-27T14:45:00+00:00,EWYUSDT,B,0.01195,3.91
2026-07-27T14:45:00+00:00,LTCUSDT,B,0.00324,3.13
2026-07-27T14:45:00+00:00,QQQUSDT,B,0.0072,6.22
2026-07-27T15:00:00+00:00,AVAXUSDT,B,0.0023,3.68
2026-07-27T15:00:00+00:00,FETUSDT,A,-0.00661,3.72
2026-07-27T15:15:00+00:00,ALGOUSDT,B,0.00086,4.12
2026-07-27T15:15:00+00:00,BEATUSDT,B,0.01522,3.9
2026-07-27T15:30:00+00:00,AEROUSDT,A,-0.01427,2.26
2026-07-27T15:30:00+00:00,FETUSDT,B,0.00067,3.03
2026-07-27T16:00:00+00:00,ATOMUSDT,B,0.00149,3.0
2026-07-27T16:00:00+00:00,RIFUSDT,B,0.09173,3.45
2026-07-27T16:00:00+00:00,ZROUSDT,B,0.00527,3.19
2026-07-27T16:15:00+00:00,BEATUSDT,A,-0.07822,9.51
2026-07-27T16:15:00+00:00,DOTUSDT,B,0.00379,3.53
2026-07-27T16:15:00+00:00,SPYUSDT,B,0.00171,3.88
2026-07-27T18:15:00+00:00,TRUMPUSDT,B,0.00129,3.77
2026-07-27T18:30:00+00:00,MSFTUSDT,B,0.0016,4.11
2026-07-27T21:30:00+00:00,SEIUSDT,B,0.00158,3.97
2026-07-27T22:00:00+00:00,DOTUSDT,A,-0.01099,6.68
2026-07-27T22:15:00+00:00,AKEUSDT,A,-0.04336,6.89
2026-07-27T22:30:00+00:00,FETUSDT,A,-0.01977,6.57
2026-07-27T22:30:00+00:00,KAITOUSDT,B,0.0115,3.94
2026-07-27T22:30:00+00:00,OPUSDT,A,-0.01345,4.6
2026-07-27T22:30:00+00:00,SEIUSDT,A,-0.01522,8.79
2026-07-27T22:30:00+00:00,SUIUSDT,A,-0.01161,6.25
2026-07-27T22:45:00+00:00,AAVEUSDT,A,-0.01208,4.01
2026-07-27T22:45:00+00:00,ATOMUSDT,A,-0.0114,10.43
2026-07-27T22:45:00+00:00,AVAXUSDT,A,-0.01256,5.36
2026-07-27T22:45:00+00:00,DASHUSDT,A,-0.01098,5.11
2026-07-27T22:45:00+00:00,ENAUSDT,A,-0.01672,3.04
2026-07-27T22:45:00+00:00,ETCUSDT,A,-0.01136,6.98
2026-07-27T22:45:00+00:00,FILUSDT,A,-0.02589,8.92
2026-07-27T22:45:00+00:00,ICPUSDT,A,-0.01132,8.36
2026-07-27T22:45:00+00:00,JUPUSDT,A,-0.01852,4.87
2026-07-27T22:45:00+00:00,LINKUSDT,A,-0.0101,8.51
2026-07-27T22:45:00+00:00,TAOUSDT,A,-0.01258,4.37
2026-07-27T23:00:00+00:00,ADAUSDT,B,0.00453,3.07
2026-07-27T23:00:00+00:00,ATOMUSDT,B,0.00384,4.73
2026-07-27T23:00:00+00:00,BEATUSDT,B,0.06374,3.98
2026-07-27T23:00:00+00:00,DOTUSDT,B,0.00146,7.19
2026-07-27T23:00:00+00:00,DRAMUSDT,B,0.00058,3.39
2026-07-27T23:00:00+00:00,ETCUSDT,B,0.00177,6.12
2026-07-27T23:00:00+00:00,FETUSDT,B,0.01547,4.66
2026-07-27T23:00:00+00:00,FILUSDT,B,0.00144,3.81
2026-07-27T23:00:00+00:00,ICPUSDT,B,0.00191,6.32
2026-07-27T23:00:00+00:00,PENGUUSDT,A,-0.00836,7.32
2026-07-27T23:00:00+00:00,TRXUSDT,A,-0.00316,6.33
2026-07-27T23:00:00+00:00,ZROUSDT,A,-0.01328,9.46
2026-07-27T23:15:00+00:00,CRVUSDT,B,0.0168,4.23
2026-07-28T00:00:00+00:00,XMRUSDT,A,-0.0083,7.58
2026-07-28T01:00:00+00:00,AEROUSDT,A,-0.02596,4.11
2026-07-28T01:15:00+00:00,TAOUSDT,B,0.00613,3.62
2026-07-28T02:00:00+00:00,BABAUSDT,B,0.01514,3.62
2026-07-28T05:45:00+00:00,BEATUSDT,B,0.00668,6.1
2026-07-28T06:00:00+00:00,BEATUSDT,A,-0.12699,6.49
2026-07-28T06:00:00+00:00,TRUMPUSDT,A,-0.01191,8.07
2026-07-28T06:15:00+00:00,ADAUSDT,B,0.00514,3.15
2026-07-28T06:15:00+00:00,CRVUSDT,A,-0.00936,7.19
2026-07-28T07:15:00+00:00,ATOMUSDT,B,0.00307,6.54
2026-07-28T07:45:00+00:00,AKEUSDT,A,-0.07842,4.65
2026-07-28T07:45:00+00:00,KAITOUSDT,B,0.02082,3.17
2026-07-28T08:15:00+00:00,PENDLEUSDT,A,-0.00852,8.35
2026-07-28T08:30:00+00:00,FETUSDT,B,0.01422,3.78
2026-07-28T09:00:00+00:00,XMRUSDT,B,0.00167,3.04
2026-07-28T09:45:00+00:00,ALGOUSDT,B,0.00874,7.49
2026-07-28T10:30:00+00:00,PLTRUSDT,A,-0.02454,7.46
2026-07-28T11:00:00+00:00,GLWUSDT,A,-0.11451,10.21
2026-07-28T11:15:00+00:00,OPUSDT,A,-0.01927,5.38
2026-07-28T11:30:00+00:00,ATOMUSDT,B,0.00231,3.04
2026-07-28T12:15:00+00:00,OPUSDT,B,0.01047,3.59
2026-07-28T12:15:00+00:00,VVVUSDT,B,0.01935,3.13
2026-07-28T13:15:00+00:00,AAPLUSDT,B,0.00233,10.73
2026-07-28T13:15:00+00:00,AMZNUSDT,B,0.00124,4.65
2026-07-28T13:15:00+00:00,FETUSDT,A,-0.00853,3.77
2026-07-28T13:30:00+00:00,AAOIUSDT,A,-0.08712,5.01
2026-07-28T13:30:00+00:00,AAPLUSDT,A,-0.00505,27.07
2026-07-28T13:30:00+00:00,AMDUSDT,A,-0.02384,10.98
2026-07-28T13:30:00+00:00,AMZNUSDT,A,-0.01265,9.2
2026-07-28T13:30:00+00:00,APTUSDT,A,-0.00757,4.16
2026-07-28T13:30:00+00:00,ASTERUSDT,A,-0.01324,6.18
2026-07-28T13:30:00+00:00,BEUSDT,A,-0.046,5.59
2026-07-28T13:30:00+00:00,COINUSDT,A,-0.01428,5.87
2026-07-28T13:30:00+00:00,DELLUSDT,A,-0.07168,4.83
2026-07-28T13:30:00+00:00,DOTUSDT,A,-0.00423,4.13
2026-07-28T13:30:00+00:00,DRAMUSDT,A,-0.02481,9.59
2026-07-28T13:30:00+00:00,ETCUSDT,A,-0.00537,4.43
2026-07-28T13:30:00+00:00,EWYUSDT,A,-0.01051,9.78
2026-07-28T13:30:00+00:00,GOOGLUSDT,A,-0.00798,4.0
2026-07-28T13:30:00+00:00,HOODUSDT,A,-0.03302,4.56
2026-07-28T13:30:00+00:00,LINKUSDT,A,-0.00916,6.89
2026-07-28T13:30:00+00:00,LITEUSDT,A,-0.07704,12.87
2026-07-28T13:30:00+00:00,MRVLUSDT,A,-0.03834,7.51
2026-07-28T13:30:00+00:00,MSFTUSDT,B,0.00142,14.13
2026-07-28T13:30:00+00:00,NBISUSDT,A,-0.04664,6.54
2026-07-28T13:30:00+00:00,NVDAUSDT,A,-0.00425,15.45
2026-07-28T13:30:00+00:00,ORCLUSDT,A,-0.01956,5.35
2026-07-28T13:30:00+00:00,QQQUSDT,A,-0.00707,5.97
2026-07-28T13:30:00+00:00,RKLBUSDT,A,-0.03479,5.01
2026-07-28T13:30:00+00:00,SPYUSDT,A,-0.00308,5.75
2026-07-28T13:30:00+00:00,WDCUSDT,A,-0.06336,5.17
2026-07-28T13:45:00+00:00,ASTERUSDT,B,0.00065,4.31
2026-07-28T13:45:00+00:00,INTCUSDT,A,-0.01775,4.81
2026-07-28T13:45:00+00:00,MSFTUSDT,A,-0.00532,4.68
2026-07-28T13:45:00+00:00,NEARUSDT,A,-0.00912,5.21
2026-07-28T13:45:00+00:00,UNIUSDT,B,0.00802,3.65
2026-07-28T14:00:00+00:00,DRAMUSDT,B,0.003,5.05
2026-07-28T14:00:00+00:00,EWYUSDT,B,0.00447,5.38
2026-07-28T14:00:00+00:00,NVDAUSDT,B,0.00134,5.55
2026-07-28T14:00:00+00:00,SPYUSDT,B,5e-05,3.36
2026-07-28T14:15:00+00:00,INTCUSDT,B,0.00012,4.05
2026-07-28T14:15:00+00:00,LITEUSDT,B,0.0039,4.2
2026-07-28T14:15:00+00:00,QQQUSDT,B,0.00297,5.28
2026-07-28T14:30:00+00:00,AMDUSDT,B,0.00292,3.53
2026-07-28T14:30:00+00:00,ARMUSDT,B,0.00065,3.17
2026-07-28T14:30:00+00:00,MRVLUSDT,B,0.01578,3.1
2026-07-28T14:30:00+00:00,NBISUSDT,B,0.01174,3.12
2026-07-28T15:00:00+00:00,BNBUSDT,B,0.00232,3.74
2026-07-28T15:15:00+00:00,LINKUSDT,B,0.00675,4.96
2026-07-28T15:15:00+00:00,PUMPUSDT,B,0.01189,3.69
2026-07-28T16:30:00+00:00,BTWUSDT,B,0.12515,4.57
2026-07-28T17:45:00+00:00,PUMPUSDT,A,-0.01502,5.89
2026-07-28T20:00:00+00:00,BEUSDT,B,0.0693,16.55
2026-07-28T20:00:00+00:00,WDCUSDT,B,0.04967,4.18
2026-07-28T22:45:00+00:00,DRAMUSDT,A,-0.051,8.06
2026-07-28T22:45:00+00:00,EWYUSDT,A,-0.02982,4.87
2026-07-28T22:45:00+00:00,SAMSUNGUSDT,A,-0.03773,4.3
2026-07-28T23:00:00+00:00,SAMSUNGUSDT,B,0.0263,20.29
2026-07-29T00:00:00+00:00,DRAMUSDT,B,0.03309,4.75
2026-07-29T00:00:00+00:00,EWYUSDT,B,0.01013,3.31
2026-07-29T00:45:00+00:00,TAOUSDT,B,0.01077,3.91
2026-07-29T01:00:00+00:00,FETUSDT,A,-0.00797,4.31
2026-07-29T03:00:00+00:00,BTWUSDT,B,0.08501,6.79
2026-07-29T03:00:00+00:00,SAMSUNGUSDT,B,0.00311,6.78
2026-07-29T03:45:00+00:00,LTCUSDT,A,-0.00832,7.35
2026-07-29T04:00:00+00:00,ASTERUSDT,A,-0.01145,10.42
2026-07-29T04:00:00+00:00,EWYUSDT,A,-0.014,8.19
2026-07-29T04:00:00+00:00,MSFTUSDT,B,0.00078,3.57
2026-07-29T04:00:00+00:00,SAMSUNGUSDT,A,-0.01617,9.21
2026-07-29T04:15:00+00:00,DRAMUSDT,A,-0.01462,4.32
2026-07-29T04:30:00+00:00,EWYUSDT,B,0.00152,12.94
2026-07-29T04:45:00+00:00,DRAMUSDT,B,0.03388,3.04
2026-07-29T05:45:00+00:00,UBUSDT,A,-0.05885,7.4
2026-07-29T06:00:00+00:00,UBUSDT,B,0.02561,3.06
2026-07-29T07:00:00+00:00,BTWUSDT,A,-0.10006,5.53
2026-07-29T08:00:00+00:00,BEUSDT,A,-0.01779,4.53
2026-07-29T09:15:00+00:00,INJUSDT,B,0.01391,5.22
2026-07-29T09:15:00+00:00,UNIUSDT,B,0.02075,6.55
2026-07-29T09:30:00+00:00,UNIUSDT,A,-0.00627,5.77
2026-07-29T10:45:00+00:00,FETUSDT,B,0.00674,3.37
2026-07-29T11:00:00+00:00,APTUSDT,B,0.00316,4.55
2026-07-29T11:00:00+00:00,EIGENUSDT,A,-0.02406,8.25
2026-07-29T11:45:00+00:00,UBUSDT,B,0.06373,8.45
2026-07-29T12:00:00+00:00,1000SHIBUSDT,B,0.00586,3.59
2026-07-29T12:00:00+00:00,UBUSDT,A,-0.07436,7.64
2026-07-29T13:15:00+00:00,DRAMUSDT,B,0.01761,3.14
2026-07-29T13:30:00+00:00,AAPLUSDT,B,0.00536,10.57
2026-07-29T13:30:00+00:00,AMZNUSDT,B,0.00022,4.55
2026-07-29T13:30:00+00:00,BEUSDT,A,-0.04466,11.97
2026-07-29T13:30:00+00:00,COINUSDT,B,0.01109,5.19
2026-07-29T13:30:00+00:00,CRCLUSDT,B,0.01262,3.24
2026-07-29T13:30:00+00:00,EWYUSDT,B,0.00591,9.21
2026-07-29T13:30:00+00:00,INTCUSDT,B,0.01024,7.93
2026-07-29T13:30:00+00:00,LITEUSDT,A,-0.01974,6.94
2026-07-29T13:30:00+00:00,METAUSDT,A,-0.00428,5.69
2026-07-29T13:30:00+00:00,MRVLUSDT,B,0.01498,5.1
2026-07-29T13:30:00+00:00,MSFTUSDT,A,-0.00954,8.63
2026-07-29T13:30:00+00:00,MSTRUSDT,B,0.00809,3.14
2026-07-29T13:30:00+00:00,MVLLUSDT,B,0.02964,7.64
2026-07-29T13:30:00+00:00,NBISUSDT,A,-0.05918,7.21
2026-07-29T13:30:00+00:00,NVDAUSDT,B,0.00373,9.37
2026-07-29T13:30:00+00:00,PLTRUSDT,B,0.00371,4.5
2026-07-29T13:30:00+00:00,QQQUSDT,B,0.00016,9.75
2026-07-29T13:30:00+00:00,SAMSUNGUSDT,B,0.00654,4.78
2026-07-29T13:30:00+00:00,TQQQUSDT,B,0.00049,6.96
2026-07-29T13:30:00+00:00,TSLAUSDT,A,-0.00552,5.43
2026-07-29T13:30:00+00:00,WDCUSDT,A,-0.01737,9.03
2026-07-29T13:45:00+00:00,DRAMUSDT,A,-0.01569,4.91
2026-07-29T13:45:00+00:00,MSFTUSDT,B,0.00666,3.7
2026-07-29T13:45:00+00:00,NVDAUSDT,A,-0.01535,5.01
2026-07-29T13:45:00+00:00,QQQUSDT,A,-0.00634,7.9
2026-07-29T13:45:00+00:00,TQQQUSDT,A,-0.01947,6.34
2026-07-29T14:00:00+00:00,APTUSDT,A,-0.0118,4.34
2026-07-29T14:00:00+00:00,PUMPUSDT,B,0.01329,3.72
2026-07-29T14:00:00+00:00,SPYUSDT,A,-0.00282,4.08
2026-07-29T15:15:00+00:00,BTWUSDT,B,0.12358,3.28
2026-07-29T15:15:00+00:00,PENGUUSDT,B,0.00242,3.8
2026-07-29T15:45:00+00:00,RENDERUSDT,B,0.00072,13.01
2026-07-29T16:00:00+00:00,KAITOUSDT,B,0.02968,5.18
2026-07-29T16:15:00+00:00,NBISUSDT,B,0.02588,3.32
2026-07-29T16:30:00+00:00,FILUSDT,A,-0.01349,4.86
2026-07-29T16:45:00+00:00,BEATUSDT,A,-0.06397,7.15
2026-07-29T17:00:00+00:00,ALGOUSDT,A,-0.00556,11.89
2026-07-29T17:00:00+00:00,APTUSDT,B,0.00899,7.12
2026-07-29T17:00:00+00:00,FILUSDT,B,0.01003,3.54
2026-07-29T17:00:00+00:00,PAXGUSDT,B,0.00322,3.15
2026-07-29T17:30:00+00:00,BEATUSDT,B,0.11179,6.46
2026-07-29T17:45:00+00:00,SPYUSDT,B,0.00102,3.96
2026-07-29T18:00:00+00:00,1000PEPEUSDT,B,0.00627,3.46
2026-07-29T18:00:00+00:00,AAPLUSDT,B,0.00125,3.45
2026-07-29T18:00:00+00:00,AVAXUSDT,B,0.00326,3.43
2026-07-29T18:00:00+00:00,DOTUSDT,B,0.00523,3.66
2026-07-29T18:00:00+00:00,DRAMUSDT,B,0.01736,9.7
2026-07-29T18:00:00+00:00,EWYUSDT,B,0.01516,8.82
2026-07-29T18:00:00+00:00,INJUSDT,B,0.00238,3.25
2026-07-29T18:00:00+00:00,LINKUSDT,B,0.00492,4.17
2026-07-29T18:00:00+00:00,LTCUSDT,B,0.00132,3.26
2026-07-29T18:00:00+00:00,MSFTUSDT,B,0.00348,4.64
2026-07-29T18:00:00+00:00,MVLLUSDT,B,0.03007,4.54
2026-07-29T18:00:00+00:00,NEARUSDT,B,0.00561,3.33
2026-07-29T18:00:00+00:00,NVDAUSDT,B,0.00223,3.88
2026-07-29T18:00:00+00:00,QQQUSDT,B,0.00248,10.51
2026-07-29T18:00:00+00:00,SAMSUNGUSDT,B,0.02767,4.56
2026-07-29T18:00:00+00:00,TQQQUSDT,B,0.00812,12.41
2026-07-29T18:00:00+00:00,TSMUSDT,B,0.00944,4.59
2026-07-29T18:00:00+00:00,UBUSDT,B,0.00617,7.85
2026-07-29T18:00:00+00:00,UNIUSDT,B,0.00176,3.02
2026-07-29T18:00:00+00:00,XAUTUSDT,B,0.00812,21.43
2026-07-29T18:15:00+00:00,UBUSDT,A,-0.05762,5.08
2026-07-29T18:45:00+00:00,TRUMPUSDT,B,0.00619,3.08
2026-07-29T19:00:00+00:00,MVLLUSDT,A,-0.03671,3.42
2026-07-29T19:00:00+00:00,PAXGUSDT,A,-0.0016,5.33
2026-07-29T19:00:00+00:00,TQQQUSDT,A,-0.01501,9.5
2026-07-29T19:00:00+00:00,XAUTUSDT,A,-0.00163,4.56
2026-07-29T19:15:00+00:00,EWYUSDT,A,-0.01443,5.03
2026-07-29T19:30:00+00:00,MSFTUSDT,A,-0.00853,6.51
2026-07-29T19:30:00+00:00,QQQUSDT,A,-0.00776,8.05
2026-07-29T19:30:00+00:00,SPYUSDT,A,-0.00509,5.53
2026-07-29T19:45:00+00:00,AAPLUSDT,A,-0.00391,4.97
2026-07-29T19:45:00+00:00,METAUSDT,B,0.00395,3.4
2026-07-29T19:45:00+00:00,NVDAUSDT,A,-0.00751,5.99
2026-07-29T19:45:00+00:00,WIFUSDT,A,-0.0104,5.74
2026-07-29T20:00:00+00:00,ARMUSDT,A,-0.01355,17.12
2026-07-29T20:00:00+00:00,HOODUSDT,B,0.03091,13.76
2026-07-29T20:00:00+00:00,METAUSDT,A,-0.04439,43.21
2026-07-29T20:00:00+00:00,SEIUSDT,B,0.00337,5.67
2026-07-29T20:00:00+00:00,WIFUSDT,B,0.0021,8.5
2026-07-29T20:15:00+00:00,ARMUSDT,B,0.01243,5.73
2026-07-29T20:15:00+00:00,HOODUSDT,A,-0.06928,8.74
2026-07-29T20:15:00+00:00,ICPUSDT,A,-0.01263,4.67
2026-07-29T21:00:00+00:00,AAVEUSDT,A,-0.00525,4.69
2026-07-29T21:30:00+00:00,DASHUSDT,A,-0.02613,10.07
2026-07-29T22:00:00+00:00,AMZNUSDT,B,0.02568,8.0
2026-07-29T22:00:00+00:00,MSFTUSDT,B,0.06227,29.36
2026-07-29T22:00:00+00:00,QQQUSDT,B,0.00809,4.26
2026-07-29T22:00:00+00:00,SPYUSDT,B,0.00441,5.36
2026-07-29T22:45:00+00:00,ATOMUSDT,B,0.00391,3.07
2026-07-29T23:45:00+00:00,SAMSUNGUSDT,B,0.03185,4.36
2026-07-30T00:00:00+00:00,ASTERUSDT,A,-0.00534,5.48
2026-07-30T00:00:00+00:00,EWYUSDT,B,0.00715,6.32
2026-07-30T00:30:00+00:00,SAMSUNGUSDT,A,-0.04082,3.99
2026-07-30T04:15:00+00:00,SAMSUNGUSDT,B,0.01672,4.07
2026-07-30T05:15:00+00:00,BEATUSDT,B,0.07919,3.31
2026-07-30T05:30:00+00:00,INJUSDT,B,0.00985,5.56
2026-07-30T06:45:00+00:00,EPICUSDT,B,0.09529,5.9
2026-07-30T07:15:00+00:00,EPICUSDT,A,-0.09095,6.95
2026-07-30T07:30:00+00:00,TRXUSDT,B,0.00327,5.49
2026-07-30T08:00:00+00:00,AMZNUSDT,B,0.01067,4.26
2026-07-30T08:00:00+00:00,OPUSDT,A,-0.01339,4.73
2026-07-30T09:15:00+00:00,LINKUSDT,B,0.00468,3.7
2026-07-30T10:30:00+00:00,BNBUSDT,B,0.00841,9.64
2026-07-30T10:30:00+00:00,KAITOUSDT,A,-0.02165,4.25
2026-07-30T11:00:00+00:00,METAUSDT,B,0.00132,4.34
2026-07-30T12:00:00+00:00,ARMUSDT,B,0.05607,3.19
2026-07-30T12:00:00+00:00,KAITOUSDT,B,0.02812,6.52
2026-07-30T12:00:00+00:00,ONDOUSDT,B,0.0057,3.53
2026-07-30T12:45:00+00:00,ORCLUSDT,B,0.00877,4.53
2026-07-30T12:45:00+00:00,UNIUSDT,B,0.01301,5.22
2026-07-30T13:00:00+00:00,EWYUSDT,B,0.00731,3.92
2026-07-30T13:00:00+00:00,FETUSDT,B,0.00717,4.18
2026-07-30T13:15:00+00:00,AAPLUSDT,A,-0.00776,4.69
2026-07-30T13:15:00+00:00,BEUSDT,B,0.04185,3.34
2026-07-30T13:15:00+00:00,CAPUSDT,B,0.02102,3.58
2026-07-30T13:15:00+00:00,MSFTUSDT,B,0.02696,10.41
2026-07-30T13:15:00+00:00,MVLLUSDT,B,0.03575,4.09
2026-07-30T13:30:00+00:00,AAOIUSDT,B,0.0335,5.97
2026-07-30T13:30:00+00:00,AMDUSDT,B,0.02179,6.91
2026-07-30T13:30:00+00:00,AMZNUSDT,B,0.00539,20.38
2026-07-30T13:30:00+00:00,ARMUSDT,A,-0.06825,25.8
2026-07-30T13:30:00+00:00,CBRSUSDT,B,0.03608,3.45
2026-07-30T13:30:00+00:00,COINUSDT,B,0.01425,7.45
2026-07-30T13:30:00+00:00,CRCLUSDT,B,0.01523,5.12
2026-07-30T13:30:00+00:00,DRAMUSDT,B,0.02225,6.81
2026-07-30T13:30:00+00:00,GOOGLUSDT,A,-0.00604,2.4
2026-07-30T13:30:00+00:00,HOODUSDT,A,-0.02849,11.47
2026-07-30T13:30:00+00:00,INTCUSDT,B,0.03249,5.73
2026-07-30T13:30:00+00:00,LITEUSDT,B,0.01572,11.83
2026-07-30T13:30:00+00:00,MSTRUSDT,B,0.01637,3.76
2026-07-30T13:30:00+00:00,NBISUSDT,B,0.0764,12.87
2026-07-30T13:30:00+00:00,NVDAUSDT,A,-0.0046,5.49
2026-07-30T13:30:00+00:00,PLTRUSDT,B,0.01577,7.21
2026-07-30T13:30:00+00:00,QQQUSDT,B,0.00371,7.27
2026-07-30T13:30:00+00:00,RKLBUSDT,B,0.02132,7.74
2026-07-30T13:30:00+00:00,SAMSUNGUSDT,B,0.01497,4.08
2026-07-30T13:30:00+00:00,SPYUSDT,B,0.00042,3.59
2026-07-30T13:30:00+00:00,TQQQUSDT,B,0.01079,5.15
2026-07-30T13:30:00+00:00,TSLAUSDT,B,0.01111,5.46
2026-07-30T13:30:00+00:00,TSMUSDT,B,0.01015,11.31
2026-07-30T13:30:00+00:00,WDCUSDT,B,0.02988,6.28
2026-07-30T13:45:00+00:00,AAPLUSDT,B,6e-05,4.67
2026-07-30T13:45:00+00:00,BCHUSDT,B,0.03067,14.29
2026-07-30T13:45:00+00:00,CAPUSDT,A,-0.024,8.4
2026-07-30T13:45:00+00:00,ENAUSDT,B,0.01954,4.06
2026-07-30T13:45:00+00:00,HOODUSDT,B,0.00654,4.27
2026-07-30T13:45:00+00:00,LINKUSDT,B,0.00614,3.63
2026-07-30T13:45:00+00:00,MRVLUSDT,B,0.01425,3.16
2026-07-30T13:45:00+00:00,PAXGUSDT,B,0.00523,3.37
2026-07-30T13:45:00+00:00,PENGUUSDT,B,0.00701,3.52
2026-07-30T13:45:00+00:00,RENDERUSDT,B,0.01139,5.7
2026-07-30T14:00:00+00:00,NBISUSDT,A,-0.03395,9.9
2026-07-30T14:00:00+00:00,NVDAUSDT,B,0.00133,4.6
2026-07-30T14:00:00+00:00,PAXGUSDT,A,-0.00293,4.35
2026-07-30T14:30:00+00:00,ADAUSDT,B,0.01187,3.78
2026-07-30T14:30:00+00:00,BEUSDT,A,-0.02367,5.1
2026-07-30T14:30:00+00:00,NATGASUSDT,B,0.00771,9.55
2026-07-30T14:45:00+00:00,MSFTUSDT,A,-0.00931,3.86
2026-07-30T15:45:00+00:00,FILUSDT,B,0.01246,4.13
2026-07-30T16:00:00+00:00,ARMUSDT,B,0.04291,5.63
2026-07-30T16:00:00+00:00,BNBUSDT,B,0.00347,3.97
2026-07-30T16:00:00+00:00,SEIUSDT,B,0.0033,3.77
2026-07-30T16:00:00+00:00,SUIUSDT,B,0.00229,3.58
2026-07-30T17:00:00+00:00,UNIUSDT,A,-0.01835,5.57
2026-07-30T18:00:00+00:00,CAPUSDT,B,0.02628,5.12
2026-07-30T18:00:00+00:00,SPYUSDT,B,0.00039,25.92
2026-07-30T18:15:00+00:00,BEUSDT,B,0.00546,3.73
2026-07-30T19:00:00+00:00,XPLUSDT,B,0.00929,3.5
2026-07-30T19:45:00+00:00,AAPLUSDT,B,0.00267,4.19
2026-07-30T19:45:00+00:00,AMZNUSDT,A,-0.00731,19.85
2026-07-30T19:45:00+00:00,ESPORTSUSDT,B,0.19398,3.77
2026-07-30T19:45:00+00:00,MSFTUSDT,A,-0.00903,4.73
2026-07-30T20:00:00+00:00,AMZNUSDT,B,0.06908,126.98
2026-07-30T20:00:00+00:00,COINUSDT,A,-0.06236,19.34
2026-07-30T20:00:00+00:00,DRAMUSDT,B,0.00998,4.81
2026-07-30T20:00:00+00:00,MVLLUSDT,B,0.04979,6.05
2026-07-30T20:00:00+00:00,NBISUSDT,B,0.0203,3.43
2026-07-30T20:00:00+00:00,QQQUSDT,B,0.00343,7.52
2026-07-30T20:00:00+00:00,TQQQUSDT,B,0.00993,3.84
2026-07-30T20:15:00+00:00,COINUSDT,B,0.00534,6.53
2026-07-30T20:15:00+00:00,EIGENUSDT,B,0.00054,3.86
2026-07-30T20:30:00+00:00,AAPLUSDT,A,-0.04434,70.74
2026-07-30T21:45:00+00:00,INJUSDT,B,0.01777,4.02
2026-07-30T23:00:00+00:00,SAMSUNGUSDT,A,-0.02639,4.09
2026-07-30T23:45:00+00:00,XMRUSDT,A,-0.00662,5.94
2026-07-31T00:00:00+00:00,ALGOUSDT,B,0.01381,3.78
2026-07-31T00:00:00+00:00,DRAMUSDT,B,0.00913,5.71
2026-07-31T00:00:00+00:00,MVLLUSDT,B,0.00863,5.57
2026-07-31T00:00:00+00:00,SAMSUNGUSDT,B,0.01565,9.56
2026-07-31T01:00:00+00:00,TSLAUSDT,B,0.0208,11.58
2026-07-31T01:00:00+00:00,UNIUSDT,B,0.00924,4.41
2026-07-31T01:15:00+00:00,AAVEUSDT,B,0.00758,3.39
2026-07-31T02:45:00+00:00,UNIUSDT,A,-0.01466,8.97
2026-07-31T03:00:00+00:00,BABAUSDT,A,-0.00868,5.35
2026-07-31T03:15:00+00:00,UBUSDT,A,-0.03946,9.46
2026-07-31T03:30:00+00:00,ATOMUSDT,A,-0.01103,15.19
2026-07-31T05:30:00+00:00,SAMSUNGUSDT,A,-0.01449,4.75
2026-07-31T06:00:00+00:00,SAMSUNGUSDT,B,0.00011,3.08
2026-07-31T06:30:00+00:00,DRAMUSDT,A,-0.03048,4.39
2026-07-31T06:30:00+00:00,EWYUSDT,A,-0.01809,4.68
2026-07-31T07:00:00+00:00,UNIUSDT,A,-0.01381,6.2
2026-07-31T07:15:00+00:00,ATOMUSDT,B,0.00081,3.3
2026-07-31T07:45:00+00:00,CAPUSDT,A,-0.09545,7.16
2026-07-31T08:00:00+00:00,AAPLUSDT,A,-0.0043,4.03
2026-07-31T08:00:00+00:00,AMZNUSDT,B,0.01335,3.57
2026-07-31T08:45:00+00:00,CAPUSDT,B,0.03194,3.82
2026-07-31T09:15:00+00:00,BCHUSDT,A,-0.02639,11.07
2026-07-31T09:15:00+00:00,SEIUSDT,B,0.00506,4.45
2026-07-31T09:45:00+00:00,OPUSDT,A,-0.01596,8.06
2026-07-31T10:15:00+00:00,UNIUSDT,B,0.01523,3.82
2026-07-31T11:00:00+00:00,INJUSDT,A,-0.01224,5.48
2026-07-31T12:15:00+00:00,BABAUSDT,B,0.00235,3.25
2026-07-31T12:45:00+00:00,BNBUSDT,B,0.00376,3.31
2026-07-31T12:45:00+00:00,CAPUSDT,B,0.02541,4.99
2026-07-31T13:15:00+00:00,AAPLUSDT,A,-0.00718,4.0
2026-07-31T13:15:00+00:00,AMZNUSDT,B,0.0071,5.01
2026-07-31T13:15:00+00:00,BEUSDT,B,0.03239,8.07
2026-07-31T13:15:00+00:00,MVLLUSDT,B,0.04275,3.93
2026-07-31T13:30:00+00:00,AAOIUSDT,A,-0.02502,9.51
2026-07-31T13:30:00+00:00,AMDUSDT,A,-0.02191,8.18
2026-07-31T13:30:00+00:00,ARMUSDT,A,-0.02193,6.2
2026-07-31T13:30:00+00:00,BEUSDT,A,-0.06901,21.59
2026-07-31T13:30:00+00:00,CBRSUSDT,A,-0.01506,4.16
2026-07-31T13:30:00+00:00,COINUSDT,A,-0.04282,15.1
2026-07-31T13:30:00+00:00,CRCLUSDT,A,-0.01304,4.71
2026-07-31T13:30:00+00:00,DRAMUSDT,A,-0.03795,10.75
2026-07-31T13:30:00+00:00,EWYUSDT,A,-0.02664,6.73
2026-07-31T13:30:00+00:00,GOOGLUSDT,B,0.00258,3.22
2026-07-31T13:30:00+00:00,HOODUSDT,B,0.01721,6.91
2026-07-31T13:30:00+00:00,INTCUSDT,A,-0.03149,6.47
2026-07-31T13:30:00+00:00,LITEUSDT,A,-0.02832,11.21
2026-07-31T13:30:00+00:00,METAUSDT,B,0.00911,7.49
2026-07-31T13:30:00+00:00,MRVLUSDT,A,-0.03329,5.69
2026-07-31T13:30:00+00:00,MSFTUSDT,B,0.02166,13.88
2026-07-31T13:30:00+00:00,MSTRUSDT,A,-0.01197,5.63
2026-07-31T13:30:00+00:00,MVLLUSDT,A,-0.06236,8.58
2026-07-31T13:30:00+00:00,NBISUSDT,A,-0.05364,11.67
2026-07-31T13:30:00+00:00,NVDAUSDT,A,-0.00518,8.34
2026-07-31T13:30:00+00:00,ORCLUSDT,B,0.00077,9.65
2026-07-31T13:30:00+00:00,PAXGUSDT,A,-0.00435,3.15
2026-07-31T13:30:00+00:00,PLTRUSDT,B,0.00425,6.43
2026-07-31T13:30:00+00:00,QQQUSDT,A,-0.00537,7.38
2026-07-31T13:30:00+00:00,SAMSUNGUSDT,A,-0.03509,8.16
2026-07-31T13:30:00+00:00,TQQQUSDT,A,-0.01582,9.45
2026-07-31T13:30:00+00:00,TSMUSDT,A,-0.03415,10.25
2026-07-31T13:30:00+00:00,WDCUSDT,A,-0.02474,9.66
2026-07-31T13:45:00+00:00,BNBUSDT,A,-0.0045,4.84
2026-07-31T13:45:00+00:00,INTCUSDT,B,0.00075,3.28
2026-07-31T13:45:00+00:00,LINKUSDT,A,-0.00732,6.88
2026-07-31T13:45:00+00:00,MRVLUSDT,B,0.00124,3.24
2026-07-31T13:45:00+00:00,NBISUSDT,B,0.00116,7.91
2026-07-31T13:45:00+00:00,NVDAUSDT,B,0.00066,3.83
2026-07-31T13:45:00+00:00,RKLBUSDT,A,-0.01537,5.38
2026-07-31T13:45:00+00:00,TSMUSDT,B,0.0017,3.67
2026-07-31T14:00:00+00:00,AAVEUSDT,B,0.00576,3.5
2026-07-31T14:00:00+00:00,APTUSDT,B,0.00323,4.0
2026-07-31T14:00:00+00:00,AVAXUSDT,B,0.00345,5.23
2026-07-31T14:00:00+00:00,DOTUSDT,A,-0.00594,7.24
2026-07-31T14:00:00+00:00,ENAUSDT,B,0.00569,3.71
2026-07-31T14:00:00+00:00,FILUSDT,B,0.00614,3.25
2026-07-31T14:00:00+00:00,ICPUSDT,B,0.00292,3.04
2026-07-31T14:00:00+00:00,LTCUSDT,B,0.002,3.07
2026-07-31T14:00:00+00:00,MSFTUSDT,A,-0.01214,4.4
2026-07-31T14:00:00+00:00,ONDOUSDT,B,0.002,4.49
2026-07-31T14:00:00+00:00,ORDIUSDT,B,0.01526,7.88
2026-07-31T14:00:00+00:00,PAXGUSDT,B,0.00208,4.31
2026-07-31T14:00:00+00:00,PENGUUSDT,B,0.00316,4.11
2026-07-31T14:00:00+00:00,SUIUSDT,B,0.00263,5.28
2026-07-31T14:00:00+00:00,XLMUSDT,B,0.0052,3.61
2026-07-31T14:15:00+00:00,COINUSDT,B,0.00199,3.88
2026-07-31T14:15:00+00:00,DRAMUSDT,B,0.01831,4.21
2026-07-31T14:15:00+00:00,LINKUSDT,B,0.00087,4.08
2026-07-31T14:15:00+00:00,QQQUSDT,B,0.00395,6.05
2026-07-31T14:15:00+00:00,SPYUSDT,B,0.00276,3.72
2026-07-31T14:15:00+00:00,TQQQUSDT,B,0.01289,5.01
2026-07-31T14:15:00+00:00,WIFUSDT,B,0.00989,3.05
2026-07-31T15:15:00+00:00,AMZNUSDT,A,-0.01475,5.15
2026-07-31T15:15:00+00:00,ORDIUSDT,A,-0.01699,5.64
2026-07-31T16:00:00+00:00,XMRUSDT,B,0.00865,3.78
2026-07-31T17:15:00+00:00,CAPUSDT,B,0.07294,9.86
2026-07-31T18:00:00+00:00,ORDIUSDT,B,0.01253,4.05
2026-07-31T19:30:00+00:00,AAPLUSDT,B,0.00281,3.37
2026-07-31T19:45:00+00:00,MSFTUSDT,B,0.00473,3.63
2026-07-31T19:45:00+00:00,SPYUSDT,A,-0.0017,4.8
2026-07-31T20:30:00+00:00,XMRUSDT,B,0.00607,4.11
2026-07-31T21:00:00+00:00,AAVEUSDT,A,-0.01365,6.46
2026-07-31T21:00:00+00:00,TRUMPUSDT,A,-0.01185,4.99
2026-07-31T23:45:00+00:00,CAPUSDT,A,-0.03226,5.72
2026-08-01T00:30:00+00:00,ORDIUSDT,B,0.01633,3.47
2026-08-01T00:45:00+00:00,DASHUSDT,A,-0.01045,4.49
2026-08-01T01:15:00+00:00,BEATUSDT,B,0.06885,3.96
2026-08-01T01:30:00+00:00,ORDIUSDT,A,-0.01006,7.02
2026-08-01T02:45:00+00:00,USUSDT,B,0.08403,3.8
2026-08-01T05:00:00+00:00,TRXUSDT,B,0.00028,5.01
2026-08-01T05:15:00+00:00,UNIUSDT,A,-0.01658,4.8
2026-08-01T05:45:00+00:00,PENGUUSDT,A,-0.01241,9.14
2026-08-01T07:00:00+00:00,DASHUSDT,B,0.00911,3.09
2026-08-01T07:15:00+00:00,DASHUSDT,A,-0.00903,5.07
2026-08-01T08:30:00+00:00,USUSDT,A,-0.22277,5.47
2026-08-01T08:45:00+00:00,USUSDT,B,0.14165,12.22
2026-08-01T09:00:00+00:00,TIAUSDT,B,0.00242,4.44
2026-08-01T09:15:00+00:00,BTWUSDT,B,0.03276,4.22
2026-08-01T09:15:00+00:00,ENAUSDT,B,0.00471,3.27
2026-08-01T09:45:00+00:00,ORDIUSDT,B,0.01662,3.43
2026-08-01T10:00:00+00:00,FILUSDT,A,-0.01068,6.75
2026-08-01T11:00:00+00:00,BTWUSDT,A,-0.0927,7.74
2026-08-01T12:00:00+00:00,HOMEUSDT,B,0.01587,3.45
2026-08-01T12:30:00+00:00,ORDIUSDT,A,-0.01645,6.24
2026-08-01T12:45:00+00:00,EPICUSDT,B,0.02607,3.94
2026-08-01T14:15:00+00:00,EPICUSDT,A,-0.04895,4.75
2026-08-01T14:45:00+00:00,DOTUSDT,B,0.01271,4.85
2026-08-01T15:15:00+00:00,BTWUSDT,B,0.0229,3.26
2026-08-01T15:45:00+00:00,BEATUSDT,B,0.01931,3.7
2026-08-01T16:15:00+00:00,1000SHIBUSDT,B,0.00217,4.91
2026-08-01T17:00:00+00:00,KAITOUSDT,B,0.02404,3.06
2026-08-01T17:15:00+00:00,AKEUSDT,B,0.13361,4.2
2026-08-01T17:30:00+00:00,BEATUSDT,A,-0.16991,17.42
2026-08-01T17:45:00+00:00,AKEUSDT,A,-0.17924,5.98
2026-08-01T18:15:00+00:00,NATGASUSDT,A,-0.0133,5.69
2026-08-01T18:15:00+00:00,SEIUSDT,A,-0.00752,5.85
2026-08-01T18:30:00+00:00,AAVEUSDT,A,-0.01234,4.69
2026-08-01T18:30:00+00:00,APTUSDT,A,-0.0087,7.86
2026-08-01T18:30:00+00:00,AVAXUSDT,A,-0.01449,8.51
2026-08-01T18:30:00+00:00,ETCUSDT,A,-0.00948,5.23
2026-08-01T18:30:00+00:00,HOMEUSDT,B,0.06053,3.74
2026-08-01T18:30:00+00:00,LINKUSDT,A,-0.01122,8.31
2026-08-01T18:30:00+00:00,SUIUSDT,A,-0.01094,7.43
2026-08-01T18:30:00+00:00,WIFUSDT,A,-0.00795,6.22
2026-08-01T18:45:00+00:00,ICPUSDT,B,0.00148,3.35
2026-08-01T18:45:00+00:00,LINKUSDT,B,0.00378,4.75
2026-08-01T19:00:00+00:00,ENAUSDT,B,0.0041,5.72
2026-08-01T19:00:00+00:00,HEIUSDT,B,0.07846,6.82
2026-08-01T19:00:00+00:00,INJUSDT,B,0.00062,4.67
2026-08-01T19:00:00+00:00,LTCUSDT,B,0.00091,4.95
2026-08-01T19:15:00+00:00,XMRUSDT,B,0.00392,6.58
2026-08-01T20:00:00+00:00,HEIUSDT,A,-0.01054,10.35
2026-08-01T20:30:00+00:00,BEATUSDT,B,0.08225,4.1
2026-08-01T20:30:00+00:00,ICPUSDT,A,-0.00544,6.75
2026-08-01T21:00:00+00:00,WIFUSDT,B,0.00146,5.36
2026-08-01T21:15:00+00:00,AAVEUSDT,B,0.00167,3.51
2026-08-02T00:30:00+00:00,XMRUSDT,B,0.00339,9.27
2026-08-02T01:00:00+00:00,PUMPUSDT,B,0.01966,3.34
2026-08-02T01:15:00+00:00,DOTUSDT,B,0.00101,4.3
2026-08-02T01:15:00+00:00,LTCUSDT,B,0.00361,4.08
2026-08-02T01:30:00+00:00,AKEUSDT,A,-0.10097,8.6
2026-08-02T01:30:00+00:00,ATOMUSDT,B,0.0049,3.82
2026-08-02T01:45:00+00:00,AKEUSDT,B,0.16434,4.4
2026-08-02T02:00:00+00:00,LINKUSDT,B,0.00981,4.44
2026-08-02T02:45:00+00:00,HOMEUSDT,B,0.00526,3.2
2026-08-02T03:15:00+00:00,HOMEUSDT,A,-0.04378,5.79
2026-08-02T03:15:00+00:00,XAUTUSDT,B,0.0003,3.11
2026-08-02T03:45:00+00:00,UBUSDT,B,0.02824,3.93
2026-08-02T04:00:00+00:00,ENAUSDT,B,0.01619,3.03
2026-08-02T04:45:00+00:00,AVAXUSDT,B,0.02194,10.03
2026-08-02T05:30:00+00:00,ETCUSDT,B,0.00271,3.43
2026-08-02T06:45:00+00:00,BEATUSDT,B,0.09551,4.46
2026-08-02T07:00:00+00:00,HOMEUSDT,B,0.0207,3.9
2026-08-02T07:45:00+00:00,HBARUSDT,B,0.00142,3.44
2026-08-02T08:30:00+00:00,UBUSDT,A,-0.03504,7.24
2026-08-02T08:45:00+00:00,HOMEUSDT,A,-0.01434,6.56
2026-08-02T09:15:00+00:00,UBUSDT,B,0.01031,3.11
2026-08-02T09:30:00+00:00,ENAUSDT,B,0.00758,3.35
2026-08-02T11:00:00+00:00,HOMEUSDT,B,0.04235,6.53
2026-08-02T11:30:00+00:00,PENGUUSDT,B,0.00592,3.2
2026-08-02T12:30:00+00:00,BTWUSDT,B,0.06695,4.81
2026-08-02T12:45:00+00:00,HBARUSDT,B,0.00271,6.31
2026-08-02T13:30:00+00:00,ADAUSDT,A,-0.00892,4.83
2026-08-02T14:30:00+00:00,ALGOUSDT,B,0.01019,7.78
2026-08-02T15:00:00+00:00,HOMEUSDT,B,0.02051,15.75
2026-08-02T15:00:00+00:00,ZROUSDT,B,0.01592,3.8
2026-08-02T15:15:00+00:00,HOMEUSDT,A,-0.01941,10.15
2026-08-02T15:45:00+00:00,KAITOUSDT,B,0.03283,3.06
2026-08-02T16:15:00+00:00,UBUSDT,B,0.03717,4.55
2026-08-02T17:15:00+00:00,ATOMUSDT,B,0.0016,3.14
2026-08-02T18:30:00+00:00,INJUSDT,B,0.01379,3.5
2026-08-02T19:15:00+00:00,HOMEUSDT,B,0.02453,5.13
2026-08-02T20:00:00+00:00,ALGOUSDT,A,-0.01853,5.4
2026-08-02T20:00:00+00:00,HOMEUSDT,A,-0.02406,7.5
2026-08-02T21:15:00+00:00,PENGUUSDT,B,0.00532,3.66
2026-08-02T21:30:00+00:00,NBISUSDT,B,0.01831,6.88
2026-08-02T21:30:00+00:00,WIFUSDT,B,0.00565,17.64
2026-08-02T22:00:00+00:00,PAXGUSDT,B,0.00072,4.85
2026-08-02T22:00:00+00:00,SPYUSDT,B,0.00155,3.85
2026-08-02T22:00:00+00:00,XAUTUSDT,B,0.00063,11.32
2026-08-02T22:15:00+00:00,OPUSDT,B,0.00461,3.28
2026-08-02T23:00:00+00:00,SAMSUNGUSDT,B,0.02576,3.5
2026-08-02T23:30:00+00:00,ALGOUSDT,B,0.0083,6.09
2026-08-03T00:00:00+00:00,EWYUSDT,A,-0.01004,4.37
2026-08-03T00:00:00+00:00,SAMSUNGUSDT,A,-0.01908,5.66
2026-08-03T01:15:00+00:00,ADAUSDT,A,-0.01384,4.99
2026-08-03T01:30:00+00:00,BABAUSDT,B,0.02906,6.36
2026-08-03T03:30:00+00:00,BEATUSDT,A,-0.06355,4.24
2026-08-03T04:15:00+00:00,BEATUSDT,B,0.02879,3.27
2026-08-03T09:30:00+00:00,ADAUSDT,B,0.01247,3.36
2026-08-03T09:45:00+00:00,BEATUSDT,B,0.13224,10.32
2026-08-03T10:00:00+00:00,ENAUSDT,B,0.00722,4.75
2026-08-03T10:00:00+00:00,INJUSDT,B,0.0002,3.09
2026-08-03T11:15:00+00:00,ALLOUSDT,A,-0.01788,4.13
2026-08-03T11:15:00+00:00,UBUSDT,B,0.00403,5.93
2026-08-03T11:45:00+00:00,ALLOUSDT,B,0.02034,3.83
2026-08-03T11:45:00+00:00,MSFTUSDT,B,0.00038,3.62
2026-08-03T13:15:00+00:00,AMZNUSDT,B,0.00299,3.82
2026-08-03T13:15:00+00:00,DOTUSDT,B,0.00404,3.12
2026-08-03T13:30:00+00:00,AAOIUSDT,B,0.03159,8.4
2026-08-03T13:30:00+00:00,AAPLUSDT,A,-0.01122,9.71
2026-08-03T13:30:00+00:00,BABAUSDT,B,0.01427,6.42
2026-08-03T13:30:00+00:00,BEUSDT,B,0.02189,9.6
2026-08-03T13:30:00+00:00,CBRSUSDT,B,0.01256,6.63
2026-08-03T13:30:00+00:00,COINUSDT,A,-0.0115,10.36
2026-08-03T13:30:00+00:00,CRCLUSDT,A,-0.01132,6.13
2026-08-03T13:30:00+00:00,EWYUSDT,A,-0.01768,6.78
2026-08-03T13:30:00+00:00,GLWUSDT,B,0.03526,5.19
2026-08-03T13:30:00+00:00,GOOGLUSDT,B,0.01896,4.65
2026-08-03T13:30:00+00:00,HOODUSDT,B,0.00046,6.18
2026-08-03T13:30:00+00:00,INTCUSDT,A,-0.01313,9.08
2026-08-03T13:30:00+00:00,LITEUSDT,B,0.00799,10.84
2026-08-03T13:30:00+00:00,METAUSDT,B,0.03098,12.72
2026-08-03T13:30:00+00:00,MSTRUSDT,B,0.01323,3.7
2026-08-03T13:30:00+00:00,NBISUSDT,B,0.05095,20.31
2026-08-03T13:30:00+00:00,NVDAUSDT,B,0.00525,8.8
2026-08-03T13:30:00+00:00,ORCLUSDT,B,0.02852,18.21
2026-08-03T13:30:00+00:00,PLTRUSDT,A,-0.00749,9.53
2026-08-03T13:30:00+00:00,QQQUSDT,B,0.0026,11.87
2026-08-03T13:30:00+00:00,RKLBUSDT,B,0.01955,8.75
2026-08-03T13:30:00+00:00,SAMSUNGUSDT,A,-0.0198,7.44
2026-08-03T13:30:00+00:00,SPYUSDT,B,0.00277,4.51
2026-08-03T13:30:00+00:00,TQQQUSDT,B,0.00803,9.23
2026-08-03T13:30:00+00:00,TSLAUSDT,B,0.02033,8.77
2026-08-03T13:30:00+00:00,TSMUSDT,B,0.00022,9.54
2026-08-03T13:30:00+00:00,WDCUSDT,A,-0.02445,10.5
2026-08-03T13:45:00+00:00,ADAUSDT,B,0.0162,4.87
2026-08-03T13:45:00+00:00,COINUSDT,B,0.03006,3.84
2026-08-03T13:45:00+00:00,CRCLUSDT,B,0.02308,3.51
2026-08-03T13:45:00+00:00,FILUSDT,B,0.00207,5.72
2026-08-03T13:45:00+00:00,MRVLUSDT,B,0.01936,3.45
2026-08-03T13:45:00+00:00,MVLLUSDT,B,0.0382,3.41
2026-08-03T14:00:00+00:00,ADAUSDT,A,-0.00977,5.46
2026-08-03T14:00:00+00:00,ENAUSDT,B,0.01188,4.48
2026-08-03T14:00:00+00:00,MSFTUSDT,A,-0.00655,4.43
2026-08-03T14:00:00+00:00,NEARUSDT,B,0.00462,3.44
2026-08-03T14:00:00+00:00,ORCLUSDT,A,-0.01944,4.62
2026-08-03T14:45:00+00:00,ATOMUSDT,B,0.01385,6.4
2026-08-03T14:45:00+00:00,UNIUSDT,A,-0.01102,5.93
2026-08-03T15:30:00+00:00,ALGOUSDT,B,0.00738,5.08
2026-08-03T16:00:00+00:00,TIAUSDT,B,0.01429,7.39
2026-08-03T16:00:00+00:00,TRUMPUSDT,B,0.00877,4.06
2026-08-03T16:00:00+00:00,TRXUSDT,B,0.0014,3.65
2026-08-03T16:15:00+00:00,ALGOUSDT,A,-0.01151,6.13
2026-08-03T16:45:00+00:00,UBUSDT,B,0.05862,11.93
2026-08-03T17:30:00+00:00,VVVUSDT,B,0.01888,4.67
2026-08-03T18:45:00+00:00,ARBUSDT,B,0.00086,4.47
2026-08-03T19:00:00+00:00,FETUSDT,B,0.00988,3.88
2026-08-03T19:00:00+00:00,SPYUSDT,B,0.0003,3.8
2026-08-03T19:15:00+00:00,ATOMUSDT,B,0.01763,6.43
2026-08-03T19:30:00+00:00,ATOMUSDT,A,-0.01444,10.11
2026-08-03T19:45:00+00:00,ORCLUSDT,B,0.00211,4.12
2026-08-03T19:45:00+00:00,PLTRUSDT,B,0.00087,3.2
2026-08-03T21:00:00+00:00,HBARUSDT,B,0.00141,3.22
2026-08-03T21:00:00+00:00,PLTRUSDT,A,-0.01412,13.04
2026-08-03T23:00:00+00:00,SAMSUNGUSDT,B,0.01245,3.23
2026-08-04T00:00:00+00:00,SAMSUNGUSDT,A,-0.02462,6.42
2026-08-04T00:45:00+00:00,GRAMUSDT,A,-0.07249,21.03
2026-08-04T01:00:00+00:00,GRAMUSDT,B,0.02759,15.32
2026-08-04T01:00:00+00:00,XAUTUSDT,B,0.00061,4.16
2026-08-04T01:30:00+00:00,AVAXUSDT,B,0.03599,19.45
2026-08-04T01:30:00+00:00,BABAUSDT,A,-0.00781,7.02
2026-08-04T01:45:00+00:00,SPYUSDT,B,0.00138,5.72
2026-08-04T02:45:00+00:00,ADAUSDT,B,0.01192,4.58
2026-08-04T03:15:00+00:00,BTWUSDT,B,0.04167,3.37
2026-08-04T03:45:00+00:00,UNIUSDT,A,-0.01748,8.01
2026-08-04T04:15:00+00:00,ADAUSDT,A,-0.01365,5.35
2026-08-04T04:30:00+00:00,HOMEUSDT,B,0.18717,22.11
2026-08-04T04:30:00+00:00,UBUSDT,B,0.0186,3.88
2026-08-04T04:45:00+00:00,HOMEUSDT,A,-0.02519,9.75
2026-08-04T08:00:00+00:00,PLTRUSDT,B,0.00651,3.77
2026-08-04T08:45:00+00:00,HOMEUSDT,B,0.00793,5.48
2026-08-04T10:00:00+00:00,AAOIUSDT,B,0.04246,3.68
2026-08-04T10:15:00+00:00,GLWUSDT,B,0.01039,4.64
2026-08-04T10:15:00+00:00,LDOUSDT,A,-0.04063,8.56
2026-08-04T10:15:00+00:00,LITEUSDT,B,0.01072,9.03
2026-08-04T10:15:00+00:00,MVLLUSDT,B,0.01978,3.85
2026-08-04T10:30:00+00:00,ETHFIUSDT,A,-0.01996,6.46
2026-08-04T11:00:00+00:00,PLTRUSDT,A,-0.01332,4.34
2026-08-04T11:15:00+00:00,ETHFIUSDT,B,0.00925,5.28
2026-08-04T11:45:00+00:00,HOMEUSDT,A,-0.0238,15.11
2026-08-04T11:45:00+00:00,PAXGUSDT,B,0.00123,3.05
2026-08-04T11:45:00+00:00,XAUTUSDT,B,0.00138,3.17
2026-08-04T12:00:00+00:00,AAOIUSDT,A,-0.02321,13.09
2026-08-04T12:00:00+00:00,BEATUSDT,A,-0.03904,7.82
2026-08-04T12:15:00+00:00,BEATUSDT,B,0.01265,3.04
2026-08-04T12:45:00+00:00,HOMEUSDT,B,0.04423,29.16
2026-08-04T13:00:00+00:00,NATGASUSDT,B,0.00074,4.16
2026-08-04T13:15:00+00:00,HBARUSDT,A,-0.01061,4.47
2026-08-04T13:15:00+00:00,LITEUSDT,A,-0.0329,8.05
2026-08-04T13:15:00+00:00,MRVLUSDT,B,0.00597,3.26
2026-08-04T13:30:00+00:00,AAPLUSDT,B,0.0031,7.2
2026-08-04T13:30:00+00:00,AMDUSDT,B,0.01489,6.17
2026-08-04T13:30:00+00:00,AMZNUSDT,B,0.00105,8.13
2026-08-04T13:30:00+00:00,ARMUSDT,B,0.05201,9.06
2026-08-04T13:30:00+00:00,BTWUSDT,B,0.05281,6.44
2026-08-04T13:30:00+00:00,CBRSUSDT,B,0.03452,10.93
2026-08-04T13:30:00+00:00,COINUSDT,B,0.01042,5.56
2026-08-04T13:30:00+00:00,CRCLUSDT,B,0.04098,9.28
2026-08-04T13:30:00+00:00,DELLUSDT,B,0.01904,12.94
2026-08-04T13:30:00+00:00,DRAMUSDT,B,0.01288,6.35
2026-08-04T13:30:00+00:00,EWYUSDT,B,0.01267,3.69
2026-08-04T13:30:00+00:00,GLWUSDT,A,-0.01872,8.33
2026-08-04T13:30:00+00:00,HOODUSDT,B,0.01683,6.67
2026-08-04T13:30:00+00:00,INTCUSDT,B,0.02381,10.07
2026-08-04T13:30:00+00:00,METAUSDT,B,0.00543,10.1
2026-08-04T13:30:00+00:00,MSFTUSDT,B,0.01005,9.26
2026-08-04T13:30:00+00:00,MSTRUSDT,B,0.01012,4.03
2026-08-04T13:30:00+00:00,NBISUSDT,B,0.03873,12.78
2026-08-04T13:30:00+00:00,ORCLUSDT,B,0.01461,9.54
2026-08-04T13:30:00+00:00,PLTRUSDT,B,0.0419,29.79
2026-08-04T13:30:00+00:00,QQQUSDT,B,0.00592,5.37
2026-08-04T13:30:00+00:00,RKLBUSDT,B,0.00783,11.29
2026-08-04T13:30:00+00:00,SAMSUNGUSDT,B,0.02043,6.07
2026-08-04T13:30:00+00:00,SPYUSDT,B,0.00137,3.49
2026-08-04T13:30:00+00:00,TQQQUSDT,B,0.01718,9.59
2026-08-04T13:30:00+00:00,TSLAUSDT,A,-0.00724,9.23
2026-08-04T13:30:00+00:00,TSMUSDT,A,-0.0068,6.11
2026-08-04T13:45:00+00:00,ARMUSDT,A,-0.01404,5.3
2026-08-04T13:45:00+00:00,BEUSDT,B,0.00585,6.09
2026-08-04T13:45:00+00:00,CBRSUSDT,A,-0.04748,5.23
2026-08-04T13:45:00+00:00,CRCLUSDT,A,-0.01833,4.38
2026-08-04T13:45:00+00:00,NBISUSDT,A,-0.02947,8.22
2026-08-04T14:00:00+00:00,CRVUSDT,B,0.00247,3.17
2026-08-04T14:00:00+00:00,JUPUSDT,A,-0.01159,4.34
2026-08-04T14:15:00+00:00,AAOIUSDT,B,0.00047,8.59
2026-08-04T14:15:00+00:00,LDOUSDT,A,-0.04206,10.49
2026-08-04T14:15:00+00:00,MVLLUSDT,B,0.0038,3.56
2026-08-04T14:30:00+00:00,LITEUSDT,B,0.00842,4.29
2026-08-04T14:30:00+00:00,MORPHOUSDT,A,-0.00955,2.21
2026-08-04T14:45:00+00:00,LDOUSDT,B,0.01205,16.87
2026-08-04T15:00:00+00:00,ETHFIUSDT,A,-0.00686,7.64
2026-08-04T15:00:00+00:00,UBUSDT,B,0.04239,17.67
2026-08-04T15:15:00+00:00,UBUSDT,A,-0.11628,21.07
2026-08-04T15:45:00+00:00,SYNUSDT,B,0.07942,3.35
2026-08-04T15:45:00+00:00,TRXUSDT,A,-0.00367,15.64
2026-08-04T16:00:00+00:00,TRXUSDT,B,0.00372,3.76
2026-08-04T16:00:00+00:00,XAUTUSDT,B,0.00036,3.77
2026-08-04T16:15:00+00:00,HOMEUSDT,A,-0.02627,10.87
2026-08-04T17:00:00+00:00,HEIUSDT,B,0.03117,4.12
2026-08-04T17:30:00+00:00,PLTRUSDT,B,0.00412,3.38
2026-08-04T18:00:00+00:00,NVDAUSDT,B,0.00071,3.44
2026-08-04T18:15:00+00:00,FETUSDT,B,0.01441,7.45
2026-08-04T18:15:00+00:00,PUMPUSDT,B,0.01005,4.43
2026-08-04T18:15:00+00:00,TAOUSDT,B,0.01062,4.02
2026-08-04T18:45:00+00:00,HOMEUSDT,B,0.00963,4.96
2026-08-04T19:00:00+00:00,HEIUSDT,A,-0.01259,25.61
2026-08-04T19:15:00+00:00,PLTRUSDT,A,-0.00751,3.63
2026-08-04T19:15:00+00:00,UBUSDT,B,0.03047,6.67
2026-08-04T19:45:00+00:00,RENDERUSDT,B,0.00221,9.64
2026-08-04T19:45:00+00:00,SPYUSDT,A,-0.00244,3.91
2026-08-04T20:00:00+00:00,MVLLUSDT,B,0.02237,4.23
2026-08-04T20:00:00+00:00,RKLBUSDT,A,-0.01743,6.13
2026-08-04T20:15:00+00:00,AAOIUSDT,A,-0.02179,6.67
2026-08-04T20:15:00+00:00,AMDUSDT,A,-0.07555,68.75
2026-08-04T20:15:00+00:00,ARMUSDT,A,-0.03643,5.61
2026-08-04T20:15:00+00:00,DELLUSDT,A,-0.01583,10.85
2026-08-04T20:15:00+00:00,MVLLUSDT,A,-0.04986,12.91
2026-08-04T20:30:00+00:00,OPUSDT,B,0.00225,4.43
2026-08-04T20:30:00+00:00,UBUSDT,A,-0.03136,4.36
2026-08-04T21:15:00+00:00,AMDUSDT,B,0.00366,6.14
2026-08-04T21:30:00+00:00,HEIUSDT,B,0.04833,12.19
2026-08-04T21:45:00+00:00,DOTUSDT,B,0.01138,5.26
2026-08-05T00:00:00+00:00,ETHFIUSDT,A,-0.00956,4.96
2026-08-05T00:00:00+00:00,HOMEUSDT,B,0.05177,3.09
2026-08-05T00:00:00+00:00,RKLBUSDT,B,0.00366,3.62
2026-08-05T00:00:00+00:00,TRXUSDT,A,-0.00196,4.6
2026-08-05T00:30:00+00:00,BNBUSDT,B,0.0018,23.47
2026-08-05T00:30:00+00:00,XLMUSDT,A,-0.00602,4.77
2026-08-05T01:00:00+00:00,UBUSDT,B,0.08833,4.44
2026-08-05T01:30:00+00:00,HEIUSDT,B,0.01137,15.83
2026-08-05T02:30:00+00:00,PAXGUSDT,B,0.00574,3.12
2026-08-05T02:30:00+00:00,XAUTUSDT,B,0.00541,3.87
2026-08-05T03:00:00+00:00,BNBUSDT,A,-0.00811,4.18
2026-08-05T03:00:00+00:00,BTWUSDT,B,0.01383,3.47
2026-08-05T03:00:00+00:00,ENAUSDT,A,-0.00795,4.71
2026-08-05T03:00:00+00:00,HEIUSDT,A,-0.02764,24.49
2026-08-05T03:00:00+00:00,SPYUSDT,B,6e-05,5.53
2026-08-05T03:15:00+00:00,NEARUSDT,A,-0.0174,6.41
2026-08-05T05:00:00+00:00,PUMPUSDT,B,0.00535,3.25
2026-08-05T05:15:00+00:00,UBUSDT,A,-0.20042,14.03
2026-08-05T05:30:00+00:00,BEATUSDT,B,0.05768,3.21
2026-08-05T05:30:00+00:00,HEIUSDT,B,0.0034,18.27
2026-08-05T05:30:00+00:00,UBUSDT,B,0.03628,6.62
2026-08-05T05:45:00+00:00,SYNUSDT,B,0.04097,3.05
2026-08-05T06:45:00+00:00,PAXGUSDT,B,0.00039,7.05
2026-08-05T07:00:00+00:00,HEIUSDT,A,-0.03722,55.4
2026-08-05T07:00:00+00:00,RENDERUSDT,B,0.00222,3.87
2026-08-05T07:15:00+00:00,LDOUSDT,B,0.02188,3.95
2026-08-05T07:30:00+00:00,ETCUSDT,A,-0.00338,5.47
2026-08-05T09:30:00+00:00,HEIUSDT,B,0.00529,21.55
2026-08-05T09:45:00+00:00,ADAUSDT,B,0.00562,3.51
2026-08-05T09:45:00+00:00,UBUSDT,B,0.07211,5.41
2026-08-05T10:00:00+00:00,CRCLUSDT,B,0.01089,6.0
2026-08-05T10:30:00+00:00,BTWUSDT,B,0.04603,5.7
2026-08-05T11:00:00+00:00,HEIUSDT,A,-0.03128,22.1
2026-08-05T11:15:00+00:00,CRCLUSDT,A,-0.02826,5.37
2026-08-05T11:15:00+00:00,UBUSDT,A,-0.05545,9.58
2026-08-05T11:30:00+00:00,XAUTUSDT,B,0.00235,3.13
2026-08-05T11:45:00+00:00,AAPLUSDT,B,0.00133,4.49
2026-08-05T11:45:00+00:00,VVVUSDT,B,0.00107,3.08
2026-08-05T12:15:00+00:00,FILUSDT,B,0.00989,4.8
2026-08-05T12:15:00+00:00,PAXGUSDT,B,0.00192,4.62
2026-08-05T12:15:00+00:00,PUMPUSDT,B,0.01275,5.26
2026-08-05T13:15:00+00:00,MVLLUSDT,B,0.04155,4.41
2026-08-05T13:15:00+00:00,NVDAUSDT,B,0.00855,3.56
2026-08-05T13:30:00+00:00,AAOIUSDT,B,0.04838,15.21
2026-08-05T13:30:00+00:00,AMDUSDT,B,0.0178,10.63
2026-08-05T13:30:00+00:00,AMZNUSDT,A,-0.01405,7.03
2026-08-05T13:30:00+00:00,ARMUSDT,B,0.01556,6.03
2026-08-05T13:30:00+00:00,AVAXUSDT,A,-0.00844,7.16
2026-08-05T13:30:00+00:00,BEUSDT,B,0.05779,6.04
2026-08-05T13:30:00+00:00,CBRSUSDT,B,0.02627,5.97
2026-08-05T13:30:00+00:00,COINUSDT,B,0.00603,5.48
2026-08-05T13:30:00+00:00,DELLUSDT,B,0.03975,16.87
2026-08-05T13:30:00+00:00,DRAMUSDT,B,0.02958,9.1
2026-08-05T13:30:00+00:00,EWYUSDT,B,0.00975,3.89
2026-08-05T13:30:00+00:00,GOOGLUSDT,A,-0.0054,2.93
2026-08-05T13:30:00+00:00,HOODUSDT,B,0.01032,4.0
2026-08-05T13:30:00+00:00,INTCUSDT,B,0.01628,7.32
2026-08-05T13:30:00+00:00,LITEUSDT,B,0.03814,9.52
2026-08-05T13:30:00+00:00,METAUSDT,A,-0.00767,6.88
2026-08-05T13:30:00+00:00,MRVLUSDT,B,0.01795,6.72
2026-08-05T13:30:00+00:00,MSFTUSDT,A,-0.00759,6.79
2026-08-05T13:30:00+00:00,NBISUSDT,B,0.01361,9.59
2026-08-05T13:30:00+00:00,ORCLUSDT,B,0.00158,5.11
2026-08-05T13:30:00+00:00,PLTRUSDT,B,0.02228,16.27
2026-08-05T13:30:00+00:00,QQQUSDT,B,0.00257,6.21
2026-08-05T13:30:00+00:00,RKLBUSDT,B,0.00253,10.69
2026-08-05T13:30:00+00:00,SPYUSDT,B,0.00113,5.32
2026-08-05T13:30:00+00:00,TQQQUSDT,B,0.0078,11.7
2026-08-05T13:30:00+00:00,TSLAUSDT,B,0.00386,7.3
2026-08-05T13:30:00+00:00,TSMUSDT,B,0.01067,4.78
2026-08-05T13:30:00+00:00,UNIUSDT,B,0.0005,3.23
2026-08-05T13:30:00+00:00,WDCUSDT,B,0.02894,4.27
2026-08-05T13:45:00+00:00,HEIUSDT,B,0.05029,26.81
2026-08-05T13:45:00+00:00,PLTRUSDT,A,-0.02312,5.9
2026-08-05T14:00:00+00:00,AAOIUSDT,A,-0.02191,9.35
2026-08-05T14:00:00+00:00,INJUSDT,B,0.01326,6.14
2026-08-05T14:45:00+00:00,CRCLUSDT,B,0.00324,3.25
2026-08-05T15:15:00+00:00,SPYUSDT,A,-0.00186,3.99
2026-08-05T16:00:00+00:00,ESPORTSUSDT,B,0.12431,3.01
2026-08-05T16:00:00+00:00,XAUTUSDT,B,0.00042,4.6
2026-08-05T16:15:00+00:00,ESPORTSUSDT,A,-0.04444,4.57
2026-08-05T16:15:00+00:00,GOOGLUSDT,B,0.01418,11.72
2026-08-05T16:15:00+00:00,RENDERUSDT,B,0.00597,7.16
2026-08-05T16:30:00+00:00,UBUSDT,A,-0.03685,5.3
2026-08-05T17:15:00+00:00,UBUSDT,B,0.01277,3.95
2026-08-05T17:45:00+00:00,HEIUSDT,B,0.07601,43.32
2026-08-05T18:15:00+00:00,FETUSDT,B,0.00136,4.6
2026-08-05T19:00:00+00:00,HEIUSDT,A,-0.04563,41.39
2026-08-05T19:15:00+00:00,METAUSDT,B,0.00816,3.04
2026-08-05T19:30:00+00:00,PENDLEUSDT,B,0.01431,5.42
2026-08-05T19:45:00+00:00,PENDLEUSDT,A,-0.00901,5.15
2026-08-05T20:00:00+00:00,DELLUSDT,B,0.00194,8.7
2026-08-05T20:00:00+00:00,DRAMUSDT,B,0.00075,10.4
2026-08-05T20:00:00+00:00,MVLLUSDT,B,0.00711,8.44
2026-08-05T20:00:00+00:00,TQQQUSDT,B,0.00014,5.08
2026-08-05T20:00:00+00:00,WDCUSDT,A,-0.09021,49.16
2026-08-05T20:00:00+00:00,ZBTUSDT,B,0.03681,4.17
2026-08-05T20:45:00+00:00,KITEUSDT,B,0.01775,4.42
2026-08-05T20:45:00+00:00,WDCUSDT,B,0.00528,3.15
2026-08-05T22:00:00+00:00,HEIUSDT,B,0.01459,8.44
2026-08-05T22:15:00+00:00,BTWUSDT,B,0.01888,3.19
2026-08-05T22:45:00+00:00,ETHFIUSDT,B,0.01734,3.71
2026-08-06T00:00:00+00:00,SAMSUNGUSDT,B,0.00359,5.25
2026-08-06T00:15:00+00:00,ESPORTSUSDT,B,0.23389,3.08
2026-08-06T00:15:00+00:00,PENGUUSDT,B,0.00492,3.42
2026-08-06T01:30:00+00:00,AAVEUSDT,A,-0.0067,6.31
2026-08-06T01:45:00+00:00,CAPUSDT,B,0.18376,16.44
2026-08-06T02:00:00+00:00,XLMUSDT,A,-0.00666,5.66
2026-08-06T02:15:00+00:00,ATOMUSDT,A,-0.00595,5.99
2026-08-06T02:15:00+00:00,CAPUSDT,A,-0.0398,7.06
2026-08-06T02:15:00+00:00,ENAUSDT,A,-0.01074,7.5
2026-08-06T02:15:00+00:00,PUMPUSDT,A,-0.02295,4.66
2026-08-06T03:00:00+00:00,XPLUSDT,A,-0.02434,8.91
2026-08-06T03:30:00+00:00,ADAUSDT,A,-0.01736,5.27
2026-08-06T03:30:00+00:00,HEIUSDT,B,0.04078,6.04
2026-08-06T04:30:00+00:00,HEIUSDT,A,-0.0583,13.14
2026-08-06T05:00:00+00:00,TRXUSDT,A,-0.00224,4.67
2026-08-06T05:45:00+00:00,CAPUSDT,B,0.01461,3.63
2026-08-06T07:00:00+00:00,CHZUSDT,B,0.00076,5.19
2026-08-06T07:30:00+00:00,BTWUSDT,B,0.00077,3.11
2026-08-06T07:30:00+00:00,HEIUSDT,B,0.02338,11.06
2026-08-06T07:45:00+00:00,BTWUSDT,A,-0.0913,6.36
2026-08-06T08:00:00+00:00,CAPUSDT,A,-0.08167,7.02
2026-08-06T08:30:00+00:00,JTOUSDT,A,-0.01236,7.33
2026-08-06T08:30:00+00:00,ZBTUSDT,B,0.01437,3.0
2026-08-06T08:45:00+00:00,HEIUSDT,A,-0.03738,9.86
2026-08-06T09:00:00+00:00,ARBUSDT,A,-0.02573,7.76
2026-08-06T09:00:00+00:00,FILUSDT,A,-0.01292,5.3
2026-08-06T09:00:00+00:00,XLMUSDT,A,-0.01381,4.68
2026-08-06T09:15:00+00:00,ETCUSDT,A,-0.00634,12.04
2026-08-06T09:15:00+00:00,INJUSDT,A,-0.01051,6.97
2026-08-06T09:15:00+00:00,LINKUSDT,B,0.00074,3.96
2026-08-06T09:15:00+00:00,PENGUUSDT,A,-0.00853,7.78
2026-08-06T09:30:00+00:00,SUIUSDT,A,-0.00574,5.57
2026-08-06T09:45:00+00:00,AVAXUSDT,A,-0.01257,10.37
2026-08-06T09:45:00+00:00,PAXGUSDT,B,0.00054,4.85
2026-08-06T09:45:00+00:00,PUMPUSDT,B,0.0087,4.49
2026-08-06T10:45:00+00:00,CAPUSDT,B,0.07136,5.25
2026-08-06T11:00:00+00:00,ZBTUSDT,A,-0.0218,7.42
2026-08-06T11:30:00+00:00,HEIUSDT,B,0.01694,10.04
2026-08-06T11:30:00+00:00,HOMEUSDT,B,0.08355,3.17
2026-08-06T11:45:00+00:00,GOOGLUSDT,A,-0.00733,1.95
2026-08-06T12:15:00+00:00,BEATUSDT,B,0.09439,3.64
2026-08-06T12:30:00+00:00,ZBTUSDT,B,0.06578,13.18
2026-08-06T13:00:00+00:00,EPICUSDT,B,0.0703,4.01
2026-08-06T13:00:00+00:00,OPUSDT,A,-0.01505,5.94
2026-08-06T13:15:00+00:00,EPICUSDT,A,-0.12407,3.1
2026-08-06T13:15:00+00:00,NVDAUSDT,B,0.0023,3.06
2026-08-06T13:15:00+00:00,OPUSDT,B,0.0141,4.84
2026-08-06T13:15:00+00:00,WDCUSDT,A,-0.02047,4.3
2026-08-06T13:30:00+00:00,AAOIUSDT,B,0.02803,14.45
2026-08-06T13:30:00+00:00,AAPLUSDT,B,0.00153,5.47
2026-08-06T13:30:00+00:00,AMDUSDT,B,0.01757,3.84
2026-08-06T13:30:00+00:00,ARMUSDT,B,0.02901,6.58
2026-08-06T13:30:00+00:00,BEUSDT,B,0.04596,6.99
2026-08-06T13:30:00+00:00,CBRSUSDT,B,0.0195,4.46
2026-08-06T13:30:00+00:00,COINUSDT,B,0.00897,3.89
2026-08-06T13:30:00+00:00,DELLUSDT,A,-0.02518,17.06
2026-08-06T13:30:00+00:00,DRAMUSDT,B,0.02438,11.28
2026-08-06T13:30:00+00:00,EWYUSDT,B,0.01351,4.96
2026-08-06T13:30:00+00:00,GLWUSDT,B,0.03228,4.32
2026-08-06T13:30:00+00:00,GOOGLUSDT,B,0.00161,3.22
2026-08-06T13:30:00+00:00,HEIUSDT,A,-0.09488,8.51
2026-08-06T13:30:00+00:00,HOODUSDT,B,0.01377,4.11
2026-08-06T13:30:00+00:00,INTCUSDT,B,0.00427,6.54
2026-08-06T13:30:00+00:00,LITEUSDT,B,0.01724,7.02
2026-08-06T13:30:00+00:00,METAUSDT,B,0.006,3.7
2026-08-06T13:30:00+00:00,MRVLUSDT,B,0.01701,5.37
2026-08-06T13:30:00+00:00,MSFTUSDT,B,0.00909,5.67
2026-08-06T13:30:00+00:00,MSTRUSDT,B,0.01039,4.0
2026-08-06T13:30:00+00:00,MVLLUSDT,B,0.03455,6.59
2026-08-06T13:30:00+00:00,NBISUSDT,B,0.02022,10.25
2026-08-06T13:30:00+00:00,ORCLUSDT,B,0.03182,6.93
2026-08-06T13:30:00+00:00,PLTRUSDT,A,-0.01653,8.87
2026-08-06T13:30:00+00:00,QQQUSDT,B,0.00428,10.29
2026-08-06T13:30:00+00:00,RKLBUSDT,B,0.04789,12.14
2026-08-06T13:30:00+00:00,SAMSUNGUSDT,B,0.01991,4.17
2026-08-06T13:30:00+00:00,TQQQUSDT,B,0.01197,15.44
2026-08-06T13:30:00+00:00,TSLAUSDT,B,0.00444,4.15
2026-08-06T13:30:00+00:00,TSMUSDT,B,0.01714,3.86
2026-08-06T13:30:00+00:00,WDCUSDT,B,0.02585,23.11
2026-08-06T13:45:00+00:00,ADAUSDT,B,0.01095,3.17
2026-08-06T13:45:00+00:00,DELLUSDT,B,0.02043,9.39
2026-08-06T14:00:00+00:00,INJUSDT,B,0.00043,3.5
2026-08-06T14:30:00+00:00,ALGOUSDT,B,0.01101,4.12
2026-08-06T14:30:00+00:00,LINKUSDT,B,0.00809,3.9
2026-08-06T14:30:00+00:00,NATGASUSDT,A,-0.00755,6.25
2026-08-06T14:30:00+00:00,PUMPUSDT,B,0.00217,3.34
2026-08-06T14:30:00+00:00,ZROUSDT,B,0.00667,3.8
2026-08-06T14:45:00+00:00,ADAUSDT,A,-0.00891,6.5
2026-08-06T14:45:00+00:00,FETUSDT,B,0.00073,4.92
2026-08-06T14:45:00+00:00,FILUSDT,B,0.00245,3.65
2026-08-06T15:00:00+00:00,CRCLUSDT,B,0.00478,3.56
2026-08-06T15:00:00+00:00,ZBTUSDT,A,-0.02426,22.61
2026-08-06T15:15:00+00:00,RENDERUSDT,B,0.00224,9.89
2026-08-06T15:30:00+00:00,ATOMUSDT,B,0.01403,3.73
2026-08-06T15:45:00+00:00,FETUSDT,A,-0.01606,12.0
2026-08-06T15:45:00+00:00,HEIUSDT,B,0.00384,6.43
2026-08-06T16:15:00+00:00,BEATUSDT,B,0.02248,3.61
2026-08-06T16:30:00+00:00,CRVUSDT,B,0.01951,5.21
2026-08-06T16:45:00+00:00,PAXGUSDT,B,0.00222,4.08
2026-08-06T16:45:00+00:00,ZBTUSDT,B,0.02071,13.89
2026-08-06T17:30:00+00:00,CRVUSDT,A,-0.00594,9.86
2026-08-06T18:15:00+00:00,ADAUSDT,B,0.00049,3.16
2026-08-06T18:15:00+00:00,DELLUSDT,B,0.00112,4.26
2026-08-06T18:15:00+00:00,NVDAUSDT,B,0.00241,3.82
2026-08-06T18:30:00+00:00,FILUSDT,A,-0.01144,4.95
2026-08-06T18:45:00+00:00,NBISUSDT,A,-0.01184,4.33
2026-08-06T18:45:00+00:00,TAOUSDT,B,0.00322,3.93
2026-08-06T19:00:00+00:00,ZBTUSDT,A,-0.01857,18.79
2026-08-06T20:00:00+00:00,AAOIUSDT,B,0.01159,40.66
2026-08-06T20:00:00+00:00,LITEUSDT,B,0.00975,5.31
2026-08-06T20:15:00+00:00,AAOIUSDT,A,-0.06032,25.94
2026-08-06T20:30:00+00:00,RENDERUSDT,B,0.003,14.28
2026-08-06T21:00:00+00:00,SEIUSDT,B,0.00121,5.1
2026-08-06T21:00:00+00:00,TIAUSDT,B,0.00636,3.3
2026-08-06T23:30:00+00:00,ZBTUSDT,B,0.00839,4.34
2026-08-07T00:00:00+00:00,LITUSDT,B,0.00905,4.65
2026-08-07T00:00:00+00:00,SAMSUNGUSDT,B,0.00939,5.88
2026-08-07T00:15:00+00:00,SAMSUNGUSDT,A,-0.00948,4.81
2026-08-07T01:00:00+00:00,AAVEUSDT,B,0.00988,3.07
2026-08-07T01:00:00+00:00,BABAUSDT,B,0.00338,5.19
2026-08-07T01:15:00+00:00,ZBTUSDT,A,-0.02497,8.93
2026-08-07T02:00:00+00:00,LITUSDT,A,-0.01339,3.82
2026-08-07T02:30:00+00:00,ALGOUSDT,B,0.02574,14.05
2026-08-07T02:30:00+00:00,BSBUSDT,B,0.02194,9.33
2026-08-07T03:00:00+00:00,TRXUSDT,B,0.00263,3.45
2026-08-07T03:15:00+00:00,BSBUSDT,A,-0.05962,5.17
2026-08-07T03:30:00+00:00,GRAMUSDT,A,-0.01121,2.57
2026-08-07T03:30:00+00:00,ZBTUSDT,B,0.00071,4.76
2026-08-07T03:45:00+00:00,FILUSDT,A,-0.01328,5.6
2026-08-07T04:30:00+00:00,INJUSDT,B,0.00067,3.72
2026-08-07T05:30:00+00:00,XPLUSDT,B,0.01328,3.01
2026-08-07T05:45:00+00:00,GWEIUSDT,B,0.01776,4.62
2026-08-07T06:15:00+00:00,JUPUSDT,B,0.01374,6.21
2026-08-07T06:45:00+00:00,GWEIUSDT,A,-0.05798,4.51
2026-08-07T07:00:00+00:00,1000BONKUSDT,A,-0.05076,36.25
2026-08-07T07:00:00+00:00,BSBUSDT,B,0.0521,7.58
2026-08-07T07:30:00+00:00,BSBUSDT,A,-0.04606,7.84
2026-08-07T08:00:00+00:00,1000BONKUSDT,B,0.00157,4.67
2026-08-07T08:00:00+00:00,AAOIUSDT,B,0.04315,3.62
2026-08-07T08:30:00+00:00,ENAUSDT,B,0.02752,8.96
2026-08-07T08:30:00+00:00,PAXGUSDT,B,0.00308,4.53
2026-08-07T09:15:00+00:00,AVAXUSDT,B,0.0014,3.04
2026-08-07T09:45:00+00:00,EPICUSDT,B,0.00851,3.59
2026-08-07T10:45:00+00:00,GWEIUSDT,B,0.01199,3.81
2026-08-07T11:00:00+00:00,ETHFIUSDT,B,0.02355,8.78
2026-08-07T11:00:00+00:00,FETUSDT,B,0.00678,3.86
2026-08-07T11:00:00+00:00,GWEIUSDT,A,-0.02607,5.27
2026-08-07T11:15:00+00:00,WIFUSDT,B,0.00578,6.61
2026-08-07T12:00:00+00:00,ETCUSDT,B,0.00246,3.49
2026-08-07T12:15:00+00:00,EPICUSDT,A,-0.04677,6.4
2026-08-07T12:15:00+00:00,XAUTUSDT,A,-0.00174,5.16
2026-08-07T12:30:00+00:00,DRAMUSDT,B,0.01355,4.29
2026-08-07T12:30:00+00:00,PAXGUSDT,B,0.01277,17.86
2026-08-07T12:30:00+00:00,QQQUSDT,B,0.00429,4.53
2026-08-07T12:30:00+00:00,SPYUSDT,B,0.00228,4.15
2026-08-07T12:30:00+00:00,TQQQUSDT,B,0.01446,5.92
2026-08-07T12:30:00+00:00,XAUTUSDT,B,0.01246,24.29
2026-08-07T12:45:00+00:00,SEIUSDT,B,0.00487,5.94
2026-08-07T13:00:00+00:00,1000BONKUSDT,A,-0.00967,4.26
2026-08-07T13:00:00+00:00,NATGASUSDT,B,0.00864,5.06
2026-08-07T13:30:00+00:00,AAOIUSDT,B,0.01321,28.53
2026-08-07T13:30:00+00:00,AAPLUSDT,B,0.00032,4.57
2026-08-07T13:30:00+00:00,AMDUSDT,A,-0.01582,3.75
2026-08-07T13:30:00+00:00,AMZNUSDT,B,0.01373,4.81
2026-08-07T13:30:00+00:00,ARMUSDT,A,-0.01274,7.08
2026-08-07T13:30:00+00:00,BEUSDT,A,-0.01307,6.42
2026-08-07T13:30:00+00:00,CBRSUSDT,A,-0.03107,5.99
2026-08-07T13:30:00+00:00,COINUSDT,B,0.01509,9.08
2026-08-07T13:30:00+00:00,CRCLUSDT,B,0.0198,10.46
2026-08-07T13:30:00+00:00,DELLUSDT,A,-0.01284,12.7
2026-08-07T13:30:00+00:00,DRAMUSDT,A,-0.0148,8.2
2026-08-07T13:30:00+00:00,GLWUSDT,B,0.0416,6.33
2026-08-07T13:30:00+00:00,HOODUSDT,B,0.01614,5.26
2026-08-07T13:30:00+00:00,LITEUSDT,B,0.06075,16.75
2026-08-07T13:30:00+00:00,METAUSDT,B,0.00717,7.46
2026-08-07T13:30:00+00:00,MRVLUSDT,B,0.01058,10.25
2026-08-07T13:30:00+00:00,MSFTUSDT,B,0.00773,3.22
2026-08-07T13:30:00+00:00,MSTRUSDT,B,0.0231,7.95
2026-08-07T13:30:00+00:00,MVLLUSDT,B,0.01948,10.1
2026-08-07T13:30:00+00:00,NBISUSDT,A,-0.04755,10.75
2026-08-07T13:30:00+00:00,NVDAUSDT,B,0.00293,5.44
2026-08-07T13:30:00+00:00,PLTRUSDT,B,0.02859,8.41
2026-08-07T13:30:00+00:00,RKLBUSDT,B,0.02976,14.67
2026-08-07T13:30:00+00:00,TSLAUSDT,B,0.01249,5.8
2026-08-07T13:30:00+00:00,WDCUSDT,A,-0.02973,13.98
2026-08-07T13:45:00+00:00,CRCLUSDT,A,-0.01225,4.82
2026-08-07T13:45:00+00:00,EPICUSDT,B,0.03255,3.96
2026-08-07T13:45:00+00:00,INTCUSDT,A,-0.02585,4.92
2026-08-07T13:45:00+00:00,LITEUSDT,A,-0.03138,8.14
2026-08-07T13:45:00+00:00,LITUSDT,B,0.00644,3.6
2026-08-07T13:45:00+00:00,MRVLUSDT,A,-0.04373,6.54
2026-08-07T13:45:00+00:00,MVLLUSDT,A,-0.08183,5.95
2026-08-07T13:45:00+00:00,RKLBUSDT,A,-0.01931,8.24
2026-08-07T13:45:00+00:00,TQQQUSDT,A,-0.01091,4.73
2026-08-07T14:00:00+00:00,AAOIUSDT,A,-0.02644,12.64
2026-08-07T14:00:00+00:00,MSTRUSDT,A,-0.01835,4.95
2026-08-07T14:00:00+00:00,QQQUSDT,A,-0.00304,4.57
2026-08-07T14:15:00+00:00,BEUSDT,B,0.014,4.4
2026-08-07T14:15:00+00:00,NBISUSDT,B,0.01605,4.1
2026-08-07T14:15:00+00:00,WDCUSDT,B,0.00317,4.89
2026-08-07T14:30:00+00:00,ADAUSDT,A,-0.01002,4.53
2026-08-07T14:30:00+00:00,PLTRUSDT,A,-0.00798,4.51
2026-08-07T14:45:00+00:00,CAPUSDT,B,0.01584,6.74
2026-08-07T15:00:00+00:00,GWEIUSDT,B,0.03042,14.62
2026-08-07T15:00:00+00:00,RENDERUSDT,B,0.00458,3.69
2026-08-07T15:45:00+00:00,UBUSDT,B,0.04139,3.39
2026-08-07T16:00:00+00:00,ICPUSDT,B,0.00335,3.87
2026-08-07T16:15:00+00:00,SLXUSDT,B,0.03984,3.29
2026-08-07T17:00:00+00:00,FILUSDT,A,-0.01947,11.65
2026-08-07T17:00:00+00:00,GWEIUSDT,A,-0.02562,11.14
2026-08-07T17:15:00+00:00,FILUSDT,B,0.00104,3.21
2026-08-07T17:45:00+00:00,ALLOUSDT,B,0.02676,3.18
2026-08-07T17:45:00+00:00,HBARUSDT,A,-0.00297,4.79
2026-08-07T19:30:00+00:00,GWEIUSDT,B,0.00266,16.58
2026-08-07T19:45:00+00:00,TQQQUSDT,B,0.00418,4.09
2026-08-07T23:30:00+00:00,GWEIUSDT,A,-0.03821,17.08
2026-08-07T23:45:00+00:00,BTWUSDT,B,0.05815,3.3
2026-08-08T00:00:00+00:00,GWEIUSDT,B,0.04547,9.57
2026-08-08T00:15:00+00:00,EPICUSDT,B,0.02392,3.47
2026-08-08T00:45:00+00:00,SLXUSDT,B,0.03901,5.07
2026-08-08T01:30:00+00:00,AVAXUSDT,B,0.01687,3.69
2026-08-08T02:15:00+00:00,BSBUSDT,B,0.07082,4.9
2026-08-08T02:15:00+00:00,PLTRUSDT,A,-0.0248,3.92
2026-08-08T02:15:00+00:00,SLXUSDT,A,-0.04003,6.16
2026-08-08T02:45:00+00:00,ALGOUSDT,A,-0.01619,5.58
2026-08-08T03:15:00+00:00,BTWUSDT,A,-0.04095,5.26
2026-08-08T03:15:00+00:00,EPICUSDT,A,-0.04869,7.42
2026-08-08T03:30:00+00:00,XLMUSDT,B,0.00677,3.36
2026-08-08T03:45:00+00:00,BSBUSDT,A,-0.12361,12.31
2026-08-08T04:15:00+00:00,GWEIUSDT,B,0.03482,4.41
2026-08-08T04:30:00+00:00,BTWUSDT,B,0.08455,5.08
2026-08-08T04:30:00+00:00,EPICUSDT,B,0.02955,3.92
2026-08-08T04:45:00+00:00,CAPUSDT,B,0.01723,3.52
2026-08-08T04:45:00+00:00,CRVUSDT,B,0.01017,5.2
2026-08-08T05:15:00+00:00,GWEIUSDT,A,-0.12077,16.17
2026-08-08T05:30:00+00:00,WIFUSDT,B,0.00281,3.11
2026-08-08T06:00:00+00:00,SYNUSDT,B,0.06379,3.3
2026-08-08T08:30:00+00:00,BTWUSDT,B,0.0522,3.38
2026-08-08T09:30:00+00:00,BEATUSDT,B,0.01577,3.5
2026-08-08T09:45:00+00:00,DASHUSDT,B,0.00096,3.05
2026-08-08T09:45:00+00:00,FARTCOINUSDT,B,0.0031,14.45
2026-08-08T09:45:00+00:00,FILUSDT,B,0.01034,3.38
2026-08-08T09:45:00+00:00,LTCUSDT,B,0.00088,5.45
2026-08-08T09:45:00+00:00,NEARUSDT,B,0.00062,4.44
2026-08-08T10:00:00+00:00,ICPUSDT,B,0.00238,3.39
2026-08-08T10:00:00+00:00,SEIUSDT,B,0.00314,4.46
2026-08-08T11:00:00+00:00,INJUSDT,A,-0.00857,8.57
2026-08-08T11:00:00+00:00,SLXUSDT,B,0.00453,3.89
2026-08-08T11:15:00+00:00,BEATUSDT,A,-0.06691,7.77
2026-08-08T12:15:00+00:00,SLXUSDT,A,-0.01747,4.67
2026-08-08T13:00:00+00:00,KAITOUSDT,B,0.01215,3.21
2026-08-08T14:15:00+00:00,BNBUSDT,B,0.01245,17.2
2026-08-08T14:30:00+00:00,SUIUSDT,B,0.00633,4.84
2026-08-08T14:45:00+00:00,BNBUSDT,A,-0.01059,16.11
2026-08-08T15:00:00+00:00,BEATUSDT,B,0.00785,4.28
2026-08-08T15:30:00+00:00,INJUSDT,B,0.00635,3.1
2026-08-08T16:00:00+00:00,KAITOUSDT,A,-0.0224,4.67
2026-08-08T16:45:00+00:00,ICPUSDT,B,0.00278,5.7
2026-08-08T17:00:00+00:00,KAITOUSDT,B,0.01586,6.94
2026-08-08T18:00:00+00:00,CHZUSDT,B,0.02121,9.55
2026-08-08T18:15:00+00:00,BTWUSDT,A,-0.03711,4.49
2026-08-08T18:30:00+00:00,FETUSDT,B,0.00217,3.18
2026-08-08T20:00:00+00:00,KAITOUSDT,A,-0.03433,9.48
2026-08-08T20:30:00+00:00,BEATUSDT,A,-0.046,4.1
2026-08-08T20:30:00+00:00,DASHUSDT,B,0.0091,4.4
2026-08-08T21:00:00+00:00,ICPUSDT,A,-0.00366,4.5
2026-08-08T21:15:00+00:00,XMRUSDT,A,-0.01193,3.91
2026-08-08T23:45:00+00:00,KAITOUSDT,B,0.01135,4.05
2026-08-08T23:45:00+00:00,TAOUSDT,B,0.01208,6.26
2026-08-09T00:00:00+00:00,ICPUSDT,B,0.00045,3.66
2026-08-09T00:00:00+00:00,ZBTUSDT,B,0.00029,3.41
2026-08-09T02:00:00+00:00,CHZUSDT,A,-0.0119,4.22
2026-08-09T03:15:00+00:00,APTUSDT,B,0.01608,8.05
2026-08-09T03:15:00+00:00,BEATUSDT,A,-0.05854,4.81
2026-08-09T03:45:00+00:00,APTUSDT,A,-0.01068,6.03
2026-08-09T04:00:00+00:00,BEATUSDT,B,0.0518,3.12
2026-08-09T06:00:00+00:00,BTWUSDT,A,-0.1196,5.72
2026-08-09T06:00:00+00:00,USUSDT,B,0.00451,5.36
2026-08-09T06:15:00+00:00,BTWUSDT,B,0.02947,3.84
2026-08-09T07:00:00+00:00,EPICUSDT,B,0.00328,4.69
2026-08-09T07:00:00+00:00,ICPUSDT,A,-0.00549,4.89
2026-08-09T10:15:00+00:00,CRVUSDT,B,0.01529,9.7
2026-08-09T10:45:00+00:00,VVVUSDT,B,0.00636,4.73
2026-08-09T12:00:00+00:00,KAITOUSDT,B,0.00161,3.24
2026-08-09T12:30:00+00:00,PUMPUSDT,B,0.01565,3.86
2026-08-09T13:15:00+00:00,BNBUSDT,B,0.00339,5.67
2026-08-09T13:15:00+00:00,EPICUSDT,B,0.12699,4.36
2026-08-09T13:15:00+00:00,TAOUSDT,B,0.00667,3.41
2026-08-09T13:45:00+00:00,XMRUSDT,B,0.01295,6.54
2026-08-09T14:00:00+00:00,ADAUSDT,B,0.00101,5.6
2026-08-09T15:00:00+00:00,XMRUSDT,A,-0.00634,8.58
2026-08-09T15:15:00+00:00,CRVUSDT,B,0.01838,6.69
2026-08-09T15:30:00+00:00,CRVUSDT,A,-0.01231,8.27
2026-08-09T16:00:00+00:00,KAITOUSDT,A,-0.03495,5.0
2026-08-09T16:00:00+00:00,PENGUUSDT,B,0.01991,11.13
2026-08-09T16:00:00+00:00,TRUMPUSDT,B,0.00927,3.43
2026-08-09T16:45:00+00:00,USUSDT,A,-0.09374,6.2
2026-08-09T17:00:00+00:00,USUSDT,B,0.04418,9.15
2026-08-09T17:30:00+00:00,EPICUSDT,B,0.03031,10.24
2026-08-09T18:15:00+00:00,PENGUUSDT,A,-0.00988,4.55
2026-08-09T18:30:00+00:00,EPICUSDT,A,-0.20203,9.62
2026-08-09T19:45:00+00:00,ALGOUSDT,A,-0.00701,4.33
2026-08-09T19:45:00+00:00,ASTERUSDT,B,0.00754,3.28
2026-08-09T20:15:00+00:00,XMRUSDT,B,0.00711,5.6
2026-08-09T20:45:00+00:00,ALGOUSDT,B,0.00214,3.22
2026-08-09T21:45:00+00:00,SPYUSDT,A,-0.00179,13.41
2026-08-09T22:00:00+00:00,NATGASUSDT,B,0.01332,3.26
2026-08-09T22:30:00+00:00,BNBUSDT,A,-0.00521,6.67
2026-08-09T22:45:00+00:00,LINKUSDT,A,-0.00398,4.34
2026-08-09T23:15:00+00:00,ADAUSDT,A,-0.01221,5.43
2026-08-09T23:30:00+00:00,AVAXUSDT,A,-0.00573,4.56
2026-08-09T23:30:00+00:00,RENDERUSDT,A,-0.00535,6.82
2026-08-09T23:30:00+00:00,TAOUSDT,B,0.00025,3.21
2026-08-10T00:00:00+00:00,BEATUSDT,A,-0.09385,7.55
2026-08-10T00:00:00+00:00,DRAMUSDT,B,0.01039,3.13
2026-08-10T00:00:00+00:00,ICPUSDT,B,0.00923,3.06
2026-08-10T00:00:00+00:00,PUMPUSDT,B,0.0292,4.07
2026-08-10T00:00:00+00:00,QQQUSDT,B,0.00511,7.56
2026-08-10T00:00:00+00:00,RENDERUSDT,B,0.00308,4.9
2026-08-10T00:00:00+00:00,RKLBUSDT,B,0.01493,6.42
2026-08-10T00:00:00+00:00,SAMSUNGUSDT,B,0.00693,5.44
2026-08-10T00:00:00+00:00,SPYUSDT,B,0.00272,18.78
2026-08-10T00:00:00+00:00,WIFUSDT,B,0.01271,3.26
2026-08-10T00:00:00+00:00,XLMUSDT,B,0.0093,3.97
2026-08-10T00:30:00+00:00,CAPUSDT,B,0.02139,3.08
2026-08-10T00:45:00+00:00,BEATUSDT,B,0.01021,4.03
2026-08-10T00:45:00+00:00,LDOUSDT,B,0.01878,3.69
2026-08-10T02:45:00+00:00,XMRUSDT,B,0.00311,5.16
2026-08-10T04:00:00+00:00,TIAUSDT,B,0.00062,3.07
2026-08-10T05:15:00+00:00,PUMPUSDT,B,0.02643,4.7
2026-08-10T05:30:00+00:00,JTOUSDT,B,0.00748,4.27
2026-08-10T05:45:00+00:00,CAPUSDT,B,0.00373,3.76
2026-08-10T07:00:00+00:00,CAPUSDT,A,-0.06892,13.93
2026-08-10T07:00:00+00:00,FETUSDT,B,0.00798,3.82
2026-08-10T07:30:00+00:00,EPICUSDT,B,0.07937,3.04
2026-08-10T08:00:00+00:00,DELLUSDT,B,0.00708,5.37
2026-08-10T09:30:00+00:00,BASEDUSDT,A,-0.00884,4.42
2026-08-10T09:30:00+00:00,BEATUSDT,B,0.10118,6.1
2026-08-10T10:00:00+00:00,PUMPUSDT,A,-0.02406,4.58
2026-08-10T10:15:00+00:00,TRXUSDT,B,0.0019,5.34
2026-08-10T10:30:00+00:00,AAPLUSDT,A,-0.01545,3.84
2026-08-10T11:30:00+00:00,INTCUSDT,A,-0.03401,4.59
2026-08-10T12:00:00+00:00,LINKUSDT,B,0.00397,3.28
2026-08-10T12:30:00+00:00,WLDUSDT,B,0.00915,3.38
2026-08-10T12:45:00+00:00,NATGASUSDT,A,-0.0075,4.12
2026-08-10T13:00:00+00:00,ALGOUSDT,B,0.00627,4.58
2026-08-10T13:00:00+00:00,MRVLUSDT,B,0.03458,5.83
2026-08-10T13:00:00+00:00,MSFTUSDT,B,0.00616,4.59
2026-08-10T13:00:00+00:00,MVLLUSDT,B,0.06861,7.93
2026-08-10T13:30:00+00:00,ARMUSDT,A,-0.04496,5.94
2026-08-10T13:30:00+00:00,ASTERUSDT,B,0.00016,4.96
2026-08-10T13:30:00+00:00,BEUSDT,A,-0.04146,5.83
2026-08-10T13:30:00+00:00,CBRSUSDT,B,0.00782,6.0
2026-08-10T13:30:00+00:00,COINUSDT,A,-0.01326,4.39
2026-08-10T13:30:00+00:00,CRCLUSDT,A,-0.02779,10.07
2026-08-10T13:30:00+00:00,DRAMUSDT,B,0.00645,7.0
2026-08-10T13:30:00+00:00,GOOGLUSDT,A,-0.00492,2.37
2026-08-10T13:30:00+00:00,LITEUSDT,A,-0.08317,24.66
2026-08-10T13:30:00+00:00,METAUSDT,A,-0.00397,6.07
2026-08-10T13:30:00+00:00,MRVLUSDT,A,-0.03981,11.9
2026-08-10T13:30:00+00:00,MSTRUSDT,A,-0.01243,6.07
2026-08-10T13:30:00+00:00,MVLLUSDT,A,-0.07648,14.13
2026-08-10T13:30:00+00:00,NBISUSDT,B,0.01496,7.25
2026-08-10T13:30:00+00:00,OPUSDT,B,0.0022,8.83
2026-08-10T13:30:00+00:00,ORCLUSDT,A,-0.00658,8.36
2026-08-10T13:30:00+00:00,PLTRUSDT,B,0.03441,15.12
2026-08-10T13:30:00+00:00,SAMSUNGUSDT,B,0.00255,3.14
2026-08-10T13:30:00+00:00,SNXXUSDT,B,0.04227,13.85
2026-08-10T13:30:00+00:00,SPYUSDT,B,0.00023,10.93
2026-08-10T13:30:00+00:00,TRXUSDT,A,-0.0022,5.15
2026-08-10T13:30:00+00:00,TSLAUSDT,B,0.0048,5.67
2026-08-10T13:30:00+00:00,WDCUSDT,B,0.00507,8.36
2026-08-10T13:45:00+00:00,AAOIUSDT,B,0.02276,8.6
2026-08-10T13:45:00+00:00,CRVUSDT,B,0.00163,3.63
2026-08-10T13:45:00+00:00,DELLUSDT,B,0.01041,8.36
2026-08-10T13:45:00+00:00,LITEUSDT,B,0.0025,11.37
2026-08-10T14:00:00+00:00,RKLBUSDT,B,0.00323,3.0
2026-08-10T14:00:00+00:00,TQQQUSDT,B,0.0074,4.12
2026-08-10T14:15:00+00:00,AAOIUSDT,A,-0.06543,7.92
2026-08-10T14:30:00+00:00,BEATUSDT,B,0.01305,3.36
2026-08-10T14:45:00+00:00,BEATUSDT,A,-0.0524,4.98
2026-08-10T14:45:00+00:00,SPYUSDT,A,-0.00132,8.81
2026-08-10T15:00:00+00:00,CAPUSDT,A,-0.04276,4.69
2026-08-10T15:15:00+00:00,GWEIUSDT,B,0.02499,5.0
2026-08-10T15:30:00+00:00,HOMEUSDT,B,0.07914,5.0
2026-08-10T15:30:00+00:00,WLDUSDT,A,-0.01185,4.15
2026-08-10T15:45:00+00:00,KAITOUSDT,B,0.00352,4.04
2026-08-10T16:00:00+00:00,ICPUSDT,B,0.02297,28.54
2026-08-10T16:00:00+00:00,KAITOUSDT,A,-0.01327,10.88
2026-08-10T16:00:00+00:00,PAXGUSDT,B,2e-05,4.57
2026-08-10T16:15:00+00:00,ICPUSDT,A,-0.00661,7.17
2026-08-10T16:15:00+00:00,LITUSDT,B,0.00201,3.39
2026-08-10T17:00:00+00:00,HOMEUSDT,A,-0.05989,5.15
2026-08-10T17:30:00+00:00,BABAUSDT,B,0.00023,4.43
2026-08-10T17:45:00+00:00,CRVUSDT,B,0.01455,4.82
2026-08-10T18:30:00+00:00,XAUTUSDT,B,0.00364,3.93
2026-08-10T18:45:00+00:00,CRVUSDT,A,-0.00927,5.81
2026-08-10T19:45:00+00:00,RKLBUSDT,B,0.00463,4.03
2026-08-10T20:00:00+00:00,BEATUSDT,B,0.02214,3.41
2026-08-10T20:00:00+00:00,RKLBUSDT,A,-0.02702,50.3
2026-08-10T20:30:00+00:00,BEATUSDT,A,-0.05678,4.19
2026-08-10T22:15:00+00:00,CRVUSDT,B,0.0134,8.52
2026-08-10T23:00:00+00:00,RENDERUSDT,A,-0.0071,4.29
2026-08-10T23:00:00+00:00,WIFUSDT,A,-0.00847,3.89
2026-08-10T23:45:00+00:00,XPLUSDT,B,0.00575,3.31
2026-08-11T00:00:00+00:00,ICPUSDT,B,0.00875,4.37
2026-08-11T00:00:00+00:00,SAMSUNGUSDT,B,0.00501,5.43
2026-08-11T00:15:00+00:00,RENDERUSDT,B,0.0016,3.33
2026-08-11T00:30:00+00:00,BEATUSDT,A,-0.08125,4.29
2026-08-11T01:00:00+00:00,ICPUSDT,A,-0.00552,4.09
2026-08-11T01:15:00+00:00,LINKUSDT,B,0.00874,4.96
2026-08-11T01:45:00+00:00,CRVUSDT,A,-0.013,5.69
2026-08-11T01:45:00+00:00,ENAUSDT,B,0.02255,3.49
2026-08-11T01:45:00+00:00,PUMPUSDT,B,0.00748,3.78
2026-08-11T02:15:00+00:00,CAPUSDT,A,-0.03479,4.4
2026-08-11T03:00:00+00:00,CRVUSDT,B,0.00409,4.63
2026-08-11T03:15:00+00:00,BEATUSDT,B,0.08838,3.07
2026-08-11T06:00:00+00:00,PUMPUSDT,B,0.02683,6.85
2026-08-11T06:15:00+00:00,CRVUSDT,A,-0.01284,4.28
2026-08-11T07:30:00+00:00,BEATUSDT,B,0.02212,4.73
2026-08-11T07:30:00+00:00,ICPUSDT,A,-0.01072,7.3
2026-08-11T08:00:00+00:00,BEATUSDT,A,-0.05674,5.07
2026-08-11T09:00:00+00:00,LINKUSDT,B,0.00293,4.51
2026-08-11T09:15:00+00:00,CRVUSDT,B,0.01076,4.94
2026-08-11T09:15:00+00:00,TRXUSDT,B,0.00262,3.09
2026-08-11T09:15:00+00:00,VELVETUSDT,B,0.26644,6.94
2026-08-11T09:30:00+00:00,CAPUSDT,B,0.03607,3.1
2026-08-11T10:00:00+00:00,PAXGUSDT,B,0.00018,4.88
2026-08-11T10:15:00+00:00,RENDERUSDT,A,-0.01118,8.78
2026-08-11T11:00:00+00:00,LITUSDT,B,0.00146,5.98
2026-08-11T11:15:00+00:00,CAPUSDT,A,-0.07675,7.82
2026-08-11T11:15:00+00:00,VELVETUSDT,A,-0.10444,42.19
2026-08-11T12:00:00+00:00,BNBUSDT,B,0.01,11.23
2026-08-11T12:15:00+00:00,BNBUSDT,A,-0.00247,4.6
2026-08-11T12:15:00+00:00,NATGASUSDT,B,0.01718,5.45
2026-08-11T12:15:00+00:00,TRXUSDT,A,-0.0025,5.19
2026-08-11T12:30:00+00:00,HBARUSDT,A,-0.00388,4.59
2026-08-11T13:00:00+00:00,BEATUSDT,A,-0.06148,8.26
2026-08-11T13:00:00+00:00,NATGASUSDT,A,-0.00318,7.25
2026-08-11T13:15:00+00:00,VELVETUSDT,B,0.04578,5.44
2026-08-11T13:30:00+00:00,AAOIUSDT,A,-0.02967,10.19
2026-08-11T13:30:00+00:00,AAPLUSDT,A,-0.0038,3.88
2026-08-11T13:30:00+00:00,AMZNUSDT,A,-0.01748,3.51
2026-08-11T13:30:00+00:00,BEATUSDT,B,0.16819,15.78
2026-08-11T13:30:00+00:00,BEUSDT,B,0.00149,3.1
2026-08-11T13:30:00+00:00,CRCLUSDT,B,0.01261,10.69
2026-08-11T13:30:00+00:00,DELLUSDT,A,-0.01639,13.37
2026-08-11T13:30:00+00:00,DRAMUSDT,B,0.00059,6.59
2026-08-11T13:30:00+00:00,GLWUSDT,B,0.00144,3.18
2026-08-11T13:30:00+00:00,GOOGLUSDT,A,-0.0147,3.11
2026-08-11T13:30:00+00:00,INTCUSDT,B,0.00021,4.0
2026-08-11T13:30:00+00:00,LITEUSDT,A,-0.01206,7.85
2026-08-11T13:30:00+00:00,MRVLUSDT,A,-0.01225,6.31
2026-08-11T13:30:00+00:00,MSTRUSDT,B,0.00666,5.34
2026-08-11T13:30:00+00:00,MVLLUSDT,A,-0.02479,5.92
2026-08-11T13:30:00+00:00,NBISUSDT,B,0.01214,7.3
2026-08-11T13:30:00+00:00,NVDAUSDT,A,-0.0075,6.79
2026-08-11T13:30:00+00:00,ORCLUSDT,A,-0.03066,7.33
2026-08-11T13:30:00+00:00,PLTRUSDT,B,0.00505,10.39
2026-08-11T13:30:00+00:00,RKLBUSDT,B,0.00052,17.85
2026-08-11T13:30:00+00:00,SAMSUNGUSDT,B,0.00444,3.18
2026-08-11T13:30:00+00:00,SNXXUSDT,B,0.00613,8.38
2026-08-11T13:30:00+00:00,TQQQUSDT,A,-0.0114,6.72
2026-08-11T13:30:00+00:00,TSLAUSDT,A,-0.00516,5.54
2026-08-11T13:30:00+00:00,WDCUSDT,B,0.01082,3.01
2026-08-11T13:45:00+00:00,DELLUSDT,B,0.00467,5.55
2026-08-11T13:45:00+00:00,MVLLUSDT,B,0.00323,3.32
2026-08-11T13:45:00+00:00,TQQQUSDT,B,0.00095,4.63
2026-08-11T14:00:00+00:00,CAPUSDT,B,0.01576,3.04
2026-08-11T14:00:00+00:00,ORCLUSDT,B,0.01564,5.51
2026-08-11T14:15:00+00:00,ADAUSDT,A,-0.00589,5.3
2026-08-11T14:15:00+00:00,CRCLUSDT,A,-0.01647,7.14
2026-08-11T14:15:00+00:00,CRVUSDT,B,0.00939,7.8
2026-08-11T14:15:00+00:00,ICPUSDT,B,0.01476,9.09
2026-08-11T14:15:00+00:00,UNIUSDT,A,-0.00806,5.49
2026-08-11T14:30:00+00:00,CRVUSDT,A,-0.00819,4.5
2026-08-11T14:30:00+00:00,NEARUSDT,A,-0.01392,4.88
2026-08-11T14:45:00+00:00,1000BONKUSDT,A,-0.02177,5.89
2026-08-11T14:45:00+00:00,1000PEPEUSDT,A,-0.01756,8.98
2026-08-11T14:45:00+00:00,AAVEUSDT,A,-0.00872,5.21
2026-08-11T14:45:00+00:00,ARBUSDT,A,-0.01725,5.26
2026-08-11T14:45:00+00:00,ASTERUSDT,A,-0.00349,3.49
2026-08-11T14:45:00+00:00,AVAXUSDT,A,-0.02223,12.8
2026-08-11T14:45:00+00:00,FARTCOINUSDT,A,-0.02351,7.12
2026-08-11T14:45:00+00:00,FILUSDT,A,-0.01238,4.7
2026-08-11T14:45:00+00:00,JUPUSDT,A,-0.01507,5.64
2026-08-11T14:45:00+00:00,LINKUSDT,A,-0.00338,5.05
2026-08-11T14:45:00+00:00,PENDLEUSDT,A,-0.01145,5.64
2026-08-11T14:45:00+00:00,PENGUUSDT,A,-0.01813,7.24
2026-08-11T14:45:00+00:00,SUIUSDT,A,-0.00923,5.91
2026-08-11T14:45:00+00:00,TIAUSDT,A,-0.0222,9.56
2026-08-11T15:00:00+00:00,ICPUSDT,A,-0.0082,4.17
2026-08-11T15:15:00+00:00,ALGOUSDT,A,-0.02195,12.38
2026-08-11T15:15:00+00:00,VELVETUSDT,A,-0.04641,7.03
2026-08-11T15:30:00+00:00,ETCUSDT,A,-0.00928,8.7
2026-08-11T15:30:00+00:00,SEIUSDT,A,-0.01574,10.96
2026-08-11T15:30:00+00:00,TAOUSDT,A,-0.0135,9.28
2026-08-11T15:30:00+00:00,TRUMPUSDT,A,-0.01996,5.53
2026-08-11T15:30:00+00:00,XPLUSDT,A,-0.02177,5.49
2026-08-11T16:00:00+00:00,ETCUSDT,B,0.00365,5.06
2026-08-11T16:00:00+00:00,LINKUSDT,B,0.00339,5.93
2026-08-11T16:00:00+00:00,VIRTUALUSDT,A,-0.0091,4.24
2026-08-11T17:00:00+00:00,OPUSDT,B,0.00564,3.84
2026-08-11T18:00:00+00:00,CAPUSDT,B,0.01511,8.4
2026-08-11T18:30:00+00:00,GOOGLUSDT,A,-0.00392,2.96
2026-08-11T20:00:00+00:00,1000PEPEUSDT,B,0.00706,4.5
2026-08-11T20:00:00+00:00,CRVUSDT,B,0.00935,3.33
2026-08-11T20:00:00+00:00,DELLUSDT,B,0.01287,5.64
2026-08-11T20:00:00+00:00,ENAUSDT,B,0.01238,5.93
2026-08-11T20:00:00+00:00,FILUSDT,B,0.00874,3.03
2026-08-11T20:00:00+00:00,INJUSDT,B,0.01385,5.81
2026-08-11T20:00:00+00:00,LINKUSDT,B,0.00778,5.88
2026-08-11T20:00:00+00:00,NBISUSDT,B,0.01117,3.01
2026-08-11T20:00:00+00:00,XLMUSDT,B,0.00254,4.0
2026-08-11T20:15:00+00:00,LITEUSDT,B,0.00557,11.43
2026-08-11T20:45:00+00:00,BEATUSDT,B,0.06285,3.04
2026-08-11T21:00:00+00:00,CRVUSDT,A,-0.01112,6.15
2026-08-12T00:00:00+00:00,CRVUSDT,B,0.02409,13.27
2026-08-12T00:00:00+00:00,SAMSUNGUSDT,B,0.01166,5.4
2026-08-12T00:30:00+00:00,CAPUSDT,B,0.01666,3.51
2026-08-12T01:00:00+00:00,BNBUSDT,B,0.00298,3.28
2026-08-12T03:45:00+00:00,CRVUSDT,A,-0.02553,12.42
2026-08-12T05:00:00+00:00,CRVUSDT,B,0.01578,8.45
2026-08-12T05:30:00+00:00,BEATUSDT,B,0.02199,3.15
2026-08-12T06:00:00+00:00,BNBUSDT,A,-0.00354,7.15
2026-08-12T06:00:00+00:00,CAPUSDT,A,-0.05599,8.59
2026-08-12T06:15:00+00:00,CAPUSDT,B,0.0026,3.08
2026-08-12T06:30:00+00:00,BEATUSDT,A,-0.04874,5.18
2026-08-12T06:30:00+00:00,UNIUSDT,A,-0.01303,4.76
2026-08-12T07:00:00+00:00,UNIUSDT,B,0.00111,5.76
2026-08-12T08:00:00+00:00,CRVUSDT,A,-0.01265,5.44
2026-08-12T08:00:00+00:00,KAITOUSDT,A,-0.02881,6.04
2026-08-12T08:30:00+00:00,BTWUSDT,B,0.01157,5.3
2026-08-12T08:30:00+00:00,KAITOUSDT,B,0.01019,3.78
2026-08-12T08:45:00+00:00,BTWUSDT,A,-0.06595,5.15
2026-08-12T08:45:00+00:00,JUPUSDT,A,-0.0167,16.17
2026-08-12T09:15:00+00:00,JTOUSDT,B,0.02009,6.52
2026-08-12T09:15:00+00:00,XMRUSDT,B,0.00568,3.05
2026-08-12T09:45:00+00:00,VIRTUALUSDT,B,0.02779,9.34
2026-08-12T10:00:00+00:00,VIRTUALUSDT,A,-0.01143,4.03
2026-08-12T10:15:00+00:00,BEATUSDT,B,0.05162,3.61
2026-08-12T10:30:00+00:00,LINKUSDT,B,0.00625,4.78
2026-08-12T11:30:00+00:00,NBISUSDT,B,0.03222,8.26
2026-08-12T12:00:00+00:00,CAPUSDT,B,0.00582,7.15
2026-08-12T12:00:00+00:00,NATGASUSDT,B,0.00246,4.01
2026-08-12T12:15:00+00:00,AVAXUSDT,B,0.01806,13.76
2026-08-12T12:15:00+00:00,BEATUSDT,A,-0.05819,5.01
2026-08-12T12:15:00+00:00,ORCLUSDT,B,0.00849,3.98
2026-08-12T12:15:00+00:00,SUIUSDT,B,0.00043,3.29
2026-08-12T12:30:00+00:00,BEUSDT,B,0.01502,4.71
2026-08-12T12:30:00+00:00,BNBUSDT,A,-0.00548,4.55
2026-08-12T12:30:00+00:00,DRAMUSDT,B,0.00223,3.66
2026-08-12T12:30:00+00:00,LINKUSDT,A,-0.00709,7.48
2026-08-12T12:30:00+00:00,QQQUSDT,B,0.00055,3.62
2026-08-12T12:30:00+00:00,SPYUSDT,B,0.00041,6.05
2026-08-12T12:30:00+00:00,SUIUSDT,A,-0.00433,5.81
2026-08-12T12:30:00+00:00,TQQQUSDT,B,0.002,5.77
2026-08-12T12:30:00+00:00,WIFUSDT,B,0.00143,3.35
2026-08-12T13:00:00+00:00,CBRSUSDT,B,0.01157,3.63
2026-08-12T13:30:00+00:00,AAOIUSDT,A,-0.07209,9.12
2026-08-12T13:30:00+00:00,CBRSUSDT,A,-0.02092,8.27
2026-08-12T13:30:00+00:00,CRCLUSDT,A,-0.01432,10.33
2026-08-12T13:30:00+00:00,DELLUSDT,B,0.00618,9.11
2026-08-12T13:30:00+00:00,GLWUSDT,A,-0.01967,4.73
2026-08-12T13:30:00+00:00,GOOGLUSDT,A,-0.00782,2.92
2026-08-12T13:30:00+00:00,HOODUSDT,A,-0.01828,6.44
2026-08-12T13:30:00+00:00,INTCUSDT,B,0.01201,5.4
2026-08-12T13:30:00+00:00,LITEUSDT,A,-0.06092,18.2
2026-08-12T13:30:00+00:00,METAUSDT,A,-0.00977,5.22
2026-08-12T13:30:00+00:00,MRVLUSDT,A,-0.01287,5.92
2026-08-12T13:30:00+00:00,MSFTUSDT,A,-0.00424,3.77
2026-08-12T13:30:00+00:00,MVLLUSDT,A,-0.02472,5.41
2026-08-12T13:30:00+00:00,NVDAUSDT,B,0.00154,7.14
2026-08-12T13:30:00+00:00,ORCLUSDT,A,-0.02324,14.8
2026-08-12T13:30:00+00:00,PLTRUSDT,A,-0.01928,8.54
2026-08-12T13:30:00+00:00,RKLBUSDT,B,0.01108,9.38
2026-08-12T13:30:00+00:00,SNXXUSDT,A,-0.03266,5.4
2026-08-12T13:30:00+00:00,TQQQUSDT,A,-0.00951,7.3
2026-08-12T13:30:00+00:00,TSLAUSDT,A,-0.01672,5.79
2026-08-12T13:30:00+00:00,TSMUSDT,A,-0.00545,5.39
2026-08-12T13:30:00+00:00,WDCUSDT,B,0.00585,3.68
2026-08-12T13:45:00+00:00,AAOIUSDT,B,0.03091,4.62
2026-08-12T13:45:00+00:00,BEUSDT,A,-0.0247,4.09
2026-08-12T13:45:00+00:00,LITEUSDT,B,0.03914,9.13
2026-08-12T13:45:00+00:00,SNXXUSDT,B,0.04197,3.01
2026-08-12T13:45:00+00:00,VIRTUALUSDT,B,0.00104,4.22
2026-08-12T14:00:00+00:00,PLTRUSDT,B,0.00897,4.51
2026-08-12T14:15:00+00:00,LITUSDT,A,-0.02001,6.87
2026-08-12T14:15:00+00:00,LTCUSDT,A,-0.00771,5.46
2026-08-12T14:30:00+00:00,1000PEPEUSDT,A,-0.00808,4.33
2026-08-12T14:30:00+00:00,CHZUSDT,A,-0.00639,7.38
2026-08-12T14:30:00+00:00,CRVUSDT,A,-0.0226,7.89
2026-08-12T14:30:00+00:00,LINKUSDT,B,0.00057,3.19
2026-08-12T14:30:00+00:00,NEARUSDT,A,-0.00676,4.58
2026-08-12T14:30:00+00:00,XLMUSDT,A,-0.00812,9.54
2026-08-12T14:45:00+00:00,CRVUSDT,B,0.0041,5.89
2026-08-12T15:00:00+00:00,ZROUSDT,B,0.0085,3.39
2026-08-12T15:45:00+00:00,LITUSDT,B,0.01891,5.09
2026-08-12T15:45:00+00:00,NBISUSDT,B,0.01652,4.13
2026-08-12T16:00:00+00:00,TRUMPUSDT,A,-0.00548,9.77
2026-08-12T16:15:00+00:00,VIRTUALUSDT,A,-0.01126,8.23
2026-08-12T17:45:00+00:00,LITEUSDT,B,0.00819,4.05
2026-08-12T19:15:00+00:00,LTCUSDT,A,-0.00621,4.8
2026-08-12T19:30:00+00:00,ARBUSDT,A,-0.01609,6.36
2026-08-12T19:45:00+00:00,NBISUSDT,B,0.02784,8.54
2026-08-12T20:00:00+00:00,CBRSUSDT,A,-0.11555,26.56
2026-08-12T20:30:00+00:00,CBRSUSDT,B,0.02157,9.23
2026-08-12T21:15:00+00:00,ETCUSDT,A,-0.00966,9.86
2026-08-12T21:15:00+00:00,FILUSDT,A,-0.02735,14.54
2026-08-12T21:15:00+00:00,LINKUSDT,A,-0.00732,4.63
2026-08-12T21:15:00+00:00,TRUMPUSDT,A,-0.02786,9.13
2026-08-12T21:30:00+00:00,FILUSDT,B,0.01002,3.87
2026-08-12T21:30:00+00:00,OPUSDT,A,-0.01133,4.99
2026-08-12T21:30:00+00:00,WIFUSDT,A,-0.0231,12.91
2026-08-12T21:45:00+00:00,PENGUUSDT,A,-0.01878,5.69
2026-08-12T21:45:00+00:00,SEIUSDT,A,-0.00751,4.11
2026-08-12T22:00:00+00:00,CHZUSDT,B,0.00082,3.24
2026-08-12T22:00:00+00:00,SEIUSDT,B,0.00429,3.27
2026-08-12T23:15:00+00:00,1000PEPEUSDT,A,-0.00649,4.51
2026-08-13T00:00:00+00:00,ETCUSDT,B,0.00144,3.97
2026-08-13T00:00:00+00:00,SAMSUNGUSDT,B,0.01081,5.46
2026-08-13T00:30:00+00:00,SAMSUNGUSDT,A,-0.01223,4.76
2026-08-13T00:45:00+00:00,CRVUSDT,A,-0.01131,4.62
2026-08-13T01:00:00+00:00,JTOUSDT,B,0.00673,8.36
2026-08-13T01:30:00+00:00,BABAUSDT,B,0.00787,3.41
2026-08-13T02:45:00+00:00,CRVUSDT,B,0.00538,3.62
2026-08-13T02:45:00+00:00,PENGUUSDT,B,0.0058,3.18
2026-08-13T02:45:00+00:00,VIRTUALUSDT,B,0.01028,3.42
2026-08-13T04:00:00+00:00,SEIUSDT,B,0.00759,6.54
2026-08-13T04:15:00+00:00,BTWUSDT,B,0.09422,5.61
2026-08-13T05:45:00+00:00,USUSDT,B,0.01285,3.41
2026-08-13T06:15:00+00:00,TRXUSDT,B,0.00086,3.2
2026-08-13T09:15:00+00:00,VIRTUALUSDT,A,-0.01807,7.02
2026-08-13T09:30:00+00:00,VIRTUALUSDT,B,0.00208,6.39
2026-08-13T10:00:00+00:00,TQQQUSDT,B,0.00094,3.07
2026-08-13T10:15:00+00:00,SEIUSDT,B,0.00529,3.03
2026-08-13T11:15:00+00:00,ATOMUSDT,B,0.02178,10.37
2026-08-13T11:30:00+00:00,ATOMUSDT,A,-0.00894,6.27
2026-08-13T11:30:00+00:00,CRVUSDT,A,-0.01293,5.61
2026-08-13T11:45:00+00:00,USUSDT,B,0.14508,3.12
2026-08-13T12:30:00+00:00,AKEUSDT,B,0.06875,3.91
2026-08-13T13:15:00+00:00,1000BONKUSDT,B,0.00215,3.06
2026-08-13T13:15:00+00:00,NATGASUSDT,B,0.00071,3.19
2026-08-13T13:30:00+00:00,AAOIUSDT,B,0.00618,5.5
2026-08-13T13:30:00+00:00,AAPLUSDT,A,-0.00279,3.69
2026-08-13T13:30:00+00:00,AMZNUSDT,B,0.00366,3.06
2026-08-13T13:30:00+00:00,ARMUSDT,B,0.03507,4.77
2026-08-13T13:30:00+00:00,BEUSDT,B,0.05893,9.66
2026-08-13T13:30:00+00:00,CBRSUSDT,B,0.05343,15.59
2026-08-13T13:30:00+00:00,COINUSDT,B,0.01832,6.16
2026-08-13T13:30:00+00:00,CRCLUSDT,B,0.02992,8.56
2026-08-13T13:30:00+00:00,DELLUSDT,A,-0.01249,15.12
2026-08-13T13:30:00+00:00,DRAMUSDT,B,0.01191,6.9
2026-08-13T13:30:00+00:00,ETHFIUSDT,B,0.02403,4.25
2026-08-13T13:30:00+00:00,HOODUSDT,B,0.02687,6.87
2026-08-13T13:30:00+00:00,INTCUSDT,B,0.00462,5.39
2026-08-13T13:30:00+00:00,LINKUSDT,B,0.00422,3.36
2026-08-13T13:30:00+00:00,METAUSDT,B,0.01318,3.45
2026-08-13T13:30:00+00:00,MRVLUSDT,B,0.01428,4.76
2026-08-13T13:30:00+00:00,MSFTUSDT,B,0.00932,4.66
2026-08-13T13:30:00+00:00,MSTRUSDT,B,0.02748,6.05
2026-08-13T13:30:00+00:00,MVLLUSDT,B,0.02922,4.02
2026-08-13T13:30:00+00:00,NBISUSDT,B,0.05442,33.22
2026-08-13T13:30:00+00:00,ORCLUSDT,B,0.03584,7.22
2026-08-13T13:30:00+00:00,PLTRUSDT,B,0.00242,7.77
2026-08-13T13:30:00+00:00,RKLBUSDT,B,0.06129,12.4
2026-08-13T13:30:00+00:00,SNXXUSDT,B,0.05258,9.6
2026-08-13T13:30:00+00:00,SPYUSDT,B,0.00102,3.5
2026-08-13T13:30:00+00:00,TSLAUSDT,B,0.00702,5.86
2026-08-13T13:30:00+00:00,WDCUSDT,B,0.0295,3.72
2026-08-13T13:45:00+00:00,CBRSUSDT,A,-0.01697,7.07
2026-08-13T13:45:00+00:00,DELLUSDT,B,0.00486,6.5
2026-08-13T13:45:00+00:00,LITEUSDT,B,0.00536,4.34
2026-08-13T13:45:00+00:00,NVDAUSDT,B,0.00404,3.11
2026-08-13T13:45:00+00:00,QQQUSDT,B,0.00582,3.07
2026-08-13T14:00:00+00:00,ETHFIUSDT,A,-0.008,4.48
2026-08-13T14:00:00+00:00,NBISUSDT,A,-0.01509,6.42
2026-08-13T14:00:00+00:00,TQQQUSDT,B,0.00286,3.33
2026-08-13T14:30:00+00:00,PAXGUSDT,B,0.00261,3.58
2026-08-13T14:30:00+00:00,SPYUSDT,A,-0.0012,3.36
2026-08-13T14:30:00+00:00,XAUTUSDT,B,0.00266,4.11
2026-08-13T14:45:00+00:00,TQQQUSDT,A,-0.00425,5.77
2026-08-13T15:00:00+00:00,BTWUSDT,B,0.00512,3.32
2026-08-13T15:15:00+00:00,KAITOUSDT,B,0.00807,3.14
2026-08-13T15:15:00+00:00,SAMSUNGUSDT,B,0.00584,4.16
2026-08-13T15:30:00+00:00,BCHUSDT,A,-0.01672,9.04
2026-08-13T15:30:00+00:00,PUMPUSDT,B,0.01321,3.06
2026-08-13T15:30:00+00:00,SNXXUSDT,A,-0.05238,8.39
2026-08-13T15:45:00+00:00,LINKUSDT,A,-0.00614,4.62
2026-08-13T16:00:00+00:00,VIRTUALUSDT,A,-0.01299,5.41
2026-08-13T16:00:00+00:00,ZROUSDT,A,-0.01471,4.15
2026-08-13T16:30:00+00:00,LITUSDT,A,-0.01514,5.82
2026-08-13T16:30:00+00:00,TRUMPUSDT,A,-0.00577,5.11
2026-08-13T17:30:00+00:00,HBARUSDT,A,-0.00498,5.62
2026-08-13T18:00:00+00:00,ETHFIUSDT,B,0.01496,8.67
2026-08-13T18:15:00+00:00,FARTCOINUSDT,B,0.01864,5.14
2026-08-13T19:30:00+00:00,ETHFIUSDT,A,-0.01867,4.47
2026-08-13T19:45:00+00:00,AKEUSDT,B,0.19058,11.43
2026-08-13T19:45:00+00:00,BTWUSDT,B,0.02737,7.01
2026-08-13T20:00:00+00:00,AKEUSDT,A,-0.09267,6.52
2026-08-14T00:00:00+00:00,FARTCOINUSDT,B,0.01433,4.96
2026-08-14T00:00:00+00:00,LABUSDT,A,-0.09863,6.42
2026-08-14T00:30:00+00:00,ETHFIUSDT,A,-0.01805,4.62
2026-08-14T01:30:00+00:00,PUMPUSDT,B,0.01367,3.11
2026-08-14T02:15:00+00:00,ATOMUSDT,B,0.01109,5.94
2026-08-14T02:30:00+00:00,XMRUSDT,B,0.00066,5.82
2026-08-14T05:15:00+00:00,VELVETUSDT,B,0.42113,13.34
2026-08-14T06:00:00+00:00,VELVETUSDT,A,-0.0417,3.26
2026-08-14T06:15:00+00:00,ETHFIUSDT,B,0.00631,4.23
2026-08-14T07:30:00+00:00,APTUSDT,A,-0.00406,4.1
2026-08-14T08:00:00+00:00,BTWUSDT,B,0.04908,3.08
2026-08-14T08:00:00+00:00,SNXXUSDT,B,0.03189,6.31
2026-08-14T08:45:00+00:00,HBARUSDT,B,0.0043,4.04
2026-08-14T09:30:00+00:00,ETHFIUSDT,A,-0.01504,6.36
2026-08-14T09:30:00+00:00,JTOUSDT,A,-0.02947,10.56
2026-08-14T09:30:00+00:00,PUMPUSDT,A,-0.01773,4.7
2026-08-14T10:00:00+00:00,AAVEUSDT,B,0.00543,3.66
2026-08-14T10:00:00+00:00,AKEUSDT,B,0.15637,5.85
2026-08-14T10:00:00+00:00,BTWUSDT,A,-0.08394,6.84
2026-08-14T10:00:00+00:00,CAPUSDT,B,0.02408,3.32
2026-08-14T10:00:00+00:00,LINKUSDT,B,0.00204,4.23
2026-08-14T11:00:00+00:00,ATOMUSDT,A,-0.00641,8.59
2026-08-14T11:00:00+00:00,UNIUSDT,A,-0.01799,12.99
2026-08-14T12:00:00+00:00,UNIUSDT,B,0.01594,3.43
2026-08-14T12:45:00+00:00,LDOUSDT,A,-0.02033,4.4
2026-08-14T13:00:00+00:00,TSLAUSDT,B,0.01106,3.98
2026-08-14T13:15:00+00:00,VELVETUSDT,A,-0.13714,4.31
2026-08-14T13:30:00+00:00,AAOIUSDT,B,0.08353,6.84
2026-08-14T13:30:00+00:00,AAPLUSDT,B,0.00183,3.3
2026-08-14T13:30:00+00:00,CBRSUSDT,B,0.00497,6.54
2026-08-14T13:30:00+00:00,COINUSDT,A,-0.00508,5.44
2026-08-14T13:30:00+00:00,CRCLUSDT,A,-0.01942,7.25
2026-08-14T13:30:00+00:00,DELLUSDT,B,0.00898,4.16
2026-08-14T13:30:00+00:00,INTCUSDT,B,0.00812,6.58
2026-08-14T13:30:00+00:00,LITEUSDT,B,0.03463,7.16
2026-08-14T13:30:00+00:00,MRVLUSDT,B,0.00474,5.1
2026-08-14T13:30:00+00:00,MSTRUSDT,A,-0.00748,6.41
2026-08-14T13:30:00+00:00,MVLLUSDT,B,0.00979,5.22
2026-08-14T13:30:00+00:00,NBISUSDT,B,0.0425,13.3
2026-08-14T13:30:00+00:00,NVDAUSDT,A,-0.00401,6.04
2026-08-14T13:30:00+00:00,RKLBUSDT,B,0.01368,8.99
2026-08-14T13:30:00+00:00,SNXXUSDT,A,-0.02761,21.7
2026-08-14T13:30:00+00:00,TQQQUSDT,B,0.00155,3.95
2026-08-14T13:30:00+00:00,WDCUSDT,B,0.01148,4.68
2026-08-14T13:45:00+00:00,DRAMUSDT,B,0.00311,4.22
2026-08-14T14:00:00+00:00,CAPUSDT,B,0.03438,7.19
2026-08-14T14:00:00+00:00,FARTCOINUSDT,A,-0.01234,5.26
2026-08-14T14:00:00+00:00,RENDERUSDT,A,-0.01033,4.57
2026-08-14T14:00:00+00:00,SNXXUSDT,B,0.01837,7.82
2026-08-14T14:15:00+00:00,BCHUSDT,A,-0.00684,5.04
2026-08-14T14:15:00+00:00,COINUSDT,B,0.00315,3.86
2026-08-14T14:15:00+00:00,LTCUSDT,A,-0.0043,4.82
2026-08-14T14:15:00+00:00,WDCUSDT,A,-0.01318,3.92
2026-08-14T14:30:00+00:00,CAPUSDT,A,-0.0836,25.15
2026-08-14T14:30:00+00:00,ETHFIUSDT,B,0.01308,4.96
2026-08-14T14:30:00+00:00,JTOUSDT,B,0.01668,7.27
2026-08-14T14:30:00+00:00,VELVETUSDT,B,0.06096,5.64
2026-08-14T14:45:00+00:00,INJUSDT,A,-0.04104,15.97
2026-08-14T14:45:00+00:00,TAOUSDT,A,-0.01754,10.42
2026-08-14T14:45:00+00:00,TSLAUSDT,A,-0.00463,5.31
2026-08-14T15:30:00+00:00,INJUSDT,B,0.0081,6.33
2026-08-14T16:00:00+00:00,USUSDT,B,0.19281,3.89
2026-08-14T17:00:00+00:00,PENDLEUSDT,A,-0.01232,6.14
2026-08-14T17:45:00+00:00,AKEUSDT,B,0.07235,5.65
2026-08-14T18:15:00+00:00,AKEUSDT,A,-0.2407,8.87
2026-08-14T18:30:00+00:00,CAPUSDT,B,0.26295,33.78
2026-08-14T18:30:00+00:00,LINKUSDT,B,0.00708,3.12
2026-08-14T18:45:00+00:00,CAPUSDT,A,-0.17495,44.71
2026-08-14T18:45:00+00:00,INJUSDT,A,-0.01137,6.03
2026-08-14T19:00:00+00:00,ETHFIUSDT,B,0.02003,4.24
2026-08-14T20:00:00+00:00,ETHFIUSDT,A,-0.00809,4.38
2026-08-14T20:00:00+00:00,WLFIUSDT,B,0.08182,25.43
2026-08-14T20:15:00+00:00,WLFIUSDT,A,-0.02336,3.76
2026-08-14T22:00:00+00:00,XLMUSDT,A,-0.00708,4.49
2026-08-14T23:45:00+00:00,XMRUSDT,B,0.00128,4.45
2026-08-15T00:00:00+00:00,FILUSDT,B,0.02233,6.1
2026-08-15T00:00:00+00:00,RENDERUSDT,B,0.00793,3.39
2026-08-15T00:45:00+00:00,ICPUSDT,B,0.02208,5.83
2026-08-15T01:00:00+00:00,LINKUSDT,B,0.0076,4.36
2026-08-15T02:00:00+00:00,AVAXUSDT,B,0.01311,4.42
2026-08-15T02:15:00+00:00,SUIUSDT,B,0.00249,3.15
2026-08-15T02:45:00+00:00,XPLUSDT,B,0.00494,5.76
2026-08-15T03:00:00+00:00,LINKUSDT,A,-0.00525,7.19
2026-08-15T03:45:00+00:00,PUMPUSDT,B,0.00293,3.26
2026-08-15T03:45:00+00:00,XMRUSDT,B,0.00037,19.3
2026-08-15T05:00:00+00:00,LINKUSDT,B,0.00381,4.62
2026-08-15T05:45:00+00:00,VELVETUSDT,B,0.09138,5.19
2026-08-15T06:00:00+00:00,VELVETUSDT,A,-0.07476,3.44
2026-08-15T07:45:00+00:00,ETHFIUSDT,B,0.00949,4.54
2026-08-15T08:15:00+00:00,XMRUSDT,B,0.00059,32.95
2026-08-15T08:30:00+00:00,XMRUSDT,A,-0.00617,9.73
2026-08-15T09:45:00+00:00,CAPUSDT,B,0.06091,4.2
2026-08-15T09:45:00+00:00,LINKUSDT,B,0.00954,3.39
2026-08-15T09:45:00+00:00,XPLUSDT,B,0.01116,7.09
2026-08-15T10:15:00+00:00,ETHFIUSDT,A,-0.01998,6.54
2026-08-15T13:45:00+00:00,ETHFIUSDT,B,0.00642,3.41
2026-08-15T14:15:00+00:00,INJUSDT,A,-0.01457,5.55
2026-08-15T14:30:00+00:00,APTUSDT,B,0.00854,4.0
2026-08-15T14:45:00+00:00,BCHUSDT,B,0.0039,9.3
2026-08-15T15:15:00+00:00,VELVETUSDT,A,-0.16536,4.44
2026-08-15T15:15:00+00:00,XMRUSDT,B,0.00357,4.78
2026-08-15T15:45:00+00:00,ICPUSDT,B,0.00886,4.64
2026-08-15T16:00:00+00:00,BASEDUSDT,B,0.03372,6.58
2026-08-15T16:00:00+00:00,RENDERUSDT,B,0.00316,3.1
2026-08-15T16:15:00+00:00,AVAXUSDT,A,-0.00566,4.04
2026-08-15T17:15:00+00:00,XMRUSDT,A,-0.00821,9.12
2026-08-15T18:00:00+00:00,FETUSDT,A,-0.02069,15.26
2026-08-15T18:15:00+00:00,FETUSDT,B,0.00156,3.38
2026-08-15T18:30:00+00:00,BTWUSDT,B,0.03818,4.48
2026-08-15T18:30:00+00:00,LINKUSDT,B,0.00105,6.41
2026-08-15T22:30:00+00:00,AVAXUSDT,A,-0.01003,5.84
2026-08-15T22:30:00+00:00,FARTCOINUSDT,B,0.01391,3.44
2026-08-15T23:00:00+00:00,FILUSDT,A,-0.00979,5.3
2026-08-16T00:45:00+00:00,FETUSDT,A,-0.01192,4.43
2026-08-16T01:45:00+00:00,BASEDUSDT,B,0.03401,11.27
2026-08-16T01:45:00+00:00,LABUSDT,A,-0.07976,5.31
2026-08-16T02:00:00+00:00,APTUSDT,A,-0.00488,6.06
2026-08-16T02:00:00+00:00,SLXUSDT,A,-0.03363,12.45
2026-08-16T02:15:00+00:00,BASEDUSDT,A,-0.01119,8.18
2026-08-16T03:30:00+00:00,LITUSDT,B,0.01495,3.26
2026-08-16T06:00:00+00:00,BASEDUSDT,B,0.01367,8.54
2026-08-16T06:15:00+00:00,INJUSDT,A,-0.01539,6.83
2026-08-16T06:30:00+00:00,APTUSDT,A,-0.00396,4.36
2026-08-16T07:00:00+00:00,XPLUSDT,A,-0.0126,5.16
2026-08-16T07:30:00+00:00,ALLOUSDT,B,0.00686,3.48
2026-08-16T07:45:00+00:00,VELVETUSDT,B,0.13857,3.62
2026-08-16T08:00:00+00:00,BASEDUSDT,A,-0.01607,11.1
2026-08-16T09:15:00+00:00,XPLUSDT,B,0.0049,4.36
2026-08-16T10:00:00+00:00,VELVETUSDT,A,-0.10523,4.61
2026-08-16T10:30:00+00:00,BASEDUSDT,B,0.02109,5.31
2026-08-16T11:15:00+00:00,FARTCOINUSDT,A,-0.00699,4.43
2026-08-16T12:30:00+00:00,XPLUSDT,A,-0.013,5.23
2026-08-16T13:00:00+00:00,ETHFIUSDT,B,0.02766,8.3
2026-08-16T13:30:00+00:00,WLFIUSDT,B,0.00388,4.55
2026-08-16T14:15:00+00:00,LINKUSDT,B,0.0029,3.37
2026-08-16T14:45:00+00:00,WLFIUSDT,A,-0.01446,4.18
2026-08-16T15:00:00+00:00,BTWUSDT,B,0.00898,5.48
2026-08-16T15:15:00+00:00,LTCUSDT,B,0.00856,3.15
2026-08-16T15:30:00+00:00,BASEDUSDT,A,-0.03078,12.03
2026-08-16T15:30:00+00:00,DASHUSDT,B,0.00934,3.31
2026-08-16T15:45:00+00:00,BASEDUSDT,B,0.00633,3.39
2026-08-16T15:45:00+00:00,WLDUSDT,B,0.00816,3.23
2026-08-16T16:15:00+00:00,PENDLEUSDT,B,0.01182,4.12
2026-08-16T16:15:00+00:00,TACUSDT,B,0.04911,6.98
2026-08-16T17:15:00+00:00,INJUSDT,B,0.00732,3.57
2026-08-16T17:30:00+00:00,PENDLEUSDT,A,-0.01163,7.58
2026-08-16T18:45:00+00:00,BSBUSDT,A,-0.04947,3.35
2026-08-16T19:00:00+00:00,BTWUSDT,B,0.00766,3.36
2026-08-16T21:00:00+00:00,APTUSDT,A,-0.00644,6.91
2026-08-16T21:00:00+00:00,PENGUUSDT,A,-0.01386,7.54
2026-08-16T21:15:00+00:00,XPLUSDT,A,-0.01402,4.69
2026-08-16T21:30:00+00:00,ETCUSDT,A,-0.01031,6.83
2026-08-16T21:30:00+00:00,FILUSDT,A,-0.01175,7.14
2026-08-16T21:30:00+00:00,OPUSDT,A,-0.01195,4.48
2026-08-16T21:30:00+00:00,SEIUSDT,A,-0.00808,4.9
2026-08-16T22:00:00+00:00,NATGASUSDT,A,-0.01545,7.75
2026-08-16T22:00:00+00:00,TIAUSDT,B,0.00033,4.45
2026-08-17T00:00:00+00:00,APTUSDT,B,0.0027,3.38
2026-08-17T00:00:00+00:00,ETCUSDT,B,0.00393,3.47
2026-08-17T01:00:00+00:00,WIFUSDT,B,0.00884,3.47
2026-08-17T01:15:00+00:00,BTWUSDT,B,0.0139,14.01
2026-08-17T01:45:00+00:00,BTWUSDT,A,-0.06173,5.54
2026-08-17T02:00:00+00:00,BSBUSDT,B,0.02823,3.07
2026-08-17T02:15:00+00:00,FILUSDT,A,-0.00778,5.4
2026-08-17T02:15:00+00:00,SNXXUSDT,B,0.02964,3.66
2026-08-17T02:30:00+00:00,BSBUSDT,A,-0.01034,3.39
2026-08-17T03:00:00+00:00,KITEUSDT,B,0.00384,4.04
2026-08-17T04:30:00+00:00,FETUSDT,B,0.00573,3.87
2026-08-17T05:45:00+00:00,BTWUSDT,B,0.00288,3.36
2026-08-17T06:30:00+00:00,ICPUSDT,B,0.01354,3.28
2026-08-17T06:45:00+00:00,JTOUSDT,B,0.02557,6.37
2026-08-17T07:00:00+00:00,PUMPUSDT,B,0.0037,3.06
2026-08-17T07:15:00+00:00,HBARUSDT,B,0.00706,9.76
2026-08-17T07:30:00+00:00,TQQQUSDT,B,0.00282,5.06
2026-08-17T08:00:00+00:00,INJUSDT,A,-0.02134,6.34
2026-08-17T08:15:00+00:00,LTCUSDT,A,-0.00386,4.99
2026-08-17T08:30:00+00:00,BSBUSDT,B,0.00527,11.22
2026-08-17T08:45:00+00:00,PUMPUSDT,A,-0.01945,4.41
2026-08-17T09:00:00+00:00,BSBUSDT,A,-0.05441,6.23
2026-08-17T09:15:00+00:00,CRVUSDT,A,-0.00859,4.87
2026-08-17T10:00:00+00:00,CAPUSDT,B,0.01293,3.3
2026-08-17T11:30:00+00:00,PUMPUSDT,B,0.02282,3.49
2026-08-17T12:15:00+00:00,NATGASUSDT,B,0.00184,5.82
2026-08-17T13:15:00+00:00,HBARUSDT,A,-0.00577,6.01
2026-08-17T13:15:00+00:00,SNXXUSDT,B,0.00346,4.57
2026-08-17T13:30:00+00:00,AAOIUSDT,A,-0.0182,6.22
2026-08-17T13:30:00+00:00,AAPLUSDT,A,-0.00316,5.19
2026-08-17T13:30:00+00:00,AMZNUSDT,A,-0.01264,5.83
2026-08-17T13:30:00+00:00,ARMUSDT,A,-0.03183,6.08
2026-08-17T13:30:00+00:00,BABAUSDT,A,-0.01641,5.21
2026-08-17T13:30:00+00:00,BEUSDT,A,-0.01533,6.33
2026-08-17T13:30:00+00:00,CBRSUSDT,B,0.11267,13.91
2026-08-17T13:30:00+00:00,COINUSDT,B,0.00497,6.78
2026-08-17T13:30:00+00:00,CRCLUSDT,B,0.03594,10.16
2026-08-17T13:30:00+00:00,DELLUSDT,A,-0.03519,5.49
2026-08-17T13:30:00+00:00,DRAMUSDT,B,0.00818,7.56
2026-08-17T13:30:00+00:00,GOOGLUSDT,A,-0.00525,2.16
2026-08-17T13:30:00+00:00,HOODUSDT,B,0.01041,4.34
2026-08-17T13:30:00+00:00,INTCUSDT,A,-0.00961,6.18
2026-08-17T13:30:00+00:00,LITEUSDT,B,0.00527,6.43
2026-08-17T13:30:00+00:00,MRVLUSDT,B,0.03668,13.0
2026-08-17T13:30:00+00:00,MSFTUSDT,A,-0.00922,3.26
2026-08-17T13:30:00+00:00,MSTRUSDT,B,0.01391,14.17
2026-08-17T13:30:00+00:00,MVLLUSDT,B,0.07315,16.79
2026-08-17T13:30:00+00:00,NBISUSDT,A,-0.02074,9.87
2026-08-17T13:30:00+00:00,ORCLUSDT,A,-0.01546,7.0
2026-08-17T13:30:00+00:00,PLTRUSDT,A,-0.00441,4.64
2026-08-17T13:30:00+00:00,RKLBUSDT,B,0.03211,10.19
2026-08-17T13:30:00+00:00,SAMSUNGUSDT,B,0.00847,3.19
2026-08-17T13:30:00+00:00,TSLAUSDT,B,0.00012,3.66
2026-08-17T13:30:00+00:00,WDCUSDT,B,0.01557,4.87
2026-08-17T13:45:00+00:00,ARMUSDT,B,0.01188,4.11
2026-08-17T13:45:00+00:00,BEUSDT,B,0.01657,3.49
2026-08-17T13:45:00+00:00,NBISUSDT,B,0.00925,3.25
2026-08-17T13:45:00+00:00,PAXGUSDT,B,0.00462,3.02
2026-08-17T13:45:00+00:00,TQQQUSDT,B,0.00272,5.66
2026-08-17T14:15:00+00:00,XAUTUSDT,B,0.00112,4.38
2026-08-17T15:00:00+00:00,AAPLUSDT,B,0.00141,5.61
2026-08-17T15:00:00+00:00,MORPHOUSDT,B,0.02782,3.6
2026-08-17T15:30:00+00:00,VVVUSDT,B,0.02048,4.3
2026-08-17T15:45:00+00:00,TRXUSDT,A,-0.00573,18.87
2026-08-17T16:00:00+00:00,MAGMAUSDT,B,0.03017,5.02
2026-08-17T16:15:00+00:00,TRXUSDT,B,0.00597,8.99
2026-08-17T16:45:00+00:00,APTUSDT,B,0.00692,3.17
2026-08-17T18:00:00+00:00,SPYUSDT,B,0.00036,3.71
2026-08-17T18:15:00+00:00,FARTCOINUSDT,B,0.00419,3.26
2026-08-17T19:00:00+00:00,XPLUSDT,B,0.01143,6.18
2026-08-17T20:00:00+00:00,ATOMUSDT,B,0.0064,3.25
2026-08-17T20:15:00+00:00,VVVUSDT,B,0.03771,3.91
2026-08-18T00:00:00+00:00,SAMSUNGUSDT,B,0.00812,3.66
2026-08-18T00:30:00+00:00,ICPUSDT,B,0.00751,3.03
2026-08-18T01:30:00+00:00,BABAUSDT,B,0.00208,3.11
2026-08-18T01:45:00+00:00,CHZUSDT,A,-0.00991,4.32
2026-08-18T01:45:00+00:00,DOTUSDT,A,-0.00847,6.5
2026-08-18T01:45:00+00:00,FILUSDT,A,-0.00675,4.57
2026-08-18T01:45:00+00:00,TAOUSDT,A,-0.01561,10.09
2026-08-18T02:00:00+00:00,XPLUSDT,B,0.00264,10.41
2026-08-18T02:15:00+00:00,WLDUSDT,A,-0.01809,5.62
2026-08-18T02:30:00+00:00,XPLUSDT,A,-0.01225,5.38
2026-08-18T02:45:00+00:00,APTUSDT,A,-0.00875,4.74
2026-08-18T02:45:00+00:00,FARTCOINUSDT,A,-0.00846,4.27
2026-08-18T02:45:00+00:00,INJUSDT,A,-0.00573,4.4
2026-08-18T02:45:00+00:00,OPUSDT,A,-0.01218,6.07
2026-08-18T02:45:00+00:00,SEIUSDT,A,-0.01125,8.58
2026-08-18T02:45:00+00:00,SUIUSDT,A,-0.02949,41.27
2026-08-18T02:45:00+00:00,TIAUSDT,A,-0.0101,5.65
2026-08-18T02:45:00+00:00,XLMUSDT,A,-0.00477,4.52
2026-08-18T03:00:00+00:00,SUIUSDT,B,0.00447,5.51
2026-08-18T03:00:00+00:00,TRXUSDT,B,0.00184,3.75
2026-08-18T03:30:00+00:00,FILUSDT,B,0.00388,3.24
2026-08-18T04:00:00+00:00,OPUSDT,B,0.00246,4.74
2026-08-18T04:15:00+00:00,NBISUSDT,B,0.00224,3.35
2026-08-18T04:15:00+00:00,VVVUSDT,B,0.00422,3.61
2026-08-18T04:45:00+00:00,JUPUSDT,B,0.00181,5.06
2026-08-18T05:45:00+00:00,BABAUSDT,B,0.01534,3.85
2026-08-18T06:15:00+00:00,WLDUSDT,B,0.00718,8.27
2026-08-18T07:00:00+00:00,ASTERUSDT,B,0.00615,6.15
2026-08-18T07:00:00+00:00,TRXUSDT,B,0.00189,5.16
2026-08-18T08:30:00+00:00,XPLUSDT,B,0.00078,5.16
2026-08-18T08:45:00+00:00,VVVUSDT,B,0.00973,7.62
2026-08-18T09:15:00+00:00,ICPUSDT,A,-0.00888,4.72
2026-08-18T09:30:00+00:00,XPLUSDT,A,-0.00944,8.61
2026-08-18T13:15:00+00:00,VVVUSDT,B,0.00145,4.95
2026-08-18T13:30:00+00:00,AAPLUSDT,A,-0.00159,4.47
2026-08-18T13:30:00+00:00,ARMUSDT,A,-0.01248,6.2
2026-08-18T13:30:00+00:00,BABAUSDT,B,0.0032,3.5
2026-08-18T13:30:00+00:00,BEUSDT,A,-0.01131,6.84
2026-08-18T13:30:00+00:00,CBRSUSDT,A,-0.05359,8.12
2026-08-18T13:30:00+00:00,COINUSDT,B,0.00081,5.61
2026-08-18T13:30:00+00:00,DELLUSDT,B,0.03675,7.28
2026-08-18T13:30:00+00:00,DRAMUSDT,B,0.00581,9.07
2026-08-18T13:30:00+00:00,INTCUSDT,A,-0.00764,7.36
2026-08-18T13:30:00+00:00,LITEUSDT,B,0.01963,5.65
2026-08-18T13:30:00+00:00,METAUSDT,A,-0.01523,4.91
2026-08-18T13:30:00+00:00,MSFTUSDT,B,0.00355,6.99
2026-08-18T13:30:00+00:00,MSTRUSDT,B,0.0025,6.81
2026-08-18T13:30:00+00:00,NBISUSDT,A,-0.01261,8.89
2026-08-18T13:30:00+00:00,ORCLUSDT,B,0.01409,8.64
2026-08-18T13:30:00+00:00,PLTRUSDT,B,0.0075,4.89
2026-08-18T13:30:00+00:00,QQQUSDT,B,0.00011,4.92
2026-08-18T13:30:00+00:00,RKLBUSDT,B,0.00623,8.66
2026-08-18T13:30:00+00:00,SAMSUNGUSDT,B,0.00496,3.96
2026-08-18T13:30:00+00:00,SNXXUSDT,B,0.01855,14.37
2026-08-18T13:30:00+00:00,TSLAUSDT,B,0.01022,4.93
2026-08-18T13:30:00+00:00,TSMUSDT,B,7e-05,6.65
2026-08-18T13:30:00+00:00,WDCUSDT,B,0.01702,5.35
2026-08-18T13:30:00+00:00,XAUTUSDT,B,0.0024,3.78
2026-08-18T13:45:00+00:00,DELLUSDT,A,-0.00965,4.92
2026-08-18T13:45:00+00:00,NBISUSDT,B,0.00426,3.73
2026-08-18T13:45:00+00:00,SNXXUSDT,A,-0.02291,6.66
2026-08-18T13:45:00+00:00,XMRUSDT,B,0.0101,3.49
2026-08-18T14:00:00+00:00,AAPLUSDT,B,0.00858,4.08
2026-08-18T14:15:00+00:00,ADAUSDT,B,0.01264,3.45
2026-08-18T14:15:00+00:00,ATOMUSDT,B,0.00717,3.97
2026-08-18T14:15:00+00:00,CRCLUSDT,B,0.0293,3.1
2026-08-18T14:15:00+00:00,ENAUSDT,B,0.01541,4.06
2026-08-18T14:15:00+00:00,SUIUSDT,B,0.01198,4.62
2026-08-18T14:15:00+00:00,TQQQUSDT,B,0.00895,3.81
2026-08-18T14:15:00+00:00,VVVUSDT,A,-0.02637,15.26
2026-08-18T15:00:00+00:00,ETHFIUSDT,B,0.02663,4.93
2026-08-18T15:30:00+00:00,BSBUSDT,A,-0.07067,7.43
2026-08-18T15:30:00+00:00,MAGMAUSDT,B,0.00634,3.52
2026-08-18T15:45:00+00:00,PAXGUSDT,B,0.00203,6.04
2026-08-18T15:45:00+00:00,TRXUSDT,A,-0.00219,12.46
2026-08-18T16:00:00+00:00,EIGENUSDT,B,0.00467,3.08
2026-08-18T16:00:00+00:00,TRXUSDT,B,0.00392,4.57
2026-08-18T17:15:00+00:00,NEARUSDT,A,-0.00745,5.4
2026-08-18T17:30:00+00:00,GRAMUSDT,B,0.01754,6.28
2026-08-18T18:30:00+00:00,ATOMUSDT,B,0.0035,7.01
2026-08-18T18:30:00+00:00,VVVUSDT,B,0.00993,3.37
2026-08-18T18:45:00+00:00,ZROUSDT,B,0.00412,4.48
2026-08-18T19:45:00+00:00,MVLLUSDT,B,0.01249,3.1
2026-08-18T20:00:00+00:00,VVVUSDT,A,-0.01756,4.88
2026-08-18T20:30:00+00:00,ARXUSDT,B,0.02443,5.34
2026-08-18T21:30:00+00:00,ONDOUSDT,A,-0.01035,5.65
2026-08-18T21:45:00+00:00,PUMPUSDT,B,0.01643,3.14
2026-08-18T22:45:00+00:00,EIGENUSDT,A,-0.00532,4.19
2026-08-18T23:15:00+00:00,TIAUSDT,B,0.001,5.25
2026-08-18T23:15:00+00:00,WLDUSDT,A,-0.01208,10.36
2026-08-18T23:30:00+00:00,FETUSDT,B,0.00577,3.26
2026-08-19T00:00:00+00:00,EWYUSDT,A,-0.01367,4.8
2026-08-19T00:15:00+00:00,TRXUSDT,A,-0.00237,4.82
2026-08-19T00:30:00+00:00,SAMSUNGUSDT,B,0.00953,3.38
2026-08-19T01:30:00+00:00,BABAUSDT,A,-0.00393,4.64
2026-08-19T01:45:00+00:00,BTWUSDT,B,0.06069,7.59
2026-08-19T01:45:00+00:00,MORPHOUSDT,A,-0.01596,2.1
2026-08-19T03:15:00+00:00,LINKUSDT,B,0.00867,6.63
2026-08-19T04:15:00+00:00,BTWUSDT,A,-0.05165,15.58
2026-08-19T04:45:00+00:00,HBARUSDT,B,0.0037,3.04
2026-08-19T05:45:00+00:00,BTWUSDT,B,0.02675,6.61
2026-08-19T06:45:00+00:00,DRAMUSDT,B,0.02243,4.33
2026-08-19T06:45:00+00:00,INJUSDT,B,0.01532,5.99
2026-08-19T06:45:00+00:00,LDOUSDT,B,0.01545,4.71
2026-08-19T06:45:00+00:00,SAMSUNGUSDT,B,0.01858,4.93
2026-08-19T07:00:00+00:00,BEUSDT,B,0.00555,3.8
2026-08-19T07:00:00+00:00,TACUSDT,A,-0.05173,11.96
2026-08-19T07:30:00+00:00,ARBUSDT,B,0.00591,4.24
2026-08-19T07:45:00+00:00,WLDUSDT,B,0.00505,3.2
2026-08-19T08:00:00+00:00,GLWUSDT,B,0.00962,3.96
2026-08-19T08:00:00+00:00,LINKUSDT,B,0.00134,3.79
2026-08-19T08:00:00+00:00,SNXXUSDT,B,0.01643,3.03
2026-08-19T08:30:00+00:00,ATOMUSDT,B,0.00071,4.6
2026-08-19T08:45:00+00:00,LTCUSDT,B,0.00469,8.98
2026-08-19T09:15:00+00:00,HBARUSDT,A,-0.00251,5.12
2026-08-19T09:15:00+00:00,ZROUSDT,B,0.01225,5.67
2026-08-19T10:00:00+00:00,BTWUSDT,A,-0.06495,21.69
2026-08-19T10:15:00+00:00,BTWUSDT,B,0.02057,11.88
2026-08-19T11:30:00+00:00,NBISUSDT,A,-0.05984,8.95
2026-08-19T11:45:00+00:00,BEUSDT,B,0.0066,3.21
2026-08-19T11:45:00+00:00,NBISUSDT,B,0.01385,3.31
2026-08-19T11:45:00+00:00,ZROUSDT,A,-0.01905,5.42
2026-08-19T12:15:00+00:00,MRVLUSDT,B,0.11048,13.95
2026-08-19T12:15:00+00:00,MVLLUSDT,B,0.22628,12.47
2026-08-19T12:30:00+00:00,PAXGUSDT,B,0.01031,10.03
2026-08-19T12:30:00+00:00,TQQQUSDT,B,0.01116,3.16
2026-08-19T12:30:00+00:00,XAUTUSDT,B,0.01029,9.62
2026-08-19T12:45:00+00:00,SPYUSDT,B,0.00117,4.44
2026-08-19T13:15:00+00:00,FARTCOINUSDT,B,0.01098,5.36
2026-08-19T13:15:00+00:00,MRVLUSDT,A,-0.01321,10.88
2026-08-19T13:15:00+00:00,MVLLUSDT,A,-0.02337,14.82
2026-08-19T13:30:00+00:00,AAOIUSDT,A,-0.01857,6.97
2026-08-19T13:30:00+00:00,AAPLUSDT,B,0.00435,6.36
2026-08-19T13:30:00+00:00,AMDUSDT,A,-0.02,3.52
2026-08-19T13:30:00+00:00,ARMUSDT,B,0.00472,9.6
2026-08-19T13:30:00+00:00,BEUSDT,A,-0.01974,6.56
2026-08-19T13:30:00+00:00,BNBUSDT,B,0.00058,3.35
2026-08-19T13:30:00+00:00,CBRSUSDT,A,-0.02237,7.12
2026-08-19T13:30:00+00:00,COINUSDT,B,0.01818,9.65
2026-08-19T13:30:00+00:00,CRCLUSDT,B,0.03599,17.09
2026-08-19T13:30:00+00:00,DELLUSDT,A,-0.0347,11.1
2026-08-19T13:30:00+00:00,DRAMUSDT,A,-0.01193,8.81
2026-08-19T13:30:00+00:00,GOOGLUSDT,A,-0.00187,2.76
2026-08-19T13:30:00+00:00,INTCUSDT,A,-0.02994,5.78
2026-08-19T13:30:00+00:00,LITEUSDT,A,-0.04113,7.01
2026-08-19T13:30:00+00:00,METAUSDT,B,0.00079,4.06
2026-08-19T13:30:00+00:00,MSFTUSDT,B,0.00377,4.14
2026-08-19T13:30:00+00:00,MSTRUSDT,B,0.02378,9.88
2026-08-19T13:30:00+00:00,NATGASUSDT,B,0.00209,15.88
2026-08-19T13:30:00+00:00,NVDAUSDT,A,-0.00734,6.84
2026-08-19T13:30:00+00:00,ORCLUSDT,A,-0.00854,7.75
2026-08-19T13:30:00+00:00,PLTRUSDT,B,0.01355,5.38
2026-08-19T13:30:00+00:00,QQQUSDT,A,-0.00312,5.7
2026-08-19T13:30:00+00:00,RKLBUSDT,A,-0.0232,5.41
2026-08-19T13:30:00+00:00,SNXXUSDT,A,-0.03947,18.86
2026-08-19T13:30:00+00:00,TQQQUSDT,A,-0.00965,10.24
2026-08-19T13:30:00+00:00,TSLAUSDT,B,0.00289,4.67
2026-08-19T13:30:00+00:00,TSMUSDT,A,-0.01109,4.76
2026-08-19T13:30:00+00:00,ZROUSDT,B,0.01058,7.41
2026-08-19T13:45:00+00:00,NATGASUSDT,A,-0.00522,5.83
2026-08-19T14:00:00+00:00,BCHUSDT,B,0.00132,3.59
2026-08-19T14:00:00+00:00,CRCLUSDT,A,-0.00859,6.26
2026-08-19T14:00:00+00:00,ETHFIUSDT,B,0.00445,4.32
2026-08-19T14:00:00+00:00,LINKUSDT,B,0.00155,3.35
2026-08-19T14:15:00+00:00,AAPLUSDT,A,-0.00372,4.03
2026-08-19T14:15:00+00:00,INJUSDT,B,0.00776,5.14
2026-08-19T14:15:00+00:00,SNXXUSDT,B,0.03322,5.67
2026-08-19T14:30:00+00:00,CRVUSDT,B,0.01689,3.57
2026-08-19T14:45:00+00:00,1000PEPEUSDT,B,0.01253,3.88
2026-08-19T14:45:00+00:00,AAVEUSDT,B,0.0129,4.68
2026-08-19T14:45:00+00:00,APTUSDT,B,0.00809,4.16
2026-08-19T14:45:00+00:00,ASTERUSDT,B,0.00583,3.13
2026-08-19T14:45:00+00:00,CHZUSDT,B,0.01982,3.46
2026-08-19T14:45:00+00:00,DASHUSDT,B,0.0106,4.33
2026-08-19T14:45:00+00:00,ETCUSDT,B,0.00933,3.02
2026-08-19T14:45:00+00:00,QQQUSDT,B,0.00168,3.03
2026-08-19T14:45:00+00:00,SEIUSDT,B,0.01205,5.31
2026-08-19T14:45:00+00:00,SUIUSDT,B,0.01407,5.35
2026-08-19T14:45:00+00:00,WIFUSDT,B,0.01018,3.44
2026-08-19T14:45:00+00:00,XLMUSDT,B,0.01377,4.11
2026-08-19T15:00:00+00:00,ADAUSDT,B,0.0034,6.87
2026-08-19T15:00:00+00:00,AEROUSDT,B,0.00433,3.28
2026-08-19T15:00:00+00:00,ARBUSDT,B,0.00499,3.27
2026-08-19T15:00:00+00:00,AVAXUSDT,B,0.01004,6.52
2026-08-19T15:00:00+00:00,EIGENUSDT,B,0.02008,6.02
2026-08-19T15:00:00+00:00,ENAUSDT,B,0.01032,4.08
2026-08-19T15:00:00+00:00,FETUSDT,B,0.00968,7.5
2026-08-19T15:00:00+00:00,FILUSDT,B,0.00685,3.35
2026-08-19T15:00:00+00:00,HBARUSDT,B,0.0085,4.24
2026-08-19T15:00:00+00:00,JUPUSDT,B,0.00702,4.63
2026-08-19T15:00:00+00:00,LDOUSDT,B,0.01727,4.48
2026-08-19T15:00:00+00:00,LITUSDT,B,0.02012,4.49
2026-08-19T15:00:00+00:00,LTCUSDT,B,0.00199,3.14
2026-08-19T15:00:00+00:00,NEARUSDT,B,0.00549,4.39
2026-08-19T15:00:00+00:00,ONDOUSDT,B,0.00536,3.42
2026-08-19T15:00:00+00:00,OPUSDT,B,0.00812,3.11
2026-08-19T15:00:00+00:00,PENDLEUSDT,B,0.01176,4.67
2026-08-19T15:00:00+00:00,PUMPUSDT,B,0.00231,4.28
2026-08-19T15:00:00+00:00,TAOUSDT,B,0.00292,7.37
2026-08-19T15:00:00+00:00,TRUMPUSDT,B,0.00774,4.81
2026-08-19T15:00:00+00:00,UNIUSDT,B,0.00907,3.1
2026-08-19T15:00:00+00:00,VIRTUALUSDT,B,0.00497,3.28
2026-08-19T15:00:00+00:00,WLDUSDT,B,0.01424,6.21
2026-08-19T15:00:00+00:00,XPLUSDT,B,0.00103,6.88
2026-08-19T15:15:00+00:00,ALGOUSDT,B,0.0144,3.77
2026-08-19T15:15:00+00:00,ATOMUSDT,B,0.01768,4.86
2026-08-19T15:15:00+00:00,BTWUSDT,B,0.02106,16.69
2026-08-19T15:15:00+00:00,DOTUSDT,B,0.01645,10.82
2026-08-19T15:15:00+00:00,ICPUSDT,B,0.01975,7.19
2026-08-19T15:15:00+00:00,ORDIUSDT,B,0.01271,3.61
2026-08-19T15:15:00+00:00,PENGUUSDT,B,0.02278,8.31
2026-08-19T15:15:00+00:00,RENDERUSDT,B,0.02011,9.74
2026-08-19T15:15:00+00:00,SPYUSDT,A,-0.00129,4.72
2026-08-19T15:15:00+00:00,TIAUSDT,B,0.02492,9.09
2026-08-19T15:15:00+00:00,TRXUSDT,B,0.00246,3.41
2026-08-19T15:15:00+00:00,VVVUSDT,B,0.02222,5.62
2026-08-19T15:30:00+00:00,1000PEPEUSDT,A,-0.0073,5.58
2026-08-19T15:30:00+00:00,AAVEUSDT,A,-0.00853,5.15
2026-08-19T15:30:00+00:00,ALGOUSDT,A,-0.00477,4.49
2026-08-19T15:30:00+00:00,AVAXUSDT,A,-0.00884,8.19
2026-08-19T15:30:00+00:00,BCHUSDT,A,-0.01231,8.0
2026-08-19T15:30:00+00:00,BTWUSDT,A,-0.07239,13.32
2026-08-19T15:30:00+00:00,CHZUSDT,A,-0.011,4.75
2026-08-19T15:30:00+00:00,DASHUSDT,A,-0.00449,5.69
2026-08-19T15:30:00+00:00,DOTUSDT,A,-0.00531,5.32
2026-08-19T15:30:00+00:00,EIGENUSDT,A,-0.01474,4.09
2026-08-19T15:30:00+00:00,ENAUSDT,A,-0.00818,6.24
2026-08-19T15:30:00+00:00,ETCUSDT,A,-0.00362,7.46
2026-08-19T15:30:00+00:00,ETHFIUSDT,A,-0.01046,5.88
2026-08-19T15:30:00+00:00,FILUSDT,A,-0.01062,6.16
2026-08-19T15:30:00+00:00,LINKUSDT,A,-0.00432,9.52
2026-08-19T15:30:00+00:00,ONDOUSDT,A,-0.01066,5.69
2026-08-19T15:30:00+00:00,PENGUUSDT,A,-0.00872,4.4
2026-08-19T15:30:00+00:00,RENDERUSDT,A,-0.00531,6.95
2026-08-19T15:30:00+00:00,SUIUSDT,A,-0.00886,9.64
2026-08-19T15:30:00+00:00,TAOUSDT,A,-0.00433,9.54
2026-08-19T15:30:00+00:00,XLMUSDT,A,-0.009,6.23
2026-08-19T15:45:00+00:00,APTUSDT,A,-0.01148,4.27
2026-08-19T15:45:00+00:00,ASTERUSDT,A,-0.00345,4.28
2026-08-19T15:45:00+00:00,BNBUSDT,A,-0.0053,6.17
2026-08-19T15:45:00+00:00,FARTCOINUSDT,A,-0.00782,4.45
2026-08-19T15:45:00+00:00,LTCUSDT,A,-0.00718,6.1
2026-08-19T15:45:00+00:00,WLDUSDT,A,-0.02503,5.26
2026-08-19T16:15:00+00:00,MVLLUSDT,B,0.00227,3.35
2026-08-19T16:30:00+00:00,REUSDT,B,0.04174,4.36
2026-08-19T17:00:00+00:00,MAGMAUSDT,B,0.01418,4.93
2026-08-19T17:00:00+00:00,MSTRUSDT,A,-0.01989,6.06
2026-08-19T17:15:00+00:00,PUMPUSDT,A,-0.01062,5.25
2026-08-19T17:15:00+00:00,WLFIUSDT,B,0.01085,4.66
2026-08-19T18:00:00+00:00,TRXUSDT,A,-0.00259,6.38
2026-08-19T18:15:00+00:00,MRVLUSDT,B,0.00374,3.91
2026-08-19T19:00:00+00:00,ASTERUSDT,B,0.00428,4.61
2026-08-19T19:00:00+00:00,COINUSDT,A,-0.00514,6.66
2026-08-19T19:00:00+00:00,INJUSDT,B,0.00702,3.2
2026-08-19T19:00:00+00:00,LINKUSDT,B,0.00441,4.04
2026-08-19T19:00:00+00:00,LITUSDT,B,0.01628,8.9
2026-08-19T19:00:00+00:00,MAGMAUSDT,A,-0.02578,12.92
2026-08-19T19:15:00+00:00,ARBUSDT,B,0.02667,9.2
2026-08-19T19:15:00+00:00,BTWUSDT,B,0.07614,6.75
2026-08-19T19:15:00+00:00,TIAUSDT,B,0.02065,5.32
2026-08-19T19:15:00+00:00,TRUMPUSDT,B,0.00901,5.83
2026-08-19T19:30:00+00:00,BTWUSDT,A,-0.034,9.29
2026-08-19T19:45:00+00:00,LITUSDT,A,-0.01699,6.77
2026-08-19T19:45:00+00:00,NBISUSDT,B,0.03009,3.14
2026-08-19T19:45:00+00:00,WLDUSDT,B,0.01676,3.53
2026-08-19T20:00:00+00:00,RENDERUSDT,B,0.003,7.27
2026-08-19T20:00:00+00:00,TAOUSDT,B,0.00577,3.09
2026-08-19T20:15:00+00:00,ASTERUSDT,A,-0.01041,4.34
2026-08-19T20:15:00+00:00,PAXGUSDT,B,0.00265,3.68
2026-08-19T20:15:00+00:00,TRUMPUSDT,A,-0.00459,7.99
2026-08-19T20:45:00+00:00,1000PEPEUSDT,B,0.0141,7.37
2026-08-19T20:45:00+00:00,AAVEUSDT,B,0.01248,5.69
2026-08-19T20:45:00+00:00,ADAUSDT,B,0.01816,4.86
2026-08-19T20:45:00+00:00,AEROUSDT,B,0.01449,3.77
2026-08-19T20:45:00+00:00,APTUSDT,B,0.01513,4.83
2026-08-19T20:45:00+00:00,AVAXUSDT,B,0.01467,7.17
2026-08-19T20:45:00+00:00,BNBUSDT,B,0.00879,10.03
2026-08-19T20:45:00+00:00,CHZUSDT,B,0.01679,4.0
2026-08-19T20:45:00+00:00,DASHUSDT,B,0.01,6.08
2026-08-19T20:45:00+00:00,DOTUSDT,B,0.00985,3.51
2026-08-19T20:45:00+00:00,EIGENUSDT,B,0.02165,4.57
2026-08-19T20:45:00+00:00,ENAUSDT,B,0.01466,4.33
2026-08-19T20:45:00+00:00,ETCUSDT,B,0.01778,9.89
2026-08-19T20:45:00+00:00,ETHFIUSDT,B,0.01319,4.57
2026-08-19T20:45:00+00:00,FARTCOINUSDT,B,0.01785,8.93
2026-08-19T20:45:00+00:00,FETUSDT,B,0.01577,3.55
2026-08-19T20:45:00+00:00,FILUSDT,B,0.01565,3.57
2026-08-19T20:45:00+00:00,HBARUSDT,B,0.00615,4.26
2026-08-19T20:45:00+00:00,ICPUSDT,B,0.0197,3.07
2026-08-19T20:45:00+00:00,JUPUSDT,B,0.01353,3.96
2026-08-19T20:45:00+00:00,LDOUSDT,B,0.01834,3.67
2026-08-19T20:45:00+00:00,LTCUSDT,B,0.01063,7.51
2026-08-19T20:45:00+00:00,MSTRUSDT,B,0.01375,3.15
2026-08-19T20:45:00+00:00,NEARUSDT,B,0.00996,4.55
2026-08-19T20:45:00+00:00,ONDOUSDT,B,0.01816,4.73
2026-08-19T20:45:00+00:00,OPUSDT,B,0.0194,4.47
2026-08-19T20:45:00+00:00,PENDLEUSDT,B,0.02185,8.23
2026-08-19T20:45:00+00:00,PENGUUSDT,B,0.01478,3.11
2026-08-19T20:45:00+00:00,REUSDT,B,0.01184,3.25
2026-08-19T20:45:00+00:00,SEIUSDT,B,0.01451,3.43
2026-08-19T20:45:00+00:00,SUIUSDT,B,0.01438,8.58
2026-08-19T20:45:00+00:00,UNIUSDT,B,0.01824,3.24
2026-08-19T20:45:00+00:00,VIRTUALUSDT,B,0.01579,3.41
2026-08-19T20:45:00+00:00,WIFUSDT,B,0.01199,6.12
2026-08-19T20:45:00+00:00,XLMUSDT,B,0.00832,3.88
2026-08-19T21:00:00+00:00,1000BONKUSDT,B,0.01394,3.9
2026-08-19T21:00:00+00:00,ATOMUSDT,B,0.00804,4.25
2026-08-19T21:00:00+00:00,BCHUSDT,B,0.01067,4.63
2026-08-19T21:00:00+00:00,CRVUSDT,B,0.00735,5.77
2026-08-19T21:00:00+00:00,MAGMAUSDT,B,0.02403,23.75
2026-08-19T21:00:00+00:00,PUMPUSDT,B,0.01615,7.79
2026-08-19T21:00:00+00:00,TQQQUSDT,B,0.00069,3.95
2026-08-19T21:00:00+00:00,VVVUSDT,B,0.00747,6.17
2026-08-19T21:00:00+00:00,XAUTUSDT,B,0.00046,4.45
2026-08-19T21:00:00+00:00,XPLUSDT,B,0.00605,4.27
2026-08-19T21:00:00+00:00,ZROUSDT,B,0.00501,3.1
2026-08-19T21:30:00+00:00,LINKUSDT,A,-0.00608,5.75
2026-08-19T22:00:00+00:00,1000PEPEUSDT,A,-0.01396,4.99
2026-08-19T22:00:00+00:00,ARBUSDT,A,-0.00763,5.76
2026-08-19T22:00:00+00:00,BCHUSDT,A,-0.00857,8.62
2026-08-19T22:00:00+00:00,BNBUSDT,A,-0.00524,4.92
2026-08-19T22:00:00+00:00,DOTUSDT,A,-0.01056,9.24
2026-08-19T22:00:00+00:00,FARTCOINUSDT,A,-0.01683,8.32
2026-08-19T22:00:00+00:00,NEARUSDT,A,-0.01751,5.53
2026-08-19T22:00:00+00:00,PENDLEUSDT,A,-0.01112,5.62
2026-08-19T22:00:00+00:00,SUIUSDT,A,-0.0115,5.09
2026-08-19T22:00:00+00:00,TAOUSDT,A,-0.01011,5.35
2026-08-19T22:00:00+00:00,TIAUSDT,A,-0.03009,30.9
2026-08-19T22:00:00+00:00,WIFUSDT,A,-0.01087,3.83
2026-08-19T23:15:00+00:00,ARBUSDT,B,0.00022,3.29
2026-08-19T23:30:00+00:00,TRUMPUSDT,B,0.02434,21.79
2026-08-19T23:45:00+00:00,ASTERUSDT,B,0.00401,3.34
2026-08-20T00:00:00+00:00,MORPHOUSDT,B,0.01853,3.29
2026-08-20T00:00:00+00:00,RENDERUSDT,B,0.00438,3.38
2026-08-20T00:00:00+00:00,SAMSUNGUSDT,B,0.00059,4.97
2026-08-20T00:30:00+00:00,MAGMAUSDT,A,-0.01953,39.87
2026-08-20T00:30:00+00:00,TRUMPUSDT,A,-0.02286,24.3
2026-08-20T00:45:00+00:00,HBARUSDT,B,0.00692,3.03
2026-08-20T00:45:00+00:00,REUSDT,B,0.00037,4.75
2026-08-20T01:00:00+00:00,MAGMAUSDT,B,0.0188,17.62
2026-08-20T01:45:00+00:00,PENDLEUSDT,B,0.00345,3.39
2026-08-20T02:00:00+00:00,ALGOUSDT,B,0.00558,3.46
2026-08-20T02:00:00+00:00,BCHUSDT,B,0.0016,3.71
2026-08-20T02:45:00+00:00,FARTCOINUSDT,A,-0.03068,11.59
2026-08-20T02:45:00+00:00,PUMPUSDT,B,0.02699,7.47
2026-08-20T03:00:00+00:00,BCHUSDT,A,-0.01215,7.31
2026-08-20T03:15:00+00:00,XLMUSDT,A,-0.00895,4.33
2026-08-20T04:00:00+00:00,1000PEPEUSDT,B,0.00745,3.24
2026-08-20T04:00:00+00:00,TRUMPUSDT,B,0.00839,4.02
2026-08-20T04:15:00+00:00,ASTERUSDT,B,0.01075,7.44
2026-08-20T04:30:00+00:00,AEROUSDT,B,0.01737,6.5
2026-08-20T04:30:00+00:00,LITUSDT,B,0.00834,5.88
2026-08-20T04:30:00+00:00,MAGMAUSDT,A,-0.0306,17.33
2026-08-20T04:30:00+00:00,TRUMPUSDT,A,-0.00898,7.3
2026-08-20T05:00:00+00:00,MAGMAUSDT,B,0.0059,12.64
2026-08-20T05:30:00+00:00,PENDLEUSDT,A,-0.01408,10.07
2026-08-20T05:45:00+00:00,ASTERUSDT,A,-0.00626,8.13
2026-08-20T06:15:00+00:00,ZROUSDT,B,0.00484,3.1
2026-08-20T06:45:00+00:00,EDGEUSDT,B,0.04491,9.93
2026-08-20T07:00:00+00:00,BTWUSDT,A,-0.18473,5.2
2026-08-20T07:00:00+00:00,ETHFIUSDT,B,0.03115,13.73
2026-08-20T07:00:00+00:00,REUSDT,B,0.03346,4.06
2026-08-20T07:15:00+00:00,BTWUSDT,B,0.08901,7.22
2026-08-20T07:30:00+00:00,LITUSDT,A,-0.0164,4.43
2026-08-20T08:00:00+00:00,1000PEPEUSDT,B,0.02625,7.92
2026-08-20T08:00:00+00:00,AAVEUSDT,B,0.01071,3.68
2026-08-20T08:00:00+00:00,ARBUSDT,B,0.01562,3.63
2026-08-20T08:00:00+00:00,BNBUSDT,B,0.01714,8.77
2026-08-20T08:00:00+00:00,COINUSDT,B,0.0344,3.78
2026-08-20T08:00:00+00:00,EDGEUSDT,A,-0.01311,47.43
2026-08-20T08:00:00+00:00,EIGENUSDT,B,0.02328,4.91
2026-08-20T08:00:00+00:00,ENAUSDT,B,0.03054,4.46
2026-08-20T08:00:00+00:00,ETCUSDT,B,0.01533,3.69
2026-08-20T08:00:00+00:00,FARTCOINUSDT,B,0.02372,3.98
2026-08-20T08:00:00+00:00,FILUSDT,B,0.01774,3.01
2026-08-20T08:00:00+00:00,HBARUSDT,B,0.01205,3.77
2026-08-20T08:00:00+00:00,JUPUSDT,B,0.01514,4.13
2026-08-20T08:00:00+00:00,LTCUSDT,B,0.01111,3.51
2026-08-20T08:00:00+00:00,MSTRUSDT,B,0.03063,6.59
2026-08-20T08:00:00+00:00,PENDLEUSDT,B,0.02047,3.15
2026-08-20T08:00:00+00:00,TRUMPUSDT,B,0.02049,9.92
2026-08-20T08:00:00+00:00,WIFUSDT,B,0.01329,6.57
2026-08-20T08:00:00+00:00,XPLUSDT,B,0.01427,5.54
2026-08-20T08:15:00+00:00,BNBUSDT,A,-0.00217,10.77
2026-08-20T08:15:00+00:00,JTOUSDT,B,0.00175,6.68
2026-08-20T08:15:00+00:00,TAOUSDT,B,0.00352,3.43
2026-08-20T08:30:00+00:00,APTUSDT,B,0.00194,3.42
2026-08-20T08:30:00+00:00,ORDIUSDT,B,0.01463,3.84
2026-08-20T08:30:00+00:00,PENGUUSDT,B,0.00943,3.5
2026-08-20T08:30:00+00:00,XLMUSDT,B,0.0106,4.73
2026-08-20T08:45:00+00:00,DASHUSDT,B,0.00093,3.36
2026-08-20T08:45:00+00:00,LDOUSDT,B,0.0035,3.15
2026-08-20T09:00:00+00:00,APTUSDT,A,-0.01245,5.2
2026-08-20T09:00:00+00:00,ASTERUSDT,B,0.0166,4.72
2026-08-20T09:00:00+00:00,ETHFIUSDT,A,-0.01719,4.31
2026-08-20T09:00:00+00:00,LITUSDT,B,0.00762,4.26
2026-08-20T09:00:00+00:00,MAGMAUSDT,B,0.01579,15.84
2026-08-20T09:00:00+00:00,SUIUSDT,B,0.00706,4.13
2026-08-20T09:15:00+00:00,1000PEPEUSDT,A,-0.02248,9.44
2026-08-20T09:30:00+00:00,BABAUSDT,A,-0.04207,37.55
2026-08-20T09:30:00+00:00,PUMPUSDT,B,0.0108,3.93
2026-08-20T09:30:00+00:00,VIRTUALUSDT,B,0.03141,31.01
2026-08-20T09:45:00+00:00,BABAUSDT,B,0.0004,6.83
2026-08-20T09:45:00+00:00,MAGMAUSDT,A,-0.0217,24.82
2026-08-20T09:45:00+00:00,PENDLEUSDT,A,-0.02379,18.94
2026-08-20T10:00:00+00:00,ARBUSDT,A,-0.00561,10.39
2026-08-20T10:00:00+00:00,ASTERUSDT,A,-0.01146,16.74
2026-08-20T10:15:00+00:00,PAXGUSDT,B,0.001,3.09
2026-08-20T10:30:00+00:00,SUIUSDT,A,-0.00574,4.38
2026-08-20T10:45:00+00:00,EDGEUSDT,B,0.00753,3.56
2026-08-20T10:45:00+00:00,TRXUSDT,B,0.00439,22.6
2026-08-20T11:00:00+00:00,ETHFIUSDT,B,0.00726,4.91
2026-08-20T11:00:00+00:00,JTOUSDT,A,-0.00771,7.19
2026-08-20T11:00:00+00:00,MSFTUSDT,B,0.00161,6.08
2026-08-20T11:00:00+00:00,ORDIUSDT,A,-0.01716,19.52
2026-08-20T11:30:00+00:00,ENAUSDT,A,-0.00553,4.2
2026-08-20T11:45:00+00:00,DASHUSDT,A,-0.00585,4.09
2026-08-20T11:45:00+00:00,LITUSDT,A,-0.00945,3.97
2026-08-20T11:45:00+00:00,TRUMPUSDT,A,-0.01246,5.14
2026-08-20T12:00:00+00:00,AVAXUSDT,A,-0.0119,9.96
2026-08-20T12:00:00+00:00,DOTUSDT,B,0.00232,4.17
2026-08-20T12:00:00+00:00,EDGEUSDT,A,-0.01012,4.55
2026-08-20T12:00:00+00:00,HBARUSDT,A,-0.00858,5.03
2026-08-20T12:00:00+00:00,LDOUSDT,A,-0.01317,4.63
2026-08-20T12:00:00+00:00,REUSDT,B,0.02833,3.13
2026-08-20T12:00:00+00:00,TRXUSDT,A,-0.00136,4.38
2026-08-20T12:00:00+00:00,VIRTUALUSDT,A,-0.01539,4.58
2026-08-20T12:00:00+00:00,WIFUSDT,B,0.00126,4.16
2026-08-20T12:00:00+00:00,XLMUSDT,A,-0.01137,4.4
2026-08-20T12:15:00+00:00,AEROUSDT,B,0.01306,3.4
2026-08-20T12:30:00+00:00,DOTUSDT,A,-0.0046,4.09
2026-08-20T12:30:00+00:00,INJUSDT,A,-0.01262,5.12
2026-08-20T12:30:00+00:00,WIFUSDT,A,-0.01334,4.96
2026-08-20T12:45:00+00:00,AEROUSDT,A,-0.00684,5.79
2026-08-20T12:45:00+00:00,ORDIUSDT,B,0.02569,11.02
2026-08-20T12:45:00+00:00,PENGUUSDT,A,-0.0138,8.11
2026-08-20T12:45:00+00:00,TRUMPUSDT,B,0.00661,3.47
2026-08-20T12:45:00+00:00,XLMUSDT,B,0.00573,3.54
2026-08-20T13:00:00+00:00,ASTERUSDT,B,0.00755,4.61
2026-08-20T13:00:00+00:00,LITUSDT,B,0.01706,6.74
2026-08-20T13:00:00+00:00,PENGUUSDT,B,0.00339,3.22
2026-08-20T13:15:00+00:00,COINUSDT,B,0.01861,3.09
2026-08-20T13:15:00+00:00,INJUSDT,B,0.01283,6.14
2026-08-20T13:15:00+00:00,MVLLUSDT,B,0.05639,3.18
2026-08-20T13:30:00+00:00,AAOIUSDT,B,0.01216,4.32
2026-08-20T13:30:00+00:00,AAPLUSDT,B,0.0039,6.99
2026-08-20T13:30:00+00:00,ARMUSDT,B,0.00545,5.79
2026-08-20T13:30:00+00:00,BEUSDT,B,0.00634,5.42
2026-08-20T13:30:00+00:00,BNBUSDT,A,-0.00328,5.15
2026-08-20T13:30:00+00:00,COINUSDT,A,-0.00561,20.11
2026-08-20T13:30:00+00:00,CRCLUSDT,A,-0.00841,14.41
2026-08-20T13:30:00+00:00,DRAMUSDT,B,0.01082,7.68
2026-08-20T13:30:00+00:00,GLWUSDT,B,0.00597,3.8
2026-08-20T13:30:00+00:00,HOODUSDT,A,-0.02812,10.4
2026-08-20T13:30:00+00:00,LITEUSDT,B,0.00779,4.15
2026-08-20T13:30:00+00:00,MAGMAUSDT,B,0.03002,11.25
2026-08-20T13:30:00+00:00,METAUSDT,B,0.0002,5.4
2026-08-20T13:30:00+00:00,MRVLUSDT,B,0.02393,8.56
2026-08-20T13:30:00+00:00,MSTRUSDT,A,-0.00838,26.34
2026-08-20T13:30:00+00:00,NBISUSDT,A,-0.01701,4.92
2026-08-20T13:30:00+00:00,NVDAUSDT,B,0.00371,6.79
2026-08-20T13:30:00+00:00,ORCLUSDT,B,0.00393,6.93
2026-08-20T13:30:00+00:00,PLTRUSDT,A,-0.01455,5.99
2026-08-20T13:30:00+00:00,PUMPUSDT,B,0.00906,3.43
2026-08-20T13:30:00+00:00,QQQUSDT,B,0.00285,3.38
2026-08-20T13:30:00+00:00,RKLBUSDT,A,-0.01145,5.24
2026-08-20T13:30:00+00:00,SAMSUNGUSDT,B,0.01224,4.63
2026-08-20T13:30:00+00:00,SNXXUSDT,B,0.05245,13.67
2026-08-20T13:30:00+00:00,TAOUSDT,A,-0.00717,4.59
2026-08-20T13:30:00+00:00,TQQQUSDT,B,0.00902,6.91
2026-08-20T13:30:00+00:00,TSLAUSDT,A,-0.00781,5.32
2026-08-20T13:30:00+00:00,TSMUSDT,B,0.01564,3.94
2026-08-20T13:30:00+00:00,WDCUSDT,B,0.00297,3.1
2026-08-20T13:45:00+00:00,BABAUSDT,B,0.0037,9.63
2026-08-20T13:45:00+00:00,MVLLUSDT,A,-0.05741,6.31
2026-08-20T13:45:00+00:00,SNXXUSDT,A,-0.02951,6.79
2026-08-20T13:45:00+00:00,TQQQUSDT,A,-0.00936,5.44
2026-08-20T14:00:00+00:00,ADAUSDT,B,0.00615,3.33
2026-08-20T14:00:00+00:00,BNBUSDT,B,0.00344,3.85
2026-08-20T14:00:00+00:00,HBARUSDT,B,0.0052,3.55
2026-08-20T14:00:00+00:00,RENDERUSDT,B,0.00071,3.05
2026-08-20T14:30:00+00:00,NATGASUSDT,A,-0.00719,9.55
2026-08-20T14:45:00+00:00,MORPHOUSDT,B,0.02389,3.06
2026-08-20T15:00:00+00:00,1000PEPEUSDT,B,0.02671,8.81
2026-08-20T15:00:00+00:00,ARXUSDT,A,-0.04017,9.5
2026-08-20T15:00:00+00:00,AVAXUSDT,B,0.01578,5.06
2026-08-20T15:00:00+00:00,CRVUSDT,B,0.01354,5.55
2026-08-20T15:00:00+00:00,EDGEUSDT,B,0.00467,3.11
2026-08-20T15:00:00+00:00,ENAUSDT,B,0.00241,4.98
2026-08-20T15:00:00+00:00,FARTCOINUSDT,B,0.01327,8.28
2026-08-20T15:00:00+00:00,FILUSDT,B,0.01839,3.89
2026-08-20T15:00:00+00:00,MSTRUSDT,B,0.01977,12.55
2026-08-20T15:00:00+00:00,NEARUSDT,B,0.0111,3.32
2026-08-20T15:00:00+00:00,PAXGUSDT,B,0.00395,4.43
2026-08-20T15:00:00+00:00,SUIUSDT,B,0.0136,5.01
2026-08-20T15:00:00+00:00,XAUTUSDT,B,0.00385,3.49
2026-08-20T15:00:00+00:00,XPLUSDT,B,0.02579,11.59
2026-08-20T15:15:00+00:00,1000PEPEUSDT,A,-0.00632,7.26
2026-08-20T15:15:00+00:00,BCHUSDT,B,0.00688,3.51
2026-08-20T15:15:00+00:00,BSBUSDT,B,0.0147,15.74
2026-08-20T15:15:00+00:00,ICPUSDT,B,0.00972,4.03
2026-08-20T15:15:00+00:00,MORPHOUSDT,A,-0.01165,5.19
2026-08-20T15:15:00+00:00,PUMPUSDT,A,-0.01607,7.94
2026-08-20T15:30:00+00:00,BCHUSDT,A,-0.00486,3.23
2026-08-20T15:30:00+00:00,CRVUSDT,A,-0.0115,5.79
2026-08-20T15:30:00+00:00,ICPUSDT,A,-0.00753,4.6
2026-08-20T15:30:00+00:00,PAXGUSDT,A,-0.00501,4.73
2026-08-20T15:30:00+00:00,PENDLEUSDT,B,0.00467,10.26
2026-08-20T15:45:00+00:00,LTCUSDT,B,0.00481,4.45
2026-08-20T15:45:00+00:00,MAGMAUSDT,A,-0.02755,11.75
2026-08-20T15:45:00+00:00,ZROUSDT,A,-0.01002,5.59
2026-08-20T16:00:00+00:00,ASTERUSDT,A,-0.01057,10.1
2026-08-20T16:00:00+00:00,ENAUSDT,A,-0.00735,4.25
2026-08-20T16:00:00+00:00,JUPUSDT,B,0.00787,5.26
2026-08-20T16:00:00+00:00,ORDIUSDT,A,-0.01257,4.8
2026-08-20T16:00:00+00:00,TRXUSDT,B,0.00275,4.96
2026-08-20T16:30:00+00:00,DASHUSDT,B,0.01201,5.51
2026-08-20T16:45:00+00:00,ORDIUSDT,B,0.00425,5.65
2026-08-20T16:45:00+00:00,TAOUSDT,B,0.00439,3.08
2026-08-20T16:45:00+00:00,TRUMPUSDT,B,0.01132,3.84
2026-08-20T16:45:00+00:00,UNIUSDT,B,0.0059,4.34
2026-08-20T16:45:00+00:00,WIFUSDT,B,0.00311,6.05
2026-08-20T16:45:00+00:00,XLMUSDT,B,0.01115,7.94
2026-08-20T17:00:00+00:00,HBARUSDT,A,-0.00551,4.21
2026-08-20T17:00:00+00:00,LITUSDT,B,0.00769,4.85
2026-08-20T17:00:00+00:00,WLDUSDT,B,0.00842,5.31
2026-08-20T17:15:00+00:00,ASTERUSDT,B,0.00787,3.09
2026-08-20T17:15:00+00:00,BEATUSDT,B,0.16029,3.17
2026-08-20T17:15:00+00:00,EIGENUSDT,B,0.00923,4.4
2026-08-20T17:15:00+00:00,FETUSDT,B,0.02724,9.12
2026-08-20T17:15:00+00:00,LITUSDT,A,-0.01286,4.46
2026-08-20T17:15:00+00:00,RENDERUSDT,A,-0.00634,8.22
2026-08-20T17:30:00+00:00,PUMPUSDT,B,0.02531,4.74
2026-08-20T17:45:00+00:00,FETUSDT,A,-0.01796,4.7
2026-08-20T17:45:00+00:00,XLMUSDT,A,-0.01766,6.25
2026-08-20T18:00:00+00:00,ADAUSDT,A,-0.01394,7.0
2026-08-20T18:00:00+00:00,DASHUSDT,A,-0.0097,6.42
2026-08-20T18:00:00+00:00,FARTCOINUSDT,A,-0.01351,5.45
2026-08-20T18:00:00+00:00,FILUSDT,A,-0.01685,7.34
2026-08-20T18:00:00+00:00,JTOUSDT,A,-0.02141,5.05
2026-08-20T18:00:00+00:00,PENGUUSDT,A,-0.01909,4.16
2026-08-20T18:00:00+00:00,SUIUSDT,A,-0.01146,4.31
2026-08-20T18:00:00+00:00,TAOUSDT,A,-0.01023,4.74
2026-08-20T18:00:00+00:00,TRUMPUSDT,A,-0.01547,6.13
2026-08-20T18:00:00+00:00,WIFUSDT,A,-0.01223,3.91
2026-08-20T18:15:00+00:00,AVAXUSDT,A,-0.01266,4.78
2026-08-20T18:15:00+00:00,BABAUSDT,B,0.00409,12.46
2026-08-20T19:00:00+00:00,ENAUSDT,B,0.02532,7.11
2026-08-20T19:00:00+00:00,FARTCOINUSDT,B,0.01603,5.23
2026-08-20T19:00:00+00:00,HBARUSDT,B,0.00377,3.88
2026-08-20T20:00:00+00:00,CRVUSDT,B,0.02141,4.44
2026-08-20T20:15:00+00:00,ENAUSDT,A,-0.00928,4.56
2026-08-20T20:15:00+00:00,WLFIUSDT,B,0.01891,6.42
2026-08-20T20:45:00+00:00,AVAXUSDT,B,0.00292,3.57
2026-08-20T20:45:00+00:00,ORDIUSDT,A,-0.01617,5.75
2026-08-20T21:00:00+00:00,CRVUSDT,A,-0.01392,4.85
2026-08-20T22:00:00+00:00,PUMPUSDT,B,0.02528,4.9
2026-08-20T23:00:00+00:00,ENAUSDT,B,0.01326,6.24
2026-08-20T23:00:00+00:00,PENDLEUSDT,B,0.01063,3.18
2026-08-20T23:15:00+00:00,1000PEPEUSDT,B,0.01273,3.04
2026-08-20T23:15:00+00:00,TAOUSDT,B,0.01064,3.74
2026-08-20T23:30:00+00:00,SUIUSDT,A,-0.00584,3.73
2026-08-20T23:30:00+00:00,TRXUSDT,A,-0.00665,17.12
2026-08-20T23:30:00+00:00,WIFUSDT,A,-0.0072,5.02
2026-08-20T23:45:00+00:00,ETHFIUSDT,B,0.01629,3.45
2026-08-21T00:00:00+00:00,APTUSDT,B,0.004,3.78
2026-08-21T00:00:00+00:00,SAMSUNGUSDT,B,0.02379,5.38
2026-08-21T00:45:00+00:00,ADAUSDT,B,0.01089,4.07
2026-08-21T00:45:00+00:00,CRVUSDT,B,0.00519,4.24
2026-08-21T01:15:00+00:00,AAVEUSDT,A,-0.00942,3.91
2026-08-21T01:15:00+00:00,BNBUSDT,B,0.00324,3.63
2026-08-21T01:15:00+00:00,DASHUSDT,B,0.00151,3.49
2026-08-21T01:15:00+00:00,FILUSDT,B,0.0059,4.6
2026-08-21T01:15:00+00:00,XPLUSDT,B,0.01013,3.7
2026-08-21T01:30:00+00:00,BABAUSDT,A,-0.02575,7.0
2026-08-21T01:30:00+00:00,LITUSDT,B,8e-05,3.19
2026-08-21T01:45:00+00:00,BCHUSDT,B,0.00195,8.87
2026-08-21T01:45:00+00:00,ETCUSDT,B,0.0063,4.64
2026-08-21T01:45:00+00:00,LINKUSDT,B,0.00464,4.74
2026-08-21T01:45:00+00:00,PENGUUSDT,B,0.00746,3.45
2026-08-21T02:00:00+00:00,ATOMUSDT,B,0.00527,4.71
2026-08-21T02:15:00+00:00,ICPUSDT,B,0.01245,3.22
2026-08-21T02:15:00+00:00,NEARUSDT,B,0.00168,3.67
2026-08-21T02:15:00+00:00,PUMPUSDT,B,0.0031,3.36
2026-08-21T02:30:00+00:00,ZROUSDT,B,0.00725,6.69
2026-08-21T02:45:00+00:00,FILUSDT,A,-0.01204,6.97
2026-08-21T02:45:00+00:00,JUPUSDT,A,-0.00725,5.09
2026-08-21T03:00:00+00:00,ENAUSDT,A,-0.01928,7.32
2026-08-21T03:00:00+00:00,PENGUUSDT,A,-0.00807,4.39
2026-08-21T03:15:00+00:00,ENAUSDT,B,0.01206,9.16
2026-08-21T03:30:00+00:00,ASTERUSDT,B,0.00226,3.34
2026-08-21T03:30:00+00:00,BTWUSDT,B,0.03663,3.49
2026-08-21T04:00:00+00:00,CRVUSDT,A,-0.01309,21.87
2026-08-21T04:30:00+00:00,EIGENUSDT,B,0.01303,7.1
2026-08-21T04:45:00+00:00,1000PEPEUSDT,B,0.01902,6.0
2026-08-21T05:00:00+00:00,CRVUSDT,B,0.00865,10.57
2026-08-21T05:00:00+00:00,VVVUSDT,B,0.02816,6.24
2026-08-21T05:15:00+00:00,BCHUSDT,A,-0.01047,4.06
2026-08-21T05:30:00+00:00,DASHUSDT,B,0.00207,4.19
2026-08-21T05:30:00+00:00,SUIUSDT,B,0.01726,6.03
2026-08-21T05:30:00+00:00,WIFUSDT,B,0.01371,4.07
2026-08-21T05:45:00+00:00,BCHUSDT,B,0.03755,29.26
2026-08-21T05:45:00+00:00,GRAMUSDT,B,0.02745,9.31
2026-08-21T06:00:00+00:00,FARTCOINUSDT,B,0.01522,3.77
2026-08-21T06:15:00+00:00,GRAMUSDT,A,-0.01018,5.68
2026-08-21T06:15:00+00:00,REUSDT,A,-0.05755,5.14
2026-08-21T06:30:00+00:00,1000PEPEUSDT,A,-0.01525,4.39
2026-08-21T06:30:00+00:00,BNBUSDT,B,0.0035,12.59
2026-08-21T06:30:00+00:00,LTCUSDT,B,0.00535,3.12
2026-08-21T06:45:00+00:00,NEARUSDT,B,0.01372,3.24
2026-08-21T07:00:00+00:00,1000BONKUSDT,B,0.02375,3.35
2026-08-21T07:15:00+00:00,ATOMUSDT,B,0.00065,5.53
2026-08-21T07:15:00+00:00,ENAUSDT,B,0.00379,9.66
2026-08-21T07:15:00+00:00,ETCUSDT,B,0.0093,3.5
2026-08-21T07:15:00+00:00,LINKUSDT,B,0.04631,19.22
2026-08-21T07:15:00+00:00,MSTRUSDT,B,0.00418,3.13
2026-08-21T07:15:00+00:00,PUMPUSDT,B,0.00513,3.06
2026-08-21T07:15:00+00:00,TAOUSDT,B,0.00633,4.87
2026-08-21T07:15:00+00:00,XPLUSDT,B,0.00053,7.86
2026-08-21T07:30:00+00:00,AAVEUSDT,B,0.01053,5.2
2026-08-21T07:30:00+00:00,ASTERUSDT,B,0.01212,3.85
2026-08-21T07:30:00+00:00,FETUSDT,B,0.0094,6.17
2026-08-21T07:30:00+00:00,INJUSDT,B,0.00124,3.38
2026-08-21T07:30:00+00:00,ONDOUSDT,B,0.00976,3.02
2026-08-21T07:30:00+00:00,ORDIUSDT,B,0.01488,3.99
2026-08-21T07:45:00+00:00,ENAUSDT,A,-0.01473,12.79
2026-08-21T07:45:00+00:00,PENGUUSDT,B,0.00805,4.49
2026-08-21T07:45:00+00:00,WLDUSDT,B,0.00398,5.82
2026-08-21T07:45:00+00:00,ZROUSDT,B,0.0177,3.94
2026-08-21T08:00:00+00:00,1000BONKUSDT,A,-0.02016,3.98
2026-08-21T08:00:00+00:00,ADAUSDT,B,0.01574,3.84
2026-08-21T08:00:00+00:00,CHZUSDT,B,0.00885,3.95
2026-08-21T08:00:00+00:00,COINUSDT,B,0.01292,3.07
2026-08-21T08:00:00+00:00,CRCLUSDT,B,0.01249,3.25
2026-08-21T08:00:00+00:00,FARTCOINUSDT,A,-0.01188,6.73
2026-08-21T08:00:00+00:00,HBARUSDT,B,0.00172,3.46
2026-08-21T08:00:00+00:00,JUPUSDT,B,0.00562,3.01
2026-08-21T08:00:00+00:00,LDOUSDT,B,0.00115,4.31
2026-08-21T08:00:00+00:00,SAMSUNGUSDT,A,-0.02362,6.79
2026-08-21T08:00:00+00:00,WIFUSDT,A,-0.00684,4.62
2026-08-21T08:15:00+00:00,PAXGUSDT,B,0.00345,4.91
2026-08-21T08:15:00+00:00,RENDERUSDT,B,0.01304,3.28
2026-08-21T08:15:00+00:00,TIAUSDT,B,0.00393,3.46
2026-08-21T08:15:00+00:00,XLMUSDT,B,0.008,5.3
2026-08-21T08:30:00+00:00,AVAXUSDT,B,0.00877,3.23
2026-08-21T08:30:00+00:00,ICPUSDT,B,0.00243,3.22
2026-08-21T08:30:00+00:00,XPLUSDT,A,-0.00958,5.33
2026-08-21T08:45:00+00:00,1000PEPEUSDT,B,0.01138,5.37
2026-08-21T08:45:00+00:00,AEROUSDT,B,0.01032,3.01
2026-08-21T08:45:00+00:00,APTUSDT,B,0.01455,6.06
2026-08-21T08:45:00+00:00,ARBUSDT,B,0.02433,5.77
2026-08-21T08:45:00+00:00,ASTERUSDT,A,-0.00624,13.33
2026-08-21T08:45:00+00:00,DOTUSDT,B,0.01475,4.38
2026-08-21T08:45:00+00:00,EIGENUSDT,B,0.00706,6.29
2026-08-21T08:45:00+00:00,ETHFIUSDT,B,0.01167,4.07
2026-08-21T08:45:00+00:00,JTOUSDT,B,0.01243,3.75
2026-08-21T08:45:00+00:00,LITUSDT,B,0.0128,5.02
2026-08-21T08:45:00+00:00,PENDLEUSDT,B,0.01393,5.23
2026-08-21T08:45:00+00:00,SEIUSDT,B,0.01077,3.24
2026-08-21T08:45:00+00:00,TRUMPUSDT,B,0.01251,4.28
2026-08-21T08:45:00+00:00,TRXUSDT,B,0.00194,3.07
2026-08-21T08:45:00+00:00,UNIUSDT,B,0.01629,3.84
2026-08-21T08:45:00+00:00,VIRTUALUSDT,B,0.01096,3.92
2026-08-21T09:00:00+00:00,AAVEUSDT,A,-0.02822,13.81
2026-08-21T09:00:00+00:00,ADAUSDT,A,-0.03304,12.82
2026-08-21T09:00:00+00:00,AEROUSDT,A,-0.02785,5.63
2026-08-21T09:00:00+00:00,ALGOUSDT,A,-0.01774,4.55
2026-08-21T09:00:00+00:00,APTUSDT,A,-0.02063,12.06
2026-08-21T09:00:00+00:00,ARBUSDT,A,-0.01809,6.05
2026-08-21T09:00:00+00:00,ATOMUSDT,A,-0.01443,7.23
2026-08-21T09:00:00+00:00,AVAXUSDT,A,-0.03149,10.4
2026-08-21T09:00:00+00:00,BNBUSDT,A,-0.01779,16.53
2026-08-21T09:00:00+00:00,CHZUSDT,A,-0.02361,11.67
2026-08-21T09:00:00+00:00,CRCLUSDT,A,-0.00995,6.21
2026-08-21T09:00:00+00:00,CRVUSDT,A,-0.01669,11.85
2026-08-21T09:00:00+00:00,DASHUSDT,A,-0.02289,13.45
2026-08-21T09:00:00+00:00,DOTUSDT,A,-0.0208,6.23
2026-08-21T09:00:00+00:00,EIGENUSDT,A,-0.03179,14.12
2026-08-21T09:00:00+00:00,ETCUSDT,A,-0.02929,11.52
2026-08-21T09:00:00+00:00,ETHFIUSDT,A,-0.03949,9.56
2026-08-21T09:00:00+00:00,FETUSDT,A,-0.01851,17.03
2026-08-21T09:00:00+00:00,FILUSDT,A,-0.02619,8.73
2026-08-21T09:00:00+00:00,HBARUSDT,A,-0.02523,13.62
2026-08-21T09:00:00+00:00,ICPUSDT,A,-0.02323,8.24
2026-08-21T09:00:00+00:00,INJUSDT,A,-0.02358,10.44
2026-08-21T09:00:00+00:00,JTOUSDT,A,-0.02833,9.42
2026-08-21T09:00:00+00:00,JUPUSDT,A,-0.02563,8.6
2026-08-21T09:00:00+00:00,LDOUSDT,A,-0.00913,7.47
2026-08-21T09:00:00+00:00,LINKUSDT,A,-0.02635,10.09
2026-08-21T09:00:00+00:00,LITUSDT,A,-0.03743,10.11
2026-08-21T09:00:00+00:00,LTCUSDT,A,-0.02643,24.32
2026-08-21T09:00:00+00:00,MORPHOUSDT,A,-0.01287,2.46
2026-08-21T09:00:00+00:00,MSTRUSDT,A,-0.02356,9.2
2026-08-21T09:00:00+00:00,NEARUSDT,A,-0.03035,20.22
2026-08-21T09:00:00+00:00,NVDAUSDT,A,-0.01263,6.83
2026-08-21T09:00:00+00:00,ONDOUSDT,A,-0.0291,10.82
2026-08-21T09:00:00+00:00,OPUSDT,A,-0.02591,5.16
2026-08-21T09:00:00+00:00,ORDIUSDT,A,-0.05442,12.6
2026-08-21T09:00:00+00:00,PENDLEUSDT,A,-0.02495,10.67
2026-08-21T09:00:00+00:00,PENGUUSDT,A,-0.04121,11.58
2026-08-21T09:00:00+00:00,PUMPUSDT,A,-0.01693,6.26
2026-08-21T09:00:00+00:00,RENDERUSDT,A,-0.02545,8.19
2026-08-21T09:00:00+00:00,SEIUSDT,A,-0.01631,6.34
2026-08-21T09:00:00+00:00,SUIUSDT,A,-0.03603,19.09
2026-08-21T09:00:00+00:00,TAOUSDT,A,-0.02637,13.66
2026-08-21T09:00:00+00:00,TIAUSDT,A,-0.01841,8.88
2026-08-21T09:00:00+00:00,TRUMPUSDT,A,-0.03088,10.09
2026-08-21T09:00:00+00:00,UNIUSDT,A,-0.0365,9.97
2026-08-21T09:00:00+00:00,VIRTUALUSDT,A,-0.03342,11.9
2026-08-21T09:00:00+00:00,VVVUSDT,A,-0.01894,8.59
2026-08-21T09:00:00+00:00,WLDUSDT,A,-0.03254,10.68
2026-08-21T09:00:00+00:00,XAUTUSDT,B,0.00286,3.21
2026-08-21T09:00:00+00:00,XLMUSDT,A,-0.02233,11.77
2026-08-21T09:00:00+00:00,ZROUSDT,A,-0.03271,8.92
2026-08-21T09:15:00+00:00,CRVUSDT,B,0.00801,3.38
2026-08-21T09:15:00+00:00,WLFIUSDT,B,0.01441,3.55
2026-08-21T09:30:00+00:00,DASHUSDT,B,0.01855,4.14
2026-08-21T09:30:00+00:00,SUIUSDT,B,0.01072,5.69
2026-08-21T09:30:00+00:00,WIFUSDT,B,0.02816,3.52
2026-08-21T09:45:00+00:00,ARXUSDT,B,0.01321,9.07
2026-08-21T09:45:00+00:00,FILUSDT,B,0.00579,6.14
2026-08-21T10:15:00+00:00,BCHUSDT,B,0.00231,3.11
2026-08-21T10:15:00+00:00,WLFIUSDT,A,-0.01754,4.19
2026-08-21T10:30:00+00:00,1000PEPEUSDT,A,-0.02285,11.1
2026-08-21T11:00:00+00:00,1000BONKUSDT,B,0.00483,3.35
2026-08-21T11:00:00+00:00,FARTCOINUSDT,B,0.00447,3.06
2026-08-21T11:00:00+00:00,GRAMUSDT,B,0.00984,4.53
2026-08-21T11:15:00+00:00,ALGOUSDT,B,0.00974,3.83
2026-08-21T11:15:00+00:00,ENAUSDT,B,0.00728,13.69
2026-08-21T11:15:00+00:00,TAOUSDT,B,0.00791,3.98
2026-08-21T11:30:00+00:00,ASTERUSDT,B,0.00825,9.49
2026-08-21T11:30:00+00:00,BCHUSDT,A,-0.00943,7.61
2026-08-21T11:30:00+00:00,XPLUSDT,B,0.00019,9.42
2026-08-21T11:45:00+00:00,BASEDUSDT,B,0.00529,5.48
2026-08-21T11:45:00+00:00,EDGEUSDT,B,0.01874,3.18
2026-08-21T11:45:00+00:00,PENGUUSDT,B,0.00744,3.6
2026-08-21T12:00:00+00:00,AAVEUSDT,B,0.00055,3.06
2026-08-21T12:00:00+00:00,HBARUSDT,B,0.00596,4.24
2026-08-21T12:00:00+00:00,JUPUSDT,B,0.01798,4.01
2026-08-21T12:00:00+00:00,LTCUSDT,B,0.00378,3.4
2026-08-21T12:00:00+00:00,NATGASUSDT,B,0.00143,4.1
2026-08-21T12:15:00+00:00,ZROUSDT,B,0.00805,3.45
2026-08-21T12:30:00+00:00,CHZUSDT,B,0.01639,3.13
2026-08-21T12:30:00+00:00,TIAUSDT,B,0.00828,3.64
2026-08-21T12:45:00+00:00,1000PEPEUSDT,B,0.0026,3.56
2026-08-21T12:45:00+00:00,ENAUSDT,A,-0.01183,17.6
2026-08-21T12:45:00+00:00,FARTCOINUSDT,A,-0.01239,5.46
2026-08-21T12:45:00+00:00,TRUMPUSDT,B,0.02775,11.14
2026-08-21T13:00:00+00:00,APTUSDT,B,0.00564,5.93
2026-08-21T13:00:00+00:00,EIGENUSDT,B,0.00233,3.49
2026-08-21T13:00:00+00:00,MORPHOUSDT,B,0.02693,4.23
2026-08-21T13:00:00+00:00,TRUMPUSDT,A,-0.027,6.8
2026-08-21T13:00:00+00:00,VVVUSDT,B,0.0128,6.72
2026-08-21T13:15:00+00:00,WIFUSDT,A,-0.01085,4.0
2026-08-21T13:15:00+00:00,XPLUSDT,A,-0.01989,9.45
2026-08-21T13:30:00+00:00,AAOIUSDT,B,0.00896,4.22
2026-08-21T13:30:00+00:00,AAPLUSDT,A,-0.01277,5.06
2026-08-21T13:30:00+00:00,ADAUSDT,B,0.00278,3.52
2026-08-21T13:30:00+00:00,AMZNUSDT,A,-0.00974,3.01
2026-08-21T13:30:00+00:00,BABAUSDT,A,-0.02583,20.2
2026-08-21T13:30:00+00:00,CBRSUSDT,A,-0.03086,3.58
2026-08-21T13:30:00+00:00,COINUSDT,B,0.04391,19.48
2026-08-21T13:30:00+00:00,CRCLUSDT,B,0.0529,14.66
2026-08-21T13:30:00+00:00,ETCUSDT,B,0.00351,3.25
2026-08-21T13:30:00+00:00,ETHFIUSDT,B,0.00316,3.43
2026-08-21T13:30:00+00:00,FETUSDT,B,0.00253,3.85
2026-08-21T13:30:00+00:00,HOODUSDT,B,0.05077,20.31
2026-08-21T13:30:00+00:00,INTCUSDT,A,-0.01571,6.25
2026-08-21T13:30:00+00:00,LITEUSDT,B,0.00728,6.44
2026-08-21T13:30:00+00:00,LITUSDT,B,0.02004,5.31
2026-08-21T13:30:00+00:00,METAUSDT,B,0.00442,3.19
2026-08-21T13:30:00+00:00,MRVLUSDT,A,-0.02562,6.4
2026-08-21T13:30:00+00:00,MSFTUSDT,B,0.00108,3.74
2026-08-21T13:30:00+00:00,MSTRUSDT,B,0.00117,22.05
2026-08-21T13:30:00+00:00,MVLLUSDT,A,-0.0517,11.33
2026-08-21T13:30:00+00:00,NBISUSDT,B,0.00057,6.13
2026-08-21T13:30:00+00:00,NEARUSDT,B,0.00106,3.4
2026-08-21T13:30:00+00:00,NVDAUSDT,A,-0.00709,4.9
2026-08-21T13:30:00+00:00,ORCLUSDT,B,0.01875,9.84
2026-08-21T13:30:00+00:00,RENDERUSDT,B,0.00539,3.04
2026-08-21T13:30:00+00:00,SNXXUSDT,A,-0.01909,6.69
2026-08-21T13:30:00+00:00,SUIUSDT,B,0.00831,3.24
2026-08-21T13:30:00+00:00,TQQQUSDT,A,-0.0149,7.69
2026-08-21T13:30:00+00:00,TSLAUSDT,A,-0.00345,6.65
2026-08-21T13:30:00+00:00,TSMUSDT,A,-0.00624,4.98
2026-08-21T13:30:00+00:00,VIRTUALUSDT,B,0.02042,3.31
2026-08-21T13:30:00+00:00,WIFUSDT,B,0.00384,4.71
2026-08-21T13:30:00+00:00,XLMUSDT,B,0.00759,4.36
2026-08-21T13:45:00+00:00,MORPHOUSDT,A,-0.0154,3.36
2026-08-21T13:45:00+00:00,MVLLUSDT,B,0.00181,4.27
2026-08-21T13:45:00+00:00,TSLAUSDT,B,0.01595,3.86
2026-08-21T14:00:00+00:00,ASTERUSDT,A,-0.01148,10.46
2026-08-21T14:00:00+00:00,COINUSDT,A,-0.00902,6.31
2026-08-21T14:00:00+00:00,HOODUSDT,A,-0.00945,8.13
2026-08-21T14:00:00+00:00,JTOUSDT,B,0.01343,4.16
2026-08-21T14:00:00+00:00,LITUSDT,A,-0.01541,4.89
2026-08-21T14:00:00+00:00,ONDOUSDT,B,0.00105,4.0
2026-08-21T14:15:00+00:00,BCHUSDT,B,0.012,9.06
2026-08-21T14:15:00+00:00,PUMPUSDT,B,0.02084,3.95
2026-08-21T14:15:00+00:00,TQQQUSDT,B,0.00313,3.55
2026-08-21T14:15:00+00:00,WLDUSDT,B,0.00279,3.2
2026-08-21T14:45:00+00:00,OPUSDT,B,0.01149,4.58
2026-08-21T15:00:00+00:00,DASHUSDT,B,0.00769,3.45
2026-08-21T15:00:00+00:00,FARTCOINUSDT,B,0.01617,7.0
2026-08-21T15:00:00+00:00,ICPUSDT,B,0.01005,3.7
2026-08-21T15:00:00+00:00,MAGMAUSDT,A,-0.04355,5.38
2026-08-21T15:00:00+00:00,PENDLEUSDT,B,0.00898,4.68
2026-08-21T15:15:00+00:00,1000PEPEUSDT,A,-0.0204,5.16
2026-08-21T15:15:00+00:00,ENAUSDT,B,0.01505,32.68
2026-08-21T15:15:00+00:00,USUSDT,B,0.18971,3.56
2026-08-21T15:30:00+00:00,AVAXUSDT,B,0.00198,3.33
2026-08-21T15:30:00+00:00,BASEDUSDT,A,-0.03276,10.84
2026-08-21T15:30:00+00:00,PENGUUSDT,A,-0.0114,11.84
2026-08-21T15:30:00+00:00,USUSDT,A,-0.05488,4.97
2026-08-21T15:30:00+00:00,XPLUSDT,B,0.0097,6.13
2026-08-21T15:45:00+00:00,BEATUSDT,B,0.05291,4.34
2026-08-21T15:45:00+00:00,PLTRUSDT,B,0.01158,5.54
2026-08-21T16:00:00+00:00,LTCUSDT,A,-0.01332,7.22
2026-08-21T16:00:00+00:00,TAOUSDT,A,-0.01642,4.9
2026-08-21T16:00:00+00:00,ZROUSDT,A,-0.01523,4.94
2026-08-21T16:15:00+00:00,ASTERUSDT,B,0.00402,3.19
2026-08-21T16:15:00+00:00,PENGUUSDT,B,0.01814,5.73
2026-08-21T16:15:00+00:00,ZROUSDT,B,0.00463,5.34
2026-08-21T16:30:00+00:00,1000BONKUSDT,B,0.0468,9.89
2026-08-21T16:45:00+00:00,1000BONKUSDT,A,-0.00965,5.37
2026-08-21T16:45:00+00:00,1000PEPEUSDT,B,0.01319,3.64
2026-08-21T16:45:00+00:00,BEATUSDT,A,-0.07043,4.89
2026-08-21T16:45:00+00:00,ENAUSDT,A,-0.01358,17.47
2026-08-21T16:45:00+00:00,ONDOUSDT,A,-0.02061,4.2
2026-08-21T17:00:00+00:00,VVVUSDT,B,0.00265,7.25
2026-08-21T17:15:00+00:00,BCHUSDT,A,-0.00972,14.28
2026-08-21T17:15:00+00:00,FARTCOINUSDT,A,-0.01496,6.41
2026-08-21T17:15:00+00:00,GRAMUSDT,A,-0.00882,4.07
2026-08-21T17:15:00+00:00,HBARUSDT,A,-0.00671,5.61
2026-08-21T17:15:00+00:00,TRUMPUSDT,B,0.01035,3.19
2026-08-21T17:15:00+00:00,WIFUSDT,A,-0.0153,6.14
2026-08-21T17:30:00+00:00,LITUSDT,B,0.0011,7.37
2026-08-21T17:30:00+00:00,SUIUSDT,B,0.0052,3.48
2026-08-21T18:00:00+00:00,ETCUSDT,B,0.00918,8.33
2026-08-21T18:00:00+00:00,FETUSDT,A,-0.0104,15.11
2026-08-21T18:00:00+00:00,RENDERUSDT,B,0.00202,4.05
2026-08-21T18:15:00+00:00,BCHUSDT,B,0.00378,5.29
2026-08-21T18:30:00+00:00,ASTERUSDT,A,-0.01279,7.73
2026-08-21T18:30:00+00:00,AVAXUSDT,A,-0.01818,5.37
2026-08-21T18:30:00+00:00,ETHFIUSDT,A,-0.01583,4.56
2026-08-21T18:30:00+00:00,PENDLEUSDT,A,-0.02276,4.49
2026-08-21T18:45:00+00:00,APTUSDT,A,-0.00606,4.73
2026-08-21T18:45:00+00:00,CRVUSDT,B,0.00342,3.43
2026-08-21T18:45:00+00:00,RENDERUSDT,A,-0.00541,4.9
2026-08-21T18:45:00+00:00,SUIUSDT,A,-0.00905,4.14
2026-08-21T18:45:00+00:00,TAOUSDT,B,0.00221,5.03
2026-08-21T18:45:00+00:00,XPLUSDT,A,-0.01878,8.76
2026-08-21T19:00:00+00:00,ARBUSDT,A,-0.01795,9.53
2026-08-21T19:00:00+00:00,ETHFIUSDT,B,0.00336,4.17
2026-08-21T19:00:00+00:00,FARTCOINUSDT,B,0.03842,18.79
2026-08-21T19:00:00+00:00,VVVUSDT,A,-0.03032,6.89
2026-08-21T19:15:00+00:00,MORPHOUSDT,A,-0.0163,10.32
2026-08-21T19:30:00+00:00,1000PEPEUSDT,A,-0.01045,6.22
2026-08-21T19:45:00+00:00,ENAUSDT,B,0.00737,6.38
2026-08-21T19:45:00+00:00,LITUSDT,A,-0.02626,7.42
2026-08-21T20:00:00+00:00,CRVUSDT,A,-0.01237,14.09
2026-08-21T20:00:00+00:00,DASHUSDT,B,0.01552,3.82
2026-08-21T20:00:00+00:00,WIFUSDT,B,0.00535,3.22
2026-08-21T20:15:00+00:00,MAGMAUSDT,B,0.03649,5.73
2026-08-21T20:15:00+00:00,ZROUSDT,B,0.02075,8.9
2026-08-21T20:30:00+00:00,FETUSDT,B,0.01098,4.29
2026-08-21T20:45:00+00:00,AAVEUSDT,B,0.03711,16.95
2026-08-21T21:00:00+00:00,1000PEPEUSDT,B,0.00633,3.09
2026-08-21T21:00:00+00:00,HBARUSDT,B,0.0048,3.06
2026-08-21T21:00:00+00:00,LINKUSDT,B,0.00727,5.25
2026-08-21T21:15:00+00:00,NEARUSDT,B,0.00775,11.62
2026-08-21T21:30:00+00:00,APTUSDT,B,0.00962,9.38
2026-08-21T21:30:00+00:00,ASTERUSDT,B,0.00672,3.66
2026-08-21T21:30:00+00:00,LDOUSDT,B,0.01192,3.02
2026-08-21T21:30:00+00:00,LTCUSDT,B,0.0069,4.26
2026-08-21T21:30:00+00:00,SUIUSDT,B,0.02042,4.54
2026-08-21T21:45:00+00:00,ADAUSDT,B,0.01206,3.08
2026-08-21T21:45:00+00:00,PENGUUSDT,B,0.01056,4.17
2026-08-21T21:45:00+00:00,XLMUSDT,B,0.00784,3.0
2026-08-21T22:00:00+00:00,AAVEUSDT,A,-0.00986,7.39
2026-08-21T22:00:00+00:00,ATOMUSDT,B,0.00691,3.46
2026-08-21T22:00:00+00:00,BNBUSDT,B,0.00637,5.44
2026-08-21T22:00:00+00:00,DASHUSDT,A,-0.00714,33.06
2026-08-21T22:00:00+00:00,LDOUSDT,A,-0.01304,4.11
2026-08-21T22:00:00+00:00,OPUSDT,B,0.00909,3.11
2026-08-21T22:00:00+00:00,TIAUSDT,B,0.01223,4.24
2026-08-21T22:15:00+00:00,BCHUSDT,A,-0.01355,7.7
2026-08-21T22:15:00+00:00,ETCUSDT,B,0.00377,3.78
2026-08-21T22:15:00+00:00,LINKUSDT,A,-0.01549,5.77
2026-08-21T22:30:00+00:00,1000BONKUSDT,A,-0.01583,6.61
2026-08-21T22:30:00+00:00,ALGOUSDT,B,0.00362,3.39
2026-08-21T22:30:00+00:00,AVAXUSDT,B,0.00575,3.11
2026-08-21T22:30:00+00:00,ETHFIUSDT,A,-0.01275,6.54
2026-08-21T22:30:00+00:00,TRUMPUSDT,B,0.00598,3.01
2026-08-21T22:45:00+00:00,1000SHIBUSDT,B,0.03375,4.9
2026-08-21T22:45:00+00:00,CRVUSDT,B,0.0135,3.45
2026-08-21T22:45:00+00:00,ICPUSDT,B,0.00552,3.65
2026-08-21T23:00:00+00:00,APTUSDT,A,-0.00717,4.13
2026-08-21T23:00:00+00:00,LTCUSDT,A,-0.00558,4.93
2026-08-21T23:15:00+00:00,VIRTUALUSDT,B,0.00385,3.71
2026-08-21T23:30:00+00:00,WIFUSDT,A,-0.01492,4.11
2026-08-21T23:45:00+00:00,ENAUSDT,B,0.00134,4.65
2026-08-22T00:00:00+00:00,1000BONKUSDT,B,0.00096,3.25
2026-08-22T00:00:00+00:00,BCHUSDT,B,0.00731,4.55
2026-08-22T00:00:00+00:00,DASHUSDT,B,0.01497,7.06
2026-08-22T00:00:00+00:00,HBARUSDT,A,-0.01066,5.38
2026-08-22T00:00:00+00:00,MAGMAUSDT,A,-0.03272,6.19
2026-08-22T00:00:00+00:00,REUSDT,B,0.05393,3.02
2026-08-22T00:00:00+00:00,WIFUSDT,B,0.01505,4.84
2026-08-22T00:00:00+00:00,XLMUSDT,A,-0.01387,7.75
2026-08-22T00:15:00+00:00,CRVUSDT,A,-0.01873,4.63
2026-08-22T00:15:00+00:00,MAGMAUSDT,B,0.04052,4.3
2026-08-22T00:30:00+00:00,PENDLEUSDT,B,0.02675,4.59
2026-08-22T00:30:00+00:00,SEIUSDT,B,0.00311,5.23
2026-08-22T00:45:00+00:00,AAVEUSDT,B,0.0133,4.17
2026-08-22T00:45:00+00:00,FARTCOINUSDT,B,0.0256,3.05
2026-08-22T00:45:00+00:00,PUMPUSDT,B,0.00288,3.41
2026-08-22T01:00:00+00:00,DOTUSDT,B,0.006,6.8
2026-08-22T01:00:00+00:00,HBARUSDT,B,0.00414,3.19
2026-08-22T01:15:00+00:00,1000PEPEUSDT,B,0.00668,3.24
2026-08-22T01:15:00+00:00,BASEDUSDT,B,0.00377,6.16
2026-08-22T01:30:00+00:00,APTUSDT,B,0.00998,3.46
2026-08-22T01:30:00+00:00,ARBUSDT,B,0.01011,3.72
2026-08-22T01:30:00+00:00,SUIUSDT,B,0.00802,4.76
2026-08-22T01:45:00+00:00,ETCUSDT,A,-0.0268,17.37
2026-08-22T01:45:00+00:00,NEARUSDT,B,0.00752,3.16
2026-08-22T01:45:00+00:00,UNIUSDT,B,0.01281,3.95
2026-08-22T02:00:00+00:00,ORDIUSDT,B,0.03807,4.44
2026-08-22T02:00:00+00:00,TAOUSDT,B,0.01737,3.04
2026-08-22T02:15:00+00:00,AAVEUSDT,A,-0.01411,5.67
2026-08-22T02:15:00+00:00,ASTERUSDT,B,0.01705,4.43
2026-08-22T02:15:00+00:00,BNBUSDT,B,0.00724,5.72
2026-08-22T02:15:00+00:00,ETCUSDT,B,0.01896,10.16
2026-08-22T02:15:00+00:00,LITUSDT,B,0.00856,3.26
2026-08-22T02:15:00+00:00,XLMUSDT,B,0.0075,10.88
2026-08-22T02:15:00+00:00,XMRUSDT,B,0.0213,7.82
2026-08-22T02:30:00+00:00,1000PEPEUSDT,A,-0.02308,7.06
2026-08-22T02:30:00+00:00,DASHUSDT,A,-0.01168,26.08
2026-08-22T02:30:00+00:00,FETUSDT,B,0.01033,3.33
2026-08-22T02:30:00+00:00,LTCUSDT,B,0.00834,3.85
2026-08-22T02:30:00+00:00,PENGUUSDT,B,0.00887,3.52
2026-08-22T02:30:00+00:00,TRUMPUSDT,B,0.03159,15.6
2026-08-22T02:45:00+00:00,ADAUSDT,B,0.02105,3.53
2026-08-22T02:45:00+00:00,WLFIUSDT,B,0.01501,3.83
2026-08-22T03:00:00+00:00,BCHUSDT,A,-0.03511,12.6
2026-08-22T03:00:00+00:00,OPUSDT,B,0.01,4.55
2026-08-22T03:00:00+00:00,OUSDT,A,-0.04179,2.17
2026-08-22T03:00:00+00:00,SEIUSDT,A,-0.00707,7.21
2026-08-22T03:00:00+00:00,WLDUSDT,B,0.00591,3.12
2026-08-22T03:00:00+00:00,WLFIUSDT,A,-0.01105,3.58
2026-08-22T03:15:00+00:00,ASTERUSDT,A,-0.00743,9.35
2026-08-22T03:15:00+00:00,FILUSDT,B,0.01306,8.41
2026-08-22T03:15:00+00:00,ICPUSDT,B,0.0329,4.35
2026-08-22T03:15:00+00:00,JUPUSDT,B,0.02039,3.78
2026-08-22T03:15:00+00:00,LINKUSDT,B,0.01648,5.48
2026-08-22T03:15:00+00:00,ONDOUSDT,B,0.01209,4.36
2026-08-22T03:15:00+00:00,XMRUSDT,A,-0.00988,6.08
2026-08-22T03:15:00+00:00,XPLUSDT,B,0.02845,5.36
2026-08-22T03:30:00+00:00,EDGEUSDT,A,-0.01257,3.42
2026-08-22T03:30:00+00:00,ENAUSDT,A,-0.01576,5.35
2026-08-22T03:30:00+00:00,LTCUSDT,A,-0.01799,8.74
2026-08-22T03:30:00+00:00,NEARUSDT,A,-0.00898,5.23
2026-08-22T03:30:00+00:00,TAOUSDT,A,-0.01174,6.7
2026-08-22T03:30:00+00:00,ZROUSDT,B,0.01348,4.13
2026-08-22T03:45:00+00:00,ENAUSDT,B,0.01549,5.91
2026-08-22T03:45:00+00:00,FILUSDT,A,-0.00831,9.95
2026-08-22T03:45:00+00:00,ICPUSDT,A,-0.01605,4.63
2026-08-22T03:45:00+00:00,PENGUUSDT,A,-0.01275,5.57
2026-08-22T03:45:00+00:00,TRXUSDT,B,0.00136,3.45
2026-08-22T03:45:00+00:00,WIFUSDT,A,-0.01225,6.68
2026-08-22T04:00:00+00:00,1000BONKUSDT,B,0.01869,3.28
2026-08-22T04:00:00+00:00,CHZUSDT,B,0.01707,4.48
2026-08-22T04:00:00+00:00,TRUMPUSDT,A,-0.0165,75.65
2026-08-22T04:00:00+00:00,WIFUSDT,B,0.01011,6.03
2026-08-22T04:15:00+00:00,CRVUSDT,A,-0.02312,6.34
2026-08-22T04:15:00+00:00,JTOUSDT,B,0.00182,3.12
2026-08-22T04:15:00+00:00,SUIUSDT,A,-0.01179,6.29
2026-08-22T04:30:00+00:00,ALGOUSDT,B,0.025,3.64
2026-08-22T04:30:00+00:00,ATOMUSDT,B,0.02665,7.99
2026-08-22T04:30:00+00:00,AVAXUSDT,B,0.01437,3.05
2026-08-22T04:30:00+00:00,DASHUSDT,B,0.00669,10.26
2026-08-22T04:30:00+00:00,PENDLEUSDT,B,0.00743,4.48
2026-08-22T04:30:00+00:00,SEIUSDT,B,0.01424,7.4
2026-08-22T04:30:00+00:00,TIAUSDT,B,0.00503,3.16
2026-08-22T04:30:00+00:00,VIRTUALUSDT,B,0.01349,3.9
2026-08-22T04:45:00+00:00,ADAUSDT,A,-0.00858,6.77
2026-08-22T04:45:00+00:00,ARXUSDT,B,0.02672,6.31
2026-08-22T04:45:00+00:00,BEATUSDT,B,0.07097,3.32
2026-08-22T04:45:00+00:00,DOTUSDT,A,-0.00662,3.91
2026-08-22T04:45:00+00:00,EIGENUSDT,B,0.00342,3.22
2026-08-22T04:45:00+00:00,FARTCOINUSDT,A,-0.0108,6.4
2026-08-22T04:45:00+00:00,ORDIUSDT,A,-0.01001,4.15
2026-08-22T05:00:00+00:00,1000BONKUSDT,A,-0.10817,20.86
2026-08-22T05:00:00+00:00,1000SHIBUSDT,A,-0.08339,9.46
2026-08-22T05:00:00+00:00,AEROUSDT,A,-0.05417,18.77
2026-08-22T05:00:00+00:00,ALGOUSDT,A,-0.07575,16.64
2026-08-22T05:00:00+00:00,APTUSDT,A,-0.07533,35.32
2026-08-22T05:00:00+00:00,ARBUSDT,A,-0.09534,21.69
2026-08-22T05:00:00+00:00,ARXUSDT,A,-0.05651,21.23
2026-08-22T05:00:00+00:00,ATOMUSDT,A,-0.06433,25.76
2026-08-22T05:00:00+00:00,AVAXUSDT,A,-0.07142,19.93
2026-08-22T05:00:00+00:00,BASEDUSDT,A,-0.0928,34.47
2026-08-22T05:00:00+00:00,BEATUSDT,A,-0.19238,6.42
2026-08-22T05:00:00+00:00,BNBUSDT,A,-0.03864,26.09
2026-08-22T05:00:00+00:00,BSBUSDT,A,-0.12074,9.51
2026-08-22T05:00:00+00:00,CHZUSDT,A,-0.07554,24.42
2026-08-22T05:00:00+00:00,COINUSDT,A,-0.02915,5.2
2026-08-22T05:00:00+00:00,EIGENUSDT,A,-0.09277,22.76
2026-08-22T05:00:00+00:00,ETHFIUSDT,A,-0.08778,25.64
2026-08-22T05:00:00+00:00,EVAAUSDT,A,-0.08845,10.81
2026-08-22T05:00:00+00:00,FETUSDT,A,-0.10005,31.11
2026-08-22T05:00:00+00:00,GRAMUSDT,A,-0.04958,18.21
2026-08-22T05:00:00+00:00,HBARUSDT,A,-0.08212,34.8
2026-08-22T05:00:00+00:00,INJUSDT,A,-0.06911,18.65
2026-08-22T05:00:00+00:00,JTOUSDT,A,-0.09913,29.63
2026-08-22T05:00:00+00:00,JUPUSDT,A,-0.08025,29.13
2026-08-22T05:00:00+00:00,KAITOUSDT,A,-0.08399,4.36
2026-08-22T05:00:00+00:00,KITEUSDT,A,-0.05925,6.82
2026-08-22T05:00:00+00:00,LABUSDT,A,-0.19541,11.73
2026-08-22T05:00:00+00:00,LDOUSDT,A,-0.0739,13.76
2026-08-22T05:00:00+00:00,LINKUSDT,A,-0.06693,22.04
2026-08-22T05:00:00+00:00,LITUSDT,A,-0.04858,13.67
2026-08-22T05:00:00+00:00,MORPHOUSDT,A,-0.06284,8.88
2026-08-22T05:00:00+00:00,ONDOUSDT,A,-0.09267,36.49
2026-08-22T05:00:00+00:00,OPUSDT,A,-0.10057,24.93
2026-08-22T05:00:00+00:00,PENDLEUSDT,A,-0.07264,22.14
2026-08-22T05:00:00+00:00,PUMPUSDT,A,-0.05005,16.28
2026-08-22T05:00:00+00:00,RENDERUSDT,A,-0.08216,24.09
2026-08-22T05:00:00+00:00,SLXUSDT,A,-0.08721,6.62
2026-08-22T05:00:00+00:00,TACUSDT,A,-0.06846,8.72
2026-08-22T05:00:00+00:00,TIAUSDT,A,-0.1045,31.06
2026-08-22T05:00:00+00:00,TRXUSDT,A,-0.01115,38.02
2026-08-22T05:00:00+00:00,UNIUSDT,A,-0.08586,16.26
2026-08-22T05:00:00+00:00,VIRTUALUSDT,A,-0.09488,28.62
2026-08-22T05:00:00+00:00,VVVUSDT,A,-0.05791,9.62
2026-08-22T05:00:00+00:00,WLDUSDT,A,-0.10735,27.45
2026-08-22T05:00:00+00:00,XLMUSDT,A,-0.08747,26.83
2026-08-22T05:00:00+00:00,XPLUSDT,A,-0.11702,35.85
2026-08-22T05:00:00+00:00,ZROUSDT,A,-0.0908,22.18
2026-08-22T05:15:00+00:00,1000PEPEUSDT,B,0.00242,13.89
2026-08-22T05:15:00+00:00,1000SHIBUSDT,B,0.00442,4.05
2026-08-22T05:15:00+00:00,AAVEUSDT,B,0.02256,15.56
2026-08-22T05:15:00+00:00,AEROUSDT,B,0.00503,7.36
2026-08-22T05:15:00+00:00,BCHUSDT,B,0.01371,8.64
2026-08-22T05:15:00+00:00,BSBUSDT,B,0.00928,5.63
2026-08-22T05:15:00+00:00,CRVUSDT,B,0.03585,9.13
2026-08-22T05:15:00+00:00,DOTUSDT,B,0.01226,10.73
2026-08-22T05:15:00+00:00,ETHFIUSDT,B,0.02033,10.96
2026-08-22T05:15:00+00:00,FARTCOINUSDT,B,0.02427,17.48
2026-08-22T05:15:00+00:00,GRAMUSDT,B,0.00203,10.14
2026-08-22T05:15:00+00:00,INJUSDT,B,0.00304,9.76
2026-08-22T05:15:00+00:00,KITEUSDT,B,0.00662,4.16
2026-08-22T05:15:00+00:00,LABUSDT,B,0.08899,7.06
2026-08-22T05:15:00+00:00,LDOUSDT,B,0.00463,7.35
2026-08-22T05:15:00+00:00,MORPHOUSDT,B,0.00834,3.86
2026-08-22T05:15:00+00:00,PUMPUSDT,B,0.03963,13.61
2026-08-22T05:15:00+00:00,RENDERUSDT,B,0.01336,9.4
2026-08-22T05:15:00+00:00,SLXUSDT,B,0.002,3.24
2026-08-22T05:15:00+00:00,VVVUSDT,B,0.00288,6.15
2026-08-22T05:45:00+00:00,APTUSDT,B,0.01004,5.9
2026-08-22T05:45:00+00:00,ARBUSDT,B,0.00754,3.45
2026-08-22T05:45:00+00:00,HBARUSDT,B,0.00893,5.84
2026-08-22T05:45:00+00:00,NEARUSDT,B,0.01603,4.81
2026-08-22T05:45:00+00:00,SUIUSDT,B,0.01179,10.7
2026-08-22T05:45:00+00:00,UNIUSDT,B,0.00634,3.23
2026-08-22T06:15:00+00:00,BASEDUSDT,B,0.00995,4.71
2026-08-22T06:15:00+00:00,ETCUSDT,B,0.00377,4.21
2026-08-22T06:15:00+00:00,XLMUSDT,B,0.01273,5.51
2026-08-22T06:30:00+00:00,LTCUSDT,B,0.00135,5.36
2026-08-22T06:30:00+00:00,PENGUUSDT,B,0.01357,6.28
2026-08-22T06:30:00+00:00,TAOUSDT,B,0.002,4.2
2026-08-22T06:30:00+00:00,TRUMPUSDT,B,0.02336,32.34
2026-08-22T06:45:00+00:00,MAGMAUSDT,B,0.00923,3.56
2026-08-22T07:00:00+00:00,ASTERUSDT,B,0.00148,3.45
2026-08-22T07:00:00+00:00,WLFIUSDT,A,-0.01868,10.49
2026-08-22T07:30:00+00:00,BNBUSDT,B,0.00207,5.17
2026-08-22T07:30:00+00:00,DASHUSDT,A,-0.01531,12.55
2026-08-22T08:00:00+00:00,CHZUSDT,B,0.01486,5.37
2026-08-22T08:15:00+00:00,PENGUUSDT,A,-0.03043,5.77
2026-08-22T08:15:00+00:00,SUIUSDT,A,-0.02623,4.77
2026-08-22T08:15:00+00:00,TRUMPUSDT,A,-0.02668,24.93
2026-08-22T08:30:00+00:00,AVAXUSDT,B,0.00239,3.07
2026-08-22T08:30:00+00:00,DASHUSDT,B,0.0079,8.32
2026-08-22T08:30:00+00:00,FILUSDT,B,0.00374,3.82
2026-08-22T08:30:00+00:00,ICPUSDT,B,0.00247,5.1
2026-08-22T08:30:00+00:00,TIAUSDT,B,0.00515,3.88
2026-08-22T08:30:00+00:00,WIFUSDT,B,0.01091,3.54
2026-08-22T09:00:00+00:00,FETUSDT,B,0.00244,3.7
2026-08-22T09:00:00+00:00,JUPUSDT,B,0.00436,5.04
2026-08-22T09:00:00+00:00,SEIUSDT,B,0.00383,3.34
2026-08-22T09:15:00+00:00,PUMPUSDT,B,0.00875,3.95
2026-08-22T09:30:00+00:00,FARTCOINUSDT,B,0.00353,3.65
2026-08-22T09:45:00+00:00,PUMPUSDT,A,-0.03844,14.85
2026-08-22T10:00:00+00:00,1000PEPEUSDT,A,-0.0263,4.98
2026-08-22T10:00:00+00:00,AAVEUSDT,A,-0.01851,4.93
2026-08-22T10:00:00+00:00,ADAUSDT,A,-0.02301,4.51
2026-08-22T10:00:00+00:00,APTUSDT,A,-0.02128,4.64
2026-08-22T10:00:00+00:00,ARBUSDT,A,-0.01908,4.3
2026-08-22T10:00:00+00:00,BASEDUSDT,A,-0.0303,4.6
2026-08-22T10:00:00+00:00,BNBUSDT,A,-0.01396,6.72
2026-08-22T10:00:00+00:00,CRVUSDT,A,-0.02155,3.5
2026-08-22T10:00:00+00:00,ENAUSDT,A,-0.03022,4.78
2026-08-22T10:00:00+00:00,ETCUSDT,A,-0.01807,5.3
2026-08-22T10:00:00+00:00,FARTCOINUSDT,A,-0.04742,8.64
2026-08-22T10:00:00+00:00,FETUSDT,A,-0.02215,5.85
2026-08-22T10:00:00+00:00,HBARUSDT,A,-0.01133,4.39
2026-08-22T10:00:00+00:00,NEARUSDT,A,-0.01973,6.22
2026-08-22T10:00:00+00:00,ONDOUSDT,A,-0.02251,5.8
2026-08-22T10:00:00+00:00,SEIUSDT,A,-0.01618,8.86
2026-08-22T10:00:00+00:00,TAOUSDT,A,-0.01781,6.85
2026-08-22T10:00:00+00:00,TIAUSDT,A,-0.02031,5.03
2026-08-22T10:00:00+00:00,VIRTUALUSDT,A,-0.02245,6.32
2026-08-22T10:00:00+00:00,WLDUSDT,A,-0.02367,5.29
2026-08-22T10:00:00+00:00,XLMUSDT,A,-0.02385,7.74
2026-08-22T10:00:00+00:00,XMRUSDT,A,-0.02446,4.67
2026-08-22T10:15:00+00:00,ADAUSDT,B,0.00317,3.74
2026-08-22T10:15:00+00:00,ARBUSDT,B,0.0001,4.27
2026-08-22T10:15:00+00:00,BASEDUSDT,B,0.00222,4.89
2026-08-22T10:15:00+00:00,ENAUSDT,B,0.00164,3.58
2026-08-22T10:15:00+00:00,ETCUSDT,B,0.00051,6.13
2026-08-22T10:15:00+00:00,LINKUSDT,B,0.00114,4.04
2026-08-22T10:15:00+00:00,ONDOUSDT,B,0.00466,4.35
2026-08-22T10:15:00+00:00,OPUSDT,B,0.0015,5.16
2026-08-22T10:15:00+00:00,RENDERUSDT,B,0.00068,3.84
2026-08-22T10:15:00+00:00,SUIUSDT,B,0.00549,5.32
2026-08-22T10:15:00+00:00,WLDUSDT,B,0.00612,4.38
2026-08-22T10:15:00+00:00,XLMUSDT,B,0.00777,6.17
2026-08-22T10:15:00+00:00,ZROUSDT,A,-0.0152,4.75
2026-08-22T10:30:00+00:00,TAOUSDT,B,0.01273,3.55
2026-08-22T10:30:00+00:00,TRUMPUSDT,B,0.06553,57.53
2026-08-22T11:00:00+00:00,ATOMUSDT,B,0.00128,7.84
2026-08-22T11:30:00+00:00,WLFIUSDT,B,0.00691,3.77
2026-08-22T11:45:00+00:00,AAVEUSDT,B,0.01271,4.29
2026-08-22T12:00:00+00:00,GRAMUSDT,B,0.00697,3.46
2026-08-22T12:00:00+00:00,LITUSDT,B,0.03951,4.83
2026-08-22T12:00:00+00:00,MAGMAUSDT,B,0.06562,13.8
2026-08-22T12:00:00+00:00,NEARUSDT,B,0.00632,4.62
2026-08-22T12:00:00+00:00,VVVUSDT,B,0.02461,4.11
2026-08-22T12:00:00+00:00,XPLUSDT,B,0.02265,4.47
2026-08-22T12:15:00+00:00,HBARUSDT,B,0.00116,3.24
2026-08-22T12:15:00+00:00,TRUMPUSDT,A,-0.04143,24.8
2026-08-22T12:30:00+00:00,MAGMAUSDT,A,-0.01993,7.55
2026-08-22T13:15:00+00:00,DASHUSDT,A,-0.0117,3.5
2026-08-22T13:15:00+00:00,PUMPUSDT,B,0.03833,9.98
2026-08-22T13:15:00+00:00,WIFUSDT,B,0.00953,4.6
2026-08-22T13:45:00+00:00,ORDIUSDT,B,0.01119,3.21
2026-08-22T14:00:00+00:00,PUMPUSDT,A,-0.02746,8.5
2026-08-22T14:00:00+00:00,TAOUSDT,A,-0.00817,5.64
2026-08-22T14:00:00+00:00,VVVUSDT,A,-0.0151,5.53
2026-08-22T14:15:00+00:00,XMRUSDT,A,-0.03096,7.07
2026-08-22T14:45:00+00:00,BASEDUSDT,B,0.02088,4.2
2026-08-22T14:45:00+00:00,DASHUSDT,B,0.00257,5.21
2026-08-22T14:45:00+00:00,TRUMPUSDT,B,0.00468,14.41
2026-08-22T15:00:00+00:00,XLMUSDT,A,-0.02037,5.78
2026-08-22T15:15:00+00:00,XLMUSDT,B,0.01042,4.97
2026-08-22T15:30:00+00:00,FARTCOINUSDT,B,0.00756,5.75
2026-08-22T16:00:00+00:00,JUPUSDT,B,0.00702,3.26
2026-08-22T16:00:00+00:00,NEARUSDT,B,0.00535,3.73
2026-08-22T16:00:00+00:00,VVVUSDT,B,0.00179,5.83
2026-08-22T16:15:00+00:00,1000PEPEUSDT,B,0.01508,3.04
2026-08-22T16:15:00+00:00,AAVEUSDT,B,0.01229,3.77
2026-08-22T16:45:00+00:00,1000PEPEUSDT,A,-0.01336,7.13
2026-08-22T16:45:00+00:00,INJUSDT,B,0.00164,3.9
2026-08-22T16:45:00+00:00,LABUSDT,B,0.0287,3.09
2026-08-22T17:45:00+00:00,WIFUSDT,B,0.01227,4.25
2026-08-22T17:45:00+00:00,ZROUSDT,B,0.00339,4.02
2026-08-22T18:00:00+00:00,FARTCOINUSDT,A,-0.11257,80.71
2026-08-22T18:45:00+00:00,DASHUSDT,B,0.01136,15.62
2026-08-22T18:45:00+00:00,TRUMPUSDT,A,-0.03042,25.57
2026-08-22T19:15:00+00:00,DASHUSDT,A,-0.01228,16.93
2026-08-22T19:15:00+00:00,ZROUSDT,A,-0.02198,7.9
2026-08-22T19:30:00+00:00,TRUMPUSDT,B,0.01952,6.36
2026-08-22T19:45:00+00:00,FARTCOINUSDT,B,0.01328,4.06
2026-08-22T19:45:00+00:00,TACUSDT,A,-0.1645,124.08
2026-08-22T20:00:00+00:00,PUMPUSDT,B,0.00471,6.79
2026-08-22T20:45:00+00:00,TACUSDT,B,0.24334,116.41
2026-08-22T21:00:00+00:00,JTOUSDT,A,-0.01802,3.93
2026-08-22T21:00:00+00:00,PUMPUSDT,A,-0.01461,5.3
2026-08-22T21:00:00+00:00,VVVUSDT,A,-0.02868,5.48
2026-08-22T21:30:00+00:00,AAVEUSDT,A,-0.01134,4.56
2026-08-22T21:30:00+00:00,APTUSDT,A,-0.00974,12.32
2026-08-22T22:00:00+00:00,1000PEPEUSDT,B,0.02543,3.71
2026-08-22T22:00:00+00:00,AAVEUSDT,B,0.00717,3.25
2026-08-22T22:00:00+00:00,APTUSDT,B,0.01059,3.05
2026-08-22T22:00:00+00:00,HBARUSDT,B,0.0069,4.77
2026-08-22T22:00:00+00:00,OPUSDT,B,0.01183,3.34
2026-08-22T22:00:00+00:00,SEIUSDT,B,0.00579,3.48
2026-08-22T22:00:00+00:00,TAOUSDT,B,0.00576,5.31
2026-08-22T22:00:00+00:00,ZROUSDT,B,0.05079,14.4
2026-08-22T23:15:00+00:00,TIAUSDT,B,0.00241,5.1
2026-08-22T23:30:00+00:00,TRUMPUSDT,B,0.00718,4.06
2026-08-22T23:45:00+00:00,NEARUSDT,A,-0.01106,6.07
2026-08-22T23:45:00+00:00,TACUSDT,A,-0.02998,13.81
2026-08-23T00:00:00+00:00,ZROUSDT,A,-0.01923,9.6
2026-08-23T01:30:00+00:00,ARXUSDT,A,-0.03186,11.79
2026-08-23T02:00:00+00:00,APTUSDT,A,-0.02409,4.94
2026-08-23T02:00:00+00:00,CHZUSDT,A,-0.0155,4.02
2026-08-23T02:00:00+00:00,FARTCOINUSDT,A,-0.03556,3.34
2026-08-23T02:00:00+00:00,WLFIUSDT,A,-0.01693,4.42
2026-08-23T02:15:00+00:00,HBARUSDT,B,0.00039,3.33
2026-08-23T02:15:00+00:00,TACUSDT,B,0.08054,8.47
2026-08-23T02:15:00+00:00,ZROUSDT,B,0.00536,4.93
2026-08-23T03:15:00+00:00,PUMPUSDT,A,-0.02454,6.28
2026-08-23T03:15:00+00:00,SYNUSDT,B,0.02636,3.25
2026-08-23T03:30:00+00:00,1000BONKUSDT,A,-0.01839,5.5
2026-08-23T03:30:00+00:00,PUMPUSDT,B,0.00169,3.67
2026-08-23T04:00:00+00:00,ARXUSDT,B,0.01546,4.58
2026-08-23T04:00:00+00:00,CHZUSDT,B,0.00292,3.27
2026-08-23T04:30:00+00:00,ZROUSDT,A,-0.01482,4.66
2026-08-23T04:45:00+00:00,VIRTUALUSDT,A,-0.01458,5.14
2026-08-23T04:45:00+00:00,XLMUSDT,A,-0.01181,6.3
2026-08-23T05:00:00+00:00,TAOUSDT,B,0.0053,4.87
2026-08-23T05:15:00+00:00,AAVEUSDT,B,0.01503,4.05
2026-08-23T05:15:00+00:00,ALGOUSDT,B,0.00631,3.34
2026-08-23T05:15:00+00:00,BNBUSDT,B,0.00427,4.53
2026-08-23T05:15:00+00:00,ETCUSDT,B,0.01266,4.73
2026-08-23T05:15:00+00:00,ICPUSDT,B,0.01486,4.9
2026-08-23T05:15:00+00:00,LINKUSDT,B,0.00402,6.54
2026-08-23T05:15:00+00:00,RENDERUSDT,B,0.01371,3.47
2026-08-23T05:15:00+00:00,SUIUSDT,B,0.01109,3.32
2026-08-23T05:15:00+00:00,TRUMPUSDT,B,0.03777,4.52
2026-08-23T05:15:00+00:00,VIRTUALUSDT,B,0.01267,3.04
2026-08-23T05:15:00+00:00,VVVUSDT,B,0.02712,3.71
2026-08-23T06:00:00+00:00,COINUSDT,A,-0.01444,6.6
2026-08-23T06:00:00+00:00,LITUSDT,B,0.00377,3.28
2026-08-23T06:15:00+00:00,ZROUSDT,B,0.00774,6.8
2026-08-23T07:15:00+00:00,PUMPUSDT,A,-0.01512,10.39
2026-08-23T07:30:00+00:00,KITEUSDT,A,-0.02161,5.69
2026-08-23T08:15:00+00:00,PUMPUSDT,B,0.00216,5.06
2026-08-23T08:15:00+00:00,TACUSDT,A,-0.02741,1.23
2026-08-23T08:30:00+00:00,ENAUSDT,B,0.02833,4.64
2026-08-23T09:00:00+00:00,ETHFIUSDT,B,0.02611,4.38
2026-08-23T09:15:00+00:00,ZROUSDT,A,-0.0288,31.15
2026-08-23T10:00:00+00:00,NEARUSDT,B,0.01367,4.67
2026-08-23T10:00:00+00:00,PENDLEUSDT,B,0.00141,3.0
2026-08-23T10:15:00+00:00,AAVEUSDT,B,0.00591,3.7
2026-08-23T10:15:00+00:00,EIGENUSDT,B,0.02013,3.06
2026-08-23T10:15:00+00:00,FETUSDT,B,0.01245,3.61
2026-08-23T10:30:00+00:00,ZROUSDT,B,0.00465,10.33
2026-08-23T11:15:00+00:00,GRAMUSDT,B,0.03144,3.79
2026-08-23T11:15:00+00:00,TRUMPUSDT,B,0.04773,3.29
2026-08-23T11:15:00+00:00,XPLUSDT,B,0.03886,4.63
2026-08-23T11:45:00+00:00,APTUSDT,B,0.01401,4.37
2026-08-23T12:30:00+00:00,ATOMUSDT,B,0.00443,3.29
2026-08-23T12:30:00+00:00,PUMPUSDT,B,0.0142,4.41
2026-08-23T12:45:00+00:00,AEROUSDT,B,0.01214,6.27
2026-08-23T12:45:00+00:00,XPLUSDT,A,-0.01673,10.93
2026-08-23T13:15:00+00:00,TAOUSDT,B,0.00509,3.89
2026-08-23T13:15:00+00:00,UNIUSDT,B,0.02817,9.3
2026-08-23T13:30:00+00:00,DASHUSDT,B,0.02668,3.8
2026-08-23T13:30:00+00:00,ETCUSDT,B,0.0162,3.44
2026-08-23T13:30:00+00:00,ETHFIUSDT,A,-0.01475,5.1
2026-08-23T13:30:00+00:00,LDOUSDT,B,0.01988,3.29
2026-08-23T13:30:00+00:00,LITUSDT,B,0.00971,4.94
2026-08-23T13:30:00+00:00,ZROUSDT,A,-0.01399,35.28
2026-08-23T13:45:00+00:00,MORPHOUSDT,B,0.02578,6.56
2026-08-23T13:45:00+00:00,TACUSDT,A,-0.03176,1.31
2026-08-23T14:00:00+00:00,AAVEUSDT,A,-0.01295,8.3
2026-08-23T14:00:00+00:00,ETHFIUSDT,B,0.01852,6.32
2026-08-23T14:00:00+00:00,FARTCOINUSDT,B,0.0216,4.36
2026-08-23T14:00:00+00:00,PENDLEUSDT,B,0.01738,43.61
2026-08-23T14:00:00+00:00,VIRTUALUSDT,B,0.03684,11.22
2026-08-23T14:15:00+00:00,LDOUSDT,A,-0.02469,5.02
2026-08-23T14:15:00+00:00,PENDLEUSDT,A,-0.0183,43.44
2026-08-23T14:30:00+00:00,1000BONKUSDT,A,-0.02946,3.55
2026-08-23T14:30:00+00:00,ADAUSDT,A,-0.01754,5.09
2026-08-23T14:30:00+00:00,APTUSDT,A,-0.01534,5.85
2026-08-23T14:30:00+00:00,ARBUSDT,A,-0.01693,4.36
2026-08-23T14:30:00+00:00,CHZUSDT,A,-0.02186,4.26
2026-08-23T14:30:00+00:00,DASHUSDT,A,-0.02124,7.11
2026-08-23T14:30:00+00:00,EIGENUSDT,A,-0.02772,13.97
2026-08-23T14:30:00+00:00,FETUSDT,A,-0.02445,5.59
2026-08-23T14:30:00+00:00,HBARUSDT,A,-0.01396,5.18
2026-08-23T14:30:00+00:00,ICPUSDT,A,-0.02261,5.57
2026-08-23T14:30:00+00:00,INJUSDT,A,-0.01354,6.15
2026-08-23T14:30:00+00:00,JTOUSDT,A,-0.02147,3.97
2026-08-23T14:30:00+00:00,LINKUSDT,A,-0.01177,4.37
2026-08-23T14:30:00+00:00,LTCUSDT,A,-0.01772,8.44
2026-08-23T14:30:00+00:00,MORPHOUSDT,A,-0.0128,6.17
2026-08-23T14:30:00+00:00,NEARUSDT,A,-0.02268,6.42
2026-08-23T14:30:00+00:00,ONDOUSDT,A,-0.0142,5.28
2026-08-23T14:30:00+00:00,PENGUUSDT,A,-0.01655,5.64
2026-08-23T14:30:00+00:00,RENDERUSDT,A,-0.01408,4.11
2026-08-23T14:30:00+00:00,SUIUSDT,A,-0.02402,6.8
2026-08-23T14:30:00+00:00,TAOUSDT,A,-0.01113,6.64
2026-08-23T14:30:00+00:00,TIAUSDT,A,-0.01816,4.63
2026-08-23T14:30:00+00:00,TRUMPUSDT,A,-0.0789,9.56
2026-08-23T14:30:00+00:00,UNIUSDT,A,-0.02673,8.37
2026-08-23T14:30:00+00:00,VIRTUALUSDT,A,-0.03098,9.1
2026-08-23T14:30:00+00:00,WLDUSDT,A,-0.03688,6.04
2026-08-23T14:30:00+00:00,WLFIUSDT,A,-0.024,2.82
2026-08-23T14:30:00+00:00,XLMUSDT,A,-0.01682,9.6
2026-08-23T14:45:00+00:00,AAVEUSDT,B,0.00928,6.38
2026-08-23T14:45:00+00:00,EIGENUSDT,B,0.03024,7.11
2026-08-23T14:45:00+00:00,HBARUSDT,B,0.00689,3.3
2026-08-23T14:45:00+00:00,JTOUSDT,B,0.01428,5.18
2026-08-23T14:45:00+00:00,LTCUSDT,B,0.00058,5.33
2026-08-23T14:45:00+00:00,XLMUSDT,B,0.00638,5.2
2026-08-23T14:45:00+00:00,ZROUSDT,B,0.00184,13.49
2026-08-23T15:00:00+00:00,ONDOUSDT,B,0.01607,4.33
2026-08-23T15:15:00+00:00,PENGUUSDT,B,0.00696,6.09
2026-08-23T15:15:00+00:00,TRUMPUSDT,B,0.00556,4.14
2026-08-23T15:15:00+00:00,XPLUSDT,B,0.00701,5.6
2026-08-23T15:30:00+00:00,ARBUSDT,B,0.005,3.34
2026-08-23T16:00:00+00:00,INJUSDT,B,0.01168,3.19
2026-08-23T17:00:00+00:00,KITEUSDT,B,0.00615,3.01
2026-08-23T17:45:00+00:00,MORPHOUSDT,B,0.00442,5.3
2026-08-23T18:00:00+00:00,PENDLEUSDT,B,0.00087,6.4
2026-08-23T18:15:00+00:00,DASHUSDT,B,0.01757,3.74
2026-08-23T18:30:00+00:00,AEROUSDT,B,0.01554,3.14
2026-08-23T18:30:00+00:00,PENDLEUSDT,A,-0.01055,11.54
2026-08-23T18:30:00+00:00,TAOUSDT,B,0.00109,4.16
2026-08-23T19:15:00+00:00,PENGUUSDT,B,0.01846,9.13
2026-08-23T19:30:00+00:00,PENGUUSDT,A,-0.01192,10.53
2026-08-23T19:30:00+00:00,ZROUSDT,A,-0.01427,6.87
2026-08-23T20:00:00+00:00,ZROUSDT,B,0.00314,6.53
2026-08-23T20:15:00+00:00,TACUSDT,B,0.11382,9.61
2026-08-23T21:00:00+00:00,AAVEUSDT,B,0.02614,8.74
2026-08-23T21:00:00+00:00,ASTERUSDT,B,0.0106,3.97
2026-08-23T21:00:00+00:00,LDOUSDT,B,0.00686,3.26
2026-08-23T21:00:00+00:00,UNIUSDT,B,0.01246,6.12
2026-08-23T21:00:00+00:00,XPLUSDT,B,0.01191,3.26
2026-08-23T21:15:00+00:00,TACUSDT,A,-0.03195,3.01
2026-08-23T21:30:00+00:00,MORPHOUSDT,A,-0.01372,10.41
2026-08-23T21:45:00+00:00,MORPHOUSDT,B,0.01765,6.84
2026-08-23T22:00:00+00:00,ARXUSDT,B,0.02385,9.15
2026-08-23T22:00:00+00:00,PAXGUSDT,B,0.0006,5.03
2026-08-23T22:00:00+00:00,XAUTUSDT,B,0.00029,3.79
2026-08-23T22:45:00+00:00,NEARUSDT,B,0.01149,3.9
2026-08-23T23:30:00+00:00,LITUSDT,B,0.01686,4.49
2026-08-23T23:30:00+00:00,TAOUSDT,A,-0.01108,4.46
2026-08-23T23:45:00+00:00,PENGUUSDT,B,0.00558,4.11
2026-08-24T00:00:00+00:00,ARXUSDT,A,-0.02925,8.9
2026-08-24T00:00:00+00:00,SAMSUNGUSDT,A,-0.01881,4.52
2026-08-24T00:00:00+00:00,XPLUSDT,A,-0.01662,6.29
2026-08-24T01:00:00+00:00,PUMPUSDT,A,-0.01866,4.84
2026-08-24T01:30:00+00:00,APTUSDT,A,-0.00962,4.26
2026-08-24T01:30:00+00:00,BABAUSDT,A,-0.01694,9.08
2026-08-24T01:30:00+00:00,MORPHOUSDT,A,-0.03311,11.56
2026-08-24T01:45:00+00:00,NEARUSDT,A,-0.03568,9.91
2026-08-24T02:00:00+00:00,APTUSDT,B,0.00832,4.19
2026-08-24T02:00:00+00:00,ARXUSDT,B,0.01686,5.41
2026-08-24T02:00:00+00:00,HBARUSDT,B,0.01095,3.24
2026-08-24T02:00:00+00:00,LITUSDT,A,-0.03818,15.26
2026-08-24T02:15:00+00:00,BABAUSDT,B,0.0133,4.38
2026-08-24T02:15:00+00:00,MORPHOUSDT,B,0.00153,3.88
2026-08-24T02:30:00+00:00,ETHFIUSDT,B,0.02136,3.12
2026-08-24T03:15:00+00:00,ETHFIUSDT,A,-0.01555,4.45
2026-08-24T04:00:00+00:00,LITUSDT,B,0.00471,8.53
2026-08-24T04:15:00+00:00,AAVEUSDT,B,0.01935,3.8
2026-08-24T04:15:00+00:00,EIGENUSDT,B,0.01999,4.58
2026-08-24T04:30:00+00:00,PENGUUSDT,B,0.0045,4.99
2026-08-24T05:30:00+00:00,PENDLEUSDT,B,0.01101,5.7
2026-08-24T06:00:00+00:00,AEROUSDT,B,0.01749,10.78
2026-08-24T06:00:00+00:00,ARXUSDT,B,0.04622,7.73
2026-08-24T06:00:00+00:00,RENDERUSDT,B,0.00339,3.07
2026-08-24T06:30:00+00:00,LITUSDT,A,-0.01724,4.63
2026-08-24T06:45:00+00:00,ETHFIUSDT,B,0.02887,3.41
2026-08-24T07:30:00+00:00,AAVEUSDT,A,-0.01844,5.92
2026-08-24T08:15:00+00:00,AEROUSDT,A,-0.01292,4.08
2026-08-24T08:15:00+00:00,MORPHOUSDT,B,0.00524,3.06
2026-08-24T08:15:00+00:00,NEARUSDT,A,-0.02213,4.32
2026-08-24T08:15:00+00:00,PENGUUSDT,A,-0.02785,5.9
2026-08-24T08:30:00+00:00,APTUSDT,B,0.00181,4.48
2026-08-24T08:30:00+00:00,LITUSDT,B,0.00356,3.28
2026-08-24T09:00:00+00:00,AAVEUSDT,B,0.01382,5.72
2026-08-24T09:00:00+00:00,EIGENUSDT,B,0.0058,5.96
2026-08-24T09:00:00+00:00,PENGUUSDT,B,0.01139,3.86
2026-08-24T09:15:00+00:00,LTCUSDT,B,0.02224,9.57
2026-08-24T09:15:00+00:00,WLFIUSDT,A,-0.00974,2.66
2026-08-24T09:30:00+00:00,LTCUSDT,A,-0.0075,5.24
2026-08-24T09:30:00+00:00,VELVETUSDT,B,0.17812,7.67
2026-08-24T09:30:00+00:00,VIRTUALUSDT,B,0.01567,4.89
2026-08-24T10:00:00+00:00,AEROUSDT,B,0.0134,3.2
2026-08-24T10:00:00+00:00,BABAUSDT,B,0.00704,4.39
2026-08-24T10:00:00+00:00,TAOUSDT,B,0.0074,3.2
2026-08-24T10:30:00+00:00,VELVETUSDT,A,-0.09846,5.46
2026-08-24T10:45:00+00:00,VIRTUALUSDT,A,-0.0173,5.02
2026-08-24T11:15:00+00:00,INJUSDT,B,0.00408,3.97
2026-08-24T11:30:00+00:00,PAXGUSDT,B,0.00278,3.02
2026-08-24T11:45:00+00:00,FETUSDT,B,0.01249,5.04
2026-08-24T11:45:00+00:00,JTOUSDT,A,-0.01592,8.16
2026-08-24T12:15:00+00:00,NATGASUSDT,B,0.00104,3.09
2026-08-24T12:30:00+00:00,MSTRUSDT,B,0.00741,3.06
2026-08-24T12:30:00+00:00,ONDOUSDT,B,0.00524,3.02
2026-08-24T12:45:00+00:00,BCHUSDT,B,0.01813,4.87
2026-08-24T12:45:00+00:00,VVVUSDT,B,0.01343,3.42
2026-08-24T13:00:00+00:00,AEROUSDT,A,-0.01773,4.22
2026-08-24T13:00:00+00:00,MORPHOUSDT,B,0.00611,5.19
2026-08-24T13:30:00+00:00,AAOIUSDT,A,-0.05754,5.4
2026-08-24T13:30:00+00:00,AMZNUSDT,B,0.00469,4.57
2026-08-24T13:30:00+00:00,APTUSDT,A,-0.0147,5.32
2026-08-24T13:30:00+00:00,ARMUSDT,B,0.00042,3.86
2026-08-24T13:30:00+00:00,ARXUSDT,A,-0.03086,7.77
2026-08-24T13:30:00+00:00,BEUSDT,A,-0.02794,8.89
2026-08-24T13:30:00+00:00,COINUSDT,A,-0.01703,13.39
2026-08-24T13:30:00+00:00,CRCLUSDT,A,-0.03233,12.5
2026-08-24T13:30:00+00:00,DRAMUSDT,A,-0.03559,5.71
2026-08-24T13:30:00+00:00,ETHFIUSDT,A,-0.03111,5.36
2026-08-24T13:30:00+00:00,FARTCOINUSDT,A,-0.03228,3.34
2026-08-24T13:30:00+00:00,GOOGLUSDT,B,0.00742,6.51
2026-08-24T13:30:00+00:00,HOODUSDT,A,-0.0189,12.97
2026-08-24T13:30:00+00:00,INTCUSDT,A,-0.03183,7.82
2026-08-24T13:30:00+00:00,LDOUSDT,A,-0.01893,3.78
2026-08-24T13:30:00+00:00,LITEUSDT,A,-0.03066,6.32
2026-08-24T13:30:00+00:00,LTCUSDT,A,-0.01658,4.18
2026-08-24T13:30:00+00:00,METAUSDT,A,-0.00418,4.65
2026-08-24T13:30:00+00:00,MRVLUSDT,A,-0.02885,5.49
2026-08-24T13:30:00+00:00,MSFTUSDT,B,0.00124,3.29
2026-08-24T13:30:00+00:00,MVLLUSDT,A,-0.05858,8.04
2026-08-24T13:30:00+00:00,NBISUSDT,A,-0.04067,6.42
2026-08-24T13:30:00+00:00,NEARUSDT,A,-0.02008,3.7
2026-08-24T13:30:00+00:00,NVDAUSDT,A,-0.026,7.78
2026-08-24T13:30:00+00:00,ONDOUSDT,A,-0.01906,4.2
2026-08-24T13:30:00+00:00,ORCLUSDT,A,-0.02483,8.72
2026-08-24T13:30:00+00:00,PLTRUSDT,A,-0.02604,5.0
2026-08-24T13:30:00+00:00,QQQUSDT,A,-0.00848,4.97
2026-08-24T13:30:00+00:00,RKLBUSDT,A,-0.02664,5.04
2026-08-24T13:30:00+00:00,SAMSUNGUSDT,A,-0.03538,5.03
2026-08-24T13:30:00+00:00,SNXXUSDT,A,-0.09633,7.29
2026-08-24T13:30:00+00:00,SUIUSDT,A,-0.0223,3.83
2026-08-24T13:30:00+00:00,TAOUSDT,A,-0.01483,4.09
2026-08-24T13:30:00+00:00,TIAUSDT,A,-0.02404,9.84
2026-08-24T13:30:00+00:00,TQQQUSDT,A,-0.02626,11.65
2026-08-24T13:30:00+00:00,TSLAUSDT,A,-0.0249,6.74
2026-08-24T13:30:00+00:00,TSMUSDT,A,-0.01072,4.88
2026-08-24T13:30:00+00:00,UNIUSDT,A,-0.02202,8.62
2026-08-24T13:30:00+00:00,WDCUSDT,A,-0.039,4.18
2026-08-24T13:30:00+00:00,XLMUSDT,A,-0.0191,5.79
2026-08-24T13:30:00+00:00,XPLUSDT,A,-0.02508,4.82
2026-08-24T13:45:00+00:00,AAVEUSDT,B,0.00556,3.06
2026-08-24T13:45:00+00:00,APTUSDT,B,0.00082,4.16
2026-08-24T13:45:00+00:00,COINUSDT,B,0.00506,4.73
2026-08-24T13:45:00+00:00,CRCLUSDT,B,0.0147,6.26
2026-08-24T13:45:00+00:00,ETHFIUSDT,B,0.0047,3.16
2026-08-24T13:45:00+00:00,HOODUSDT,B,0.01602,4.2
2026-08-24T13:45:00+00:00,MVLLUSDT,B,0.02741,3.92
2026-08-24T13:45:00+00:00,SNXXUSDT,B,0.00338,3.16
2026-08-24T13:45:00+00:00,TQQQUSDT,B,0.00513,5.57
2026-08-24T13:45:00+00:00,TSLAUSDT,B,0.00445,3.17
2026-08-24T13:45:00+00:00,VIRTUALUSDT,B,0.0072,3.22
2026-08-24T13:45:00+00:00,XLMUSDT,B,0.00267,3.51
2026-08-24T14:00:00+00:00,AEROUSDT,B,0.01666,5.03
2026-08-24T14:00:00+00:00,PENGUUSDT,B,0.01367,3.8
2026-08-24T14:00:00+00:00,VELVETUSDT,B,0.01408,3.4
2026-08-24T14:45:00+00:00,BABAUSDT,B,0.0015,4.74
2026-08-24T15:00:00+00:00,JTOUSDT,B,0.00999,3.71
2026-08-24T15:15:00+00:00,BNBUSDT,B,0.00833,3.79
2026-08-24T15:30:00+00:00,BEUSDT,B,0.0242,3.54
2026-08-24T15:30:00+00:00,ICPUSDT,A,-0.01347,4.01
2026-08-24T15:30:00+00:00,MORPHOUSDT,A,-0.03388,5.55
2026-08-24T15:30:00+00:00,RENDERUSDT,A,-0.01933,4.22
2026-08-24T16:00:00+00:00,ORCLUSDT,B,0.00265,3.1
2026-08-24T16:00:00+00:00,ORDIUSDT,B,0.02901,4.7
2026-08-24T16:00:00+00:00,TAOUSDT,B,0.0175,3.04
2026-08-24T16:15:00+00:00,INJUSDT,B,0.01673,3.13
2026-08-24T16:45:00+00:00,LITUSDT,A,-0.01524,3.59
2026-08-24T17:00:00+00:00,PUMPUSDT,A,-0.01816,5.25
2026-08-24T17:15:00+00:00,BCHUSDT,A,-0.03291,5.21
2026-08-24T17:15:00+00:00,INJUSDT,A,-0.02164,12.18
2026-08-24T17:15:00+00:00,JUPUSDT,A,-0.02673,5.73
2026-08-24T17:15:00+00:00,PENDLEUSDT,A,-0.01581,3.07
2026-08-24T17:15:00+00:00,VIRTUALUSDT,A,-0.02036,9.84
2026-08-24T17:30:00+00:00,PUMPUSDT,B,0.00674,3.27
2026-08-24T17:30:00+00:00,XPLUSDT,A,-0.01798,6.3
2026-08-24T17:45:00+00:00,VIRTUALUSDT,B,0.0058,3.18
2026-08-24T17:45:00+00:00,VVVUSDT,B,0.00612,3.02
2026-08-24T18:45:00+00:00,AEROUSDT,A,-0.01043,4.48
2026-08-24T18:45:00+00:00,LDOUSDT,A,-0.01206,4.05
2026-08-24T19:15:00+00:00,AEROUSDT,B,0.01221,3.03
2026-08-24T20:00:00+00:00,TAOUSDT,B,0.00157,3.2
2026-08-24T23:15:00+00:00,AEROUSDT,B,0.00221,3.23
2026-08-24T23:45:00+00:00,TACUSDT,B,0.02646,3.26
2026-08-25T00:00:00+00:00,JUPUSDT,B,0.02086,4.77
2026-08-25T00:15:00+00:00,SLXUSDT,B,0.0363,4.16
2026-08-25T01:00:00+00:00,PENGUUSDT,B,0.01144,3.87
2026-08-25T01:15:00+00:00,TACUSDT,A,-0.06891,10.82
2026-08-25T02:15:00+00:00,BNBUSDT,B,0.01393,4.76
2026-08-25T02:15:00+00:00,HBARUSDT,B,0.016,10.56
2026-08-25T02:15:00+00:00,INJUSDT,B,0.01937,3.73
2026-08-25T02:15:00+00:00,LINKUSDT,B,0.01463,4.66
2026-08-25T02:15:00+00:00,SUIUSDT,B,0.02662,3.99
2026-08-25T02:15:00+00:00,VIRTUALUSDT,B,0.02239,4.27
2026-08-25T02:15:00+00:00,WIFUSDT,B,0.05979,10.43
2026-08-25T02:30:00+00:00,1000BONKUSDT,B,0.02064,3.38
2026-08-25T02:30:00+00:00,JTOUSDT,B,0.0126,3.96
2026-08-25T02:45:00+00:00,WIFUSDT,A,-0.01703,16.19
2026-08-25T03:30:00+00:00,AAPLUSDT,B,0.00198,3.49
2026-08-25T03:30:00+00:00,AAVEUSDT,A,-0.0436,12.76
2026-08-25T03:45:00+00:00,AAVEUSDT,B,0.00211,6.13
2026-08-25T03:45:00+00:00,AEROUSDT,B,0.01008,3.94
2026-08-25T03:45:00+00:00,TACUSDT,B,0.00806,6.18
2026-08-25T04:00:00+00:00,ETHFIUSDT,A,-0.02379,6.01
2026-08-25T04:30:00+00:00,JUPUSDT,B,0.00044,3.12
2026-08-25T05:00:00+00:00,SEIUSDT,B,0.00186,3.52
2026-08-25T05:15:00+00:00,JTOUSDT,A,-0.01694,4.32
2026-08-25T05:30:00+00:00,EVAAUSDT,B,0.0157,4.12
2026-08-25T06:15:00+00:00,WIFUSDT,B,0.00262,3.67
2026-08-25T06:30:00+00:00,AEROUSDT,A,-0.01039,4.22
2026-08-25T06:30:00+00:00,JUPUSDT,A,-0.01805,4.39
2026-08-25T06:30:00+00:00,PENGUUSDT,A,-0.01766,4.6
2026-08-25T06:30:00+00:00,TACUSDT,A,-0.16388,20.11
2026-08-25T06:45:00+00:00,WIFUSDT,A,-0.02973,5.54
2026-08-25T07:45:00+00:00,1000PEPEUSDT,A,-0.02262,4.57
2026-08-25T07:45:00+00:00,AEROUSDT,B,0.00277,5.12
2026-08-25T07:45:00+00:00,BASEDUSDT,A,-0.03118,7.57
2026-08-25T07:45:00+00:00,DASHUSDT,A,-0.01717,4.01
2026-08-25T07:45:00+00:00,FILUSDT,A,-0.0124,5.07
2026-08-25T07:45:00+00:00,ICPUSDT,A,-0.01629,4.14
2026-08-25T07:45:00+00:00,LINKUSDT,A,-0.01202,4.58
2026-08-25T07:45:00+00:00,ONDOUSDT,A,-0.01876,4.62
2026-08-25T07:45:00+00:00,RENDERUSDT,A,-0.02203,5.46
2026-08-25T07:45:00+00:00,SUIUSDT,A,-0.01885,4.91
2026-08-25T07:45:00+00:00,TAOUSDT,A,-0.01917,6.65
2026-08-25T07:45:00+00:00,VIRTUALUSDT,A,-0.01277,4.77
2026-08-25T07:45:00+00:00,WLDUSDT,A,-0.02414,6.04
2026-08-25T08:00:00+00:00,HBARUSDT,B,0.00613,3.97
2026-08-25T08:00:00+00:00,TACUSDT,B,0.01074,10.29
2026-08-25T08:15:00+00:00,INJUSDT,B,0.00455,8.37
2026-08-25T09:45:00+00:00,LTCUSDT,A,-0.00813,4.32
2026-08-25T10:45:00+00:00,BABAUSDT,B,0.01957,15.5
2026-08-25T11:00:00+00:00,AEROUSDT,A,-0.01342,5.53
2026-08-25T11:00:00+00:00,TACUSDT,A,-0.07002,12.37
2026-08-25T11:45:00+00:00,PENGUUSDT,B,0.00146,3.04
2026-08-25T12:00:00+00:00,LTCUSDT,B,0.00235,3.51
2026-08-25T12:00:00+00:00,TACUSDT,B,0.00214,5.78
2026-08-25T12:45:00+00:00,MORPHOUSDT,B,0.0143,3.91
2026-08-25T13:00:00+00:00,AAPLUSDT,B,0.00197,3.23
2026-08-25T13:00:00+00:00,PUMPUSDT,A,-0.04919,4.82
2026-08-25T13:00:00+00:00,ZROUSDT,B,0.07762,42.48
2026-08-25T13:15:00+00:00,EIGENUSDT,A,-0.01518,5.25
2026-08-25T13:15:00+00:00,FILUSDT,A,-0.01333,4.35
2026-08-25T13:15:00+00:00,NEARUSDT,A,-0.01461,4.14
2026-08-25T13:15:00+00:00,ONDOUSDT,A,-0.01282,3.58
2026-08-25T13:15:00+00:00,PUMPUSDT,B,0.01924,3.95
2026-08-25T13:15:00+00:00,SUIUSDT,A,-0.0142,3.57
2026-08-25T13:15:00+00:00,VIRTUALUSDT,A,-0.02047,12.64
2026-08-25T13:15:00+00:00,WIFUSDT,A,-0.01807,5.39
2026-08-25T13:30:00+00:00,AAOIUSDT,B,0.01234,3.75
2026-08-25T13:30:00+00:00,ARMUSDT,B,0.00929,3.43
2026-08-25T13:30:00+00:00,CBRSUSDT,A,-0.01398,3.97
2026-08-25T13:30:00+00:00,COINUSDT,B,0.01327,9.39
2026-08-25T13:30:00+00:00,CRCLUSDT,B,0.02814,17.14
2026-08-25T13:30:00+00:00,DASHUSDT,B,0.00197,4.06
2026-08-25T13:30:00+00:00,DRAMUSDT,B,0.00232,6.5
2026-08-25T13:30:00+00:00,HOODUSDT,B,0.02867,17.47
2026-08-25T13:30:00+00:00,METAUSDT,B,0.00652,4.19
2026-08-25T13:30:00+00:00,MRVLUSDT,B,0.03227,7.24
2026-08-25T13:30:00+00:00,MSTRUSDT,B,0.01809,9.91
2026-08-25T13:30:00+00:00,MVLLUSDT,B,0.06114,12.96
2026-08-25T13:30:00+00:00,NVDAUSDT,B,0.00758,5.6
2026-08-25T13:30:00+00:00,ORCLUSDT,B,0.01372,3.44
2026-08-25T13:30:00+00:00,PLTRUSDT,B,0.01595,7.17
2026-08-25T13:30:00+00:00,RKLBUSDT,A,-0.03454,6.56
2026-08-25T13:30:00+00:00,SNXXUSDT,A,-0.02471,5.14
2026-08-25T13:30:00+00:00,TQQQUSDT,B,0.00439,4.87
2026-08-25T13:30:00+00:00,TSLAUSDT,B,0.00583,11.19
2026-08-25T13:30:00+00:00,TSMUSDT,B,0.00819,5.14
2026-08-25T13:30:00+00:00,VVVUSDT,B,0.0156,4.73
2026-08-25T13:45:00+00:00,APTUSDT,B,0.00135,3.03
2026-08-25T13:45:00+00:00,AVAXUSDT,A,-0.00869,5.73
2026-08-25T13:45:00+00:00,BEUSDT,B,0.00424,3.5
2026-08-25T13:45:00+00:00,FILUSDT,B,0.00466,3.85
2026-08-25T13:45:00+00:00,INJUSDT,B,0.00256,3.19
2026-08-25T13:45:00+00:00,XPLUSDT,B,0.00568,3.06
2026-08-25T13:45:00+00:00,ZROUSDT,A,-0.02702,14.7
2026-08-25T14:15:00+00:00,TLMUSDT,B,0.05077,10.77
2026-08-25T14:45:00+00:00,LITUSDT,B,0.01516,3.01
2026-08-25T15:15:00+00:00,TLMUSDT,A,-0.0155,11.11
2026-08-25T16:30:00+00:00,TACUSDT,B,0.00039,5.3
2026-08-25T19:00:00+00:00,TRXUSDT,A,-0.00203,3.28
2026-08-25T19:00:00+00:00,VVVUSDT,B,0.01126,3.23
2026-08-25T19:00:00+00:00,ZROUSDT,A,-0.02289,7.33
2026-08-25T19:15:00+00:00,ZROUSDT,B,0.00571,4.0
2026-08-25T19:30:00+00:00,AEROUSDT,A,-0.01621,5.65
2026-08-25T20:00:00+00:00,TLMUSDT,B,0.02097,3.27
2026-08-25T20:30:00+00:00,INJUSDT,A,-0.02519,6.39
2026-08-25T20:45:00+00:00,APTUSDT,A,-0.01284,6.87
2026-08-25T20:45:00+00:00,ATOMUSDT,A,-0.00784,10.4
2026-08-25T21:00:00+00:00,DOTUSDT,B,0.0007,5.74
2026-08-25T21:00:00+00:00,INJUSDT,B,0.00387,4.4
2026-08-25T21:00:00+00:00,JUPUSDT,B,0.00525,3.73
2026-08-25T21:00:00+00:00,ONDOUSDT,B,0.00194,3.56
2026-08-25T21:00:00+00:00,SUIUSDT,B,0.00185,6.57
2026-08-25T21:00:00+00:00,TAOUSDT,B,0.00211,4.7
2026-08-25T21:00:00+00:00,TIAUSDT,A,-0.01552,16.61
2026-08-25T21:15:00+00:00,ATOMUSDT,B,0.00132,3.55
2026-08-25T21:45:00+00:00,PUMPUSDT,B,0.03358,3.27
2026-08-25T22:00:00+00:00,TACUSDT,B,0.05772,5.15
2026-08-25T23:00:00+00:00,TRXUSDT,A,-0.0022,4.58
2026-08-26T00:00:00+00:00,SAMSUNGUSDT,B,0.01084,4.72
2026-08-26T01:00:00+00:00,ZROUSDT,B,0.01144,3.43
2026-08-26T01:15:00+00:00,WIFUSDT,B,0.01012,5.45
2026-08-26T01:45:00+00:00,FARTCOINUSDT,B,0.03434,7.89
2026-08-26T04:30:00+00:00,TACUSDT,B,0.14709,5.26
2026-08-26T04:45:00+00:00,FARTCOINUSDT,A,-0.02304,3.4
2026-08-26T05:15:00+00:00,TACUSDT,A,-0.09831,7.09
2026-08-26T08:30:00+00:00,TACUSDT,B,0.01817,4.37
2026-08-26T09:00:00+00:00,JUPUSDT,B,0.00092,3.87
2026-08-26T09:15:00+00:00,LDOUSDT,A,-0.016,5.13
2026-08-26T09:30:00+00:00,TACUSDT,A,-0.07141,16.39
2026-08-26T11:15:00+00:00,FARTCOINUSDT,B,0.00048,4.31
2026-08-26T11:45:00+00:00,FARTCOINUSDT,A,-0.02276,5.67
2026-08-26T12:30:00+00:00,TACUSDT,B,0.08598,6.64
2026-08-26T12:45:00+00:00,METAUSDT,B,0.01651,8.67
2026-08-26T13:15:00+00:00,METAUSDT,A,-0.01418,8.17
2026-08-26T13:30:00+00:00,AAOIUSDT,B,0.01698,3.86
2026-08-26T13:30:00+00:00,AAPLUSDT,B,0.00426,4.42
2026-08-26T13:30:00+00:00,AMDUSDT,B,0.02487,3.3
2026-08-26T13:30:00+00:00,BABAUSDT,B,0.00828,3.55
2026-08-26T13:30:00+00:00,BEUSDT,B,0.05098,7.26
2026-08-26T13:30:00+00:00,CBRSUSDT,B,0.00305,3.14
2026-08-26T13:30:00+00:00,COINUSDT,B,0.00977,6.96
2026-08-26T13:30:00+00:00,CRCLUSDT,B,0.01924,9.79
2026-08-26T13:30:00+00:00,DELLUSDT,B,0.0252,6.57
2026-08-26T13:30:00+00:00,DRAMUSDT,B,0.01057,5.56
2026-08-26T13:30:00+00:00,GOOGLUSDT,A,-0.00671,4.54
2026-08-26T13:30:00+00:00,INTCUSDT,B,0.00334,6.39
2026-08-26T13:30:00+00:00,LITEUSDT,B,0.01108,5.05
2026-08-26T13:30:00+00:00,MSFTUSDT,B,0.01434,4.24
2026-08-26T13:30:00+00:00,MSTRUSDT,B,0.01307,9.73
2026-08-26T13:30:00+00:00,NVDAUSDT,B,0.00179,7.88
2026-08-26T13:30:00+00:00,ORCLUSDT,B,0.02492,7.42
2026-08-26T13:30:00+00:00,PLTRUSDT,B,0.00662,5.7
2026-08-26T13:30:00+00:00,QQQUSDT,B,0.00399,3.53
2026-08-26T13:30:00+00:00,RKLBUSDT,B,0.01204,3.73
2026-08-26T13:30:00+00:00,SNXXUSDT,B,0.03468,7.01
2026-08-26T13:30:00+00:00,TQQQUSDT,B,0.01164,6.81
2026-08-26T13:30:00+00:00,TSLAUSDT,B,0.00923,8.24
2026-08-26T13:30:00+00:00,WDCUSDT,B,0.02649,3.49
2026-08-26T13:45:00+00:00,HOODUSDT,B,0.01096,3.95
2026-08-26T13:45:00+00:00,KITEUSDT,B,0.01421,3.46
2026-08-26T14:15:00+00:00,NATGASUSDT,B,0.00797,3.2
2026-08-26T14:30:00+00:00,TACUSDT,A,-0.04072,21.63
2026-08-26T14:45:00+00:00,ARBUSDT,A,-0.01697,6.03
2026-08-26T14:45:00+00:00,CRCLUSDT,A,-0.03967,6.22
2026-08-26T14:45:00+00:00,JUPUSDT,A,-0.02461,4.12
2026-08-26T14:45:00+00:00,TAOUSDT,A,-0.01074,5.69
2026-08-26T15:00:00+00:00,XAUTUSDT,A,-0.00206,4.92
2026-08-26T15:30:00+00:00,MAGMAUSDT,B,0.00495,3.28
2026-08-26T15:45:00+00:00,TIAUSDT,B,0.00087,3.49
2026-08-26T16:45:00+00:00,TACUSDT,B,0.00519,3.25
2026-08-26T17:45:00+00:00,NATGASUSDT,A,-0.00754,3.99
2026-08-26T19:15:00+00:00,AKEUSDT,B,0.20625,3.78
2026-08-26T19:15:00+00:00,TACUSDT,A,-0.04687,4.97
2026-08-26T19:45:00+00:00,NVDAUSDT,B,0.00176,12.16
2026-08-26T20:15:00+00:00,JUPUSDT,A,-0.02562,5.14
2026-08-26T20:15:00+00:00,NVDAUSDT,A,-0.01595,78.58
2026-08-26T21:00:00+00:00,AMZNUSDT,B,0.00568,3.8
2026-08-26T21:00:00+00:00,ARMUSDT,B,0.02882,3.66
2026-08-26T21:00:00+00:00,MSTRUSDT,B,0.01209,3.07
2026-08-26T22:00:00+00:00,BEUSDT,B,0.005,4.56
2026-08-26T22:15:00+00:00,KITEUSDT,B,0.00453,4.63
2026-08-26T23:15:00+00:00,ARBUSDT,B,0.02153,4.37
2026-08-26T23:15:00+00:00,WLDUSDT,B,0.02161,4.36
2026-08-26T23:30:00+00:00,MAGMAUSDT,B,0.01584,4.02
2026-08-27T00:45:00+00:00,TAOUSDT,B,0.01529,4.0
2026-08-27T03:45:00+00:00,TACUSDT,B,0.13462,7.48
2026-08-27T04:15:00+00:00,TACUSDT,A,-0.05895,10.12
2026-08-27T06:15:00+00:00,KITEUSDT,B,0.00179,7.23
2026-08-27T07:00:00+00:00,TAOUSDT,B,0.00423,3.52
2026-08-27T07:30:00+00:00,KITEUSDT,A,-0.00985,4.62
2026-08-27T07:45:00+00:00,TACUSDT,B,0.05559,26.81
2026-08-27T08:00:00+00:00,1000PEPEUSDT,B,0.01882,3.9
2026-08-27T08:00:00+00:00,APTUSDT,B,0.01211,3.32
2026-08-27T08:00:00+00:00,EDGEUSDT,B,0.00104,3.11
2026-08-27T08:30:00+00:00,EIGENUSDT,B,0.00146,3.36
2026-08-27T08:30:00+00:00,ICPUSDT,B,0.00492,5.07
2026-08-27T08:30:00+00:00,JUPUSDT,B,0.01579,4.79
2026-08-27T08:30:00+00:00,LTCUSDT,B,0.0044,3.38
2026-08-27T08:30:00+00:00,TRXUSDT,B,0.00241,3.13
2026-08-27T08:45:00+00:00,TAOUSDT,A,-0.01641,4.59
2026-08-27T09:15:00+00:00,VIRTUALUSDT,B,0.02873,3.89
2026-08-27T09:30:00+00:00,VIRTUALUSDT,A,-0.0233,4.31
2026-08-27T09:45:00+00:00,TACUSDT,A,-0.33571,28.79
2026-08-27T11:30:00+00:00,XMRUSDT,B,0.02421,10.36
2026-08-27T11:45:00+00:00,MAGMAUSDT,B,0.03749,4.78
2026-08-27T12:00:00+00:00,MAGMAUSDT,A,-0.07435,11.27
2026-08-27T12:30:00+00:00,TACUSDT,B,0.00107,3.15
2026-08-27T13:00:00+00:00,NATGASUSDT,B,0.00344,3.91
2026-08-27T13:15:00+00:00,AVAXUSDT,B,0.00081,6.32
2026-08-27T13:15:00+00:00,LINKUSDT,B,0.00528,6.83
2026-08-27T13:30:00+00:00,AAPLUSDT,B,0.00077,3.94
2026-08-27T13:30:00+00:00,AMDUSDT,A,-0.0058,3.61
2026-08-27T13:30:00+00:00,AMZNUSDT,A,-0.00555,3.57
2026-08-27T13:30:00+00:00,ARMUSDT,B,0.03258,4.88
2026-08-27T13:30:00+00:00,BEUSDT,A,-0.02718,9.76
2026-08-27T13:30:00+00:00,CBRSUSDT,B,0.00027,4.12
2026-08-27T13:30:00+00:00,CRCLUSDT,B,0.02504,7.25
2026-08-27T13:30:00+00:00,DELLUSDT,A,-0.00752,7.2
2026-08-27T13:30:00+00:00,DRAMUSDT,A,-0.01414,6.69
2026-08-27T13:30:00+00:00,GOOGLUSDT,B,0.00282,5.49
2026-08-27T13:30:00+00:00,INTCUSDT,B,0.01168,8.66
2026-08-27T13:30:00+00:00,LITEUSDT,A,-0.02721,6.48
2026-08-27T13:30:00+00:00,METAUSDT,B,0.00387,5.06
2026-08-27T13:30:00+00:00,MRVLUSDT,A,-0.01349,6.35
2026-08-27T13:30:00+00:00,MSFTUSDT,B,0.00081,4.27
2026-08-27T13:30:00+00:00,MSTRUSDT,B,0.01031,8.02
2026-08-27T13:30:00+00:00,MVLLUSDT,A,-0.02637,5.02
2026-08-27T13:30:00+00:00,NVDAUSDT,B,0.00892,17.4
2026-08-27T13:30:00+00:00,ORCLUSDT,B,0.00105,11.18
2026-08-27T13:30:00+00:00,PLTRUSDT,B,0.0283,7.66
2026-08-27T13:30:00+00:00,QQQUSDT,B,0.00164,3.47
2026-08-27T13:30:00+00:00,RKLBUSDT,A,-0.00835,3.88
2026-08-27T13:30:00+00:00,SNXXUSDT,A,-0.04571,5.21
2026-08-27T13:30:00+00:00,TQQQUSDT,B,0.00444,3.81
2026-08-27T13:30:00+00:00,TSLAUSDT,B,0.0125,7.33
2026-08-27T13:30:00+00:00,WDCUSDT,A,-0.04973,4.69
2026-08-27T13:45:00+00:00,COINUSDT,B,0.01451,5.62
2026-08-27T13:45:00+00:00,DELLUSDT,B,0.00515,3.62
2026-08-27T13:45:00+00:00,ENAUSDT,B,0.06423,4.7
2026-08-27T13:45:00+00:00,HOODUSDT,B,0.00723,4.26
2026-08-27T13:45:00+00:00,PENGUUSDT,B,0.01843,3.54
2026-08-27T14:00:00+00:00,TAOUSDT,B,0.00603,3.07
2026-08-27T14:15:00+00:00,ENAUSDT,A,-0.01999,6.94
2026-08-27T14:30:00+00:00,JUPUSDT,B,0.01714,3.1
2026-08-27T14:30:00+00:00,NATGASUSDT,A,-0.01344,14.32
2026-08-27T14:30:00+00:00,NVDAUSDT,A,-0.00465,3.7
2026-08-27T15:00:00+00:00,INJUSDT,B,0.01011,3.6
2026-08-27T15:15:00+00:00,ARXUSDT,B,0.0223,3.56
2026-08-27T15:15:00+00:00,GRAMUSDT,B,0.00912,9.14
2026-08-27T15:15:00+00:00,KITEUSDT,B,0.02045,5.78
2026-08-27T15:30:00+00:00,WIFUSDT,B,0.02052,4.79
2026-08-27T15:30:00+00:00,XPLUSDT,B,0.00056,3.15
2026-08-27T16:00:00+00:00,ETHFIUSDT,B,0.00158,3.68
2026-08-27T16:00:00+00:00,TRXUSDT,B,0.00356,5.68
2026-08-27T16:30:00+00:00,MAGMAUSDT,B,0.01243,4.16
2026-08-27T17:00:00+00:00,AKEUSDT,B,0.03935,3.42
2026-08-27T17:30:00+00:00,FETUSDT,B,0.00781,3.15
2026-08-27T18:30:00+00:00,BEUSDT,B,0.00431,3.11
2026-08-27T18:30:00+00:00,JUPUSDT,A,-0.01187,4.31
2026-08-27T18:30:00+00:00,XMRUSDT,B,0.00872,3.37
2026-08-27T20:00:00+00:00,MRVLUSDT,A,-0.02897,28.08
2026-08-27T20:00:00+00:00,MVLLUSDT,A,-0.05715,15.58
2026-08-27T20:15:00+00:00,MRVLUSDT,B,0.00162,6.29
2026-08-27T20:15:00+00:00,MVLLUSDT,B,0.00435,5.52
2026-08-27T21:00:00+00:00,JUPUSDT,B,0.01106,3.23
2026-08-27T21:00:00+00:00,KITEUSDT,B,0.03135,7.64
2026-08-27T22:00:00+00:00,OPUSDT,B,0.01311,3.15
2026-08-27T22:15:00+00:00,TAOUSDT,B,4e-05,3.04
2026-08-27T23:30:00+00:00,MAGMAUSDT,B,0.0079,5.55
2026-08-28T00:15:00+00:00,SLXUSDT,B,0.02599,3.15
2026-08-28T01:15:00+00:00,ENAUSDT,B,0.06375,5.43
2026-08-28T01:30:00+00:00,TRUMPUSDT,B,0.0117,4.68
2026-08-28T01:30:00+00:00,WLDUSDT,B,0.00427,3.27
2026-08-28T02:00:00+00:00,JUPUSDT,A,-0.01993,4.1
2026-08-28T02:00:00+00:00,KITEUSDT,B,0.0076,3.16
2026-08-28T02:15:00+00:00,INJUSDT,A,-0.01554,5.49
2026-08-28T03:00:00+00:00,JTOUSDT,A,-0.02238,9.19
2026-08-28T05:15:00+00:00,SLXUSDT,A,-0.02419,4.35
2026-08-28T05:30:00+00:00,MAGMAUSDT,B,0.03466,3.96
2026-08-28T06:00:00+00:00,JTOUSDT,B,0.00652,3.73
2026-08-28T06:15:00+00:00,EVAAUSDT,B,0.01869,3.12
2026-08-28T08:00:00+00:00,MVLLUSDT,B,0.01532,3.88
2026-08-28T08:45:00+00:00,JTOUSDT,A,-0.01234,5.8
2026-08-28T10:15:00+00:00,MAGMAUSDT,B,0.03564,4.96
2026-08-28T11:15:00+00:00,JUPUSDT,B,0.00849,4.9
2026-08-28T13:15:00+00:00,BCHUSDT,A,-0.01883,6.8
2026-08-28T13:15:00+00:00,MVLLUSDT,B,0.00037,3.55
2026-08-28T13:15:00+00:00,NATGASUSDT,B,0.00486,3.23
2026-08-28T13:30:00+00:00,AAPLUSDT,B,0.0012,4.33
2026-08-28T13:30:00+00:00,BABAUSDT,B,0.01263,3.83
2026-08-28T13:30:00+00:00,BEUSDT,B,0.01743,3.79
2026-08-28T13:30:00+00:00,CRCLUSDT,A,-0.01219,5.3
2026-08-28T13:30:00+00:00,DELLUSDT,B,0.01492,4.91
2026-08-28T13:30:00+00:00,DRAMUSDT,B,0.00375,4.05
2026-08-28T13:30:00+00:00,GOOGLUSDT,B,0.00639,3.49
2026-08-28T13:30:00+00:00,INTCUSDT,B,0.02425,7.27
2026-08-28T13:30:00+00:00,METAUSDT,B,0.01981,3.87
2026-08-28T13:30:00+00:00,MSFTUSDT,B,0.01236,3.13
2026-08-28T13:30:00+00:00,NVDAUSDT,B,0.00246,11.62
2026-08-28T13:30:00+00:00,ORCLUSDT,A,-0.00475,4.8
2026-08-28T13:30:00+00:00,PLTRUSDT,B,0.01032,4.87
2026-08-28T13:30:00+00:00,SNXXUSDT,B,0.04092,5.08
2026-08-28T13:30:00+00:00,WDCUSDT,B,0.01325,3.57
2026-08-28T13:45:00+00:00,MVLLUSDT,A,-0.02341,6.0
2026-08-28T13:45:00+00:00,NVDAUSDT,A,-0.01188,4.54
2026-08-28T14:00:00+00:00,1000PEPEUSDT,A,-0.01346,4.54
2026-08-28T14:00:00+00:00,ADAUSDT,A,-0.01493,5.47
2026-08-28T14:00:00+00:00,AEROUSDT,A,-0.01811,3.89
2026-08-28T14:00:00+00:00,APTUSDT,A,-0.01098,9.07
2026-08-28T14:00:00+00:00,ARBUSDT,A,-0.01471,5.11
2026-08-28T14:00:00+00:00,BNBUSDT,A,-0.00881,4.51
2026-08-28T14:00:00+00:00,DOTUSDT,A,-0.01004,4.96
2026-08-28T14:00:00+00:00,HBARUSDT,A,-0.0102,4.12
2026-08-28T14:00:00+00:00,JUPUSDT,A,-0.0186,7.43
2026-08-28T14:00:00+00:00,LABUSDT,A,-0.03559,3.74
2026-08-28T14:00:00+00:00,LTCUSDT,A,-0.00877,4.43
2026-08-28T14:00:00+00:00,MSTRUSDT,A,-0.02571,8.25
2026-08-28T14:00:00+00:00,ONDOUSDT,A,-0.01308,4.71
2026-08-28T14:00:00+00:00,OPUSDT,A,-0.01136,5.89
2026-08-28T14:00:00+00:00,PAXGUSDT,A,-0.0123,15.37
2026-08-28T14:00:00+00:00,RENDERUSDT,A,-0.01945,5.46
2026-08-28T14:00:00+00:00,SEIUSDT,A,-0.01111,4.08
2026-08-28T14:00:00+00:00,SPYUSDT,A,-0.00176,4.04
2026-08-28T14:00:00+00:00,TAOUSDT,A,-0.02043,8.61
2026-08-28T14:00:00+00:00,TIAUSDT,A,-0.01167,3.69
2026-08-28T14:00:00+00:00,TQQQUSDT,A,-0.01096,5.42
2026-08-28T14:00:00+00:00,TRXUSDT,A,-0.00349,3.4
2026-08-28T14:00:00+00:00,UNIUSDT,A,-0.01923,5.91
2026-08-28T14:00:00+00:00,WLDUSDT,A,-0.01867,5.85
2026-08-28T14:00:00+00:00,XAUTUSDT,A,-0.01118,16.96
2026-08-28T14:15:00+00:00,MAGMAUSDT,B,0.00312,3.82
2026-08-28T14:15:00+00:00,MSTRUSDT,B,0.00449,3.31
2026-08-28T14:15:00+00:00,PAXGUSDT,B,0.00193,5.46
2026-08-28T14:15:00+00:00,XAUTUSDT,B,0.00134,4.22
2026-08-28T14:30:00+00:00,ALGOUSDT,B,0.00997,3.12
2026-08-28T14:30:00+00:00,PUMPUSDT,B,0.0191,5.14
2026-08-28T14:30:00+00:00,SUIUSDT,B,0.01185,3.55
2026-08-28T14:30:00+00:00,TAOUSDT,B,0.01631,4.57
2026-08-28T14:30:00+00:00,TQQQUSDT,B,0.00836,3.37
2026-08-28T14:30:00+00:00,TRUMPUSDT,B,0.03909,4.59
2026-08-28T14:45:00+00:00,SPYUSDT,B,0.00193,3.39
2026-08-28T15:00:00+00:00,DEXEUSDT,B,0.02037,3.36
2026-08-28T15:15:00+00:00,SEIUSDT,B,0.00214,3.17
2026-08-28T16:00:00+00:00,1000SHIBUSDT,A,-0.01496,4.11
2026-08-28T16:00:00+00:00,ETHFIUSDT,A,-0.03072,5.42
2026-08-28T16:00:00+00:00,FARTCOINUSDT,A,-0.0512,6.23
2026-08-28T16:00:00+00:00,FETUSDT,A,-0.01845,4.47
2026-08-28T16:00:00+00:00,FILUSDT,A,-0.01231,8.8
2026-08-28T16:00:00+00:00,GRAMUSDT,A,-0.01015,5.38
2026-08-28T16:00:00+00:00,INJUSDT,A,-0.01856,7.84
2026-08-28T16:00:00+00:00,PUMPUSDT,A,-0.03951,7.41
2026-08-28T16:00:00+00:00,XPLUSDT,A,-0.01856,6.94
2026-08-28T16:15:00+00:00,APTUSDT,B,0.0028,5.66
2026-08-28T16:15:00+00:00,ARBUSDT,B,0.00229,4.37
2026-08-28T16:15:00+00:00,ENAUSDT,B,0.0049,4.88
2026-08-28T16:15:00+00:00,ETHFIUSDT,B,0.01388,3.51
2026-08-28T16:15:00+00:00,FARTCOINUSDT,B,0.01323,3.88
2026-08-28T16:15:00+00:00,HBARUSDT,B,0.00107,3.58
2026-08-28T16:15:00+00:00,LDOUSDT,A,-0.01445,4.13
2026-08-28T16:15:00+00:00,LTCUSDT,B,0.00249,3.38
2026-08-28T16:15:00+00:00,NEARUSDT,B,0.0022,3.19
2026-08-28T16:15:00+00:00,OPUSDT,B,0.00367,5.2
2026-08-28T16:15:00+00:00,WLDUSDT,B,0.00519,3.65
2026-08-28T16:30:00+00:00,JUPUSDT,B,0.01653,4.65
2026-08-28T16:45:00+00:00,DEXEUSDT,A,-0.03924,13.39
2026-08-28T18:30:00+00:00,MAGMAUSDT,B,0.00861,3.62
2026-08-28T18:45:00+00:00,VVVUSDT,A,-0.01265,5.03
2026-08-28T19:00:00+00:00,MAGMAUSDT,A,-0.02574,26.58
2026-08-28T19:30:00+00:00,DEXEUSDT,B,0.00134,5.32
2026-08-29T00:15:00+00:00,MAGMAUSDT,B,0.08645,10.57
2026-08-29T00:45:00+00:00,MAGMAUSDT,A,-0.02342,6.03
2026-08-29T01:15:00+00:00,DEXEUSDT,B,0.01829,3.98
2026-08-29T01:30:00+00:00,OUSDT,B,0.01694,3.48
2026-08-29T02:00:00+00:00,OUSDT,A,-0.03036,13.01
2026-08-29T02:45:00+00:00,DEXEUSDT,A,-0.05748,9.62
2026-08-29T04:00:00+00:00,TRUMPUSDT,B,0.03486,3.15
2026-08-29T04:30:00+00:00,AKEUSDT,A,-0.13026,4.42
2026-08-29T05:00:00+00:00,AKEUSDT,B,0.02801,4.59
2026-08-29T05:30:00+00:00,MAGMAUSDT,B,0.02517,4.05
2026-08-29T05:30:00+00:00,OUSDT,B,0.00696,5.42
2026-08-29T05:45:00+00:00,TRUMPUSDT,A,-0.02649,3.82
2026-08-29T08:30:00+00:00,MAGMAUSDT,A,-0.03438,10.73
2026-08-29T09:30:00+00:00,OUSDT,B,0.01337,11.02
2026-08-29T10:45:00+00:00,OUSDT,A,-0.01265,11.84
2026-08-29T11:45:00+00:00,MAGMAUSDT,B,0.01113,5.78
2026-08-29T13:45:00+00:00,KITEUSDT,B,0.01335,6.92
2026-08-29T14:15:00+00:00,DASHUSDT,B,0.00578,3.53
2026-08-29T14:15:00+00:00,DEXEUSDT,B,0.01355,3.95
2026-08-29T14:30:00+00:00,OUSDT,B,0.03907,32.78
2026-08-29T14:45:00+00:00,KITEUSDT,A,-0.03558,12.6
2026-08-29T15:00:00+00:00,DEXEUSDT,A,-0.02585,4.13
2026-08-29T15:45:00+00:00,MAGMAUSDT,B,0.01018,4.71
2026-08-29T16:00:00+00:00,INJUSDT,B,0.00237,4.14
2026-08-29T16:00:00+00:00,OUSDT,A,-0.01186,23.45
2026-08-29T16:00:00+00:00,XPLUSDT,B,0.00243,3.74
2026-08-29T18:15:00+00:00,ARXUSDT,B,0.01339,3.08
2026-08-29T18:45:00+00:00,WIFUSDT,B,0.00997,4.9
2026-08-29T19:30:00+00:00,OUSDT,B,0.02875,14.47
2026-08-29T20:45:00+00:00,OUSDT,A,-0.01072,5.13
2026-08-29T21:45:00+00:00,PUMPUSDT,B,0.01175,3.38
2026-08-30T01:00:00+00:00,MAGMAUSDT,B,0.04899,6.08
2026-08-30T02:45:00+00:00,UNIUSDT,B,0.01247,5.92
2026-08-30T03:00:00+00:00,OUSDT,B,0.01466,3.76
2026-08-30T05:00:00+00:00,HOODUSDT,B,0.00947,6.86
2026-08-30T08:00:00+00:00,UNIUSDT,B,0.0002,3.3
2026-08-30T11:45:00+00:00,LABUSDT,B,0.03982,3.2
2026-08-30T11:45:00+00:00,OUSDT,A,-0.01141,8.2
2026-08-30T12:00:00+00:00,UNIUSDT,B,0.01704,8.0
2026-08-30T12:30:00+00:00,LABUSDT,A,-0.02156,3.82
2026-08-30T12:45:00+00:00,ATOMUSDT,B,0.00538,8.73
2026-08-30T13:00:00+00:00,PENDLEUSDT,B,0.01553,6.82
2026-08-30T13:15:00+00:00,XMRUSDT,B,0.0138,4.37
2026-08-30T14:15:00+00:00,UNIUSDT,A,-0.01415,6.61
2026-08-30T15:15:00+00:00,XMRUSDT,A,-0.01825,5.33
2026-08-30T16:00:00+00:00,UNIUSDT,B,0.01491,5.39
2026-08-30T16:30:00+00:00,EIGENUSDT,B,0.01218,7.88
2026-08-30T16:45:00+00:00,LINKUSDT,B,0.00608,3.52
2026-08-30T17:00:00+00:00,MAGMAUSDT,B,0.0149,4.11
2026-08-30T17:15:00+00:00,FARTCOINUSDT,A,-0.01624,3.18
2026-08-30T18:15:00+00:00,DASHUSDT,B,0.01316,3.96
2026-08-30T19:30:00+00:00,LITUSDT,B,0.00745,3.23
2026-08-30T19:30:00+00:00,UNIUSDT,A,-0.01038,3.98
2026-08-30T20:00:00+00:00,NATGASUSDT,B,0.00788,5.48
2026-08-30T20:30:00+00:00,SEIUSDT,A,-0.00678,5.57
2026-08-30T21:15:00+00:00,MAGMAUSDT,B,0.0838,4.66
2026-08-30T22:00:00+00:00,SPYUSDT,A,-0.00254,4.5
2026-08-30T23:15:00+00:00,1000PEPEUSDT,A,-0.02898,5.35
2026-08-30T23:15:00+00:00,ADAUSDT,A,-0.0233,4.55
2026-08-30T23:15:00+00:00,ALGOUSDT,A,-0.01908,3.88
2026-08-30T23:15:00+00:00,APTUSDT,A,-0.02578,8.71
2026-08-30T23:15:00+00:00,ARBUSDT,A,-0.0312,6.38
2026-08-30T23:15:00+00:00,ATOMUSDT,A,-0.01831,5.15
2026-08-30T23:15:00+00:00,AVAXUSDT,A,-0.01949,5.07
2026-08-30T23:15:00+00:00,DOTUSDT,A,-0.01831,5.88
2026-08-30T23:15:00+00:00,EIGENUSDT,A,-0.02459,5.56
2026-08-30T23:15:00+00:00,FILUSDT,A,-0.02285,5.63
2026-08-30T23:15:00+00:00,HBARUSDT,A,-0.0121,4.18
2026-08-30T23:15:00+00:00,ICPUSDT,A,-0.01633,4.22
2026-08-30T23:15:00+00:00,INJUSDT,A,-0.01883,8.27
2026-08-30T23:15:00+00:00,JTOUSDT,A,-0.02929,4.63
2026-08-30T23:15:00+00:00,JUPUSDT,A,-0.02321,5.62
2026-08-30T23:15:00+00:00,LDOUSDT,A,-0.0202,3.83
2026-08-30T23:15:00+00:00,LTCUSDT,A,-0.01192,4.87
2026-08-30T23:15:00+00:00,ONDOUSDT,A,-0.02139,4.83
2026-08-30T23:15:00+00:00,RENDERUSDT,A,-0.01685,4.23
2026-08-30T23:15:00+00:00,SUIUSDT,A,-0.03482,8.34
2026-08-30T23:15:00+00:00,TAOUSDT,A,-0.02916,5.89
2026-08-30T23:15:00+00:00,WLDUSDT,A,-0.02506,4.3
2026-08-30T23:30:00+00:00,ARMUSDT,B,0.0084,3.32
2026-08-30T23:30:00+00:00,SUIUSDT,B,0.0017,3.9
2026-08-30T23:30:00+00:00,WIFUSDT,A,-0.01825,6.71
2026-08-30T23:30:00+00:00,WLFIUSDT,A,-0.01527,2.69
2026-08-30T23:45:00+00:00,ADAUSDT,B,0.0026,3.04
2026-08-30T23:45:00+00:00,AEROUSDT,B,0.0023,3.29
2026-08-30T23:45:00+00:00,ATOMUSDT,B,0.00762,3.47
2026-08-30T23:45:00+00:00,AVAXUSDT,B,0.00155,3.01
2026-08-30T23:45:00+00:00,BNBUSDT,B,0.00173,3.02
2026-08-30T23:45:00+00:00,DASHUSDT,B,0.00337,3.2
2026-08-30T23:45:00+00:00,ENAUSDT,B,0.00156,3.09
2026-08-30T23:45:00+00:00,FILUSDT,B,0.00258,3.84
2026-08-30T23:45:00+00:00,LTCUSDT,B,0.00042,4.45
2026-08-30T23:45:00+00:00,ONDOUSDT,B,0.00615,3.66
2026-08-30T23:45:00+00:00,PUMPUSDT,B,0.00698,4.05
2026-08-30T23:45:00+00:00,UNIUSDT,B,0.00668,4.34
2026-08-31T00:00:00+00:00,EWYUSDT,A,-0.01291,8.86
2026-08-31T00:15:00+00:00,OUSDT,B,0.01766,3.38
2026-08-31T00:30:00+00:00,XPLUSDT,B,0.01501,3.32
2026-08-31T02:45:00+00:00,PUMPUSDT,A,-0.01636,5.44
2026-08-31T03:30:00+00:00,JTOUSDT,A,-0.01289,5.48
2026-08-31T03:45:00+00:00,JTOUSDT,B,0.00481,4.66
2026-08-31T05:15:00+00:00,TIAUSDT,B,0.00337,5.66
2026-08-31T05:15:00+00:00,UNIUSDT,B,0.01656,3.02
2026-08-31T07:15:00+00:00,XMRUSDT,B,0.00152,3.18
2026-08-31T09:30:00+00:00,TRXUSDT,A,-0.00194,3.16
2026-08-31T11:30:00+00:00,NATGASUSDT,B,0.00206,3.24
2026-08-31T12:00:00+00:00,NATGASUSDT,A,-0.00753,4.25
2026-08-31T12:30:00+00:00,XMRUSDT,A,-0.03042,11.62
2026-08-31T13:30:00+00:00,AAPLUSDT,A,-0.00669,6.71
2026-08-31T13:30:00+00:00,ARMUSDT,B,0.00643,3.79
2026-08-31T13:30:00+00:00,CRCLUSDT,B,0.02015,3.71
2026-08-31T13:30:00+00:00,DRAMUSDT,B,0.00605,3.7
2026-08-31T13:30:00+00:00,ESPORTSUSDT,B,0.07138,5.95
2026-08-31T13:30:00+00:00,GOOGLUSDT,A,-0.00924,4.26
2026-08-31T13:30:00+00:00,HOODUSDT,A,-0.01544,6.81
2026-08-31T13:30:00+00:00,INTCUSDT,B,0.00811,7.98
2026-08-31T13:30:00+00:00,METAUSDT,A,-0.0119,4.65
2026-08-31T13:30:00+00:00,MRVLUSDT,A,-0.01782,3.97
2026-08-31T13:30:00+00:00,MSTRUSDT,A,-0.01554,5.64
2026-08-31T13:30:00+00:00,MVLLUSDT,A,-0.03472,7.51
2026-08-31T13:30:00+00:00,ORCLUSDT,A,-0.00707,4.15
2026-08-31T13:30:00+00:00,PLTRUSDT,B,0.00563,3.73
2026-08-31T13:30:00+00:00,SNXXUSDT,B,0.05568,4.71
2026-08-31T13:30:00+00:00,TSLAUSDT,B,0.02427,8.93
2026-08-31T14:45:00+00:00,UNIUSDT,B,0.00019,4.29
2026-08-31T16:15:00+00:00,DASHUSDT,B,0.02979,4.32
2026-08-31T16:30:00+00:00,GRAMUSDT,B,0.04865,77.02
2026-08-31T16:45:00+00:00,LITUSDT,A,-0.01446,4.55
2026-08-31T17:00:00+00:00,ARBUSDT,B,0.02157,3.45
2026-08-31T17:15:00+00:00,DASHUSDT,A,-0.01201,5.47
2026-08-31T17:15:00+00:00,GRAMUSDT,A,-0.00568,3.74
2026-08-31T18:00:00+00:00,AMZNUSDT,A,-0.01075,14.81
2026-08-31T18:15:00+00:00,XMRUSDT,B,0.00572,5.53
2026-08-31T18:45:00+00:00,ARBUSDT,A,-0.01223,7.53
2026-08-31T19:00:00+00:00,METAUSDT,B,0.00451,3.3
2026-08-31T19:45:00+00:00,AAPLUSDT,B,0.00171,3.92
2026-08-31T19:45:00+00:00,AMZNUSDT,B,0.00266,3.4
2026-08-31T20:30:00+00:00,CRVUSDT,B,0.00301,3.31
2026-08-31T21:00:00+00:00,ARBUSDT,B,0.002,8.1
2026-08-31T21:30:00+00:00,ARXUSDT,B,0.06888,14.0
2026-08-31T21:45:00+00:00,OPUSDT,B,0.01073,3.79
2026-08-31T22:00:00+00:00,ARXUSDT,A,-0.02813,7.81
