utc,symbol,trigger,ret15,volz
2026-04-05T00:00:00+00:00,KRW-BERA,B,0.00613,13.71
2026-04-05T00:00:00+00:00,KRW-GAS,A,-0.02147,6.23
2026-04-05T00:00:00+00:00,KRW-ID,B,0.01247,14.0
2026-04-05T00:30:00+00:00,KRW-BARD,B,0.00417,3.05
2026-04-05T01:00:00+00:00,KRW-ZKP,B,0.02885,9.24
2026-04-05T01:15:00+00:00,KRW-ZKP,A,-0.03738,8.73
2026-04-05T01:30:00+00:00,KRW-ID,A,-0.00628,2.18
2026-04-05T01:30:00+00:00,KRW-PENDLE,A,-0.00694,3.29
2026-04-05T02:15:00+00:00,KRW-BERA,A,-0.03868,5.83
2026-04-05T05:00:00+00:00,KRW-ZBT,B,0.05298,4.4
2026-04-05T05:15:00+00:00,KRW-ZBT,A,-0.02516,4.46
2026-04-05T06:00:00+00:00,KRW-ATOM,A,-0.00501,13.91
2026-04-05T06:00:00+00:00,KRW-ONT,B,0.03974,3.65
2026-04-05T07:15:00+00:00,KRW-ID,A,-0.00638,1.65
2026-04-05T09:15:00+00:00,KRW-G,B,0.02609,4.81
2026-04-05T09:45:00+00:00,KRW-ZBT,B,0.01258,6.35
2026-04-05T10:00:00+00:00,KRW-MMT,B,0.01143,3.37
2026-04-05T12:15:00+00:00,KRW-BIGTIME,B,0.01075,8.19
2026-04-05T12:15:00+00:00,KRW-MIRA,B,0.01724,10.38
2026-04-05T12:15:00+00:00,KRW-ZBT,A,-0.0443,4.01
2026-04-05T12:30:00+00:00,KRW-BCH,A,-0.00841,5.49
2026-04-05T12:30:00+00:00,KRW-BERA,A,-0.0367,2.84
2026-04-05T12:30:00+00:00,KRW-BIGTIME,A,-0.01064,3.95
2026-04-05T12:30:00+00:00,KRW-IN,A,-0.00951,5.91
2026-04-05T12:30:00+00:00,KRW-MMT,A,-0.0166,66.68
2026-04-05T12:45:00+00:00,KRW-AVNT,B,0.00532,3.92
2026-04-05T12:45:00+00:00,KRW-MIRA,A,-0.01709,8.82
2026-04-05T13:00:00+00:00,KRW-ID,A,-0.00651,2.52
2026-04-05T13:00:00+00:00,KRW-ME,B,0.0641,3.76
2026-04-05T13:15:00+00:00,KRW-ME,A,-0.0241,9.29
2026-04-05T13:15:00+00:00,KRW-OPEN,A,-0.02745,3.5
2026-04-05T13:30:00+00:00,KRW-ID,B,0.00665,4.66
2026-04-05T13:30:00+00:00,KRW-PUMP,B,0.00403,6.26
2026-04-05T14:00:00+00:00,KRW-MMT,B,0.01702,12.89
2026-04-05T19:00:00+00:00,KRW-MMT,B,0.00467,4.8
2026-04-05T19:15:00+00:00,KRW-MMT,A,-0.03721,3.14
2026-04-05T23:15:00+00:00,KRW-HBAR,B,0.00758,3.34
2026-04-05T23:30:00+00:00,KRW-PENGU,B,0.00318,6.09
2026-04-06T00:00:00+00:00,KRW-BERA,B,0.02462,3.65
2026-04-06T00:00:00+00:00,KRW-MMT,A,-0.0274,4.96
2026-04-06T00:15:00+00:00,KRW-ARB,B,0.01399,3.33
2026-04-06T00:15:00+00:00,KRW-FLOCK,B,0.0428,3.94
2026-04-06T00:30:00+00:00,KRW-AVAX,B,0.00429,4.82
2026-04-06T01:30:00+00:00,KRW-AVAX,A,-0.0063,4.79
2026-04-06T01:30:00+00:00,KRW-IN,A,-0.0197,13.02
2026-04-06T02:45:00+00:00,KRW-RED,B,0.00625,6.22
2026-04-06T03:15:00+00:00,KRW-SHIB,A,-0.0044,6.64
2026-04-06T04:00:00+00:00,KRW-POL,B,0.00719,4.14
2026-04-06T04:30:00+00:00,KRW-ATOM,B,0.00078,5.86
2026-04-06T04:30:00+00:00,KRW-AVAX,B,0.00634,10.8
2026-04-06T05:30:00+00:00,KRW-RED,A,-0.01818,3.47
2026-04-06T05:45:00+00:00,KRW-FLOCK,B,0.01963,5.57
2026-04-06T06:00:00+00:00,KRW-IN,A,-0.00928,1.44
2026-04-06T06:00:00+00:00,KRW-MMT,B,0.00935,5.44
2026-04-06T06:15:00+00:00,KRW-PENDLE,A,-0.01259,1.69
2026-04-06T06:30:00+00:00,KRW-MMT,A,-0.06726,4.38
2026-04-06T06:45:00+00:00,KRW-ALGO,B,0.01064,4.14
2026-04-06T06:45:00+00:00,KRW-RED,B,0.01796,23.38
2026-04-06T07:00:00+00:00,KRW-TREE,B,0.01338,7.91
2026-04-06T07:45:00+00:00,KRW-TREE,A,-0.01257,17.94
2026-04-06T08:30:00+00:00,KRW-CRO,B,0.00952,4.33
2026-04-06T09:00:00+00:00,KRW-ATOM,A,-0.00381,4.24
2026-04-06T09:00:00+00:00,KRW-COW,A,-0.00932,11.19
2026-04-06T09:00:00+00:00,KRW-ERA,B,0.0582,13.67
2026-04-06T09:15:00+00:00,KRW-ERA,A,-0.055,11.92
2026-04-06T09:15:00+00:00,KRW-INJ,B,0.00367,4.97
2026-04-06T09:15:00+00:00,KRW-LINK,B,0.00515,3.51
2026-04-06T09:30:00+00:00,KRW-RED,A,-0.03398,45.61
2026-04-06T10:45:00+00:00,KRW-RED,B,0.08962,89.97
2026-04-06T11:15:00+00:00,KRW-COW,B,0.02128,12.2
2026-04-06T11:15:00+00:00,KRW-FIL,B,0.00451,3.32
2026-04-06T11:15:00+00:00,KRW-HOLO,A,-0.01071,3.26
2026-04-06T11:30:00+00:00,KRW-MIRA,B,0.0082,4.57
2026-04-06T11:45:00+00:00,KRW-PENDLE,A,-0.01109,13.73
2026-04-06T11:45:00+00:00,KRW-PLUME,A,-0.02041,8.67
2026-04-06T11:45:00+00:00,KRW-TREE,A,-0.00996,2.31
2026-04-06T12:30:00+00:00,KRW-FIL,A,-0.0059,3.73
2026-04-06T12:30:00+00:00,KRW-MET2,B,0.00498,4.49
2026-04-06T12:30:00+00:00,KRW-TREE,B,0.00999,6.25
2026-04-06T12:45:00+00:00,KRW-AVNT,B,0.01471,6.39
2026-04-06T12:45:00+00:00,KRW-LAYER,B,0.00826,3.88
2026-04-06T12:45:00+00:00,KRW-MIRA,A,-0.024,8.87
2026-04-06T13:15:00+00:00,KRW-AVNT,A,-0.00939,7.23
2026-04-06T13:15:00+00:00,KRW-ERA,B,0.00513,3.96
2026-04-06T13:30:00+00:00,KRW-FF,B,0.00943,3.89
2026-04-06T13:45:00+00:00,KRW-COW,A,-0.02102,2.04
2026-04-06T13:45:00+00:00,KRW-RED,A,-0.04181,73.37
2026-04-06T14:00:00+00:00,KRW-ERA,A,-0.02451,17.28
2026-04-06T14:15:00+00:00,KRW-FF,A,-0.00926,6.45
2026-04-06T14:15:00+00:00,KRW-MET2,A,-0.01456,6.69
2026-04-06T15:30:00+00:00,KRW-RED,B,0.01111,34.4
2026-04-06T15:45:00+00:00,KRW-SOPH,B,0.08594,21.02
2026-04-06T16:00:00+00:00,KRW-SOPH,A,-0.07914,10.4
2026-04-06T16:00:00+00:00,KRW-TREE,A,-0.05983,27.54
2026-04-06T17:15:00+00:00,KRW-FLOCK,B,0.08404,8.8
2026-04-06T17:30:00+00:00,KRW-FLOCK,A,-0.05169,9.69
2026-04-06T18:45:00+00:00,KRW-RED,A,-0.02182,12.38
2026-04-06T19:30:00+00:00,KRW-HYPER,A,-0.01471,1.91
2026-04-06T19:30:00+00:00,KRW-RED,B,0.01521,8.35
2026-04-06T21:30:00+00:00,KRW-TREE,B,0.02747,15.59
2026-04-06T21:45:00+00:00,KRW-TREE,A,-0.01782,9.94
2026-04-06T22:45:00+00:00,KRW-RED,A,-0.03261,17.29
2026-04-06T23:00:00+00:00,KRW-AVAX,A,-0.0225,8.76
2026-04-06T23:15:00+00:00,KRW-BIGTIME,A,-0.01053,1.55
2026-04-06T23:30:00+00:00,KRW-AVAX,B,0.00224,3.27
2026-04-06T23:30:00+00:00,KRW-RED,B,0.02602,21.98
2026-04-07T00:00:00+00:00,KRW-AVNT,A,-0.02913,16.57
2026-04-07T00:00:00+00:00,KRW-ELSA,B,0.04555,3.94
2026-04-07T00:00:00+00:00,KRW-ERA,A,-0.01546,1.14
2026-04-07T00:00:00+00:00,KRW-MIRA,A,-0.03306,3.16
2026-04-07T00:15:00+00:00,KRW-ELSA,A,-0.03465,1.82
2026-04-07T00:15:00+00:00,KRW-ONT,B,0.05469,4.79
2026-04-07T00:45:00+00:00,KRW-BIGTIME,B,0.1117,43.84
2026-04-07T01:00:00+00:00,KRW-EDGE,B,0.10405,4.07
2026-04-07T01:30:00+00:00,KRW-CFG,B,0.0709,4.92
2026-04-07T01:30:00+00:00,KRW-EDGE,A,-0.02283,6.28
2026-04-07T01:45:00+00:00,KRW-CFG,A,-0.12195,7.1
2026-04-07T02:00:00+00:00,KRW-SHIB,B,0.00569,5.17
2026-04-07T02:15:00+00:00,KRW-BIRB,B,0.01,5.7
2026-04-07T02:45:00+00:00,KRW-ESP,B,0.02326,7.61
2026-04-07T03:00:00+00:00,KRW-ESP,A,-0.01515,3.04
2026-04-07T03:00:00+00:00,KRW-RED,A,-0.02222,4.26
2026-04-07T03:15:00+00:00,KRW-KITE,B,0.01681,3.44
2026-04-07T03:30:00+00:00,KRW-RED,B,0.03774,5.2
2026-04-07T04:15:00+00:00,KRW-ETC,A,-0.0253,5.27
2026-04-07T04:45:00+00:00,KRW-CRO,B,0.00962,3.05
2026-04-07T04:45:00+00:00,KRW-ELSA,B,0.0198,6.13
2026-04-07T05:30:00+00:00,KRW-AVAX,A,-0.00918,5.01
2026-04-07T05:30:00+00:00,KRW-ELSA,A,-0.01923,2.06
2026-04-07T05:45:00+00:00,KRW-EDGE,A,-0.06341,2.74
2026-04-07T06:15:00+00:00,KRW-AVAX,B,0.00311,3.76
2026-04-07T06:15:00+00:00,KRW-BIRB,B,0.04902,9.66
2026-04-07T06:30:00+00:00,KRW-BIRB,A,-0.02336,6.32
2026-04-07T07:00:00+00:00,KRW-EDGE,B,0.06218,3.44
2026-04-07T07:00:00+00:00,KRW-ESP,A,-0.02632,7.66
2026-04-07T07:00:00+00:00,KRW-LAYER,B,0.00806,3.25
2026-04-07T07:15:00+00:00,KRW-ESP,B,0.01351,6.35
2026-04-07T07:30:00+00:00,KRW-INJ,B,0.00254,4.37
2026-04-07T07:30:00+00:00,KRW-RED,B,0.19298,25.76
2026-04-07T07:30:00+00:00,KRW-TREE,B,0.02603,3.29
2026-04-07T07:45:00+00:00,KRW-LAYER,A,-0.03759,76.15
2026-04-07T07:45:00+00:00,KRW-TREE,A,-0.01797,6.53
2026-04-07T08:00:00+00:00,KRW-ME,A,-0.03086,1.95
2026-04-07T08:15:00+00:00,KRW-INJ,A,-0.00764,4.98
2026-04-07T08:15:00+00:00,KRW-MET2,A,-0.01415,1.7
2026-04-07T08:15:00+00:00,KRW-ZBT,A,-0.03067,28.32
2026-04-07T08:45:00+00:00,KRW-RED,A,-0.06231,12.2
2026-04-07T09:15:00+00:00,KRW-ME,B,0.05556,11.19
2026-04-07T09:30:00+00:00,KRW-ZKP,B,0.02778,3.73
2026-04-07T10:00:00+00:00,KRW-AAVE,A,-0.0137,6.25
2026-04-07T10:00:00+00:00,KRW-MET2,B,0.01408,4.59
2026-04-07T10:00:00+00:00,KRW-ZKP,A,-0.02679,16.62
2026-04-07T10:15:00+00:00,KRW-ENSO,B,0.02175,9.25
2026-04-07T10:45:00+00:00,KRW-ENSO,A,-0.03016,7.98
2026-04-07T11:00:00+00:00,KRW-FF,A,-0.00952,4.81
2026-04-07T11:15:00+00:00,KRW-ESP,A,-0.02963,1.7
2026-04-07T11:30:00+00:00,KRW-AAVE,B,0.00229,8.99
2026-04-07T11:30:00+00:00,KRW-BSV,B,0.07048,11.8
2026-04-07T11:30:00+00:00,KRW-RED,B,0.00671,8.93
2026-04-07T11:30:00+00:00,KRW-XEC,B,0.01961,5.93
2026-04-07T12:00:00+00:00,KRW-BSV,A,-0.07499,9.0
2026-04-07T12:00:00+00:00,KRW-EDGE,B,0.09278,6.97
2026-04-07T12:00:00+00:00,KRW-XEC,A,-0.01905,3.27
2026-04-07T12:15:00+00:00,KRW-BARD,B,0.10127,16.46
2026-04-07T12:15:00+00:00,KRW-EDGE,A,-0.06132,6.82
2026-04-07T12:15:00+00:00,KRW-ZORA,B,0.03182,8.42
2026-04-07T12:30:00+00:00,KRW-BARD,A,-0.09195,10.29
2026-04-07T12:30:00+00:00,KRW-SNT,A,-0.02041,3.45
2026-04-07T12:30:00+00:00,KRW-ZORA,A,-0.04405,6.33
2026-04-07T12:45:00+00:00,KRW-RED,A,-0.04225,2.77
2026-04-07T14:00:00+00:00,KRW-FF,B,0.00952,4.7
2026-04-07T15:30:00+00:00,KRW-ESP,A,-0.04478,1.55
2026-04-07T15:45:00+00:00,KRW-RED,B,0.02349,3.05
2026-04-07T19:45:00+00:00,KRW-AAVE,B,0.00975,4.41
2026-04-07T20:15:00+00:00,KRW-ZRO,B,0.02478,3.77
2026-04-07T21:00:00+00:00,KRW-AVAX,B,0.01595,3.54
2026-04-07T21:00:00+00:00,KRW-INJ,B,0.01369,4.7
2026-04-07T22:30:00+00:00,KRW-APT,B,0.00705,3.01
2026-04-07T22:30:00+00:00,KRW-ETC,B,0.0116,3.41
2026-04-07T22:30:00+00:00,KRW-LINK,B,0.00818,5.62
2026-04-07T22:30:00+00:00,KRW-PEPE,B,0.00912,3.92
2026-04-07T22:30:00+00:00,KRW-SUI,B,0.01385,3.68
2026-04-07T22:30:00+00:00,KRW-VIRTUAL,B,0.01313,3.46
2026-04-07T22:30:00+00:00,KRW-WLFI,B,0.0068,3.78
2026-04-07T22:45:00+00:00,KRW-ARB,B,0.01333,5.08
2026-04-07T22:45:00+00:00,KRW-BCH,B,0.00528,3.55
2026-04-07T22:45:00+00:00,KRW-POL,B,0.0146,7.04
2026-04-07T22:45:00+00:00,KRW-UNI,B,0.01349,4.46
2026-04-07T22:45:00+00:00,KRW-W,B,0.00481,3.0
2026-04-07T23:00:00+00:00,KRW-MON,B,0.04719,5.72
2026-04-07T23:00:00+00:00,KRW-SAND,B,0.0084,6.08
2026-04-07T23:15:00+00:00,KRW-ALGO,B,0.0289,3.34
2026-04-07T23:15:00+00:00,KRW-CRO,B,0.00943,8.91
2026-04-07T23:15:00+00:00,KRW-MON,A,-0.03004,5.09
2026-04-07T23:15:00+00:00,KRW-PENGU,B,0.0198,3.09
2026-04-07T23:30:00+00:00,KRW-AAVE,A,-0.0097,7.72
2026-04-08T00:00:00+00:00,KRW-0G,B,0.02287,18.25
2026-04-08T00:00:00+00:00,KRW-ENSO,B,0.0218,4.92
2026-04-08T00:00:00+00:00,KRW-RED,B,0.00333,7.83
2026-04-08T00:00:00+00:00,KRW-SOPH,B,0.01562,7.06
2026-04-08T00:00:00+00:00,KRW-TREE,B,0.02463,14.29
2026-04-08T00:00:00+00:00,KRW-WLFI,A,-0.01987,4.05
2026-04-08T00:15:00+00:00,KRW-AVAX,A,-0.0057,5.09
2026-04-08T00:30:00+00:00,KRW-IN,B,0.03896,9.64
2026-04-08T00:45:00+00:00,KRW-IN,A,-0.01364,12.69
2026-04-08T01:45:00+00:00,KRW-0G,A,-0.0299,3.77
2026-04-08T04:15:00+00:00,KRW-AVAX,B,0.00642,3.66
2026-04-08T04:45:00+00:00,KRW-ALGO,B,0.01117,3.66
2026-04-08T06:15:00+00:00,KRW-RED,B,0.05263,5.03
2026-04-08T07:00:00+00:00,KRW-PYTH,B,0.01042,3.74
2026-04-08T07:30:00+00:00,KRW-PYTH,A,-0.01458,26.55
2026-04-08T08:15:00+00:00,KRW-NEAR,B,0.01107,4.41
2026-04-08T08:30:00+00:00,KRW-KAITO,B,0.01926,6.81
2026-04-08T08:30:00+00:00,KRW-OPEN,B,0.13971,71.65
2026-04-08T08:45:00+00:00,KRW-KAITO,A,-0.0218,7.4
2026-04-08T08:45:00+00:00,KRW-OPEN,A,-0.13871,63.86
2026-04-08T08:45:00+00:00,KRW-SOPH,B,0.02308,6.11
2026-04-08T09:00:00+00:00,KRW-SOPH,A,-0.02256,5.41
2026-04-08T09:30:00+00:00,KRW-COW,A,-0.00901,1.04
2026-04-08T10:00:00+00:00,KRW-MON,B,0.01496,3.59
2026-04-08T11:30:00+00:00,KRW-PENGU,A,-0.00802,4.37
2026-04-08T11:30:00+00:00,KRW-POL,B,0.00741,4.51
2026-04-08T11:45:00+00:00,KRW-IN,B,0.01384,7.85
2026-04-08T12:45:00+00:00,KRW-KAITO,B,0.01029,3.45
2026-04-08T13:00:00+00:00,KRW-NEAR,B,0.00587,3.57
2026-04-08T13:00:00+00:00,KRW-VIRTUAL,B,0.01278,3.6
2026-04-08T13:30:00+00:00,KRW-MON,A,-0.03427,10.36
2026-04-08T13:30:00+00:00,KRW-NEAR,A,-0.01068,3.92
2026-04-08T13:45:00+00:00,KRW-IN,A,-0.02111,3.97
2026-04-08T14:00:00+00:00,KRW-KAITO,A,-0.01135,10.09
2026-04-08T22:15:00+00:00,KRW-WLFI,A,-0.02128,4.96
2026-04-09T00:00:00+00:00,KRW-FLOCK,B,0.03413,5.08
2026-04-09T00:00:00+00:00,KRW-IN,B,0.15162,83.65
2026-04-09T00:00:00+00:00,KRW-ONT,B,0.05263,3.37
2026-04-09T00:15:00+00:00,KRW-SOPH,B,0.00763,3.53
2026-04-09T00:30:00+00:00,KRW-IN,A,-0.02913,11.71
2026-04-09T00:45:00+00:00,KRW-HOLO,B,0.00119,6.85
2026-04-09T01:00:00+00:00,KRW-POL,A,-0.0303,5.94
2026-04-09T01:00:00+00:00,KRW-SOPH,A,-0.04478,6.1
2026-04-09T01:15:00+00:00,KRW-BORA,A,-0.01083,1.93
2026-04-09T01:15:00+00:00,KRW-ENSO,B,0.02302,3.27
2026-04-09T02:15:00+00:00,KRW-ALGO,B,0.00599,3.96
2026-04-09T02:45:00+00:00,KRW-OPEN,B,0.0219,3.29
2026-04-09T03:45:00+00:00,KRW-KITE,B,0.00483,4.22
2026-04-09T04:30:00+00:00,KRW-IN,B,0.00104,7.34
2026-04-09T07:00:00+00:00,KRW-HOLO,B,0.00811,3.1
2026-04-09T07:00:00+00:00,KRW-IN,A,-0.0154,4.69
2026-04-09T07:30:00+00:00,KRW-HOLO,A,-0.0262,6.06
2026-04-09T07:45:00+00:00,KRW-FF,B,0.00926,5.97
2026-04-09T07:45:00+00:00,KRW-OPEN,A,-0.02151,2.65
2026-04-09T08:30:00+00:00,KRW-IN,B,0.00217,3.16
2026-04-09T10:15:00+00:00,KRW-SHIB,B,0.00457,6.28
2026-04-09T14:00:00+00:00,KRW-PYTH,B,0.00746,4.83
2026-04-09T14:15:00+00:00,KRW-PYTH,A,-0.01185,3.66
2026-04-09T15:30:00+00:00,KRW-LINK,B,0.01374,4.27
2026-04-09T15:45:00+00:00,KRW-PENGU,B,0.00103,3.54
2026-04-09T21:45:00+00:00,KRW-PYTH,B,0.01826,6.33
2026-04-09T22:15:00+00:00,KRW-ALGO,B,0.01183,6.05
2026-04-09T22:15:00+00:00,KRW-ARB,B,0.0125,3.56
2026-04-09T22:15:00+00:00,KRW-JUP,B,0.0041,4.89
2026-04-09T22:15:00+00:00,KRW-WLFI,A,-0.05036,25.69
2026-04-09T23:00:00+00:00,KRW-PYTH,A,-0.02578,10.41
2026-04-09T23:45:00+00:00,KRW-TAO,A,-0.0374,7.34
2026-04-10T00:00:00+00:00,KRW-HOLO,B,0.01595,7.55
2026-04-10T00:00:00+00:00,KRW-POL,A,-0.00775,5.77
2026-04-10T00:00:00+00:00,KRW-SEI,B,0.00839,5.06
2026-04-10T00:00:00+00:00,KRW-SHIB,B,0.00228,5.02
2026-04-10T00:15:00+00:00,KRW-HOLO,A,-0.03363,6.83
2026-04-10T00:30:00+00:00,KRW-TAO,B,0.00352,4.56
2026-04-10T00:30:00+00:00,KRW-WLFI,B,0.008,5.09
2026-04-10T01:30:00+00:00,KRW-AWE,B,0.01923,15.96
2026-04-10T01:45:00+00:00,KRW-AWE,A,-0.01006,2.83
2026-04-10T03:45:00+00:00,KRW-TAO,A,-0.02879,4.32
2026-04-10T04:00:00+00:00,KRW-MON,B,0.00777,8.76
2026-04-10T04:30:00+00:00,KRW-ARB,B,0.00606,5.25
2026-04-10T05:00:00+00:00,KRW-CFG,B,0.05028,6.39
2026-04-10T05:00:00+00:00,KRW-MON,A,-0.01661,5.26
2026-04-10T05:15:00+00:00,KRW-CFG,A,-0.04255,3.49
2026-04-10T05:15:00+00:00,KRW-EDGE,B,0.06283,3.46
2026-04-10T05:15:00+00:00,KRW-TAO,B,0.03044,6.65
2026-04-10T05:30:00+00:00,KRW-PYTH,B,0.00855,4.26
2026-04-10T07:00:00+00:00,KRW-INJ,B,0.00293,4.08
2026-04-10T07:30:00+00:00,KRW-AWE,B,0.02692,22.4
2026-04-10T07:45:00+00:00,KRW-AWE,A,-0.04744,12.57
2026-04-10T07:45:00+00:00,KRW-WLFI,A,-0.016,12.1
2026-04-10T08:00:00+00:00,KRW-POL,A,-0.0155,8.1
2026-04-10T08:30:00+00:00,KRW-MON,B,0.00559,3.96
2026-04-10T08:30:00+00:00,KRW-POL,B,0.00794,4.59
2026-04-10T08:30:00+00:00,KRW-WLFI,B,0.00813,3.07
2026-04-10T09:45:00+00:00,KRW-PUMP,B,0.01444,8.05
2026-04-10T09:45:00+00:00,KRW-WAVES,B,0.01133,6.69
2026-04-10T10:00:00+00:00,KRW-SAND,A,-0.0087,5.91
2026-04-10T10:30:00+00:00,KRW-WAVES,A,-0.00954,2.3
2026-04-10T12:30:00+00:00,KRW-MON,B,0.00185,5.19
2026-04-10T12:30:00+00:00,KRW-PENGU,B,0.00407,5.07
2026-04-10T12:45:00+00:00,KRW-MON,A,-0.01657,3.26
2026-04-10T13:00:00+00:00,KRW-WLFI,B,0.01667,5.43
2026-04-10T13:30:00+00:00,KRW-FF,A,-0.00943,4.45
2026-04-10T13:30:00+00:00,KRW-STX,A,-0.00621,5.35
2026-04-10T13:45:00+00:00,KRW-XPL,B,0.02062,4.29
2026-04-10T15:00:00+00:00,KRW-FF,B,0.00952,3.38
2026-04-10T15:00:00+00:00,KRW-INJ,B,0.00176,3.13
2026-04-10T16:45:00+00:00,KRW-CRO,B,0.01942,16.89
2026-04-10T18:30:00+00:00,KRW-SKR,A,-0.01149,6.84
2026-04-10T18:45:00+00:00,KRW-WLFI,B,0.025,4.28
2026-04-10T19:00:00+00:00,KRW-FF,B,0.0619,582.17
2026-04-10T19:15:00+00:00,KRW-FF,A,-0.06726,394.4
2026-04-10T19:15:00+00:00,KRW-WLFI,A,-0.01613,5.35
2026-04-10T20:00:00+00:00,KRW-AVNT,B,0.05093,14.01
2026-04-10T20:15:00+00:00,KRW-AVNT,A,-0.06167,3.42
2026-04-10T23:00:00+00:00,KRW-FF,B,0.01852,88.31
2026-04-10T23:15:00+00:00,KRW-ARB,B,0.00588,4.65
2026-04-11T00:00:00+00:00,KRW-EDGE,B,0.04865,4.7
2026-04-11T00:00:00+00:00,KRW-FF,A,-0.03012,14.78
2026-04-11T00:00:00+00:00,KRW-MIRA,B,0.02459,7.89
2026-04-11T00:00:00+00:00,KRW-MON,B,0.00766,7.33
2026-04-11T00:00:00+00:00,KRW-WLFI,A,-0.01653,6.34
2026-04-11T00:30:00+00:00,KRW-HYPER,A,-0.02899,6.17
2026-04-11T00:30:00+00:00,KRW-ZORA,B,0.0181,5.23
2026-04-11T00:45:00+00:00,KRW-RED,B,0.04115,11.17
2026-04-11T00:45:00+00:00,KRW-TREE,B,0.00894,6.59
2026-04-11T00:45:00+00:00,KRW-ZORA,A,-0.02222,2.25
2026-04-11T01:00:00+00:00,KRW-ID,B,0.00214,35.57
2026-04-11T01:00:00+00:00,KRW-RED,A,-0.09091,5.64
2026-04-11T01:15:00+00:00,KRW-ID,A,-0.01068,5.2
2026-04-11T01:15:00+00:00,KRW-MIRA,A,-0.016,5.43
2026-04-11T01:45:00+00:00,KRW-MMT,A,-0.05263,3.44
2026-04-11T02:00:00+00:00,KRW-AAVE,B,0.00144,5.27
2026-04-11T03:15:00+00:00,KRW-ARB,B,0.00562,6.34
2026-04-11T03:15:00+00:00,KRW-MET2,B,0.00952,7.16
2026-04-11T03:45:00+00:00,KRW-MET2,A,-0.03271,6.5
2026-04-11T04:00:00+00:00,KRW-CRO,A,-0.00962,4.38
2026-04-11T04:15:00+00:00,KRW-ARB,A,-0.01685,14.57
2026-04-11T04:15:00+00:00,KRW-ONT,B,0.13445,6.91
2026-04-11T06:00:00+00:00,KRW-MMT,B,0.02162,3.69
2026-04-11T06:15:00+00:00,KRW-FF,B,0.00699,3.41
2026-04-11T06:30:00+00:00,KRW-ID,B,0.00413,4.62
2026-04-11T06:45:00+00:00,KRW-MMT,A,-0.07538,11.92
2026-04-11T07:00:00+00:00,KRW-COW,A,-0.02083,5.41
2026-04-11T07:15:00+00:00,KRW-ID,A,-0.01585,186.38
2026-04-11T07:30:00+00:00,KRW-ZBT,B,0.00575,6.53
2026-04-11T08:15:00+00:00,KRW-ZBT,A,-0.0226,4.95
2026-04-11T08:30:00+00:00,KRW-AKT,A,-0.04979,5.21
2026-04-11T09:00:00+00:00,KRW-MET2,A,-0.01408,2.26
2026-04-11T09:45:00+00:00,KRW-MET2,B,0.00467,9.76
2026-04-11T10:15:00+00:00,KRW-FF,B,0.01399,9.59
2026-04-11T11:15:00+00:00,KRW-ID,B,0.00203,8.34
2026-04-11T11:30:00+00:00,KRW-COW,B,0.02367,13.06
2026-04-11T11:30:00+00:00,KRW-ID,A,-0.01623,16.05
2026-04-11T11:45:00+00:00,KRW-COW,A,-0.02601,16.17
2026-04-11T13:30:00+00:00,KRW-WLFI,B,0.00847,5.84
2026-04-11T14:00:00+00:00,KRW-POL,B,0.00787,5.01
2026-04-11T17:30:00+00:00,KRW-NEAR,B,0.01204,4.08
2026-04-11T23:00:00+00:00,KRW-ID,B,0.00204,3.32
2026-04-12T00:00:00+00:00,KRW-COW,A,-0.00893,1.11
2026-04-12T00:00:00+00:00,KRW-MET2,B,0.00943,7.23
2026-04-12T00:00:00+00:00,KRW-ZIL,B,0.00683,6.76
2026-04-12T00:15:00+00:00,KRW-FF,B,0.00758,3.64
2026-04-12T00:15:00+00:00,KRW-TREE,B,0.02011,3.94
2026-04-12T00:45:00+00:00,KRW-ID,A,-0.01139,7.36
2026-04-12T01:30:00+00:00,KRW-ARB,A,-0.01744,6.28
2026-04-12T01:30:00+00:00,KRW-BCH,A,-0.01617,7.38
2026-04-12T01:30:00+00:00,KRW-CRO,A,-0.00962,4.88
2026-04-12T01:30:00+00:00,KRW-ENS,A,-0.02598,5.95
2026-04-12T01:30:00+00:00,KRW-ETC,A,-0.01203,4.36
2026-04-12T01:30:00+00:00,KRW-FIL,A,-0.02474,5.77
2026-04-12T01:30:00+00:00,KRW-LINK,A,-0.02083,6.55
2026-04-12T01:30:00+00:00,KRW-PENDLE,A,-0.0217,2.42
2026-04-12T01:30:00+00:00,KRW-PENGU,A,-0.03846,6.95
2026-04-12T01:30:00+00:00,KRW-SAND,A,-0.02609,11.16
2026-04-12T01:30:00+00:00,KRW-STX,A,-0.01235,8.52
2026-04-12T01:30:00+00:00,KRW-SUI,A,-0.0243,6.31
2026-04-12T01:30:00+00:00,KRW-VIRTUAL,A,-0.03048,6.13
2026-04-12T01:30:00+00:00,KRW-WLFI,A,-0.02521,6.2
2026-04-12T01:30:00+00:00,KRW-ZKP,A,-0.01887,3.17
2026-04-12T01:45:00+00:00,KRW-MOVE,A,-0.00758,2.23
2026-04-12T01:45:00+00:00,KRW-W,A,-0.01064,5.51
2026-04-12T01:45:00+00:00,KRW-WAVES,A,-0.00489,4.46
2026-04-12T02:00:00+00:00,KRW-AAVE,B,0.00074,3.28
2026-04-12T02:00:00+00:00,KRW-FIL,B,0.00232,3.0
2026-04-12T02:00:00+00:00,KRW-W,B,0.00538,3.9
2026-04-12T08:45:00+00:00,KRW-CRO,B,0.0098,11.38
2026-04-12T09:30:00+00:00,KRW-ID,A,-0.02344,3.75
2026-04-12T09:45:00+00:00,KRW-W,B,0.00543,4.07
2026-04-12T12:45:00+00:00,KRW-AWE,A,-0.00899,5.54
2026-04-12T13:30:00+00:00,KRW-W,A,-0.01093,3.95
2026-04-12T16:00:00+00:00,KRW-0G,B,0.1643,37.33
2026-04-12T16:15:00+00:00,KRW-0G,A,-0.0335,58.0
2026-04-12T16:15:00+00:00,KRW-KAITO,A,-0.00822,7.48
2026-04-12T22:30:00+00:00,KRW-LAYER,A,-0.02459,1.81
2026-04-12T23:00:00+00:00,KRW-CHZ,A,-0.01642,3.99
2026-04-12T23:00:00+00:00,KRW-PLUME,B,0.0068,3.23
2026-04-13T00:00:00+00:00,KRW-PENGU,B,0.00729,3.03
2026-04-13T00:15:00+00:00,KRW-ID,A,-0.01429,10.37
2026-04-13T00:30:00+00:00,KRW-ID,B,0.01863,8.13
2026-04-13T00:30:00+00:00,KRW-PLUME,A,-0.05488,28.67
2026-04-13T01:30:00+00:00,KRW-AAVE,B,0.00219,3.55
2026-04-13T02:45:00+00:00,KRW-0G,B,0.01927,3.54
2026-04-13T03:15:00+00:00,KRW-0G,A,-0.03245,4.72
2026-04-13T04:45:00+00:00,KRW-DOT,A,-0.01874,4.28
2026-04-13T05:00:00+00:00,KRW-DOT,B,0.0264,13.54
2026-04-13T05:30:00+00:00,KRW-AAVE,A,-0.01911,10.38
2026-04-13T06:00:00+00:00,KRW-AAVE,B,0.01325,3.88
2026-04-13T06:15:00+00:00,KRW-NEAR,B,0.00782,3.73
2026-04-13T09:00:00+00:00,KRW-ATH,B,0.01329,5.59
2026-04-13T09:00:00+00:00,KRW-DOT,A,-0.01515,9.47
2026-04-13T09:15:00+00:00,KRW-DOT,B,0.00855,12.47
2026-04-13T09:30:00+00:00,KRW-ATH,A,-0.0186,4.36
2026-04-13T09:30:00+00:00,KRW-JTO,B,0.02464,15.76
2026-04-13T09:45:00+00:00,KRW-JTO,A,-0.04008,12.24
2026-04-13T10:30:00+00:00,KRW-HOLO,B,0.00954,3.1
2026-04-13T11:00:00+00:00,KRW-FLOCK,B,0.01621,5.04
2026-04-13T11:15:00+00:00,KRW-DOOD,B,0.0157,4.67
2026-04-13T12:00:00+00:00,KRW-HOLO,A,-0.05192,45.48
2026-04-13T12:00:00+00:00,KRW-TREE,B,0.04788,13.84
2026-04-13T12:15:00+00:00,KRW-LA,A,-0.02041,7.16
2026-04-13T12:15:00+00:00,KRW-TREE,A,-0.05815,8.2
2026-04-13T13:00:00+00:00,KRW-ATH,B,0.01992,13.81
2026-04-13T13:15:00+00:00,KRW-LINK,B,0.00076,3.23
2026-04-13T13:30:00+00:00,KRW-ATH,A,-0.02119,8.03
2026-04-13T13:45:00+00:00,KRW-AAVE,B,0.00641,4.48
2026-04-13T13:45:00+00:00,KRW-PENGU,B,0.01943,3.39
2026-04-13T14:30:00+00:00,KRW-FLOCK,A,-0.0497,26.49
2026-04-13T14:45:00+00:00,KRW-HOLO,B,0.00425,4.14
2026-04-13T19:15:00+00:00,KRW-HOLO,A,-0.01776,4.26
2026-04-13T22:00:00+00:00,KRW-AAVE,B,0.01806,7.2
2026-04-13T22:15:00+00:00,KRW-CRO,B,0.01961,9.31
2026-04-13T22:15:00+00:00,KRW-ETC,B,0.00321,3.3
2026-04-13T22:15:00+00:00,KRW-FIL,B,0.00741,5.08
2026-04-13T22:15:00+00:00,KRW-LINK,B,0.00886,5.66
2026-04-13T22:15:00+00:00,KRW-PLUME,B,0.0117,4.82
2026-04-13T22:15:00+00:00,KRW-SAND,B,0.0087,6.47
2026-04-13T22:15:00+00:00,KRW-STX,B,0.01231,3.99
2026-04-13T22:30:00+00:00,KRW-HOLO,B,0.00739,4.04
2026-04-13T23:15:00+00:00,KRW-ENS,B,0.01035,3.84
2026-04-13T23:15:00+00:00,KRW-WLFI,B,0.01667,4.18
2026-04-13T23:45:00+00:00,KRW-CRO,A,-0.00952,3.94
2026-04-14T00:00:00+00:00,KRW-ENS,A,-0.00742,4.58
2026-04-14T00:00:00+00:00,KRW-FIL,A,-0.00517,4.1
2026-04-14T00:00:00+00:00,KRW-FLOCK,B,0.0182,3.45
2026-04-14T00:00:00+00:00,KRW-IN,B,0.07044,16.22
2026-04-14T00:00:00+00:00,KRW-SAHARA,A,-0.01479,11.85
2026-04-14T00:00:00+00:00,KRW-TREE,B,0.0306,4.4
2026-04-14T00:00:00+00:00,KRW-WAVES,A,-0.01135,2.92
2026-04-14T00:15:00+00:00,KRW-HOLO,A,-0.04098,4.93
2026-04-14T00:45:00+00:00,KRW-0G,B,0.01019,3.93
2026-04-14T01:15:00+00:00,KRW-IN,A,-0.02378,17.12
2026-04-14T03:30:00+00:00,KRW-ZBT,B,0.1,23.26
2026-04-14T03:45:00+00:00,KRW-ZBT,A,-0.03409,13.01
2026-04-14T04:30:00+00:00,KRW-DOT,B,0.01952,16.86
2026-04-14T04:30:00+00:00,KRW-OPEN,A,-0.02341,21.39
2026-04-14T04:45:00+00:00,KRW-DOT,A,-0.00901,5.58
2026-04-14T05:00:00+00:00,KRW-OPEN,B,0.05298,4.82
2026-04-14T06:00:00+00:00,KRW-PLUME,B,0.00549,4.88
2026-04-14T06:45:00+00:00,KRW-MMT,B,0.11386,7.34
2026-04-14T06:45:00+00:00,KRW-PLUME,A,-0.05181,28.61
2026-04-14T07:00:00+00:00,KRW-MMT,A,-0.09333,16.87
2026-04-14T07:00:00+00:00,KRW-TREE,B,0.03754,7.93
2026-04-14T07:15:00+00:00,KRW-IN,B,0.01099,7.0
2026-04-14T07:45:00+00:00,KRW-FLOCK,A,-0.01157,4.89
2026-04-14T07:45:00+00:00,KRW-TREE,A,-0.04348,10.86
2026-04-14T08:00:00+00:00,KRW-POL,B,0.00813,3.24
2026-04-14T10:30:00+00:00,KRW-KAITO,A,-0.01092,8.67
2026-04-14T10:45:00+00:00,KRW-IN,A,-0.04098,29.84
2026-04-14T11:15:00+00:00,KRW-IN,B,0.02134,4.97
2026-04-14T11:45:00+00:00,KRW-SIGN,B,0.00939,3.09
2026-04-14T12:00:00+00:00,KRW-WLFI,B,0.0082,8.87
2026-04-14T12:15:00+00:00,KRW-INJ,B,0.00045,5.28
2026-04-14T12:30:00+00:00,KRW-HYPER,A,-0.02069,18.85
2026-04-14T12:45:00+00:00,KRW-ZKP,A,-0.01818,33.55
2026-04-14T13:00:00+00:00,KRW-ZKP,B,0.00926,5.19
2026-04-14T13:30:00+00:00,KRW-TREE,A,-0.01942,5.39
2026-04-14T13:45:00+00:00,KRW-BCH,B,0.00384,4.64
2026-04-14T14:30:00+00:00,KRW-BIO,B,0.00346,17.01
2026-04-14T14:30:00+00:00,KRW-LINK,A,-0.00586,6.5
2026-04-14T14:30:00+00:00,KRW-NEAR,B,0.00098,3.69
2026-04-14T14:45:00+00:00,KRW-BCH,A,-0.00307,4.15
2026-04-14T14:45:00+00:00,KRW-BIO,A,-0.01034,4.83
2026-04-14T14:45:00+00:00,KRW-IN,A,-0.02277,2.25
2026-04-14T14:45:00+00:00,KRW-PLUME,B,0.01105,3.13
2026-04-14T15:00:00+00:00,KRW-AVAX,A,-0.00865,5.89
2026-04-14T15:30:00+00:00,KRW-LINK,B,0.00896,4.22
2026-04-14T17:00:00+00:00,KRW-AAVE,B,0.00136,7.61
2026-04-14T18:45:00+00:00,KRW-IN,B,0.01852,6.61
2026-04-14T20:15:00+00:00,KRW-IN,A,-0.02479,8.1
2026-04-14T22:00:00+00:00,KRW-CRO,B,0.01961,3.44
2026-04-14T23:15:00+00:00,KRW-CRO,A,-0.00971,8.69
2026-04-15T00:00:00+00:00,KRW-ARB,B,0.00613,4.56
2026-04-15T00:00:00+00:00,KRW-HOLO,B,0.02,9.99
2026-04-15T00:00:00+00:00,KRW-HYPER,B,0.02837,3.2
2026-04-15T00:15:00+00:00,KRW-DOOD,B,0.01104,6.35
2026-04-15T00:15:00+00:00,KRW-ZBT,B,0.03067,3.96
2026-04-15T00:30:00+00:00,KRW-HOLO,A,-0.04013,6.7
2026-04-15T00:45:00+00:00,KRW-PUMP,B,0.00738,3.11
2026-04-15T01:15:00+00:00,KRW-PLUME,B,0.00549,12.33
2026-04-15T01:30:00+00:00,KRW-IN,A,-0.05,3.41
2026-04-15T01:45:00+00:00,KRW-PLUME,A,-0.05376,14.84
2026-04-15T02:45:00+00:00,KRW-HYPER,A,-0.01987,1.36
2026-04-15T03:15:00+00:00,KRW-POL,B,0.00813,5.15
2026-04-15T04:00:00+00:00,KRW-IN,B,0.11864,11.73
2026-04-15T04:15:00+00:00,KRW-BIGTIME,A,-0.01554,1.36
2026-04-15T04:45:00+00:00,KRW-SAND,B,0.00877,3.65
2026-04-15T05:00:00+00:00,KRW-MIRA,A,-0.01575,2.27
2026-04-15T05:15:00+00:00,KRW-BIO,B,0.01,12.74
2026-04-15T05:15:00+00:00,KRW-INJ,B,0.00292,9.26
2026-04-15T06:00:00+00:00,KRW-BIO,A,-0.02251,10.28
2026-04-15T06:30:00+00:00,KRW-RED,B,0.06438,3.82
2026-04-15T06:30:00+00:00,KRW-ZKP,B,0.03704,3.09
2026-04-15T06:45:00+00:00,KRW-PLUME,A,-0.02273,2.95
2026-04-15T07:00:00+00:00,KRW-IN,A,-0.03175,35.86
2026-04-15T07:00:00+00:00,KRW-ZBT,B,0.05882,4.65
2026-04-15T07:15:00+00:00,KRW-HYPER,B,0.00662,4.44
2026-04-15T07:15:00+00:00,KRW-ZBT,A,-0.03889,8.03
2026-04-15T07:30:00+00:00,KRW-W,B,0.00562,3.61
2026-04-15T07:45:00+00:00,KRW-OPEN,A,-0.02744,3.59
2026-04-15T08:00:00+00:00,KRW-FLOCK,B,0.02181,4.19
2026-04-15T08:30:00+00:00,KRW-HBAR,B,0.00794,5.45
2026-04-15T08:30:00+00:00,KRW-HYPER,A,-0.01948,1.91
2026-04-15T08:45:00+00:00,KRW-BCH,B,0.00707,3.69
2026-04-15T09:15:00+00:00,KRW-BIO,B,0.14861,188.88
2026-04-15T09:15:00+00:00,KRW-ERA,B,0.02564,6.79
2026-04-15T09:15:00+00:00,KRW-MIRA,B,0.01562,6.3
2026-04-15T09:15:00+00:00,KRW-OPEN,B,0.01216,6.62
2026-04-15T09:30:00+00:00,KRW-ENSO,B,0.03517,4.65
2026-04-15T09:30:00+00:00,KRW-IN,B,0.03306,15.87
2026-04-15T09:30:00+00:00,KRW-MIRA,A,-0.01538,7.1
2026-04-15T09:45:00+00:00,KRW-ENSO,A,-0.03028,12.57
2026-04-15T09:45:00+00:00,KRW-ERA,A,-0.015,17.42
2026-04-15T11:00:00+00:00,KRW-BIO,A,-0.03061,80.81
2026-04-15T11:00:00+00:00,KRW-POL,B,0.008,5.31
2026-04-15T11:45:00+00:00,KRW-SAND,B,0.0087,3.24
2026-04-15T12:00:00+00:00,KRW-FLOCK,A,-0.02002,9.23
2026-04-15T12:00:00+00:00,KRW-INJ,B,0.00088,3.87
2026-04-15T12:15:00+00:00,KRW-WLFI,B,0.05085,17.57
2026-04-15T12:45:00+00:00,KRW-CHZ,B,0.01045,5.25
2026-04-15T12:45:00+00:00,KRW-IN,A,-0.03101,4.44
2026-04-15T13:15:00+00:00,KRW-BIO,B,0.02216,19.99
2026-04-15T14:00:00+00:00,KRW-AAVE,B,0.0249,14.06
2026-04-15T15:45:00+00:00,KRW-BIO,A,-0.02757,40.45
2026-04-15T16:30:00+00:00,KRW-PUMP,B,0.00357,3.42
2026-04-15T16:45:00+00:00,KRW-CHZ,B,0.00157,9.1
2026-04-15T17:15:00+00:00,KRW-BIO,B,0.01081,3.33
2026-04-15T17:30:00+00:00,KRW-CHZ,A,-0.00774,4.0
2026-04-15T21:00:00+00:00,KRW-INJ,B,0.0002,5.01
2026-04-15T21:15:00+00:00,KRW-BIO,B,0.02632,120.55
2026-04-15T21:45:00+00:00,KRW-BIO,A,-0.03254,58.94
2026-04-15T22:00:00+00:00,KRW-INJ,A,-0.00894,20.08
2026-04-15T23:15:00+00:00,KRW-CRO,A,-0.00971,5.69
2026-04-16T00:00:00+00:00,KRW-FLOCK,B,0.05122,7.64
2026-04-16T00:15:00+00:00,KRW-TRUMP,B,0.00703,6.59
2026-04-16T00:30:00+00:00,KRW-CHZ,B,0.01109,3.97
2026-04-16T01:15:00+00:00,KRW-FLOCK,A,-0.03272,6.29
2026-04-16T01:30:00+00:00,KRW-BIO,B,0.00362,7.17
2026-04-16T02:15:00+00:00,KRW-PEPE,B,0.02313,4.81
2026-04-16T02:30:00+00:00,KRW-BONK,B,0.01424,12.68
2026-04-16T02:30:00+00:00,KRW-DOOD,B,0.01616,7.04
2026-04-16T02:30:00+00:00,KRW-LINK,B,0.00511,3.3
2026-04-16T02:30:00+00:00,KRW-PENGU,B,0.00917,7.8
2026-04-16T02:45:00+00:00,KRW-BIO,A,-0.03106,14.85
2026-04-16T02:45:00+00:00,KRW-BONK,A,-0.00972,12.18
2026-04-16T02:45:00+00:00,KRW-PENGU,A,-0.01818,7.9
2026-04-16T02:45:00+00:00,KRW-PEPE,A,-0.0104,6.64
2026-04-16T03:45:00+00:00,KRW-ATOM,B,0.0019,7.48
2026-04-16T03:45:00+00:00,KRW-SHIB,B,0.0056,3.52
2026-04-16T04:00:00+00:00,KRW-ZKP,A,-0.0087,2.41
2026-04-16T04:30:00+00:00,KRW-FIL,B,0.01927,3.0
2026-04-16T04:30:00+00:00,KRW-INJ,B,0.00102,8.72
2026-04-16T05:30:00+00:00,KRW-BIRB,A,-0.03738,2.27
2026-04-16T06:00:00+00:00,KRW-BIO,B,0.03633,18.33
2026-04-16T06:00:00+00:00,KRW-FIL,A,-0.00972,4.4
2026-04-16T06:45:00+00:00,KRW-DOT,B,0.01095,7.67
2026-04-16T07:15:00+00:00,KRW-LINK,B,0.00146,3.72
2026-04-16T07:30:00+00:00,KRW-POL,B,0.00781,4.71
2026-04-16T08:00:00+00:00,KRW-BIO,A,-0.07203,14.47
2026-04-16T08:00:00+00:00,KRW-PENGU,A,-0.01818,5.23
2026-04-16T08:15:00+00:00,KRW-CFG,B,0.04747,4.41
2026-04-16T08:15:00+00:00,KRW-DEEP,B,0.0282,6.87
2026-04-16T08:15:00+00:00,KRW-DOT,A,-0.02112,20.78
2026-04-16T08:15:00+00:00,KRW-W,B,0.00526,5.97
2026-04-16T08:30:00+00:00,KRW-ARB,B,0.00571,3.23
2026-04-16T08:30:00+00:00,KRW-CFG,A,-0.01511,5.23
2026-04-16T08:30:00+00:00,KRW-DEEP,A,-0.01477,2.53
2026-04-16T08:30:00+00:00,KRW-KITE,B,0.00444,3.6
2026-04-16T08:30:00+00:00,KRW-W,A,-0.01047,3.96
2026-04-16T08:45:00+00:00,KRW-ERA,B,0.06436,24.22
2026-04-16T09:00:00+00:00,KRW-ERA,A,-0.05116,16.49
2026-04-16T09:30:00+00:00,KRW-CRO,B,0.00971,3.91
2026-04-16T10:15:00+00:00,KRW-BIRB,A,-0.00935,5.82
2026-04-16T10:30:00+00:00,KRW-BIO,B,0.00569,4.61
2026-04-16T10:30:00+00:00,KRW-PENGU,B,0.00935,3.29
2026-04-16T10:45:00+00:00,KRW-CHZ,B,0.01113,3.58
2026-04-16T12:00:00+00:00,KRW-FIL,B,0.00958,8.42
2026-04-16T12:00:00+00:00,KRW-SAND,B,0.0084,3.51
2026-04-16T12:15:00+00:00,KRW-SIGN,B,0.00265,5.1
2026-04-16T12:15:00+00:00,KRW-STORJ,A,-0.01299,1.38
2026-04-16T13:15:00+00:00,KRW-BIO,A,-0.04098,17.41
2026-04-16T13:30:00+00:00,KRW-DOT,B,0.00787,12.66
2026-04-16T13:45:00+00:00,KRW-ARB,A,-0.01087,4.73
2026-04-16T13:45:00+00:00,KRW-AVAX,A,-0.01134,5.53
2026-04-16T13:45:00+00:00,KRW-BONK,A,-0.01935,7.44
2026-04-16T13:45:00+00:00,KRW-DATA,B,0.00758,3.34
2026-04-16T13:45:00+00:00,KRW-DOT,A,-0.00832,6.16
2026-04-16T13:45:00+00:00,KRW-FIL,A,-0.01214,6.16
2026-04-16T13:45:00+00:00,KRW-LINK,A,-0.01154,5.33
2026-04-16T13:45:00+00:00,KRW-NEAR,A,-0.00631,4.73
2026-04-16T13:45:00+00:00,KRW-PENDLE,A,-0.02262,1.84
2026-04-16T13:45:00+00:00,KRW-PEPE,A,-0.01408,4.64
2026-04-16T13:45:00+00:00,KRW-PUMP,A,-0.01384,5.86
2026-04-16T13:45:00+00:00,KRW-SIGN,A,-0.03252,8.85
2026-04-16T13:45:00+00:00,KRW-STX,A,-0.01133,4.82
2026-04-16T13:45:00+00:00,KRW-SUI,A,-0.01646,4.64
2026-04-16T13:45:00+00:00,KRW-VIRTUAL,A,-0.0207,4.36
2026-04-16T13:45:00+00:00,KRW-W,A,-0.01064,3.87
2026-04-16T13:45:00+00:00,KRW-XEC,B,0.00952,4.87
2026-04-16T14:15:00+00:00,KRW-DATA,A,-0.03279,19.35
2026-04-16T14:15:00+00:00,KRW-DEEP,A,-0.01285,1.26
2026-04-16T14:15:00+00:00,KRW-ETC,A,-0.00718,4.22
2026-04-16T15:00:00+00:00,KRW-BIO,B,0.02674,5.23
2026-04-16T15:30:00+00:00,KRW-APT,B,0.02203,4.09
2026-04-16T15:30:00+00:00,KRW-ELF,A,-0.00847,2.33
2026-04-16T15:30:00+00:00,KRW-INJ,B,0.00521,6.53
2026-04-16T15:45:00+00:00,KRW-INJ,A,-0.00658,4.12
2026-04-16T15:45:00+00:00,KRW-LINK,B,0.00431,3.54
2026-04-16T15:45:00+00:00,KRW-UNI,B,0.00561,3.04
2026-04-16T16:00:00+00:00,KRW-COW,A,-0.03425,1.39
2026-04-16T16:15:00+00:00,KRW-SHIB,B,0.00877,4.1
2026-04-16T16:30:00+00:00,KRW-SIGN,B,0.00704,4.56
2026-04-16T18:00:00+00:00,KRW-CRO,B,0.00971,6.22
2026-04-16T18:30:00+00:00,KRW-ARB,B,0.00541,3.03
2026-04-16T18:30:00+00:00,KRW-HBAR,B,0.00763,3.98
2026-04-16T18:30:00+00:00,KRW-NEAR,B,0.00678,3.69
2026-04-16T18:45:00+00:00,KRW-ETC,B,0.01175,3.59
2026-04-16T18:45:00+00:00,KRW-PUMP,B,0.02389,3.91
2026-04-16T20:15:00+00:00,KRW-ARB,A,-0.0102,4.25
2026-04-16T21:45:00+00:00,KRW-FIL,B,0.01102,4.6
2026-04-16T22:00:00+00:00,KRW-DATA,B,0.02353,7.8
2026-04-16T23:30:00+00:00,KRW-BCH,B,0.00751,9.95
2026-04-17T00:00:00+00:00,KRW-BIGTIME,B,0.04478,7.48
2026-04-17T00:00:00+00:00,KRW-BIO,B,0.00753,8.41
2026-04-17T00:00:00+00:00,KRW-CFG,B,0.01714,3.45
2026-04-17T00:00:00+00:00,KRW-SIGN,A,-0.01639,6.1
2026-04-17T00:15:00+00:00,KRW-BIRB,B,0.00439,3.69
2026-04-17T00:15:00+00:00,KRW-LAYER,B,0.01562,3.64
2026-04-17T00:30:00+00:00,KRW-DATA,A,-0.03753,26.48
2026-04-17T00:30:00+00:00,KRW-PLUME,B,0.03977,3.5
2026-04-17T00:45:00+00:00,KRW-LAYER,A,-0.01504,13.61
2026-04-17T01:15:00+00:00,KRW-JUP,B,0.00373,4.68
2026-04-17T02:15:00+00:00,KRW-BIGTIME,A,-0.01442,1.39
2026-04-17T02:15:00+00:00,KRW-PLUME,A,-0.0266,5.03
2026-04-17T02:15:00+00:00,KRW-ZORA,A,-0.01333,3.61
2026-04-17T02:30:00+00:00,KRW-DATA,B,0.00924,6.75
2026-04-17T02:30:00+00:00,KRW-SAND,B,0.00826,3.6
2026-04-17T04:15:00+00:00,KRW-BERA,B,0.01488,4.06
2026-04-17T04:30:00+00:00,KRW-BERA,A,-0.0176,8.38
2026-04-17T04:30:00+00:00,KRW-SIGN,B,0.01618,4.35
2026-04-17T05:00:00+00:00,KRW-SIGN,A,-0.01905,8.62
2026-04-17T05:00:00+00:00,KRW-WAVES,A,-0.00803,3.02
2026-04-17T05:15:00+00:00,KRW-DATA,A,-0.02815,7.45
2026-04-17T06:30:00+00:00,KRW-ATOM,B,0.00038,3.42
2026-04-17T07:15:00+00:00,KRW-PLUME,B,0.02105,4.59
2026-04-17T07:30:00+00:00,KRW-LSK,B,0.0051,3.72
2026-04-17T08:00:00+00:00,KRW-VANA,B,0.03949,5.99
2026-04-17T08:15:00+00:00,KRW-ENSO,B,0.02206,9.72
2026-04-17T08:15:00+00:00,KRW-ME,B,0.00613,6.36
2026-04-17T08:15:00+00:00,KRW-MOVE,B,0.00717,6.93
2026-04-17T08:15:00+00:00,KRW-PENDLE,B,0.01442,3.18
2026-04-17T08:30:00+00:00,KRW-MMT,A,-0.01826,2.49
2026-04-17T08:30:00+00:00,KRW-VANA,A,-0.06838,18.33
2026-04-17T08:45:00+00:00,KRW-JUP,B,0.02222,4.75
2026-04-17T08:45:00+00:00,KRW-MMT,B,0.02326,3.99
2026-04-17T09:15:00+00:00,KRW-ENS,B,0.00436,3.33
2026-04-17T09:15:00+00:00,KRW-SAND,B,0.0082,3.41
2026-04-17T09:30:00+00:00,KRW-DATA,B,0.00331,4.18
2026-04-17T10:00:00+00:00,KRW-PENDLE,A,-0.01504,10.07
2026-04-17T10:15:00+00:00,KRW-INJ,A,-0.00715,4.83
2026-04-17T10:30:00+00:00,KRW-DATA,A,-0.0253,5.21
2026-04-17T10:30:00+00:00,KRW-NEAR,A,-0.02854,5.3
2026-04-17T11:30:00+00:00,KRW-ATOM,B,0.00186,3.94
2026-04-17T12:00:00+00:00,KRW-ARB,B,0.01515,9.74
2026-04-17T12:15:00+00:00,KRW-ARB,A,-0.01493,3.89
2026-04-17T12:30:00+00:00,KRW-PENDLE,B,0.01809,7.28
2026-04-17T12:45:00+00:00,KRW-LINK,B,0.00425,3.09
2026-04-17T12:45:00+00:00,KRW-PENGU,B,0.00862,5.06
2026-04-17T12:45:00+00:00,KRW-VIRTUAL,B,0.01173,3.43
2026-04-17T13:00:00+00:00,KRW-PEPE,B,0.0051,3.54
2026-04-17T13:15:00+00:00,KRW-AVAX,B,0.00622,3.28
2026-04-17T13:15:00+00:00,KRW-DEEP,B,0.00206,3.07
2026-04-17T13:15:00+00:00,KRW-ENS,B,0.00216,3.91
2026-04-17T13:15:00+00:00,KRW-ETC,B,0.00851,12.0
2026-04-17T13:15:00+00:00,KRW-INJ,B,0.00595,5.71
2026-04-17T13:15:00+00:00,KRW-NEAR,B,0.00289,4.21
2026-04-17T13:15:00+00:00,KRW-SHIB,B,0.01068,4.79
2026-04-17T13:15:00+00:00,KRW-SUI,B,0.00999,5.37
2026-04-17T13:30:00+00:00,KRW-XEC,B,0.00917,3.83
2026-04-17T13:45:00+00:00,KRW-BCH,B,0.00298,3.37
2026-04-17T13:45:00+00:00,KRW-CRO,B,0.00943,8.23
2026-04-17T14:00:00+00:00,KRW-ETC,A,-0.00536,5.6
2026-04-17T14:00:00+00:00,KRW-FIL,A,-0.00805,6.56
2026-04-17T14:00:00+00:00,KRW-PENDLE,A,-0.01109,12.12
2026-04-17T18:00:00+00:00,KRW-ARB,B,0.00518,3.04
2026-04-17T22:30:00+00:00,KRW-PENDLE,B,0.0173,4.16
2026-04-17T22:45:00+00:00,KRW-PENDLE,A,-0.00965,3.13
2026-04-17T23:15:00+00:00,KRW-SUI,A,-0.0054,4.2
2026-04-18T00:00:00+00:00,KRW-DATA,B,0.01878,11.92
2026-04-18T00:00:00+00:00,KRW-LAYER,A,-0.02273,3.14
2026-04-18T00:00:00+00:00,KRW-VANA,A,-0.00972,1.36
2026-04-18T00:15:00+00:00,KRW-FLOCK,B,0.01309,5.51
2026-04-18T00:15:00+00:00,KRW-VANA,B,0.00561,3.51
2026-04-18T00:15:00+00:00,KRW-WAVES,B,0.01435,4.14
2026-04-18T00:45:00+00:00,KRW-DATA,A,-0.01786,4.76
2026-04-18T01:15:00+00:00,KRW-WAVES,A,-0.01548,5.1
2026-04-18T01:30:00+00:00,KRW-BIO,B,0.05057,5.4
2026-04-18T02:30:00+00:00,KRW-AVNT,A,-0.01818,1.52
2026-04-18T02:30:00+00:00,KRW-ONT,B,0.02308,4.28
2026-04-18T03:15:00+00:00,KRW-PENDLE,A,-0.00921,3.16
2026-04-18T05:45:00+00:00,KRW-SHIB,B,0.00647,5.64
2026-04-18T08:15:00+00:00,KRW-AVAX,A,-0.00908,4.65
2026-04-18T08:15:00+00:00,KRW-BIGTIME,A,-0.0093,0.85
2026-04-18T08:30:00+00:00,KRW-SUI,A,-0.00817,4.58
2026-04-18T08:45:00+00:00,KRW-ELF,A,-0.01639,1.94
2026-04-18T09:00:00+00:00,KRW-WAVES,B,0.03086,18.25
2026-04-18T09:15:00+00:00,KRW-CRO,A,-0.00952,6.88
2026-04-18T09:15:00+00:00,KRW-WAVES,A,-0.02096,59.32
2026-04-18T10:00:00+00:00,KRW-BIGTIME,B,0.00465,3.07
2026-04-18T10:00:00+00:00,KRW-LINK,A,-0.00571,5.94
2026-04-18T10:45:00+00:00,KRW-PENDLE,A,-0.01506,3.68
2026-04-18T10:45:00+00:00,KRW-STX,B,0.00288,4.44
2026-04-18T11:00:00+00:00,KRW-SAND,A,-0.01626,4.07
2026-04-18T11:15:00+00:00,KRW-CRO,B,0.00962,4.06
2026-04-18T11:30:00+00:00,KRW-PEPE,A,-0.0088,5.13
2026-04-18T11:30:00+00:00,KRW-RENDER,A,-0.00933,2.72
2026-04-18T11:45:00+00:00,KRW-PUMP,B,0.00358,4.3
2026-04-18T11:45:00+00:00,KRW-SUI,B,0.00141,3.27
2026-04-18T12:15:00+00:00,KRW-BIGTIME,A,-0.02804,1.72
2026-04-18T13:30:00+00:00,KRW-WAVES,B,0.00759,8.43
2026-04-18T13:45:00+00:00,KRW-HBAR,B,0.00758,4.63
2026-04-18T15:30:00+00:00,KRW-ME,A,-0.02312,2.46
2026-04-18T15:45:00+00:00,KRW-WAVES,A,-0.01508,7.79
2026-04-18T16:00:00+00:00,KRW-AVNT,B,0.02174,17.89
2026-04-18T16:15:00+00:00,KRW-AVNT,A,-0.02128,5.27
2026-04-18T18:15:00+00:00,KRW-MOVE,B,0.02787,25.77
2026-04-18T18:30:00+00:00,KRW-AAVE,A,-0.08424,32.64
2026-04-18T18:30:00+00:00,KRW-MOVE,A,-0.04068,24.35
2026-04-18T18:45:00+00:00,KRW-AAVE,B,0.02846,16.35
2026-04-18T20:00:00+00:00,KRW-CRO,A,-0.00962,6.45
2026-04-18T21:00:00+00:00,KRW-WAVES,A,-0.00779,4.27
2026-04-18T23:15:00+00:00,KRW-BIO,B,0.01237,3.7
2026-04-18T23:15:00+00:00,KRW-WAVES,B,0.01087,6.57
2026-04-18T23:30:00+00:00,KRW-MOVE,A,-0.00997,4.79
2026-04-18T23:45:00+00:00,KRW-AAVE,A,-0.0138,6.05
2026-04-19T00:00:00+00:00,KRW-CFG,B,0.02632,3.8
2026-04-19T00:00:00+00:00,KRW-DOOD,B,0.025,5.02
2026-04-19T00:00:00+00:00,KRW-IN,B,0.07204,8.01
2026-04-19T00:15:00+00:00,KRW-AAVE,B,0.00204,3.43
2026-04-19T00:15:00+00:00,KRW-MOVE,B,0.03767,6.9
2026-04-19T00:15:00+00:00,KRW-ZRO,A,-0.01114,4.28
2026-04-19T00:30:00+00:00,KRW-VANA,B,0.01078,3.8
2026-04-19T00:45:00+00:00,KRW-ZKP,A,-0.00943,4.52
2026-04-19T01:15:00+00:00,KRW-UNI,B,0.00081,3.67
2026-04-19T01:15:00+00:00,KRW-WAVES,A,-0.01988,2.65
2026-04-19T01:30:00+00:00,KRW-CFG,A,-0.08557,11.1
2026-04-19T01:30:00+00:00,KRW-DATA,B,0.0199,3.28
2026-04-19T01:45:00+00:00,KRW-OPEN,A,-0.0176,3.16
2026-04-19T01:45:00+00:00,KRW-SNT,B,0.00671,11.97
2026-04-19T01:45:00+00:00,KRW-TREE,A,-0.07826,9.81
2026-04-19T02:00:00+00:00,KRW-ERA,A,-0.00952,4.83
2026-04-19T02:30:00+00:00,KRW-SNT,A,-0.03896,19.37
2026-04-19T03:30:00+00:00,KRW-ZRO,B,0.01697,5.35
2026-04-19T04:30:00+00:00,KRW-AAVE,A,-0.01355,8.62
2026-04-19T04:30:00+00:00,KRW-ZRO,A,-0.01528,5.67
2026-04-19T05:15:00+00:00,KRW-MOVE,A,-0.01384,1.65
2026-04-19T05:30:00+00:00,KRW-BONK,B,0.00112,11.38
2026-04-19T06:00:00+00:00,KRW-MOVE,B,0.03158,11.55
2026-04-19T06:15:00+00:00,KRW-VANA,B,0.03527,3.25
2026-04-19T06:30:00+00:00,KRW-AAVE,B,0.00073,5.82
2026-04-19T06:30:00+00:00,KRW-AVAX,B,0.00363,3.3
2026-04-19T06:30:00+00:00,KRW-VANA,A,-0.0154,6.37
2026-04-19T07:15:00+00:00,KRW-AVAX,A,-0.00873,5.83
2026-04-19T07:15:00+00:00,KRW-VIRTUAL,A,-0.00783,4.1
2026-04-19T07:30:00+00:00,KRW-ZRO,B,0.01147,6.05
2026-04-19T08:30:00+00:00,KRW-AAVE,A,-0.01531,11.77
2026-04-19T08:45:00+00:00,KRW-ZRO,A,-0.01393,8.84
2026-04-19T09:45:00+00:00,KRW-W,B,0.00541,4.12
2026-04-19T10:45:00+00:00,KRW-W,A,-0.0107,3.26
2026-04-19T11:30:00+00:00,KRW-AAVE,B,0.00657,3.35
2026-04-19T11:30:00+00:00,KRW-MOVE,B,0.01311,11.67
2026-04-19T11:30:00+00:00,KRW-ZRO,B,0.04993,11.0
2026-04-19T12:00:00+00:00,KRW-MOVE,A,-0.02229,6.64
2026-04-19T12:15:00+00:00,KRW-SAND,B,0.00847,4.11
2026-04-19T12:45:00+00:00,KRW-POL,B,0.00746,3.88
2026-04-19T13:15:00+00:00,KRW-CRO,B,0.00962,4.36
2026-04-19T13:15:00+00:00,KRW-ZRO,A,-0.0357,33.94
2026-04-19T14:00:00+00:00,KRW-W,B,0.00526,3.56
2026-04-19T16:30:00+00:00,KRW-CRO,A,-0.00962,10.38
2026-04-19T19:15:00+00:00,KRW-AAVE,B,0.02013,4.91
2026-04-19T20:45:00+00:00,KRW-MOVE,A,-0.02703,7.61
2026-04-19T21:15:00+00:00,KRW-ELF,A,-0.0084,4.36
2026-04-19T22:00:00+00:00,KRW-STX,A,-0.00904,5.83
2026-04-19T22:00:00+00:00,KRW-W,A,-0.01596,5.25
2026-04-19T22:15:00+00:00,KRW-MOVE,B,0.00352,3.06
2026-04-19T22:15:00+00:00,KRW-SUI,A,-0.00578,4.7
2026-04-19T23:30:00+00:00,KRW-AVAX,B,0.00075,3.22
2026-04-20T00:00:00+00:00,KRW-IN,B,0.03708,3.46
2026-04-20T00:45:00+00:00,KRW-CHZ,B,0.01613,6.56
2026-04-20T01:00:00+00:00,KRW-ZRO,B,0.01111,22.31
2026-04-20T01:15:00+00:00,KRW-AAVE,B,0.00145,5.65
2026-04-20T01:30:00+00:00,KRW-PLUME,B,0.02151,5.48
2026-04-20T01:45:00+00:00,KRW-AWE,A,-0.01175,2.04
2026-04-20T02:00:00+00:00,KRW-PLUME,A,-0.02551,18.79
2026-04-20T03:30:00+00:00,KRW-CFG,B,0.00229,3.82
2026-04-20T04:00:00+00:00,KRW-CHZ,A,-0.00922,5.52
2026-04-20T04:45:00+00:00,KRW-CHZ,B,0.01238,5.5
2026-04-20T05:30:00+00:00,KRW-ZRO,A,-0.01449,3.03
2026-04-20T05:45:00+00:00,KRW-STX,B,0.00306,3.37
2026-04-20T07:15:00+00:00,KRW-AAVE,B,0.0102,3.4
2026-04-20T07:15:00+00:00,KRW-PENGU,B,0.01869,3.89
2026-04-20T07:15:00+00:00,KRW-PEPE,B,0.01083,3.39
2026-04-20T07:45:00+00:00,KRW-MMT,A,-0.0201,3.52
2026-04-20T08:30:00+00:00,KRW-ZRO,B,0.00644,3.15
2026-04-20T08:45:00+00:00,KRW-CHZ,A,-0.01077,5.03
2026-04-20T09:45:00+00:00,KRW-FLOCK,B,0.02691,3.81
2026-04-20T10:00:00+00:00,KRW-CHZ,B,0.01404,3.75
2026-04-20T10:00:00+00:00,KRW-FLOCK,A,-0.02402,15.84
2026-04-20T12:00:00+00:00,KRW-ARB,B,0.00529,3.26
2026-04-20T13:15:00+00:00,KRW-ARB,A,-0.01047,6.22
2026-04-20T14:15:00+00:00,KRW-JTO,B,0.0119,4.26
2026-04-20T14:15:00+00:00,KRW-PENGU,B,0.01818,4.34
2026-04-20T14:15:00+00:00,KRW-SUI,B,0.00143,5.11
2026-04-20T15:00:00+00:00,KRW-AAVE,A,-0.01511,7.55
2026-04-20T15:15:00+00:00,KRW-CHZ,B,0.00608,7.11
2026-04-20T15:15:00+00:00,KRW-POL,B,0.01481,3.5
2026-04-20T16:30:00+00:00,KRW-ARB,B,0.00526,3.55
2026-04-20T16:30:00+00:00,KRW-ELF,A,-0.00847,1.95
2026-04-20T20:00:00+00:00,KRW-AAVE,B,0.03085,4.19
2026-04-20T20:45:00+00:00,KRW-CHZ,B,0.00718,3.62
2026-04-20T22:30:00+00:00,KRW-CHZ,A,-0.01004,4.42
2026-04-21T00:00:00+00:00,KRW-CFG,B,0.02089,5.62
2026-04-21T00:00:00+00:00,KRW-DATA,B,0.03187,3.52
2026-04-21T00:00:00+00:00,KRW-FLOCK,B,0.0362,10.42
2026-04-21T00:00:00+00:00,KRW-ZKP,B,0.01942,4.19
2026-04-21T00:15:00+00:00,KRW-CFG,A,-0.0665,7.91
2026-04-21T00:30:00+00:00,KRW-ZKP,A,-0.00935,2.77
2026-04-21T01:15:00+00:00,KRW-CHZ,B,0.00145,3.21
2026-04-21T01:15:00+00:00,KRW-W,B,0.00532,6.76
2026-04-21T03:00:00+00:00,KRW-ELF,A,-0.01695,2.99
2026-04-21T03:30:00+00:00,KRW-AAVE,B,0.01474,3.95
2026-04-21T04:15:00+00:00,KRW-BIRB,B,0.02488,7.66
2026-04-21T04:30:00+00:00,KRW-BIRB,A,-0.01456,13.64
2026-04-21T05:00:00+00:00,KRW-PENGU,B,0.00893,7.57
2026-04-21T06:00:00+00:00,KRW-AAVE,A,-0.01421,5.66
2026-04-21T06:30:00+00:00,KRW-BIO,B,0.05814,4.39
2026-04-21T10:30:00+00:00,KRW-OPEN,A,-0.01506,2.6
2026-04-21T10:45:00+00:00,KRW-FLOCK,A,-0.01376,10.16
2026-04-21T11:00:00+00:00,KRW-BIRB,B,0.01951,11.54
2026-04-21T11:15:00+00:00,KRW-FLOCK,B,0.04478,10.43
2026-04-21T12:00:00+00:00,KRW-BIRB,A,-0.01887,9.38
2026-04-21T12:00:00+00:00,KRW-CHZ,B,0.00282,7.44
2026-04-21T12:30:00+00:00,KRW-W,A,-0.01622,4.47
2026-04-21T12:45:00+00:00,KRW-AAVE,B,0.00148,3.02
2026-04-21T13:00:00+00:00,KRW-ATOM,A,-0.01157,7.03
2026-04-21T13:45:00+00:00,KRW-CHZ,A,-0.00976,4.7
2026-04-21T15:15:00+00:00,KRW-SIGN,B,0.02593,3.79
2026-04-21T15:30:00+00:00,KRW-ATOM,B,0.00519,6.28
2026-04-21T19:30:00+00:00,KRW-SAND,A,-0.01739,4.29
2026-04-22T00:00:00+00:00,KRW-MET2,B,0.05597,6.9
2026-04-22T00:15:00+00:00,KRW-JTO,B,0.04078,4.51
2026-04-22T00:15:00+00:00,KRW-W,B,0.00543,4.02
2026-04-22T00:45:00+00:00,KRW-LINK,B,0.00072,7.48
2026-04-22T01:00:00+00:00,KRW-MET2,A,-0.10032,47.43
2026-04-22T01:15:00+00:00,KRW-BIRB,B,0.00957,17.3
2026-04-22T01:30:00+00:00,KRW-BIRB,A,-0.01896,8.38
2026-04-22T01:45:00+00:00,KRW-AVNT,B,0.00478,8.02
2026-04-22T02:15:00+00:00,KRW-ATOM,B,0.00794,3.26
2026-04-22T02:15:00+00:00,KRW-AVNT,A,-0.02765,5.23
2026-04-22T02:30:00+00:00,KRW-ENS,B,0.01604,6.86
2026-04-22T04:00:00+00:00,KRW-SEI,B,0.00892,4.77
2026-04-22T04:15:00+00:00,KRW-MET2,B,0.02574,4.13
2026-04-22T04:45:00+00:00,KRW-ATOM,A,-0.00707,4.55
2026-04-22T05:15:00+00:00,KRW-BCH,B,0.00297,4.53
2026-04-22T05:15:00+00:00,KRW-LINK,B,0.00285,4.7
2026-04-22T05:15:00+00:00,KRW-PENGU,B,0.00833,4.81
2026-04-22T05:30:00+00:00,KRW-SEI,A,-0.02343,6.68
2026-04-22T05:45:00+00:00,KRW-MET2,A,-0.01832,4.53
2026-04-22T06:00:00+00:00,KRW-ENS,A,-0.00594,4.93
2026-04-22T06:15:00+00:00,KRW-AVNT,B,0.01402,4.86
2026-04-22T06:45:00+00:00,KRW-AVNT,A,-0.02273,1.63
2026-04-22T07:15:00+00:00,KRW-HOLO,B,0.02273,3.61
2026-04-22T07:30:00+00:00,KRW-HOLO,A,-0.03939,2.99
2026-04-22T07:45:00+00:00,KRW-ENS,B,0.00054,3.59
2026-04-22T09:30:00+00:00,KRW-MET2,B,0.02482,4.42
2026-04-22T09:45:00+00:00,KRW-MET2,A,-0.01384,4.11
2026-04-22T09:45:00+00:00,KRW-SEI,B,0.00327,3.1
2026-04-22T10:00:00+00:00,KRW-PENGU,B,0.008,3.63
2026-04-22T10:15:00+00:00,KRW-XEC,A,-0.01852,3.69
2026-04-22T10:30:00+00:00,KRW-BONK,B,0.00735,4.86
2026-04-22T10:45:00+00:00,KRW-ARB,B,0.00526,5.01
2026-04-22T11:15:00+00:00,KRW-BONK,A,-0.01024,4.49
2026-04-22T11:15:00+00:00,KRW-PENGU,A,-0.02256,14.67
2026-04-22T11:30:00+00:00,KRW-ARB,A,-0.01058,5.21
2026-04-22T11:45:00+00:00,KRW-SAND,B,0.0087,3.25
2026-04-22T13:00:00+00:00,KRW-HOLO,B,0.03734,12.7
2026-04-22T13:15:00+00:00,KRW-AAVE,B,0.01367,4.53
2026-04-22T13:15:00+00:00,KRW-PYTH,B,0.0227,28.63
2026-04-22T13:30:00+00:00,KRW-PYTH,A,-0.0111,18.72
2026-04-22T13:45:00+00:00,KRW-TRX,A,-0.00407,4.25
2026-04-22T14:15:00+00:00,KRW-PENGU,B,0.00781,3.36
2026-04-22T14:30:00+00:00,KRW-LINK,A,-0.00426,5.75
2026-04-22T15:30:00+00:00,KRW-AVNT,A,-0.01747,2.1
2026-04-22T15:30:00+00:00,KRW-HBAR,B,0.01471,3.54
2026-04-22T17:30:00+00:00,KRW-LSK,B,0.01026,4.81
2026-04-23T00:00:00+00:00,KRW-FLOCK,B,0.02614,3.46
2026-04-23T00:00:00+00:00,KRW-SAND,A,-0.01739,6.19
2026-04-23T00:00:00+00:00,KRW-ZKP,A,-0.00962,4.39
2026-04-23T00:15:00+00:00,KRW-MET2,A,-0.01832,2.21
2026-04-23T00:15:00+00:00,KRW-SAND,B,0.00885,9.19
2026-04-23T00:15:00+00:00,KRW-SHIB,B,0.00554,3.3
2026-04-23T00:15:00+00:00,KRW-SUI,B,0.00791,4.11
2026-04-23T00:15:00+00:00,KRW-XAUT,B,0.00589,4.83
2026-04-23T01:45:00+00:00,KRW-BIO,B,0.10921,7.35
2026-04-23T02:15:00+00:00,KRW-BIO,A,-0.03918,5.64
2026-04-23T02:15:00+00:00,KRW-ETC,A,-0.00479,3.84
2026-04-23T04:45:00+00:00,KRW-FLOCK,B,0.00103,3.39
2026-04-23T04:45:00+00:00,KRW-RED,A,-0.07512,4.8
2026-04-23T05:00:00+00:00,KRW-PENGU,B,0.00787,3.42
2026-04-23T05:45:00+00:00,KRW-ZBT,A,-0.03871,4.68
2026-04-23T06:00:00+00:00,KRW-CHZ,B,0.00699,3.48
2026-04-23T09:00:00+00:00,KRW-ELF,A,-0.00855,2.43
2026-04-23T09:00:00+00:00,KRW-PENGU,A,-0.02362,6.28
2026-04-23T19:15:00+00:00,KRW-PUMP,B,0.01136,5.65
2026-04-23T21:15:00+00:00,KRW-PYTH,B,0.01319,3.01
2026-04-24T00:00:00+00:00,KRW-AAVE,B,0.01497,6.42
2026-04-24T00:00:00+00:00,KRW-CHZ,B,0.01872,4.5
2026-04-24T00:00:00+00:00,KRW-ENSO,B,0.06632,16.87
2026-04-24T00:00:00+00:00,KRW-MET2,B,0.00763,3.85
2026-04-24T00:00:00+00:00,KRW-RED,B,0.09453,6.57
2026-04-24T00:00:00+00:00,KRW-SKR,B,0.01754,4.96
2026-04-24T00:00:00+00:00,KRW-ZKP,A,-0.00943,2.77
2026-04-24T00:15:00+00:00,KRW-ELF,A,-0.00862,8.87
2026-04-24T00:30:00+00:00,KRW-ENSO,A,-0.02097,5.67
2026-04-24T00:30:00+00:00,KRW-PYTH,A,-0.02956,11.37
2026-04-24T00:30:00+00:00,KRW-VIRTUAL,B,0.01051,4.78
2026-04-24T01:45:00+00:00,KRW-PENGU,B,0.0315,6.6
2026-04-24T02:30:00+00:00,KRW-AWE,B,0.0103,3.4
2026-04-24T02:30:00+00:00,KRW-SKR,A,-0.01245,6.04
2026-04-24T02:45:00+00:00,KRW-XAUT,A,-0.00259,16.92
2026-04-24T03:15:00+00:00,KRW-PENGU,A,-0.0155,4.23
2026-04-24T04:00:00+00:00,KRW-SKR,B,0.00365,62.17
2026-04-24T05:15:00+00:00,KRW-ZKP,B,0.01869,5.89
2026-04-24T06:00:00+00:00,KRW-ZKP,A,-0.00877,9.24
2026-04-24T06:15:00+00:00,KRW-ENS,B,0.00969,5.15
2026-04-24T06:15:00+00:00,KRW-ESP,B,0.0339,5.61
2026-04-24T06:30:00+00:00,KRW-BIRB,B,0.02262,3.06
2026-04-24T06:45:00+00:00,KRW-ESP,A,-0.016,6.51
2026-04-24T06:45:00+00:00,KRW-SKR,A,-0.01618,85.1
2026-04-24T08:15:00+00:00,KRW-SKR,B,0.01038,34.97
2026-04-24T09:30:00+00:00,KRW-INJ,B,0.00585,3.73
2026-04-24T09:30:00+00:00,KRW-ZKP,B,0.02564,8.44
2026-04-24T10:15:00+00:00,KRW-ZKP,A,-0.01667,4.51
2026-04-24T11:00:00+00:00,KRW-ENS,B,0.01646,4.99
2026-04-24T11:30:00+00:00,KRW-ENS,A,-0.01194,7.45
2026-04-24T11:30:00+00:00,KRW-ESP,B,0.01587,3.85
2026-04-24T11:45:00+00:00,KRW-BIRB,B,0.00433,4.87
2026-04-24T11:45:00+00:00,KRW-ESP,A,-0.01562,3.46
2026-04-24T11:45:00+00:00,KRW-SKR,A,-0.02469,133.2
2026-04-24T11:45:00+00:00,KRW-SOPH,B,0.00746,4.27
2026-04-24T12:15:00+00:00,KRW-SKR,B,0.04502,123.0
2026-04-24T13:45:00+00:00,KRW-TREE,B,0.10345,18.48
2026-04-24T14:00:00+00:00,KRW-ARB,B,0.00521,3.11
2026-04-24T14:15:00+00:00,KRW-BIRB,A,-0.0249,14.38
2026-04-24T14:15:00+00:00,KRW-TREE,A,-0.06667,6.52
2026-04-24T14:45:00+00:00,KRW-ELF,A,-0.00855,3.53
2026-04-24T15:30:00+00:00,KRW-SAND,B,0.0087,5.25
2026-04-24T15:45:00+00:00,KRW-SKR,A,-0.01361,9.98
2026-04-24T16:00:00+00:00,KRW-TRX,A,-0.00825,9.69
2026-04-24T16:15:00+00:00,KRW-SKR,B,0.01695,29.88
2026-04-24T17:00:00+00:00,KRW-TRUMP,B,0.03224,9.4
2026-04-24T18:00:00+00:00,KRW-TRUMP,A,-0.03093,4.56
2026-04-24T18:45:00+00:00,KRW-SHIB,B,0.00324,8.32
2026-04-24T19:45:00+00:00,KRW-ZBT,B,0.03721,3.95
2026-04-24T20:00:00+00:00,KRW-SKR,A,-0.02,10.84
2026-04-24T20:15:00+00:00,KRW-ZBT,A,-0.08072,6.77
2026-04-24T20:30:00+00:00,KRW-SKR,B,0.00344,9.38
2026-04-24T21:15:00+00:00,KRW-ME,A,-0.01775,9.92
2026-04-24T23:00:00+00:00,KRW-AVAX,B,0.00071,4.48
2026-04-24T23:15:00+00:00,KRW-W,B,0.00472,4.73
2026-04-24T23:15:00+00:00,KRW-ZKP,B,0.01724,4.7
2026-04-25T00:00:00+00:00,KRW-RVN,B,0.10787,72.69
2026-04-25T00:00:00+00:00,KRW-SKR,A,-0.06207,9.18
2026-04-25T00:00:00+00:00,KRW-WAVES,A,-0.01274,1.54
2026-04-25T00:00:00+00:00,KRW-ZBT,B,0.01905,6.68
2026-04-25T00:00:00+00:00,KRW-ZKP,A,-0.01709,3.0
2026-04-25T00:15:00+00:00,KRW-RVN,A,-0.00913,31.83
2026-04-25T00:30:00+00:00,KRW-BIRB,B,0.02609,3.31
2026-04-25T00:30:00+00:00,KRW-DATA,B,0.02583,5.23
2026-04-25T00:30:00+00:00,KRW-W,A,-0.02727,30.87
2026-04-25T00:45:00+00:00,KRW-ZBT,A,-0.02469,12.93
2026-04-25T01:00:00+00:00,KRW-ATOM,B,0.00602,6.17
2026-04-25T01:15:00+00:00,KRW-SOPH,B,0.01439,3.0
2026-04-25T01:30:00+00:00,KRW-SAND,B,0.00847,5.13
2026-04-25T01:45:00+00:00,KRW-SOPH,A,-0.02817,10.61
2026-04-25T03:15:00+00:00,KRW-AXS,B,0.01131,8.5
2026-04-25T03:30:00+00:00,KRW-BIGTIME,A,-0.01364,1.56
2026-04-25T03:45:00+00:00,KRW-AXS,A,-0.01205,9.21
2026-04-25T04:00:00+00:00,KRW-W,B,0.00926,5.41
2026-04-25T04:15:00+00:00,KRW-HYPER,B,0.01935,4.91
2026-04-25T04:15:00+00:00,KRW-RVN,A,-0.01294,6.37
2026-04-25T04:30:00+00:00,KRW-HYPER,A,-0.03797,3.69
2026-04-25T04:45:00+00:00,KRW-SKR,B,0.02583,4.81
2026-04-25T05:30:00+00:00,KRW-FIL,B,0.00211,3.03
2026-04-25T05:30:00+00:00,KRW-SAND,B,0.01639,25.66
2026-04-25T05:45:00+00:00,KRW-BIGTIME,B,0.00452,3.91
2026-04-25T06:15:00+00:00,KRW-SHIB,B,0.00216,10.82
2026-04-25T06:30:00+00:00,KRW-SAND,A,-0.016,18.05
2026-04-25T07:15:00+00:00,KRW-AXS,B,0.00429,30.22
2026-04-25T07:45:00+00:00,KRW-BIGTIME,A,-0.01345,3.27
2026-04-25T08:00:00+00:00,KRW-AXS,A,-0.01054,52.46
2026-04-25T08:00:00+00:00,KRW-ZKP,B,0.01709,4.3
2026-04-25T08:30:00+00:00,KRW-ALGO,B,0.00578,3.18
2026-04-25T08:30:00+00:00,KRW-CRO,B,0.00962,6.04
2026-04-25T08:45:00+00:00,KRW-TRX,A,-0.00415,4.91
2026-04-25T09:00:00+00:00,KRW-AWE,B,0.00608,3.95
2026-04-25T10:30:00+00:00,KRW-AWE,A,-0.01311,112.58
2026-04-25T10:30:00+00:00,KRW-HYPER,B,0.00637,8.42
2026-04-25T10:45:00+00:00,KRW-HYPER,A,-0.01266,2.99
2026-04-25T10:45:00+00:00,KRW-SAND,B,0.00806,14.72
2026-04-25T11:15:00+00:00,KRW-ATOM,B,0.00361,3.68
2026-04-25T11:15:00+00:00,KRW-AXS,B,0.0035,124.58
2026-04-25T11:15:00+00:00,KRW-TRUMP,A,-0.00877,3.58
2026-04-25T11:30:00+00:00,KRW-SAHARA,B,0.05279,9.05
2026-04-25T11:30:00+00:00,KRW-SAND,A,-0.024,17.32
2026-04-25T11:30:00+00:00,KRW-ZKP,A,-0.01681,2.79
2026-04-25T12:00:00+00:00,KRW-AXS,A,-0.0605,127.24
2026-04-25T12:00:00+00:00,KRW-HOLO,B,0.00705,3.13
2026-04-25T12:30:00+00:00,KRW-BIGTIME,A,-0.00943,1.63
2026-04-25T12:30:00+00:00,KRW-HBAR,B,0.00741,4.72
2026-04-25T12:30:00+00:00,KRW-LA,B,0.01176,9.5
2026-04-25T12:30:00+00:00,KRW-MIRA,B,0.02963,20.72
2026-04-25T12:30:00+00:00,KRW-SAHARA,A,-0.04326,41.85
2026-04-25T12:45:00+00:00,KRW-LA,A,-0.01163,6.26
2026-04-25T12:45:00+00:00,KRW-MIRA,A,-0.03597,18.16
2026-04-25T12:45:00+00:00,KRW-SOPH,A,-0.01471,3.15
2026-04-25T13:00:00+00:00,KRW-TRUMP,B,0.03652,17.1
2026-04-25T13:15:00+00:00,KRW-ERA,A,-0.01333,3.4
2026-04-25T13:15:00+00:00,KRW-HOLO,A,-0.04717,5.21
2026-04-25T13:15:00+00:00,KRW-KAT,B,0.02281,4.86
2026-04-25T13:30:00+00:00,KRW-PLUME,B,0.01942,16.19
2026-04-25T13:45:00+00:00,KRW-ERA,B,0.01794,5.15
2026-04-25T13:45:00+00:00,KRW-PLUME,A,-0.0381,11.98
2026-04-25T13:45:00+00:00,KRW-XAUT,B,0.00029,4.73
2026-04-25T14:00:00+00:00,KRW-DOOD,A,-0.02004,8.41
2026-04-25T14:00:00+00:00,KRW-ENSO,B,0.02065,60.22
2026-04-25T14:00:00+00:00,KRW-ID,A,-0.02062,7.13
2026-04-25T14:00:00+00:00,KRW-INJ,A,-0.0094,33.12
2026-04-25T14:00:00+00:00,KRW-LSK,B,0.00521,11.78
2026-04-25T14:00:00+00:00,KRW-MANTRA,B,0.00654,4.22
2026-04-25T14:00:00+00:00,KRW-VANA,B,0.00264,10.9
2026-04-25T14:15:00+00:00,KRW-ATOM,A,-0.00654,8.36
2026-04-25T14:15:00+00:00,KRW-INJ,B,0.00664,4.26
2026-04-25T14:15:00+00:00,KRW-VANA,A,-0.01978,2.14
2026-04-25T14:30:00+00:00,KRW-ENSO,A,-0.02992,14.48
2026-04-25T14:45:00+00:00,KRW-HYPER,B,0.05957,64.34
2026-04-25T15:15:00+00:00,KRW-AXS,B,0.00348,30.11
2026-04-25T15:15:00+00:00,KRW-HYPER,A,-0.03731,70.48
2026-04-25T16:00:00+00:00,KRW-AXS,A,-0.01452,24.11
2026-04-25T16:15:00+00:00,KRW-CRO,A,-0.00952,4.15
2026-04-25T16:45:00+00:00,KRW-HBAR,B,0.00741,5.68
2026-04-25T19:15:00+00:00,KRW-HYPER,B,0.07203,20.52
2026-04-25T19:45:00+00:00,KRW-HYPER,A,-0.02789,4.72
2026-04-25T20:00:00+00:00,KRW-AXS,B,0.00741,3.13
2026-04-25T20:15:00+00:00,KRW-AXS,A,-0.02078,8.73
2026-04-25T21:15:00+00:00,KRW-ZBT,B,0.0241,4.74
2026-04-25T21:30:00+00:00,KRW-ENSO,B,0.05083,5.59
2026-04-25T21:30:00+00:00,KRW-ZBT,A,-0.02745,4.88
2026-04-25T21:45:00+00:00,KRW-ENSO,A,-0.01949,4.35
2026-04-25T21:45:00+00:00,KRW-SAND,B,0.01667,4.84
2026-04-25T23:30:00+00:00,KRW-PENGU,B,0.01575,3.22
2026-04-25T23:45:00+00:00,KRW-HYPER,B,0.00424,9.62
2026-04-26T00:00:00+00:00,KRW-DOOD,B,0.02881,6.44
2026-04-26T00:00:00+00:00,KRW-HYPER,A,-0.07595,8.15
2026-04-26T00:00:00+00:00,KRW-KAT,B,0.16017,12.59
2026-04-26T00:00:00+00:00,KRW-LA,A,-0.02724,2.71
2026-04-26T00:00:00+00:00,KRW-RVN,B,0.04571,22.1
2026-04-26T00:00:00+00:00,KRW-SAHARA,A,-0.02857,6.38
2026-04-26T00:15:00+00:00,KRW-AXS,A,-0.02617,14.04
2026-04-26T00:15:00+00:00,KRW-KAT,A,-0.10821,10.68
2026-04-26T00:15:00+00:00,KRW-RVN,A,-0.04371,6.83
2026-04-26T00:30:00+00:00,KRW-DOOD,A,-0.07184,13.96
2026-04-26T00:30:00+00:00,KRW-ERA,B,0.08482,48.47
2026-04-26T00:30:00+00:00,KRW-MIRA,B,0.04688,4.99
2026-04-26T00:30:00+00:00,KRW-ZORA,B,0.02381,6.26
2026-04-26T00:45:00+00:00,KRW-ERA,A,-0.11523,39.11
2026-04-26T00:45:00+00:00,KRW-MIRA,A,-0.02985,4.16
2026-04-26T00:45:00+00:00,KRW-OPEN,A,-0.0289,5.37
2026-04-26T00:45:00+00:00,KRW-ZORA,A,-0.01395,5.83
2026-04-26T01:00:00+00:00,KRW-WLFI,A,-0.00893,6.38
2026-04-26T01:30:00+00:00,KRW-BIRB,B,0.00433,3.59
2026-04-26T01:30:00+00:00,KRW-POL,B,0.00741,3.06
2026-04-26T01:30:00+00:00,KRW-SKR,B,0.0241,3.48
2026-04-26T02:00:00+00:00,KRW-TRUMP,B,0.01538,3.01
2026-04-26T02:15:00+00:00,KRW-JUP,B,0.01149,4.5
2026-04-26T04:00:00+00:00,KRW-LAYER,B,0.01481,3.9
2026-04-26T04:15:00+00:00,KRW-ENSO,B,0.09853,12.71
2026-04-26T04:15:00+00:00,KRW-LAYER,A,-0.0146,5.75
2026-04-26T04:30:00+00:00,KRW-AWE,B,0.0048,3.49
2026-04-26T04:45:00+00:00,KRW-MIRA,B,0.02158,5.2
2026-04-26T04:45:00+00:00,KRW-MMT,B,0.02315,4.16
2026-04-26T05:00:00+00:00,KRW-AWE,A,-0.01036,38.53
2026-04-26T05:00:00+00:00,KRW-JTO,A,-0.01275,2.42
2026-04-26T05:00:00+00:00,KRW-MMT,A,-0.02715,3.11
2026-04-26T05:15:00+00:00,KRW-ELSA,B,0.0354,6.51
2026-04-26T05:15:00+00:00,KRW-INJ,B,0.00833,3.62
2026-04-26T05:15:00+00:00,KRW-ZBT,B,0.04264,4.19
2026-04-26T05:30:00+00:00,KRW-ELSA,A,-0.02564,3.17
2026-04-26T05:30:00+00:00,KRW-JUP,A,-0.01493,7.59
2026-04-26T05:30:00+00:00,KRW-MIRA,A,-0.01987,15.46
2026-04-26T05:45:00+00:00,KRW-AVNT,B,0.02165,3.55
2026-04-26T05:45:00+00:00,KRW-ENSO,A,-0.07438,54.36
2026-04-26T06:15:00+00:00,KRW-AVNT,A,-0.02521,3.89
2026-04-26T06:30:00+00:00,KRW-SAHARA,B,0.04,4.89
2026-04-26T07:00:00+00:00,KRW-POL,B,0.00735,3.01
2026-04-26T07:15:00+00:00,KRW-ZBT,A,-0.03093,8.08
2026-04-26T07:30:00+00:00,KRW-INJ,A,-0.02246,178.57
2026-04-26T07:45:00+00:00,KRW-MANTRA,B,0.00654,3.82
2026-04-26T08:30:00+00:00,KRW-LAYER,A,-0.01493,3.08
2026-04-26T08:30:00+00:00,KRW-ZKP,B,0.0084,4.03
2026-04-26T09:00:00+00:00,KRW-PUMP,B,0.00385,4.04
2026-04-26T09:15:00+00:00,KRW-ENSO,B,0.0263,4.56
2026-04-26T09:15:00+00:00,KRW-JTO,A,-0.01429,10.83
2026-04-26T09:15:00+00:00,KRW-SAHARA,A,-0.07039,21.57
2026-04-26T09:30:00+00:00,KRW-INJ,B,0.00091,4.2
2026-04-26T10:00:00+00:00,KRW-AVNT,B,0.01674,7.02
2026-04-26T10:15:00+00:00,KRW-AVNT,A,-0.04527,9.66
2026-04-26T10:15:00+00:00,KRW-ENSO,A,-0.02365,3.57
2026-04-26T10:15:00+00:00,KRW-ZBT,B,0.00392,3.17
2026-04-26T10:45:00+00:00,KRW-JUP,B,0.0037,3.39
2026-04-26T11:00:00+00:00,KRW-PENGU,B,0.00735,7.5
2026-04-26T11:15:00+00:00,KRW-APT,B,0.01295,4.55
2026-04-26T11:15:00+00:00,KRW-MIRA,A,-0.01493,2.57
2026-04-26T11:15:00+00:00,KRW-TRUMP,B,0.00323,7.89
2026-04-26T11:30:00+00:00,KRW-POL,B,0.0073,3.42
2026-04-26T12:00:00+00:00,KRW-JUP,A,-0.01115,7.0
2026-04-26T13:30:00+00:00,KRW-AXS,B,0.00095,7.18
2026-04-26T13:45:00+00:00,KRW-ENS,A,-0.0098,15.09
2026-04-26T14:15:00+00:00,KRW-ZBT,B,0.01434,4.64
2026-04-26T14:45:00+00:00,KRW-ZBT,A,-0.03061,6.93
2026-04-26T17:45:00+00:00,KRW-AVNT,B,0.04065,6.5
2026-04-26T18:00:00+00:00,KRW-AVNT,A,-0.01562,7.09
2026-04-26T18:45:00+00:00,KRW-ZBT,B,0.02139,5.42
2026-04-26T19:00:00+00:00,KRW-ZBT,A,-0.04188,4.29
2026-04-26T19:15:00+00:00,KRW-ATOM,A,-0.00502,35.28
2026-04-26T19:15:00+00:00,KRW-OPEN,A,-0.04688,7.03
2026-04-26T22:30:00+00:00,KRW-ZKP,B,0.03175,4.31
2026-04-26T23:15:00+00:00,KRW-AVNT,B,0.01538,5.18
2026-04-26T23:15:00+00:00,KRW-ZBT,B,0.03892,5.7
2026-04-27T00:00:00+00:00,KRW-0G,B,0.12758,43.23
2026-04-27T00:00:00+00:00,KRW-ATH,B,0.03906,6.53
2026-04-27T00:00:00+00:00,KRW-AVNT,A,-0.06742,11.52
2026-04-27T00:00:00+00:00,KRW-MANTRA,B,0.03247,63.97
2026-04-27T00:00:00+00:00,KRW-MIRA,B,0.02985,5.59
2026-04-27T00:00:00+00:00,KRW-SAHARA,B,0.05322,12.19
2026-04-27T00:00:00+00:00,KRW-ZBT,A,-0.04334,8.3
2026-04-27T00:00:00+00:00,KRW-ZKP,A,-0.03077,2.85
2026-04-27T00:15:00+00:00,KRW-0G,A,-0.02694,33.69
2026-04-27T00:15:00+00:00,KRW-ATH,A,-0.00644,13.38
2026-04-27T00:15:00+00:00,KRW-MANTRA,A,-0.01887,26.88
2026-04-27T00:15:00+00:00,KRW-MIRA,A,-0.03623,3.08
2026-04-27T00:15:00+00:00,KRW-SAHARA,A,-0.05851,3.86
2026-04-27T00:45:00+00:00,KRW-DEEP,B,0.01525,3.64
2026-04-27T01:00:00+00:00,KRW-PENGU,B,0.01471,3.94
2026-04-27T01:00:00+00:00,KRW-PEPE,B,0.00343,3.85
2026-04-27T01:15:00+00:00,KRW-HYPER,A,-0.05102,8.4
2026-04-27T01:45:00+00:00,KRW-PUMP,B,0.00758,9.37
2026-04-27T02:00:00+00:00,KRW-PENGU,A,-0.02098,9.16
2026-04-27T02:15:00+00:00,KRW-BONK,B,0.00422,4.78
2026-04-27T02:45:00+00:00,KRW-JUP,B,0.01075,5.62
2026-04-27T03:30:00+00:00,KRW-AAVE,B,0.00751,3.44
2026-04-27T03:30:00+00:00,KRW-INJ,A,-0.00956,0.6
2026-04-27T03:45:00+00:00,KRW-PUMP,A,-0.0146,22.58
2026-04-27T04:15:00+00:00,KRW-JUP,A,-0.00683,24.61
2026-04-27T04:30:00+00:00,KRW-MANTRA,B,0.00641,3.31
2026-04-27T05:00:00+00:00,KRW-0G,A,-0.02539,2.8
2026-04-27T05:00:00+00:00,KRW-ZORA,A,-0.01429,3.39
2026-04-27T05:15:00+00:00,KRW-BONK,A,-0.01382,6.75
2026-04-27T05:15:00+00:00,KRW-BORA,A,-0.00548,3.27
2026-04-27T05:15:00+00:00,KRW-DEEP,A,-0.01486,3.34
2026-04-27T05:15:00+00:00,KRW-ENS,A,-0.00546,5.78
2026-04-27T05:15:00+00:00,KRW-ETC,A,-0.00953,9.56
2026-04-27T05:15:00+00:00,KRW-LAYER,A,-0.01538,2.6
2026-04-27T05:15:00+00:00,KRW-MANTRA,A,-0.01282,3.98
2026-04-27T05:15:00+00:00,KRW-PEPE,A,-0.01549,7.3
2026-04-27T05:15:00+00:00,KRW-STX,A,-0.00872,6.96
2026-04-27T05:15:00+00:00,KRW-SUI,A,-0.00855,7.21
2026-04-27T05:15:00+00:00,KRW-VIRTUAL,A,-0.0113,6.96
2026-04-27T05:30:00+00:00,KRW-PENGU,B,0.02098,8.52
2026-04-27T05:30:00+00:00,KRW-SUI,B,0.00072,3.77
2026-04-27T05:45:00+00:00,KRW-BIRB,A,-0.02252,5.38
2026-04-27T06:15:00+00:00,KRW-AWE,B,0.01771,5.23
2026-04-27T06:15:00+00:00,KRW-PENGU,A,-0.01389,6.89
2026-04-27T06:30:00+00:00,KRW-AWE,A,-0.01972,3.75
2026-04-27T06:30:00+00:00,KRW-TRX,B,0.00208,3.05
2026-04-27T07:00:00+00:00,KRW-ETC,B,0.0008,3.02
2026-04-27T07:00:00+00:00,KRW-XEC,B,0.00962,3.14
2026-04-27T07:30:00+00:00,KRW-BORA,B,0.01103,20.21
2026-04-27T08:00:00+00:00,KRW-LSK,B,0.00532,13.56
2026-04-27T08:45:00+00:00,KRW-JUP,B,0.02174,3.08
2026-04-27T09:00:00+00:00,KRW-JUP,A,-0.01064,6.67
2026-04-27T09:30:00+00:00,KRW-MANTRA,B,0.01307,6.16
2026-04-27T10:15:00+00:00,KRW-PENGU,B,0.00699,5.49
2026-04-27T11:30:00+00:00,KRW-PENGU,A,-0.01399,4.51
2026-04-27T12:15:00+00:00,KRW-CRO,B,0.00971,3.26
2026-04-27T12:30:00+00:00,KRW-MANTRA,A,-0.0129,4.32
2026-04-27T12:30:00+00:00,KRW-SNT,B,0.00671,4.01
2026-04-27T12:45:00+00:00,KRW-JUP,B,0.01754,7.98
2026-04-27T13:00:00+00:00,KRW-JUP,A,-0.01034,14.45
2026-04-27T13:30:00+00:00,KRW-SNT,A,-0.00662,3.62
2026-04-27T13:45:00+00:00,KRW-DEEP,A,-0.01991,2.81
2026-04-27T13:45:00+00:00,KRW-LINK,B,0.00072,5.6
2026-04-27T13:45:00+00:00,KRW-ZORA,A,-0.01,4.78
2026-04-27T14:00:00+00:00,KRW-AAVE,B,0.01888,6.53
2026-04-27T14:15:00+00:00,KRW-PENGU,B,0.00671,7.42
2026-04-27T14:15:00+00:00,KRW-ZBT,B,0.02308,3.8
2026-04-27T14:30:00+00:00,KRW-POL,B,0.00735,3.46
2026-04-27T14:45:00+00:00,KRW-0G,B,0.07497,14.7
2026-04-27T14:45:00+00:00,KRW-MANTRA,B,0.00649,3.37
2026-04-27T15:00:00+00:00,KRW-0G,A,-0.03073,3.89
2026-04-27T15:15:00+00:00,KRW-AVAX,A,-0.00728,10.62
2026-04-27T15:15:00+00:00,KRW-ENS,A,-0.00833,6.28
2026-04-27T15:15:00+00:00,KRW-ETC,A,-0.00483,5.0
2026-04-27T15:15:00+00:00,KRW-HYPER,A,-0.02732,3.68
2026-04-27T15:15:00+00:00,KRW-LINK,A,-0.00508,10.85
2026-04-27T15:15:00+00:00,KRW-PUMP,A,-0.00766,5.39
2026-04-27T15:15:00+00:00,KRW-SUI,A,-0.00507,4.62
2026-04-27T15:15:00+00:00,KRW-TRUMP,A,-0.03042,4.27
2026-04-27T15:15:00+00:00,KRW-UNI,A,-0.011,5.29
2026-04-27T15:15:00+00:00,KRW-VIRTUAL,A,-0.00871,5.89
2026-04-27T17:00:00+00:00,KRW-ZBT,A,-0.05575,10.26
2026-04-27T19:00:00+00:00,KRW-ZBT,B,0.05594,5.23
2026-04-27T19:45:00+00:00,KRW-MANTRA,B,0.02564,5.95
2026-04-27T22:00:00+00:00,KRW-PENGU,B,0.02,5.82
2026-04-27T23:00:00+00:00,KRW-JUP,B,0.00692,4.21
2026-04-27T23:15:00+00:00,KRW-PEPE,B,0.00691,4.39
2026-04-27T23:30:00+00:00,KRW-XAUT,B,0.001,3.48
2026-04-27T23:45:00+00:00,KRW-MANTRA,B,0.00625,5.83
2026-04-28T00:00:00+00:00,KRW-AWE,B,0.01918,5.89
2026-04-28T00:00:00+00:00,KRW-ENSO,B,0.06316,11.78
2026-04-28T00:00:00+00:00,KRW-JUP,A,-0.01375,5.38
2026-04-28T00:00:00+00:00,KRW-MANTRA,A,-0.01242,4.07
2026-04-28T00:15:00+00:00,KRW-AWE,A,-0.01294,1.65
2026-04-28T01:00:00+00:00,KRW-ENSO,A,-0.05176,3.76
2026-04-28T01:15:00+00:00,KRW-BORA,B,0.00366,4.1
2026-04-28T01:15:00+00:00,KRW-ZORA,A,-0.01026,4.79
2026-04-28T02:15:00+00:00,KRW-AXS,A,-0.01713,9.04
2026-04-28T02:30:00+00:00,KRW-CRO,B,0.00971,7.31
2026-04-28T03:15:00+00:00,KRW-OPEN,B,0.01244,3.49
2026-04-28T04:30:00+00:00,KRW-ZBT,B,0.02244,5.47
2026-04-28T04:45:00+00:00,KRW-APT,B,0.00206,3.24
2026-04-28T05:00:00+00:00,KRW-APT,A,-0.00684,5.65
2026-04-28T05:00:00+00:00,KRW-VANA,B,0.00779,11.73
2026-04-28T05:30:00+00:00,KRW-VANA,A,-0.0397,3.89
2026-04-28T05:30:00+00:00,KRW-XAUT,A,-0.00405,7.76
2026-04-28T09:00:00+00:00,KRW-ZKP,B,0.03906,5.44
2026-04-28T09:15:00+00:00,KRW-ZKP,A,-0.01504,4.29
2026-04-28T10:30:00+00:00,KRW-ZBT,B,0.03374,3.21
2026-04-28T11:45:00+00:00,KRW-OPEN,A,-0.02356,2.3
2026-04-28T13:00:00+00:00,KRW-ZBT,A,-0.10979,5.58
2026-04-28T13:00:00+00:00,KRW-ZKP,B,0.00714,5.56
2026-04-28T13:15:00+00:00,KRW-BIO,B,0.00648,6.35
2026-04-28T13:15:00+00:00,KRW-SNT,A,-0.00676,3.94
2026-04-28T13:15:00+00:00,KRW-ZKP,A,-0.01418,5.38
2026-04-28T13:45:00+00:00,KRW-PENGU,B,0.00667,3.9
2026-04-28T17:00:00+00:00,KRW-ZKP,B,0.0068,3.9
2026-04-28T17:30:00+00:00,KRW-ZKP,A,-0.04516,7.07
2026-04-28T21:00:00+00:00,KRW-PUMP,B,0.03333,89.25
2026-04-28T21:30:00+00:00,KRW-PUMP,A,-0.03237,8.84
2026-04-28T23:00:00+00:00,KRW-ZKP,A,-0.02667,3.2
2026-04-29T00:00:00+00:00,KRW-BORA,B,0.00926,3.06
2026-04-29T01:00:00+00:00,KRW-OPEN,A,-0.02179,9.91
2026-04-29T01:15:00+00:00,KRW-BIRB,B,0.05584,4.42
2026-04-29T01:30:00+00:00,KRW-BIRB,A,-0.02404,3.63
2026-04-29T02:00:00+00:00,KRW-CRO,A,-0.00971,6.18
2026-04-29T03:45:00+00:00,KRW-PUMP,A,-0.00707,2.34
2026-04-29T04:15:00+00:00,KRW-ZKP,B,0.05,3.03
2026-04-29T04:30:00+00:00,KRW-ARB,B,0.0107,3.56
2026-04-29T05:30:00+00:00,KRW-AKT,B,0.00667,3.24
2026-04-29T07:30:00+00:00,KRW-MANTRA,B,0.0061,6.94
2026-04-29T07:30:00+00:00,KRW-SHIB,B,0.00871,10.29
2026-04-29T07:45:00+00:00,KRW-AKT,A,-0.0092,2.21
2026-04-29T08:15:00+00:00,KRW-MANTRA,A,-0.0355,14.66
2026-04-29T09:15:00+00:00,KRW-PENGU,B,0.02013,3.45
2026-04-29T09:15:00+00:00,KRW-PEPE,B,0.00849,3.43
2026-04-29T09:30:00+00:00,KRW-BONK,B,0.00739,5.03
2026-04-29T09:45:00+00:00,KRW-AVAX,B,0.00722,3.4
2026-04-29T09:45:00+00:00,KRW-ETC,B,0.00553,4.01
2026-04-29T09:45:00+00:00,KRW-STX,B,0.00592,3.63
2026-04-29T10:00:00+00:00,KRW-ENS,B,0.00543,4.38
2026-04-29T10:15:00+00:00,KRW-SHIB,A,-0.0103,10.76
2026-04-29T11:00:00+00:00,KRW-FIL,B,0.01393,6.47
2026-04-29T11:30:00+00:00,KRW-FIL,A,-0.00952,38.62
2026-04-29T11:45:00+00:00,KRW-ARB,B,0.00518,3.3
2026-04-29T12:00:00+00:00,KRW-ARB,A,-0.02062,4.81
2026-04-29T12:15:00+00:00,KRW-PENGU,A,-0.02041,6.93
2026-04-29T12:15:00+00:00,KRW-ZORA,A,-0.01042,3.63
2026-04-29T13:45:00+00:00,KRW-STX,B,0.00299,3.68
2026-04-29T14:45:00+00:00,KRW-WLFI,A,-0.00971,4.89
2026-04-29T15:00:00+00:00,KRW-PUMP,A,-0.0223,2.51
2026-04-29T15:00:00+00:00,KRW-SUI,A,-0.01024,4.69
2026-04-29T15:00:00+00:00,KRW-XPL,A,-0.02174,2.34
2026-04-29T15:30:00+00:00,KRW-ENS,A,-0.00502,6.24
2026-04-29T16:00:00+00:00,KRW-WLFI,B,0.00407,5.97
2026-04-29T17:45:00+00:00,KRW-POL,B,0.01471,15.0
2026-04-29T18:00:00+00:00,KRW-AVAX,A,-0.01826,8.74
2026-04-29T18:00:00+00:00,KRW-ETC,A,-0.01285,6.09
2026-04-29T18:00:00+00:00,KRW-LINK,A,-0.01538,7.15
2026-04-29T18:00:00+00:00,KRW-LSK,A,-0.01596,11.83
2026-04-29T18:00:00+00:00,KRW-PEPE,A,-0.02073,4.57
2026-04-29T18:00:00+00:00,KRW-POL,A,-0.01449,12.5
2026-04-29T18:00:00+00:00,KRW-SAND,A,-0.01802,3.89
2026-04-29T18:00:00+00:00,KRW-SHIB,A,-0.01523,7.99
2026-04-29T18:00:00+00:00,KRW-UNI,A,-0.0178,3.61
2026-04-29T18:00:00+00:00,KRW-VIRTUAL,A,-0.02043,5.26
2026-04-29T22:45:00+00:00,KRW-WLFI,A,-0.00954,5.97
2026-04-29T23:00:00+00:00,KRW-WLFI,B,0.00107,14.37
2026-04-30T00:00:00+00:00,KRW-G,B,0.08148,12.95
2026-04-30T00:00:00+00:00,KRW-POL,B,0.01449,4.04
2026-04-30T00:15:00+00:00,KRW-ELF,B,0.00862,3.56
2026-04-30T00:15:00+00:00,KRW-G,A,-0.01712,6.55
2026-04-30T00:45:00+00:00,KRW-SHIB,B,0.00107,3.73
2026-04-30T01:00:00+00:00,KRW-ZBT,B,0.03158,3.69
2026-04-30T01:45:00+00:00,KRW-APT,B,0.01324,4.43
2026-04-30T02:30:00+00:00,KRW-APT,A,-0.02018,16.08
2026-04-30T02:30:00+00:00,KRW-MANTRA,A,-0.01307,4.93
2026-04-30T02:30:00+00:00,KRW-PEPE,A,-0.01549,4.32
2026-04-30T02:30:00+00:00,KRW-PUMP,A,-0.01504,2.38
2026-04-30T02:45:00+00:00,KRW-BIO,B,0.0722,3.55
2026-04-30T05:15:00+00:00,KRW-OPEN,A,-0.05085,3.62
2026-04-30T05:30:00+00:00,KRW-ATOM,B,0.00529,5.0
2026-04-30T07:30:00+00:00,KRW-BIO,B,0.0546,4.22
2026-04-30T08:00:00+00:00,KRW-APT,B,0.00067,3.4
2026-04-30T08:00:00+00:00,KRW-DOT,B,0.00111,7.24
2026-04-30T08:00:00+00:00,KRW-ENSO,B,0.03605,3.19
2026-04-30T10:00:00+00:00,KRW-WLFI,A,-0.01556,12.2
2026-04-30T10:15:00+00:00,KRW-WLFI,B,0.00677,6.12
2026-04-30T11:00:00+00:00,KRW-KAITO,A,-0.03463,2.93
2026-04-30T12:00:00+00:00,KRW-XAUT,B,0.00189,4.79
2026-04-30T12:15:00+00:00,KRW-PENGU,B,0.00694,6.85
2026-04-30T12:45:00+00:00,KRW-ELSA,A,-0.04464,3.78
2026-04-30T13:15:00+00:00,KRW-ENSO,B,0.05571,5.88
2026-04-30T13:30:00+00:00,KRW-ENSO,A,-0.04354,4.91
2026-04-30T14:15:00+00:00,KRW-PENDLE,B,0.01643,3.24
2026-04-30T16:00:00+00:00,KRW-APT,B,0.00202,4.98
2026-04-30T16:15:00+00:00,KRW-APT,A,-0.00873,13.76
2026-04-30T21:45:00+00:00,KRW-APT,B,0.00067,3.81
2026-04-30T22:30:00+00:00,KRW-APT,A,-0.00741,18.74
2026-04-30T23:45:00+00:00,KRW-PENDLE,B,0.02115,4.06
2026-05-01T00:00:00+00:00,KRW-ENSO,B,0.03795,9.66
2026-05-01T00:00:00+00:00,KRW-TRX,B,0.00205,3.51
2026-05-01T00:30:00+00:00,KRW-ENSO,A,-0.03589,4.39
2026-05-01T01:15:00+00:00,KRW-BIO,B,0.04502,3.22
2026-05-01T02:30:00+00:00,KRW-LA,A,-0.02222,5.17
2026-05-01T03:15:00+00:00,KRW-ARB,B,0.01613,4.3
2026-05-01T03:15:00+00:00,KRW-LA,B,0.0099,18.23
2026-05-01T03:15:00+00:00,KRW-LSK,B,0.00541,3.65
2026-05-01T03:15:00+00:00,KRW-VIRTUAL,B,0.00674,4.0
2026-05-01T03:30:00+00:00,KRW-APT,B,0.00197,3.16
2026-05-01T04:45:00+00:00,KRW-MON,A,-0.02715,6.33
2026-05-01T05:45:00+00:00,KRW-ZKP,B,0.03101,9.95
2026-05-01T06:30:00+00:00,KRW-ZKP,A,-0.02273,4.2
2026-05-01T06:45:00+00:00,KRW-LA,A,-0.00971,2.08
2026-05-01T08:00:00+00:00,KRW-APT,B,0.00131,3.82
2026-05-01T08:45:00+00:00,KRW-LA,B,0.00985,3.55
2026-05-01T08:45:00+00:00,KRW-PENDLE,B,0.00979,7.14
2026-05-01T09:45:00+00:00,KRW-WLFI,A,-0.02157,7.7
2026-05-01T10:00:00+00:00,KRW-TRUMP,A,-0.0094,3.21
2026-05-01T11:00:00+00:00,KRW-OPEN,A,-0.02346,2.54
2026-05-01T11:00:00+00:00,KRW-WLFI,B,0.00832,3.56
2026-05-01T12:30:00+00:00,KRW-PENDLE,A,-0.02192,14.05
2026-05-01T13:00:00+00:00,KRW-MANTRA,B,0.0069,3.44
2026-05-01T13:30:00+00:00,KRW-BCH,B,0.00602,4.15
2026-05-01T14:00:00+00:00,KRW-PENDLE,B,0.01008,4.89
2026-05-01T14:15:00+00:00,KRW-WLFI,A,-0.01325,9.12
2026-05-01T14:30:00+00:00,KRW-ZBT,B,0.09123,8.34
2026-05-01T15:00:00+00:00,KRW-WLFI,B,0.00244,6.01
2026-05-01T15:30:00+00:00,KRW-LSK,B,0.01613,4.52
2026-05-01T15:30:00+00:00,KRW-MANTRA,A,-0.01299,9.64
2026-05-01T15:30:00+00:00,KRW-VIRTUAL,B,0.00571,3.3
2026-05-01T17:00:00+00:00,KRW-PENDLE,A,-0.03474,5.68
2026-05-01T19:15:00+00:00,KRW-APT,B,0.00067,11.96
2026-05-02T00:00:00+00:00,KRW-AXS,B,0.03878,6.82
2026-05-02T00:15:00+00:00,KRW-FLOCK,B,0.01353,4.25
2026-05-02T01:00:00+00:00,KRW-APT,B,0.00942,3.26
2026-05-02T01:00:00+00:00,KRW-MANTRA,A,-0.01935,2.94
2026-05-02T01:15:00+00:00,KRW-BIO,A,-0.04063,6.41
2026-05-02T01:30:00+00:00,KRW-APT,A,-0.00798,22.24
2026-05-02T02:00:00+00:00,KRW-WLFI,A,-0.00872,5.09
2026-05-02T03:30:00+00:00,KRW-PENGU,B,0.00667,3.87
2026-05-02T04:00:00+00:00,KRW-AWE,B,0.11446,5.53
2026-05-02T04:45:00+00:00,KRW-AWE,A,-0.0592,10.81
2026-05-02T05:15:00+00:00,KRW-MANTRA,B,0.01282,19.98
2026-05-02T06:00:00+00:00,KRW-MANTRA,A,-0.0184,8.39
2026-05-02T06:30:00+00:00,KRW-WLFI,B,0.04688,11.93
2026-05-02T06:45:00+00:00,KRW-BIO,B,0.03738,3.41
2026-05-02T09:15:00+00:00,KRW-MANTRA,B,0.00621,3.68
2026-05-02T10:00:00+00:00,KRW-TRX,B,0.00204,3.59
2026-05-02T10:15:00+00:00,KRW-INJ,A,-0.00952,0.71
2026-05-02T10:15:00+00:00,KRW-MANTRA,A,-0.03012,13.05
2026-05-02T10:15:00+00:00,KRW-WLFI,A,-0.0097,4.59
2026-05-02T11:45:00+00:00,KRW-BIO,B,0.02681,4.17
2026-05-02T13:15:00+00:00,KRW-AKT,A,-0.01031,2.11
2026-05-02T13:15:00+00:00,KRW-WLFI,B,0.0198,4.63
2026-05-02T13:30:00+00:00,KRW-LSK,B,0.00538,6.32
2026-05-02T13:45:00+00:00,KRW-BIO,A,-0.02593,12.23
2026-05-02T15:15:00+00:00,KRW-AKT,B,0.02244,5.8
2026-05-02T16:15:00+00:00,KRW-ENS,B,0.00166,3.2
2026-05-02T16:15:00+00:00,KRW-TRX,B,0.00202,6.47
2026-05-02T16:30:00+00:00,KRW-BIO,B,0.03362,4.44
2026-05-02T21:30:00+00:00,KRW-VIRTUAL,B,0.00806,3.29
2026-05-03T00:00:00+00:00,KRW-ARB,A,-0.01648,6.88
2026-05-03T00:00:00+00:00,KRW-LA,B,0.04878,11.41
2026-05-03T00:00:00+00:00,KRW-MANTRA,A,-0.02564,4.45
2026-05-03T00:15:00+00:00,KRW-AKT,B,0.01544,4.31
2026-05-03T00:15:00+00:00,KRW-BIO,B,0.03938,6.6
2026-05-03T00:15:00+00:00,KRW-LA,A,-0.02326,13.29
2026-05-03T00:30:00+00:00,KRW-AKT,A,-0.0152,3.87
2026-05-03T00:30:00+00:00,KRW-BIO,A,-0.04018,4.91
2026-05-03T01:45:00+00:00,KRW-STX,B,0.003,3.79
2026-05-03T04:15:00+00:00,KRW-AKT,B,0.03405,27.64
2026-05-03T04:45:00+00:00,KRW-AKT,A,-0.01915,68.09
2026-05-03T05:15:00+00:00,KRW-TRX,B,0.02041,16.23
2026-05-03T05:45:00+00:00,KRW-TRX,A,-0.00784,10.76
2026-05-03T06:15:00+00:00,KRW-WLFI,B,0.00837,3.06
2026-05-03T07:30:00+00:00,KRW-DEEP,B,0.00478,3.31
2026-05-03T08:15:00+00:00,KRW-AKT,B,0.00962,27.66
2026-05-03T09:00:00+00:00,KRW-AKT,A,-0.02708,53.31
2026-05-03T10:45:00+00:00,KRW-CRO,A,-0.0098,6.56
2026-05-03T11:00:00+00:00,KRW-BIO,B,0.0293,4.23
2026-05-03T11:30:00+00:00,KRW-BIO,A,-0.05108,5.81
2026-05-03T11:30:00+00:00,KRW-VIRTUAL,B,0.00917,3.54
2026-05-03T11:45:00+00:00,KRW-DEEP,A,-0.00922,10.15
2026-05-03T12:15:00+00:00,KRW-WLFI,B,0.01053,5.51
2026-05-03T12:30:00+00:00,KRW-AKT,B,0.00416,52.09
2026-05-03T12:30:00+00:00,KRW-DEEP,B,0.01155,5.14
2026-05-03T13:15:00+00:00,KRW-ELSA,B,0.03448,4.99
2026-05-03T14:45:00+00:00,KRW-AKT,A,-0.01831,15.58
2026-05-03T19:45:00+00:00,KRW-AKT,B,0.0042,3.51
2026-05-03T21:15:00+00:00,KRW-RENDER,B,0.00367,3.75
2026-05-04T00:00:00+00:00,KRW-AKT,B,0.03459,28.03
2026-05-04T00:00:00+00:00,KRW-BIO,B,0.01669,3.07
2026-05-04T00:00:00+00:00,KRW-ELSA,A,-0.02542,3.59
2026-05-04T00:00:00+00:00,KRW-MANTRA,A,-0.01325,3.42
2026-05-04T00:00:00+00:00,KRW-OPEN,A,-0.03406,13.27
2026-05-04T00:30:00+00:00,KRW-AKT,A,-0.05509,11.62
2026-05-04T00:45:00+00:00,KRW-WLFI,B,0.03237,3.22
2026-05-04T01:00:00+00:00,KRW-WLFI,A,-0.01344,4.49
2026-05-04T01:15:00+00:00,KRW-ATOM,B,0.00143,4.39
2026-05-04T01:30:00+00:00,KRW-ARB,B,0.00581,3.7
2026-05-04T01:30:00+00:00,KRW-BCH,B,0.00153,6.63
2026-05-04T01:30:00+00:00,KRW-PENGU,B,0.02721,7.02
2026-05-04T01:30:00+00:00,KRW-PEPE,B,0.00681,3.14
2026-05-04T01:30:00+00:00,KRW-VIRTUAL,B,0.01074,4.35
2026-05-04T01:45:00+00:00,KRW-AVAX,B,0.00816,5.6
2026-05-04T01:45:00+00:00,KRW-FIL,B,0.00939,3.02
2026-05-04T01:45:00+00:00,KRW-SEI,B,0.0103,3.31
2026-05-04T01:45:00+00:00,KRW-SHIB,B,0.0065,4.48
2026-05-04T02:00:00+00:00,KRW-LINK,B,0.00219,3.05
2026-05-04T02:00:00+00:00,KRW-PENGU,A,-0.01299,7.42
2026-05-04T02:15:00+00:00,KRW-SUI,B,0.00145,3.42
2026-05-04T03:45:00+00:00,KRW-BONK,B,0.00742,8.85
2026-05-04T04:00:00+00:00,KRW-AKT,B,0.02708,3.51
2026-05-04T04:00:00+00:00,KRW-STX,B,0.0089,3.3
2026-05-04T04:45:00+00:00,KRW-UNI,B,0.00296,15.72
2026-05-04T06:15:00+00:00,KRW-UNI,A,-0.01447,4.95
2026-05-04T07:30:00+00:00,KRW-PENDLE,B,0.02179,3.63
2026-05-04T09:00:00+00:00,KRW-ATH,B,0.03475,3.02
2026-05-04T09:15:00+00:00,KRW-AVAX,B,0.00147,3.32
2026-05-04T09:15:00+00:00,KRW-LINK,B,0.00646,3.26
2026-05-04T09:30:00+00:00,KRW-DEEP,B,0.0245,4.13
2026-05-04T10:00:00+00:00,KRW-ARB,A,-0.02857,4.67
2026-05-04T10:00:00+00:00,KRW-AVAX,A,-0.01966,11.86
2026-05-04T10:00:00+00:00,KRW-BCH,A,-0.0144,4.76
2026-05-04T10:00:00+00:00,KRW-LINK,A,-0.01495,10.12
2026-05-04T10:00:00+00:00,KRW-NEAR,A,-0.01739,10.63
2026-05-04T10:00:00+00:00,KRW-PENDLE,A,-0.05365,21.32
2026-05-04T10:00:00+00:00,KRW-PENGU,A,-0.01987,4.84
2026-05-04T10:00:00+00:00,KRW-PEPE,A,-0.01672,5.22
2026-05-04T10:00:00+00:00,KRW-SAND,A,-0.01835,4.03
2026-05-04T10:00:00+00:00,KRW-SEI,A,-0.02142,5.85
2026-05-04T10:00:00+00:00,KRW-STX,A,-0.0177,4.18
2026-05-04T10:00:00+00:00,KRW-SUI,A,-0.01644,7.22
2026-05-04T10:00:00+00:00,KRW-VIRTUAL,A,-0.02807,8.39
2026-05-04T10:00:00+00:00,KRW-XAUT,A,-0.00326,7.22
2026-05-04T10:00:00+00:00,KRW-XEC,A,-0.01869,3.65
2026-05-04T10:15:00+00:00,KRW-BCH,B,0.00462,5.17
2026-05-04T10:15:00+00:00,KRW-UNI,A,-0.00511,7.44
2026-05-04T10:30:00+00:00,KRW-APT,B,0.00559,3.25
2026-05-04T10:30:00+00:00,KRW-NEAR,B,0.00161,3.04
2026-05-04T11:45:00+00:00,KRW-PENDLE,B,0.00646,16.99
2026-05-04T12:15:00+00:00,KRW-TRX,A,-0.00792,7.57
2026-05-04T13:45:00+00:00,KRW-WLFI,B,0.02349,11.18
2026-05-04T14:00:00+00:00,KRW-ETC,B,0.01157,10.72
2026-05-04T14:00:00+00:00,KRW-SHIB,B,0.00109,3.58
2026-05-04T14:45:00+00:00,KRW-LINK,B,0.00429,5.86
2026-05-04T14:45:00+00:00,KRW-VIRTUAL,B,0.00995,3.21
2026-05-04T15:00:00+00:00,KRW-APT,A,-0.00748,3.42
2026-05-04T15:45:00+00:00,KRW-PENDLE,B,0.00366,9.33
2026-05-04T16:00:00+00:00,KRW-BONK,A,-0.00648,5.14
2026-05-04T16:15:00+00:00,KRW-PENDLE,A,-0.01143,4.34
2026-05-04T17:45:00+00:00,KRW-WLFI,B,0.00205,3.12
2026-05-04T18:15:00+00:00,KRW-WLFI,A,-0.02121,6.53
2026-05-04T19:00:00+00:00,KRW-XAUT,B,0.0003,3.74
2026-05-04T22:00:00+00:00,KRW-BCH,B,0.00152,3.31
2026-05-04T22:00:00+00:00,KRW-PENDLE,B,0.01321,4.31
2026-05-05T00:00:00+00:00,KRW-ATH,B,0.02895,6.54
2026-05-05T00:00:00+00:00,KRW-BIO,B,0.00982,3.31
2026-05-05T00:15:00+00:00,KRW-ATH,A,-0.01082,4.5
2026-05-05T00:15:00+00:00,KRW-ENSO,B,0.0264,4.0
2026-05-05T00:15:00+00:00,KRW-HYPER,A,-0.13527,12.11
2026-05-05T00:45:00+00:00,KRW-ATOM,B,0.0032,8.65
2026-05-05T01:15:00+00:00,KRW-PENGU,B,0.00654,3.08
2026-05-05T01:15:00+00:00,KRW-STEEM,B,0.00595,81.52
2026-05-05T01:45:00+00:00,KRW-AVAX,B,0.00073,4.81
2026-05-05T02:15:00+00:00,KRW-ETC,B,0.00153,3.65
2026-05-05T02:15:00+00:00,KRW-LINK,B,0.00357,4.16
2026-05-05T03:00:00+00:00,KRW-PENGU,A,-0.01266,4.9
2026-05-05T03:30:00+00:00,KRW-BCH,B,0.00152,3.35
2026-05-05T03:30:00+00:00,KRW-SUI,B,0.00072,3.02
2026-05-05T04:15:00+00:00,KRW-ZIL,B,0.13366,104.1
2026-05-05T04:30:00+00:00,KRW-ZIL,A,-0.02983,159.18
2026-05-05T05:00:00+00:00,KRW-ALGO,B,0.01724,3.52
2026-05-05T05:15:00+00:00,KRW-STEEM,B,0.05446,269.17
2026-05-05T05:30:00+00:00,KRW-LSK,B,0.00521,4.38
2026-05-05T05:30:00+00:00,KRW-STORJ,B,0.00676,3.13
2026-05-05T06:15:00+00:00,KRW-STEEM,A,-0.0138,236.29
2026-05-05T06:15:00+00:00,KRW-STORJ,A,-0.00667,4.12
2026-05-05T08:00:00+00:00,KRW-ETC,B,0.00535,4.56
2026-05-05T08:15:00+00:00,KRW-BCH,B,0.01058,7.04
2026-05-05T08:15:00+00:00,KRW-TRUMP,B,0.00618,11.06
2026-05-05T08:45:00+00:00,KRW-ZIL,B,0.05865,94.68
2026-05-05T09:00:00+00:00,KRW-ZIL,A,-0.01524,83.41
2026-05-05T09:15:00+00:00,KRW-BONK,B,0.00725,5.67
2026-05-05T09:15:00+00:00,KRW-STEEM,B,0.00424,48.12
2026-05-05T10:15:00+00:00,KRW-ALGO,B,0.00559,3.34
2026-05-05T10:15:00+00:00,KRW-LINK,B,0.0014,5.07
2026-05-05T11:15:00+00:00,KRW-EDGE,B,0.07362,7.89
2026-05-05T11:15:00+00:00,KRW-STEEM,A,-0.0122,148.7
2026-05-05T11:30:00+00:00,KRW-STORJ,B,0.00671,3.36
2026-05-05T11:45:00+00:00,KRW-PENGU,B,0.01227,4.85
2026-05-05T12:15:00+00:00,KRW-XAUT,B,0.00208,3.77
2026-05-05T12:30:00+00:00,KRW-SUI,B,0.00702,5.3
2026-05-05T12:45:00+00:00,KRW-ZIL,B,0.06702,232.82
2026-05-05T13:00:00+00:00,KRW-JUP,B,0.02545,39.85
2026-05-05T13:15:00+00:00,KRW-ZIL,A,-0.01794,460.29
2026-05-05T13:45:00+00:00,KRW-VIRTUAL,B,0.00712,3.09
2026-05-05T14:00:00+00:00,KRW-BCH,A,-0.00442,5.57
2026-05-05T14:00:00+00:00,KRW-PENGU,A,-0.01734,6.1
2026-05-05T14:30:00+00:00,KRW-CFG,B,0.14793,24.11
2026-05-05T14:45:00+00:00,KRW-CFG,A,-0.01804,9.89
2026-05-05T15:00:00+00:00,KRW-ZORA,B,0.04211,11.28
2026-05-05T15:15:00+00:00,KRW-EDGE,A,-0.16204,23.01
2026-05-05T15:15:00+00:00,KRW-STEEM,B,0.00332,48.98
2026-05-05T15:30:00+00:00,KRW-ATOM,A,-0.00432,3.45
2026-05-05T15:30:00+00:00,KRW-STEEM,A,-0.00992,40.36
2026-05-05T16:15:00+00:00,KRW-VIRTUAL,A,-0.00908,9.74
2026-05-05T16:45:00+00:00,KRW-ZIL,B,0.01133,7.57
2026-05-05T18:30:00+00:00,KRW-STX,B,0.02639,5.21
2026-05-05T18:45:00+00:00,KRW-STX,A,-0.00571,8.21
2026-05-05T19:15:00+00:00,KRW-VIRTUAL,B,0.01472,3.43
2026-05-05T20:00:00+00:00,KRW-STORJ,B,0.03311,15.64
2026-05-05T20:15:00+00:00,KRW-STEEM,B,0.00224,5.25
2026-05-05T20:15:00+00:00,KRW-STORJ,A,-0.02564,6.86
2026-05-05T20:30:00+00:00,KRW-ATOM,B,0.00072,3.24
2026-05-05T21:30:00+00:00,KRW-BONK,B,0.00623,4.65
2026-05-05T21:30:00+00:00,KRW-CRO,B,0.00962,14.06
2026-05-05T21:30:00+00:00,KRW-PENGU,A,-0.01198,6.31
2026-05-05T22:00:00+00:00,KRW-ETC,B,0.0015,3.49
2026-05-05T22:00:00+00:00,KRW-ZIL,B,0.00731,9.33
2026-05-05T22:15:00+00:00,KRW-ZIL,A,-0.01742,8.33
2026-05-05T22:45:00+00:00,KRW-BCH,B,0.0193,6.54
2026-05-05T22:45:00+00:00,KRW-LINK,B,0.00208,4.87
2026-05-05T22:45:00+00:00,KRW-STX,B,0.02725,14.85
2026-05-05T23:00:00+00:00,KRW-STX,A,-0.01326,31.35
2026-05-05T23:15:00+00:00,KRW-STEEM,A,-0.01316,9.22
2026-05-06T00:00:00+00:00,KRW-AKT,B,0.02974,5.06
2026-05-06T00:15:00+00:00,KRW-BORA,A,-0.00557,12.59
2026-05-06T00:15:00+00:00,KRW-STEEM,B,0.00939,5.63
2026-05-06T00:45:00+00:00,KRW-PENDLE,B,0.01374,7.08
2026-05-06T00:45:00+00:00,KRW-UNI,B,0.00223,5.86
2026-05-06T00:45:00+00:00,KRW-XAUT,B,0.00089,4.99
2026-05-06T01:00:00+00:00,KRW-PENDLE,A,-0.02809,5.07
2026-05-06T01:00:00+00:00,KRW-VIRTUAL,B,0.01844,3.81
2026-05-06T01:30:00+00:00,KRW-BONK,B,0.00311,3.87
2026-05-06T01:30:00+00:00,KRW-ELF,A,-0.00862,8.85
2026-05-06T01:45:00+00:00,KRW-FIL,B,0.03676,22.69
2026-05-06T01:45:00+00:00,KRW-VIRTUAL,A,-0.01621,4.72
2026-05-06T02:00:00+00:00,KRW-FIL,A,-0.00657,13.34
2026-05-06T02:45:00+00:00,KRW-ARB,B,0.00568,3.14
2026-05-06T02:45:00+00:00,KRW-STORJ,B,0.0443,21.24
2026-05-06T03:00:00+00:00,KRW-ZIL,A,-0.0442,2.38
2026-05-06T03:15:00+00:00,KRW-ELF,B,0.00855,6.84
2026-05-06T03:15:00+00:00,KRW-ETC,B,0.00964,4.84
2026-05-06T03:15:00+00:00,KRW-LINK,B,0.00416,3.71
2026-05-06T03:15:00+00:00,KRW-LSK,B,0.02564,10.86
2026-05-06T03:15:00+00:00,KRW-STEEM,A,-0.04706,5.39
2026-05-06T03:30:00+00:00,KRW-APT,B,0.00267,4.73
2026-05-06T04:00:00+00:00,KRW-NEAR,B,0.00103,3.33
2026-05-06T04:00:00+00:00,KRW-STORJ,A,-0.01951,241.24
2026-05-06T04:15:00+00:00,KRW-ONT,A,-0.06863,5.2
2026-05-06T04:30:00+00:00,KRW-BCH,B,0.03484,19.1
2026-05-06T04:45:00+00:00,KRW-XEC,B,0.00917,6.18
2026-05-06T05:00:00+00:00,KRW-BCH,A,-0.01407,9.85
2026-05-06T05:30:00+00:00,KRW-ELF,A,-0.00833,7.54
2026-05-06T05:45:00+00:00,KRW-AKT,B,0.0281,3.73
2026-05-06T06:00:00+00:00,KRW-BONK,B,0.00811,7.62
2026-05-06T06:00:00+00:00,KRW-FIL,A,-0.01343,41.21
2026-05-06T06:30:00+00:00,KRW-FIL,B,0.00062,16.51
2026-05-06T06:45:00+00:00,KRW-BONK,A,-0.0098,4.25
2026-05-06T07:30:00+00:00,KRW-STORJ,B,0.00532,147.22
2026-05-06T08:00:00+00:00,KRW-ATH,B,0.02102,6.72
2026-05-06T08:00:00+00:00,KRW-LINK,B,0.00483,3.51
2026-05-06T08:00:00+00:00,KRW-NEAR,B,0.01655,9.33
2026-05-06T08:15:00+00:00,KRW-ATH,A,-0.01961,3.67
2026-05-06T08:15:00+00:00,KRW-XPL,B,0.01418,3.11
2026-05-06T08:30:00+00:00,KRW-ATOM,B,0.00595,3.29
2026-05-06T08:30:00+00:00,KRW-BCH,B,0.00217,3.62
2026-05-06T08:45:00+00:00,KRW-ENS,B,0.00469,3.98
2026-05-06T08:45:00+00:00,KRW-XAUT,B,0.00454,3.12
2026-05-06T09:00:00+00:00,KRW-APT,B,0.00653,4.3
2026-05-06T09:00:00+00:00,KRW-SUI,B,0.00135,3.45
2026-05-06T09:15:00+00:00,KRW-NEAR,A,-0.01246,13.15
2026-05-06T09:30:00+00:00,KRW-STORJ,A,-0.01554,107.51
2026-05-06T10:00:00+00:00,KRW-PYTH,B,0.01548,9.8
2026-05-06T10:30:00+00:00,KRW-FIL,B,0.00061,10.89
2026-05-06T10:30:00+00:00,KRW-JUP,B,0.00697,3.78
2026-05-06T10:45:00+00:00,KRW-TRX,B,0.00199,3.6
2026-05-06T10:45:00+00:00,KRW-UNI,B,0.00194,3.58
2026-05-06T11:00:00+00:00,KRW-CRO,A,-0.00943,5.58
2026-05-06T11:15:00+00:00,KRW-HBAR,B,0.00741,8.16
2026-05-06T11:30:00+00:00,KRW-ZIL,B,0.00148,3.32
2026-05-06T12:00:00+00:00,KRW-NEAR,B,0.00324,26.87
2026-05-06T12:00:00+00:00,KRW-VIRTUAL,B,0.00482,3.13
2026-05-06T12:15:00+00:00,KRW-STORJ,B,0.01064,151.66
2026-05-06T12:45:00+00:00,KRW-VIRTUAL,A,-0.01426,5.14
2026-05-06T12:45:00+00:00,KRW-XPL,B,0.02069,4.59
2026-05-06T13:00:00+00:00,KRW-BONK,A,-0.0099,9.81
2026-05-06T13:00:00+00:00,KRW-LINK,A,-0.0047,5.14
2026-05-06T13:00:00+00:00,KRW-PENGU,A,-0.02469,19.49
2026-05-06T13:00:00+00:00,KRW-RENDER,A,-0.00832,5.18
2026-05-06T13:00:00+00:00,KRW-SUI,A,-0.00868,7.95
2026-05-06T13:15:00+00:00,KRW-MON,B,0.00207,3.47
2026-05-06T13:15:00+00:00,KRW-NEAR,A,-0.01425,25.36
2026-05-06T13:30:00+00:00,KRW-JTO,B,0.04508,28.26
2026-05-06T13:30:00+00:00,KRW-RENDER,B,0.00176,3.53
2026-05-06T13:30:00+00:00,KRW-STORJ,A,-0.02186,109.57
2026-05-06T13:30:00+00:00,KRW-SUI,B,0.00137,3.06
2026-05-06T13:45:00+00:00,KRW-ATOM,A,-0.0045,3.37
2026-05-06T13:45:00+00:00,KRW-ETC,B,0.0051,6.4
2026-05-06T13:45:00+00:00,KRW-FIL,A,-0.01886,15.43
2026-05-06T13:45:00+00:00,KRW-XAUT,B,0.00204,8.58
2026-05-06T14:00:00+00:00,KRW-ETC,A,-0.01523,7.65
2026-05-06T14:30:00+00:00,KRW-JUP,B,0.01007,7.65
2026-05-06T14:45:00+00:00,KRW-JTO,A,-0.04823,52.41
2026-05-06T15:30:00+00:00,KRW-FLOCK,B,0.12299,7.55
2026-05-06T16:00:00+00:00,KRW-NEAR,B,0.00587,12.52
2026-05-06T16:30:00+00:00,KRW-STORJ,B,0.00585,13.16
2026-05-06T17:30:00+00:00,KRW-JTO,B,0.0155,4.27
2026-05-06T17:30:00+00:00,KRW-STX,A,-0.01892,0.94
2026-05-06T20:30:00+00:00,KRW-NEAR,A,-0.00854,4.35
2026-05-06T21:00:00+00:00,KRW-STORJ,B,0.00595,6.9
2026-05-06T21:15:00+00:00,KRW-NEAR,B,0.00541,5.45
2026-05-06T22:00:00+00:00,KRW-LSK,B,0.0051,4.22
2026-05-06T23:00:00+00:00,KRW-FIL,A,-0.00874,4.99
2026-05-06T23:45:00+00:00,KRW-FIL,B,0.01302,9.2
2026-05-07T00:00:00+00:00,KRW-AKT,B,0.04009,3.36
2026-05-07T00:00:00+00:00,KRW-EDGE,B,0.00606,10.36
2026-05-07T00:00:00+00:00,KRW-JTO,A,-0.02262,6.87
2026-05-07T00:00:00+00:00,KRW-LSK,A,-0.01531,12.5
2026-05-07T00:00:00+00:00,KRW-STORJ,A,-0.0355,4.24
2026-05-07T00:00:00+00:00,KRW-XAUT,B,0.00146,4.58
2026-05-07T00:15:00+00:00,KRW-ELF,A,-0.00855,7.59
2026-05-07T00:30:00+00:00,KRW-SUI,A,-0.00553,6.27
2026-05-07T01:00:00+00:00,KRW-BIGTIME,B,0.00957,5.9
2026-05-07T01:00:00+00:00,KRW-BIO,A,-0.03547,7.0
2026-05-07T01:00:00+00:00,KRW-ONT,B,0.00219,14.67
2026-05-07T01:00:00+00:00,KRW-SEI,A,-0.0056,4.0
2026-05-07T01:15:00+00:00,KRW-BIGTIME,A,-0.00948,2.83
2026-05-07T01:15:00+00:00,KRW-LINK,B,0.00137,3.2
2026-05-07T03:30:00+00:00,KRW-STX,B,0.01305,4.11
2026-05-07T03:30:00+00:00,KRW-VANA,A,-0.01476,3.43
2026-05-07T03:45:00+00:00,KRW-STX,A,-0.01031,4.9
2026-05-07T04:15:00+00:00,KRW-ALGO,B,0.01657,9.31
2026-05-07T04:30:00+00:00,KRW-MON,B,0.00644,3.62
2026-05-07T04:45:00+00:00,KRW-SNT,A,-0.01342,6.17
2026-05-07T04:45:00+00:00,KRW-VIRTUAL,B,0.02103,8.91
2026-05-07T05:15:00+00:00,KRW-FLOCK,B,0.06931,22.88
2026-05-07T05:30:00+00:00,KRW-PUMP,B,0.03767,5.53
2026-05-07T05:45:00+00:00,KRW-FLOCK,A,-0.02679,4.21
2026-05-07T05:45:00+00:00,KRW-PUMP,A,-0.0165,4.85
2026-05-07T06:00:00+00:00,KRW-VIRTUAL,A,-0.00901,7.72
2026-05-07T06:30:00+00:00,KRW-XAUT,B,0.00493,3.47
2026-05-07T07:15:00+00:00,KRW-SNT,B,0.01351,3.22
2026-05-07T07:30:00+00:00,KRW-RENDER,B,0.01586,4.93
2026-05-07T08:00:00+00:00,KRW-HBAR,B,0.00746,6.22
2026-05-07T08:45:00+00:00,KRW-VIRTUAL,B,0.00215,3.42
2026-05-07T08:45:00+00:00,KRW-WLFI,B,0.0098,3.19
2026-05-07T09:15:00+00:00,KRW-ALGO,B,0.01058,5.25
2026-05-07T09:15:00+00:00,KRW-FLOCK,B,0.05172,16.86
2026-05-07T09:15:00+00:00,KRW-JUP,A,-0.01656,5.78
2026-05-07T09:30:00+00:00,KRW-JUP,B,0.00337,6.06
2026-05-07T10:00:00+00:00,KRW-FLOCK,A,-0.01639,9.51
2026-05-07T10:00:00+00:00,KRW-VIRTUAL,A,-0.01109,8.29
2026-05-07T10:15:00+00:00,KRW-JTO,B,0.05363,11.37
2026-05-07T11:00:00+00:00,KRW-JTO,A,-0.02044,4.53
2026-05-07T11:15:00+00:00,KRW-BONK,B,0.02,3.19
2026-05-07T12:30:00+00:00,KRW-WLFI,A,-0.03604,5.0
2026-05-07T12:45:00+00:00,KRW-CFG,B,0.01595,3.01
2026-05-07T13:15:00+00:00,KRW-XPL,B,0.02614,9.42
2026-05-07T13:30:00+00:00,KRW-ALGO,A,-0.01064,6.46
2026-05-07T13:30:00+00:00,KRW-JUP,A,-0.00974,6.95
2026-05-07T13:45:00+00:00,KRW-CFG,A,-0.01969,5.92
2026-05-07T13:45:00+00:00,KRW-STX,A,-0.01058,1.21
2026-05-07T14:00:00+00:00,KRW-BORA,B,0.0056,4.17
2026-05-07T14:15:00+00:00,KRW-JTO,B,0.01786,4.69
2026-05-07T14:15:00+00:00,KRW-VIRTUAL,A,-0.01706,4.18
2026-05-07T14:15:00+00:00,KRW-XAUT,B,0.00043,3.56
2026-05-07T14:30:00+00:00,KRW-ETC,A,-0.00667,4.34
2026-05-07T14:30:00+00:00,KRW-SUI,A,-0.00898,6.65
2026-05-07T15:15:00+00:00,KRW-ATOM,A,-0.00932,4.28
2026-05-07T15:15:00+00:00,KRW-JTO,A,-0.03822,13.84
2026-05-07T15:30:00+00:00,KRW-ALGO,B,0.01081,5.16
2026-05-07T16:45:00+00:00,KRW-FLOCK,B,0.03636,3.08
2026-05-07T18:00:00+00:00,KRW-PLUME,A,-0.01026,4.7
2026-05-07T18:30:00+00:00,KRW-JTO,B,0.01455,5.9
2026-05-07T19:45:00+00:00,KRW-JTO,A,-0.01987,3.16
2026-05-07T21:15:00+00:00,KRW-AVAX,B,0.00503,4.8
2026-05-07T22:45:00+00:00,KRW-ALGO,B,0.01064,3.92
2026-05-07T22:45:00+00:00,KRW-LINK,B,0.00276,4.28
2026-05-07T23:00:00+00:00,KRW-XAUT,B,0.00247,4.08
2026-05-07T23:30:00+00:00,KRW-BONK,B,0.00504,3.77
2026-05-08T00:00:00+00:00,KRW-ATOM,A,-0.00899,3.66
2026-05-08T00:00:00+00:00,KRW-G,B,0.03559,14.6
2026-05-08T00:00:00+00:00,KRW-JTO,B,0.00114,8.39
2026-05-08T00:00:00+00:00,KRW-SNT,B,0.01342,4.26
2026-05-08T00:00:00+00:00,KRW-STEEM,B,0.02907,17.5
2026-05-08T00:00:00+00:00,KRW-ZORA,B,0.02051,12.15
2026-05-08T00:15:00+00:00,KRW-G,A,-0.01375,5.05
2026-05-08T00:15:00+00:00,KRW-JTO,A,-0.02281,6.07
2026-05-08T00:15:00+00:00,KRW-PUMP,A,-0.01007,4.0
2026-05-08T00:45:00+00:00,KRW-STX,B,0.01596,3.05
2026-05-08T02:00:00+00:00,KRW-FLOCK,B,0.01709,3.36
2026-05-08T02:30:00+00:00,KRW-STORJ,B,0.0221,7.25
2026-05-08T04:15:00+00:00,KRW-ETC,B,0.00583,4.27
2026-05-08T05:15:00+00:00,KRW-ALGO,B,0.00521,5.38
2026-05-08T05:30:00+00:00,KRW-POL,B,0.00685,4.78
2026-05-08T05:45:00+00:00,KRW-STX,A,-0.01289,2.1
2026-05-08T07:00:00+00:00,KRW-CHZ,B,0.03063,5.3
2026-05-08T07:00:00+00:00,KRW-SAHARA,B,0.02233,3.3
2026-05-08T07:30:00+00:00,KRW-NEAR,B,0.01667,5.81
2026-05-08T08:15:00+00:00,KRW-VIRTUAL,B,0.00439,3.22
2026-05-08T08:30:00+00:00,KRW-ETC,B,0.00578,3.44
2026-05-08T09:00:00+00:00,KRW-APT,B,0.00325,5.39
2026-05-08T09:00:00+00:00,KRW-JTO,B,0.05012,3.07
2026-05-08T09:15:00+00:00,KRW-ARB,B,0.00505,4.37
2026-05-08T09:15:00+00:00,KRW-PYTH,B,0.00616,3.22
2026-05-08T09:30:00+00:00,KRW-SAHARA,A,-0.00924,5.05
2026-05-08T09:45:00+00:00,KRW-ELF,A,-0.00855,5.3
2026-05-08T10:15:00+00:00,KRW-ETC,A,-0.00711,4.82
2026-05-08T11:45:00+00:00,KRW-AVAX,B,0.00141,5.07
2026-05-08T11:45:00+00:00,KRW-JUP,B,0.00965,3.12
2026-05-08T11:45:00+00:00,KRW-LSK,B,0.01031,4.5
2026-05-08T11:45:00+00:00,KRW-SAHARA,B,0.00937,3.11
2026-05-08T12:00:00+00:00,KRW-PENDLE,B,0.00532,7.31
2026-05-08T13:15:00+00:00,KRW-ATOM,B,0.00181,4.02
2026-05-08T13:15:00+00:00,KRW-PENDLE,A,-0.0161,8.1
2026-05-08T13:15:00+00:00,KRW-UNI,B,0.00195,3.11
2026-05-08T14:00:00+00:00,KRW-APT,B,0.00841,3.3
2026-05-08T14:30:00+00:00,KRW-SUI,B,0.01361,5.25
2026-05-08T15:00:00+00:00,KRW-CRO,A,-0.00971,9.19
2026-05-08T15:30:00+00:00,KRW-ARB,B,0.01,5.12
2026-05-08T15:30:00+00:00,KRW-FIL,B,0.06141,5.21
2026-05-08T15:45:00+00:00,KRW-ALGO,B,0.00529,3.16
2026-05-08T15:45:00+00:00,KRW-AVAX,B,0.00348,5.19
2026-05-08T15:45:00+00:00,KRW-ETC,B,0.00996,3.35
2026-05-08T15:45:00+00:00,KRW-HBAR,B,0.00741,8.56
2026-05-08T15:45:00+00:00,KRW-SAHARA,A,-0.02257,4.99
2026-05-08T16:15:00+00:00,KRW-FIL,A,-0.01368,23.38
2026-05-08T16:15:00+00:00,KRW-LSK,B,0.00505,3.2
2026-05-08T16:30:00+00:00,KRW-JUP,B,0.00597,3.76
2026-05-08T17:15:00+00:00,KRW-BONK,B,0.00962,4.14
2026-05-08T17:15:00+00:00,KRW-UNI,B,0.00373,5.3
2026-05-08T17:30:00+00:00,KRW-JUP,A,-0.03399,7.52
2026-05-08T17:45:00+00:00,KRW-CRO,B,0.00962,7.86
2026-05-08T18:00:00+00:00,KRW-POL,B,0.01351,6.26
2026-05-08T18:00:00+00:00,KRW-PYTH,B,0.02009,3.75
2026-05-08T18:15:00+00:00,KRW-LINK,B,0.00065,3.08
2026-05-08T18:30:00+00:00,KRW-ELF,B,0.00855,3.17
2026-05-08T18:30:00+00:00,KRW-SHIB,B,0.00211,4.05
2026-05-08T20:45:00+00:00,KRW-ENS,B,0.01099,3.58
2026-05-08T21:00:00+00:00,KRW-JUP,B,0.01695,4.32
2026-05-08T21:15:00+00:00,KRW-ALGO,B,0.0203,6.05
2026-05-08T21:15:00+00:00,KRW-LAYER,A,-0.06767,18.18
2026-05-08T21:30:00+00:00,KRW-FIL,B,0.01205,8.99
2026-05-08T21:30:00+00:00,KRW-LAYER,B,0.06452,14.82
2026-05-08T22:00:00+00:00,KRW-APT,B,0.00119,3.43
2026-05-09T00:00:00+00:00,KRW-JUP,A,-0.01939,5.17
2026-05-09T00:00:00+00:00,KRW-PENGU,B,0.01299,4.59
2026-05-09T00:00:00+00:00,KRW-SAHARA,B,0.02876,11.75
2026-05-09T00:00:00+00:00,KRW-VIRTUAL,B,0.03285,9.11
2026-05-09T00:00:00+00:00,KRW-XPL,B,0.00613,3.26
2026-05-09T00:15:00+00:00,KRW-ATOM,B,0.00415,3.21
2026-05-09T00:15:00+00:00,KRW-BONK,A,-0.00935,6.13
2026-05-09T00:15:00+00:00,KRW-MANTRA,B,0.03659,13.12
2026-05-09T00:15:00+00:00,KRW-SEI,B,0.01867,10.44
2026-05-09T00:15:00+00:00,KRW-STX,B,0.01772,3.84
2026-05-09T00:15:00+00:00,KRW-SUI,B,0.01452,15.35
2026-05-09T00:15:00+00:00,KRW-VIRTUAL,A,-0.01555,14.18
2026-05-09T00:15:00+00:00,KRW-XEC,B,0.00893,10.57
2026-05-09T00:30:00+00:00,KRW-AKT,B,0.05561,6.64
2026-05-09T00:30:00+00:00,KRW-DEEP,B,0.13185,190.6
2026-05-09T00:30:00+00:00,KRW-LINK,B,0.00326,3.89
2026-05-09T00:30:00+00:00,KRW-MANTRA,A,-0.03529,16.42
2026-05-09T00:30:00+00:00,KRW-SAHARA,A,-0.03191,3.8
2026-05-09T00:45:00+00:00,KRW-CFG,B,0.02876,5.41
2026-05-09T00:45:00+00:00,KRW-ENS,B,0.0096,8.92
2026-05-09T00:45:00+00:00,KRW-HBAR,B,0.0073,7.85
2026-05-09T00:45:00+00:00,KRW-UNI,B,0.0009,5.69
2026-05-09T00:45:00+00:00,KRW-ZORA,B,0.01485,3.91
2026-05-09T01:15:00+00:00,KRW-AVNT,B,0.00405,8.92
2026-05-09T01:15:00+00:00,KRW-DATA,B,0.01382,5.09
2026-05-09T01:15:00+00:00,KRW-DEEP,A,-0.04553,163.97
2026-05-09T01:30:00+00:00,KRW-AVAX,B,0.00473,3.39
2026-05-09T01:30:00+00:00,KRW-ETHFI,B,0.00446,3.03
2026-05-09T01:30:00+00:00,KRW-SUI,A,-0.00872,15.24
2026-05-09T01:45:00+00:00,KRW-PYTH,B,0.00221,3.37
2026-05-09T01:45:00+00:00,KRW-RENDER,B,0.0023,3.05
2026-05-09T03:00:00+00:00,KRW-JTO,B,0.02732,4.0
2026-05-09T03:30:00+00:00,KRW-JTO,A,-0.05882,6.28
2026-05-09T03:45:00+00:00,KRW-JUP,B,0.008,8.86
2026-05-09T04:15:00+00:00,KRW-JUP,A,-0.01053,9.69
2026-05-09T04:45:00+00:00,KRW-LAYER,B,0.00735,4.52
2026-05-09T05:00:00+00:00,KRW-ARB,B,0.00472,4.6
2026-05-09T05:30:00+00:00,KRW-DEEP,B,0.00716,38.37
2026-05-09T05:30:00+00:00,KRW-ETC,B,0.0104,4.93
2026-05-09T06:15:00+00:00,KRW-DEEP,A,-0.01607,59.39
2026-05-09T06:15:00+00:00,KRW-SEI,A,-0.01584,3.88
2026-05-09T07:15:00+00:00,KRW-ETHFI,B,0.00301,3.19
2026-05-09T08:00:00+00:00,KRW-SAHARA,B,0.02439,9.61
2026-05-09T08:30:00+00:00,KRW-SAHARA,A,-0.02515,5.58
2026-05-09T09:00:00+00:00,KRW-ARB,A,-0.01389,4.79
2026-05-09T09:00:00+00:00,KRW-KITE,A,-0.04331,11.59
2026-05-09T09:00:00+00:00,KRW-SUI,A,-0.01828,8.65
2026-05-09T09:15:00+00:00,KRW-ETC,A,-0.00769,4.08
2026-05-09T09:30:00+00:00,KRW-SUI,B,0.00909,7.02
2026-05-09T09:45:00+00:00,KRW-DEEP,B,0.00186,49.84
2026-05-09T11:30:00+00:00,KRW-ARB,B,0.00952,3.33
2026-05-09T11:30:00+00:00,KRW-OPEN,A,-0.02244,5.17
2026-05-09T12:15:00+00:00,KRW-OPEN,B,0.01042,7.98
2026-05-09T12:30:00+00:00,KRW-DEEP,A,-0.0146,33.13
2026-05-09T12:30:00+00:00,KRW-SAHARA,B,0.04031,6.28
2026-05-09T13:45:00+00:00,KRW-DEEP,B,0.00187,10.66
2026-05-09T13:45:00+00:00,KRW-SAHARA,A,-0.01989,3.74
2026-05-09T14:15:00+00:00,KRW-LAYER,A,-0.01439,3.6
2026-05-09T15:15:00+00:00,KRW-LAYER,B,0.00714,4.96
2026-05-09T15:15:00+00:00,KRW-XEC,B,0.00901,4.26
2026-05-09T16:00:00+00:00,KRW-HBAR,B,0.00741,5.49
2026-05-09T16:45:00+00:00,KRW-JUP,B,0.00822,3.29
2026-05-09T17:00:00+00:00,KRW-SAHARA,B,0.02051,7.07
2026-05-09T17:30:00+00:00,KRW-POL,B,0.00671,5.95
2026-05-09T18:00:00+00:00,KRW-SAHARA,A,-0.04225,3.9
2026-05-09T19:00:00+00:00,KRW-LAYER,A,-0.01316,4.14
2026-05-09T21:00:00+00:00,KRW-KITE,B,0.00743,4.05
2026-05-09T21:00:00+00:00,KRW-LAYER,B,0.01351,3.32
2026-05-09T21:15:00+00:00,KRW-DEEP,B,0.01124,8.81
2026-05-09T21:30:00+00:00,KRW-KITE,A,-0.01091,8.28
2026-05-09T22:45:00+00:00,KRW-ALGO,B,0.00524,3.83
2026-05-09T23:30:00+00:00,KRW-SEI,A,-0.01905,4.0
2026-05-09T23:45:00+00:00,KRW-LAYER,A,-0.02013,3.53
2026-05-10T00:00:00+00:00,KRW-OPEN,A,-0.01695,3.5
2026-05-10T00:00:00+00:00,KRW-SAHARA,B,0.00355,6.47
2026-05-10T00:00:00+00:00,KRW-SNT,B,0.00662,3.29
2026-05-10T00:00:00+00:00,KRW-SUI,B,0.00824,4.3
2026-05-10T00:30:00+00:00,KRW-DEEP,A,-0.02617,3.2
2026-05-10T00:30:00+00:00,KRW-SAHARA,A,-0.01607,7.47
2026-05-10T00:30:00+00:00,KRW-SUI,A,-0.01232,9.5
2026-05-10T01:00:00+00:00,KRW-KITE,B,0.01124,3.8
2026-05-10T01:00:00+00:00,KRW-LAYER,B,0.01316,8.65
2026-05-10T01:00:00+00:00,KRW-SNT,A,-0.01282,3.15
2026-05-10T01:15:00+00:00,KRW-BORA,B,0.01465,18.89
2026-05-10T01:15:00+00:00,KRW-XEC,B,0.00901,11.94
2026-05-10T01:30:00+00:00,KRW-BORA,A,-0.00722,8.51
2026-05-10T01:30:00+00:00,KRW-KITE,A,-0.01145,4.15
2026-05-10T01:30:00+00:00,KRW-UNI,B,0.00365,3.03
2026-05-10T02:00:00+00:00,KRW-CRO,B,0.01923,4.65
2026-05-10T02:15:00+00:00,KRW-POL,B,0.01351,3.1
2026-05-10T02:15:00+00:00,KRW-SHIB,B,0.00748,13.34
2026-05-10T02:30:00+00:00,KRW-ERA,A,-0.01345,1.53
2026-05-10T04:15:00+00:00,KRW-BCH,B,0.00527,4.21
2026-05-10T04:15:00+00:00,KRW-BSV,B,0.0579,45.55
2026-05-10T04:15:00+00:00,KRW-LAYER,A,-0.01796,16.7
2026-05-10T04:30:00+00:00,KRW-ENS,B,0.01793,12.51
2026-05-10T04:45:00+00:00,KRW-BSV,A,-0.02434,70.54
2026-05-10T04:45:00+00:00,KRW-XEC,A,-0.03546,382.95
2026-05-10T05:00:00+00:00,KRW-LAYER,B,0.08475,195.24
2026-05-10T05:00:00+00:00,KRW-SNT,B,0.02564,20.82
2026-05-10T05:15:00+00:00,KRW-ATOM,B,0.00494,4.0
2026-05-10T05:15:00+00:00,KRW-LSK,B,0.00498,3.59
2026-05-10T05:15:00+00:00,KRW-W,A,-0.00893,8.22
2026-05-10T05:15:00+00:00,KRW-XEC,B,0.02817,456.08
2026-05-10T05:30:00+00:00,KRW-ERA,B,0.04386,14.52
2026-05-10T05:30:00+00:00,KRW-ETC,B,0.00563,3.96
2026-05-10T05:30:00+00:00,KRW-JTO,A,-0.02625,17.48
2026-05-10T05:30:00+00:00,KRW-ME,B,0.01754,5.43
2026-05-10T05:30:00+00:00,KRW-UNI,B,0.02026,10.5
2026-05-10T05:30:00+00:00,KRW-ZORA,B,0.01942,5.38
2026-05-10T05:45:00+00:00,KRW-BCH,A,-0.00448,4.91
2026-05-10T05:45:00+00:00,KRW-BORA,B,0.00365,4.28
2026-05-10T05:45:00+00:00,KRW-ENS,A,-0.01898,13.36
2026-05-10T05:45:00+00:00,KRW-ETHFI,B,0.00152,3.24
2026-05-10T05:45:00+00:00,KRW-MOVE,A,-0.0069,5.83
2026-05-10T05:45:00+00:00,KRW-UNI,A,-0.00691,33.58
2026-05-10T06:00:00+00:00,KRW-W,B,0.00877,4.41
2026-05-10T06:15:00+00:00,KRW-MOVE,B,0.01031,4.44
2026-05-10T06:15:00+00:00,KRW-SNT,A,-0.02247,99.22
2026-05-10T06:30:00+00:00,KRW-ERA,A,-0.04219,4.9
2026-05-10T07:00:00+00:00,KRW-ME,A,-0.01714,3.88
2026-05-10T08:00:00+00:00,KRW-HBAR,B,0.00725,5.54
2026-05-10T08:00:00+00:00,KRW-SUI,B,0.01118,5.34
2026-05-10T08:15:00+00:00,KRW-BSV,B,0.00154,5.67
2026-05-10T08:30:00+00:00,KRW-SOPH,A,-0.02113,7.45
2026-05-10T08:45:00+00:00,KRW-BSV,A,-0.00962,7.1
2026-05-10T09:00:00+00:00,KRW-SUI,A,-0.00724,7.61
2026-05-10T09:15:00+00:00,KRW-LAYER,B,0.01961,35.38
2026-05-10T09:15:00+00:00,KRW-W,A,-0.02128,4.23
2026-05-10T09:15:00+00:00,KRW-XEC,B,0.00714,54.95
2026-05-10T09:45:00+00:00,KRW-SOPH,B,0.00704,6.31
2026-05-10T09:45:00+00:00,KRW-XEC,A,-0.02041,138.75
2026-05-10T10:00:00+00:00,KRW-SNT,B,0.00592,20.31
2026-05-10T10:15:00+00:00,KRW-AVAX,B,0.00409,4.03
2026-05-10T10:15:00+00:00,KRW-PYTH,B,0.00664,4.93
2026-05-10T10:30:00+00:00,KRW-SNT,A,-0.0117,8.07
2026-05-10T10:45:00+00:00,KRW-LAYER,A,-0.02817,63.93
2026-05-10T11:15:00+00:00,KRW-DEEP,B,0.00731,3.84
2026-05-10T11:15:00+00:00,KRW-UNI,B,0.00087,5.5
2026-05-10T11:30:00+00:00,KRW-DEEP,A,-0.02178,5.04
2026-05-10T11:30:00+00:00,KRW-LSK,A,-0.00985,5.05
2026-05-10T12:00:00+00:00,KRW-ENS,B,0.00491,3.22
2026-05-10T12:00:00+00:00,KRW-HBAR,B,0.00714,3.47
2026-05-10T12:30:00+00:00,KRW-GAS,B,0.0204,14.85
2026-05-10T13:00:00+00:00,KRW-BSV,B,0.0008,3.22
2026-05-10T13:00:00+00:00,KRW-G,B,0.02645,3.78
2026-05-10T13:00:00+00:00,KRW-GAS,A,-0.01748,10.17
2026-05-10T13:15:00+00:00,KRW-G,A,-0.02576,2.98
2026-05-10T13:30:00+00:00,KRW-LAYER,B,0.00518,13.56
2026-05-10T13:30:00+00:00,KRW-W,B,0.02146,25.29
2026-05-10T13:30:00+00:00,KRW-XEC,B,0.00758,19.37
2026-05-10T13:45:00+00:00,KRW-AAVE,B,0.01601,7.17
2026-05-10T13:45:00+00:00,KRW-SOPH,B,0.00699,3.22
2026-05-10T13:45:00+00:00,KRW-SUI,B,0.01379,3.34
2026-05-10T14:00:00+00:00,KRW-APT,B,0.00243,3.91
2026-05-10T14:15:00+00:00,KRW-UNI,A,-0.00985,13.42
2026-05-10T14:15:00+00:00,KRW-W,A,-0.02092,4.1
2026-05-10T14:45:00+00:00,KRW-SHIB,B,0.00624,4.01
2026-05-10T15:00:00+00:00,KRW-BSV,A,-0.02,82.55
2026-05-10T15:00:00+00:00,KRW-CRO,B,0.00935,3.15
2026-05-10T15:00:00+00:00,KRW-SNT,A,-0.01235,8.13
2026-05-10T15:15:00+00:00,KRW-ATOM,B,0.01032,11.44
2026-05-10T15:30:00+00:00,KRW-AVAX,B,0.00202,4.22
2026-05-10T15:30:00+00:00,KRW-SEI,B,0.01961,3.39
2026-05-10T15:45:00+00:00,KRW-ALGO,B,0.00526,5.54
2026-05-10T15:45:00+00:00,KRW-LAYER,A,-0.02538,22.16
2026-05-10T16:00:00+00:00,KRW-ARB,B,0.00476,4.72
2026-05-10T16:00:00+00:00,KRW-UNI,B,0.00169,6.05
2026-05-10T16:15:00+00:00,KRW-HBAR,B,0.00709,4.63
2026-05-10T16:30:00+00:00,KRW-SUI,A,-0.01517,36.21
2026-05-10T17:15:00+00:00,KRW-DEEP,B,0.02513,3.26
2026-05-10T17:15:00+00:00,KRW-PEPE,B,0.04082,5.59
2026-05-10T17:30:00+00:00,KRW-APT,A,-0.02726,6.2
2026-05-10T17:30:00+00:00,KRW-ENS,B,0.00474,11.7
2026-05-10T17:30:00+00:00,KRW-PEPE,A,-0.0181,6.99
2026-05-10T17:45:00+00:00,KRW-LAYER,B,0.01087,8.91
2026-05-10T18:15:00+00:00,KRW-SUI,B,0.0036,11.06
2026-05-10T18:30:00+00:00,KRW-BONK,B,0.03448,4.85
2026-05-10T18:45:00+00:00,KRW-APT,B,0.0069,3.59
2026-05-10T18:45:00+00:00,KRW-POL,B,0.01325,5.6
2026-05-10T18:45:00+00:00,KRW-XEC,B,0.00787,3.65
2026-05-10T19:00:00+00:00,KRW-DEEP,A,-0.03411,2.69
2026-05-10T19:15:00+00:00,KRW-SNT,B,0.00617,3.29
2026-05-10T19:30:00+00:00,KRW-SEI,B,0.01739,3.81
2026-05-10T19:45:00+00:00,KRW-SEI,A,-0.03419,5.23
2026-05-10T20:00:00+00:00,KRW-JUP,B,0.02073,4.87
2026-05-10T20:30:00+00:00,KRW-ENS,A,-0.02184,5.03
2026-05-10T20:30:00+00:00,KRW-ETHFI,A,-0.0131,8.66
2026-05-10T20:30:00+00:00,KRW-SUI,A,-0.018,16.92
2026-05-10T20:30:00+00:00,KRW-XEC,A,-0.02344,21.15
2026-05-10T20:45:00+00:00,KRW-AVAX,A,-0.00604,8.9
2026-05-10T20:45:00+00:00,KRW-LINK,A,-0.00642,5.32
2026-05-10T20:45:00+00:00,KRW-LSK,A,-0.00971,9.34
2026-05-10T21:00:00+00:00,KRW-LAYER,A,-0.02186,13.78
2026-05-10T21:30:00+00:00,KRW-AVAX,B,0.00134,3.21
2026-05-10T21:30:00+00:00,KRW-ENS,B,0.01502,6.59
2026-05-10T22:00:00+00:00,KRW-ATOM,B,0.00375,3.97
2026-05-10T22:00:00+00:00,KRW-LAYER,B,0.01117,8.24
2026-05-10T22:00:00+00:00,KRW-LINK,B,0.0058,6.92
2026-05-10T22:15:00+00:00,KRW-SUI,B,0.01382,10.42
2026-05-10T22:30:00+00:00,KRW-BCH,B,0.00148,4.03
2026-05-10T23:30:00+00:00,KRW-XEC,B,0.00794,13.36
2026-05-10T23:45:00+00:00,KRW-CRO,B,0.01818,4.67
2026-05-10T23:45:00+00:00,KRW-POL,B,0.00654,5.87
2026-05-10T23:45:00+00:00,KRW-SNT,B,0.01235,7.33
2026-05-11T00:00:00+00:00,KRW-BSV,A,-0.00941,5.59
2026-05-11T00:00:00+00:00,KRW-ETHFI,B,0.00147,10.6
2026-05-11T00:00:00+00:00,KRW-GAS,A,-0.00423,7.39
2026-05-11T00:00:00+00:00,KRW-SEI,A,-0.01786,4.61
2026-05-11T00:00:00+00:00,KRW-SNT,A,-0.0122,1.5
2026-05-11T00:15:00+00:00,KRW-APT,A,-0.01065,3.59
2026-05-11T00:15:00+00:00,KRW-ARB,B,0.00476,3.36
2026-05-11T00:15:00+00:00,KRW-ATOM,A,-0.00876,3.51
2026-05-11T00:15:00+00:00,KRW-ELF,B,0.01667,5.81
2026-05-11T00:15:00+00:00,KRW-RENDER,A,-0.00777,7.13
2026-05-11T00:30:00+00:00,KRW-APT,B,0.00359,6.43
2026-05-11T00:30:00+00:00,KRW-BORA,B,0.00361,3.0
2026-05-11T00:30:00+00:00,KRW-JUP,A,-0.01546,9.31
2026-05-11T00:45:00+00:00,KRW-ELF,A,-0.01639,5.77
2026-05-11T00:45:00+00:00,KRW-ETC,B,0.00346,3.17
2026-05-11T01:00:00+00:00,KRW-KITE,B,0.00373,5.62
2026-05-11T01:15:00+00:00,KRW-TRX,B,0.00389,6.69
2026-05-11T01:30:00+00:00,KRW-ENS,A,-0.00903,5.7
2026-05-11T01:45:00+00:00,KRW-ENS,B,0.00182,3.6
2026-05-11T02:00:00+00:00,KRW-AVAX,A,-0.00535,8.25
2026-05-11T02:45:00+00:00,KRW-MOVE,A,-0.01701,4.19
2026-05-11T03:00:00+00:00,KRW-LAYER,B,0.04348,8.2
2026-05-11T04:45:00+00:00,KRW-KITE,A,-0.01434,4.1
2026-05-11T05:00:00+00:00,KRW-SEI,B,0.00917,3.65
2026-05-11T05:30:00+00:00,KRW-APT,B,0.00481,3.73
2026-05-11T05:30:00+00:00,KRW-AVAX,B,0.0027,3.64
2026-05-11T05:30:00+00:00,KRW-SUI,A,-0.00993,5.59
2026-05-11T06:00:00+00:00,KRW-ENS,B,0.00912,7.29
2026-05-11T06:15:00+00:00,KRW-MOVE,B,0.00662,3.89
2026-05-11T06:15:00+00:00,KRW-SUI,B,0.02165,3.02
2026-05-11T06:30:00+00:00,KRW-ENS,A,-0.00989,5.32
2026-05-11T06:45:00+00:00,KRW-MOVE,A,-0.0129,1.98
2026-05-11T07:15:00+00:00,KRW-ELF,B,0.0082,6.58
2026-05-11T07:30:00+00:00,KRW-KITE,B,0.02545,3.44
2026-05-11T07:30:00+00:00,KRW-ME,B,0.00559,4.68
2026-05-11T07:30:00+00:00,KRW-VANA,B,0.01413,4.05
2026-05-11T07:45:00+00:00,KRW-VANA,A,-0.01921,1.11
2026-05-11T09:00:00+00:00,KRW-KITE,A,-0.0411,15.26
2026-05-11T09:15:00+00:00,KRW-SHIB,B,0.00206,4.59
2026-05-11T09:30:00+00:00,KRW-FF,A,-0.02745,4.71
2026-05-11T10:00:00+00:00,KRW-ATOM,B,0.01384,7.83
2026-05-11T10:00:00+00:00,KRW-ME,A,-0.01604,9.24
2026-05-11T10:15:00+00:00,KRW-ATOM,A,-0.00715,31.66
2026-05-11T10:45:00+00:00,KRW-KAITO,A,-0.01027,4.9
2026-05-11T11:00:00+00:00,KRW-FF,B,0.02885,4.68
2026-05-11T11:00:00+00:00,KRW-MOVE,A,-0.02208,4.75
2026-05-11T11:15:00+00:00,KRW-CRO,B,0.00893,4.98
2026-05-11T11:30:00+00:00,KRW-ME,B,0.00552,3.48
2026-05-11T13:00:00+00:00,KRW-AWE,B,0.00466,3.3
2026-05-11T13:15:00+00:00,KRW-MOVE,B,0.00639,7.9
2026-05-11T13:30:00+00:00,KRW-BCH,B,0.0015,4.08
2026-05-11T13:30:00+00:00,KRW-CRO,A,-0.03361,47.23
2026-05-11T13:30:00+00:00,KRW-JUP,A,-0.02168,5.32
2026-05-11T15:00:00+00:00,KRW-HBAR,B,0.01429,4.45
2026-05-11T15:00:00+00:00,KRW-KITE,B,0.00725,3.35
2026-05-11T15:15:00+00:00,KRW-CRO,B,0.00877,3.95
2026-05-11T16:15:00+00:00,KRW-POL,A,-0.01316,4.53
2026-05-11T18:30:00+00:00,KRW-TAO,B,0.00042,3.4
2026-05-11T22:15:00+00:00,KRW-ELF,B,0.0082,3.15
2026-05-11T22:45:00+00:00,KRW-INJ,A,-0.00948,0.72
2026-05-12T00:00:00+00:00,KRW-ME,B,0.01695,5.5
2026-05-12T00:15:00+00:00,KRW-KITE,A,-0.01145,4.85
2026-05-12T00:15:00+00:00,KRW-MOVE,B,0.01299,7.25
2026-05-12T00:30:00+00:00,KRW-MOVE,A,-0.03846,2.86
2026-05-12T00:45:00+00:00,KRW-PENGU,B,0.00662,3.28
2026-05-12T01:00:00+00:00,KRW-KITE,B,0.09266,49.68
2026-05-12T01:00:00+00:00,KRW-MON,B,0.02823,25.13
2026-05-12T01:15:00+00:00,KRW-AVAX,B,0.00134,3.06
2026-05-12T01:30:00+00:00,KRW-AVAX,A,-0.00803,4.59
2026-05-12T01:30:00+00:00,KRW-BCH,A,-0.00378,5.48
2026-05-12T01:30:00+00:00,KRW-BORA,A,-0.00543,5.07
2026-05-12T01:30:00+00:00,KRW-ELSA,A,-0.03571,2.69
2026-05-12T01:30:00+00:00,KRW-ENS,A,-0.01104,1.57
2026-05-12T01:30:00+00:00,KRW-ETC,A,-0.00698,3.68
2026-05-12T01:30:00+00:00,KRW-LINK,A,-0.0045,5.81
2026-05-12T01:30:00+00:00,KRW-ME,A,-0.01667,5.45
2026-05-12T01:30:00+00:00,KRW-MON,A,-0.01775,5.78
2026-05-12T01:30:00+00:00,KRW-SHIB,A,-0.00514,5.65
2026-05-12T01:30:00+00:00,KRW-W,A,-0.03306,3.96
2026-05-12T02:00:00+00:00,KRW-CRO,B,0.01709,8.36
2026-05-12T02:00:00+00:00,KRW-RENDER,B,0.00461,4.26
2026-05-12T02:45:00+00:00,KRW-ELF,A,-0.00813,6.92
2026-05-12T02:45:00+00:00,KRW-TRX,A,-0.0058,3.86
2026-05-12T06:15:00+00:00,KRW-CRO,A,-0.01653,1.91
2026-05-12T06:30:00+00:00,KRW-KITE,B,0.03019,4.43
2026-05-12T07:15:00+00:00,KRW-SAHARA,B,0.04132,5.95
2026-05-12T09:15:00+00:00,KRW-SAHARA,A,-0.025,5.12
2026-05-12T09:30:00+00:00,KRW-NEAR,B,0.00342,3.02
2026-05-12T11:30:00+00:00,KRW-LSK,B,0.00498,3.06
2026-05-12T11:45:00+00:00,KRW-KITE,B,0.00361,4.12
2026-05-12T12:30:00+00:00,KRW-APT,B,0.00187,3.28
2026-05-12T12:30:00+00:00,KRW-BONK,B,0.01905,5.39
2026-05-12T12:30:00+00:00,KRW-ETC,B,0.00286,3.79
2026-05-12T12:30:00+00:00,KRW-INJ,A,-0.03237,1.03
2026-05-12T13:00:00+00:00,KRW-ETHFI,B,0.00595,3.26
2026-05-12T13:00:00+00:00,KRW-MANTRA,B,0.00571,4.42
2026-05-12T14:30:00+00:00,KRW-AVAX,B,0.00138,3.16
2026-05-12T14:30:00+00:00,KRW-FF,B,0.02655,6.47
2026-05-12T14:30:00+00:00,KRW-HBAR,B,0.00719,3.31
2026-05-12T14:30:00+00:00,KRW-ZORA,B,0.00518,3.41
2026-05-12T14:45:00+00:00,KRW-RENDER,A,-0.00715,5.11
2026-05-12T15:00:00+00:00,KRW-CRO,A,-0.01681,1.85
2026-05-12T18:30:00+00:00,KRW-ATOM,B,0.00766,6.82
2026-05-12T18:45:00+00:00,KRW-ATOM,A,-0.01203,6.34
2026-05-12T18:45:00+00:00,KRW-NEAR,B,0.01347,3.24
2026-05-12T19:15:00+00:00,KRW-KITE,B,0.00683,3.08
2026-05-12T21:00:00+00:00,KRW-KITE,A,-0.0297,8.19
2026-05-12T21:30:00+00:00,KRW-TRUMP,B,0.05334,3.58
2026-05-12T22:00:00+00:00,KRW-TRUMP,A,-0.02652,9.21
2026-05-12T23:30:00+00:00,KRW-KITE,B,0.00678,4.45
2026-05-13T00:00:00+00:00,KRW-MANTRA,B,0.04142,16.94
2026-05-13T00:00:00+00:00,KRW-SKR,B,0.03265,3.27
2026-05-13T00:15:00+00:00,KRW-KAITO,B,0.01606,3.6
2026-05-13T00:15:00+00:00,KRW-MANTRA,A,-0.02841,6.83
2026-05-13T00:15:00+00:00,KRW-XEC,B,0.02439,3.04
2026-05-13T01:00:00+00:00,KRW-KAITO,A,-0.02003,27.17
2026-05-13T01:00:00+00:00,KRW-KITE,A,-0.0274,3.6
2026-05-13T01:00:00+00:00,KRW-NEAR,B,0.02113,3.27
2026-05-13T03:00:00+00:00,KRW-INJ,A,-0.03009,0.83
2026-05-13T03:30:00+00:00,KRW-ETHFI,B,0.00716,11.48
2026-05-13T05:00:00+00:00,KRW-ATOM,B,0.00402,5.2
2026-05-13T05:30:00+00:00,KRW-ATOM,A,-0.02066,8.15
2026-05-13T05:45:00+00:00,KRW-INJ,B,0.01834,3.41
2026-05-13T07:00:00+00:00,KRW-BORA,A,-0.00734,6.06
2026-05-13T08:30:00+00:00,KRW-INJ,A,-0.01162,5.89
2026-05-13T09:15:00+00:00,KRW-AVAX,B,0.00336,4.4
2026-05-13T09:15:00+00:00,KRW-COW,B,0.0106,5.27
2026-05-13T09:15:00+00:00,KRW-LINK,B,0.0019,6.22
2026-05-13T09:30:00+00:00,KRW-BONK,B,0.00935,4.21
2026-05-13T09:30:00+00:00,KRW-STX,B,0.00228,3.73
2026-05-13T09:45:00+00:00,KRW-STX,A,-0.01139,2.29
2026-05-13T10:00:00+00:00,KRW-FF,B,0.03252,7.81
2026-05-13T10:15:00+00:00,KRW-INJ,B,0.00986,9.18
2026-05-13T10:30:00+00:00,KRW-KAITO,A,-0.00708,3.3
2026-05-13T10:45:00+00:00,KRW-ATOM,A,-0.01462,5.87
2026-05-13T11:00:00+00:00,KRW-JUP,A,-0.01445,10.18
2026-05-13T11:30:00+00:00,KRW-FF,A,-0.04615,7.92
2026-05-13T11:30:00+00:00,KRW-ZORA,B,0.00518,3.29
2026-05-13T11:45:00+00:00,KRW-TRUMP,A,-0.0223,3.77
2026-05-13T12:00:00+00:00,KRW-SOPH,B,0.00694,5.13
2026-05-13T12:30:00+00:00,KRW-ALGO,A,-0.01676,4.44
2026-05-13T12:30:00+00:00,KRW-APT,A,-0.01481,3.67
2026-05-13T12:30:00+00:00,KRW-AVAX,A,-0.00747,5.22
2026-05-13T12:30:00+00:00,KRW-BERA,A,-0.02142,5.34
2026-05-13T12:30:00+00:00,KRW-ETC,A,-0.0086,3.76
2026-05-13T12:30:00+00:00,KRW-ETHFI,A,-0.01909,4.42
2026-05-13T12:30:00+00:00,KRW-LINK,A,-0.00906,10.33
2026-05-13T12:30:00+00:00,KRW-NEAR,B,0.00085,3.45
2026-05-13T12:30:00+00:00,KRW-SOPH,A,-0.02098,4.77
2026-05-13T12:30:00+00:00,KRW-TRX,A,-0.00384,8.43
2026-05-13T12:30:00+00:00,KRW-UNI,A,-0.01175,3.02
2026-05-13T12:30:00+00:00,KRW-VIRTUAL,A,-0.01668,8.99
2026-05-13T12:45:00+00:00,KRW-INJ,A,-0.0099,5.27
2026-05-13T13:45:00+00:00,KRW-SEI,A,-0.01386,6.97
2026-05-13T13:45:00+00:00,KRW-XPL,A,-0.01408,4.67
2026-05-13T14:00:00+00:00,KRW-BONK,B,0.0098,4.16
2026-05-13T14:00:00+00:00,KRW-FF,B,0.03226,3.33
2026-05-13T14:00:00+00:00,KRW-HBAR,B,0.01471,4.6
2026-05-13T14:00:00+00:00,KRW-RENDER,B,0.00285,3.53
2026-05-13T14:30:00+00:00,KRW-INJ,B,0.00782,7.57
2026-05-13T14:45:00+00:00,KRW-BORA,A,-0.00917,5.24
2026-05-13T15:00:00+00:00,KRW-STX,A,-0.01891,2.1
2026-05-13T15:15:00+00:00,KRW-KITE,B,0.01567,4.63
2026-05-13T15:30:00+00:00,KRW-KITE,A,-0.02778,6.46
2026-05-13T15:45:00+00:00,KRW-TRX,B,0.00192,6.19
2026-05-13T16:00:00+00:00,KRW-AVAX,B,0.00278,9.24
2026-05-13T19:00:00+00:00,KRW-INJ,A,-0.02008,1.36
2026-05-13T20:45:00+00:00,KRW-HBAR,B,0.00725,4.21
2026-05-13T21:15:00+00:00,KRW-ETHFI,A,-0.01043,3.94
2026-05-13T22:00:00+00:00,KRW-STX,A,-0.00748,2.17
2026-05-13T23:15:00+00:00,KRW-INJ,A,-0.01564,1.28
2026-05-14T00:00:00+00:00,KRW-ALGO,B,0.01136,3.18
2026-05-14T00:00:00+00:00,KRW-FF,B,0.00794,3.82
2026-05-14T00:00:00+00:00,KRW-PYTH,B,0.00528,90.53
2026-05-14T00:30:00+00:00,KRW-TAO,B,0.00821,17.45
2026-05-14T03:15:00+00:00,KRW-LINK,B,0.00199,3.15
2026-05-14T03:30:00+00:00,KRW-BARD,B,0.00498,3.85
2026-05-14T03:30:00+00:00,KRW-FF,A,-0.02362,4.41
2026-05-14T03:45:00+00:00,KRW-KITE,A,-0.0184,3.19
2026-05-14T04:00:00+00:00,KRW-WLFI,B,0.0098,3.77
2026-05-14T04:45:00+00:00,KRW-INJ,B,0.0317,3.29
2026-05-14T06:00:00+00:00,KRW-KITE,B,0.01208,3.89
2026-05-14T09:15:00+00:00,KRW-TRX,B,0.00191,3.09
2026-05-14T10:15:00+00:00,KRW-KITE,B,0.01791,5.4
2026-05-14T10:45:00+00:00,KRW-KITE,A,-0.02647,8.89
2026-05-14T11:45:00+00:00,KRW-BORA,B,0.00737,6.65
2026-05-14T13:30:00+00:00,KRW-ARB,B,0.00518,3.29
2026-05-14T14:30:00+00:00,KRW-TRX,A,-0.00758,4.07
2026-05-14T15:30:00+00:00,KRW-MON,B,0.02517,3.4
2026-05-14T15:45:00+00:00,KRW-LSK,B,0.02083,9.16
2026-05-14T16:00:00+00:00,KRW-LINK,B,0.01017,4.11
2026-05-14T16:15:00+00:00,KRW-ZORA,B,0.00535,4.56
2026-05-14T17:00:00+00:00,KRW-LINK,A,-0.0057,5.36
2026-05-14T17:00:00+00:00,KRW-UNI,A,-0.00894,2.32
2026-05-14T18:45:00+00:00,KRW-COW,A,-0.00714,16.27
2026-05-14T20:15:00+00:00,KRW-XAUT,B,0.00102,4.61
2026-05-15T02:45:00+00:00,KRW-ETHFI,B,0.00763,3.24
2026-05-15T05:30:00+00:00,KRW-APT,A,-0.00984,4.26
2026-05-15T05:30:00+00:00,KRW-BORA,A,-0.00552,4.51
2026-05-15T05:30:00+00:00,KRW-CRO,A,-0.01739,2.14
2026-05-15T05:30:00+00:00,KRW-GAS,A,-0.00567,3.27
2026-05-15T05:45:00+00:00,KRW-NEAR,B,0.00262,3.8
2026-05-15T07:45:00+00:00,KRW-ELF,B,0.0084,6.02
2026-05-15T08:30:00+00:00,KRW-FF,B,0.05932,8.3
2026-05-15T11:00:00+00:00,KRW-FF,A,-0.02174,14.3
2026-05-15T11:45:00+00:00,KRW-FLOCK,B,0.01321,3.09
2026-05-15T13:00:00+00:00,KRW-FF,B,0.00752,3.78
2026-05-15T13:30:00+00:00,KRW-ATH,A,-0.03488,3.89
2026-05-15T13:30:00+00:00,KRW-AVAX,A,-0.01527,9.27
2026-05-15T13:30:00+00:00,KRW-BARD,A,-0.03008,5.19
2026-05-15T13:30:00+00:00,KRW-BERA,A,-0.02094,3.2
2026-05-15T13:30:00+00:00,KRW-BORA,A,-0.00742,3.96
2026-05-15T13:30:00+00:00,KRW-ETC,A,-0.0138,3.77
2026-05-15T13:30:00+00:00,KRW-GAS,A,-0.01606,4.31
2026-05-15T13:30:00+00:00,KRW-KAITO,A,-0.01114,3.38
2026-05-15T13:30:00+00:00,KRW-LINK,A,-0.01248,5.54
2026-05-15T13:30:00+00:00,KRW-MON,A,-0.01208,4.04
2026-05-15T13:30:00+00:00,KRW-PEPE,A,-0.02192,6.36
2026-05-15T13:30:00+00:00,KRW-POL,A,-0.0073,5.54
2026-05-15T13:30:00+00:00,KRW-PYTH,A,-0.02119,1.8
2026-05-15T13:30:00+00:00,KRW-RENDER,A,-0.02186,4.36
2026-05-15T13:30:00+00:00,KRW-SAND,A,-0.02632,5.91
2026-05-15T13:30:00+00:00,KRW-SHIB,A,-0.01622,7.65
2026-05-15T13:30:00+00:00,KRW-TRUMP,A,-0.02521,3.19
2026-05-15T13:30:00+00:00,KRW-VIRTUAL,A,-0.02969,4.59
2026-05-15T13:30:00+00:00,KRW-W,A,-0.02956,3.26
2026-05-15T13:30:00+00:00,KRW-XPL,A,-0.0219,5.46
2026-05-15T13:30:00+00:00,KRW-ZORA,A,-0.01099,6.94
2026-05-15T13:30:00+00:00,KRW-ZRO,A,-0.02405,3.44
2026-05-15T13:45:00+00:00,KRW-ARB,A,-0.01075,7.38
2026-05-15T13:45:00+00:00,KRW-BCH,A,-0.00315,4.27
2026-05-15T13:45:00+00:00,KRW-ENS,A,-0.01352,1.31
2026-05-15T13:45:00+00:00,KRW-ETHFI,A,-0.01133,4.74
2026-05-15T13:45:00+00:00,KRW-ID,A,-0.01502,3.26
2026-05-15T13:45:00+00:00,KRW-LA,A,-0.0202,3.05
2026-05-15T13:45:00+00:00,KRW-LSK,A,-0.02174,5.28
2026-05-15T13:45:00+00:00,KRW-SOPH,A,-0.02362,4.08
2026-05-15T13:45:00+00:00,KRW-WAVES,A,-0.00832,1.49
2026-05-15T14:00:00+00:00,KRW-AVAX,B,0.00283,3.61
2026-05-15T14:00:00+00:00,KRW-BONK,B,0.01147,3.98
2026-05-15T14:00:00+00:00,KRW-COW,B,0.00769,3.37
2026-05-15T14:00:00+00:00,KRW-LINK,B,0.00403,7.56
2026-05-15T14:00:00+00:00,KRW-LSK,B,0.00556,9.6
2026-05-15T14:00:00+00:00,KRW-POL,B,0.01504,3.36
2026-05-15T14:00:00+00:00,KRW-RENDER,B,0.00742,5.55
2026-05-15T14:00:00+00:00,KRW-ZORA,B,0.01136,3.74
2026-05-15T14:30:00+00:00,KRW-ETHFI,B,0.00325,6.61
2026-05-15T16:00:00+00:00,KRW-STORJ,A,-0.01205,4.7
2026-05-15T17:30:00+00:00,KRW-STORJ,B,0.05202,3.07
2026-05-15T21:30:00+00:00,KRW-RENDER,B,0.00651,3.46
2026-05-15T23:45:00+00:00,KRW-LSK,B,0.01093,4.1
2026-05-16T00:00:00+00:00,KRW-BORA,B,0.01124,25.0
2026-05-16T00:00:00+00:00,KRW-STORJ,A,-0.01523,4.94
2026-05-16T00:30:00+00:00,KRW-BORA,A,-0.00924,5.15
2026-05-16T00:30:00+00:00,KRW-CHZ,B,0.00583,3.25
2026-05-16T00:30:00+00:00,KRW-STORJ,B,0.13568,15.55
2026-05-16T02:15:00+00:00,KRW-ELF,B,0.0084,3.18
2026-05-16T04:15:00+00:00,KRW-COW,A,-0.01132,4.77
2026-05-16T06:45:00+00:00,KRW-ELF,B,0.1157,136.77
2026-05-16T07:00:00+00:00,KRW-AVAX,A,-0.01001,4.91
2026-05-16T07:00:00+00:00,KRW-BCH,A,-0.00555,4.44
2026-05-16T07:00:00+00:00,KRW-BONK,A,-0.01684,7.9
2026-05-16T07:00:00+00:00,KRW-ETHFI,A,-0.03317,4.93
2026-05-16T07:00:00+00:00,KRW-GAS,A,-0.00885,3.47
2026-05-16T07:00:00+00:00,KRW-LINK,A,-0.00951,4.66
2026-05-16T07:15:00+00:00,KRW-ATOM,B,0.00452,5.92
2026-05-16T07:15:00+00:00,KRW-ELF,A,-0.05072,233.43
2026-05-16T07:15:00+00:00,KRW-FF,B,0.048,3.57
2026-05-16T07:15:00+00:00,KRW-LINK,B,0.00343,5.44
2026-05-16T07:15:00+00:00,KRW-RENDER,B,0.0041,4.44
2026-05-16T07:15:00+00:00,KRW-SOPH,B,0.00826,3.93
2026-05-16T07:15:00+00:00,KRW-TRX,A,-0.00381,3.37
2026-05-16T08:30:00+00:00,KRW-BORA,B,0.02768,17.69
2026-05-16T08:45:00+00:00,KRW-AWE,A,-0.02462,5.06
2026-05-16T08:45:00+00:00,KRW-BORA,A,-0.03591,84.21
2026-05-16T09:00:00+00:00,KRW-SNT,B,0.02632,19.19
2026-05-16T09:15:00+00:00,KRW-SNT,A,-0.04487,5.78
2026-05-16T09:15:00+00:00,KRW-ZORA,A,-0.01176,5.63
2026-05-16T10:00:00+00:00,KRW-ID,A,-0.01786,3.47
2026-05-16T10:45:00+00:00,KRW-ETHFI,B,0.01389,8.18
2026-05-16T12:30:00+00:00,KRW-ATOM,B,0.00542,3.06
2026-05-16T12:30:00+00:00,KRW-ELF,B,0.00826,16.76
2026-05-16T13:15:00+00:00,KRW-ELF,A,-0.07463,114.06
2026-05-16T13:45:00+00:00,KRW-LINK,B,0.00418,3.24
2026-05-16T18:45:00+00:00,KRW-CHZ,B,0.00839,4.06
2026-05-16T21:15:00+00:00,KRW-ATOM,B,0.00362,4.41
2026-05-16T22:45:00+00:00,KRW-ELF,B,0.00826,3.82
2026-05-17T00:00:00+00:00,KRW-ELF,A,-0.01626,1.52
2026-05-17T00:00:00+00:00,KRW-STEEM,A,-0.01053,10.42
2026-05-17T01:15:00+00:00,KRW-ATOM,A,-0.01442,5.6
2026-05-17T01:30:00+00:00,KRW-BORA,B,0.00181,28.88
2026-05-17T01:30:00+00:00,KRW-CHZ,B,0.0014,3.71
2026-05-17T01:30:00+00:00,KRW-SNT,B,0.00658,3.13
2026-05-17T01:45:00+00:00,KRW-BORA,A,-0.01085,6.58
2026-05-17T03:15:00+00:00,KRW-SNT,A,-0.02439,1.74
2026-05-17T04:15:00+00:00,KRW-SUI,B,0.00754,3.36
2026-05-17T06:30:00+00:00,KRW-XAUT,B,0.00089,3.48
2026-05-17T07:30:00+00:00,KRW-OPEN,B,0.02372,3.84
2026-05-17T08:00:00+00:00,KRW-CHZ,B,0.01233,4.81
2026-05-17T08:30:00+00:00,KRW-BONK,B,0.00214,3.13
2026-05-17T10:00:00+00:00,KRW-ATOM,B,0.01152,5.28
2026-05-17T10:00:00+00:00,KRW-KAITO,B,0.02363,6.4
2026-05-17T10:45:00+00:00,KRW-OPEN,A,-0.03623,3.6
2026-05-17T12:15:00+00:00,KRW-OPEN,B,0.00366,5.16
2026-05-17T14:00:00+00:00,KRW-BORA,B,0.00911,3.54
2026-05-17T14:15:00+00:00,KRW-BORA,A,-0.00722,2.31
2026-05-17T14:15:00+00:00,KRW-LINK,B,0.00207,4.03
2026-05-17T14:45:00+00:00,KRW-KAITO,B,0.02929,13.15
2026-05-17T15:45:00+00:00,KRW-KAITO,A,-0.02749,15.76
2026-05-17T19:45:00+00:00,KRW-ELF,A,-0.01681,0.85
2026-05-17T23:00:00+00:00,KRW-KAITO,B,0.00279,4.1
2026-05-17T23:00:00+00:00,KRW-OPEN,A,-0.04211,6.07
2026-05-17T23:15:00+00:00,KRW-BCH,B,0.00166,4.08
2026-05-17T23:30:00+00:00,KRW-APT,A,-0.02083,4.63
2026-05-17T23:30:00+00:00,KRW-ARB,A,-0.01149,6.03
2026-05-17T23:30:00+00:00,KRW-AVAX,A,-0.01169,9.44
2026-05-17T23:30:00+00:00,KRW-BARD,A,-0.03611,10.59
2026-05-17T23:30:00+00:00,KRW-BONK,A,-0.02646,15.11
2026-05-17T23:30:00+00:00,KRW-CHZ,A,-0.02975,7.23
2026-05-17T23:30:00+00:00,KRW-DOT,A,-0.01443,6.25
2026-05-17T23:30:00+00:00,KRW-ETC,A,-0.01057,4.83
2026-05-17T23:30:00+00:00,KRW-ETHFI,A,-0.03484,9.28
2026-05-17T23:30:00+00:00,KRW-GAS,A,-0.0125,3.59
2026-05-17T23:30:00+00:00,KRW-LINK,A,-0.01255,12.61
2026-05-17T23:30:00+00:00,KRW-LSK,A,-0.01695,4.54
2026-05-17T23:30:00+00:00,KRW-MANTRA,A,-0.04762,3.59
2026-05-17T23:30:00+00:00,KRW-OPEN,B,0.00365,3.06
2026-05-17T23:30:00+00:00,KRW-PEPE,A,-0.02178,7.36
2026-05-17T23:30:00+00:00,KRW-POL,A,-0.01471,11.93
2026-05-17T23:30:00+00:00,KRW-PUMP,A,-0.02326,5.38
2026-05-17T23:30:00+00:00,KRW-PYTH,A,-0.02276,2.4
2026-05-17T23:30:00+00:00,KRW-RENDER,A,-0.01637,8.6
2026-05-17T23:30:00+00:00,KRW-SAND,A,-0.02804,7.43
2026-05-17T23:30:00+00:00,KRW-SHIB,A,-0.01282,5.81
2026-05-17T23:30:00+00:00,KRW-SOPH,A,-0.03306,4.11
2026-05-17T23:30:00+00:00,KRW-TRX,B,0.00189,5.84
2026-05-17T23:30:00+00:00,KRW-VIRTUAL,A,-0.03181,3.94
2026-05-17T23:30:00+00:00,KRW-WAVES,A,-0.0335,1.74
2026-05-17T23:30:00+00:00,KRW-XPL,A,-0.02381,5.59
2026-05-17T23:30:00+00:00,KRW-ZORA,A,-0.02454,9.13
2026-05-17T23:45:00+00:00,KRW-AVAX,B,0.0133,4.1
2026-05-17T23:45:00+00:00,KRW-BARD,B,0.00288,3.09
2026-05-17T23:45:00+00:00,KRW-BONK,B,0.02152,3.66
2026-05-18T00:00:00+00:00,KRW-BERA,A,-0.00746,5.11
2026-05-18T00:00:00+00:00,KRW-KAITO,A,-0.01091,5.41
2026-05-18T00:00:00+00:00,KRW-TRX,A,-0.00565,4.44
2026-05-18T00:15:00+00:00,KRW-ATOM,B,0.00699,4.94
2026-05-18T00:15:00+00:00,KRW-G,A,-0.01147,0.78
2026-05-18T00:45:00+00:00,KRW-SIGN,A,-0.0101,4.08
2026-05-18T01:00:00+00:00,KRW-ARB,B,0.00581,4.48
2026-05-18T01:30:00+00:00,KRW-BCH,A,-0.03104,18.12
2026-05-18T01:30:00+00:00,KRW-XAUT,B,0.00194,3.07
2026-05-18T04:45:00+00:00,KRW-OPEN,B,0.02465,3.48
2026-05-18T06:15:00+00:00,KRW-BCH,A,-0.02141,8.75
2026-05-18T07:30:00+00:00,KRW-ELF,A,-0.01754,0.84
2026-05-18T08:15:00+00:00,KRW-COW,A,-0.00816,18.24
2026-05-18T08:45:00+00:00,KRW-HYPER,A,-0.02139,2.24
2026-05-18T09:30:00+00:00,KRW-ARB,B,0.00585,3.45
2026-05-18T10:15:00+00:00,KRW-BCH,A,-0.00549,5.36
2026-05-18T10:15:00+00:00,KRW-OPEN,B,0.02055,3.74
2026-05-18T11:30:00+00:00,KRW-ALGO,B,0.01274,3.58
2026-05-18T11:30:00+00:00,KRW-BCH,B,0.00551,4.42
2026-05-18T11:30:00+00:00,KRW-CHZ,B,0.01868,3.15
2026-05-18T12:00:00+00:00,KRW-KITE,B,0.01159,3.03
2026-05-18T12:45:00+00:00,KRW-OPEN,A,-0.01572,5.05
2026-05-18T12:45:00+00:00,KRW-RENDER,B,0.00038,3.63
2026-05-18T14:30:00+00:00,KRW-CRO,A,-0.00971,2.29
2026-05-19T00:00:00+00:00,KRW-ATOM,B,0.00617,3.67
2026-05-19T00:00:00+00:00,KRW-DATA,B,0.01376,7.69
2026-05-19T00:00:00+00:00,KRW-GAS,B,0.00866,3.72
2026-05-19T00:00:00+00:00,KRW-ONT,B,0.07193,34.78
2026-05-19T00:00:00+00:00,KRW-SKR,B,0.05164,3.17
2026-05-19T00:15:00+00:00,KRW-ONT,A,-0.00758,8.76
2026-05-19T00:15:00+00:00,KRW-OPEN,B,0.03492,4.02
2026-05-19T00:30:00+00:00,KRW-ARB,B,0.00571,4.47
2026-05-19T01:15:00+00:00,KRW-SOPH,A,-0.01709,5.17
2026-05-19T02:00:00+00:00,KRW-TRX,B,0.00379,3.17
2026-05-19T04:00:00+00:00,KRW-ONT,B,0.00409,3.84
2026-05-19T04:00:00+00:00,KRW-XAUT,A,-0.00236,5.16
2026-05-19T04:30:00+00:00,KRW-ONT,A,-0.00914,2.34
2026-05-19T06:15:00+00:00,KRW-FF,B,0.07576,4.91
2026-05-19T06:30:00+00:00,KRW-FF,A,-0.02817,8.11
2026-05-19T08:00:00+00:00,KRW-ONT,B,0.00722,4.69
2026-05-19T09:30:00+00:00,KRW-ONT,A,-0.01212,5.2
2026-05-19T10:00:00+00:00,KRW-STORJ,B,0.01099,3.24
2026-05-19T11:45:00+00:00,KRW-BCH,B,0.00442,5.32
2026-05-19T12:00:00+00:00,KRW-PYTH,A,-0.02381,2.79
2026-05-19T13:15:00+00:00,KRW-ONT,B,0.00104,3.53
2026-05-19T14:00:00+00:00,KRW-ONT,A,-0.01337,3.82
2026-05-19T14:30:00+00:00,KRW-BCH,A,-0.03697,6.37
2026-05-19T21:30:00+00:00,KRW-ONT,A,-0.02013,2.49
2026-05-20T00:00:00+00:00,KRW-GAS,B,0.01121,36.6
2026-05-20T00:15:00+00:00,KRW-GAS,A,-0.0145,19.27
2026-05-20T00:15:00+00:00,KRW-ONT,B,0.0079,3.05
2026-05-20T02:00:00+00:00,KRW-IN,B,0.084,22.47
2026-05-20T02:15:00+00:00,KRW-IN,A,-0.02827,14.32
2026-05-20T02:15:00+00:00,KRW-PYTH,B,0.00166,6.87
2026-05-20T02:45:00+00:00,KRW-BARD,A,-0.00893,4.41
2026-05-20T08:30:00+00:00,KRW-ZORA,B,0.02994,3.92
2026-05-20T09:00:00+00:00,KRW-PYTH,A,-0.00818,2.08
2026-05-20T09:45:00+00:00,KRW-ZORA,A,-0.01754,5.58
2026-05-20T12:00:00+00:00,KRW-TRX,B,0.00188,5.0
2026-05-20T15:45:00+00:00,KRW-RENDER,B,0.0074,4.87
2026-05-20T16:00:00+00:00,KRW-BERA,B,0.05506,5.54
2026-05-21T00:00:00+00:00,KRW-ARB,B,0.00613,4.48
2026-05-21T00:45:00+00:00,KRW-SUI,B,0.0171,5.68
2026-05-21T03:00:00+00:00,KRW-BCH,B,0.00444,3.2
2026-05-21T04:00:00+00:00,KRW-ETHFI,B,0.00174,5.18
2026-05-21T04:30:00+00:00,KRW-NEAR,B,0.01707,3.04
2026-05-21T05:30:00+00:00,KRW-TRX,B,0.00375,3.32
2026-05-21T06:00:00+00:00,KRW-XAUT,B,0.00134,3.92
2026-05-21T06:45:00+00:00,KRW-BERA,B,0.00336,15.84
2026-05-21T06:45:00+00:00,KRW-ZKP,B,0.02521,8.69
2026-05-21T07:00:00+00:00,KRW-BERA,A,-0.00836,11.84
2026-05-21T07:00:00+00:00,KRW-ZKP,A,-0.02459,9.08
2026-05-21T07:00:00+00:00,KRW-ZORA,B,0.01183,3.83
2026-05-21T08:00:00+00:00,KRW-KAITO,B,0.01495,3.13
2026-05-21T09:15:00+00:00,KRW-AVNT,B,0.04237,12.77
2026-05-21T09:15:00+00:00,KRW-LINK,B,0.00139,3.87
2026-05-21T09:45:00+00:00,KRW-AVNT,A,-0.02439,8.79
2026-05-21T09:45:00+00:00,KRW-ZAMA,B,0.00642,3.19
2026-05-21T10:00:00+00:00,KRW-ZAMA,A,-0.02766,4.11
2026-05-21T10:15:00+00:00,KRW-CHZ,A,-0.01246,7.62
2026-05-21T10:15:00+00:00,KRW-DOT,A,-0.01009,4.74
2026-05-21T10:15:00+00:00,KRW-PUMP,A,-0.0076,2.72
2026-05-21T10:30:00+00:00,KRW-OPEN,B,0.01462,3.36
2026-05-21T11:30:00+00:00,KRW-SOPH,B,0.00855,3.37
2026-05-21T11:45:00+00:00,KRW-OPEN,A,-0.0142,5.18
2026-05-21T12:15:00+00:00,KRW-KAITO,B,0.02729,12.1
2026-05-21T12:15:00+00:00,KRW-TRX,B,0.00371,5.66
2026-05-21T15:15:00+00:00,KRW-NEAR,B,0.02273,8.87
2026-05-21T17:15:00+00:00,KRW-ARB,B,0.01198,3.69
2026-05-21T17:15:00+00:00,KRW-RENDER,B,0.00842,3.14
2026-05-21T19:45:00+00:00,KRW-NEAR,B,0.01893,4.96
2026-05-22T00:00:00+00:00,KRW-DATA,B,0.01344,3.09
2026-05-22T00:00:00+00:00,KRW-NEAR,B,0.00629,3.01
2026-05-22T00:15:00+00:00,KRW-ATH,B,0.0043,13.47
2026-05-22T00:45:00+00:00,KRW-ATH,A,-0.02612,18.01
2026-05-22T01:00:00+00:00,KRW-PENGU,B,0.01439,4.62
2026-05-22T02:15:00+00:00,KRW-RENDER,B,0.00243,3.16
2026-05-22T02:30:00+00:00,KRW-DOT,B,0.00518,3.27
2026-05-22T02:45:00+00:00,KRW-NEAR,A,-0.02076,14.59
2026-05-22T03:30:00+00:00,KRW-ATOM,B,0.00317,11.24
2026-05-22T03:30:00+00:00,KRW-LSK,B,0.00549,3.61
2026-05-22T04:00:00+00:00,KRW-ATOM,A,-0.00721,10.19
2026-05-22T04:00:00+00:00,KRW-NEAR,B,0.00952,11.52
2026-05-22T05:15:00+00:00,KRW-RENDER,A,-0.01434,4.2
2026-05-22T07:15:00+00:00,KRW-SOPH,B,0.02521,4.28
2026-05-22T07:30:00+00:00,KRW-RENDER,B,0.01622,5.97
2026-05-22T07:45:00+00:00,KRW-ATH,B,0.01542,8.42
2026-05-22T07:45:00+00:00,KRW-IN,B,0.01304,7.77
2026-05-22T08:00:00+00:00,KRW-NEAR,B,0.00959,17.59
2026-05-22T08:30:00+00:00,KRW-ATH,A,-0.014,6.07
2026-05-22T08:30:00+00:00,KRW-NEAR,A,-0.01617,19.48
2026-05-22T08:45:00+00:00,KRW-ATOM,B,0.00251,6.16
2026-05-22T08:45:00+00:00,KRW-ETHFI,B,0.00521,3.09
2026-05-22T09:00:00+00:00,KRW-DOT,B,0.00355,3.12
2026-05-22T09:15:00+00:00,KRW-AAVE,B,0.00381,3.56
2026-05-22T09:45:00+00:00,KRW-ALGO,B,0.01734,5.25
2026-05-22T10:00:00+00:00,KRW-SOON,B,0.00405,3.0
2026-05-22T11:45:00+00:00,KRW-ATH,B,0.00402,3.45
2026-05-22T11:45:00+00:00,KRW-RENDER,B,0.00232,3.09
2026-05-22T12:15:00+00:00,KRW-ATOM,A,-0.00713,10.23
2026-05-22T12:15:00+00:00,KRW-NEAR,B,0.00815,10.14
2026-05-22T12:30:00+00:00,KRW-ARB,B,0.00588,3.97
2026-05-22T12:30:00+00:00,KRW-POL,B,0.0073,3.82
2026-05-22T12:45:00+00:00,KRW-VIRTUAL,B,0.02451,4.43
2026-05-22T13:00:00+00:00,KRW-LINK,B,0.00202,3.54
2026-05-22T13:15:00+00:00,KRW-LINK,A,-0.00469,5.1
2026-05-22T13:15:00+00:00,KRW-RENDER,A,-0.00643,16.11
2026-05-22T13:30:00+00:00,KRW-IN,B,0.01561,3.69
2026-05-22T13:45:00+00:00,KRW-NEAR,A,-0.01705,14.07
2026-05-22T13:45:00+00:00,KRW-TRX,A,-0.00924,3.84
2026-05-22T14:00:00+00:00,KRW-VIRTUAL,A,-0.01352,3.54
2026-05-22T14:15:00+00:00,KRW-ALGO,B,0.01156,3.34
2026-05-22T14:15:00+00:00,KRW-IN,A,-0.03269,4.51
2026-05-22T14:30:00+00:00,KRW-KITE,A,-0.02167,3.36
2026-05-22T16:15:00+00:00,KRW-ATOM,A,-0.00656,5.44
2026-05-22T16:45:00+00:00,KRW-NEAR,B,0.00278,4.71
2026-05-22T17:00:00+00:00,KRW-PENGU,B,0.00725,6.23
2026-05-22T18:00:00+00:00,KRW-IN,B,0.01869,6.4
2026-05-22T19:00:00+00:00,KRW-IN,A,-0.03571,3.33
2026-05-22T19:30:00+00:00,KRW-CHZ,A,-0.01738,5.1
2026-05-22T19:30:00+00:00,KRW-ETC,A,-0.00978,3.47
2026-05-22T19:45:00+00:00,KRW-LINK,B,0.00709,3.93
2026-05-22T20:15:00+00:00,KRW-NEAR,A,-0.01656,8.17
2026-05-22T20:45:00+00:00,KRW-NEAR,B,0.01442,3.48
2026-05-22T20:45:00+00:00,KRW-RENDER,B,0.00388,3.63
2026-05-22T22:15:00+00:00,KRW-IN,B,0.03448,8.24
2026-05-22T22:30:00+00:00,KRW-KITE,B,0.0339,3.91
2026-05-22T22:30:00+00:00,KRW-RENDER,A,-0.00709,4.28
2026-05-22T23:15:00+00:00,KRW-UNI,A,-0.02759,2.31
2026-05-22T23:45:00+00:00,KRW-CHZ,A,-0.01307,6.05
2026-05-22T23:45:00+00:00,KRW-LINK,A,-0.00772,6.97
2026-05-23T00:00:00+00:00,KRW-ETHFI,A,-0.00914,8.13
2026-05-23T00:00:00+00:00,KRW-IN,A,-0.04237,10.73
2026-05-23T00:00:00+00:00,KRW-LSK,B,0.04571,181.68
2026-05-23T00:00:00+00:00,KRW-STEEM,B,0.0617,11.51
2026-05-23T00:15:00+00:00,KRW-EDGE,B,0.0493,4.56
2026-05-23T00:15:00+00:00,KRW-LSK,A,-0.01093,104.54
2026-05-23T00:15:00+00:00,KRW-SAHARA,B,0.04286,3.83
2026-05-23T00:15:00+00:00,KRW-WAVES,B,0.01757,8.2
2026-05-23T00:30:00+00:00,KRW-EDGE,A,-0.01342,3.05
2026-05-23T00:45:00+00:00,KRW-KITE,A,-0.02389,4.25
2026-05-23T00:45:00+00:00,KRW-NEAR,B,0.01312,3.2
2026-05-23T00:45:00+00:00,KRW-WAVES,A,-0.01186,19.13
2026-05-23T01:00:00+00:00,KRW-G,A,-0.02737,1.4
2026-05-23T01:00:00+00:00,KRW-NEAR,A,-0.01548,5.74
2026-05-23T01:30:00+00:00,KRW-STEEM,A,-0.02905,10.38
2026-05-23T02:15:00+00:00,KRW-IN,B,0.04202,7.47
2026-05-23T02:15:00+00:00,KRW-ZORA,B,0.0122,9.85
2026-05-23T02:30:00+00:00,KRW-ATOM,B,0.00188,3.51
2026-05-23T03:45:00+00:00,KRW-SOON,B,0.00429,3.23
2026-05-23T03:45:00+00:00,KRW-ZORA,A,-0.01156,5.03
2026-05-23T04:15:00+00:00,KRW-LSK,B,0.00562,3.16
2026-05-23T04:30:00+00:00,KRW-IN,A,-0.02222,12.64
2026-05-23T05:45:00+00:00,KRW-LSK,A,-0.01093,30.88
2026-05-23T05:45:00+00:00,KRW-STEEM,B,0.03067,5.05
2026-05-23T06:30:00+00:00,KRW-IN,B,0.03509,6.17
2026-05-23T06:45:00+00:00,KRW-WAVES,B,0.00864,3.78
2026-05-23T07:00:00+00:00,KRW-ZORA,B,0.04094,44.07
2026-05-23T07:30:00+00:00,KRW-ME,B,0.02759,19.29
2026-05-23T07:45:00+00:00,KRW-AAVE,A,-0.01956,7.24
2026-05-23T07:45:00+00:00,KRW-APT,A,-0.01718,3.69
2026-05-23T07:45:00+00:00,KRW-ARB,A,-0.01875,7.98
2026-05-23T07:45:00+00:00,KRW-ATH,A,-0.02541,4.24
2026-05-23T07:45:00+00:00,KRW-AVAX,A,-0.01396,7.17
2026-05-23T07:45:00+00:00,KRW-BARD,A,-0.02417,4.24
2026-05-23T07:45:00+00:00,KRW-CHZ,A,-0.04377,20.78
2026-05-23T07:45:00+00:00,KRW-DOT,A,-0.01781,5.66
2026-05-23T07:45:00+00:00,KRW-ETC,A,-0.01361,4.36
2026-05-23T07:45:00+00:00,KRW-ETHFI,A,-0.02399,6.59
2026-05-23T07:45:00+00:00,KRW-FF,A,-0.05385,3.77
2026-05-23T07:45:00+00:00,KRW-LINK,A,-0.01224,12.71
2026-05-23T07:45:00+00:00,KRW-PEPE,A,-0.01689,5.19
2026-05-23T07:45:00+00:00,KRW-PUMP,A,-0.02372,4.27
2026-05-23T07:45:00+00:00,KRW-PYTH,A,-0.02848,3.42
2026-05-23T07:45:00+00:00,KRW-RENDER,A,-0.01943,15.45
2026-05-23T07:45:00+00:00,KRW-SEI,A,-0.01006,4.56
2026-05-23T07:45:00+00:00,KRW-SHIB,A,-0.01306,4.91
2026-05-23T07:45:00+00:00,KRW-SOON,A,-0.02597,4.84
2026-05-23T07:45:00+00:00,KRW-SUI,A,-0.01577,5.79
2026-05-23T07:45:00+00:00,KRW-TAO,A,-0.01249,4.81
2026-05-23T07:45:00+00:00,KRW-VIRTUAL,A,-0.01989,4.56
2026-05-23T07:45:00+00:00,KRW-WAVES,A,-0.02062,87.67
2026-05-23T07:45:00+00:00,KRW-XPL,A,-0.02459,5.06
2026-05-23T07:45:00+00:00,KRW-ZORA,A,-0.0565,37.53
2026-05-23T07:45:00+00:00,KRW-ZRO,A,-0.01724,5.42
2026-05-23T08:00:00+00:00,KRW-LINK,B,0.00146,6.06
2026-05-23T08:00:00+00:00,KRW-ME,A,-0.01351,17.03
2026-05-23T08:15:00+00:00,KRW-BONK,B,0.00347,10.05
2026-05-23T08:15:00+00:00,KRW-LSK,B,0.00575,13.49
2026-05-23T09:00:00+00:00,KRW-BCH,A,-0.03355,9.06
2026-05-23T09:15:00+00:00,KRW-BCH,B,0.00096,3.12
2026-05-23T09:30:00+00:00,KRW-IN,A,-0.04274,5.9
2026-05-23T09:30:00+00:00,KRW-KAITO,B,0.01198,13.78
2026-05-23T10:30:00+00:00,KRW-IN,B,0.03419,3.96
2026-05-23T10:30:00+00:00,KRW-TRX,A,-0.00735,4.39
2026-05-23T10:45:00+00:00,KRW-KITE,B,0.02903,3.91
2026-05-23T13:00:00+00:00,KRW-NEAR,B,0.00731,4.65
2026-05-23T14:15:00+00:00,KRW-POL,B,0.00746,7.27
2026-05-23T14:15:00+00:00,KRW-ZORA,B,0.00592,3.44
2026-05-23T14:30:00+00:00,KRW-IN,A,-0.05594,15.86
2026-05-23T14:30:00+00:00,KRW-SOON,B,0.00431,3.85
2026-05-23T14:45:00+00:00,KRW-ME,B,0.02041,50.44
2026-05-23T14:45:00+00:00,KRW-RENDER,B,0.01157,3.17
2026-05-23T15:00:00+00:00,KRW-IN,B,0.01493,6.94
2026-05-23T15:15:00+00:00,KRW-ME,A,-0.02,5.11
2026-05-23T15:30:00+00:00,KRW-ID,B,0.00215,3.72
2026-05-23T15:45:00+00:00,KRW-LSK,B,0.0113,4.87
2026-05-23T17:00:00+00:00,KRW-NEAR,B,0.00194,10.1
2026-05-23T17:30:00+00:00,KRW-NEAR,A,-0.0186,8.14
2026-05-23T17:30:00+00:00,KRW-PUMP,A,-0.00775,2.25
2026-05-23T20:30:00+00:00,KRW-DOT,B,0.03523,4.25
2026-05-23T20:30:00+00:00,KRW-LINK,B,0.02344,7.04
2026-05-23T20:30:00+00:00,KRW-LSK,B,0.00556,6.71
2026-05-23T20:30:00+00:00,KRW-RENDER,B,0.01765,4.0
2026-05-23T20:30:00+00:00,KRW-ZRO,B,0.01565,13.85
2026-05-23T20:45:00+00:00,KRW-ARB,B,0.00602,6.69
2026-05-23T21:00:00+00:00,KRW-NEAR,B,0.00643,3.99
2026-05-23T21:15:00+00:00,KRW-TAO,B,0.00141,3.59
2026-05-23T21:30:00+00:00,KRW-CHZ,B,0.00174,3.76
2026-05-23T22:15:00+00:00,KRW-SOON,B,0.00402,3.52
2026-05-23T22:30:00+00:00,KRW-PUMP,A,-0.01119,3.17
2026-05-24T00:00:00+00:00,KRW-KAITO,B,0.04577,7.41
2026-05-24T00:00:00+00:00,KRW-NEAR,A,-0.0139,5.9
2026-05-24T00:00:00+00:00,KRW-RED,B,0.01515,7.2
2026-05-24T00:00:00+00:00,KRW-STEEM,B,0.02785,10.64
2026-05-24T00:00:00+00:00,KRW-WAVES,B,0.04696,42.7
2026-05-24T00:15:00+00:00,KRW-STEEM,A,-0.01531,6.09
2026-05-24T00:30:00+00:00,KRW-LSK,A,-0.01075,3.77
2026-05-24T00:30:00+00:00,KRW-WAVES,A,-0.02104,32.98
2026-05-24T01:00:00+00:00,KRW-IN,B,0.03759,4.24
2026-05-24T01:00:00+00:00,KRW-RENDER,B,0.0101,3.57
2026-05-24T01:30:00+00:00,KRW-CHZ,B,0.00348,3.04
2026-05-24T01:30:00+00:00,KRW-RENDER,A,-0.01518,6.43
2026-05-24T01:45:00+00:00,KRW-IN,A,-0.04545,10.46
2026-05-24T04:15:00+00:00,KRW-AKT,B,0.00799,3.07
2026-05-24T04:30:00+00:00,KRW-NEAR,B,0.0031,3.34
2026-05-24T04:30:00+00:00,KRW-WAVES,B,0.00166,3.25
2026-05-24T05:15:00+00:00,KRW-IN,B,0.01333,4.14
2026-05-24T06:00:00+00:00,KRW-PLUME,B,0.01717,5.76
2026-05-24T06:30:00+00:00,KRW-ME,B,0.04605,4.73
2026-05-24T07:45:00+00:00,KRW-PLUME,A,-0.03125,26.24
2026-05-24T09:15:00+00:00,KRW-IN,B,0.01258,6.42
2026-05-24T10:15:00+00:00,KRW-WAVES,B,0.00334,4.04
2026-05-24T11:00:00+00:00,KRW-IN,A,-0.06329,7.19
2026-05-24T11:15:00+00:00,KRW-ME,A,-0.01333,1.96
2026-05-24T11:30:00+00:00,KRW-KAITO,B,0.01304,9.86
2026-05-24T11:45:00+00:00,KRW-PLUME,B,0.01282,14.72
2026-05-24T11:45:00+00:00,KRW-WAVES,A,-0.07196,108.94
2026-05-24T12:00:00+00:00,KRW-KAITO,A,-0.02191,4.84
2026-05-24T12:00:00+00:00,KRW-PLUME,A,-0.01688,15.02
2026-05-24T12:15:00+00:00,KRW-RENDER,A,-0.01118,4.54
2026-05-24T12:30:00+00:00,KRW-AWE,A,-0.01951,5.58
2026-05-24T14:15:00+00:00,KRW-NEAR,B,0.0145,4.08
2026-05-24T14:15:00+00:00,KRW-WAVES,B,0.00505,7.41
2026-05-24T14:45:00+00:00,KRW-RENDER,B,0.01105,3.15
2026-05-24T15:15:00+00:00,KRW-NEAR,A,-0.02276,6.75
2026-05-24T16:15:00+00:00,KRW-WAVES,A,-0.01301,1.83
2026-05-24T21:30:00+00:00,KRW-BCH,A,-0.01154,5.04
2026-05-24T21:30:00+00:00,KRW-CHZ,A,-0.02742,6.69
2026-05-24T21:30:00+00:00,KRW-PLUME,A,-0.03509,3.35
2026-05-24T21:30:00+00:00,KRW-TAO,A,-0.01492,4.74
2026-05-24T21:30:00+00:00,KRW-WAVES,B,0.01144,6.39
2026-05-24T21:45:00+00:00,KRW-TAO,B,0.00099,3.28
2026-05-24T21:45:00+00:00,KRW-WAVES,A,-0.01292,4.61
2026-05-24T22:00:00+00:00,KRW-NEAR,B,0.01758,3.25
2026-05-24T22:00:00+00:00,KRW-SOON,B,0.00851,3.41
2026-05-24T22:00:00+00:00,KRW-XAUT,B,0.00473,7.13
2026-05-24T23:30:00+00:00,KRW-RENDER,B,0.00665,7.87
2026-05-25T00:00:00+00:00,KRW-IN,B,0.0531,11.43
2026-05-25T00:00:00+00:00,KRW-KAITO,B,0.00947,4.38
2026-05-25T00:00:00+00:00,KRW-STEEM,B,0.0276,3.6
2026-05-25T00:15:00+00:00,KRW-IN,A,-0.02521,11.5
2026-05-25T00:45:00+00:00,KRW-SOON,A,-0.0119,9.31
2026-05-25T04:30:00+00:00,KRW-SOON,B,0.016,5.74
2026-05-25T05:00:00+00:00,KRW-SOON,A,-0.01481,9.29
2026-05-25T06:00:00+00:00,KRW-ATOM,B,0.00438,5.72
2026-05-25T06:15:00+00:00,KRW-ERA,B,0.15865,33.73
2026-05-25T06:15:00+00:00,KRW-TRX,B,0.00183,5.95
2026-05-25T06:45:00+00:00,KRW-ERA,A,-0.01633,16.6
2026-05-25T07:00:00+00:00,KRW-ATOM,A,-0.01109,6.77
2026-05-25T07:15:00+00:00,KRW-UNI,A,-0.02344,2.37
2026-05-25T07:45:00+00:00,KRW-IN,B,0.07563,10.57
2026-05-25T08:00:00+00:00,KRW-IN,A,-0.03125,8.46
2026-05-25T08:45:00+00:00,KRW-LA,B,0.03889,33.94
2026-05-25T09:00:00+00:00,KRW-LA,A,-0.03209,22.64
2026-05-25T09:00:00+00:00,KRW-SOON,B,0.01521,5.0
2026-05-25T09:15:00+00:00,KRW-RED,B,0.01429,3.79
2026-05-25T09:45:00+00:00,KRW-RED,A,-0.00939,8.7
2026-05-25T10:00:00+00:00,KRW-RENDER,B,0.00266,4.08
2026-05-25T10:15:00+00:00,KRW-AWE,B,0.02152,3.61
2026-05-25T10:30:00+00:00,KRW-SOON,A,-0.01434,10.63
2026-05-25T10:45:00+00:00,KRW-AWE,A,-0.01106,1.99
2026-05-25T10:45:00+00:00,KRW-ERA,B,0.00885,3.06
2026-05-25T11:00:00+00:00,KRW-RENDER,A,-0.00988,5.57
2026-05-25T11:30:00+00:00,KRW-ERA,A,-0.02212,7.97
2026-05-25T12:00:00+00:00,KRW-IN,B,0.00735,3.9
2026-05-25T12:00:00+00:00,KRW-NEAR,B,0.02722,4.1
2026-05-25T12:15:00+00:00,KRW-TRX,B,0.00734,4.08
2026-05-25T14:00:00+00:00,KRW-RENDER,B,0.02431,11.57
2026-05-25T14:30:00+00:00,KRW-BARD,B,0.01246,3.67
2026-05-25T14:45:00+00:00,KRW-DOT,B,0.00264,3.35
2026-05-25T15:00:00+00:00,KRW-KAITO,B,0.00494,5.27
2026-05-25T15:15:00+00:00,KRW-KAITO,A,-0.04177,7.36
2026-05-25T16:00:00+00:00,KRW-RENDER,A,-0.00945,6.37
2026-05-25T16:15:00+00:00,KRW-NEAR,B,0.0015,3.05
2026-05-25T16:45:00+00:00,KRW-POL,B,0.00725,7.14
2026-05-25T18:45:00+00:00,KRW-ERA,B,0.05116,6.94
2026-05-25T19:15:00+00:00,KRW-ERA,A,-0.02119,3.92
2026-05-25T23:45:00+00:00,KRW-ERA,A,-0.02643,1.95
2026-05-26T00:00:00+00:00,KRW-AWE,B,0.00378,3.74
2026-05-26T00:00:00+00:00,KRW-EDGE,B,0.12409,10.34
2026-05-26T00:00:00+00:00,KRW-ERA,B,0.0905,20.87
2026-05-26T00:00:00+00:00,KRW-IN,B,0.02963,6.54
2026-05-26T00:00:00+00:00,KRW-RVN,B,0.0404,43.64
2026-05-26T00:15:00+00:00,KRW-EDGE,A,-0.01948,4.17
2026-05-26T00:15:00+00:00,KRW-TREE,B,0.03378,18.72
2026-05-26T00:30:00+00:00,KRW-ARB,A,-0.01242,6.04
2026-05-26T00:30:00+00:00,KRW-CHZ,A,-0.02022,3.99
2026-05-26T00:30:00+00:00,KRW-RVN,A,-0.01302,4.56
2026-05-26T00:30:00+00:00,KRW-TAO,B,0.00024,7.8
2026-05-26T00:30:00+00:00,KRW-TREE,A,-0.01584,9.71
2026-05-26T00:45:00+00:00,KRW-CHZ,B,0.00375,3.16
2026-05-26T00:45:00+00:00,KRW-IN,A,-0.10345,12.33
2026-05-26T00:45:00+00:00,KRW-SIGN,A,-0.0107,10.41
2026-05-26T01:15:00+00:00,KRW-ESP,A,-0.02804,3.69
2026-05-26T01:15:00+00:00,KRW-RENDER,B,0.00555,3.01
2026-05-26T01:15:00+00:00,KRW-TAO,A,-0.0098,8.75
2026-05-26T01:30:00+00:00,KRW-RENDER,A,-0.01532,5.4
2026-05-26T01:45:00+00:00,KRW-MMT,B,0.04569,47.6
2026-05-26T02:00:00+00:00,KRW-MMT,A,-0.02427,30.73
2026-05-26T02:30:00+00:00,KRW-ATOM,B,0.0028,4.61
2026-05-26T03:15:00+00:00,KRW-ATOM,A,-0.01119,7.56
2026-05-26T04:15:00+00:00,KRW-NEAR,B,0.01549,3.0
2026-05-26T04:30:00+00:00,KRW-RVN,A,-0.00743,1.32
2026-05-26T04:30:00+00:00,KRW-TRX,B,0.0036,3.01
2026-05-26T04:45:00+00:00,KRW-TAO,B,0.00926,3.71
2026-05-26T04:45:00+00:00,KRW-XAUT,B,0.0003,4.18
2026-05-26T05:15:00+00:00,KRW-RENDER,B,0.01393,5.48
2026-05-26T05:30:00+00:00,KRW-EDGE,A,-0.01379,1.04
2026-05-26T05:45:00+00:00,KRW-MMT,B,0.01835,13.64
2026-05-26T06:00:00+00:00,KRW-MMT,A,-0.02252,9.33
2026-05-26T06:15:00+00:00,KRW-RENDER,A,-0.02209,9.14
2026-05-26T06:45:00+00:00,KRW-KITE,B,0.04054,4.15
2026-05-26T07:00:00+00:00,KRW-RVN,B,0.00253,3.3
2026-05-26T08:00:00+00:00,KRW-VIRTUAL,B,0.02416,5.91
2026-05-26T09:15:00+00:00,KRW-RENDER,B,0.00316,3.99
2026-05-26T09:45:00+00:00,KRW-MMT,B,0.00515,4.27
2026-05-26T10:00:00+00:00,KRW-ATH,B,0.03813,6.47
2026-05-26T10:15:00+00:00,KRW-AAVE,B,0.01398,3.31
2026-05-26T10:15:00+00:00,KRW-ATOM,B,0.01333,4.19
2026-05-26T10:15:00+00:00,KRW-NEAR,B,0.02194,3.3
2026-05-26T10:15:00+00:00,KRW-TAO,B,0.00493,4.26
2026-05-26T10:30:00+00:00,KRW-IN,B,0.06207,6.0
2026-05-26T11:00:00+00:00,KRW-RENDER,A,-0.01657,5.38
2026-05-26T11:45:00+00:00,KRW-ATOM,A,-0.00956,5.92
2026-05-26T11:45:00+00:00,KRW-NEAR,A,-0.03668,11.6
2026-05-26T12:00:00+00:00,KRW-IN,A,-0.03226,4.68
2026-05-26T12:00:00+00:00,KRW-MMT,A,-0.0102,3.36
2026-05-26T12:00:00+00:00,KRW-VIRTUAL,A,-0.01048,3.94
2026-05-26T12:15:00+00:00,KRW-ETHFI,B,0.00698,5.64
2026-05-26T12:30:00+00:00,KRW-ATH,A,-0.02814,3.87
2026-05-26T12:45:00+00:00,KRW-SEI,B,0.00935,3.08
2026-05-26T13:30:00+00:00,KRW-ZRO,B,0.0015,6.74
2026-05-26T14:00:00+00:00,KRW-RENDER,B,0.01802,11.72
2026-05-26T14:15:00+00:00,KRW-ARB,B,0.00602,4.23
2026-05-26T14:15:00+00:00,KRW-NEAR,B,0.0176,4.25
2026-05-26T14:15:00+00:00,KRW-SAND,B,0.00935,3.51
2026-05-26T14:30:00+00:00,KRW-ETHFI,A,-0.01372,9.6
2026-05-26T14:45:00+00:00,KRW-XPL,B,0.01493,3.17
2026-05-26T15:45:00+00:00,KRW-PUMP,B,0.02996,7.64
2026-05-26T17:15:00+00:00,KRW-MMT,A,-0.01053,2.35
2026-05-26T18:45:00+00:00,KRW-RENDER,B,0.00411,4.29
2026-05-26T21:15:00+00:00,KRW-BIRB,B,0.00585,3.84
2026-05-26T23:45:00+00:00,KRW-NEAR,A,-0.02073,5.57
2026-05-27T00:00:00+00:00,KRW-0G,B,0.03598,5.95
2026-05-27T00:00:00+00:00,KRW-CHIP,B,0.00952,7.21
2026-05-27T00:00:00+00:00,KRW-ETHFI,B,0.00887,6.22
2026-05-27T00:00:00+00:00,KRW-ID,B,0.00917,6.19
2026-05-27T00:00:00+00:00,KRW-RVN,B,0.02329,9.07
2026-05-27T00:00:00+00:00,KRW-SEI,B,0.01331,3.23
2026-05-27T00:15:00+00:00,KRW-0G,A,-0.01013,3.91
2026-05-27T00:15:00+00:00,KRW-NEAR,B,0.01082,4.04
2026-05-27T01:30:00+00:00,KRW-MMT,A,-0.01075,3.18
2026-05-27T01:45:00+00:00,KRW-SEI,A,-0.01683,6.25
2026-05-27T02:00:00+00:00,KRW-HBAR,B,0.00781,4.7
2026-05-27T02:15:00+00:00,KRW-RVN,A,-0.01382,1.2
2026-05-27T02:15:00+00:00,KRW-TAO,A,-0.01063,3.31
2026-05-27T03:00:00+00:00,KRW-MIRA,B,0.04959,10.17
2026-05-27T03:00:00+00:00,KRW-RENDER,B,0.00965,4.1
2026-05-27T03:30:00+00:00,KRW-ZRO,B,0.00645,3.59
2026-05-27T03:45:00+00:00,KRW-ETHFI,A,-0.01047,4.62
2026-05-27T03:45:00+00:00,KRW-SIGN,A,-0.0221,4.49
2026-05-27T04:00:00+00:00,KRW-BARD,A,-0.0099,4.1
2026-05-27T04:15:00+00:00,KRW-RENDER,A,-0.02337,6.42
2026-05-27T04:30:00+00:00,KRW-0G,A,-0.02469,1.25
2026-05-27T04:30:00+00:00,KRW-PEPE,A,-0.00967,4.34
2026-05-27T04:45:00+00:00,KRW-BIRB,B,0.01205,5.62
2026-05-27T04:45:00+00:00,KRW-SEI,B,0.02102,6.67
2026-05-27T09:30:00+00:00,KRW-SEI,B,0.00943,4.76
2026-05-27T10:00:00+00:00,KRW-GAS,B,0.02066,26.68
2026-05-27T10:00:00+00:00,KRW-ONT,B,0.01582,12.45
2026-05-27T10:00:00+00:00,KRW-SEI,A,-0.01887,8.08
2026-05-27T10:15:00+00:00,KRW-ATH,B,0.0241,4.24
2026-05-27T10:30:00+00:00,KRW-GAS,A,-0.00879,5.48
2026-05-27T10:30:00+00:00,KRW-ONT,A,-0.01074,4.15
2026-05-27T11:45:00+00:00,KRW-KAITO,A,-0.01088,4.34
2026-05-27T12:00:00+00:00,KRW-ZAMA,B,0.00382,8.45
2026-05-27T13:00:00+00:00,KRW-FF,B,0.09091,8.12
2026-05-27T13:30:00+00:00,KRW-FF,A,-0.03727,16.16
2026-05-27T13:30:00+00:00,KRW-ZAMA,A,-0.01905,7.25
2026-05-27T13:45:00+00:00,KRW-NEAR,B,0.00834,3.53
2026-05-27T14:00:00+00:00,KRW-FIL,A,-0.00823,3.87
2026-05-27T14:15:00+00:00,KRW-BIRB,A,-0.0119,3.69
2026-05-27T14:15:00+00:00,KRW-ETHFI,B,0.00353,27.5
2026-05-27T14:45:00+00:00,KRW-VIRTUAL,B,0.00174,3.1
2026-05-27T15:15:00+00:00,KRW-SEI,B,0.0098,3.08
2026-05-27T19:30:00+00:00,KRW-HBAR,B,0.00794,3.24
2026-05-27T21:30:00+00:00,KRW-DATA,A,-0.02149,3.63
2026-05-27T21:30:00+00:00,KRW-ETHFI,A,-0.02058,6.59
2026-05-27T21:30:00+00:00,KRW-MON,A,-0.02809,3.58
2026-05-27T21:30:00+00:00,KRW-RVN,A,-0.01806,1.25
2026-05-27T21:30:00+00:00,KRW-SEI,A,-0.01584,6.94
2026-05-27T21:45:00+00:00,KRW-ATH,A,-0.01067,4.5
2026-05-27T21:45:00+00:00,KRW-GAS,A,-0.00777,3.08
2026-05-27T23:15:00+00:00,KRW-BARD,A,-0.01347,6.15
2026-05-27T23:15:00+00:00,KRW-UNI,A,-0.03134,7.33
2026-05-28T00:00:00+00:00,KRW-SEI,B,0.01029,7.11
2026-05-28T00:30:00+00:00,KRW-ARB,B,0.00633,3.29
2026-05-28T00:45:00+00:00,KRW-ALGO,B,0.00641,3.2
2026-05-28T01:30:00+00:00,KRW-SEI,A,-0.0099,4.68
2026-05-28T03:15:00+00:00,KRW-AVAX,A,-0.00602,4.52
2026-05-28T03:15:00+00:00,KRW-BARD,A,-0.02069,6.0
2026-05-28T03:15:00+00:00,KRW-DOOD,A,-0.02023,4.35
2026-05-28T03:15:00+00:00,KRW-DOT,A,-0.00886,6.73
2026-05-28T03:15:00+00:00,KRW-ETC,A,-0.01052,5.33
2026-05-28T03:15:00+00:00,KRW-ETHFI,A,-0.01739,12.28
2026-05-28T03:15:00+00:00,KRW-G,A,-0.01012,0.81
2026-05-28T03:15:00+00:00,KRW-GAS,A,-0.01253,2.16
2026-05-28T03:15:00+00:00,KRW-LINK,A,-0.00746,6.93
2026-05-28T03:15:00+00:00,KRW-MON,B,0.01744,3.98
2026-05-28T03:15:00+00:00,KRW-PUMP,A,-0.01901,2.19
2026-05-28T03:15:00+00:00,KRW-RENDER,B,0.001,3.36
2026-05-28T03:15:00+00:00,KRW-STX,A,-0.0117,2.48
2026-05-28T03:15:00+00:00,KRW-UNI,A,-0.00636,4.44
2026-05-28T03:15:00+00:00,KRW-XPL,A,-0.02381,5.01
2026-05-28T03:30:00+00:00,KRW-AAVE,A,-0.00664,5.36
2026-05-28T03:30:00+00:00,KRW-SIGN,A,-0.01156,9.54
2026-05-28T03:45:00+00:00,KRW-ID,A,-0.01508,6.19
2026-05-28T04:00:00+00:00,KRW-0G,A,-0.016,4.01
2026-05-28T04:00:00+00:00,KRW-ATOM,A,-0.0081,7.88
2026-05-28T04:00:00+00:00,KRW-CHZ,A,-0.04726,8.57
2026-05-28T04:00:00+00:00,KRW-DATA,A,-0.01218,3.83
2026-05-28T04:00:00+00:00,KRW-PYTH,A,-0.0123,3.13
2026-05-28T04:00:00+00:00,KRW-SAND,A,-0.01304,10.19
2026-05-28T04:00:00+00:00,KRW-XAUT,B,0.00093,5.43
2026-05-28T04:15:00+00:00,KRW-BERA,A,-0.01392,5.52
2026-05-28T04:15:00+00:00,KRW-BIRB,A,-0.03205,17.56
2026-05-28T04:30:00+00:00,KRW-ARB,B,0.00662,3.71
2026-05-28T04:30:00+00:00,KRW-SEI,B,0.02567,4.71
2026-05-28T05:15:00+00:00,KRW-COW,A,-0.01802,8.92
2026-05-28T05:15:00+00:00,KRW-ZAMA,A,-0.00938,11.55
2026-05-28T05:30:00+00:00,KRW-PRL,B,0.07353,3.02
2026-05-28T05:45:00+00:00,KRW-BCH,A,-0.01722,4.4
2026-05-28T05:45:00+00:00,KRW-MIRA,B,0.01802,3.11
2026-05-28T05:45:00+00:00,KRW-ZAMA,B,0.00187,4.06
2026-05-28T06:00:00+00:00,KRW-EDGE,A,-0.01389,2.0
2026-05-28T06:15:00+00:00,KRW-EDGE,B,0.00704,3.78
2026-05-28T07:15:00+00:00,KRW-TREE,B,0.02076,3.46
2026-05-28T07:30:00+00:00,KRW-BIRB,B,0.00645,3.68
2026-05-28T08:45:00+00:00,KRW-MON,B,0.23478,52.76
2026-05-28T09:00:00+00:00,KRW-MON,A,-0.09859,46.76
2026-05-28T09:15:00+00:00,KRW-TRX,A,-0.00568,5.92
2026-05-28T10:00:00+00:00,KRW-BARD,A,-0.00725,4.37
2026-05-28T10:15:00+00:00,KRW-COW,B,0.0045,3.4
2026-05-28T10:45:00+00:00,KRW-BIRB,A,-0.01282,3.5
2026-05-28T11:00:00+00:00,KRW-PRL,B,0.06569,3.53
2026-05-28T11:15:00+00:00,KRW-BCH,A,-0.04398,26.5
2026-05-28T12:15:00+00:00,KRW-ZAMA,A,-0.01996,7.17
2026-05-28T12:30:00+00:00,KRW-XAUT,B,0.00108,5.15
2026-05-28T12:45:00+00:00,KRW-HBAR,B,0.008,3.45
2026-05-28T12:45:00+00:00,KRW-SEI,B,0.0098,4.32
2026-05-28T13:15:00+00:00,KRW-BARD,B,0.0037,3.44
2026-05-28T13:15:00+00:00,KRW-MON,A,-0.01944,5.14
2026-05-28T13:15:00+00:00,KRW-ZAMA,B,0.00363,3.17
2026-05-28T14:00:00+00:00,KRW-AAVE,A,-0.01095,4.35
2026-05-28T14:00:00+00:00,KRW-ARB,B,0.00667,4.21
2026-05-28T14:00:00+00:00,KRW-BCH,B,0.00022,5.82
2026-05-28T14:00:00+00:00,KRW-JUP,A,-0.01163,7.61
2026-05-28T14:00:00+00:00,KRW-TAO,B,0.00422,3.75
2026-05-28T14:00:00+00:00,KRW-UNI,B,0.00293,3.04
2026-05-28T14:00:00+00:00,KRW-ZRO,A,-0.00954,5.73
2026-05-28T14:30:00+00:00,KRW-MMT,B,0.00543,4.36
2026-05-28T14:45:00+00:00,KRW-HBAR,A,-0.01515,5.87
2026-05-28T15:00:00+00:00,KRW-MMT,A,-0.02083,5.94
2026-05-28T16:45:00+00:00,KRW-HBAR,B,0.00758,6.93
2026-05-28T17:00:00+00:00,KRW-XPL,B,0.03125,4.06
2026-05-28T18:00:00+00:00,KRW-COW,B,0.0087,7.69
2026-05-28T18:15:00+00:00,KRW-BCH,A,-0.0249,4.4
2026-05-28T20:45:00+00:00,KRW-ETHFI,A,-0.0101,7.62
2026-05-28T21:45:00+00:00,KRW-HBAR,B,0.00746,6.56
2026-05-28T22:30:00+00:00,KRW-BCH,A,-0.01359,4.98
2026-05-28T23:15:00+00:00,KRW-ZAMA,B,0.00179,4.12
2026-05-28T23:30:00+00:00,KRW-ZAMA,A,-0.01252,2.95
2026-05-29T00:00:00+00:00,KRW-ALGO,B,0.02941,12.71
2026-05-29T00:00:00+00:00,KRW-BORA,B,0.0276,8.59
2026-05-29T00:00:00+00:00,KRW-EDGE,B,0.06977,5.43
2026-05-29T00:00:00+00:00,KRW-ID,B,0.03817,179.8
2026-05-29T00:00:00+00:00,KRW-PRL,B,0.04943,4.75
2026-05-29T00:15:00+00:00,KRW-HBAR,A,-0.0146,5.41
2026-05-29T00:30:00+00:00,KRW-ID,A,-0.00976,14.05
2026-05-29T00:45:00+00:00,KRW-NEAR,B,0.00706,3.84
2026-05-29T01:00:00+00:00,KRW-ALGO,A,-0.0117,4.62
2026-05-29T01:00:00+00:00,KRW-EDGE,A,-0.04317,2.1
2026-05-29T01:30:00+00:00,KRW-RENDER,B,0.00733,3.14
2026-05-29T02:30:00+00:00,KRW-BORA,A,-0.02268,9.11
2026-05-29T04:15:00+00:00,KRW-ID,B,0.01643,17.47
2026-05-29T04:15:00+00:00,KRW-MMT,B,0.01015,4.71
2026-05-29T04:30:00+00:00,KRW-ID,A,-0.00924,23.37
2026-05-29T05:00:00+00:00,KRW-ETHFI,B,0.0085,4.95
2026-05-29T05:00:00+00:00,KRW-XPL,B,0.01389,3.62
2026-05-29T05:45:00+00:00,KRW-DOOD,B,0.00612,3.04
2026-05-29T06:00:00+00:00,KRW-HBAR,B,0.02174,4.03
2026-05-29T06:15:00+00:00,KRW-ALGO,B,0.01163,3.25
2026-05-29T06:15:00+00:00,KRW-HBAR,A,-0.01418,3.39
2026-05-29T06:45:00+00:00,KRW-PUMP,B,0.00397,8.46
2026-05-29T07:00:00+00:00,KRW-INJ,B,0.00164,3.48
2026-05-29T07:15:00+00:00,KRW-RENDER,B,0.00786,4.62
2026-05-29T07:30:00+00:00,KRW-RENDER,A,-0.01982,4.64
2026-05-29T07:45:00+00:00,KRW-PYTH,B,0.00828,6.6
2026-05-29T08:00:00+00:00,KRW-DOOD,A,-0.00893,10.25
2026-05-29T08:00:00+00:00,KRW-MIRA,B,0.00847,3.56
2026-05-29T08:15:00+00:00,KRW-TRX,A,-0.00977,9.82
2026-05-29T08:30:00+00:00,KRW-ID,B,0.00873,78.63
2026-05-29T08:30:00+00:00,KRW-UNI,A,-0.02121,5.26
2026-05-29T09:00:00+00:00,KRW-APT,B,0.00293,3.79
2026-05-29T09:00:00+00:00,KRW-ID,A,-0.03664,88.29
2026-05-29T09:15:00+00:00,KRW-FF,B,0.025,3.39
2026-05-29T09:15:00+00:00,KRW-PYTH,A,-0.00976,3.77
2026-05-29T10:00:00+00:00,KRW-HBAR,B,0.0073,3.4
2026-05-29T10:30:00+00:00,KRW-ETHFI,B,0.00691,6.61
2026-05-29T11:00:00+00:00,KRW-HBAR,A,-0.0146,2.22
2026-05-29T11:15:00+00:00,KRW-ZAMA,A,-0.00893,3.38
2026-05-29T11:30:00+00:00,KRW-COW,A,-0.01266,88.48
2026-05-29T11:30:00+00:00,KRW-SOPH,B,0.00917,4.03
2026-05-29T11:45:00+00:00,KRW-COW,B,0.00855,19.01
2026-05-29T11:45:00+00:00,KRW-PYTH,B,0.00972,8.03
2026-05-29T12:00:00+00:00,KRW-NEAR,A,-0.02284,5.36
2026-05-29T12:30:00+00:00,KRW-CHZ,A,-0.01414,5.16
2026-05-29T12:30:00+00:00,KRW-SOPH,A,-0.03571,8.35
2026-05-29T12:45:00+00:00,KRW-IN,B,0.09655,6.71
2026-05-29T13:00:00+00:00,KRW-ID,A,-0.03684,225.44
2026-05-29T13:00:00+00:00,KRW-PRL,B,0.00362,3.55
2026-05-29T13:30:00+00:00,KRW-ID,B,0.0038,109.7
2026-05-29T13:30:00+00:00,KRW-PUMP,B,0.00407,5.59
2026-05-29T14:00:00+00:00,KRW-INJ,B,0.01748,6.46
2026-05-29T14:00:00+00:00,KRW-SIGN,B,0.01136,3.09
2026-05-29T14:15:00+00:00,KRW-DOOD,B,0.00308,4.33
2026-05-29T14:15:00+00:00,KRW-INJ,A,-0.01449,7.8
2026-05-29T14:30:00+00:00,KRW-AVAX,A,-0.01002,4.93
2026-05-29T14:45:00+00:00,KRW-ARB,B,0.01333,3.17
2026-05-29T14:45:00+00:00,KRW-XPL,B,0.02206,3.26
2026-05-29T15:00:00+00:00,KRW-SEI,B,0.01805,3.69
2026-05-29T15:15:00+00:00,KRW-AAVE,B,0.00905,4.12
2026-05-29T15:15:00+00:00,KRW-ALGO,B,0.01183,3.87
2026-05-29T15:30:00+00:00,KRW-LINK,B,0.00224,4.13
2026-05-29T17:00:00+00:00,KRW-ID,A,-0.02139,27.28
2026-05-29T17:30:00+00:00,KRW-ID,B,0.02968,24.45
2026-05-29T21:15:00+00:00,KRW-ALGO,A,-0.01685,7.06
2026-05-29T21:15:00+00:00,KRW-LA,A,-0.01852,2.13
2026-05-29T21:45:00+00:00,KRW-HBAR,A,-0.02128,3.39
2026-05-29T21:45:00+00:00,KRW-ID,B,0.05556,71.54
2026-05-29T21:45:00+00:00,KRW-XPL,A,-0.02206,5.33
2026-05-29T22:00:00+00:00,KRW-ID,A,-0.01754,60.89
2026-05-29T22:45:00+00:00,KRW-HBAR,B,0.00719,5.19
2026-05-29T23:00:00+00:00,KRW-ALGO,B,0.01124,4.29
2026-05-29T23:30:00+00:00,KRW-LINK,B,0.003,3.98
2026-05-30T00:00:00+00:00,KRW-CC,B,0.00435,4.89
2026-05-30T00:00:00+00:00,KRW-SEI,B,0.02043,4.91
2026-05-30T00:30:00+00:00,KRW-BSV,B,0.01166,7.2
2026-05-30T00:30:00+00:00,KRW-ENS,B,0.02819,34.08
2026-05-30T00:30:00+00:00,KRW-ETHFI,B,0.01745,7.35
2026-05-30T00:45:00+00:00,KRW-COW,A,-0.01646,5.71
2026-05-30T01:00:00+00:00,KRW-ENS,A,-0.01785,4.3
2026-05-30T01:00:00+00:00,KRW-ERA,B,0.07692,4.03
2026-05-30T01:15:00+00:00,KRW-AXS,B,0.01488,5.64
2026-05-30T01:15:00+00:00,KRW-ERA,A,-0.05612,12.86
2026-05-30T02:00:00+00:00,KRW-CHZ,B,0.02191,3.2
2026-05-30T02:00:00+00:00,KRW-ID,B,0.00542,3.38
2026-05-30T02:15:00+00:00,KRW-ALGO,A,-0.02439,29.95
2026-05-30T02:15:00+00:00,KRW-HBAR,A,-0.03125,12.29
2026-05-30T03:00:00+00:00,KRW-AXS,A,-0.03382,11.76
2026-05-30T03:15:00+00:00,KRW-ALGO,B,0.01538,9.11
2026-05-30T03:15:00+00:00,KRW-HBAR,B,0.00662,10.4
2026-05-30T04:15:00+00:00,KRW-G,B,0.01331,6.52
2026-05-30T04:15:00+00:00,KRW-ID,A,-0.04284,26.61
2026-05-30T04:15:00+00:00,KRW-SEI,A,-0.01815,7.73
2026-05-30T04:15:00+00:00,KRW-ZKP,A,-0.01905,10.65
2026-05-30T04:30:00+00:00,KRW-G,A,-0.02814,3.39
2026-05-30T04:30:00+00:00,KRW-SEI,B,0.00103,3.02
2026-05-30T04:45:00+00:00,KRW-INJ,B,0.01473,5.7
2026-05-30T05:00:00+00:00,KRW-CFG,B,0.03627,6.31
2026-05-30T05:00:00+00:00,KRW-MOVE,B,0.0177,3.95
2026-05-30T05:00:00+00:00,KRW-PENGU,B,0.00847,3.53
2026-05-30T06:30:00+00:00,KRW-ID,B,0.02699,3.11
2026-05-30T07:15:00+00:00,KRW-PUMP,B,0.00775,4.66
2026-05-30T07:30:00+00:00,KRW-INJ,A,-0.02537,6.85
2026-05-30T08:00:00+00:00,KRW-AXS,B,0.01352,3.26
2026-05-30T08:15:00+00:00,KRW-ZAMA,A,-0.05088,3.67
2026-05-30T08:30:00+00:00,KRW-AXS,A,-0.01656,5.16
2026-05-30T08:30:00+00:00,KRW-G,A,-0.01521,0.91
2026-05-30T08:45:00+00:00,KRW-SOPH,B,0.01786,3.16
2026-05-30T09:15:00+00:00,KRW-TRX,B,0.00197,6.11
2026-05-30T09:15:00+00:00,KRW-ZAMA,B,0.03901,9.27
2026-05-30T09:30:00+00:00,KRW-ID,A,-0.02699,4.43
2026-05-30T10:30:00+00:00,KRW-SOPH,A,-0.01754,5.47
2026-05-30T10:45:00+00:00,KRW-ID,B,0.01149,3.01
2026-05-30T11:30:00+00:00,KRW-HBAR,B,0.00685,3.07
2026-05-30T12:30:00+00:00,KRW-AXS,A,-0.01037,1.52
2026-05-30T13:15:00+00:00,KRW-HBAR,A,-0.01325,3.38
2026-05-30T13:30:00+00:00,KRW-BIRB,A,-0.01361,5.47
2026-05-30T13:45:00+00:00,KRW-SEI,B,0.01939,4.6
2026-05-30T14:00:00+00:00,KRW-ALGO,B,0.00521,5.2
2026-05-30T14:00:00+00:00,KRW-RENDER,B,0.01812,3.65
2026-05-30T14:30:00+00:00,KRW-ALGO,A,-0.01042,6.43
2026-05-30T14:45:00+00:00,KRW-BIRB,B,0.02069,3.16
2026-05-30T14:45:00+00:00,KRW-ID,A,-0.03931,5.61
2026-05-30T15:30:00+00:00,KRW-TRX,B,0.00391,3.52
2026-05-30T17:30:00+00:00,KRW-AVNT,A,-0.03111,3.72
2026-05-30T18:00:00+00:00,KRW-AVNT,B,0.04566,5.42
2026-05-30T22:30:00+00:00,KRW-AXS,A,-0.01235,2.73
2026-05-30T22:30:00+00:00,KRW-HBAR,A,-0.01408,3.89
2026-05-30T22:45:00+00:00,KRW-HBAR,B,0.00714,5.01
2026-05-30T23:45:00+00:00,KRW-ID,B,0.03299,3.28
2026-05-31T00:00:00+00:00,KRW-AXS,B,0.02823,23.65
2026-05-31T00:00:00+00:00,KRW-CHIP,B,0.06401,4.83
2026-05-31T00:00:00+00:00,KRW-RENDER,B,0.00192,4.18
2026-05-31T00:15:00+00:00,KRW-CHIP,A,-0.03577,6.49
2026-05-31T01:00:00+00:00,KRW-ARB,B,0.00649,3.38
2026-05-31T01:45:00+00:00,KRW-PRL,B,0.1082,5.53
2026-05-31T02:00:00+00:00,KRW-PRL,A,-0.10651,14.89
2026-05-31T02:00:00+00:00,KRW-TRX,A,-0.0039,11.51
2026-05-31T06:00:00+00:00,KRW-LSK,B,0.01786,4.01
2026-05-31T06:00:00+00:00,KRW-STEEM,B,0.01014,5.13
2026-05-31T06:45:00+00:00,KRW-STEEM,A,-0.0106,5.37
2026-05-31T07:00:00+00:00,KRW-RENDER,B,0.00411,4.02
2026-05-31T07:45:00+00:00,KRW-LA,B,0.11765,71.86
2026-05-31T07:45:00+00:00,KRW-MOVE,B,0.02183,4.03
2026-05-31T08:00:00+00:00,KRW-MET2,B,0.01036,9.35
2026-05-31T08:00:00+00:00,KRW-MOVE,A,-0.03419,4.38
2026-05-31T08:00:00+00:00,KRW-ZORA,B,0.0137,3.31
2026-05-31T08:15:00+00:00,KRW-HYPER,B,0.00719,5.97
2026-05-31T08:15:00+00:00,KRW-LA,A,-0.12796,69.92
2026-05-31T08:15:00+00:00,KRW-SIGN,B,0.01685,3.79
2026-05-31T08:30:00+00:00,KRW-HYPER,A,-0.01429,2.13
2026-05-31T08:30:00+00:00,KRW-SNT,A,-0.02113,2.83
2026-05-31T09:00:00+00:00,KRW-BARD,B,0.01031,22.86
2026-05-31T09:00:00+00:00,KRW-BIRB,B,0.00704,3.56
2026-05-31T09:00:00+00:00,KRW-MET2,A,-0.01531,105.31
2026-05-31T09:45:00+00:00,KRW-BARD,A,-0.01667,11.53
2026-05-31T09:45:00+00:00,KRW-COW,B,0.0042,3.27
2026-05-31T10:00:00+00:00,KRW-SIGN,A,-0.10096,95.79
2026-05-31T10:00:00+00:00,KRW-ZORA,A,-0.01974,3.52
2026-05-31T10:30:00+00:00,KRW-LSK,B,0.02286,25.74
2026-05-31T10:45:00+00:00,KRW-LSK,A,-0.01676,7.82
2026-05-31T10:45:00+00:00,KRW-MANTRA,B,0.01587,3.28
2026-05-31T11:15:00+00:00,KRW-ALGO,B,0.02083,3.21
2026-05-31T11:30:00+00:00,KRW-CC,B,0.00873,3.44
2026-05-31T12:00:00+00:00,KRW-ALGO,A,-0.01531,4.22
2026-05-31T12:00:00+00:00,KRW-BIGTIME,B,0.01734,29.46
2026-05-31T12:00:00+00:00,KRW-MANTRA,A,-0.03497,21.45
2026-05-31T12:00:00+00:00,KRW-ZORA,B,0.03125,52.05
2026-05-31T12:15:00+00:00,KRW-BIGTIME,A,-0.01705,10.7
2026-05-31T13:45:00+00:00,KRW-SIGN,B,0.00568,6.96
2026-05-31T14:00:00+00:00,KRW-BARD,A,-0.02076,4.64
2026-05-31T14:15:00+00:00,KRW-UNI,A,-0.00787,2.55
2026-05-31T14:15:00+00:00,KRW-ZRO,A,-0.01479,4.59
2026-05-31T14:30:00+00:00,KRW-DOT,B,0.00058,3.51
2026-05-31T15:00:00+00:00,KRW-STORJ,B,0.05634,3.77
2026-05-31T17:00:00+00:00,KRW-ZORA,B,0.03205,6.51
2026-05-31T20:00:00+00:00,KRW-ZORA,A,-0.01734,5.34
2026-06-01T00:00:00+00:00,KRW-BORA,B,0.01255,12.99
2026-06-01T00:00:00+00:00,KRW-DATA,B,0.05008,23.34
2026-06-01T00:00:00+00:00,KRW-ZORA,B,0.07101,12.54
2026-06-01T00:45:00+00:00,KRW-ZORA,A,-0.03261,7.09
2026-06-01T01:00:00+00:00,KRW-FF,B,0.06711,6.1
2026-06-01T01:15:00+00:00,KRW-W,B,0.01105,4.41
2026-06-01T01:30:00+00:00,KRW-DATA,A,-0.02402,7.58
2026-06-01T01:45:00+00:00,KRW-W,A,-0.01081,3.23
2026-06-01T03:00:00+00:00,KRW-BERA,B,0.01533,3.98
2026-06-01T03:00:00+00:00,KRW-DOT,B,0.00113,3.12
2026-06-01T05:15:00+00:00,KRW-ELF,A,-0.00935,0.73
2026-06-01T06:15:00+00:00,KRW-BERA,A,-0.01341,4.77
2026-06-01T06:15:00+00:00,KRW-W,A,-0.01064,3.81
2026-06-01T06:15:00+00:00,KRW-ZORA,A,-0.01282,4.06
2026-06-01T07:00:00+00:00,KRW-MIRA,B,0.00847,3.39
2026-06-01T07:30:00+00:00,KRW-W,B,0.01081,3.34
2026-06-01T07:45:00+00:00,KRW-BCH,A,-0.0128,3.98
2026-06-01T08:15:00+00:00,KRW-ESP,B,0.00551,3.12
2026-06-01T08:30:00+00:00,KRW-BCH,B,0.00308,5.59
2026-06-01T08:30:00+00:00,KRW-DOOD,B,0.03195,3.39
2026-06-01T08:30:00+00:00,KRW-ZRO,B,0.01079,3.05
2026-06-01T10:15:00+00:00,KRW-DOOD,A,-0.02134,9.85
2026-06-01T11:30:00+00:00,KRW-NEAR,A,-0.01273,4.89
2026-06-01T11:30:00+00:00,KRW-TRX,B,0.00195,4.55
2026-06-01T12:00:00+00:00,KRW-ESP,A,-0.01672,6.65
2026-06-01T12:00:00+00:00,KRW-MET2,A,-0.01075,2.44
2026-06-01T12:00:00+00:00,KRW-W,A,-0.01111,5.14
2026-06-01T13:15:00+00:00,KRW-DOOD,B,0.00315,3.77
2026-06-01T13:45:00+00:00,KRW-DOT,A,-0.00652,4.53
2026-06-01T15:00:00+00:00,KRW-PUMP,B,0.008,3.58
2026-06-01T15:00:00+00:00,KRW-XAUT,B,0.00015,4.38
2026-06-01T16:30:00+00:00,KRW-BERA,B,0.01336,3.77
2026-06-01T17:00:00+00:00,KRW-PIEVERSE,B,0.01956,3.49
2026-06-01T17:15:00+00:00,KRW-PIEVERSE,A,-0.01402,3.89
2026-06-01T17:30:00+00:00,KRW-BCH,B,0.00654,3.61
2026-06-01T17:45:00+00:00,KRW-BIRB,B,0.00704,6.77
2026-06-01T21:30:00+00:00,KRW-ARB,B,0.00671,4.72
2026-06-01T22:00:00+00:00,KRW-XPL,B,0.00746,3.63
2026-06-01T22:45:00+00:00,KRW-CHZ,B,0.01313,3.32
2026-06-01T23:45:00+00:00,KRW-TRX,B,0.002,3.14
2026-06-02T01:45:00+00:00,KRW-DOT,A,-0.00659,4.48
2026-06-02T02:00:00+00:00,KRW-AAVE,A,-0.00612,5.77
2026-06-02T02:00:00+00:00,KRW-AVAX,A,-0.00471,7.14
2026-06-02T02:00:00+00:00,KRW-SIGN,A,-0.02976,1.52
2026-06-02T02:00:00+00:00,KRW-UNI,A,-0.00564,3.55
2026-06-02T02:00:00+00:00,KRW-W,A,-0.02162,4.52
2026-06-02T02:15:00+00:00,KRW-BCH,B,0.00715,3.14
2026-06-02T02:15:00+00:00,KRW-BIRB,B,0.00735,3.6
2026-06-02T02:15:00+00:00,KRW-ZORA,B,0.0375,3.95
2026-06-02T03:00:00+00:00,KRW-ALGO,B,0.01143,3.43
2026-06-02T03:15:00+00:00,KRW-SAND,B,0.00503,3.09
2026-06-02T03:30:00+00:00,KRW-RENDER,B,0.01463,5.78
2026-06-02T03:45:00+00:00,KRW-ZORA,A,-0.01775,2.93
2026-06-02T05:00:00+00:00,KRW-PRL,B,0.04651,4.19
2026-06-02T08:00:00+00:00,KRW-COW,B,0.00413,8.32
2026-06-02T08:00:00+00:00,KRW-JTO,B,0.04435,5.53
2026-06-02T09:15:00+00:00,KRW-COW,A,-0.0124,5.3
2026-06-02T10:00:00+00:00,KRW-RENDER,B,0.01194,3.08
2026-06-02T11:00:00+00:00,KRW-PIEVERSE,B,0.02424,4.06
2026-06-02T11:45:00+00:00,KRW-PIEVERSE,A,-0.02181,3.73
2026-06-02T11:45:00+00:00,KRW-VIRTUAL,B,0.02585,3.8
2026-06-02T12:30:00+00:00,KRW-CHIP,B,0.01905,4.67
2026-06-02T13:15:00+00:00,KRW-ZORA,B,0.02994,6.89
2026-06-02T14:00:00+00:00,KRW-PEPE,B,0.00206,5.72
2026-06-02T14:00:00+00:00,KRW-RENDER,B,0.00377,3.56
2026-06-02T14:15:00+00:00,KRW-0G,A,-0.02667,2.26
2026-06-02T14:15:00+00:00,KRW-AAVE,A,-0.01511,6.06
2026-06-02T14:15:00+00:00,KRW-APT,A,-0.03326,10.35
2026-06-02T14:15:00+00:00,KRW-ARB,A,-0.02797,6.38
2026-06-02T14:15:00+00:00,KRW-ATH,A,-0.03873,4.89
2026-06-02T14:15:00+00:00,KRW-AVAX,A,-0.02129,10.67
2026-06-02T14:15:00+00:00,KRW-BERA,A,-0.03593,10.83
2026-06-02T14:15:00+00:00,KRW-CHZ,A,-0.03089,5.18
2026-06-02T14:15:00+00:00,KRW-COW,A,-0.02917,3.62
2026-06-02T14:15:00+00:00,KRW-DATA,A,-0.0272,4.55
2026-06-02T14:15:00+00:00,KRW-DOOD,A,-0.03185,5.86
2026-06-02T14:15:00+00:00,KRW-DOT,A,-0.01746,4.67
2026-06-02T14:15:00+00:00,KRW-ENS,A,-0.01936,1.08
2026-06-02T14:15:00+00:00,KRW-ETC,A,-0.01981,5.46
2026-06-02T14:15:00+00:00,KRW-ETHFI,A,-0.04309,4.4
2026-06-02T14:15:00+00:00,KRW-GAS,A,-0.01667,4.34
2026-06-02T14:15:00+00:00,KRW-KAT,A,-0.03235,5.86
2026-06-02T14:15:00+00:00,KRW-LINK,A,-0.01624,7.14
2026-06-02T14:15:00+00:00,KRW-PEPE,A,-0.02058,5.58
2026-06-02T14:15:00+00:00,KRW-RENDER,A,-0.02032,5.76
2026-06-02T14:15:00+00:00,KRW-SAND,A,-0.0303,25.29
2026-06-02T14:15:00+00:00,KRW-SEI,A,-0.0297,4.59
2026-06-02T14:15:00+00:00,KRW-SHIB,A,-0.01261,4.65
2026-06-02T14:15:00+00:00,KRW-STX,A,-0.01515,2.64
2026-06-02T14:15:00+00:00,KRW-UNI,A,-0.02219,2.9
2026-06-02T14:15:00+00:00,KRW-XPL,A,-0.04348,6.31
2026-06-02T14:15:00+00:00,KRW-ZORA,A,-0.02235,4.22
2026-06-02T14:30:00+00:00,KRW-BERA,B,0.00621,5.9
2026-06-02T14:30:00+00:00,KRW-CC,B,0.00897,5.26
2026-06-02T14:30:00+00:00,KRW-CHZ,B,0.00797,3.22
2026-06-02T14:30:00+00:00,KRW-SAND,B,0.00431,3.38
2026-06-02T14:30:00+00:00,KRW-TAO,B,0.00254,3.15
2026-06-02T14:45:00+00:00,KRW-APT,B,0.00313,3.23
2026-06-02T15:00:00+00:00,KRW-ARB,B,0.00719,3.43
2026-06-02T15:15:00+00:00,KRW-BIO,B,0.02453,3.93
2026-06-02T15:15:00+00:00,KRW-BONK,A,-0.01953,4.57
2026-06-02T15:15:00+00:00,KRW-CC,A,-0.01357,17.51
2026-06-02T15:15:00+00:00,KRW-PUMP,A,-0.01575,5.52
2026-06-02T15:30:00+00:00,KRW-DATA,B,0.0017,5.47
2026-06-02T15:30:00+00:00,KRW-MIRA,B,0.00935,3.1
2026-06-02T15:30:00+00:00,KRW-NEAR,A,-0.01247,5.68
2026-06-02T15:30:00+00:00,KRW-SHIB,B,0.00515,5.56
2026-06-02T15:30:00+00:00,KRW-TRX,B,0.00606,3.57
2026-06-02T16:00:00+00:00,KRW-PIEVERSE,B,0.02465,3.26
2026-06-02T16:00:00+00:00,KRW-POL,B,0.02273,4.58
2026-06-02T16:15:00+00:00,KRW-COW,B,0.03097,5.09
2026-06-02T18:30:00+00:00,KRW-SHIB,A,-0.00514,5.41
2026-06-02T22:15:00+00:00,KRW-BERA,B,0.00667,3.83
2026-06-02T22:45:00+00:00,KRW-BCH,A,-0.02113,4.57
2026-06-02T22:45:00+00:00,KRW-BERA,A,-0.01111,5.88
2026-06-02T22:45:00+00:00,KRW-ETC,A,-0.01491,2.48
2026-06-02T22:45:00+00:00,KRW-ETHFI,A,-0.01969,5.94
2026-06-02T22:45:00+00:00,KRW-SAND,A,-0.01309,4.08
2026-06-02T22:45:00+00:00,KRW-SHIB,A,-0.01429,4.98
2026-06-02T23:00:00+00:00,KRW-ETHFI,B,0.00402,8.7
2026-06-02T23:00:00+00:00,KRW-MIRA,B,0.00962,6.54
2026-06-02T23:00:00+00:00,KRW-PUMP,B,0.00413,3.27
2026-06-02T23:00:00+00:00,KRW-ZRO,B,0.00297,3.83
2026-06-02T23:15:00+00:00,KRW-CHZ,A,-0.02642,4.25
2026-06-02T23:15:00+00:00,KRW-ZKP,A,-0.01415,2.57
2026-06-02T23:30:00+00:00,KRW-SEI,B,0.00435,3.22
2026-06-02T23:30:00+00:00,KRW-TAO,B,0.01174,3.41
2026-06-03T00:00:00+00:00,KRW-ATH,B,0.02408,4.33
2026-06-03T00:00:00+00:00,KRW-ID,B,0.08475,6.26
2026-06-03T00:00:00+00:00,KRW-NEAR,B,0.02139,3.33
2026-06-03T00:00:00+00:00,KRW-STEEM,B,0.04769,3.31
2026-06-03T01:00:00+00:00,KRW-COW,B,0.00441,3.2
2026-06-03T01:15:00+00:00,KRW-PIEVERSE,A,-0.06304,6.0
2026-06-03T01:30:00+00:00,KRW-DOOD,A,-0.0202,6.64
2026-06-03T01:45:00+00:00,KRW-DOOD,B,0.00687,3.15
2026-06-03T02:00:00+00:00,KRW-RENDER,B,0.00095,5.16
2026-06-03T03:30:00+00:00,KRW-AVAX,A,-0.0141,8.15
2026-06-03T03:30:00+00:00,KRW-BCH,A,-0.04551,24.82
2026-06-03T03:45:00+00:00,KRW-LINK,B,0.00082,4.41
2026-06-03T04:00:00+00:00,KRW-BCH,B,0.00217,3.52
2026-06-03T04:00:00+00:00,KRW-CC,A,-0.0137,4.31
2026-06-03T04:15:00+00:00,KRW-NEAR,B,0.03146,4.96
2026-06-03T05:00:00+00:00,KRW-ARB,B,0.02206,5.09
2026-06-03T05:00:00+00:00,KRW-PIEVERSE,B,0.01717,3.05
2026-06-03T05:00:00+00:00,KRW-ZORA,B,0.01604,3.34
2026-06-03T05:00:00+00:00,KRW-ZRO,B,0.01112,9.43
2026-06-03T05:15:00+00:00,KRW-W,B,0.00505,4.2
2026-06-03T07:00:00+00:00,KRW-XAUT,B,0.00182,4.75
2026-06-03T07:30:00+00:00,KRW-DOOD,A,-0.0132,7.72
2026-06-03T08:30:00+00:00,KRW-NEAR,B,0.01557,4.57
2026-06-03T09:30:00+00:00,KRW-BCH,A,-0.02627,6.08
2026-06-03T09:30:00+00:00,KRW-ZORA,B,0.01538,4.22
2026-06-03T10:00:00+00:00,KRW-BCH,B,0.00994,4.5
2026-06-03T10:45:00+00:00,KRW-RENDER,B,0.01676,4.57
2026-06-03T12:00:00+00:00,KRW-IN,B,0.02649,4.03
2026-06-03T12:15:00+00:00,KRW-ZORA,A,-0.03784,4.46
2026-06-03T12:30:00+00:00,KRW-NEAR,B,0.01121,5.0
2026-06-03T12:30:00+00:00,KRW-PIEVERSE,A,-0.02022,5.83
2026-06-03T12:30:00+00:00,KRW-SOPH,B,0.01,3.24
2026-06-03T13:00:00+00:00,KRW-AWE,B,0.02369,3.23
2026-06-03T14:15:00+00:00,KRW-BCH,A,-0.016,9.5
2026-06-03T14:15:00+00:00,KRW-NEAR,A,-0.02281,7.98
2026-06-03T14:30:00+00:00,KRW-BCH,B,0.00468,4.79
2026-06-03T14:45:00+00:00,KRW-ZRO,B,0.02422,10.74
2026-06-03T15:00:00+00:00,KRW-POL,B,0.01439,3.22
2026-06-03T15:00:00+00:00,KRW-PUMP,B,0.00755,3.02
2026-06-03T15:00:00+00:00,KRW-XPL,B,0.03597,11.09
2026-06-03T16:00:00+00:00,KRW-CHZ,A,-0.02004,3.94
2026-06-03T19:00:00+00:00,KRW-ZRO,B,0.02,7.33
2026-06-03T19:15:00+00:00,KRW-ZRO,A,-0.03975,5.58
2026-06-03T21:45:00+00:00,KRW-CC,B,0.0087,5.01
2026-06-03T22:15:00+00:00,KRW-ARB,A,-0.01418,4.34
2026-06-04T00:00:00+00:00,KRW-EDGE,B,0.15315,5.58
2026-06-04T00:00:00+00:00,KRW-PIEVERSE,B,0.05034,7.01
2026-06-04T00:00:00+00:00,KRW-RENDER,B,0.0232,4.88
2026-06-04T00:00:00+00:00,KRW-ZORA,B,0.03681,4.72
2026-06-04T00:15:00+00:00,KRW-RENDER,A,-0.02665,7.57
2026-06-04T00:30:00+00:00,KRW-AVAX,B,0.00761,3.13
2026-06-04T00:30:00+00:00,KRW-BCH,B,0.01326,6.91
2026-06-04T00:30:00+00:00,KRW-EDGE,A,-0.02273,3.08
2026-06-04T00:30:00+00:00,KRW-LINK,B,0.00408,4.37
2026-06-04T00:30:00+00:00,KRW-SHIB,B,0.00789,3.53
2026-06-04T00:30:00+00:00,KRW-SOPH,B,0.00727,5.41
2026-06-04T00:30:00+00:00,KRW-UNI,B,0.00317,3.27
2026-06-04T00:30:00+00:00,KRW-VIRTUAL,B,0.00846,3.29
2026-06-04T01:00:00+00:00,KRW-XPL,A,-0.02941,4.76
2026-06-04T01:15:00+00:00,KRW-0G,A,-0.01989,2.01
2026-06-04T01:15:00+00:00,KRW-AVAX,A,-0.01612,6.87
2026-06-04T01:15:00+00:00,KRW-BCH,A,-0.01636,7.4
2026-06-04T01:15:00+00:00,KRW-CHZ,A,-0.0308,8.2
2026-06-04T01:15:00+00:00,KRW-DATA,A,-0.02926,3.63
2026-06-04T01:15:00+00:00,KRW-ELSA,A,-0.02675,8.98
2026-06-04T01:15:00+00:00,KRW-ENS,A,-0.01405,0.93
2026-06-04T01:15:00+00:00,KRW-ETC,A,-0.0185,2.76
2026-06-04T01:15:00+00:00,KRW-G,A,-0.02597,1.85
2026-06-04T01:15:00+00:00,KRW-GAS,A,-0.02796,5.12
2026-06-04T01:15:00+00:00,KRW-JUP,A,-0.02837,5.35
2026-06-04T01:15:00+00:00,KRW-LA,A,-0.03053,1.39
2026-06-04T01:15:00+00:00,KRW-LINK,A,-0.01317,4.57
2026-06-04T01:15:00+00:00,KRW-PEPE,A,-0.01982,5.76
2026-06-04T01:15:00+00:00,KRW-SAND,A,-0.02007,7.59
2026-06-04T01:15:00+00:00,KRW-SHIB,A,-0.01451,9.43
2026-06-04T01:15:00+00:00,KRW-SOPH,A,-0.02301,5.05
2026-06-04T01:15:00+00:00,KRW-STX,A,-0.01961,5.24
2026-06-04T01:15:00+00:00,KRW-TAO,A,-0.01997,5.02
2026-06-04T01:15:00+00:00,KRW-TREE,A,-0.02302,4.6
2026-06-04T01:15:00+00:00,KRW-UNI,A,-0.02142,4.25
2026-06-04T01:45:00+00:00,KRW-MANTRA,A,-0.0431,3.09
2026-06-04T01:45:00+00:00,KRW-MET2,A,-0.0266,5.24
2026-06-04T01:45:00+00:00,KRW-SIGN,A,-0.02649,2.99
2026-06-04T01:45:00+00:00,KRW-VIRTUAL,A,-0.02021,4.86
2026-06-04T01:45:00+00:00,KRW-ZORA,A,-0.03723,13.53
2026-06-04T02:00:00+00:00,KRW-AAVE,A,-0.01414,8.45
2026-06-04T02:00:00+00:00,KRW-APT,A,-0.01309,10.75
2026-06-04T02:00:00+00:00,KRW-ATH,A,-0.01637,4.03
2026-06-04T02:00:00+00:00,KRW-AVNT,A,-0.01587,3.21
2026-06-04T02:00:00+00:00,KRW-AXS,A,-0.02606,4.02
2026-06-04T02:00:00+00:00,KRW-BERA,A,-0.01639,5.93
2026-06-04T02:00:00+00:00,KRW-BIRB,A,-0.01587,9.18
2026-06-04T02:00:00+00:00,KRW-BONK,A,-0.01543,5.22
2026-06-04T02:00:00+00:00,KRW-DOT,A,-0.01271,15.43
2026-06-04T02:00:00+00:00,KRW-ETHFI,A,-0.028,7.04
2026-06-04T02:00:00+00:00,KRW-KAT,A,-0.03552,8.49
2026-06-04T02:00:00+00:00,KRW-MIRA,A,-0.02277,9.21
2026-06-04T02:00:00+00:00,KRW-NEAR,B,0.00999,4.92
2026-06-04T02:00:00+00:00,KRW-POL,A,-0.01493,9.08
2026-06-04T02:00:00+00:00,KRW-PYTH,A,-0.01344,2.43
2026-06-04T02:00:00+00:00,KRW-SKR,A,-0.01149,1.61
2026-06-04T02:00:00+00:00,KRW-SUI,A,-0.01279,7.37
2026-06-04T02:00:00+00:00,KRW-TRUMP,A,-0.01954,7.4
2026-06-04T02:00:00+00:00,KRW-W,A,-0.02809,5.62
2026-06-04T02:00:00+00:00,KRW-WLFI,A,-0.01221,5.58
2026-06-04T02:00:00+00:00,KRW-ZRO,A,-0.01935,12.82
2026-06-04T02:15:00+00:00,KRW-CHZ,B,0.0092,7.39
2026-06-04T02:15:00+00:00,KRW-XPL,B,0.03175,4.15
2026-06-04T02:30:00+00:00,KRW-DOT,B,0.00511,3.25
2026-06-04T03:30:00+00:00,KRW-POL,B,0.0073,4.28
2026-06-04T05:00:00+00:00,KRW-NEAR,A,-0.02274,4.42
2026-06-04T05:45:00+00:00,KRW-AVAX,A,-0.00679,4.9
2026-06-04T06:15:00+00:00,KRW-ZORA,A,-0.02841,5.69
2026-06-04T07:00:00+00:00,KRW-ZRO,A,-0.02239,4.5
2026-06-04T08:15:00+00:00,KRW-CC,B,0.00866,5.32
2026-06-04T08:15:00+00:00,KRW-RENDER,B,0.00071,3.07
2026-06-04T08:30:00+00:00,KRW-CC,A,-0.00858,3.83
2026-06-04T09:00:00+00:00,KRW-CHZ,A,-0.01905,6.6
2026-06-04T09:15:00+00:00,KRW-ELF,B,0.00893,14.31
2026-06-04T09:15:00+00:00,KRW-TRX,A,-0.00406,4.67
2026-06-04T09:15:00+00:00,KRW-XPL,A,-0.02362,5.99
2026-06-04T09:30:00+00:00,KRW-CHZ,B,0.00244,3.69
2026-06-04T09:30:00+00:00,KRW-DOT,B,0.00132,5.44
2026-06-04T09:30:00+00:00,KRW-ELF,A,-0.04425,4.65
2026-06-04T09:30:00+00:00,KRW-SHIB,B,0.00412,4.13
2026-06-04T09:30:00+00:00,KRW-SOPH,B,0.00455,9.21
2026-06-04T11:15:00+00:00,KRW-ZBT,B,0.01587,4.66
2026-06-04T11:30:00+00:00,KRW-XAUT,B,0.00165,7.41
2026-06-04T11:30:00+00:00,KRW-ZBT,A,-0.02083,6.56
2026-06-04T12:00:00+00:00,KRW-NEAR,A,-0.01917,4.6
2026-06-04T12:15:00+00:00,KRW-BCH,B,0.0126,3.1
2026-06-04T12:30:00+00:00,KRW-ZORA,B,0.01117,4.16
2026-06-04T12:45:00+00:00,KRW-PENDLE,B,0.0127,3.82
2026-06-04T13:15:00+00:00,KRW-CHZ,A,-0.01928,8.21
2026-06-04T13:30:00+00:00,KRW-CHZ,B,0.00983,6.27
2026-06-04T13:30:00+00:00,KRW-ESP,B,0.01377,4.72
2026-06-04T15:45:00+00:00,KRW-PEPE,B,0.00445,3.5
2026-06-04T21:30:00+00:00,KRW-ZRO,A,-0.03498,4.61
2026-06-04T22:45:00+00:00,KRW-ESP,B,0.02227,8.96
2026-06-04T23:00:00+00:00,KRW-ESP,A,-0.01584,10.07
2026-06-04T23:30:00+00:00,KRW-CC,A,-0.02222,9.25
2026-06-05T00:00:00+00:00,KRW-ELSA,B,0.1165,153.01
2026-06-05T00:00:00+00:00,KRW-NEAR,B,0.00729,3.16
2026-06-05T00:15:00+00:00,KRW-ELSA,A,-0.01863,49.52
2026-06-05T00:30:00+00:00,KRW-BORA,B,0.05048,5.62
2026-06-05T00:45:00+00:00,KRW-PRL,A,-0.05822,5.11
2026-06-05T02:30:00+00:00,KRW-NEAR,A,-0.01738,4.86
2026-06-05T02:45:00+00:00,KRW-0G,A,-0.01793,2.73
2026-06-05T02:45:00+00:00,KRW-RENDER,A,-0.02069,5.02
2026-06-05T02:45:00+00:00,KRW-XPL,A,-0.01639,4.46
2026-06-05T04:00:00+00:00,KRW-DOT,B,0.01127,6.19
2026-06-05T04:00:00+00:00,KRW-SKR,A,-0.01183,1.82
2026-06-05T04:45:00+00:00,KRW-POL,B,0.00794,5.56
2026-06-05T06:00:00+00:00,KRW-APT,A,-0.01021,4.03
2026-06-05T06:00:00+00:00,KRW-DOT,A,-0.01133,7.94
2026-06-05T06:00:00+00:00,KRW-LINK,A,-0.00956,4.79
2026-06-05T06:00:00+00:00,KRW-PEPE,A,-0.01176,4.06
2026-06-05T06:00:00+00:00,KRW-SHIB,A,-0.01108,4.33
2026-06-05T06:00:00+00:00,KRW-VIRTUAL,A,-0.01768,4.5
2026-06-05T06:15:00+00:00,KRW-AAVE,A,-0.01198,12.42
2026-06-05T06:15:00+00:00,KRW-ALGO,A,-0.02069,5.06
2026-06-05T06:15:00+00:00,KRW-ARB,A,-0.02381,9.75
2026-06-05T06:15:00+00:00,KRW-AVAX,A,-0.00739,10.55
2026-06-05T06:15:00+00:00,KRW-BCH,A,-0.03943,10.38
2026-06-05T06:15:00+00:00,KRW-BONK,A,-0.01773,6.03
2026-06-05T06:15:00+00:00,KRW-CHZ,A,-0.01867,6.26
2026-06-05T06:15:00+00:00,KRW-DATA,A,-0.02724,5.82
2026-06-05T06:15:00+00:00,KRW-ENS,A,-0.01648,1.15
2026-06-05T06:15:00+00:00,KRW-ETC,A,-0.01151,7.34
2026-06-05T06:15:00+00:00,KRW-GAS,A,-0.01376,2.08
2026-06-05T06:15:00+00:00,KRW-PENGU,A,-0.01846,3.59
2026-06-05T06:15:00+00:00,KRW-POL,A,-0.01626,9.18
2026-06-05T06:15:00+00:00,KRW-PUMP,A,-0.02609,11.01
2026-06-05T06:15:00+00:00,KRW-SAND,A,-0.01832,8.08
2026-06-05T06:15:00+00:00,KRW-STX,A,-0.01111,8.45
2026-06-05T06:15:00+00:00,KRW-TAO,A,-0.00966,8.0
2026-06-05T06:15:00+00:00,KRW-TRUMP,A,-0.01764,6.18
2026-06-05T06:15:00+00:00,KRW-UNI,A,-0.01936,3.03
2026-06-05T06:15:00+00:00,KRW-W,A,-0.01333,4.4
2026-06-05T06:30:00+00:00,KRW-AAVE,B,0.02626,3.63
2026-06-05T06:30:00+00:00,KRW-BCH,B,0.00535,3.06
2026-06-05T06:30:00+00:00,KRW-PUMP,B,0.01786,3.38
2026-06-05T06:30:00+00:00,KRW-SAND,B,0.00995,5.61
2026-06-05T06:30:00+00:00,KRW-SHIB,B,0.01277,3.65
2026-06-05T06:30:00+00:00,KRW-XPL,B,0.02632,3.52
2026-06-05T07:00:00+00:00,KRW-NEAR,A,-0.04333,5.96
2026-06-05T07:15:00+00:00,KRW-NEAR,B,0.03064,3.58
2026-06-05T08:45:00+00:00,KRW-SKR,A,-0.03704,3.05
2026-06-05T09:45:00+00:00,KRW-MET2,A,-0.0119,2.56
2026-06-05T09:45:00+00:00,KRW-PLUME,B,0.01087,3.55
2026-06-05T10:30:00+00:00,KRW-LA,B,0.14062,23.91
2026-06-05T10:30:00+00:00,KRW-POL,B,0.00847,6.75
2026-06-05T11:15:00+00:00,KRW-LA,A,-0.02703,9.12
2026-06-05T11:30:00+00:00,KRW-PLUME,A,-0.0221,4.95
2026-06-05T13:45:00+00:00,KRW-AAVE,A,-0.02835,11.09
2026-06-05T13:45:00+00:00,KRW-STX,A,-0.01901,5.23
2026-06-05T14:00:00+00:00,KRW-AAVE,B,0.01645,5.51
2026-06-05T14:00:00+00:00,KRW-APT,B,0.01566,8.99
2026-06-05T14:00:00+00:00,KRW-AVAX,B,0.00568,5.87
2026-06-05T14:00:00+00:00,KRW-BIRB,B,0.01695,4.39
2026-06-05T14:00:00+00:00,KRW-ETC,B,0.00388,3.16
2026-06-05T14:00:00+00:00,KRW-STX,B,0.01163,4.69
2026-06-05T14:00:00+00:00,KRW-XPL,B,0.00917,8.16
2026-06-05T14:30:00+00:00,KRW-ELSA,B,0.02044,5.37
2026-06-05T15:00:00+00:00,KRW-XPL,A,-0.0367,9.62
2026-06-05T15:15:00+00:00,KRW-ARB,B,0.00806,3.71
2026-06-05T15:30:00+00:00,KRW-CC,A,-0.01818,5.39
2026-06-05T15:30:00+00:00,KRW-PUMP,A,-0.02715,8.27
2026-06-05T15:30:00+00:00,KRW-SKR,A,-0.01923,1.93
2026-06-05T16:00:00+00:00,KRW-KAITO,B,0.01601,3.47
2026-06-05T16:00:00+00:00,KRW-LINK,B,0.0027,3.0
2026-06-05T16:00:00+00:00,KRW-POL,A,-0.01709,4.85
2026-06-05T16:00:00+00:00,KRW-SHIB,B,0.00432,4.12
2026-06-05T16:15:00+00:00,KRW-COW,B,0.00503,4.0
2026-06-05T16:45:00+00:00,KRW-CC,B,0.00461,9.4
2026-06-05T17:30:00+00:00,KRW-XAUT,B,0.00107,3.5
2026-06-05T18:30:00+00:00,KRW-POL,B,0.00909,4.12
2026-06-05T19:15:00+00:00,KRW-XPL,B,0.00624,6.66
2026-06-05T19:45:00+00:00,KRW-PUMP,B,0.01415,4.39
2026-06-05T21:00:00+00:00,KRW-BIRB,B,0.01695,9.04
2026-06-05T23:30:00+00:00,KRW-MET2,A,-0.01266,2.1
2026-06-06T00:00:00+00:00,KRW-CC,B,0.00441,3.33
2026-06-06T00:45:00+00:00,KRW-BORA,B,0.02481,7.94
2026-06-06T01:00:00+00:00,KRW-LA,A,-0.03448,1.19
2026-06-06T02:30:00+00:00,KRW-XAUT,B,0.00031,6.15
2026-06-06T03:15:00+00:00,KRW-HYPER,B,0.00604,3.54
2026-06-06T04:00:00+00:00,KRW-AAVE,A,-0.01422,4.51
2026-06-06T04:00:00+00:00,KRW-ARB,A,-0.02479,6.32
2026-06-06T04:00:00+00:00,KRW-AVAX,A,-0.02312,11.76
2026-06-06T04:00:00+00:00,KRW-SHIB,A,-0.01749,4.14
2026-06-06T04:00:00+00:00,KRW-XPL,A,-0.02158,10.43
2026-06-06T04:15:00+00:00,KRW-DOOD,A,-0.02521,4.62
2026-06-06T04:15:00+00:00,KRW-HOLO,B,0.0036,27.27
2026-06-06T04:15:00+00:00,KRW-SAND,A,-0.01693,4.99
2026-06-06T04:30:00+00:00,KRW-AVAX,B,0.00157,5.6
2026-06-06T04:30:00+00:00,KRW-BONK,A,-0.0112,4.34
2026-06-06T04:30:00+00:00,KRW-ELF,A,-0.05167,2.21
2026-06-06T04:30:00+00:00,KRW-ELSA,A,-0.01387,2.12
2026-06-06T04:30:00+00:00,KRW-ENS,A,-0.01197,0.97
2026-06-06T04:30:00+00:00,KRW-ETC,A,-0.00902,5.65
2026-06-06T05:15:00+00:00,KRW-AAVE,B,0.02079,3.83
2026-06-06T05:15:00+00:00,KRW-ARB,B,0.01739,5.35
2026-06-06T05:15:00+00:00,KRW-BCH,B,0.01939,3.05
2026-06-06T05:15:00+00:00,KRW-DOOD,B,0.01299,3.31
2026-06-06T05:15:00+00:00,KRW-LINK,B,0.01855,3.7
2026-06-06T05:15:00+00:00,KRW-PUMP,B,0.02956,3.03
2026-06-06T05:15:00+00:00,KRW-SAND,B,0.01864,4.04
2026-06-06T05:15:00+00:00,KRW-XPL,B,0.03108,4.54
2026-06-06T05:30:00+00:00,KRW-HOLO,A,-0.02255,20.65
2026-06-06T06:15:00+00:00,KRW-SNT,B,0.0084,4.33
2026-06-06T06:45:00+00:00,KRW-SNT,A,-0.04,3.99
2026-06-06T07:45:00+00:00,KRW-FF,A,-0.06475,4.01
2026-06-06T10:00:00+00:00,KRW-AVAX,A,-0.0118,4.4
2026-06-06T14:00:00+00:00,KRW-PENGU,B,0.02717,3.53
2026-06-06T20:45:00+00:00,KRW-POL,B,0.0087,5.36
2026-06-06T21:00:00+00:00,KRW-CC,B,0.01626,3.05
2026-06-06T22:15:00+00:00,KRW-CC,A,-0.01587,5.99
2026-06-07T00:00:00+00:00,KRW-B3,B,0.06706,10.07
2026-06-07T00:00:00+00:00,KRW-MIRA,B,0.08891,136.05
2026-06-07T00:00:00+00:00,KRW-TREE,B,0.02711,14.01
2026-06-07T00:45:00+00:00,KRW-IN,B,0.05172,4.11
2026-06-07T00:45:00+00:00,KRW-MIRA,A,-0.04842,66.84
2026-06-07T00:45:00+00:00,KRW-TREE,A,-0.03333,37.01
2026-06-07T01:00:00+00:00,KRW-ARB,B,0.01639,3.21
2026-06-07T01:15:00+00:00,KRW-AKT,B,0.03222,5.28
2026-06-07T01:30:00+00:00,KRW-AKT,A,-0.02497,4.78
2026-06-07T04:15:00+00:00,KRW-LA,B,0.01724,3.63
2026-06-07T04:45:00+00:00,KRW-AVAX,B,0.00292,3.05
2026-06-07T05:15:00+00:00,KRW-MIRA,B,0.00454,3.01
2026-06-07T08:00:00+00:00,KRW-JTO,A,-0.02661,4.3
2026-06-07T08:45:00+00:00,KRW-DOOD,B,0.02041,3.31
2026-06-07T08:45:00+00:00,KRW-ESP,B,0.00962,3.15
2026-06-07T09:15:00+00:00,KRW-JTO,B,0.0264,5.44
2026-06-07T12:30:00+00:00,KRW-JTO,A,-0.03275,4.31
2026-06-07T13:00:00+00:00,KRW-ZRO,B,0.01627,3.1
2026-06-07T14:15:00+00:00,KRW-JTO,B,0.02778,4.8
2026-06-07T14:15:00+00:00,KRW-WLFI,B,0.00119,3.9
2026-06-07T22:00:00+00:00,KRW-BCH,B,0.04148,3.08
2026-06-07T22:15:00+00:00,KRW-AVAX,A,-0.0144,5.41
2026-06-07T22:15:00+00:00,KRW-GAS,A,-0.0086,2.16
2026-06-07T22:15:00+00:00,KRW-ZIL,A,-0.00846,5.0
2026-06-07T23:15:00+00:00,KRW-XAUT,B,0.00015,5.73
2026-06-08T00:00:00+00:00,KRW-FLOCK,B,0.03723,9.99
2026-06-08T00:15:00+00:00,KRW-BORA,A,-0.01026,2.42
2026-06-08T00:45:00+00:00,KRW-FLOCK,A,-0.02054,10.26
2026-06-08T00:45:00+00:00,KRW-HYPER,B,0.01802,6.52
2026-06-08T01:00:00+00:00,KRW-HYPER,A,-0.0354,3.89
2026-06-08T01:45:00+00:00,KRW-ATH,B,0.05847,6.24
2026-06-08T02:00:00+00:00,KRW-ATH,A,-0.02691,5.11
2026-06-08T03:45:00+00:00,KRW-MOVE,B,0.02717,5.22
2026-06-08T04:00:00+00:00,KRW-MOVE,A,-0.01587,10.26
2026-06-08T05:30:00+00:00,KRW-XAUT,A,-0.00758,4.91
2026-06-08T06:00:00+00:00,KRW-MEGA,B,0.02313,3.15
2026-06-08T08:00:00+00:00,KRW-MOVE,B,0.01047,4.3
2026-06-08T08:15:00+00:00,KRW-BCH,A,-0.03018,11.11
2026-06-08T08:15:00+00:00,KRW-MEGA,A,-0.01916,4.55
2026-06-08T09:00:00+00:00,KRW-BCH,B,0.00895,3.28
2026-06-08T09:30:00+00:00,KRW-MOVE,A,-0.01508,5.15
2026-06-08T10:30:00+00:00,KRW-BERA,B,0.01604,4.85
2026-06-08T10:30:00+00:00,KRW-JTO,B,0.01399,3.27
2026-06-08T10:45:00+00:00,KRW-ZBT,B,0.01515,3.08
2026-06-08T11:00:00+00:00,KRW-ME,B,0.04925,14.99
2026-06-08T11:15:00+00:00,KRW-BERA,A,-0.03509,12.51
2026-06-08T11:30:00+00:00,KRW-ME,A,-0.01232,4.91
2026-06-08T11:30:00+00:00,KRW-ZBT,A,-0.01456,4.23
2026-06-08T12:30:00+00:00,KRW-MOVE,B,0.0045,6.33
2026-06-08T12:45:00+00:00,KRW-BIO,B,0.01299,4.26
2026-06-08T13:45:00+00:00,KRW-BIO,A,-0.02033,6.19
2026-06-08T14:15:00+00:00,KRW-MOVE,A,-0.03226,6.02
2026-06-08T14:30:00+00:00,KRW-JTO,B,0.01034,3.23
2026-06-08T15:00:00+00:00,KRW-BERA,B,0.01523,4.45
2026-06-08T15:45:00+00:00,KRW-BERA,A,-0.01449,6.59
2026-06-09T00:00:00+00:00,KRW-MOVE,B,0.00976,3.08
2026-06-09T00:30:00+00:00,KRW-PENGU,A,-0.02178,4.38
2026-06-09T00:45:00+00:00,KRW-DATA,B,0.01073,4.23
2026-06-09T01:00:00+00:00,KRW-ME,B,0.06941,16.29
2026-06-09T01:00:00+00:00,KRW-VANA,B,0.01765,3.97
2026-06-09T01:15:00+00:00,KRW-FIL,B,0.00262,3.46
2026-06-09T01:30:00+00:00,KRW-CC,B,0.09877,86.57
2026-06-09T01:30:00+00:00,KRW-DATA,A,-0.03704,8.07
2026-06-09T01:30:00+00:00,KRW-ME,A,-0.01634,3.7
2026-06-09T01:30:00+00:00,KRW-MOVE,A,-0.04965,13.96
2026-06-09T01:45:00+00:00,KRW-CC,A,-0.05618,30.95
2026-06-09T02:15:00+00:00,KRW-SAHARA,A,-0.3469,32.29
2026-06-09T02:45:00+00:00,KRW-RVN,B,0.03432,3.75
2026-06-09T02:45:00+00:00,KRW-SAHARA,B,0.02092,23.85
2026-06-09T03:00:00+00:00,KRW-RVN,A,-0.02262,2.57
2026-06-09T04:30:00+00:00,KRW-ZRO,B,0.02392,4.32
2026-06-09T06:00:00+00:00,KRW-CC,A,-0.02353,7.45
2026-06-09T07:15:00+00:00,KRW-SAHARA,B,0.03629,10.35
2026-06-09T08:00:00+00:00,KRW-MOVE,B,0.04036,5.5
2026-06-09T09:45:00+00:00,KRW-CC,B,0.00794,7.11
2026-06-09T10:15:00+00:00,KRW-SAHARA,A,-0.03679,18.63
2026-06-09T10:30:00+00:00,KRW-CC,A,-0.02326,10.94
2026-06-09T11:15:00+00:00,KRW-SAHARA,B,0.02589,15.16
2026-06-09T12:00:00+00:00,KRW-AAVE,B,0.00214,6.54
2026-06-09T12:00:00+00:00,KRW-CHZ,B,0.02169,8.47
2026-06-09T12:15:00+00:00,KRW-CHZ,A,-0.01415,8.67
2026-06-09T14:15:00+00:00,KRW-AVAX,A,-0.01154,5.16
2026-06-09T14:15:00+00:00,KRW-ZRO,A,-0.01418,4.49
2026-06-09T14:30:00+00:00,KRW-BIRB,A,-0.01818,4.76
2026-06-09T15:00:00+00:00,KRW-WLFI,B,0.01458,3.55
2026-06-09T16:00:00+00:00,KRW-BCH,B,0.00164,3.07
2026-06-09T16:15:00+00:00,KRW-CHZ,B,0.00969,4.41
2026-06-09T17:45:00+00:00,KRW-KAT,B,0.03281,4.49
2026-06-09T18:15:00+00:00,KRW-KAT,A,-0.08205,31.12
2026-06-09T22:15:00+00:00,KRW-KAT,B,0.02578,9.26
2026-06-09T23:30:00+00:00,KRW-KAT,A,-0.01893,8.88
2026-06-10T00:00:00+00:00,KRW-ELSA,B,0.06555,16.21
2026-06-10T00:00:00+00:00,KRW-FLOCK,B,0.02448,3.15
2026-06-10T00:00:00+00:00,KRW-G,A,-0.01946,62.71
2026-06-10T00:00:00+00:00,KRW-MOVE,A,-0.02778,6.18
2026-06-10T00:00:00+00:00,KRW-SAHARA,B,0.01361,9.55
2026-06-10T00:00:00+00:00,KRW-XAUT,B,0.00095,3.07
2026-06-10T00:15:00+00:00,KRW-B3,B,0.13299,17.89
2026-06-10T00:15:00+00:00,KRW-CC,B,0.01969,3.14
2026-06-10T00:15:00+00:00,KRW-ELSA,A,-0.02003,9.09
2026-06-10T00:30:00+00:00,KRW-CC,A,-0.01544,3.0
2026-06-10T00:30:00+00:00,KRW-CHZ,A,-0.03636,4.95
2026-06-10T00:30:00+00:00,KRW-SOPH,A,-0.0166,3.75
2026-06-10T00:45:00+00:00,KRW-DOOD,B,0.00465,3.7
2026-06-10T00:45:00+00:00,KRW-SAND,B,0.00663,3.2
2026-06-10T02:00:00+00:00,KRW-B3,A,-0.05263,7.01
2026-06-10T02:30:00+00:00,KRW-KAT,B,0.0283,12.4
2026-06-10T03:00:00+00:00,KRW-SAHARA,A,-0.04895,6.38
2026-06-10T03:00:00+00:00,KRW-SKR,B,0.03822,16.61
2026-06-10T03:00:00+00:00,KRW-ZKP,B,0.01521,8.95
2026-06-10T03:15:00+00:00,KRW-BLEND,B,0.02803,13.45
2026-06-10T03:15:00+00:00,KRW-HYPER,B,0.01942,3.74
2026-06-10T03:30:00+00:00,KRW-MANTRA,B,0.03571,5.32
2026-06-10T03:30:00+00:00,KRW-SKR,A,-0.03012,8.07
2026-06-10T03:45:00+00:00,KRW-KAT,A,-0.02806,7.73
2026-06-10T04:00:00+00:00,KRW-XAUT,B,0.00016,4.75
2026-06-10T04:15:00+00:00,KRW-MANTRA,A,-0.025,4.75
2026-06-10T04:45:00+00:00,KRW-BLEND,A,-0.03846,3.19
2026-06-10T04:45:00+00:00,KRW-WAVES,B,0.04775,3.6
2026-06-10T05:00:00+00:00,KRW-WAVES,A,-0.03291,2.01
2026-06-10T06:00:00+00:00,KRW-AVNT,B,0.02516,4.89
2026-06-10T06:00:00+00:00,KRW-DOOD,B,0.0186,4.42
2026-06-10T06:00:00+00:00,KRW-TRX,B,0.00415,3.26
2026-06-10T06:30:00+00:00,KRW-B3,B,0.10167,15.4
2026-06-10T06:45:00+00:00,KRW-B3,A,-0.0608,6.78
2026-06-10T06:45:00+00:00,KRW-SAHARA,B,0.04745,3.94
2026-06-10T06:45:00+00:00,KRW-WLFI,B,0.00481,3.67
2026-06-10T07:15:00+00:00,KRW-BLEND,B,0.02,3.7
2026-06-10T08:00:00+00:00,KRW-MANTRA,B,0.06723,8.02
2026-06-10T08:15:00+00:00,KRW-MANTRA,A,-0.0315,6.55
2026-06-10T08:15:00+00:00,KRW-SNT,B,0.05455,9.12
2026-06-10T08:30:00+00:00,KRW-KAT,B,0.01786,7.62
2026-06-10T08:45:00+00:00,KRW-CC,A,-0.03488,2.85
2026-06-10T08:45:00+00:00,KRW-SNT,A,-0.05172,7.21
2026-06-10T09:30:00+00:00,KRW-TREE,B,0.01331,6.33
2026-06-10T09:45:00+00:00,KRW-SOPH,B,0.00374,3.48
2026-06-10T10:15:00+00:00,KRW-DOOD,B,0.01376,3.26
2026-06-10T10:30:00+00:00,KRW-B3,B,0.03066,14.99
2026-06-10T10:45:00+00:00,KRW-BLEND,A,-0.02521,9.76
2026-06-10T10:45:00+00:00,KRW-WLFI,B,0.00111,8.49
2026-06-10T11:00:00+00:00,KRW-B3,A,-0.04915,12.52
2026-06-10T11:30:00+00:00,KRW-KAT,A,-0.04129,9.04
2026-06-10T11:45:00+00:00,KRW-ID,B,0.06103,5.77
2026-06-10T12:30:00+00:00,KRW-BCH,B,0.01366,3.12
2026-06-10T12:30:00+00:00,KRW-CC,B,0.01149,3.68
2026-06-10T12:30:00+00:00,KRW-LINK,B,0.01127,3.5
2026-06-10T12:30:00+00:00,KRW-SHIB,B,0.00715,5.45
2026-06-10T12:30:00+00:00,KRW-WLFI,A,-0.00993,28.8
2026-06-10T13:00:00+00:00,KRW-BLEND,B,0.06542,13.98
2026-06-10T13:15:00+00:00,KRW-BIRB,B,0.02679,3.86
2026-06-10T13:15:00+00:00,KRW-SPK,B,0.01538,3.12
2026-06-10T13:30:00+00:00,KRW-TREE,B,0.01732,7.03
2026-06-10T13:45:00+00:00,KRW-SPK,A,-0.03846,7.22
2026-06-10T13:45:00+00:00,KRW-TREE,A,-0.03121,5.71
2026-06-10T14:15:00+00:00,KRW-ZBT,B,0.00602,3.58
2026-06-10T14:30:00+00:00,KRW-DOOD,B,0.01887,4.15
2026-06-10T14:45:00+00:00,KRW-XAUT,A,-0.00787,5.56
2026-06-10T15:00:00+00:00,KRW-DOOD,A,-0.02294,4.57
2026-06-10T15:45:00+00:00,KRW-POL,B,0.00901,5.38
2026-06-10T15:45:00+00:00,KRW-WLFI,B,0.00775,3.16
2026-06-10T17:00:00+00:00,KRW-BIRB,A,-0.05185,31.6
2026-06-10T17:15:00+00:00,KRW-WLFI,A,-0.00974,11.04
2026-06-10T17:45:00+00:00,KRW-BIRB,B,0.01639,5.88
2026-06-10T19:45:00+00:00,KRW-KAT,B,0.02913,3.27
2026-06-10T20:15:00+00:00,KRW-DOOD,A,-0.04651,10.82
2026-06-10T20:30:00+00:00,KRW-DOOD,B,0.14146,56.52
2026-06-10T21:00:00+00:00,KRW-BIRB,A,-0.02479,9.6
2026-06-10T21:45:00+00:00,KRW-SKR,A,-0.01493,1.9
2026-06-10T22:00:00+00:00,KRW-WLFI,B,0.00793,3.26
2026-06-11T00:00:00+00:00,KRW-B3,A,-0.03741,8.61
2026-06-11T00:00:00+00:00,KRW-DATA,B,0.01848,11.96
2026-06-11T00:00:00+00:00,KRW-KAT,B,0.03922,4.91
2026-06-11T00:00:00+00:00,KRW-ZBT,B,0.02581,3.02
2026-06-11T00:15:00+00:00,KRW-UNI,B,0.00083,3.15
2026-06-11T00:45:00+00:00,KRW-SOPH,B,0.00123,3.53
2026-06-11T01:00:00+00:00,KRW-ZIL,B,0.00879,3.07
2026-06-11T02:15:00+00:00,KRW-BIRB,A,-0.02564,2.51
2026-06-11T03:45:00+00:00,KRW-ARB,B,0.01681,8.03
2026-06-11T03:45:00+00:00,KRW-AVAX,B,0.0138,5.19
2026-06-11T03:45:00+00:00,KRW-KAT,A,-0.03738,6.88
2026-06-11T03:45:00+00:00,KRW-PENGU,B,0.04251,3.75
2026-06-11T03:45:00+00:00,KRW-PEPE,B,0.01214,4.44
2026-06-11T03:45:00+00:00,KRW-ZKP,B,0.01956,9.62
2026-06-11T05:30:00+00:00,KRW-CC,A,-0.01938,3.88
2026-06-11T05:30:00+00:00,KRW-ID,B,0.02132,4.9
2026-06-11T05:30:00+00:00,KRW-PYTH,B,0.0117,7.31
2026-06-11T06:15:00+00:00,KRW-DOOD,B,0.00823,3.12
2026-06-11T06:30:00+00:00,KRW-XAUT,A,-0.00309,7.27
2026-06-11T07:00:00+00:00,KRW-PYTH,A,-0.02762,9.21
2026-06-11T07:00:00+00:00,KRW-ZRO,B,0.00542,3.37
2026-06-11T07:45:00+00:00,KRW-KAT,B,0.03583,3.28
2026-06-11T08:30:00+00:00,KRW-SAHARA,B,0.04938,3.17
2026-06-11T10:15:00+00:00,KRW-ZRO,A,-0.01116,6.37
2026-06-11T11:00:00+00:00,KRW-ZRO,B,0.01332,7.6
2026-06-11T11:15:00+00:00,KRW-ATOM,B,0.00662,3.6
2026-06-11T11:45:00+00:00,KRW-PRL,B,0.05743,6.4
2026-06-11T12:00:00+00:00,KRW-BIRB,B,0.00826,3.43
2026-06-11T12:00:00+00:00,KRW-PRL,A,-0.0607,5.4
2026-06-11T12:00:00+00:00,KRW-ZIL,A,-0.00851,4.73
2026-06-11T12:15:00+00:00,KRW-PENGU,A,-0.02059,3.3
2026-06-11T12:30:00+00:00,KRW-ZIL,B,0.01089,5.3
2026-06-11T13:00:00+00:00,KRW-SKR,A,-0.01481,1.66
2026-06-11T13:15:00+00:00,KRW-ID,B,0.10099,7.01
2026-06-11T13:45:00+00:00,KRW-CC,B,0.01195,3.99
2026-06-11T14:15:00+00:00,KRW-CHZ,B,0.03659,6.09
2026-06-11T14:30:00+00:00,KRW-PYTH,B,0.00926,7.27
2026-06-11T15:00:00+00:00,KRW-CHZ,A,-0.02022,25.52
2026-06-11T15:00:00+00:00,KRW-ZRO,B,0.01039,3.76
2026-06-11T15:45:00+00:00,KRW-ATOM,B,0.01366,3.81
2026-06-11T16:30:00+00:00,KRW-TRX,A,-0.0104,6.35
2026-06-11T17:30:00+00:00,KRW-APT,B,0.01471,4.36
2026-06-11T19:15:00+00:00,KRW-AVNT,A,-0.02941,7.16
2026-06-11T21:00:00+00:00,KRW-ATOM,B,0.00397,3.02
2026-06-11T21:45:00+00:00,KRW-PYTH,A,-0.02613,3.41
2026-06-11T21:45:00+00:00,KRW-XPL,B,0.01835,4.41
2026-06-11T22:45:00+00:00,KRW-DOT,B,0.00069,4.98
2026-06-12T00:00:00+00:00,KRW-DOOD,B,0.05195,8.54
2026-06-12T00:00:00+00:00,KRW-ENSO,B,0.03452,9.98
2026-06-12T00:00:00+00:00,KRW-SOPH,B,0.13902,189.61
2026-06-12T00:00:00+00:00,KRW-ZRO,B,0.02616,5.48
2026-06-12T00:15:00+00:00,KRW-DOOD,A,-0.02058,14.37
2026-06-12T00:15:00+00:00,KRW-FLOCK,B,0.01159,3.84
2026-06-12T00:30:00+00:00,KRW-SKR,A,-0.02797,2.12
2026-06-12T01:15:00+00:00,KRW-ENSO,A,-0.01872,53.79
2026-06-12T01:30:00+00:00,KRW-KAT,B,0.03846,14.5
2026-06-12T01:30:00+00:00,KRW-SOPH,A,-0.02043,51.77
2026-06-12T03:30:00+00:00,KRW-XPL,B,0.03361,3.47
2026-06-12T04:00:00+00:00,KRW-BARD,B,0.01646,3.85
2026-06-12T04:00:00+00:00,KRW-SOPH,B,0.00725,16.19
2026-06-12T05:00:00+00:00,KRW-BARD,A,-0.01569,12.06
2026-06-12T05:00:00+00:00,KRW-ENSO,B,0.01558,24.25
2026-06-12T05:00:00+00:00,KRW-XPL,A,-0.0229,9.53
2026-06-12T05:15:00+00:00,KRW-TRUMP,B,0.00894,4.42
2026-06-12T05:30:00+00:00,KRW-BIRB,A,-0.02326,4.15
2026-06-12T05:30:00+00:00,KRW-SOPH,A,-0.02821,50.96
2026-06-12T05:45:00+00:00,KRW-DOOD,B,0.02041,15.08
2026-06-12T06:00:00+00:00,KRW-ENSO,A,-0.02749,16.11
2026-06-12T06:00:00+00:00,KRW-XAUT,B,0.00224,7.19
2026-06-12T06:00:00+00:00,KRW-XEC,B,0.00617,3.6
2026-06-12T06:15:00+00:00,KRW-DOOD,A,-0.02214,69.43
2026-06-12T06:30:00+00:00,KRW-ATOM,B,0.00402,3.58
2026-06-12T06:30:00+00:00,KRW-WAVES,B,0.12183,13.56
2026-06-12T07:00:00+00:00,KRW-ELF,B,0.02275,4.12
2026-06-12T07:15:00+00:00,KRW-ELF,A,-0.03438,1.04
2026-06-12T07:15:00+00:00,KRW-WAVES,A,-0.0284,12.2
2026-06-12T07:30:00+00:00,KRW-TRX,B,0.00212,3.47
2026-06-12T07:30:00+00:00,KRW-XPL,B,0.03937,4.92
2026-06-12T07:45:00+00:00,KRW-ZBT,B,0.01183,4.49
2026-06-12T08:00:00+00:00,KRW-MIRA,B,0.00995,3.34
2026-06-12T08:45:00+00:00,KRW-JUP,B,0.0121,9.63
2026-06-12T08:45:00+00:00,KRW-TRUMP,A,-0.01593,43.03
2026-06-12T09:00:00+00:00,KRW-SOPH,B,0.00458,9.78
2026-06-12T09:15:00+00:00,KRW-TRUMP,B,0.01158,69.09
2026-06-12T09:15:00+00:00,KRW-VIRTUAL,B,0.02717,3.16
2026-06-12T09:15:00+00:00,KRW-WLFI,B,0.02392,7.78
2026-06-12T09:45:00+00:00,KRW-APT,B,0.00402,3.16
2026-06-12T09:45:00+00:00,KRW-ENSO,B,0.01053,6.28
2026-06-12T10:30:00+00:00,KRW-WAVES,B,0.01754,7.68
2026-06-12T10:30:00+00:00,KRW-XPL,A,-0.02985,5.84
2026-06-12T11:30:00+00:00,KRW-ZBT,A,-0.01657,4.77
2026-06-12T13:00:00+00:00,KRW-TRUMP,A,-0.01697,33.39
2026-06-12T13:15:00+00:00,KRW-SOPH,A,-0.01395,9.18
2026-06-12T13:30:00+00:00,KRW-SOPH,B,0.00118,18.99
2026-06-12T13:45:00+00:00,KRW-TRUMP,B,0.00683,29.96
2026-06-12T13:45:00+00:00,KRW-WAVES,A,-0.0336,11.61
2026-06-12T14:00:00+00:00,KRW-ENSO,B,0.00619,3.32
2026-06-12T14:00:00+00:00,KRW-XPL,B,0.03008,5.49
2026-06-12T14:15:00+00:00,KRW-DOT,B,0.00485,3.76
2026-06-12T14:45:00+00:00,KRW-ZIL,B,0.00636,5.78
2026-06-12T15:00:00+00:00,KRW-JUP,B,0.00784,9.5
2026-06-12T16:30:00+00:00,KRW-DOOD,B,0.0084,3.65
2026-06-12T18:00:00+00:00,KRW-TRUMP,B,0.00222,9.7
2026-06-12T18:15:00+00:00,KRW-TRUMP,A,-0.02441,8.31
2026-06-12T21:45:00+00:00,KRW-SOPH,B,0.00354,3.99
2026-06-12T22:00:00+00:00,KRW-TRUMP,B,0.01618,13.6
2026-06-12T22:30:00+00:00,KRW-TRUMP,A,-0.01191,9.29
2026-06-12T23:15:00+00:00,KRW-ENSO,B,0.00103,3.95
2026-06-13T00:00:00+00:00,KRW-BORA,B,0.032,22.75
2026-06-13T00:00:00+00:00,KRW-ESP,B,0.04587,7.1
2026-06-13T00:00:00+00:00,KRW-ID,B,0.03289,5.24
2026-06-13T00:00:00+00:00,KRW-TREE,B,0.03763,7.06
2026-06-13T00:15:00+00:00,KRW-ENSO,A,-0.01636,27.26
2026-06-13T00:30:00+00:00,KRW-WAVES,A,-0.03769,8.69
2026-06-13T00:45:00+00:00,KRW-SOPH,A,-0.01389,21.46
2026-06-13T00:45:00+00:00,KRW-TREE,A,-0.02646,4.93
2026-06-13T00:45:00+00:00,KRW-ZIL,B,0.00638,3.61
2026-06-13T01:00:00+00:00,KRW-IN,B,0.01695,4.43
2026-06-13T01:30:00+00:00,KRW-MEGA,B,0.02041,4.43
2026-06-13T01:30:00+00:00,KRW-WLFI,B,0.00226,5.19
2026-06-13T01:45:00+00:00,KRW-JUP,B,0.01181,7.12
2026-06-13T01:45:00+00:00,KRW-VVV,B,0.08209,3.35
2026-06-13T02:30:00+00:00,KRW-TRUMP,B,0.02151,9.3
2026-06-13T03:00:00+00:00,KRW-0G,B,0.00219,5.69
2026-06-13T03:15:00+00:00,KRW-VVV,A,-0.01665,4.09
2026-06-13T03:30:00+00:00,KRW-SOPH,B,0.01708,3.42
2026-06-13T03:45:00+00:00,KRW-0G,A,-0.00866,1.67
2026-06-13T04:45:00+00:00,KRW-TRUMP,A,-0.03863,7.04
2026-06-13T05:30:00+00:00,KRW-TRX,B,0.0021,5.37
2026-06-13T06:00:00+00:00,KRW-MEGA,B,0.00388,3.2
2026-06-13T06:30:00+00:00,KRW-JUP,B,0.01163,3.99
2026-06-13T06:30:00+00:00,KRW-VVV,B,0.01402,3.01
2026-06-13T07:00:00+00:00,KRW-AVAX,B,0.002,3.01
2026-06-13T07:00:00+00:00,KRW-BIO,B,0.01014,4.08
2026-06-13T07:00:00+00:00,KRW-VANA,B,0.00237,3.7
2026-06-13T07:15:00+00:00,KRW-APT,B,0.01295,5.12
2026-06-13T07:15:00+00:00,KRW-MEGA,A,-0.01363,15.5
2026-06-13T07:15:00+00:00,KRW-TAO,B,0.03677,5.12
2026-06-13T07:15:00+00:00,KRW-TRUMP,B,0.00362,3.96
2026-06-13T07:15:00+00:00,KRW-VVV,A,-0.03442,10.14
2026-06-13T07:45:00+00:00,KRW-DOT,B,0.01081,18.41
2026-06-13T08:00:00+00:00,KRW-OPEN,B,0.04971,10.98
2026-06-13T08:30:00+00:00,KRW-TAO,A,-0.02055,4.47
2026-06-13T09:45:00+00:00,KRW-0G,B,0.02009,3.55
2026-06-13T10:30:00+00:00,KRW-ZIL,A,-0.00833,6.71
2026-06-13T10:45:00+00:00,KRW-VVV,B,0.01958,4.15
2026-06-13T11:15:00+00:00,KRW-TAO,B,0.00483,3.23
2026-06-13T11:15:00+00:00,KRW-TRUMP,B,0.00931,3.31
2026-06-13T11:30:00+00:00,KRW-VVV,A,-0.02462,4.18
2026-06-13T13:00:00+00:00,KRW-MEGA,B,0.02628,10.89
2026-06-13T13:15:00+00:00,KRW-FLOCK,B,0.08141,37.63
2026-06-13T13:15:00+00:00,KRW-MEGA,A,-0.03659,6.24
2026-06-13T13:30:00+00:00,KRW-FLOCK,A,-0.03835,20.8
2026-06-13T14:45:00+00:00,KRW-XPL,B,0.02899,6.13
2026-06-13T15:15:00+00:00,KRW-TAO,A,-0.01315,8.06
2026-06-13T15:15:00+00:00,KRW-ZIL,B,0.00628,6.05
2026-06-13T15:30:00+00:00,KRW-TAO,B,0.00679,8.89
2026-06-13T19:00:00+00:00,KRW-MEGA,B,0.04038,4.24
2026-06-13T19:15:00+00:00,KRW-TAO,A,-0.01149,8.19
2026-06-13T19:45:00+00:00,KRW-MEGA,A,-0.01438,10.81
2026-06-13T21:30:00+00:00,KRW-TAO,B,0.02902,7.26
2026-06-13T22:00:00+00:00,KRW-KAITO,B,0.03922,4.27
2026-06-13T22:30:00+00:00,KRW-KAITO,A,-0.02156,6.46
2026-06-13T23:00:00+00:00,KRW-MEGA,B,0.00305,14.13
2026-06-13T23:45:00+00:00,KRW-MEGA,A,-0.02062,11.2
2026-06-14T00:00:00+00:00,KRW-ENSO,B,0.01222,7.88
2026-06-14T00:00:00+00:00,KRW-G,B,0.01932,3.6
2026-06-14T00:00:00+00:00,KRW-SAHARA,B,0.02165,3.66
2026-06-14T00:00:00+00:00,KRW-SOPH,A,-0.02769,3.43
2026-06-14T00:00:00+00:00,KRW-ZKP,B,0.11305,74.29
2026-06-14T00:30:00+00:00,KRW-ZKP,A,-0.037,25.28
2026-06-14T00:45:00+00:00,KRW-ENSO,A,-0.0199,3.49
2026-06-14T00:45:00+00:00,KRW-G,A,-0.01379,6.05
2026-06-14T00:45:00+00:00,KRW-TRUMP,A,-0.02434,4.93
2026-06-14T01:15:00+00:00,KRW-B3,B,0.11806,6.06
2026-06-14T01:30:00+00:00,KRW-AKT,B,0.0161,4.48
2026-06-14T01:30:00+00:00,KRW-B3,A,-0.06936,6.08
2026-06-14T02:00:00+00:00,KRW-TAO,B,0.02167,3.51
2026-06-14T03:15:00+00:00,KRW-MEGA,B,0.00109,11.61
2026-06-14T04:30:00+00:00,KRW-SKR,B,0.01399,3.35
2026-06-14T04:30:00+00:00,KRW-TAO,A,-0.01387,6.8
2026-06-14T04:30:00+00:00,KRW-ZKP,B,0.02789,16.21
2026-06-14T05:00:00+00:00,KRW-ZKP,A,-0.01683,14.65
2026-06-14T06:00:00+00:00,KRW-SKR,A,-0.02027,2.12
2026-06-14T07:30:00+00:00,KRW-B3,B,0.02075,3.53
2026-06-14T07:45:00+00:00,KRW-MEGA,B,0.04231,10.26
2026-06-14T08:00:00+00:00,KRW-MEGA,A,-0.02178,6.82
2026-06-14T08:15:00+00:00,KRW-CRO,B,0.01292,3.19
2026-06-14T08:15:00+00:00,KRW-XPL,B,0.0303,6.48
2026-06-14T08:30:00+00:00,KRW-KAITO,A,-0.01412,13.46
2026-06-14T08:30:00+00:00,KRW-ZKP,B,0.00104,3.63
2026-06-14T08:45:00+00:00,KRW-KAITO,B,0.01576,8.44
2026-06-14T08:45:00+00:00,KRW-ZIL,B,0.00413,3.25
2026-06-14T09:00:00+00:00,KRW-RED,B,0.02759,10.21
2026-06-14T09:00:00+00:00,KRW-ZKP,A,-0.02396,7.32
2026-06-14T09:15:00+00:00,KRW-RED,A,-0.02685,6.79
2026-06-14T09:30:00+00:00,KRW-KAT,B,0.0075,12.91
2026-06-14T09:30:00+00:00,KRW-SKR,B,0.08054,63.86
2026-06-14T11:00:00+00:00,KRW-MIRA,B,0.01439,8.92
2026-06-14T11:00:00+00:00,KRW-SKR,A,-0.04678,41.63
2026-06-14T11:45:00+00:00,KRW-ATOM,B,0.00754,6.06
2026-06-14T12:00:00+00:00,KRW-G,B,0.02088,21.95
2026-06-14T12:15:00+00:00,KRW-BIGTIME,B,0.02941,8.59
2026-06-14T12:15:00+00:00,KRW-WLFI,B,0.01914,4.7
2026-06-14T12:30:00+00:00,KRW-MEGA,B,0.00433,3.83
2026-06-14T12:30:00+00:00,KRW-MIRA,A,-0.01363,41.96
2026-06-14T12:45:00+00:00,KRW-B3,B,0.05402,5.9
2026-06-14T12:45:00+00:00,KRW-G,A,-0.01357,11.92
2026-06-14T12:45:00+00:00,KRW-ZKP,B,0.01596,6.04
2026-06-14T13:15:00+00:00,KRW-BIGTIME,A,-0.02113,24.33
2026-06-14T13:30:00+00:00,KRW-FLOCK,A,-0.0176,4.14
2026-06-14T14:15:00+00:00,KRW-CHIP,B,0.00368,3.95
2026-06-14T14:15:00+00:00,KRW-PYTH,B,0.01695,5.74
2026-06-14T14:30:00+00:00,KRW-CHIP,A,-0.0422,3.82
2026-06-14T14:30:00+00:00,KRW-ZKP,A,-0.01448,4.91
2026-06-14T21:15:00+00:00,KRW-PEPE,B,0.01422,3.9
2026-06-14T21:45:00+00:00,KRW-AKT,B,0.00915,3.87
2026-06-14T21:45:00+00:00,KRW-AVAX,B,0.00496,3.21
2026-06-14T21:45:00+00:00,KRW-DOT,B,0.00067,4.29
2026-06-14T21:45:00+00:00,KRW-SKR,B,0.01379,5.57
2026-06-14T23:30:00+00:00,KRW-CHIP,B,0.01079,3.44
2026-06-15T00:00:00+00:00,KRW-B3,B,0.09081,12.26
2026-06-15T00:00:00+00:00,KRW-BONK,B,0.0057,7.41
2026-06-15T00:00:00+00:00,KRW-DATA,B,0.01094,3.34
2026-06-15T00:00:00+00:00,KRW-DOOD,B,0.02033,13.29
2026-06-15T00:00:00+00:00,KRW-G,A,-0.01166,1.49
2026-06-15T00:00:00+00:00,KRW-MIRA,A,-0.02123,2.21
2026-06-15T00:30:00+00:00,KRW-B3,A,-0.02926,5.72
2026-06-15T00:30:00+00:00,KRW-ZKP,B,0.03075,3.41
2026-06-15T00:45:00+00:00,KRW-XEC,B,0.00959,3.4
2026-06-15T01:15:00+00:00,KRW-ATOM,B,0.00168,4.2
2026-06-15T01:45:00+00:00,KRW-TAO,B,0.01248,3.43
2026-06-15T02:00:00+00:00,KRW-AVAX,B,0.00397,3.18
2026-06-15T02:00:00+00:00,KRW-SPK,B,0.01929,5.71
2026-06-15T02:00:00+00:00,KRW-ZIL,B,0.00612,5.39
2026-06-15T02:15:00+00:00,KRW-ONT,B,0.02094,3.04
2026-06-15T02:30:00+00:00,KRW-GAS,B,0.00802,3.29
2026-06-15T02:45:00+00:00,KRW-ONT,A,-0.02833,11.0
2026-06-15T03:00:00+00:00,KRW-ZRO,B,0.02343,3.21
2026-06-15T04:00:00+00:00,KRW-MEGA,B,0.01471,3.13
2026-06-15T05:30:00+00:00,KRW-ZRO,A,-0.01429,3.12
2026-06-15T05:45:00+00:00,KRW-CHIP,B,0.04992,5.51
2026-06-15T06:00:00+00:00,KRW-PLUME,B,0.00602,3.06
2026-06-15T06:15:00+00:00,KRW-TAO,B,0.01929,10.98
2026-06-15T06:45:00+00:00,KRW-VANA,B,0.02857,3.29
2026-06-15T07:00:00+00:00,KRW-CHIP,A,-0.02481,7.9
2026-06-15T07:15:00+00:00,KRW-MET2,B,0.02299,3.32
2026-06-15T07:15:00+00:00,KRW-VANA,A,-0.00734,4.18
2026-06-15T08:00:00+00:00,KRW-MET2,A,-0.04839,18.6
2026-06-15T08:15:00+00:00,KRW-MEGA,B,0.02833,4.07
2026-06-15T08:30:00+00:00,KRW-TAO,A,-0.0366,22.18
2026-06-15T09:00:00+00:00,KRW-ATH,B,0.04206,4.83
2026-06-15T09:15:00+00:00,KRW-AAVE,A,-0.00731,4.66
2026-06-15T10:00:00+00:00,KRW-AAVE,B,0.01273,4.41
2026-06-15T10:45:00+00:00,KRW-PENGU,B,0.01923,5.68
2026-06-15T10:45:00+00:00,KRW-PEPE,B,0.00915,5.14
2026-06-15T10:45:00+00:00,KRW-ZRO,B,0.03427,6.93
2026-06-15T11:15:00+00:00,KRW-AVAX,B,0.01067,4.5
2026-06-15T11:15:00+00:00,KRW-BONK,B,0.01264,3.89
2026-06-15T11:15:00+00:00,KRW-ESP,B,0.0087,3.7
2026-06-15T11:15:00+00:00,KRW-LINK,B,0.012,3.23
2026-06-15T11:45:00+00:00,KRW-BCH,B,0.01032,5.63
2026-06-15T12:00:00+00:00,KRW-BSV,B,0.0192,7.04
2026-06-15T12:15:00+00:00,KRW-TAO,B,0.01093,8.68
2026-06-15T12:30:00+00:00,KRW-ALGO,B,0.00694,3.78
2026-06-15T12:30:00+00:00,KRW-TAO,A,-0.01058,4.7
2026-06-15T12:45:00+00:00,KRW-DATA,B,0.03609,3.79
2026-06-15T13:15:00+00:00,KRW-APT,B,0.01326,4.04
2026-06-15T13:15:00+00:00,KRW-ETC,B,0.00893,3.12
2026-06-15T13:15:00+00:00,KRW-SUI,B,0.00975,4.44
2026-06-15T13:30:00+00:00,KRW-ATOM,A,-0.00691,5.88
2026-06-15T13:30:00+00:00,KRW-ZRO,A,-0.01387,11.98
2026-06-15T14:00:00+00:00,KRW-BONK,A,-0.0105,5.09
2026-06-15T14:00:00+00:00,KRW-BSV,A,-0.01108,3.64
2026-06-15T14:00:00+00:00,KRW-JTO,B,0.07229,19.81
2026-06-15T14:15:00+00:00,KRW-AAVE,B,0.01687,5.16
2026-06-15T14:45:00+00:00,KRW-XEC,B,0.00925,8.21
2026-06-15T14:45:00+00:00,KRW-ZRO,B,0.00167,7.09
2026-06-15T15:00:00+00:00,KRW-MEGA,B,0.03484,3.75
2026-06-15T15:15:00+00:00,KRW-JTO,A,-0.03519,12.74
2026-06-15T15:30:00+00:00,KRW-BONK,B,0.00536,4.91
2026-06-15T15:45:00+00:00,KRW-LINK,B,0.00942,3.49
2026-06-15T16:00:00+00:00,KRW-JUP,A,-0.01325,4.39
2026-06-15T16:00:00+00:00,KRW-PENDLE,B,0.00562,3.34
2026-06-15T16:30:00+00:00,KRW-ENS,A,-0.03081,2.12
2026-06-15T18:30:00+00:00,KRW-JTO,B,0.04021,4.39
2026-06-15T19:15:00+00:00,KRW-PEPE,A,-0.01319,7.98
2026-06-15T21:45:00+00:00,KRW-UNI,B,0.01188,3.19
2026-06-15T22:45:00+00:00,KRW-JTO,B,0.01534,3.04
2026-06-15T23:15:00+00:00,KRW-JTO,A,-0.02539,4.78
2026-06-15T23:15:00+00:00,KRW-ZRO,B,0.02473,3.41
2026-06-15T23:30:00+00:00,KRW-PEPE,B,0.00455,3.12
2026-06-16T00:00:00+00:00,KRW-B3,B,0.03583,6.11
2026-06-16T00:00:00+00:00,KRW-MIRA,B,0.10938,28.92
2026-06-16T00:00:00+00:00,KRW-TREE,B,0.01826,3.56
2026-06-16T00:15:00+00:00,KRW-MIRA,A,-0.09209,25.81
2026-06-16T01:15:00+00:00,KRW-UNI,A,-0.02644,45.15
2026-06-16T01:30:00+00:00,KRW-WAVES,B,0.04762,10.83
2026-06-16T02:15:00+00:00,KRW-PIEVERSE,B,0.00091,4.87
2026-06-16T02:15:00+00:00,KRW-WAVES,A,-0.02096,5.36
2026-06-16T03:00:00+00:00,KRW-XEC,A,-0.00591,4.96
2026-06-16T03:15:00+00:00,KRW-JTO,B,0.03902,8.45
2026-06-16T03:15:00+00:00,KRW-UNI,B,0.005,8.0
2026-06-16T03:45:00+00:00,KRW-JTO,A,-0.0258,5.75
2026-06-16T03:45:00+00:00,KRW-XPL,B,0.02817,3.64
2026-06-16T05:00:00+00:00,KRW-JUP,B,0.02431,5.46
2026-06-16T06:30:00+00:00,KRW-UNI,A,-0.00862,9.33
2026-06-16T07:30:00+00:00,KRW-AVAX,B,0.00386,3.57
2026-06-16T07:45:00+00:00,KRW-UNI,B,0.00766,3.17
2026-06-16T07:45:00+00:00,KRW-WLFI,B,0.01545,4.17
2026-06-16T07:45:00+00:00,KRW-XPL,B,0.01379,3.75
2026-06-16T08:15:00+00:00,KRW-LAYER,B,0.00943,3.61
2026-06-16T08:45:00+00:00,KRW-XAUT,B,0.00185,3.74
2026-06-16T09:00:00+00:00,KRW-DATA,B,0.00844,3.96
2026-06-16T09:30:00+00:00,KRW-JTO,B,0.01498,3.49
2026-06-16T10:30:00+00:00,KRW-JTO,A,-0.0192,4.94
2026-06-16T12:00:00+00:00,KRW-ZIL,B,0.00811,3.4
2026-06-16T12:00:00+00:00,KRW-ZRO,B,0.01462,3.72
2026-06-16T12:30:00+00:00,KRW-UNI,B,0.00132,10.17
2026-06-16T13:00:00+00:00,KRW-MMT,B,0.02427,4.16
2026-06-16T13:00:00+00:00,KRW-UNI,A,-0.01128,11.61
2026-06-16T13:30:00+00:00,KRW-JTO,B,0.00386,7.79
2026-06-16T14:30:00+00:00,KRW-JTO,A,-0.02804,6.88
2026-06-16T14:45:00+00:00,KRW-ZBT,B,0.00549,3.15
2026-06-16T17:15:00+00:00,KRW-UNI,B,0.00428,5.96
2026-06-16T18:30:00+00:00,KRW-XEC,A,-0.00925,5.69
2026-06-16T19:00:00+00:00,KRW-UNI,A,-0.02055,10.94
2026-06-16T21:45:00+00:00,KRW-UNI,B,0.00862,4.42
2026-06-17T00:00:00+00:00,KRW-B3,B,0.04476,7.97
2026-06-17T00:00:00+00:00,KRW-CHIP,B,0.01862,4.73
2026-06-17T00:00:00+00:00,KRW-ELSA,B,0.07972,20.08
2026-06-17T00:00:00+00:00,KRW-JUP,B,0.02062,14.62
2026-06-17T00:00:00+00:00,KRW-WAVES,A,-0.02018,10.38
2026-06-17T00:15:00+00:00,KRW-BIRB,B,0.00885,4.68
2026-06-17T00:15:00+00:00,KRW-JUP,A,-0.01347,9.22
2026-06-17T00:15:00+00:00,KRW-PENDLE,B,0.01268,8.1
2026-06-17T00:30:00+00:00,KRW-AAVE,B,0.007,7.52
2026-06-17T00:30:00+00:00,KRW-B3,A,-0.04284,5.11
2026-06-17T00:30:00+00:00,KRW-OPEN,B,0.032,3.2
2026-06-17T00:45:00+00:00,KRW-MEGA,B,0.01454,4.54
2026-06-17T01:00:00+00:00,KRW-ELSA,A,-0.0338,24.73
2026-06-17T01:00:00+00:00,KRW-FLOCK,A,-0.01603,3.33
2026-06-17T01:15:00+00:00,KRW-ID,B,0.03753,3.64
2026-06-17T01:45:00+00:00,KRW-ARB,B,0.00758,4.39
2026-06-17T01:45:00+00:00,KRW-DOT,B,0.00716,6.58
2026-06-17T01:45:00+00:00,KRW-UNI,B,0.00384,8.26
2026-06-17T02:30:00+00:00,KRW-UNI,A,-0.01766,11.35
2026-06-17T03:15:00+00:00,KRW-AKT,B,0.03651,4.52
2026-06-17T05:15:00+00:00,KRW-BIO,B,0.03024,10.48
2026-06-17T05:15:00+00:00,KRW-ELSA,A,-0.0144,2.72
2026-06-17T06:00:00+00:00,KRW-UNI,B,0.0237,11.02
2026-06-17T06:45:00+00:00,KRW-ALGO,A,-0.01351,4.35
2026-06-17T06:45:00+00:00,KRW-POL,B,0.0087,5.81
2026-06-17T07:45:00+00:00,KRW-PENDLE,B,0.01316,11.1
2026-06-17T07:45:00+00:00,KRW-UNI,A,-0.01264,11.33
2026-06-17T08:00:00+00:00,KRW-PENDLE,A,-0.01126,6.8
2026-06-17T08:15:00+00:00,KRW-ELSA,B,0.01348,4.18
2026-06-17T08:15:00+00:00,KRW-ID,B,0.09787,6.09
2026-06-17T09:15:00+00:00,KRW-BIO,A,-0.02303,8.43
2026-06-17T09:30:00+00:00,KRW-ZAMA,B,0.01134,3.71
2026-06-17T09:45:00+00:00,KRW-BIO,B,0.02344,3.76
2026-06-17T09:45:00+00:00,KRW-HOLO,B,0.02913,3.08
2026-06-17T10:15:00+00:00,KRW-UNI,B,0.00366,3.33
2026-06-17T11:45:00+00:00,KRW-UNI,A,-0.028,25.26
2026-06-17T12:15:00+00:00,KRW-WLFI,B,0.01205,4.21
2026-06-17T12:15:00+00:00,KRW-XPL,B,0.06207,7.76
2026-06-17T12:15:00+00:00,KRW-ZAMA,A,-0.02186,5.52
2026-06-17T14:45:00+00:00,KRW-UNI,B,0.01267,3.91
2026-06-17T14:45:00+00:00,KRW-XPL,A,-0.02286,8.92
2026-06-17T15:15:00+00:00,KRW-APT,B,0.02293,3.26
2026-06-17T15:30:00+00:00,KRW-SPK,A,-0.03642,6.59
2026-06-17T17:15:00+00:00,KRW-XPL,B,0.02907,4.53
2026-06-17T18:00:00+00:00,KRW-ETHFI,A,-0.03175,4.3
2026-06-17T18:15:00+00:00,KRW-ETHFI,B,0.01093,5.28
2026-06-17T21:00:00+00:00,KRW-UNI,B,0.00244,3.56
2026-06-17T22:00:00+00:00,KRW-XAUT,B,0.00203,6.76
2026-06-17T22:15:00+00:00,KRW-ETHFI,B,0.00351,3.62
2026-06-17T23:00:00+00:00,KRW-XPL,B,0.02994,3.55
2026-06-17T23:15:00+00:00,KRW-JUP,B,0.00704,3.14
2026-06-18T00:00:00+00:00,KRW-AKT,B,0.01593,3.2
2026-06-18T00:00:00+00:00,KRW-ELSA,B,0.02604,9.22
2026-06-18T00:00:00+00:00,KRW-TRAC,B,0.08969,4.14
2026-06-18T00:15:00+00:00,KRW-ID,B,0.03067,3.22
2026-06-18T00:30:00+00:00,KRW-ELSA,A,-0.07152,8.72
2026-06-18T00:30:00+00:00,KRW-MEGA,B,0.03995,7.32
2026-06-18T00:45:00+00:00,KRW-SAHARA,B,0.04566,5.36
2026-06-18T02:30:00+00:00,KRW-UNI,B,0.00363,4.0
2026-06-18T03:15:00+00:00,KRW-VANA,A,-0.0114,4.63
2026-06-18T03:30:00+00:00,KRW-GAS,A,-0.00818,2.7
2026-06-18T04:00:00+00:00,KRW-APT,A,-0.01411,3.91
2026-06-18T04:00:00+00:00,KRW-KAT,B,0.01839,7.59
2026-06-18T04:00:00+00:00,KRW-MEGA,A,-0.04807,11.42
2026-06-18T04:00:00+00:00,KRW-TREE,B,0.03305,11.44
2026-06-18T04:00:00+00:00,KRW-ZKP,B,0.04403,11.83
2026-06-18T04:15:00+00:00,KRW-ZKP,A,-0.05771,7.22
2026-06-18T04:30:00+00:00,KRW-TREE,A,-0.04677,14.69
2026-06-18T04:45:00+00:00,KRW-BLEND,B,0.04162,3.14
2026-06-18T04:45:00+00:00,KRW-MEGA,B,0.01818,6.13
2026-06-18T05:00:00+00:00,KRW-AVAX,A,-0.00651,5.91
2026-06-18T06:00:00+00:00,KRW-ETHFI,A,-0.02439,5.77
2026-06-18T06:30:00+00:00,KRW-ETHFI,B,0.01734,3.08
2026-06-18T06:45:00+00:00,KRW-ZBT,B,0.01951,3.3
2026-06-18T08:15:00+00:00,KRW-BIO,B,0.02198,8.8
2026-06-18T10:15:00+00:00,KRW-MEGA,B,0.02775,3.32
2026-06-18T10:30:00+00:00,KRW-ARB,B,0.00787,3.76
2026-06-18T10:30:00+00:00,KRW-BIO,A,-0.01389,4.48
2026-06-18T14:00:00+00:00,KRW-ALGO,B,0.01325,3.73
2026-06-18T15:15:00+00:00,KRW-AVAX,A,-0.02934,9.75
2026-06-18T15:30:00+00:00,KRW-APT,A,-0.01351,4.6
2026-06-18T15:30:00+00:00,KRW-BCH,A,-0.03983,4.77
2026-06-18T15:30:00+00:00,KRW-PENDLE,A,-0.0258,5.98
2026-06-18T15:30:00+00:00,KRW-PEPE,A,-0.00935,8.49
2026-06-18T16:00:00+00:00,KRW-AVAX,B,0.01055,3.2
2026-06-18T19:45:00+00:00,KRW-ATOM,B,0.00849,3.06
2026-06-19T00:00:00+00:00,KRW-BLEND,B,0.1019,12.98
2026-06-19T00:00:00+00:00,KRW-MEGA,B,0.00318,3.35
2026-06-19T00:00:00+00:00,KRW-UP2,B,0.04492,3.56
2026-06-19T00:00:00+00:00,KRW-ZIL,B,0.0021,74.13
2026-06-19T00:15:00+00:00,KRW-DATA,B,0.00885,4.18
2026-06-19T01:00:00+00:00,KRW-MET2,B,0.02381,3.3
2026-06-19T02:30:00+00:00,KRW-MET2,A,-0.01508,27.3
2026-06-19T03:15:00+00:00,KRW-AVAX,A,-0.00742,11.42
2026-06-19T05:00:00+00:00,KRW-MET2,B,0.01554,29.41
2026-06-19T06:45:00+00:00,KRW-HYPER,B,0.02459,7.55
2026-06-19T07:15:00+00:00,KRW-MET2,A,-0.01508,9.71
2026-06-19T07:45:00+00:00,KRW-HYPER,A,-0.016,5.8
2026-06-19T09:15:00+00:00,KRW-MET2,B,0.0163,8.38
2026-06-19T09:45:00+00:00,KRW-BLEND,B,0.03632,5.3
2026-06-19T10:45:00+00:00,KRW-PUMP,B,0.00485,3.34
2026-06-19T11:00:00+00:00,KRW-DOOD,B,0.02632,4.39
2026-06-19T11:00:00+00:00,KRW-WAVES,B,0.07466,10.89
2026-06-19T11:15:00+00:00,KRW-DOOD,A,-0.00855,12.17
2026-06-19T11:15:00+00:00,KRW-WAVES,A,-0.02947,6.4
2026-06-19T11:45:00+00:00,KRW-KAITO,B,0.00917,19.42
2026-06-19T11:45:00+00:00,KRW-MET2,A,-0.01579,6.92
2026-06-19T12:00:00+00:00,KRW-KAITO,A,-0.01169,14.35
2026-06-19T12:15:00+00:00,KRW-TRX,B,0.00205,3.08
2026-06-19T12:45:00+00:00,KRW-ETHFI,B,0.01566,3.02
2026-06-19T13:15:00+00:00,KRW-TRX,A,-0.0041,4.23
2026-06-19T13:15:00+00:00,KRW-VANA,A,-0.00621,7.9
2026-06-19T13:45:00+00:00,KRW-MET2,B,0.06667,31.67
2026-06-19T14:15:00+00:00,KRW-BLEND,B,0.01739,15.37
2026-06-19T14:15:00+00:00,KRW-HYPER,A,-0.01613,43.14
2026-06-19T14:15:00+00:00,KRW-VANA,B,0.01697,18.02
2026-06-19T16:00:00+00:00,KRW-MET2,A,-0.0199,15.42
2026-06-19T17:00:00+00:00,KRW-ELSA,A,-0.05159,6.26
2026-06-19T17:45:00+00:00,KRW-MET2,B,0.02415,9.69
2026-06-19T18:00:00+00:00,KRW-ETC,B,0.00869,3.4
2026-06-19T18:30:00+00:00,KRW-AVAX,A,-0.02494,20.78
2026-06-19T18:45:00+00:00,KRW-AVAX,B,0.01592,8.36
2026-06-19T21:00:00+00:00,KRW-MET2,A,-0.01415,3.59
2026-06-19T22:45:00+00:00,KRW-MET2,B,0.00476,3.36
2026-06-19T23:30:00+00:00,KRW-POL,B,0.00826,4.13
2026-06-20T00:00:00+00:00,KRW-KAT,B,0.11614,57.42
2026-06-20T00:00:00+00:00,KRW-MEGA,B,0.03584,7.49
2026-06-20T00:00:00+00:00,KRW-TREE,B,0.03571,12.22
2026-06-20T00:00:00+00:00,KRW-UP2,B,0.01059,3.15
2026-06-20T00:15:00+00:00,KRW-KAT,A,-0.01249,19.84
2026-06-20T00:30:00+00:00,KRW-DATA,B,0.00216,3.59
2026-06-20T00:30:00+00:00,KRW-G,A,-0.01716,1.53
2026-06-20T00:30:00+00:00,KRW-MEGA,A,-0.0375,4.81
2026-06-20T00:30:00+00:00,KRW-TREE,A,-0.02046,22.82
2026-06-20T00:45:00+00:00,KRW-AXS,B,0.01759,43.57
2026-06-20T01:00:00+00:00,KRW-MET2,A,-0.02174,18.68
2026-06-20T01:00:00+00:00,KRW-SAND,B,0.01287,3.58
2026-06-20T01:15:00+00:00,KRW-ENSO,B,0.02522,6.39
2026-06-20T02:15:00+00:00,KRW-AXS,A,-0.00756,17.4
2026-06-20T02:15:00+00:00,KRW-ENS,A,-0.0218,1.45
2026-06-20T02:30:00+00:00,KRW-ENSO,A,-0.01442,3.46
2026-06-20T02:45:00+00:00,KRW-MET2,B,0.01316,7.72
2026-06-20T03:30:00+00:00,KRW-ENS,B,0.01075,3.07
2026-06-20T04:15:00+00:00,KRW-PENGU,B,0.02,3.05
2026-06-20T04:15:00+00:00,KRW-SAND,A,-0.00963,29.45
2026-06-20T04:45:00+00:00,KRW-AXS,B,0.03324,12.72
2026-06-20T05:00:00+00:00,KRW-SAND,B,0.0131,20.61
2026-06-20T05:45:00+00:00,KRW-MET2,A,-0.02252,3.81
2026-06-20T06:00:00+00:00,KRW-POL,B,0.01613,3.31
2026-06-20T06:45:00+00:00,KRW-AVAX,A,-0.00992,11.38
2026-06-20T07:00:00+00:00,KRW-AVAX,B,0.01336,9.47
2026-06-20T07:00:00+00:00,KRW-AXS,A,-0.01439,11.61
2026-06-20T07:00:00+00:00,KRW-MET2,B,0.0274,6.11
2026-06-20T08:45:00+00:00,KRW-AXS,B,0.0088,6.64
2026-06-20T09:00:00+00:00,KRW-SAND,B,0.02241,25.83
2026-06-20T10:00:00+00:00,KRW-BERA,B,0.02663,3.77
2026-06-20T10:00:00+00:00,KRW-CC,A,-0.02155,6.57
2026-06-20T10:15:00+00:00,KRW-SAND,A,-0.01481,9.32
2026-06-20T10:45:00+00:00,KRW-RED,B,0.01807,4.46
2026-06-20T11:00:00+00:00,KRW-AVAX,A,-0.0101,4.41
2026-06-20T11:45:00+00:00,KRW-AXS,A,-0.03337,36.21
2026-06-20T12:15:00+00:00,KRW-W,B,0.02532,7.8
2026-06-20T12:30:00+00:00,KRW-MET2,B,0.03111,4.36
2026-06-20T12:30:00+00:00,KRW-W,A,-0.02469,6.28
2026-06-20T12:45:00+00:00,KRW-MET2,A,-0.02155,3.28
2026-06-20T13:00:00+00:00,KRW-AXS,B,0.00813,10.33
2026-06-20T13:00:00+00:00,KRW-SAND,B,0.01157,9.5
2026-06-20T13:30:00+00:00,KRW-AVAX,B,0.01203,4.07
2026-06-20T14:00:00+00:00,KRW-ETC,A,-0.00788,3.47
2026-06-20T14:15:00+00:00,KRW-POL,B,0.00826,4.98
2026-06-20T14:30:00+00:00,KRW-JUP,B,0.01993,4.97
2026-06-20T15:15:00+00:00,KRW-LSK,B,0.02222,3.55
2026-06-20T15:15:00+00:00,KRW-XEC,B,0.01585,4.04
2026-06-20T15:30:00+00:00,KRW-SAND,A,-0.00966,24.55
2026-06-20T16:15:00+00:00,KRW-DATA,A,-0.01653,6.25
2026-06-20T17:00:00+00:00,KRW-AXS,B,0.00957,10.97
2026-06-20T17:15:00+00:00,KRW-SAND,B,0.03536,12.36
2026-06-20T17:45:00+00:00,KRW-AXS,A,-0.01455,2.78
2026-06-20T20:00:00+00:00,KRW-SAND,A,-0.01532,5.34
2026-06-20T21:30:00+00:00,KRW-AXS,B,0.02269,4.12
2026-06-20T22:00:00+00:00,KRW-JUP,B,0.01597,3.06
2026-06-20T22:15:00+00:00,KRW-AXS,A,-0.01087,9.78
2026-06-20T23:15:00+00:00,KRW-SAND,B,0.01545,6.05
2026-06-20T23:30:00+00:00,KRW-KAT,B,0.00802,3.07
2026-06-20T23:45:00+00:00,KRW-MET2,B,0.02966,5.55
2026-06-21T00:00:00+00:00,KRW-B3,B,0.04454,5.66
2026-06-21T00:00:00+00:00,KRW-SPK,B,0.02308,4.49
2026-06-21T00:00:00+00:00,KRW-WAVES,B,0.04513,6.99
2026-06-21T00:15:00+00:00,KRW-ENSO,B,0.04673,12.36
2026-06-21T00:15:00+00:00,KRW-KAT,A,-0.01708,4.92
2026-06-21T00:15:00+00:00,KRW-MET2,A,-0.01992,11.44
2026-06-21T00:30:00+00:00,KRW-ENSO,A,-0.00992,17.15
2026-06-21T01:00:00+00:00,KRW-APT,B,0.00407,3.96
2026-06-21T01:15:00+00:00,KRW-BONK,A,-0.00716,7.62
2026-06-21T01:15:00+00:00,KRW-SAND,A,-0.02804,10.9
2026-06-21T01:45:00+00:00,KRW-AXS,B,0.00108,3.73
2026-06-21T02:15:00+00:00,KRW-JUP,B,0.00302,4.05
2026-06-21T03:00:00+00:00,KRW-CHIP,B,0.03004,3.23
2026-06-21T03:15:00+00:00,KRW-CHIP,A,-0.02916,4.46
2026-06-21T03:15:00+00:00,KRW-JTO,B,0.02919,3.27
2026-06-21T03:30:00+00:00,KRW-MEGA,B,0.00353,4.0
2026-06-21T04:15:00+00:00,KRW-TAO,B,0.00912,3.07
2026-06-21T04:30:00+00:00,KRW-PENDLE,B,0.019,4.43
2026-06-21T04:45:00+00:00,KRW-MET2,B,0.02734,3.99
2026-06-21T04:45:00+00:00,KRW-SPK,B,0.01538,4.21
2026-06-21T05:45:00+00:00,KRW-AXS,A,-0.02547,5.73
2026-06-21T05:45:00+00:00,KRW-MET2,A,-0.03321,7.94
2026-06-21T05:45:00+00:00,KRW-WAVES,B,0.10917,13.8
2026-06-21T06:00:00+00:00,KRW-MMT,B,0.01646,10.83
2026-06-21T06:00:00+00:00,KRW-WAVES,A,-0.02756,15.1
2026-06-21T06:30:00+00:00,KRW-MMT,A,-0.02033,5.4
2026-06-21T06:30:00+00:00,KRW-W,B,0.02469,4.45
2026-06-21T06:45:00+00:00,KRW-MANTRA,B,0.06087,10.21
2026-06-21T06:45:00+00:00,KRW-W,A,-0.0241,6.15
2026-06-21T07:00:00+00:00,KRW-MANTRA,A,-0.03279,3.39
2026-06-21T07:15:00+00:00,KRW-JUP,B,0.01242,3.18
2026-06-21T08:00:00+00:00,KRW-PUMP,B,0.01345,9.47
2026-06-21T10:45:00+00:00,KRW-MMT,B,0.10204,27.46
2026-06-21T11:00:00+00:00,KRW-DATA,B,0.01,5.18
2026-06-21T11:00:00+00:00,KRW-MMT,A,-0.02963,15.63
2026-06-21T11:00:00+00:00,KRW-W,B,0.02381,3.28
2026-06-21T11:15:00+00:00,KRW-DATA,A,-0.01188,3.86
2026-06-21T11:30:00+00:00,KRW-SOON,B,0.03745,3.51
2026-06-21T12:00:00+00:00,KRW-MET2,B,0.04906,11.07
2026-06-21T12:15:00+00:00,KRW-MET2,A,-0.03597,4.53
2026-06-21T12:15:00+00:00,KRW-TRUMP,B,0.05102,8.76
2026-06-21T12:15:00+00:00,KRW-W,A,-0.04046,7.03
2026-06-21T12:30:00+00:00,KRW-TRUMP,A,-0.01774,12.35
2026-06-21T14:00:00+00:00,KRW-ID,B,0.10227,3.56
2026-06-21T14:00:00+00:00,KRW-JUP,B,0.00592,6.96
2026-06-21T16:00:00+00:00,KRW-W,B,0.02959,6.88
2026-06-21T19:15:00+00:00,KRW-SPK,B,0.01818,3.42
2026-06-21T21:00:00+00:00,KRW-BSV,A,-0.00504,2.49
2026-06-21T22:15:00+00:00,KRW-W,B,0.00575,3.02
2026-06-22T00:00:00+00:00,KRW-BLEND,B,0.04353,13.76
2026-06-22T00:00:00+00:00,KRW-DATA,A,-0.02273,4.79
2026-06-22T00:00:00+00:00,KRW-STORJ,B,0.0087,4.34
2026-06-22T00:00:00+00:00,KRW-WAVES,B,0.01961,7.31
2026-06-22T00:15:00+00:00,KRW-AXS,B,0.03392,7.04
2026-06-22T00:15:00+00:00,KRW-BORA,B,0.00266,4.09
2026-06-22T00:15:00+00:00,KRW-SPK,B,0.01852,14.78
2026-06-22T00:15:00+00:00,KRW-WAVES,A,-0.06838,7.89
2026-06-22T00:30:00+00:00,KRW-AXS,A,-0.03038,7.81
2026-06-22T00:45:00+00:00,KRW-ID,B,0.00835,3.06
2026-06-22T00:45:00+00:00,KRW-MET2,B,0.01181,7.31
2026-06-22T01:00:00+00:00,KRW-SPK,A,-0.02158,22.29
2026-06-22T01:15:00+00:00,KRW-APT,B,0.00895,3.16
2026-06-22T01:15:00+00:00,KRW-PUMP,B,0.02655,13.16
2026-06-22T02:45:00+00:00,KRW-HYPER,B,0.05085,4.15
2026-06-22T03:30:00+00:00,KRW-DOOD,B,0.02439,3.78
2026-06-22T03:45:00+00:00,KRW-DOOD,A,-0.04365,8.24
2026-06-22T04:15:00+00:00,KRW-JTO,A,-0.01731,5.58
2026-06-22T04:30:00+00:00,KRW-BLEND,B,0.025,3.22
2026-06-22T04:45:00+00:00,KRW-ID,A,-0.06463,6.88
2026-06-22T05:45:00+00:00,KRW-ID,B,0.02698,3.74
2026-06-22T06:30:00+00:00,KRW-DEEP,B,0.0081,3.02
2026-06-22T07:15:00+00:00,KRW-APT,B,0.00493,3.01
2026-06-22T09:00:00+00:00,KRW-PYTH,B,0.03565,13.17
2026-06-22T09:15:00+00:00,KRW-PYTH,A,-0.01205,4.99
2026-06-22T09:30:00+00:00,KRW-W,B,0.0339,4.45
2026-06-22T10:30:00+00:00,KRW-LAYER,B,0.14953,57.59
2026-06-22T10:45:00+00:00,KRW-HYPER,B,0.01587,6.32
2026-06-22T11:00:00+00:00,KRW-ME,B,0.02538,3.05
2026-06-22T11:30:00+00:00,KRW-SUI,B,0.01473,3.63
2026-06-22T11:45:00+00:00,KRW-DEEP,B,0.0119,4.57
2026-06-22T11:45:00+00:00,KRW-W,A,-0.01554,9.96
2026-06-22T12:00:00+00:00,KRW-0G,B,0.04208,6.32
2026-06-22T12:00:00+00:00,KRW-LAYER,A,-0.0458,27.15
2026-06-22T12:00:00+00:00,KRW-RED,A,-0.01734,24.75
2026-06-22T12:30:00+00:00,KRW-0G,A,-0.01655,1.63
2026-06-22T12:45:00+00:00,KRW-CRO,B,0.00559,6.85
2026-06-22T12:45:00+00:00,KRW-ZRO,B,0.03868,3.26
2026-06-22T14:00:00+00:00,KRW-SEI,A,-0.01296,5.24
2026-06-22T14:15:00+00:00,KRW-MMT,B,0.03358,8.65
2026-06-22T14:30:00+00:00,KRW-JUP,A,-0.02201,5.79
2026-06-22T15:00:00+00:00,KRW-ENSO,B,0.01059,8.65
2026-06-22T15:00:00+00:00,KRW-LAYER,B,0.01739,6.03
2026-06-22T20:30:00+00:00,KRW-JUP,B,0.01274,3.13
2026-06-22T22:30:00+00:00,KRW-PUMP,A,-0.01333,12.62
2026-06-22T22:45:00+00:00,KRW-LAYER,B,0.01802,3.2
2026-06-23T00:00:00+00:00,KRW-ENSO,B,0.04016,4.98
2026-06-23T00:00:00+00:00,KRW-ZIL,B,0.00851,110.04
2026-06-23T00:15:00+00:00,KRW-ZIL,A,-0.01266,13.74
2026-06-23T00:30:00+00:00,KRW-ENSO,A,-0.01167,5.2
2026-06-23T00:30:00+00:00,KRW-LAYER,A,-0.01739,2.46
2026-06-23T00:30:00+00:00,KRW-UP2,B,0.01599,3.75
2026-06-23T00:45:00+00:00,KRW-STORJ,B,0.00847,4.32
2026-06-23T01:15:00+00:00,KRW-STORJ,A,-0.01653,10.58
2026-06-23T02:15:00+00:00,KRW-CC,B,0.02643,12.44
2026-06-23T02:30:00+00:00,KRW-MMT,B,0.04262,4.96
2026-06-23T02:45:00+00:00,KRW-LAYER,B,0.03448,4.18
2026-06-23T02:45:00+00:00,KRW-MMT,A,-0.03774,7.02
2026-06-23T03:15:00+00:00,KRW-ID,B,0.08757,5.12
2026-06-23T03:30:00+00:00,KRW-PRL,B,0.12946,7.95
2026-06-23T03:45:00+00:00,KRW-PRL,A,-0.04348,4.65
2026-06-23T05:00:00+00:00,KRW-FLOCK,A,-0.01273,3.3
2026-06-23T05:15:00+00:00,KRW-CC,A,-0.00855,3.59
2026-06-23T05:30:00+00:00,KRW-ELF,B,0.01398,15.6
2026-06-23T05:30:00+00:00,KRW-LAYER,A,-0.02381,5.07
2026-06-23T05:45:00+00:00,KRW-ELF,A,-0.01591,3.86
2026-06-23T06:00:00+00:00,KRW-AWE,B,0.00111,4.22
2026-06-23T06:00:00+00:00,KRW-GAS,B,0.0073,4.19
2026-06-23T06:00:00+00:00,KRW-LSK,B,0.01515,4.4
2026-06-23T06:00:00+00:00,KRW-ZIL,A,-0.00866,3.05
2026-06-23T06:15:00+00:00,KRW-0G,A,-0.02611,1.78
2026-06-23T06:15:00+00:00,KRW-AAVE,A,-0.01639,7.55
2026-06-23T06:15:00+00:00,KRW-AVNT,A,-0.01333,11.26
2026-06-23T06:15:00+00:00,KRW-ENS,A,-0.0081,2.09
2026-06-23T06:15:00+00:00,KRW-GAS,A,-0.02476,8.43
2026-06-23T06:15:00+00:00,KRW-LSK,A,-0.02239,14.65
2026-06-23T06:15:00+00:00,KRW-SHIB,A,-0.00725,4.53
2026-06-23T06:15:00+00:00,KRW-SUI,A,-0.0181,10.64
2026-06-23T06:15:00+00:00,KRW-VANA,A,-0.01027,6.44
2026-06-23T06:30:00+00:00,KRW-APT,B,0.00104,3.59
2026-06-23T06:30:00+00:00,KRW-PENGU,B,0.00103,4.87
2026-06-23T06:30:00+00:00,KRW-RVN,B,0.00166,3.59
2026-06-23T06:30:00+00:00,KRW-ZIL,B,0.00662,3.8
2026-06-23T08:00:00+00:00,KRW-LAYER,B,0.0339,4.89
2026-06-23T08:15:00+00:00,KRW-APT,A,-0.02296,4.24
2026-06-23T08:15:00+00:00,KRW-ARB,A,-0.01681,7.77
2026-06-23T08:15:00+00:00,KRW-AWE,A,-0.0129,3.85
2026-06-23T08:15:00+00:00,KRW-LINK,A,-0.01307,4.5
2026-06-23T08:15:00+00:00,KRW-PENDLE,A,-0.01856,4.93
2026-06-23T08:15:00+00:00,KRW-PENGU,A,-0.01762,3.65
2026-06-23T08:30:00+00:00,KRW-XEC,B,0.00643,3.61
2026-06-23T08:45:00+00:00,KRW-XEC,A,-0.00766,5.19
2026-06-23T09:15:00+00:00,KRW-MMT,B,0.03311,4.44
2026-06-23T10:00:00+00:00,KRW-AWE,B,0.00442,7.85
2026-06-23T10:15:00+00:00,KRW-BORA,B,0.04457,10.03
2026-06-23T10:15:00+00:00,KRW-G,A,-0.01446,1.91
2026-06-23T10:30:00+00:00,KRW-BORA,A,-0.016,8.65
2026-06-23T12:00:00+00:00,KRW-LAYER,A,-0.02542,2.81
2026-06-23T12:15:00+00:00,KRW-ALGO,B,0.02113,5.72
2026-06-23T12:15:00+00:00,KRW-G,B,0.08981,15.18
2026-06-23T12:30:00+00:00,KRW-ARB,B,0.0084,5.26
2026-06-23T12:30:00+00:00,KRW-AWE,A,-0.01157,3.57
2026-06-23T14:45:00+00:00,KRW-G,A,-0.03363,6.39
2026-06-23T15:00:00+00:00,KRW-BORA,B,0.20485,155.76
2026-06-23T15:15:00+00:00,KRW-SNT,B,0.05556,21.9
2026-06-23T15:30:00+00:00,KRW-BORA,A,-0.06889,128.89
2026-06-23T15:30:00+00:00,KRW-SNT,A,-0.01754,13.19
2026-06-23T17:30:00+00:00,KRW-0G,A,-0.01897,3.53
2026-06-23T21:15:00+00:00,KRW-BORA,A,-0.03902,12.56
2026-06-23T22:45:00+00:00,KRW-G,A,-0.02217,1.55
2026-06-23T23:45:00+00:00,KRW-BORA,B,0.01768,3.73
2026-06-24T00:00:00+00:00,KRW-ENSO,B,0.02959,4.06
2026-06-24T00:00:00+00:00,KRW-ID,B,0.04158,3.95
2026-06-24T00:15:00+00:00,KRW-ENSO,A,-0.01784,5.68
2026-06-24T01:15:00+00:00,KRW-BORA,A,-0.17382,37.47
2026-06-24T01:30:00+00:00,KRW-STORJ,B,0.0367,3.95
2026-06-24T02:15:00+00:00,KRW-MMT,A,-0.06985,5.83
2026-06-24T05:45:00+00:00,KRW-AVNT,A,-0.02326,10.79
2026-06-24T06:00:00+00:00,KRW-AVNT,B,0.00595,4.29
2026-06-24T06:00:00+00:00,KRW-G,B,0.10407,8.49
2026-06-24T06:15:00+00:00,KRW-G,A,-0.05123,9.13
2026-06-24T07:45:00+00:00,KRW-SAHARA,B,0.07216,3.41
2026-06-24T08:30:00+00:00,KRW-POL,B,0.0087,4.06
2026-06-24T10:00:00+00:00,KRW-AVNT,B,0.0117,3.57
2026-06-24T10:45:00+00:00,KRW-AAVE,B,0.01166,4.29
2026-06-24T10:45:00+00:00,KRW-SNT,B,0.01754,4.35
2026-06-24T11:00:00+00:00,KRW-JUP,A,-0.01493,5.34
2026-06-24T11:45:00+00:00,KRW-AAVE,A,-0.0129,8.3
2026-06-24T12:00:00+00:00,KRW-G,A,-0.01829,2.15
2026-06-24T12:45:00+00:00,KRW-GAS,B,0.01011,14.04
2026-06-24T12:45:00+00:00,KRW-ONT,B,0.00299,4.26
2026-06-24T13:00:00+00:00,KRW-BORA,A,-0.02604,0.93
2026-06-24T13:15:00+00:00,KRW-AVNT,A,-0.01829,3.78
2026-06-24T13:15:00+00:00,KRW-GAS,A,-0.00885,3.63
2026-06-24T13:15:00+00:00,KRW-MON,A,-0.01007,1.49
2026-06-24T13:30:00+00:00,KRW-ONT,A,-0.00906,1.6
2026-06-24T13:45:00+00:00,KRW-ATH,A,-0.00926,4.81
2026-06-24T14:00:00+00:00,KRW-STX,A,-0.00769,4.82
2026-06-24T14:30:00+00:00,KRW-JUP,B,0.02141,18.04
2026-06-24T14:45:00+00:00,KRW-AAVE,B,0.01304,4.38
2026-06-24T16:00:00+00:00,KRW-ARB,B,0.0087,3.22
2026-06-24T16:00:00+00:00,KRW-BONK,B,0.00157,3.39
2026-06-24T16:15:00+00:00,KRW-DOT,B,0.00299,3.1
2026-06-24T16:30:00+00:00,KRW-JUP,A,-0.01246,4.41
2026-06-24T16:45:00+00:00,KRW-APT,A,-0.01816,4.02
2026-06-24T16:45:00+00:00,KRW-BONK,A,-0.0173,13.54
2026-06-24T16:45:00+00:00,KRW-BSV,A,-0.01605,5.74
2026-06-24T16:45:00+00:00,KRW-DOOD,A,-0.04036,2.57
2026-06-24T16:45:00+00:00,KRW-ENS,A,-0.01311,1.71
2026-06-24T16:45:00+00:00,KRW-ETC,A,-0.00962,3.11
2026-06-24T16:45:00+00:00,KRW-PEPE,A,-0.01309,5.86
2026-06-24T16:45:00+00:00,KRW-SHIB,A,-0.01649,6.8
2026-06-24T16:45:00+00:00,KRW-SUI,A,-0.01072,5.49
2026-06-24T17:15:00+00:00,KRW-PUMP,A,-0.01036,4.22
2026-06-24T17:45:00+00:00,KRW-WLFI,B,0.00695,3.84
2026-06-24T20:00:00+00:00,KRW-AAVE,B,0.00173,4.61
2026-06-24T20:00:00+00:00,KRW-JUP,B,0.03846,3.13
2026-06-24T20:00:00+00:00,KRW-PUMP,B,0.02094,3.06
2026-06-25T00:00:00+00:00,KRW-0G,B,0.03736,5.5
2026-06-25T00:00:00+00:00,KRW-DATA,B,0.00201,5.13
2026-06-25T00:00:00+00:00,KRW-ENSO,B,0.04672,4.59
2026-06-25T00:00:00+00:00,KRW-ID,B,0.06239,3.84
2026-06-25T00:00:00+00:00,KRW-ME,B,0.04053,27.25
2026-06-25T00:00:00+00:00,KRW-TRAC,B,0.03472,4.34
2026-06-25T00:15:00+00:00,KRW-BLEND,B,0.01548,5.95
2026-06-25T00:15:00+00:00,KRW-ENSO,A,-0.03082,4.75
2026-06-25T00:15:00+00:00,KRW-ONT,A,-0.01341,1.65
2026-06-25T00:30:00+00:00,KRW-0G,A,-0.01907,4.3
2026-06-25T00:30:00+00:00,KRW-ME,A,-0.0365,9.92
2026-06-25T00:30:00+00:00,KRW-OPEN,B,0.01107,5.06
2026-06-25T00:30:00+00:00,KRW-UP2,B,0.15136,22.47
2026-06-25T01:00:00+00:00,KRW-UP2,A,-0.03684,11.7
2026-06-25T01:15:00+00:00,KRW-PUMP,B,0.00515,3.07
2026-06-25T02:45:00+00:00,KRW-AAVE,B,0.00964,4.03
2026-06-25T04:15:00+00:00,KRW-0G,B,0.02957,4.01
2026-06-25T04:15:00+00:00,KRW-EDGE,B,0.09663,5.24
2026-06-25T04:30:00+00:00,KRW-ESP,B,0.0262,6.7
2026-06-25T04:45:00+00:00,KRW-EDGE,A,-0.08318,6.89
2026-06-25T05:00:00+00:00,KRW-0G,A,-0.02375,2.76
2026-06-25T05:00:00+00:00,KRW-JUP,B,0.01187,4.38
2026-06-25T05:15:00+00:00,KRW-AAVE,A,-0.0132,6.11
2026-06-25T05:15:00+00:00,KRW-AVAX,B,0.00703,7.2
2026-06-25T05:30:00+00:00,KRW-UP2,B,0.02102,5.61
2026-06-25T06:00:00+00:00,KRW-ME,B,0.04283,13.37
2026-06-25T06:00:00+00:00,KRW-UP2,A,-0.02885,3.47
2026-06-25T06:30:00+00:00,KRW-ME,A,-0.01411,15.91
2026-06-25T06:45:00+00:00,KRW-BLEND,B,0.03687,4.99
2026-06-25T08:15:00+00:00,KRW-ELSA,B,0.06843,6.31
2026-06-25T08:30:00+00:00,KRW-ELSA,A,-0.05531,4.74
2026-06-25T08:30:00+00:00,KRW-HYPER,B,0.02479,17.97
2026-06-25T09:00:00+00:00,KRW-EDGE,B,0.05882,15.9
2026-06-25T09:30:00+00:00,KRW-UP2,B,0.04723,6.62
2026-06-25T09:45:00+00:00,KRW-EDGE,A,-0.03497,5.78
2026-06-25T10:00:00+00:00,KRW-FLOCK,B,0.02091,11.06
2026-06-25T10:00:00+00:00,KRW-HYPER,A,-0.02459,3.4
2026-06-25T10:00:00+00:00,KRW-SPK,B,0.01064,5.21
2026-06-25T10:15:00+00:00,KRW-UP2,A,-0.02108,4.76
2026-06-25T10:30:00+00:00,KRW-SPK,A,-0.01056,3.12
2026-06-25T10:45:00+00:00,KRW-ESP,A,-0.01209,5.04
2026-06-25T10:45:00+00:00,KRW-MMT,B,0.02712,3.09
2026-06-25T11:00:00+00:00,KRW-ME,A,-0.00945,2.83
2026-06-25T11:45:00+00:00,KRW-FLOCK,A,-0.01287,2.76
2026-06-25T11:45:00+00:00,KRW-KAITO,B,0.00722,5.06
2026-06-25T12:30:00+00:00,KRW-AAVE,B,0.00968,3.64
2026-06-25T12:30:00+00:00,KRW-PEPE,B,0.01075,6.34
2026-06-25T12:45:00+00:00,KRW-AWE,B,0.01527,4.09
2026-06-25T12:45:00+00:00,KRW-PUMP,B,0.00524,3.93
2026-06-25T13:00:00+00:00,KRW-EDGE,B,0.02362,7.52
2026-06-25T13:30:00+00:00,KRW-AAVE,A,-0.03597,5.66
2026-06-25T13:30:00+00:00,KRW-BONK,A,-0.02636,6.44
2026-06-25T13:30:00+00:00,KRW-G,A,-0.01775,8.27
2026-06-25T13:30:00+00:00,KRW-JUP,A,-0.05476,9.27
2026-06-25T13:30:00+00:00,KRW-XEC,A,-0.01923,4.82
2026-06-25T13:45:00+00:00,KRW-0G,A,-0.04971,5.62
2026-06-25T13:45:00+00:00,KRW-ALGO,A,-0.03759,5.63
2026-06-25T13:45:00+00:00,KRW-APT,A,-0.05705,11.64
2026-06-25T13:45:00+00:00,KRW-ARB,A,-0.04425,9.34
2026-06-25T13:45:00+00:00,KRW-ATH,A,-0.03448,5.66
2026-06-25T13:45:00+00:00,KRW-ATOM,A,-0.02022,10.5
2026-06-25T13:45:00+00:00,KRW-AVAX,A,-0.03074,4.42
2026-06-25T13:45:00+00:00,KRW-AWE,A,-0.05,8.93
2026-06-25T13:45:00+00:00,KRW-BIGTIME,A,-0.06034,4.77
2026-06-25T13:45:00+00:00,KRW-BSV,A,-0.03238,2.92
2026-06-25T13:45:00+00:00,KRW-CHZ,A,-0.04762,4.95
2026-06-25T13:45:00+00:00,KRW-DATA,A,-0.02899,6.1
2026-06-25T13:45:00+00:00,KRW-DOT,A,-0.04417,13.6
2026-06-25T13:45:00+00:00,KRW-ENS,A,-0.04331,4.83
2026-06-25T13:45:00+00:00,KRW-ETC,A,-0.02652,5.71
2026-06-25T13:45:00+00:00,KRW-FIL,A,-0.04933,4.52
2026-06-25T13:45:00+00:00,KRW-GAS,A,-0.02996,3.16
2026-06-25T13:45:00+00:00,KRW-HOLO,A,-0.04158,3.3
2026-06-25T13:45:00+00:00,KRW-LAYER,A,-0.05577,3.57
2026-06-25T13:45:00+00:00,KRW-LINK,A,-0.02891,7.31
2026-06-25T13:45:00+00:00,KRW-ONT,A,-0.03704,1.85
2026-06-25T13:45:00+00:00,KRW-OPEN,A,-0.07836,10.58
2026-06-25T13:45:00+00:00,KRW-PENGU,A,-0.04367,10.5
2026-06-25T13:45:00+00:00,KRW-PEPE,A,-0.04324,13.39
2026-06-25T13:45:00+00:00,KRW-POL,A,-0.0367,8.85
2026-06-25T13:45:00+00:00,KRW-PUMP,A,-0.05319,7.4
2026-06-25T13:45:00+00:00,KRW-SHIB,A,-0.04462,14.48
2026-06-25T13:45:00+00:00,KRW-SNT,A,-0.01869,2.48
2026-06-25T13:45:00+00:00,KRW-STX,A,-0.03543,16.29
2026-06-25T13:45:00+00:00,KRW-SUI,A,-0.03191,7.87
2026-06-25T13:45:00+00:00,KRW-VANA,A,-0.02919,8.88
2026-06-25T13:45:00+00:00,KRW-VIRTUAL,A,-0.04359,6.63
2026-06-25T13:45:00+00:00,KRW-XAUT,B,0.00296,3.85
2026-06-25T13:45:00+00:00,KRW-ZIL,A,-0.02975,1.54
2026-06-25T14:00:00+00:00,KRW-APT,B,0.02968,3.06
2026-06-25T14:00:00+00:00,KRW-AVAX,B,0.02187,4.49
2026-06-25T14:00:00+00:00,KRW-BONK,B,0.02667,7.01
2026-06-25T14:00:00+00:00,KRW-DATA,B,0.04051,5.79
2026-06-25T14:00:00+00:00,KRW-DOT,B,0.02789,3.09
2026-06-25T14:00:00+00:00,KRW-EDGE,A,-0.04412,6.95
2026-06-25T14:00:00+00:00,KRW-JUP,B,0.02795,10.3
2026-06-25T14:00:00+00:00,KRW-LINK,B,0.0186,3.42
2026-06-25T14:00:00+00:00,KRW-PENGU,B,0.03396,4.33
2026-06-25T14:00:00+00:00,KRW-RED,B,0.02256,3.22
2026-06-25T14:00:00+00:00,KRW-SHIB,B,0.02254,4.49
2026-06-25T14:00:00+00:00,KRW-SNT,B,0.01905,4.86
2026-06-25T14:00:00+00:00,KRW-SOON,B,0.02101,10.46
2026-06-25T14:00:00+00:00,KRW-SPK,B,0.02952,5.52
2026-06-25T14:00:00+00:00,KRW-SUI,B,0.02398,4.26
2026-06-25T14:00:00+00:00,KRW-TRX,A,-0.00405,3.98
2026-06-25T14:30:00+00:00,KRW-UP2,B,0.01154,4.06
2026-06-25T17:15:00+00:00,KRW-AAVE,B,0.01119,27.22
2026-06-25T19:45:00+00:00,KRW-DOT,B,0.00078,11.74
2026-06-25T20:15:00+00:00,KRW-DATA,B,0.01808,6.92
2026-06-25T21:30:00+00:00,KRW-DATA,A,-0.02689,6.01
2026-06-25T21:30:00+00:00,KRW-UP2,B,0.04842,5.39
2026-06-25T23:30:00+00:00,KRW-G,B,0.10092,12.79
2026-06-25T23:45:00+00:00,KRW-G,A,-0.02167,14.73
2026-06-26T00:00:00+00:00,KRW-EDGE,B,0.025,3.34
2026-06-26T00:00:00+00:00,KRW-ETHFI,B,0.01733,3.52
2026-06-26T00:00:00+00:00,KRW-FLOCK,B,0.01772,5.62
2026-06-26T00:00:00+00:00,KRW-JUP,B,0.01187,4.2
2026-06-26T00:15:00+00:00,KRW-UP2,A,-0.02609,4.57
2026-06-26T00:30:00+00:00,KRW-BORA,B,0.00265,3.77
2026-06-26T00:30:00+00:00,KRW-DATA,B,0.00323,9.79
2026-06-26T00:30:00+00:00,KRW-EDGE,A,-0.05085,4.46
2026-06-26T01:00:00+00:00,KRW-AWE,B,0.01942,3.12
2026-06-26T01:00:00+00:00,KRW-ESP,A,-0.01646,4.86
2026-06-26T01:30:00+00:00,KRW-ESP,B,0.00722,3.61
2026-06-26T01:45:00+00:00,KRW-UP2,B,0.00862,3.85
2026-06-26T02:00:00+00:00,KRW-APT,A,-0.01806,5.71
2026-06-26T02:00:00+00:00,KRW-BORA,A,-0.05155,1.5
2026-06-26T02:00:00+00:00,KRW-DATA,A,-0.02194,8.39
2026-06-26T02:15:00+00:00,KRW-PEPE,B,0.00575,3.14
2026-06-26T02:15:00+00:00,KRW-STX,B,0.0082,3.77
2026-06-26T03:00:00+00:00,KRW-SHIB,B,0.00319,6.6
2026-06-26T03:30:00+00:00,KRW-BONK,B,0.00327,3.19
2026-06-26T03:30:00+00:00,KRW-G,B,0.01708,3.55
2026-06-26T03:45:00+00:00,KRW-G,A,-0.04427,14.07
2026-06-26T04:45:00+00:00,KRW-JTO,A,-0.05354,9.79
2026-06-26T05:30:00+00:00,KRW-PLUME,B,0.00709,3.66
2026-06-26T05:45:00+00:00,KRW-BORA,B,0.0733,17.19
2026-06-26T06:00:00+00:00,KRW-AWE,B,0.01905,3.36
2026-06-26T06:00:00+00:00,KRW-ELF,A,-0.02516,2.74
2026-06-26T06:30:00+00:00,KRW-AAVE,B,0.01801,3.22
2026-06-26T06:45:00+00:00,KRW-DOOD,B,0.02727,6.19
2026-06-26T07:00:00+00:00,KRW-BORA,A,-0.06407,20.91
2026-06-26T07:00:00+00:00,KRW-RVN,B,0.00862,3.01
2026-06-26T07:30:00+00:00,KRW-DOOD,A,-0.06329,29.9
2026-06-26T07:30:00+00:00,KRW-KAITO,B,0.01087,3.27
2026-06-26T07:45:00+00:00,KRW-AAVE,A,-0.01357,4.33
2026-06-26T07:45:00+00:00,KRW-G,B,0.02707,3.47
2026-06-26T07:45:00+00:00,KRW-KAITO,A,-0.00806,3.56
2026-06-26T08:30:00+00:00,KRW-DATA,B,0.00383,3.44
2026-06-26T08:45:00+00:00,KRW-ELF,B,0.01862,27.25
2026-06-26T10:00:00+00:00,KRW-BIRB,A,-0.01345,3.27
2026-06-26T10:45:00+00:00,KRW-G,A,-0.08875,5.33
2026-06-26T12:00:00+00:00,KRW-AAVE,B,0.01143,3.74
2026-06-26T12:30:00+00:00,KRW-AAVE,A,-0.01352,13.69
2026-06-26T12:30:00+00:00,KRW-ESP,A,-0.01942,22.34
2026-06-26T12:30:00+00:00,KRW-KAITO,B,0.00131,6.92
2026-06-26T13:15:00+00:00,KRW-ESP,B,0.0098,3.94
2026-06-26T14:15:00+00:00,KRW-DATA,B,0.002,3.28
2026-06-26T14:15:00+00:00,KRW-JUP,B,0.00898,3.03
2026-06-26T14:45:00+00:00,KRW-KAITO,A,-0.01711,12.61
2026-06-26T15:30:00+00:00,KRW-W,B,0.03268,3.13
2026-06-26T16:00:00+00:00,KRW-AAVE,B,0.01066,7.85
2026-06-26T16:30:00+00:00,KRW-DOOD,B,0.02715,4.67
2026-06-26T22:00:00+00:00,KRW-AAVE,B,0.01703,3.72
2026-06-26T23:45:00+00:00,KRW-DATA,B,0.00411,3.45
2026-06-27T00:00:00+00:00,KRW-DATA,A,-0.02454,6.34
2026-06-27T00:00:00+00:00,KRW-G,A,-0.03523,14.87
2026-06-27T00:00:00+00:00,KRW-KAT,B,0.04813,11.07
2026-06-27T00:00:00+00:00,KRW-RVN,B,0.0202,43.61
2026-06-27T00:15:00+00:00,KRW-STORJ,B,0.04545,4.31
2026-06-27T00:30:00+00:00,KRW-KAT,A,-0.04094,17.92
2026-06-27T00:45:00+00:00,KRW-BORA,A,-0.03951,2.59
2026-06-27T01:15:00+00:00,KRW-MIRA,B,0.00866,6.75
2026-06-27T01:30:00+00:00,KRW-MIRA,A,-0.01288,2.09
2026-06-27T03:15:00+00:00,KRW-AAVE,A,-0.02068,4.54
2026-06-27T03:15:00+00:00,KRW-GAS,B,0.00127,5.04
2026-06-27T03:30:00+00:00,KRW-LSK,B,0.01493,3.93
2026-06-27T04:00:00+00:00,KRW-AWE,B,0.01837,5.32
2026-06-27T04:00:00+00:00,KRW-ELF,B,0.19483,80.96
2026-06-27T04:30:00+00:00,KRW-ELF,A,-0.10545,47.74
2026-06-27T05:00:00+00:00,KRW-STORJ,B,0.01695,4.53
2026-06-27T05:45:00+00:00,KRW-STEEM,A,-0.01442,1.79
2026-06-27T06:30:00+00:00,KRW-EDGE,B,0.08108,4.74
2026-06-27T07:15:00+00:00,KRW-BSV,B,0.05056,118.93
2026-06-27T07:15:00+00:00,KRW-UP2,B,0.11429,8.07
2026-06-27T07:15:00+00:00,KRW-XEC,B,0.02067,43.33
2026-06-27T07:30:00+00:00,KRW-BERA,B,0.01524,3.74
2026-06-27T07:30:00+00:00,KRW-BLEND,B,0.05169,3.08
2026-06-27T07:30:00+00:00,KRW-BSV,A,-0.03437,40.0
2026-06-27T07:30:00+00:00,KRW-XEC,A,-0.01519,8.22
2026-06-27T07:45:00+00:00,KRW-BLEND,A,-0.05769,7.16
2026-06-27T07:45:00+00:00,KRW-EDGE,A,-0.27933,72.03
2026-06-27T07:45:00+00:00,KRW-LAYER,B,0.07767,21.69
2026-06-27T07:45:00+00:00,KRW-LSK,A,-0.02857,19.55
2026-06-27T07:45:00+00:00,KRW-UP2,A,-0.15873,20.26
2026-06-27T08:00:00+00:00,KRW-LAYER,A,-0.05405,5.82
2026-06-27T08:00:00+00:00,KRW-PIEVERSE,B,0.0339,15.15
2026-06-27T08:15:00+00:00,KRW-ELF,B,0.17766,67.32
2026-06-27T08:30:00+00:00,KRW-HOLO,B,0.01869,9.7
2026-06-27T08:45:00+00:00,KRW-ELF,A,-0.13768,159.32
2026-06-27T09:00:00+00:00,KRW-HOLO,A,-0.01835,6.15
2026-06-27T10:15:00+00:00,KRW-SNT,B,0.00885,3.48
2026-06-27T10:30:00+00:00,KRW-GAS,B,0.00881,20.32
2026-06-27T10:30:00+00:00,KRW-STEEM,A,-0.02681,2.64
2026-06-27T10:45:00+00:00,KRW-GAS,A,-0.01496,18.38
2026-06-27T11:00:00+00:00,KRW-ARB,B,0.00893,5.86
2026-06-27T11:15:00+00:00,KRW-AWE,A,-0.034,6.06
2026-06-27T11:30:00+00:00,KRW-EDGE,B,0.07087,10.76
2026-06-27T11:30:00+00:00,KRW-KAITO,B,0.0241,3.96
2026-06-27T12:00:00+00:00,KRW-EDGE,A,-0.05109,4.12
2026-06-27T12:00:00+00:00,KRW-PIEVERSE,B,0.06863,5.91
2026-06-27T12:00:00+00:00,KRW-RVN,B,0.00982,3.37
2026-06-27T12:15:00+00:00,KRW-BSV,B,0.02033,37.58
2026-06-27T12:15:00+00:00,KRW-ELF,B,0.01923,5.36
2026-06-27T12:15:00+00:00,KRW-PIEVERSE,A,-0.02752,6.33
2026-06-27T12:15:00+00:00,KRW-XEC,B,0.00515,5.37
2026-06-27T12:30:00+00:00,KRW-BSV,A,-0.00787,5.02
2026-06-27T13:15:00+00:00,KRW-ELF,A,-0.03774,8.78
2026-06-27T13:45:00+00:00,KRW-AAVE,B,0.01639,3.28
2026-06-27T13:45:00+00:00,KRW-AWE,B,0.02404,3.16
2026-06-27T15:00:00+00:00,KRW-0G,B,0.02711,3.07
2026-06-27T16:15:00+00:00,KRW-WLFI,B,0.01354,3.36
2026-06-27T18:30:00+00:00,KRW-ELF,B,0.0099,3.6
2026-06-27T19:15:00+00:00,KRW-0G,B,0.00557,6.1
2026-06-27T19:45:00+00:00,KRW-0G,A,-0.03226,6.94
2026-06-27T22:00:00+00:00,KRW-KAITO,A,-0.00931,3.74
2026-06-27T22:15:00+00:00,KRW-DOOD,A,-0.01357,2.84
2026-06-28T00:00:00+00:00,KRW-0G,A,-0.01626,7.7
2026-06-28T00:00:00+00:00,KRW-IRYS,B,0.03433,3.22
2026-06-28T00:15:00+00:00,KRW-EDGE,B,0.176,11.4
2026-06-28T00:30:00+00:00,KRW-EDGE,A,-0.05442,8.9
2026-06-28T00:30:00+00:00,KRW-ELF,A,-0.03738,3.23
2026-06-28T00:45:00+00:00,KRW-KAITO,B,0.00705,4.14
2026-06-28T02:30:00+00:00,KRW-ELF,B,0.01887,5.68
2026-06-28T02:45:00+00:00,KRW-BSV,B,0.00052,4.4
2026-06-28T03:30:00+00:00,KRW-PIEVERSE,B,0.02642,10.29
2026-06-28T03:45:00+00:00,KRW-PIEVERSE,A,-0.03309,8.35
2026-06-28T04:00:00+00:00,KRW-KAITO,A,-0.0089,4.42
2026-06-28T04:00:00+00:00,KRW-SIGN,B,0.0219,10.36
2026-06-28T04:15:00+00:00,KRW-LSK,B,0.02941,8.91
2026-06-28T04:15:00+00:00,KRW-SIGN,A,-0.02857,3.34
2026-06-28T04:30:00+00:00,KRW-LSK,A,-0.04286,7.23
2026-06-28T04:45:00+00:00,KRW-ATOM,A,-0.00628,7.17
2026-06-28T05:15:00+00:00,KRW-STORJ,B,0.0431,11.88
2026-06-28T05:30:00+00:00,KRW-ATOM,B,0.00381,4.35
2026-06-28T05:30:00+00:00,KRW-AWE,A,-0.02577,34.54
2026-06-28T05:30:00+00:00,KRW-STORJ,A,-0.04959,13.68
2026-06-28T06:00:00+00:00,KRW-AWE,B,0.01386,3.24
2026-06-28T06:00:00+00:00,KRW-EDGE,B,0.03425,3.41
2026-06-28T06:15:00+00:00,KRW-SNT,B,0.03509,17.23
2026-06-28T06:30:00+00:00,KRW-SNT,A,-0.05085,14.11
2026-06-28T07:15:00+00:00,KRW-AAVE,A,-0.02057,5.98
2026-06-28T07:30:00+00:00,KRW-EDGE,A,-0.08537,6.27
2026-06-28T07:30:00+00:00,KRW-PUMP,B,0.04147,40.91
2026-06-28T08:00:00+00:00,KRW-PUMP,A,-0.01754,19.77
2026-06-28T09:45:00+00:00,KRW-BSV,A,-0.02606,1.35
2026-06-28T09:45:00+00:00,KRW-LSK,B,0.0219,5.77
2026-06-28T10:00:00+00:00,KRW-HYPER,B,0.00806,3.62
2026-06-28T10:00:00+00:00,KRW-KAITO,B,0.01135,3.41
2026-06-28T10:30:00+00:00,KRW-JUP,B,0.00305,5.18
2026-06-28T10:30:00+00:00,KRW-LSK,A,-0.04054,17.46
2026-06-28T11:00:00+00:00,KRW-KAITO,A,-0.00997,4.8
2026-06-28T11:45:00+00:00,KRW-DOOD,B,0.00889,7.28
2026-06-28T12:15:00+00:00,KRW-BONK,B,0.00475,4.28
2026-06-28T12:15:00+00:00,KRW-GAS,B,0.03746,3.43
2026-06-28T12:30:00+00:00,KRW-DOOD,A,-0.01316,8.05
2026-06-28T12:30:00+00:00,KRW-GAS,A,-0.01285,256.76
2026-06-28T12:45:00+00:00,KRW-BIRB,B,0.03484,19.48
2026-06-28T13:00:00+00:00,KRW-XEC,B,0.02133,38.3
2026-06-28T13:15:00+00:00,KRW-BIRB,A,-0.06481,39.72
2026-06-28T13:15:00+00:00,KRW-BSV,B,0.01845,10.71
2026-06-28T13:15:00+00:00,KRW-ZORA,B,0.02586,3.0
2026-06-28T13:30:00+00:00,KRW-DEEP,B,0.02954,5.08
2026-06-28T13:30:00+00:00,KRW-XEC,A,-0.07725,118.49
2026-06-28T17:30:00+00:00,KRW-GAS,B,0.01211,4.43
2026-06-28T17:30:00+00:00,KRW-VANA,B,0.03706,33.57
2026-06-28T17:45:00+00:00,KRW-VANA,A,-0.00774,5.97
2026-06-28T19:00:00+00:00,KRW-GAS,A,-0.00786,4.19
2026-06-28T21:45:00+00:00,KRW-CFG,A,-0.01911,7.47
2026-06-28T23:15:00+00:00,KRW-PUMP,B,0.00913,10.42
2026-06-28T23:30:00+00:00,KRW-XEC,B,0.01726,4.57
2026-06-28T23:45:00+00:00,KRW-GAS,A,-0.01048,5.06
2026-06-29T00:00:00+00:00,KRW-BIRB,A,-0.02039,2.21
2026-06-29T00:00:00+00:00,KRW-EDGE,B,0.02878,4.84
2026-06-29T00:00:00+00:00,KRW-ELF,B,0.10881,7.73
2026-06-29T00:00:00+00:00,KRW-ID,B,0.02907,4.22
2026-06-29T00:00:00+00:00,KRW-UP2,B,0.03883,3.97
2026-06-29T00:15:00+00:00,KRW-XEC,A,-0.0184,1.02
2026-06-29T00:30:00+00:00,KRW-AWE,A,-0.01995,6.54
2026-06-29T00:30:00+00:00,KRW-KITE,B,0.01099,3.26
2026-06-29T01:30:00+00:00,KRW-GAS,B,0.03874,23.15
2026-06-29T02:30:00+00:00,KRW-VANA,B,0.01464,7.03
2026-06-29T03:00:00+00:00,KRW-ARB,B,0.0177,6.97
2026-06-29T03:45:00+00:00,KRW-GAS,A,-0.01006,11.13
2026-06-29T04:00:00+00:00,KRW-PRL,B,0.05738,19.21
2026-06-29T04:15:00+00:00,KRW-PRL,A,-0.04264,3.15
2026-06-29T05:15:00+00:00,KRW-ONT,A,-0.00749,6.0
2026-06-29T06:00:00+00:00,KRW-PENGU,B,0.0108,7.15
2026-06-29T07:00:00+00:00,KRW-GAS,B,0.03641,6.59
2026-06-29T08:30:00+00:00,KRW-ELF,B,0.03774,3.95
2026-06-29T08:45:00+00:00,KRW-ELF,A,-0.09273,9.16
2026-06-29T09:15:00+00:00,KRW-PYTH,B,0.01996,5.8
2026-06-29T10:15:00+00:00,KRW-G,B,0.01363,3.9
2026-06-29T10:30:00+00:00,KRW-JUP,B,0.00929,8.02
2026-06-29T11:45:00+00:00,KRW-VANA,B,0.00694,4.43
2026-06-29T12:00:00+00:00,KRW-BONK,B,0.01878,12.57
2026-06-29T12:15:00+00:00,KRW-G,A,-0.02443,5.95
2026-06-29T12:45:00+00:00,KRW-IN,B,0.05085,12.1
2026-06-29T12:45:00+00:00,KRW-VANA,A,-0.03978,59.28
2026-06-29T13:00:00+00:00,KRW-IN,A,-0.03763,25.1
2026-06-29T13:00:00+00:00,KRW-POL,B,0.00926,4.89
2026-06-29T13:15:00+00:00,KRW-ATOM,A,-0.00801,4.58
2026-06-29T13:15:00+00:00,KRW-GAS,A,-0.01004,2.26
2026-06-29T13:30:00+00:00,KRW-PENDLE,A,-0.01177,4.81
2026-06-29T16:15:00+00:00,KRW-XPL,A,-0.01961,4.22
2026-06-29T17:00:00+00:00,KRW-IN,B,0.00529,4.13
2026-06-29T17:15:00+00:00,KRW-RED,B,0.01418,6.27
2026-06-30T00:00:00+00:00,KRW-EDGE,B,0.08527,3.84
2026-06-30T00:00:00+00:00,KRW-GAS,B,0.03444,16.46
2026-06-30T00:15:00+00:00,KRW-VANA,B,0.00401,4.68
2026-06-30T00:30:00+00:00,KRW-0G,A,-0.01238,3.96
2026-06-30T00:30:00+00:00,KRW-GAS,A,-0.01955,20.67
2026-06-30T00:30:00+00:00,KRW-VANA,A,-0.01599,2.38
2026-06-30T00:30:00+00:00,KRW-XEC,A,-0.01533,0.71
2026-06-30T00:45:00+00:00,KRW-ONT,B,0.01056,6.69
2026-06-30T01:45:00+00:00,KRW-ONT,A,-0.01017,7.99
2026-06-30T02:00:00+00:00,KRW-KAITO,B,0.0066,4.43
2026-06-30T02:45:00+00:00,KRW-STEEM,B,0.0206,3.65
2026-06-30T03:00:00+00:00,KRW-STEEM,A,-0.03416,2.16
2026-06-30T04:30:00+00:00,KRW-VANA,A,-0.00973,1.72
2026-06-30T04:45:00+00:00,KRW-GAS,B,0.00573,3.13
2026-06-30T05:00:00+00:00,KRW-HYPER,A,-0.016,5.09
2026-06-30T05:30:00+00:00,KRW-GAS,A,-0.02623,4.38
2026-06-30T08:00:00+00:00,KRW-ONT,A,-0.01043,1.52
2026-06-30T08:30:00+00:00,KRW-RED,A,-0.02158,6.08
2026-06-30T10:00:00+00:00,KRW-CC,A,-0.02347,6.21
2026-06-30T10:45:00+00:00,KRW-BIGTIME,A,-0.01709,4.19
2026-06-30T11:00:00+00:00,KRW-STEEM,B,0.03492,3.4
2026-06-30T11:30:00+00:00,KRW-STEEM,A,-0.06383,4.86
2026-06-30T11:45:00+00:00,KRW-IN,B,0.00515,3.05
2026-06-30T13:00:00+00:00,KRW-COW,B,0.00452,5.57
2026-06-30T13:00:00+00:00,KRW-PYTH,B,0.11338,28.87
2026-06-30T13:15:00+00:00,KRW-COW,A,-0.00901,20.76
2026-06-30T13:15:00+00:00,KRW-ESP,B,0.03636,9.25
2026-06-30T13:30:00+00:00,KRW-PYTH,A,-0.04348,14.19
2026-06-30T14:00:00+00:00,KRW-JUP,B,0.00317,3.78
2026-06-30T14:15:00+00:00,KRW-SKR,A,-0.0146,2.48
2026-06-30T14:30:00+00:00,KRW-XAUT,B,0.00016,4.51
2026-06-30T14:30:00+00:00,KRW-ZBT,B,0.01754,4.22
2026-06-30T15:15:00+00:00,KRW-ESP,A,-0.02362,15.66
2026-06-30T15:15:00+00:00,KRW-IN,A,-0.05242,19.4
2026-06-30T15:15:00+00:00,KRW-SOON,B,0.00794,3.23
2026-06-30T18:30:00+00:00,KRW-IN,B,0.05755,8.19
2026-06-30T19:30:00+00:00,KRW-IN,A,-0.04098,11.37
2026-06-30T20:45:00+00:00,KRW-WLFI,A,-0.01474,7.72
2026-06-30T22:30:00+00:00,KRW-HBAR,B,0.00943,3.01
2026-06-30T23:00:00+00:00,KRW-IN,B,0.01905,5.85
2026-07-01T00:00:00+00:00,KRW-BSV,B,0.0338,5.73
2026-07-01T00:00:00+00:00,KRW-IN,A,-0.0283,10.5
2026-07-01T00:00:00+00:00,KRW-LA,B,0.05148,10.42
2026-07-01T00:00:00+00:00,KRW-TREE,B,0.01135,10.53
2026-07-01T00:15:00+00:00,KRW-ME,B,0.0171,9.99
2026-07-01T00:30:00+00:00,KRW-ARB,B,0.0087,3.19
2026-07-01T01:00:00+00:00,KRW-BONK,A,-0.01435,5.09
2026-07-01T01:00:00+00:00,KRW-ONT,A,-0.02329,3.2
2026-07-01T02:30:00+00:00,KRW-DOT,B,0.00079,4.03
2026-07-01T04:00:00+00:00,KRW-BSV,A,-0.01446,1.63
2026-07-01T05:30:00+00:00,KRW-G,B,0.07143,3.72
2026-07-01T06:30:00+00:00,KRW-CFG,A,-0.0173,7.41
2026-07-01T06:45:00+00:00,KRW-PEPE,A,-0.01146,5.74
2026-07-01T07:45:00+00:00,KRW-BSV,B,0.04065,10.44
2026-07-01T08:00:00+00:00,KRW-BSV,A,-0.01176,3.31
2026-07-01T08:30:00+00:00,KRW-ZBT,B,0.00995,4.61
2026-07-01T08:45:00+00:00,KRW-JUP,B,0.01734,4.02
2026-07-01T11:15:00+00:00,KRW-ZBT,A,-0.0137,9.16
2026-07-01T12:00:00+00:00,KRW-BSV,B,0.00234,5.01
2026-07-01T12:45:00+00:00,KRW-JUP,B,0.01681,4.0
2026-07-01T13:00:00+00:00,KRW-ZBT,B,0.0137,4.17
2026-07-01T13:30:00+00:00,KRW-BONK,B,0.00314,4.42
2026-07-01T13:30:00+00:00,KRW-BSV,A,-0.00976,2.77
2026-07-01T13:30:00+00:00,KRW-XAUT,B,0.0117,7.37
2026-07-01T13:45:00+00:00,KRW-ATOM,B,0.00434,6.88
2026-07-01T14:00:00+00:00,KRW-PEPE,B,0.00573,3.3
2026-07-01T14:15:00+00:00,KRW-VVV,B,0.10725,8.14
2026-07-01T15:00:00+00:00,KRW-VVV,A,-0.05794,11.83
2026-07-01T15:45:00+00:00,KRW-KITE,B,0.0061,4.98
2026-07-01T16:30:00+00:00,KRW-MON,B,0.01623,3.6
2026-07-01T18:45:00+00:00,KRW-CC,A,-0.01395,2.82
2026-07-01T20:00:00+00:00,KRW-STORJ,B,0.03604,3.21
2026-07-01T20:45:00+00:00,KRW-JUP,B,0.01719,3.13
2026-07-01T21:45:00+00:00,KRW-POL,B,0.00917,3.03
2026-07-02T00:00:00+00:00,KRW-IN,A,-0.04565,8.17
2026-07-02T00:00:00+00:00,KRW-KITE,B,0.02581,5.54
2026-07-02T00:00:00+00:00,KRW-ZBT,B,0.01747,4.11
2026-07-02T00:15:00+00:00,KRW-BIRB,B,0.01663,3.24
2026-07-02T00:15:00+00:00,KRW-UP2,A,-0.044,9.55
2026-07-02T00:45:00+00:00,KRW-ZBT,A,-0.03404,5.85
2026-07-02T01:15:00+00:00,KRW-KAITO,B,0.01587,4.13
2026-07-02T01:30:00+00:00,KRW-DEEP,B,0.01984,4.28
2026-07-02T02:00:00+00:00,KRW-DOOD,A,-0.01299,4.47
2026-07-02T02:15:00+00:00,KRW-BIRB,A,-0.02546,11.78
2026-07-02T03:45:00+00:00,KRW-PYTH,B,0.00649,4.52
2026-07-02T04:15:00+00:00,KRW-BIRB,B,0.08247,16.65
2026-07-02T04:15:00+00:00,KRW-PUMP,B,0.00448,6.87
2026-07-02T04:30:00+00:00,KRW-ME,B,0.04646,12.02
2026-07-02T05:30:00+00:00,KRW-DEEP,A,-0.05072,76.14
2026-07-02T05:30:00+00:00,KRW-DOOD,B,0.02128,18.86
2026-07-02T05:30:00+00:00,KRW-ME,A,-0.04505,22.79
2026-07-02T05:45:00+00:00,KRW-MET2,B,0.00997,4.03
2026-07-02T05:45:00+00:00,KRW-ZBT,B,0.02041,3.08
2026-07-02T06:00:00+00:00,KRW-PENGU,A,-0.0085,5.78
2026-07-02T06:30:00+00:00,KRW-DEEP,B,0.02734,8.46
2026-07-02T06:45:00+00:00,KRW-BIRB,A,-0.07333,43.52
2026-07-02T06:45:00+00:00,KRW-DOOD,A,-0.03017,3.7
2026-07-02T06:45:00+00:00,KRW-MIRA,B,0.04587,6.01
2026-07-02T06:45:00+00:00,KRW-RED,B,0.00699,5.94
2026-07-02T07:00:00+00:00,KRW-CFG,B,0.00977,7.51
2026-07-02T07:15:00+00:00,KRW-HYPER,B,0.0082,4.11
2026-07-02T07:15:00+00:00,KRW-MIRA,A,-0.03453,18.5
2026-07-02T07:15:00+00:00,KRW-RED,A,-0.02703,6.11
2026-07-02T07:15:00+00:00,KRW-TREE,B,0.02276,6.37
2026-07-02T07:30:00+00:00,KRW-TREE,A,-0.04451,6.99
2026-07-02T07:45:00+00:00,KRW-ERA,B,0.0315,10.17
2026-07-02T07:45:00+00:00,KRW-PYTH,A,-0.01626,5.23
2026-07-02T08:00:00+00:00,KRW-BERA,B,0.01543,6.95
2026-07-02T08:00:00+00:00,KRW-ERA,A,-0.0229,28.71
2026-07-02T08:15:00+00:00,KRW-BIRB,B,0.03846,22.45
2026-07-02T08:45:00+00:00,KRW-0G,B,0.03058,5.53
2026-07-02T08:45:00+00:00,KRW-BERA,A,-0.01458,26.4
2026-07-02T08:45:00+00:00,KRW-PUMP,A,-0.01732,2.5
2026-07-02T09:00:00+00:00,KRW-0G,A,-0.03858,6.76
2026-07-02T09:15:00+00:00,KRW-FF,A,-0.04671,10.02
2026-07-02T09:15:00+00:00,KRW-ME,B,0.0297,3.03
2026-07-02T09:30:00+00:00,KRW-DOT,B,0.00549,3.74
2026-07-02T09:30:00+00:00,KRW-FF,B,0.02339,4.65
2026-07-02T09:30:00+00:00,KRW-HBAR,B,0.00901,3.29
2026-07-02T10:00:00+00:00,KRW-ZBT,B,0.01442,3.5
2026-07-02T10:30:00+00:00,KRW-DEEP,A,-0.02759,36.47
2026-07-02T10:45:00+00:00,KRW-BIRB,A,-0.08392,19.24
2026-07-02T10:45:00+00:00,KRW-JUP,B,0.01114,3.49
2026-07-02T11:00:00+00:00,KRW-BONK,B,0.00913,4.23
2026-07-02T11:00:00+00:00,KRW-DEEP,B,0.00733,26.07
2026-07-02T11:00:00+00:00,KRW-PUMP,B,0.00847,8.03
2026-07-02T11:45:00+00:00,KRW-ME,A,-0.02079,3.55
2026-07-02T11:45:00+00:00,KRW-OPEN,A,-0.04115,3.91
2026-07-02T12:15:00+00:00,KRW-BIRB,B,0.00752,12.24
2026-07-02T12:15:00+00:00,KRW-UNI,B,0.01647,7.33
2026-07-02T12:30:00+00:00,KRW-SKR,B,0.03472,6.0
2026-07-02T12:30:00+00:00,KRW-XAUT,B,0.0148,5.02
2026-07-02T12:30:00+00:00,KRW-ZKP,B,0.02292,5.71
2026-07-02T12:45:00+00:00,KRW-ERA,A,-0.01562,5.18
2026-07-02T13:00:00+00:00,KRW-ERA,B,0.00794,4.39
2026-07-02T13:15:00+00:00,KRW-JUP,A,-0.01316,4.25
2026-07-02T13:15:00+00:00,KRW-SKR,A,-0.01342,2.34
2026-07-02T14:30:00+00:00,KRW-DEEP,A,-0.02105,11.9
2026-07-02T15:00:00+00:00,KRW-DEEP,B,0.01418,4.9
2026-07-02T16:15:00+00:00,KRW-BIRB,A,-0.04348,20.98
2026-07-02T16:15:00+00:00,KRW-FF,B,0.02747,4.65
2026-07-02T16:30:00+00:00,KRW-BIRB,B,0.0303,7.25
2026-07-02T20:30:00+00:00,KRW-ME,B,0.04,3.56
2026-07-02T21:00:00+00:00,KRW-BIRB,B,0.02857,13.02
2026-07-02T21:15:00+00:00,KRW-BARD,B,0.13592,33.53
2026-07-02T21:15:00+00:00,KRW-ME,A,-0.02727,3.47
2026-07-02T21:30:00+00:00,KRW-BARD,A,-0.09829,28.85
2026-07-02T23:00:00+00:00,KRW-BIRB,A,-0.03401,13.57
2026-07-02T23:45:00+00:00,KRW-DEEP,B,0.03704,5.31
2026-07-02T23:45:00+00:00,KRW-ETHFI,B,0.00199,5.67
2026-07-03T00:00:00+00:00,KRW-BLEND,B,0.17467,16.97
2026-07-03T00:00:00+00:00,KRW-DEEP,A,-0.03214,3.13
2026-07-03T00:00:00+00:00,KRW-ENSO,B,0.03122,5.47
2026-07-03T00:00:00+00:00,KRW-LA,B,0.06878,10.21
2026-07-03T00:00:00+00:00,KRW-MIRA,B,0.04697,8.76
2026-07-03T00:00:00+00:00,KRW-RED,B,0.00667,6.24
2026-07-03T00:15:00+00:00,KRW-0G,B,0.01223,3.57
2026-07-03T00:15:00+00:00,KRW-IN,B,0.05166,3.21
2026-07-03T00:45:00+00:00,KRW-IN,A,-0.04873,10.53
2026-07-03T01:00:00+00:00,KRW-AVNT,B,0.01351,5.55
2026-07-03T01:00:00+00:00,KRW-BLEND,A,-0.03008,8.12
2026-07-03T01:45:00+00:00,KRW-0G,A,-0.01493,4.78
2026-07-03T01:45:00+00:00,KRW-MIRA,A,-0.02733,12.07
2026-07-03T02:15:00+00:00,KRW-ZKP,B,0.06336,6.9
2026-07-03T02:30:00+00:00,KRW-ELSA,A,-0.00857,4.0
2026-07-03T02:30:00+00:00,KRW-FLOCK,B,0.01648,4.16
2026-07-03T02:30:00+00:00,KRW-TREE,B,0.0184,3.14
2026-07-03T02:45:00+00:00,KRW-IRYS,B,0.00855,3.44
2026-07-03T03:00:00+00:00,KRW-FLOCK,A,-0.0161,2.52
2026-07-03T03:00:00+00:00,KRW-ZKP,A,-0.02683,26.53
2026-07-03T03:15:00+00:00,KRW-TREE,A,-0.02077,3.47
2026-07-03T03:45:00+00:00,KRW-ELF,B,0.05813,7.59
2026-07-03T04:00:00+00:00,KRW-MIRA,B,0.03395,4.19
2026-07-03T04:30:00+00:00,KRW-ELF,A,-0.04608,7.64
2026-07-03T04:45:00+00:00,KRW-LA,B,0.05825,5.88
2026-07-03T05:00:00+00:00,KRW-HOLO,B,0.01835,4.49
2026-07-03T05:00:00+00:00,KRW-LA,A,-0.0367,7.11
2026-07-03T05:30:00+00:00,KRW-HOLO,A,-0.02655,3.45
2026-07-03T06:00:00+00:00,KRW-MIRA,A,-0.02804,2.66
2026-07-03T06:15:00+00:00,KRW-SAND,B,0.06757,15.61
2026-07-03T06:30:00+00:00,KRW-MOVE,A,-0.01075,3.81
2026-07-03T06:30:00+00:00,KRW-SAND,A,-0.05823,12.28
2026-07-03T06:30:00+00:00,KRW-ZKP,B,0.02951,16.65
2026-07-03T07:00:00+00:00,KRW-ID,B,0.06718,4.1
2026-07-03T07:00:00+00:00,KRW-ZKP,A,-0.02004,6.46
2026-07-03T07:30:00+00:00,KRW-ID,A,-0.08205,5.68
2026-07-03T08:15:00+00:00,KRW-KITE,B,0.01818,7.66
2026-07-03T08:30:00+00:00,KRW-PENGU,B,0.02572,4.73
2026-07-03T09:15:00+00:00,KRW-ERA,B,0.01504,3.25
2026-07-03T09:30:00+00:00,KRW-HOLO,B,0.03604,4.49
2026-07-03T10:30:00+00:00,KRW-HOLO,A,-0.01754,3.5
2026-07-03T10:45:00+00:00,KRW-IN,A,-0.03634,5.34
2026-07-03T11:30:00+00:00,KRW-ZKP,B,0.00439,4.15
2026-07-03T12:00:00+00:00,KRW-KITE,A,-0.03371,18.89
2026-07-03T12:00:00+00:00,KRW-SAND,B,0.02724,4.75
2026-07-03T12:00:00+00:00,KRW-XPL,B,0.00629,4.45
2026-07-03T12:00:00+00:00,KRW-ZKP,A,-0.0203,9.28
2026-07-03T13:00:00+00:00,KRW-ATH,B,0.01437,4.12
2026-07-03T13:30:00+00:00,KRW-ETHFI,B,0.00555,4.42
2026-07-03T14:00:00+00:00,KRW-BONK,A,-0.01479,9.97
2026-07-03T14:45:00+00:00,KRW-AAVE,B,0.01109,3.46
2026-07-03T15:00:00+00:00,KRW-ETHFI,A,-0.01947,9.15
2026-07-03T16:45:00+00:00,KRW-ZKP,B,0.02109,16.64
2026-07-03T18:30:00+00:00,KRW-FF,B,0.00109,3.9
2026-07-03T20:15:00+00:00,KRW-PEPE,B,0.02273,4.62
2026-07-03T21:30:00+00:00,KRW-BONK,B,0.01429,3.25
2026-07-03T22:00:00+00:00,KRW-PEPE,A,-0.01891,5.17
2026-07-03T22:30:00+00:00,KRW-BONK,A,-0.00815,5.36
2026-07-03T23:45:00+00:00,KRW-ZKP,B,0.00772,3.21
2026-07-04T00:00:00+00:00,KRW-ERA,A,-0.01504,7.46
2026-07-04T00:00:00+00:00,KRW-MIRA,B,0.05153,14.17
2026-07-04T00:15:00+00:00,KRW-IRYS,B,0.00429,3.38
2026-07-04T00:15:00+00:00,KRW-PEPE,B,0.00714,3.93
2026-07-04T00:30:00+00:00,KRW-FLOCK,A,-0.02007,6.16
2026-07-04T00:30:00+00:00,KRW-ZKP,A,-0.02404,9.21
2026-07-04T00:45:00+00:00,KRW-ELF,B,0.01558,3.29
2026-07-04T01:00:00+00:00,KRW-KITE,B,0.01724,6.4
2026-07-04T01:15:00+00:00,KRW-MIRA,A,-0.03349,7.46
2026-07-04T01:45:00+00:00,KRW-ATH,A,-0.01873,5.7
2026-07-04T03:15:00+00:00,KRW-BONK,B,0.0026,10.97
2026-07-04T03:30:00+00:00,KRW-AWE,B,0.02989,15.96
2026-07-04T03:45:00+00:00,KRW-AWE,A,-0.01228,5.1
2026-07-04T06:30:00+00:00,KRW-MIRA,B,0.02276,5.01
2026-07-04T07:00:00+00:00,KRW-ELSA,B,0.03463,5.98
2026-07-04T07:00:00+00:00,KRW-MEGA,A,-0.01193,16.45
2026-07-04T07:15:00+00:00,KRW-ELSA,A,-0.04418,17.61
2026-07-04T07:15:00+00:00,KRW-ETHFI,B,0.00713,4.24
2026-07-04T07:15:00+00:00,KRW-FLOCK,B,0.02351,9.87
2026-07-04T07:30:00+00:00,KRW-FLOCK,A,-0.0265,13.1
2026-07-04T07:30:00+00:00,KRW-KITE,A,-0.01685,5.04
2026-07-04T07:45:00+00:00,KRW-LINK,B,0.00503,4.17
2026-07-04T08:45:00+00:00,KRW-STORJ,B,0.05042,50.25
2026-07-04T09:30:00+00:00,KRW-BERA,A,-0.01231,2.57
2026-07-04T09:30:00+00:00,KRW-STORJ,A,-0.02941,24.89
2026-07-04T09:45:00+00:00,KRW-HBAR,B,0.00909,10.88
2026-07-04T10:00:00+00:00,KRW-MIRA,A,-0.02241,5.91
2026-07-04T10:30:00+00:00,KRW-BSV,A,-0.01163,1.78
2026-07-04T10:30:00+00:00,KRW-MIRA,B,0.02214,4.14
2026-07-04T10:45:00+00:00,KRW-ETC,B,0.00826,5.3
2026-07-04T11:15:00+00:00,KRW-ETHFI,A,-0.00825,9.1
2026-07-04T12:00:00+00:00,KRW-ETHFI,B,0.0268,13.55
2026-07-04T14:00:00+00:00,KRW-MIRA,A,-0.02529,3.68
2026-07-04T14:30:00+00:00,KRW-COW,B,0.01345,3.71
2026-07-04T15:15:00+00:00,KRW-ETHFI,A,-0.01587,13.56
2026-07-04T15:45:00+00:00,KRW-KITE,B,0.01724,5.97
2026-07-04T16:00:00+00:00,KRW-ETHFI,B,0.01932,4.81
2026-07-04T19:00:00+00:00,KRW-ZIL,A,-0.01403,2.1
2026-07-04T20:30:00+00:00,KRW-ETHFI,A,-0.02417,9.12
2026-07-04T20:45:00+00:00,KRW-ETHFI,B,0.0031,4.11
2026-07-05T00:00:00+00:00,KRW-GAS,B,0.01964,3.49
2026-07-05T00:00:00+00:00,KRW-MIRA,A,-0.03767,7.38
2026-07-05T00:00:00+00:00,KRW-ONT,B,0.01871,8.03
2026-07-05T00:15:00+00:00,KRW-BONK,B,0.00138,5.55
2026-07-05T00:15:00+00:00,KRW-BSV,B,0.03719,3.36
2026-07-05T00:15:00+00:00,KRW-ONT,A,-0.00706,5.79
2026-07-05T00:30:00+00:00,KRW-MIRA,B,0.01849,4.82
2026-07-05T01:00:00+00:00,KRW-ETHFI,B,0.0064,3.53
2026-07-05T02:00:00+00:00,KRW-BONK,A,-0.01589,10.65
2026-07-05T04:00:00+00:00,KRW-BIRB,B,0.0678,4.61
2026-07-05T04:15:00+00:00,KRW-ELF,B,0.07582,6.72
2026-07-05T04:15:00+00:00,KRW-ETHFI,A,-0.02191,5.93
2026-07-05T04:30:00+00:00,KRW-ELF,A,-0.05714,6.22
2026-07-05T07:30:00+00:00,KRW-ETHFI,B,0.02057,4.19
2026-07-05T07:30:00+00:00,KRW-KITE,B,0.00546,7.08
2026-07-05T08:30:00+00:00,KRW-RED,B,0.03289,3.08
2026-07-05T08:45:00+00:00,KRW-RED,A,-0.01911,3.06
2026-07-05T09:15:00+00:00,KRW-ZORA,B,0.01739,8.26
2026-07-05T09:30:00+00:00,KRW-COW,A,-0.01351,2.29
2026-07-05T09:30:00+00:00,KRW-ZORA,A,-0.01709,19.23
2026-07-05T10:00:00+00:00,KRW-ETC,B,0.00281,4.21
2026-07-05T10:45:00+00:00,KRW-HOLO,A,-0.02752,6.56
2026-07-05T11:15:00+00:00,KRW-KITE,A,-0.01657,8.48
2026-07-05T11:45:00+00:00,KRW-WLFI,B,0.00786,8.87
2026-07-05T12:30:00+00:00,KRW-ETHFI,B,0.00309,3.94
2026-07-05T12:30:00+00:00,KRW-WLFI,A,-0.01325,6.31
2026-07-05T13:15:00+00:00,KRW-PYTH,B,0.00976,5.19
2026-07-05T13:30:00+00:00,KRW-PYTH,A,-0.01771,6.52
2026-07-05T21:45:00+00:00,KRW-BCH,B,0.01714,4.11
2026-07-05T21:45:00+00:00,KRW-DOT,B,0.00455,3.45
2026-07-05T21:45:00+00:00,KRW-MON,B,0.03922,5.88
2026-07-05T22:15:00+00:00,KRW-BONK,B,0.00822,3.03
2026-07-05T23:15:00+00:00,KRW-KITE,B,0.01117,5.29
2026-07-06T00:00:00+00:00,KRW-G,B,0.04651,14.27
2026-07-06T00:15:00+00:00,KRW-BARD,B,0.04478,5.65
2026-07-06T00:15:00+00:00,KRW-G,A,-0.05185,4.49
2026-07-06T00:15:00+00:00,KRW-MIRA,B,0.01706,3.98
2026-07-06T00:30:00+00:00,KRW-BARD,A,-0.01429,14.81
2026-07-06T00:30:00+00:00,KRW-MANTRA,B,0.02857,14.22
2026-07-06T00:45:00+00:00,KRW-BIRB,B,0.02609,3.13
2026-07-06T01:30:00+00:00,KRW-LINK,B,0.00164,3.01
2026-07-06T02:00:00+00:00,KRW-BIGTIME,A,-0.01754,5.07
2026-07-06T02:30:00+00:00,KRW-MON,B,0.03416,12.64
2026-07-06T03:15:00+00:00,KRW-ME,B,0.00824,7.98
2026-07-06T03:15:00+00:00,KRW-XAUT,B,0.00064,14.46
2026-07-06T03:45:00+00:00,KRW-0G,B,0.00314,3.25
2026-07-06T04:30:00+00:00,KRW-ID,A,-0.03667,6.74
2026-07-06T04:45:00+00:00,KRW-ELF,A,-0.05645,3.82
2026-07-06T06:15:00+00:00,KRW-KITE,B,0.01639,3.11
2026-07-06T06:45:00+00:00,KRW-BERA,B,0.01893,4.74
2026-07-06T07:15:00+00:00,KRW-PYTH,B,0.01268,3.01
2026-07-06T07:45:00+00:00,KRW-MON,A,-0.01187,5.25
2026-07-06T08:30:00+00:00,KRW-MON,B,0.00901,4.83
2026-07-06T10:15:00+00:00,KRW-ATH,B,0.0084,6.0
2026-07-06T10:15:00+00:00,KRW-BONK,B,0.00141,3.82
2026-07-06T10:30:00+00:00,KRW-CRO,B,0.00335,4.93
2026-07-06T10:45:00+00:00,KRW-BERA,B,0.003,4.37
2026-07-06T11:15:00+00:00,KRW-BERA,A,-0.01791,4.21
2026-07-06T12:00:00+00:00,KRW-BONK,A,-0.01282,7.66
2026-07-06T12:00:00+00:00,KRW-ETC,A,-0.00469,6.63
2026-07-06T12:00:00+00:00,KRW-KITE,A,-0.0221,6.46
2026-07-06T12:00:00+00:00,KRW-PYTH,B,0.01517,4.16
2026-07-06T12:00:00+00:00,KRW-RVN,A,-0.00701,2.37
2026-07-06T12:00:00+00:00,KRW-SEI,A,-0.00819,5.06
2026-07-06T12:00:00+00:00,KRW-STX,A,-0.00787,6.87
2026-07-06T12:15:00+00:00,KRW-MON,A,-0.0176,4.36
2026-07-06T12:45:00+00:00,KRW-HOLO,B,0.01524,3.93
2026-07-06T13:00:00+00:00,KRW-AAVE,A,-0.00948,4.99
2026-07-06T13:15:00+00:00,KRW-MON,B,0.0178,5.25
2026-07-06T13:30:00+00:00,KRW-AAVE,B,0.01826,6.14
2026-07-06T14:15:00+00:00,KRW-XAUT,B,0.0008,4.31
2026-07-06T15:00:00+00:00,KRW-ETHFI,B,0.01835,6.73
2026-07-06T15:00:00+00:00,KRW-WLFI,A,-0.00574,5.08
2026-07-06T16:15:00+00:00,KRW-MON,A,-0.02479,31.86
2026-07-06T16:15:00+00:00,KRW-RVN,A,-0.00684,2.3
2026-07-06T16:30:00+00:00,KRW-PENGU,B,0.0099,3.26
2026-07-06T17:15:00+00:00,KRW-BONK,A,-0.0156,14.36
2026-07-06T17:15:00+00:00,KRW-INJ,B,0.00473,3.08
2026-07-06T18:15:00+00:00,KRW-MON,B,0.025,4.77
2026-07-06T18:45:00+00:00,KRW-BONK,B,0.01929,3.58
2026-07-06T19:15:00+00:00,KRW-PEPE,B,0.00244,3.97
2026-07-06T21:00:00+00:00,KRW-APT,B,0.01263,3.63
2026-07-06T21:00:00+00:00,KRW-ATH,B,0.02874,3.57
2026-07-06T21:00:00+00:00,KRW-ETC,B,0.0103,3.5
2026-07-06T21:00:00+00:00,KRW-HBAR,B,0.00901,9.87
2026-07-06T21:00:00+00:00,KRW-LINK,B,0.01164,6.14
2026-07-06T21:00:00+00:00,KRW-PENGU,B,0.0198,5.39
2026-07-06T22:00:00+00:00,KRW-MON,A,-0.01055,5.46
2026-07-07T00:00:00+00:00,KRW-INJ,B,0.00138,3.24
2026-07-07T00:00:00+00:00,KRW-SEI,B,0.01186,8.24
2026-07-07T00:00:00+00:00,KRW-TRAC,B,0.09756,13.04
2026-07-07T00:00:00+00:00,KRW-UP2,B,0.05605,7.73
2026-07-07T00:15:00+00:00,KRW-MIRA,B,0.01467,6.0
2026-07-07T01:45:00+00:00,KRW-KITE,B,0.0221,8.0
2026-07-07T02:15:00+00:00,KRW-DEEP,A,-0.01338,3.94
2026-07-07T04:45:00+00:00,KRW-BONK,A,-0.01051,5.08
2026-07-07T04:45:00+00:00,KRW-SHIB,B,0.00154,3.06
2026-07-07T06:15:00+00:00,KRW-SIGN,B,0.01562,4.71
2026-07-07T06:45:00+00:00,KRW-SIGN,A,-0.02222,8.01
2026-07-07T07:15:00+00:00,KRW-XAUT,B,0.00065,4.93
2026-07-07T07:30:00+00:00,KRW-CHIP,B,0.01718,3.12
2026-07-07T08:00:00+00:00,KRW-WLFI,B,0.00991,8.23
2026-07-07T08:15:00+00:00,KRW-BONK,B,0.00156,3.67
2026-07-07T08:30:00+00:00,KRW-CHIP,A,-0.02936,7.02
2026-07-07T10:15:00+00:00,KRW-ATOM,B,0.00209,3.35
2026-07-07T10:15:00+00:00,KRW-WLFI,A,-0.00876,5.52
2026-07-07T11:30:00+00:00,KRW-MON,B,0.01355,3.65
2026-07-07T12:30:00+00:00,KRW-SIGN,B,0.00741,9.49
2026-07-07T12:45:00+00:00,KRW-UP2,B,0.04541,6.57
2026-07-07T13:00:00+00:00,KRW-SIGN,A,-0.0146,3.53
2026-07-07T14:00:00+00:00,KRW-ETC,B,0.00096,3.39
2026-07-07T14:00:00+00:00,KRW-FF,A,-0.01482,5.02
2026-07-07T14:15:00+00:00,KRW-BONK,B,0.00316,3.19
2026-07-07T15:00:00+00:00,KRW-CHIP,B,0.03002,5.37
2026-07-07T15:15:00+00:00,KRW-LINK,B,0.00252,7.71
2026-07-07T22:00:00+00:00,KRW-KITE,A,-0.02299,5.94
2026-07-08T00:00:00+00:00,KRW-CHIP,B,0.00388,3.57
2026-07-08T00:00:00+00:00,KRW-SIGN,A,-0.01527,3.94
2026-07-08T00:15:00+00:00,KRW-MIRA,B,0.02894,3.13
2026-07-08T00:45:00+00:00,KRW-LA,A,-0.01739,3.32
2026-07-08T01:00:00+00:00,KRW-CHIP,A,-0.02243,9.72
2026-07-08T01:15:00+00:00,KRW-DOOD,B,0.01754,4.0
2026-07-08T01:30:00+00:00,KRW-DOOD,A,-0.0431,4.95
2026-07-08T01:30:00+00:00,KRW-JUP,A,-0.02222,6.06
2026-07-08T01:30:00+00:00,KRW-PENGU,A,-0.01861,7.23
2026-07-08T01:30:00+00:00,KRW-STX,A,-0.0121,4.54
2026-07-08T01:45:00+00:00,KRW-MON,B,0.00549,11.58
2026-07-08T02:15:00+00:00,KRW-BARD,A,-0.0201,4.87
2026-07-08T02:30:00+00:00,KRW-SHIB,B,0.00309,3.64
2026-07-08T03:00:00+00:00,KRW-ETC,B,0.00194,3.02
2026-07-08T03:15:00+00:00,KRW-ZKP,A,-0.05263,10.55
2026-07-08T05:00:00+00:00,KRW-UNI,B,0.0184,3.47
2026-07-08T06:15:00+00:00,KRW-KAITO,B,0.01567,3.78
2026-07-08T06:45:00+00:00,KRW-JUP,B,0.00896,6.19
2026-07-08T06:45:00+00:00,KRW-KAITO,A,-0.01408,48.13
2026-07-08T06:45:00+00:00,KRW-PENDLE,B,0.01533,3.25
2026-07-08T07:45:00+00:00,KRW-ZAMA,B,0.01172,3.9
2026-07-08T08:15:00+00:00,KRW-ENS,A,-0.00829,8.63
2026-07-08T08:30:00+00:00,KRW-PENDLE,A,-0.00758,4.24
2026-07-08T08:45:00+00:00,KRW-AVNT,A,-0.0411,5.21
2026-07-08T10:00:00+00:00,KRW-ETHFI,B,0.01379,6.05
2026-07-08T10:30:00+00:00,KRW-SHIB,B,0.00319,4.66
2026-07-08T11:00:00+00:00,KRW-KAITO,B,0.07464,10.81
2026-07-08T11:00:00+00:00,KRW-ONT,A,-0.01722,3.01
2026-07-08T11:15:00+00:00,KRW-SNT,A,-0.02679,1.65
2026-07-08T11:30:00+00:00,KRW-ENSO,B,0.0598,6.96
2026-07-08T11:45:00+00:00,KRW-ELSA,B,0.03586,10.81
2026-07-08T11:45:00+00:00,KRW-KAITO,A,-0.02265,78.47
2026-07-08T12:00:00+00:00,KRW-ELSA,A,-0.04394,3.79
2026-07-08T12:30:00+00:00,KRW-MMT,A,-0.02066,3.15
2026-07-08T12:30:00+00:00,KRW-ZBT,A,-0.01587,9.89
2026-07-08T14:30:00+00:00,KRW-WLFI,B,0.01142,3.44
2026-07-08T14:45:00+00:00,KRW-TRX,A,-0.00406,12.83
2026-07-08T15:30:00+00:00,KRW-LINK,B,0.00089,4.2
2026-07-08T16:45:00+00:00,KRW-KAITO,B,0.01244,3.34
2026-07-08T17:00:00+00:00,KRW-STX,B,0.00787,3.25
2026-07-08T20:00:00+00:00,KRW-LSK,B,0.0315,11.61
2026-07-08T20:15:00+00:00,KRW-LSK,A,-0.00763,1.78
2026-07-08T21:15:00+00:00,KRW-KAITO,B,0.01418,5.47
2026-07-09T00:15:00+00:00,KRW-KAITO,A,-0.03785,5.05
2026-07-09T00:45:00+00:00,KRW-WAVES,B,0.00252,3.52
2026-07-09T01:00:00+00:00,KRW-ARB,B,0.01754,4.66
2026-07-09T01:15:00+00:00,KRW-KAITO,B,0.00302,4.0
2026-07-09T01:30:00+00:00,KRW-IN,B,0.00281,4.78
2026-07-09T02:00:00+00:00,KRW-BIRB,B,0.00752,7.38
2026-07-09T02:00:00+00:00,KRW-XAUT,B,0.00214,5.24
2026-07-09T05:00:00+00:00,KRW-ARB,B,0.008,8.78
2026-07-09T05:15:00+00:00,KRW-ARB,A,-0.01587,6.79
2026-07-09T07:15:00+00:00,KRW-PENDLE,B,0.01617,6.5
2026-07-09T07:45:00+00:00,KRW-BIGTIME,A,-0.00935,2.87
2026-07-09T09:15:00+00:00,KRW-ARB,B,0.01575,4.34
2026-07-09T09:30:00+00:00,KRW-ARB,A,-0.0155,5.69
2026-07-09T09:30:00+00:00,KRW-KAITO,A,-0.02246,2.15
2026-07-09T10:30:00+00:00,KRW-ETHFI,B,0.01466,7.95
2026-07-09T13:30:00+00:00,KRW-ARB,B,0.01562,11.78
2026-07-09T14:45:00+00:00,KRW-KAT,B,0.01072,4.46
2026-07-09T15:30:00+00:00,KRW-ARB,A,-0.01538,8.79
2026-07-09T17:30:00+00:00,KRW-ARB,B,0.02308,3.55
2026-07-09T18:00:00+00:00,KRW-RVN,B,0.01549,12.24
2026-07-09T18:15:00+00:00,KRW-RVN,A,-0.01695,2.23
2026-07-09T22:00:00+00:00,KRW-SEI,B,0.01788,4.67
2026-07-09T22:15:00+00:00,KRW-RVN,B,0.01488,6.54
2026-07-09T22:30:00+00:00,KRW-RVN,A,-0.01792,5.75
2026-07-09T23:15:00+00:00,KRW-ARB,B,0.01538,3.77
2026-07-10T00:00:00+00:00,KRW-IN,B,0.01132,7.02
2026-07-10T01:00:00+00:00,KRW-AWE,B,0.01337,4.89
2026-07-10T01:30:00+00:00,KRW-AWE,A,-0.01103,6.02
2026-07-10T01:30:00+00:00,KRW-PENDLE,B,0.01125,5.19
2026-07-10T01:45:00+00:00,KRW-LINK,B,0.01118,3.74
2026-07-10T02:15:00+00:00,KRW-RVN,B,0.02917,4.1
2026-07-10T03:00:00+00:00,KRW-RVN,A,-0.01092,2.8
2026-07-10T03:15:00+00:00,KRW-POL,B,0.0087,4.03
2026-07-10T03:15:00+00:00,KRW-STX,B,0.00775,3.81
2026-07-10T04:15:00+00:00,KRW-UP2,B,0.04783,5.55
2026-07-10T05:30:00+00:00,KRW-KAT,B,0.01788,3.08
2026-07-10T06:30:00+00:00,KRW-ARB,B,0.00725,5.22
2026-07-10T07:15:00+00:00,KRW-RVN,B,0.04723,5.19
2026-07-10T07:30:00+00:00,KRW-RVN,A,-0.01089,8.16
2026-07-10T07:45:00+00:00,KRW-ESP,B,0.00628,8.51
2026-07-10T07:45:00+00:00,KRW-KAT,A,-0.01544,21.47
2026-07-10T09:45:00+00:00,KRW-DOT,B,0.00765,10.18
2026-07-10T09:45:00+00:00,KRW-KAT,B,0.03769,6.24
2026-07-10T11:45:00+00:00,KRW-FIL,B,0.01936,10.43
2026-07-10T12:00:00+00:00,KRW-FIL,A,-0.01404,3.96
2026-07-10T12:15:00+00:00,KRW-KAT,A,-0.02007,3.6
2026-07-10T12:30:00+00:00,KRW-UNI,B,0.00827,3.79
2026-07-10T12:45:00+00:00,KRW-UP2,B,0.00911,4.94
2026-07-10T13:30:00+00:00,KRW-MMT,B,0.03629,3.17
2026-07-10T14:00:00+00:00,KRW-KAT,B,0.00467,4.0
2026-07-10T14:00:00+00:00,KRW-LINK,A,-0.00756,8.7
2026-07-10T14:15:00+00:00,KRW-COW,A,-0.00948,1.96
2026-07-10T14:30:00+00:00,KRW-DOT,A,-0.01141,4.27
2026-07-10T14:45:00+00:00,KRW-PENDLE,B,0.00356,3.63
2026-07-10T15:15:00+00:00,KRW-POL,B,0.00862,3.49
2026-07-10T15:15:00+00:00,KRW-VANA,A,-0.02915,3.47
2026-07-10T15:30:00+00:00,KRW-MMT,A,-0.01132,3.24
2026-07-10T15:45:00+00:00,KRW-RVN,A,-0.01148,3.33
2026-07-10T16:15:00+00:00,KRW-PEPE,B,0.00971,4.93
2026-07-10T17:15:00+00:00,KRW-VIRTUAL,B,0.03064,3.78
2026-07-10T18:00:00+00:00,KRW-MMT,B,0.03915,4.17
2026-07-10T18:30:00+00:00,KRW-VIRTUAL,A,-0.00922,4.3
2026-07-10T21:30:00+00:00,KRW-VIRTUAL,B,0.02137,6.26
2026-07-10T22:00:00+00:00,KRW-MMT,B,0.0298,3.8
2026-07-10T22:15:00+00:00,KRW-INJ,B,0.00808,3.35
2026-07-10T22:45:00+00:00,KRW-MMT,A,-0.01294,4.18
2026-07-10T23:15:00+00:00,KRW-PENDLE,B,0.00044,4.85
2026-07-11T00:00:00+00:00,KRW-B3,B,0.06768,4.51
2026-07-11T00:00:00+00:00,KRW-IN,B,0.03536,7.74
2026-07-11T00:00:00+00:00,KRW-KAT,A,-0.03619,9.58
2026-07-11T00:00:00+00:00,KRW-RVN,A,-0.0102,2.32
2026-07-11T00:15:00+00:00,KRW-AVNT,B,0.00662,3.01
2026-07-11T00:15:00+00:00,KRW-AWE,A,-0.05689,5.44
2026-07-11T01:15:00+00:00,KRW-MON,B,0.01458,3.48
2026-07-11T01:45:00+00:00,KRW-PLUME,B,0.00633,3.44
2026-07-11T02:00:00+00:00,KRW-B3,A,-0.04343,7.99
2026-07-11T02:00:00+00:00,KRW-MMT,B,0.00356,4.16
2026-07-11T02:30:00+00:00,KRW-ESP,A,-0.01923,2.86
2026-07-11T02:45:00+00:00,KRW-AWE,B,0.03926,6.15
2026-07-11T02:45:00+00:00,KRW-VIRTUAL,B,0.01064,5.42
2026-07-11T03:45:00+00:00,KRW-BIGTIME,B,0.01835,9.91
2026-07-11T04:00:00+00:00,KRW-KAT,B,0.06511,8.93
2026-07-11T04:15:00+00:00,KRW-B3,B,0.01489,4.07
2026-07-11T04:15:00+00:00,KRW-KAT,A,-0.05075,22.53
2026-07-11T04:30:00+00:00,KRW-ESP,B,0.01905,4.25
2026-07-11T06:45:00+00:00,KRW-FF,A,-0.00697,5.47
2026-07-11T07:00:00+00:00,KRW-VIRTUAL,A,-0.01499,4.53
2026-07-11T07:15:00+00:00,KRW-ESP,A,-0.00909,15.15
2026-07-11T08:15:00+00:00,KRW-INJ,B,0.00264,3.29
2026-07-11T08:15:00+00:00,KRW-VIRTUAL,B,0.00109,3.07
2026-07-11T08:30:00+00:00,KRW-B3,A,-0.0157,4.48
2026-07-11T08:30:00+00:00,KRW-ELSA,B,0.16058,31.75
2026-07-11T08:30:00+00:00,KRW-FIL,B,0.00169,6.45
2026-07-11T08:45:00+00:00,KRW-B3,B,0.01139,4.85
2026-07-11T08:45:00+00:00,KRW-ELSA,A,-0.09119,29.07
2026-07-11T08:45:00+00:00,KRW-HBAR,A,-0.00952,13.89
2026-07-11T11:45:00+00:00,KRW-CRO,B,0.00358,3.07
2026-07-11T12:00:00+00:00,KRW-ZIL,B,0.00439,17.67
2026-07-11T12:15:00+00:00,KRW-HBAR,B,0.0098,6.7
2026-07-11T12:45:00+00:00,KRW-ZIL,A,-0.00853,7.56
2026-07-11T13:15:00+00:00,KRW-MMT,B,0.02448,5.12
2026-07-11T13:30:00+00:00,KRW-B3,B,0.01203,3.99
2026-07-11T14:15:00+00:00,KRW-ARB,B,0.03571,3.62
2026-07-12T00:00:00+00:00,KRW-B3,B,0.06127,14.86
2026-07-12T00:15:00+00:00,KRW-ALGO,B,0.008,3.84
2026-07-12T00:15:00+00:00,KRW-B3,A,-0.04734,6.33
2026-07-12T00:15:00+00:00,KRW-ZIL,A,-0.00885,32.62
2026-07-12T00:30:00+00:00,KRW-STEEM,B,0.04777,61.58
2026-07-12T01:00:00+00:00,KRW-STEEM,A,-0.03892,29.22
2026-07-12T02:30:00+00:00,KRW-ELSA,B,0.0271,3.46
2026-07-12T02:30:00+00:00,KRW-TREE,B,0.02216,3.16
2026-07-12T02:45:00+00:00,KRW-TREE,A,-0.01012,3.85
2026-07-12T03:15:00+00:00,KRW-ERA,A,-0.01639,2.57
2026-07-12T03:30:00+00:00,KRW-ARB,B,0.02721,6.88
2026-07-12T04:15:00+00:00,KRW-STX,B,0.01145,3.72
2026-07-12T04:45:00+00:00,KRW-ELSA,A,-0.04402,5.7
2026-07-12T05:15:00+00:00,KRW-MMT,B,0.01083,13.45
2026-07-12T05:30:00+00:00,KRW-MMT,A,-0.01786,5.87
2026-07-12T06:00:00+00:00,KRW-ARB,A,-0.01351,6.89
2026-07-12T06:30:00+00:00,KRW-POL,B,0.00847,3.31
2026-07-12T12:15:00+00:00,KRW-ATH,B,0.01156,17.67
2026-07-12T12:30:00+00:00,KRW-ATH,A,-0.01286,9.64
2026-07-12T14:00:00+00:00,KRW-MON,B,0.00292,3.21
2026-07-12T14:15:00+00:00,KRW-ERA,B,0.0678,3.84
2026-07-12T14:30:00+00:00,KRW-ERA,A,-0.01587,2.83
2026-07-12T21:00:00+00:00,KRW-STORJ,A,-0.04202,8.94
2026-07-13T00:00:00+00:00,KRW-BSV,B,0.01277,3.94
2026-07-13T00:00:00+00:00,KRW-PUMP,B,0.04147,4.76
2026-07-13T00:00:00+00:00,KRW-TRX,B,0.00202,4.39
2026-07-13T00:00:00+00:00,KRW-XEC,B,0.07143,20.16
2026-07-13T00:15:00+00:00,KRW-ELSA,B,0.064,9.34
2026-07-13T00:30:00+00:00,KRW-PUMP,A,-0.01345,2.8
2026-07-13T01:00:00+00:00,KRW-DOT,A,-0.01186,6.1
2026-07-13T02:00:00+00:00,KRW-XAUT,A,-0.00378,7.63
2026-07-13T02:15:00+00:00,KRW-KITE,B,0.00529,4.24
2026-07-13T02:15:00+00:00,KRW-XEC,A,-0.02069,3.61
2026-07-13T03:00:00+00:00,KRW-ERA,A,-0.01613,5.99
2026-07-13T03:00:00+00:00,KRW-STX,A,-0.00816,3.67
2026-07-13T03:15:00+00:00,KRW-ATOM,B,0.00087,3.79
2026-07-13T03:15:00+00:00,KRW-JUP,B,0.00678,3.68
2026-07-13T03:30:00+00:00,KRW-CRO,B,0.00361,6.32
2026-07-13T03:45:00+00:00,KRW-SOON,A,-0.03279,2.69
2026-07-13T04:00:00+00:00,KRW-BSV,B,0.01638,3.73
2026-07-13T04:00:00+00:00,KRW-STX,B,0.00826,3.42
2026-07-13T04:00:00+00:00,KRW-XEC,B,0.07823,44.66
2026-07-13T04:15:00+00:00,KRW-ELSA,B,0.00487,5.33
2026-07-13T06:15:00+00:00,KRW-BCH,B,0.00284,5.04
2026-07-13T06:15:00+00:00,KRW-ETC,B,0.00391,3.48
2026-07-13T06:30:00+00:00,KRW-BSV,A,-0.02209,27.86
2026-07-13T06:45:00+00:00,KRW-KITE,B,0.01546,4.76
2026-07-13T07:00:00+00:00,KRW-ELSA,A,-0.04277,5.01
2026-07-13T07:00:00+00:00,KRW-XEC,A,-0.02804,22.52
2026-07-13T07:30:00+00:00,KRW-DOT,B,0.00161,3.78
2026-07-13T07:30:00+00:00,KRW-LINK,B,0.00254,3.11
2026-07-13T08:15:00+00:00,KRW-XEC,B,0.00408,22.66
2026-07-13T10:00:00+00:00,KRW-SHIB,A,-0.00479,6.68
2026-07-13T10:15:00+00:00,KRW-BSV,B,0.01143,9.79
2026-07-13T11:30:00+00:00,KRW-KITE,B,0.00966,4.78
2026-07-13T12:00:00+00:00,KRW-KITE,A,-0.02392,5.23
2026-07-13T12:15:00+00:00,KRW-BSV,A,-0.01545,9.82
2026-07-13T12:15:00+00:00,KRW-SKR,B,0.01408,11.57
2026-07-13T12:15:00+00:00,KRW-XEC,A,-0.01902,5.73
2026-07-13T12:30:00+00:00,KRW-XEC,B,0.00102,3.58
2026-07-13T12:45:00+00:00,KRW-SKR,A,-0.04054,3.46
2026-07-13T14:15:00+00:00,KRW-FIL,B,0.00266,3.45
2026-07-13T15:00:00+00:00,KRW-BSV,B,0.01078,3.44
2026-07-13T16:15:00+00:00,KRW-XEC,A,-0.01434,5.06
2026-07-13T20:15:00+00:00,KRW-XEC,B,0.0342,5.82
2026-07-13T20:45:00+00:00,KRW-BIGTIME,A,-0.0099,3.45
2026-07-13T21:00:00+00:00,KRW-SHIB,A,-0.00813,4.05
2026-07-13T21:15:00+00:00,KRW-VANA,B,0.09324,7.44
2026-07-13T21:30:00+00:00,KRW-ATOM,A,-0.00699,4.39
2026-07-13T21:30:00+00:00,KRW-FIL,A,-0.01613,10.67
2026-07-13T21:45:00+00:00,KRW-SHIB,B,0.00328,4.23
2026-07-13T22:15:00+00:00,KRW-VANA,A,-0.01635,1.57
2026-07-14T00:00:00+00:00,KRW-BLEND,B,0.10111,8.5
2026-07-14T00:00:00+00:00,KRW-KITE,B,0.02604,5.41
2026-07-14T00:00:00+00:00,KRW-MANTRA,B,0.00219,21.21
2026-07-14T00:00:00+00:00,KRW-UP2,B,0.0669,4.15
2026-07-14T00:00:00+00:00,KRW-XAUT,A,-0.00236,7.62
2026-07-14T00:15:00+00:00,KRW-BSV,A,-0.02114,2.2
2026-07-14T00:15:00+00:00,KRW-CRO,B,0.00491,11.7
2026-07-14T00:15:00+00:00,KRW-XEC,A,-0.04752,3.74
2026-07-14T00:30:00+00:00,KRW-BLEND,A,-0.0373,5.39
2026-07-14T00:30:00+00:00,KRW-XEC,B,0.01975,5.41
2026-07-14T01:15:00+00:00,KRW-ELSA,B,0.03794,6.59
2026-07-14T02:15:00+00:00,KRW-CRO,A,-0.00864,14.29
2026-07-14T03:15:00+00:00,KRW-VANA,B,0.1292,22.62
2026-07-14T04:00:00+00:00,KRW-VANA,A,-0.08952,98.05
2026-07-14T04:00:00+00:00,KRW-ZBT,B,0.01905,7.68
2026-07-14T04:15:00+00:00,KRW-ATOM,B,0.00044,5.17
2026-07-14T04:45:00+00:00,KRW-ELF,B,0.08108,10.85
2026-07-14T05:00:00+00:00,KRW-ELF,A,-0.053,5.02
2026-07-14T07:00:00+00:00,KRW-INJ,B,0.00269,3.23
2026-07-14T07:00:00+00:00,KRW-KITE,A,-0.02198,6.39
2026-07-14T07:15:00+00:00,KRW-FF,B,0.03889,3.89
2026-07-14T07:15:00+00:00,KRW-VANA,B,0.02433,18.92
2026-07-14T08:00:00+00:00,KRW-VANA,A,-0.01693,25.57
2026-07-14T08:45:00+00:00,KRW-FF,A,-0.00622,23.2
2026-07-14T10:45:00+00:00,KRW-B3,B,0.07331,5.31
2026-07-14T11:15:00+00:00,KRW-VANA,B,0.0103,4.79
2026-07-14T11:30:00+00:00,KRW-BONK,A,-0.01211,5.3
2026-07-14T11:45:00+00:00,KRW-FF,B,0.0064,5.74
2026-07-14T12:00:00+00:00,KRW-B3,A,-0.03051,10.91
2026-07-14T12:15:00+00:00,KRW-SHIB,B,0.00327,3.74
2026-07-14T12:30:00+00:00,KRW-APT,B,0.01011,6.11
2026-07-14T12:30:00+00:00,KRW-ARB,B,0.02273,4.94
2026-07-14T12:30:00+00:00,KRW-AVAX,B,0.00839,3.4
2026-07-14T12:30:00+00:00,KRW-COW,B,0.03941,4.18
2026-07-14T12:30:00+00:00,KRW-KITE,B,0.01714,3.57
2026-07-14T12:30:00+00:00,KRW-LINK,B,0.01103,3.14
2026-07-14T12:30:00+00:00,KRW-NEAR,B,0.00875,6.36
2026-07-14T12:30:00+00:00,KRW-PENGU,B,0.01058,4.58
2026-07-14T12:30:00+00:00,KRW-VANA,A,-0.01691,10.8
2026-07-14T12:30:00+00:00,KRW-XAUT,B,0.01226,5.21
2026-07-14T12:45:00+00:00,KRW-DOT,B,0.00404,5.66
2026-07-14T12:45:00+00:00,KRW-ETC,B,0.00293,3.03
2026-07-14T13:15:00+00:00,KRW-HBAR,B,0.00405,5.59
2026-07-14T13:15:00+00:00,KRW-PEPE,B,0.02184,6.26
2026-07-14T13:15:00+00:00,KRW-VIRTUAL,B,0.00818,5.18
2026-07-14T14:15:00+00:00,KRW-COW,A,-0.00922,11.27
2026-07-14T14:15:00+00:00,KRW-TREE,A,-0.01183,5.69
2026-07-14T14:45:00+00:00,KRW-B3,B,0.01431,7.82
2026-07-14T16:00:00+00:00,KRW-B3,A,-0.04777,4.95
2026-07-14T16:00:00+00:00,KRW-KAITO,B,0.00089,5.93
2026-07-14T16:15:00+00:00,KRW-FF,B,0.00651,4.32
2026-07-14T18:00:00+00:00,KRW-PUMP,A,-0.05116,3.34
2026-07-14T22:30:00+00:00,KRW-B3,B,0.0404,4.31
2026-07-14T23:30:00+00:00,KRW-XAUT,B,0.00034,3.07
2026-07-14T23:45:00+00:00,KRW-VANA,B,0.00329,3.01
2026-07-15T00:00:00+00:00,KRW-B3,A,-0.03364,6.8
2026-07-15T00:00:00+00:00,KRW-DATA,B,0.03865,5.63
2026-07-15T00:00:00+00:00,KRW-ELSA,B,0.01248,4.79
2026-07-15T00:00:00+00:00,KRW-ZBT,A,-0.025,6.13
2026-07-15T00:15:00+00:00,KRW-KAITO,B,0.00955,4.49
2026-07-15T00:30:00+00:00,KRW-VANA,A,-0.06597,7.88
2026-07-15T00:45:00+00:00,KRW-DATA,A,-0.01577,4.0
2026-07-15T01:00:00+00:00,KRW-0G,B,0.02662,3.1
2026-07-15T01:15:00+00:00,KRW-0G,A,-0.00741,6.14
2026-07-15T01:30:00+00:00,KRW-PUMP,B,0.03448,5.59
2026-07-15T01:45:00+00:00,KRW-ATH,B,0.00457,3.57
2026-07-15T02:00:00+00:00,KRW-TAO,A,-0.02016,4.43
2026-07-15T03:30:00+00:00,KRW-B3,B,0.04607,3.51
2026-07-15T03:30:00+00:00,KRW-XEC,B,0.07728,16.23
2026-07-15T04:00:00+00:00,KRW-XAUT,B,0.00034,9.45
2026-07-15T04:00:00+00:00,KRW-ZBT,A,-0.01504,25.52
2026-07-15T04:15:00+00:00,KRW-XEC,A,-0.0505,18.18
2026-07-15T04:15:00+00:00,KRW-ZBT,B,0.0458,8.74
2026-07-15T05:00:00+00:00,KRW-0G,B,0.02527,6.47
2026-07-15T05:15:00+00:00,KRW-0G,A,-0.00704,9.34
2026-07-15T05:45:00+00:00,KRW-PENGU,B,0.00883,3.14
2026-07-15T06:30:00+00:00,KRW-PIEVERSE,B,0.03391,14.45
2026-07-15T06:45:00+00:00,KRW-PIEVERSE,A,-0.02156,7.41
2026-07-15T07:00:00+00:00,KRW-ATH,B,0.00148,5.2
2026-07-15T07:30:00+00:00,KRW-XEC,B,0.04371,8.31
2026-07-15T08:00:00+00:00,KRW-PUMP,B,0.0041,5.22
2026-07-15T08:15:00+00:00,KRW-B3,B,0.0174,3.74
2026-07-15T09:45:00+00:00,KRW-CC,A,-0.00976,7.01
2026-07-15T09:45:00+00:00,KRW-ZBT,A,-0.01471,4.38
2026-07-15T11:00:00+00:00,KRW-0G,B,0.01079,4.91
2026-07-15T11:15:00+00:00,KRW-NEAR,B,0.0086,4.13
2026-07-15T12:30:00+00:00,KRW-CC,B,0.02956,16.54
2026-07-15T12:45:00+00:00,KRW-0G,A,-0.02516,24.15
2026-07-15T12:45:00+00:00,KRW-LINK,B,0.00961,4.82
2026-07-15T13:00:00+00:00,KRW-ETC,B,0.00095,3.82
2026-07-15T13:00:00+00:00,KRW-FLOCK,B,0.12526,51.09
2026-07-15T13:15:00+00:00,KRW-FLOCK,A,-0.05937,31.57
2026-07-15T13:15:00+00:00,KRW-IRYS,B,0.01571,3.2
2026-07-15T13:15:00+00:00,KRW-PEPE,B,0.01909,6.84
2026-07-15T13:15:00+00:00,KRW-SUI,B,0.00089,3.2
2026-07-15T13:30:00+00:00,KRW-ENS,B,0.01477,4.4
2026-07-15T13:45:00+00:00,KRW-FF,B,0.01923,4.65
2026-07-15T14:00:00+00:00,KRW-ETHFI,B,0.00473,3.37
2026-07-15T14:15:00+00:00,KRW-FF,A,-0.00917,5.4
2026-07-15T15:15:00+00:00,KRW-0G,B,0.01034,3.65
2026-07-15T17:00:00+00:00,KRW-FLOCK,B,0.00743,4.05
2026-07-15T20:15:00+00:00,KRW-FLOCK,A,-0.01507,3.54
2026-07-15T21:45:00+00:00,KRW-VIRTUAL,A,-0.01747,5.26
2026-07-16T00:00:00+00:00,KRW-B3,B,0.0609,11.26
2026-07-16T00:00:00+00:00,KRW-MEGA,B,0.04108,10.04
2026-07-16T00:00:00+00:00,KRW-VANA,B,0.03611,5.97
2026-07-16T01:15:00+00:00,KRW-ZBT,A,-0.01527,4.43
2026-07-16T01:45:00+00:00,KRW-TAO,B,0.0085,3.79
2026-07-16T02:00:00+00:00,KRW-MEGA,A,-0.03947,8.94
2026-07-16T02:30:00+00:00,KRW-TAO,A,-0.00574,4.12
2026-07-16T02:30:00+00:00,KRW-ZBT,B,0.03817,3.15
2026-07-16T02:45:00+00:00,KRW-LINK,B,0.0016,3.56
2026-07-16T02:45:00+00:00,KRW-PYTH,A,-0.01626,4.07
2026-07-16T03:00:00+00:00,KRW-PENDLE,B,0.00595,4.89
2026-07-16T03:30:00+00:00,KRW-XEC,B,0.04289,4.13
2026-07-16T04:15:00+00:00,KRW-CRO,B,0.00491,3.96
2026-07-16T05:30:00+00:00,KRW-BCH,B,0.01012,3.83
2026-07-16T05:45:00+00:00,KRW-FLOCK,B,0.07372,19.01
2026-07-16T05:45:00+00:00,KRW-PENDLE,A,-0.00917,4.77
2026-07-16T06:15:00+00:00,KRW-FLOCK,A,-0.01538,11.7
2026-07-16T06:30:00+00:00,KRW-BIGTIME,A,-0.0099,4.21
2026-07-16T06:45:00+00:00,KRW-PYTH,B,0.00134,3.88
2026-07-16T07:15:00+00:00,KRW-KAT,B,0.00538,3.71
2026-07-16T07:45:00+00:00,KRW-DOT,B,0.00245,6.59
2026-07-16T08:00:00+00:00,KRW-SHIB,A,-0.00813,4.29
2026-07-16T08:15:00+00:00,KRW-BIGTIME,B,0.00814,4.34
2026-07-16T08:15:00+00:00,KRW-VIRTUAL,B,0.00894,3.33
2026-07-16T10:15:00+00:00,KRW-FLOCK,A,-0.02181,13.62
2026-07-16T10:30:00+00:00,KRW-FLOCK,B,0.01544,7.51
2026-07-16T11:00:00+00:00,KRW-MANTRA,B,0.00725,3.49
2026-07-16T11:15:00+00:00,KRW-MANTRA,A,-0.01233,2.79
2026-07-16T12:30:00+00:00,KRW-STX,A,-0.0082,4.41
2026-07-16T12:45:00+00:00,KRW-XAUT,A,-0.00339,5.36
2026-07-16T14:00:00+00:00,KRW-FIL,B,0.00437,4.07
2026-07-16T14:15:00+00:00,KRW-CC,B,0.00503,3.04
2026-07-16T14:15:00+00:00,KRW-FLOCK,A,-0.02158,5.74
2026-07-16T14:45:00+00:00,KRW-CRO,B,0.00593,5.1
2026-07-16T14:45:00+00:00,KRW-VIRTUAL,A,-0.00938,4.65
2026-07-16T15:15:00+00:00,KRW-VIRTUAL,B,0.01259,4.24
2026-07-16T15:15:00+00:00,KRW-WLFI,A,-0.00467,2.98
2026-07-16T15:30:00+00:00,KRW-MANTRA,B,0.02655,5.89
2026-07-16T15:45:00+00:00,KRW-MANTRA,A,-0.01724,5.97
2026-07-16T18:15:00+00:00,KRW-CRO,A,-0.06112,100.77
2026-07-16T18:15:00+00:00,KRW-DOT,B,0.00239,3.81
2026-07-16T18:30:00+00:00,KRW-BONK,A,-0.03119,4.28
2026-07-16T18:45:00+00:00,KRW-BONK,B,0.02012,4.01
2026-07-16T19:00:00+00:00,KRW-CRO,B,0.00697,20.86
2026-07-16T20:15:00+00:00,KRW-MANTRA,B,0.01905,4.29
2026-07-16T23:00:00+00:00,KRW-ATOM,B,0.0009,3.42
2026-07-16T23:00:00+00:00,KRW-CRO,B,0.00336,5.96
2026-07-16T23:30:00+00:00,KRW-CRO,A,-0.01749,22.03
2026-07-16T23:30:00+00:00,KRW-SHIB,B,0.00165,3.05
2026-07-17T00:00:00+00:00,KRW-DATA,B,0.02195,5.57
2026-07-17T00:00:00+00:00,KRW-FLOCK,B,0.05808,18.72
2026-07-17T00:00:00+00:00,KRW-TRAC,B,0.14173,24.76
2026-07-17T00:00:00+00:00,KRW-VANA,B,0.00484,4.42
2026-07-17T00:00:00+00:00,KRW-XEC,B,0.04624,6.02
2026-07-17T00:15:00+00:00,KRW-LA,B,0.04762,8.13
2026-07-17T00:30:00+00:00,KRW-ATH,B,0.0312,5.12
2026-07-17T00:30:00+00:00,KRW-B3,B,0.02455,3.1
2026-07-17T00:30:00+00:00,KRW-FLOCK,A,-0.0156,7.0
2026-07-17T00:30:00+00:00,KRW-LINK,A,-0.00571,4.49
2026-07-17T00:30:00+00:00,KRW-TRAC,A,-0.03304,10.88
2026-07-17T00:30:00+00:00,KRW-VANA,A,-0.03379,5.25
2026-07-17T00:45:00+00:00,KRW-HBAR,B,0.00407,3.3
2026-07-17T00:45:00+00:00,KRW-LA,A,-0.02814,7.82
2026-07-17T01:00:00+00:00,KRW-ATH,A,-0.02108,10.66
2026-07-17T01:00:00+00:00,KRW-CC,B,0.01554,4.53
2026-07-17T02:00:00+00:00,KRW-DOT,B,0.00079,4.46
2026-07-17T02:00:00+00:00,KRW-ETC,A,-0.00393,4.16
2026-07-17T03:15:00+00:00,KRW-PENGU,B,0.00874,7.17
2026-07-17T03:45:00+00:00,KRW-CRO,A,-0.00923,1.5
2026-07-17T04:30:00+00:00,KRW-TRAC,B,0.01515,3.9
2026-07-17T04:30:00+00:00,KRW-TREE,B,0.00301,4.16
2026-07-17T04:45:00+00:00,KRW-TRAC,A,-0.04691,11.01
2026-07-17T06:45:00+00:00,KRW-VVV,A,-0.03768,3.38
2026-07-17T07:00:00+00:00,KRW-ENS,B,0.00784,4.24
2026-07-17T07:00:00+00:00,KRW-TRX,B,0.00211,4.34
2026-07-17T07:45:00+00:00,KRW-ENS,A,-0.00835,10.44
2026-07-17T07:45:00+00:00,KRW-TREE,A,-0.0404,53.68
2026-07-17T08:00:00+00:00,KRW-XEC,B,0.09615,8.57
2026-07-17T08:15:00+00:00,KRW-BSV,A,-0.01468,2.53
2026-07-17T08:15:00+00:00,KRW-LA,A,-0.01637,3.35
2026-07-17T08:15:00+00:00,KRW-XEC,A,-0.02632,9.63
2026-07-17T08:30:00+00:00,KRW-POL,B,0.02479,3.37
2026-07-17T08:45:00+00:00,KRW-ETC,B,0.00196,3.43
2026-07-17T08:45:00+00:00,KRW-PEPE,B,0.00746,3.49
2026-07-17T09:15:00+00:00,KRW-TRAC,B,0.00955,9.1
2026-07-17T10:30:00+00:00,KRW-TREE,B,0.00508,5.32
2026-07-17T10:45:00+00:00,KRW-PLUME,B,0.01258,4.36
2026-07-17T11:00:00+00:00,KRW-PIEVERSE,A,-0.01992,2.53
2026-07-17T11:00:00+00:00,KRW-ZORA,B,0.01942,6.48
2026-07-17T11:30:00+00:00,KRW-ZORA,A,-0.00943,11.4
2026-07-17T12:00:00+00:00,KRW-ENS,B,0.01274,4.9
2026-07-17T12:00:00+00:00,KRW-MANTRA,A,-0.01731,2.3
2026-07-17T12:15:00+00:00,KRW-CRO,A,-0.01917,0.92
2026-07-17T12:15:00+00:00,KRW-ENS,A,-0.00888,9.37
2026-07-17T13:00:00+00:00,KRW-PENGU,A,-0.01902,6.06
2026-07-17T13:00:00+00:00,KRW-TREE,A,-0.01528,5.74
2026-07-17T13:00:00+00:00,KRW-XEC,B,0.00847,3.03
2026-07-17T13:15:00+00:00,KRW-ALGO,B,0.00826,4.43
2026-07-17T13:15:00+00:00,KRW-ZIL,A,-0.00465,1.23
2026-07-17T13:45:00+00:00,KRW-PEPE,B,0.0101,4.81
2026-07-17T14:00:00+00:00,KRW-JUP,B,0.01049,3.23
2026-07-17T14:45:00+00:00,KRW-SOON,A,-0.02372,2.22
2026-07-17T15:15:00+00:00,KRW-XEC,A,-0.04167,4.57
2026-07-17T15:30:00+00:00,KRW-COW,A,-0.02985,5.69
2026-07-17T17:30:00+00:00,KRW-COW,B,0.00508,3.69
2026-07-17T17:30:00+00:00,KRW-DOT,A,-0.00865,4.81
2026-07-17T17:30:00+00:00,KRW-POL,A,-0.01613,5.27
2026-07-17T21:45:00+00:00,KRW-BONK,A,-0.02128,5.29
2026-07-17T22:15:00+00:00,KRW-ERA,A,-0.01887,4.5
2026-07-18T00:00:00+00:00,KRW-BSV,B,0.00911,12.03
2026-07-18T00:00:00+00:00,KRW-TRAC,B,0.02899,7.49
2026-07-18T00:00:00+00:00,KRW-TREE,A,-0.01868,3.2
2026-07-18T00:15:00+00:00,KRW-BONK,B,0.4696,209.6
2026-07-18T00:15:00+00:00,KRW-DOOD,B,0.04306,17.79
2026-07-18T00:15:00+00:00,KRW-PENGU,B,0.01026,6.33
2026-07-18T00:15:00+00:00,KRW-PEPE,B,0.00495,7.53
2026-07-18T00:15:00+00:00,KRW-TRAC,A,-0.07746,9.0
2026-07-18T00:30:00+00:00,KRW-MANTRA,B,0.04772,4.04
2026-07-18T00:30:00+00:00,KRW-VANA,B,0.01036,3.4
2026-07-18T00:30:00+00:00,KRW-WAVES,A,-0.02597,4.42
2026-07-18T00:45:00+00:00,KRW-DOOD,A,-0.02212,17.25
2026-07-18T01:15:00+00:00,KRW-CRO,B,0.00873,69.71
2026-07-18T01:30:00+00:00,KRW-CRO,A,-0.0119,15.12
2026-07-18T02:30:00+00:00,KRW-TRUMP,B,0.02872,4.0
2026-07-18T02:45:00+00:00,KRW-BONK,A,-0.07645,196.85
2026-07-18T03:15:00+00:00,KRW-TRUMP,A,-0.01856,4.16
2026-07-18T03:15:00+00:00,KRW-XEC,B,0.03478,3.18
2026-07-18T03:30:00+00:00,KRW-ERA,A,-0.0098,3.22
2026-07-18T03:30:00+00:00,KRW-SHIB,B,0.00979,3.65
2026-07-18T03:45:00+00:00,KRW-CC,A,-0.01064,4.08
2026-07-18T04:15:00+00:00,KRW-PENGU,B,0.00548,5.86
2026-07-18T04:30:00+00:00,KRW-BONK,B,0.02807,43.55
2026-07-18T04:30:00+00:00,KRW-INJ,A,-0.00722,6.01
2026-07-18T04:30:00+00:00,KRW-PENGU,A,-0.00763,4.73
2026-07-18T04:45:00+00:00,KRW-DOOD,A,-0.01351,4.13
2026-07-18T05:00:00+00:00,KRW-BIRB,A,-0.13226,8.95
2026-07-18T05:30:00+00:00,KRW-XEC,A,-0.02362,4.01
2026-07-18T06:00:00+00:00,KRW-PEPE,B,0.00249,3.82
2026-07-18T06:00:00+00:00,KRW-UP2,B,0.01398,3.31
2026-07-18T06:30:00+00:00,KRW-AAVE,B,0.00231,3.69
2026-07-18T06:30:00+00:00,KRW-BORA,A,-0.03412,3.6
2026-07-18T06:30:00+00:00,KRW-MET2,B,0.0297,3.38
2026-07-18T06:30:00+00:00,KRW-UP2,A,-0.04937,8.06
2026-07-18T07:00:00+00:00,KRW-MANTRA,A,-0.03055,2.26
2026-07-18T08:00:00+00:00,KRW-G,B,0.16499,6.41
2026-07-18T08:00:00+00:00,KRW-RVN,B,0.01616,4.05
2026-07-18T08:15:00+00:00,KRW-G,A,-0.01382,20.7
2026-07-18T08:30:00+00:00,KRW-BONK,B,0.01412,20.27
2026-07-18T08:30:00+00:00,KRW-ZRO,B,0.00413,4.1
2026-07-18T08:45:00+00:00,KRW-GAS,A,-0.01355,8.94
2026-07-18T08:45:00+00:00,KRW-XEC,B,0.048,4.26
2026-07-18T09:15:00+00:00,KRW-ERA,A,-0.01107,4.06
2026-07-18T09:45:00+00:00,KRW-GAS,B,0.06266,8.82
2026-07-18T10:00:00+00:00,KRW-TRUMP,B,0.02198,6.66
2026-07-18T10:15:00+00:00,KRW-TRUMP,A,-0.00836,4.47
2026-07-18T11:00:00+00:00,KRW-BONK,A,-0.04327,126.68
2026-07-18T12:45:00+00:00,KRW-XEC,A,-0.03311,8.05
2026-07-18T13:15:00+00:00,KRW-BONK,B,0.00268,23.93
2026-07-18T13:15:00+00:00,KRW-DOT,B,0.00081,4.75
2026-07-18T13:30:00+00:00,KRW-CHIP,B,0.01073,3.52
2026-07-18T13:30:00+00:00,KRW-GAS,A,-0.02698,7.96
2026-07-18T13:30:00+00:00,KRW-STX,B,0.0082,4.3
2026-07-18T13:45:00+00:00,KRW-INJ,B,0.00198,7.79
2026-07-18T14:30:00+00:00,KRW-SOPH,B,0.00755,3.77
2026-07-18T16:00:00+00:00,KRW-ZBT,B,0.04225,4.62
2026-07-18T18:00:00+00:00,KRW-BONK,B,0.00129,5.52
2026-07-18T22:15:00+00:00,KRW-BONK,B,0.01621,10.15
2026-07-19T00:00:00+00:00,KRW-DOOD,A,-0.00943,3.32
2026-07-19T00:00:00+00:00,KRW-GAS,B,0.01529,5.19
2026-07-19T00:00:00+00:00,KRW-ONT,B,0.00306,4.77
2026-07-19T00:00:00+00:00,KRW-XEC,B,0.03125,4.21
2026-07-19T00:00:00+00:00,KRW-ZORA,B,0.01281,3.69
2026-07-19T00:15:00+00:00,KRW-ZORA,A,-0.02845,3.24
2026-07-19T00:30:00+00:00,KRW-ZRO,B,0.00169,3.22
2026-07-19T00:45:00+00:00,KRW-INJ,B,0.00262,6.56
2026-07-19T01:00:00+00:00,KRW-BONK,A,-0.05897,5.2
2026-07-19T01:15:00+00:00,KRW-B3,B,0.10147,3.13
2026-07-19T01:45:00+00:00,KRW-B3,A,-0.04535,11.28
2026-07-19T01:45:00+00:00,KRW-LAYER,A,-0.00508,4.52
2026-07-19T02:15:00+00:00,KRW-BONK,B,0.03478,5.02
2026-07-19T03:30:00+00:00,KRW-KAITO,B,0.00965,5.77
2026-07-19T05:00:00+00:00,KRW-EDGE,B,0.05714,5.46
2026-07-19T05:15:00+00:00,KRW-VANA,B,0.03072,13.57
2026-07-19T06:30:00+00:00,KRW-TRAC,B,0.05665,3.15
2026-07-19T07:00:00+00:00,KRW-ATH,B,0.02703,8.46
2026-07-19T07:30:00+00:00,KRW-KAITO,B,0.00073,3.09
2026-07-19T07:30:00+00:00,KRW-PEPE,B,0.00971,4.6
2026-07-19T07:30:00+00:00,KRW-TRAC,A,-0.04726,54.57
2026-07-19T07:45:00+00:00,KRW-ATH,A,-0.01732,9.47
2026-07-19T08:00:00+00:00,KRW-PRL,A,-0.00766,5.03
2026-07-19T08:30:00+00:00,KRW-PLUME,B,0.01299,3.85
2026-07-19T09:00:00+00:00,KRW-BONK,B,0.05882,5.63
2026-07-19T10:00:00+00:00,KRW-BARD,B,0.02717,7.72
2026-07-19T10:30:00+00:00,KRW-BARD,A,-0.03191,14.46
2026-07-19T10:30:00+00:00,KRW-G,B,0.25621,15.56
2026-07-19T10:30:00+00:00,KRW-MANTRA,B,0.0625,24.21
2026-07-19T10:45:00+00:00,KRW-G,A,-0.0898,27.9
2026-07-19T10:45:00+00:00,KRW-MANTRA,A,-0.08039,42.75
2026-07-19T10:45:00+00:00,KRW-ZORA,B,0.06139,38.45
2026-07-19T10:45:00+00:00,KRW-ZRO,B,0.00333,8.05
2026-07-19T11:00:00+00:00,KRW-ZORA,A,-0.02353,20.37
2026-07-19T11:15:00+00:00,KRW-SKR,B,0.00787,3.54
2026-07-19T11:15:00+00:00,KRW-TRAC,B,0.03319,7.61
2026-07-19T12:00:00+00:00,KRW-DOT,A,-0.00654,7.44
2026-07-19T12:15:00+00:00,KRW-BONK,A,-0.04634,3.95
2026-07-19T13:00:00+00:00,KRW-TRAC,A,-0.02923,6.33
2026-07-19T13:15:00+00:00,KRW-SKR,A,-0.01481,15.27
2026-07-19T14:00:00+00:00,KRW-KAITO,A,-0.01406,3.96
2026-07-19T14:15:00+00:00,KRW-ERA,A,-0.05026,12.97
2026-07-19T16:15:00+00:00,KRW-ATH,B,0.00575,3.43
2026-07-19T17:30:00+00:00,KRW-ZIL,A,-0.01504,1.74
2026-07-19T21:15:00+00:00,KRW-PUMP,B,0.02174,3.15
2026-07-19T21:30:00+00:00,KRW-PUMP,A,-0.01773,3.56
2026-07-19T21:45:00+00:00,KRW-HYPER,B,0.02263,6.06
2026-07-19T21:45:00+00:00,KRW-PENGU,A,-0.00886,5.24
2026-07-20T00:00:00+00:00,KRW-ATOM,B,0.00322,3.65
2026-07-20T00:00:00+00:00,KRW-B3,B,0.06323,6.87
2026-07-20T00:00:00+00:00,KRW-BIGTIME,B,0.00625,3.39
2026-07-20T00:00:00+00:00,KRW-G,B,0.00584,4.4
2026-07-20T00:00:00+00:00,KRW-JUP,B,0.02768,3.7
2026-07-20T00:00:00+00:00,KRW-ZIL,A,-0.00771,2.12
2026-07-20T00:15:00+00:00,KRW-PLUME,B,0.01316,4.22
2026-07-20T00:15:00+00:00,KRW-TRAC,B,0.00651,3.36
2026-07-20T01:00:00+00:00,KRW-FIL,B,0.00757,4.18
2026-07-20T01:15:00+00:00,KRW-PEPE,B,0.00472,3.19
2026-07-20T01:15:00+00:00,KRW-PLUME,A,-0.0129,6.15
2026-07-20T01:30:00+00:00,KRW-ATH,B,0.00429,3.42
2026-07-20T01:30:00+00:00,KRW-BERA,B,0.00722,3.49
2026-07-20T01:30:00+00:00,KRW-HOLO,A,-0.02303,5.14
2026-07-20T01:45:00+00:00,KRW-ATOM,A,-0.00788,6.38
2026-07-20T02:00:00+00:00,KRW-ATH,A,-0.01262,7.72
2026-07-20T02:00:00+00:00,KRW-BERA,A,-0.00709,5.28
2026-07-20T03:15:00+00:00,KRW-BSV,B,0.00785,3.2
2026-07-20T04:15:00+00:00,KRW-BSV,A,-0.02879,3.25
2026-07-20T04:30:00+00:00,KRW-POL,B,0.00847,4.45
2026-07-20T05:00:00+00:00,KRW-BIGTIME,A,-0.01052,12.27
2026-07-20T05:00:00+00:00,KRW-ERA,A,-0.0155,4.23
2026-07-20T05:00:00+00:00,KRW-MANTRA,B,0.01925,5.09
2026-07-20T05:00:00+00:00,KRW-PEPE,A,-0.00952,4.91
2026-07-20T05:00:00+00:00,KRW-TRAC,B,0.06996,21.21
2026-07-20T05:30:00+00:00,KRW-ATH,B,0.01138,3.31
2026-07-20T05:30:00+00:00,KRW-ETC,B,0.00299,3.92
2026-07-20T05:30:00+00:00,KRW-MANTRA,A,-0.01745,2.29
2026-07-20T06:00:00+00:00,KRW-ERA,B,0.00555,3.16
2026-07-20T06:15:00+00:00,KRW-TRAC,A,-0.06551,7.62
2026-07-20T06:30:00+00:00,KRW-ETC,A,-0.00399,9.02
2026-07-20T06:45:00+00:00,KRW-ATH,A,-0.01944,2.56
2026-07-20T06:45:00+00:00,KRW-ZAMA,B,0.0113,5.07
2026-07-20T07:15:00+00:00,KRW-BIGTIME,B,0.00413,3.23
2026-07-20T07:15:00+00:00,KRW-DOT,B,0.00169,11.91
2026-07-20T09:00:00+00:00,KRW-INJ,B,0.00397,3.04
2026-07-20T09:00:00+00:00,KRW-SOPH,B,0.02308,5.68
2026-07-20T09:00:00+00:00,KRW-TRAC,B,0.01684,6.49
2026-07-20T09:00:00+00:00,KRW-ZIL,A,-0.01635,2.36
2026-07-20T09:30:00+00:00,KRW-ZAMA,A,-0.01978,13.46
2026-07-20T09:45:00+00:00,KRW-ZIL,B,0.05722,50.43
2026-07-20T10:45:00+00:00,KRW-ZAMA,B,0.01068,11.05
2026-07-20T11:15:00+00:00,KRW-BIGTIME,B,0.00821,3.69
2026-07-20T11:30:00+00:00,KRW-PEPE,B,0.00948,3.78
2026-07-20T11:45:00+00:00,KRW-BIGTIME,A,-0.01485,26.88
2026-07-20T11:45:00+00:00,KRW-MANTRA,A,-0.01636,2.67
2026-07-20T11:45:00+00:00,KRW-PENDLE,B,0.00907,3.24
2026-07-20T12:00:00+00:00,KRW-CHZ,B,0.01345,3.62
2026-07-20T12:45:00+00:00,KRW-ENSO,B,0.0149,4.61
2026-07-20T13:15:00+00:00,KRW-ZIL,A,-0.02013,15.23
2026-07-20T13:30:00+00:00,KRW-BCH,B,0.00317,5.12
2026-07-20T13:30:00+00:00,KRW-VIRTUAL,B,0.01419,5.47
2026-07-20T13:45:00+00:00,KRW-ZAMA,A,-0.01345,42.34
2026-07-20T13:45:00+00:00,KRW-ZIL,B,0.00924,9.02
2026-07-20T14:45:00+00:00,KRW-ZAMA,B,0.00344,21.94
2026-07-20T15:30:00+00:00,KRW-INJ,B,0.0045,5.72
2026-07-20T15:45:00+00:00,KRW-ETC,B,0.00495,4.11
2026-07-20T15:45:00+00:00,KRW-HBAR,B,0.00103,3.4
2026-07-20T16:30:00+00:00,KRW-DOT,A,-0.00746,10.22
2026-07-20T20:45:00+00:00,KRW-ETC,A,-0.00393,4.22
2026-07-20T20:45:00+00:00,KRW-MON,B,0.01208,5.42
2026-07-20T21:00:00+00:00,KRW-FIL,B,0.00561,3.73
2026-07-20T21:00:00+00:00,KRW-ZAMA,A,-0.00888,10.94
2026-07-20T21:15:00+00:00,KRW-MON,A,-0.01458,9.55
2026-07-20T21:45:00+00:00,KRW-ZAMA,B,0.00906,4.27
2026-07-20T22:15:00+00:00,KRW-ZIL,B,0.00952,4.39
2026-07-20T23:00:00+00:00,KRW-DOT,B,0.00333,7.01
2026-07-20T23:00:00+00:00,KRW-ERA,B,0.0151,4.37
2026-07-21T00:00:00+00:00,KRW-HBAR,B,0.00103,5.64
2026-07-21T00:00:00+00:00,KRW-TRAC,B,0.02004,5.85
2026-07-21T01:30:00+00:00,KRW-IRYS,B,0.03158,4.82
2026-07-21T01:30:00+00:00,KRW-MON,A,-0.01458,3.68
2026-07-21T01:45:00+00:00,KRW-ERA,A,-0.01587,43.06
2026-07-21T01:45:00+00:00,KRW-IRYS,A,-0.01531,16.35
2026-07-21T01:45:00+00:00,KRW-LA,B,0.01326,3.22
2026-07-21T02:15:00+00:00,KRW-ZIL,A,-0.03917,3.04
2026-07-21T02:45:00+00:00,KRW-ATOM,B,0.00046,4.47
2026-07-21T03:00:00+00:00,KRW-ERA,B,0.0473,110.94
2026-07-21T03:00:00+00:00,KRW-TRAC,A,-0.03824,6.35
2026-07-21T03:45:00+00:00,KRW-LA,A,-0.03725,70.99
2026-07-21T03:45:00+00:00,KRW-RVN,B,0.01252,3.07
2026-07-21T03:45:00+00:00,KRW-TREE,B,0.05386,7.45
2026-07-21T04:00:00+00:00,KRW-TREE,A,-0.0477,10.4
2026-07-21T05:45:00+00:00,KRW-BIGTIME,B,0.01,8.92
2026-07-21T05:45:00+00:00,KRW-LA,B,0.01343,27.95
2026-07-21T05:45:00+00:00,KRW-POL,B,0.00855,8.86
2026-07-21T06:00:00+00:00,KRW-DOT,B,0.01299,3.4
2026-07-21T06:15:00+00:00,KRW-ERA,A,-0.01974,39.19
2026-07-21T06:15:00+00:00,KRW-VVV,B,0.0484,6.85
2026-07-21T06:45:00+00:00,KRW-AVNT,B,0.01471,4.83
2026-07-21T07:00:00+00:00,KRW-BIGTIME,A,-0.0098,7.53
2026-07-21T07:00:00+00:00,KRW-ERA,B,0.0073,46.04
2026-07-21T07:15:00+00:00,KRW-SOPH,B,0.01297,6.46
2026-07-21T07:30:00+00:00,KRW-SOPH,A,-0.01138,3.88
2026-07-21T07:45:00+00:00,KRW-INJ,B,0.00513,4.12
2026-07-21T08:00:00+00:00,KRW-LA,A,-0.01891,18.13
2026-07-21T08:00:00+00:00,KRW-TREE,A,-0.01903,7.29
2026-07-21T08:00:00+00:00,KRW-ZAMA,A,-0.01715,2.19
2026-07-21T08:15:00+00:00,KRW-ME,B,0.00938,4.89
2026-07-21T08:30:00+00:00,KRW-ME,A,-0.02477,8.91
2026-07-21T08:30:00+00:00,KRW-POL,A,-0.01681,10.46
2026-07-21T09:45:00+00:00,KRW-AKT,B,0.01387,18.45
2026-07-21T09:45:00+00:00,KRW-BIGTIME,B,0.0098,4.1
2026-07-21T09:45:00+00:00,KRW-LA,B,0.02169,4.76
2026-07-21T10:00:00+00:00,KRW-FIL,B,0.00182,3.35
2026-07-21T10:30:00+00:00,KRW-XAUT,B,0.00034,4.65
2026-07-21T11:00:00+00:00,KRW-ERA,B,0.05517,136.53
2026-07-21T11:30:00+00:00,KRW-AVAX,B,0.0031,3.05
2026-07-21T11:30:00+00:00,KRW-ERA,A,-0.03268,70.46
2026-07-21T12:00:00+00:00,KRW-LA,A,-0.02576,12.06
2026-07-21T12:00:00+00:00,KRW-VVV,A,-0.01149,10.55
2026-07-21T12:00:00+00:00,KRW-ZBT,B,0.04255,3.13
2026-07-21T13:15:00+00:00,KRW-APT,B,0.00223,3.3
2026-07-21T14:30:00+00:00,KRW-LA,B,0.0151,6.7
2026-07-21T14:30:00+00:00,KRW-VIRTUAL,B,0.01227,3.72
2026-07-21T14:30:00+00:00,KRW-ZRO,B,0.01906,4.68
2026-07-21T15:00:00+00:00,KRW-ERA,B,0.00662,21.99
2026-07-21T15:45:00+00:00,KRW-ERA,A,-0.01974,6.77
2026-07-21T20:00:00+00:00,KRW-ERA,B,0.01379,17.18
2026-07-21T21:45:00+00:00,KRW-BIO,B,0.03283,5.78
2026-07-21T22:00:00+00:00,KRW-DOT,A,-0.00722,4.51
2026-07-21T22:00:00+00:00,KRW-ERA,A,-0.02797,15.79
2026-07-21T22:30:00+00:00,KRW-BIO,A,-0.02433,4.4
2026-07-22T00:00:00+00:00,KRW-ERA,B,0.0073,7.11
2026-07-22T00:00:00+00:00,KRW-HOLO,B,0.04224,88.76
2026-07-22T00:00:00+00:00,KRW-MIRA,B,0.10802,7.07
2026-07-22T00:00:00+00:00,KRW-SOPH,B,0.00871,9.41
2026-07-22T00:00:00+00:00,KRW-TREE,B,0.00704,39.9
2026-07-22T00:15:00+00:00,KRW-FIL,B,0.01065,6.46
2026-07-22T00:15:00+00:00,KRW-HOLO,A,-0.02938,29.55
2026-07-22T00:15:00+00:00,KRW-LA,A,-0.01582,8.39
2026-07-22T00:15:00+00:00,KRW-LAYER,A,-0.00726,5.2
2026-07-22T00:15:00+00:00,KRW-TREE,A,-0.01573,8.33
2026-07-22T00:45:00+00:00,KRW-MIRA,A,-0.03365,6.6
2026-07-22T00:45:00+00:00,KRW-PENDLE,B,0.01224,3.4
2026-07-22T01:00:00+00:00,KRW-LA,B,0.00635,3.19
2026-07-22T01:30:00+00:00,KRW-SOPH,A,-0.06093,47.05
2026-07-22T01:45:00+00:00,KRW-ZORA,B,0.0144,9.34
2026-07-22T02:00:00+00:00,KRW-ZORA,A,-0.02637,6.09
2026-07-22T02:15:00+00:00,KRW-XEC,B,0.02703,4.36
2026-07-22T04:00:00+00:00,KRW-MON,B,0.00593,3.84
2026-07-22T04:30:00+00:00,KRW-APT,B,0.00676,3.91
2026-07-22T04:30:00+00:00,KRW-BONK,B,0.12319,7.67
2026-07-22T04:30:00+00:00,KRW-ERA,B,0.05426,4.51
2026-07-22T04:30:00+00:00,KRW-SOPH,B,0.00592,3.72
2026-07-22T06:45:00+00:00,KRW-INJ,B,0.00329,6.17
2026-07-22T07:00:00+00:00,KRW-NEAR,A,-0.01078,4.41
2026-07-22T07:00:00+00:00,KRW-ZAMA,A,-0.01483,2.27
2026-07-22T07:45:00+00:00,KRW-LA,B,0.03636,3.96
2026-07-22T08:00:00+00:00,KRW-TREE,B,0.01815,3.08
2026-07-22T08:15:00+00:00,KRW-ERA,A,-0.13918,46.65
2026-07-22T08:15:00+00:00,KRW-LA,A,-0.0365,10.22
2026-07-22T08:45:00+00:00,KRW-ERA,B,0.03593,6.66
2026-07-22T10:00:00+00:00,KRW-ZIL,A,-0.05181,4.71
2026-07-22T10:15:00+00:00,KRW-ZAMA,B,0.02276,6.78
2026-07-22T12:15:00+00:00,KRW-ZAMA,A,-0.01366,7.04
2026-07-22T12:45:00+00:00,KRW-BONK,B,0.08,4.23
2026-07-22T13:45:00+00:00,KRW-ATOM,B,0.00093,4.67
2026-07-22T14:00:00+00:00,KRW-LINK,B,0.00079,3.13
2026-07-22T15:00:00+00:00,KRW-ERA,B,0.00662,3.17
2026-07-22T15:45:00+00:00,KRW-HOLO,B,0.01644,16.53
2026-07-22T15:45:00+00:00,KRW-MIRA,B,0.20091,16.94
2026-07-22T16:00:00+00:00,KRW-HOLO,A,-0.02427,10.37
2026-07-22T16:15:00+00:00,KRW-WLFI,A,-0.0123,4.09
2026-07-22T20:15:00+00:00,KRW-ATOM,B,0.0014,8.38
2026-07-22T22:15:00+00:00,KRW-ERA,B,0.03472,3.76
2026-07-22T22:45:00+00:00,KRW-ZAMA,B,0.00734,3.83
2026-07-22T23:00:00+00:00,KRW-ARB,A,-0.01515,4.32
2026-07-23T00:00:00+00:00,KRW-BLEND,B,0.09865,13.77
2026-07-23T00:00:00+00:00,KRW-MIRA,B,0.02925,7.45
2026-07-23T00:00:00+00:00,KRW-TREE,B,0.01619,14.92
2026-07-23T00:00:00+00:00,KRW-WLFI,A,-0.01832,30.71
2026-07-23T00:15:00+00:00,KRW-APT,B,0.00549,3.38
2026-07-23T00:15:00+00:00,KRW-MON,B,0.00298,5.33
2026-07-23T00:30:00+00:00,KRW-LA,B,0.01975,6.04
2026-07-23T01:00:00+00:00,KRW-BLEND,A,-0.01582,5.71
2026-07-23T01:15:00+00:00,KRW-WLFI,B,0.01186,11.14
2026-07-23T01:45:00+00:00,KRW-ZIL,B,0.06757,10.29
2026-07-23T02:00:00+00:00,KRW-ZIL,A,-0.08354,5.19
2026-07-23T02:15:00+00:00,KRW-BARD,B,0.01053,3.0
2026-07-23T02:45:00+00:00,KRW-ZAMA,B,0.01766,6.31
2026-07-23T03:00:00+00:00,KRW-ZAMA,A,-0.02003,7.2
2026-07-23T03:15:00+00:00,KRW-DOT,A,-0.00582,4.9
2026-07-23T03:15:00+00:00,KRW-ERA,B,0.06623,6.49
2026-07-23T04:45:00+00:00,KRW-APT,B,0.00772,9.38
2026-07-23T05:30:00+00:00,KRW-WLFI,B,0.00603,9.12
2026-07-23T06:30:00+00:00,KRW-WLFI,A,-0.00904,34.35
2026-07-23T07:45:00+00:00,KRW-KITE,A,-0.01212,4.82
2026-07-23T08:00:00+00:00,KRW-KITE,B,0.01227,3.8
2026-07-23T08:15:00+00:00,KRW-ZAMA,A,-0.01669,5.44
2026-07-23T08:45:00+00:00,KRW-BARD,B,0.08421,17.4
2026-07-23T09:00:00+00:00,KRW-BERA,B,0.01779,13.13
2026-07-23T09:15:00+00:00,KRW-BERA,A,-0.01748,3.93
2026-07-23T09:30:00+00:00,KRW-BARD,A,-0.04128,32.62
2026-07-23T09:30:00+00:00,KRW-PLUME,B,0.0061,3.4
2026-07-23T09:30:00+00:00,KRW-WLFI,B,0.00764,6.96
2026-07-23T09:30:00+00:00,KRW-ZAMA,B,0.02156,6.68
2026-07-23T10:15:00+00:00,KRW-ZIL,B,0.07735,4.16
2026-07-23T10:30:00+00:00,KRW-ZIL,A,-0.02821,8.71
2026-07-23T11:00:00+00:00,KRW-WLFI,A,-0.00864,17.25
2026-07-23T11:15:00+00:00,KRW-ALGO,B,0.00826,3.42
2026-07-23T12:00:00+00:00,KRW-KAITO,B,0.03545,10.27
2026-07-23T12:30:00+00:00,KRW-SHIB,A,-0.00809,4.67
2026-07-23T12:45:00+00:00,KRW-ZAMA,A,-0.02618,11.75
2026-07-23T13:30:00+00:00,KRW-PENDLE,B,0.01095,4.4
2026-07-23T13:30:00+00:00,KRW-WLFI,B,0.00912,11.24
2026-07-23T13:45:00+00:00,KRW-DOT,B,0.00168,6.58
2026-07-23T14:30:00+00:00,KRW-BARD,B,0.03175,5.07
2026-07-23T14:30:00+00:00,KRW-LA,B,0.01661,3.35
2026-07-23T15:15:00+00:00,KRW-WLFI,A,-0.01011,4.43
2026-07-23T15:45:00+00:00,KRW-POL,A,-0.00885,5.44
2026-07-23T16:00:00+00:00,KRW-ZAMA,B,0.04598,7.82
2026-07-23T18:00:00+00:00,KRW-BCH,A,-0.00422,6.04
2026-07-23T18:00:00+00:00,KRW-ZAMA,A,-0.01407,3.91
2026-07-23T18:45:00+00:00,KRW-LA,B,0.04447,3.55
2026-07-23T21:15:00+00:00,KRW-AKT,A,-0.00792,4.44
2026-07-23T21:15:00+00:00,KRW-BARD,B,0.02632,10.42
2026-07-23T21:30:00+00:00,KRW-WLFI,A,-0.01266,6.73
2026-07-23T21:45:00+00:00,KRW-XPL,A,-0.01667,4.75
2026-07-23T22:45:00+00:00,KRW-ALGO,B,0.00826,3.48
2026-07-23T23:45:00+00:00,KRW-WLFI,B,0.00118,8.26
2026-07-24T00:00:00+00:00,KRW-ZAMA,B,0.0141,3.52
2026-07-24T00:15:00+00:00,KRW-BARD,A,-0.0396,15.4
2026-07-24T00:15:00+00:00,KRW-IN,B,0.05307,4.79
2026-07-24T00:15:00+00:00,KRW-INJ,B,0.00197,3.48
2026-07-24T00:30:00+00:00,KRW-ERA,B,0.07746,7.31
2026-07-24T00:45:00+00:00,KRW-ERA,A,-0.03268,5.22
2026-07-24T00:45:00+00:00,KRW-PLUME,B,0.00595,3.88
2026-07-24T00:45:00+00:00,KRW-STX,A,-0.00833,3.9
2026-07-24T01:00:00+00:00,KRW-BIGTIME,B,0.00529,11.97
2026-07-24T01:00:00+00:00,KRW-SEI,B,0.00301,3.66
2026-07-24T01:45:00+00:00,KRW-LA,B,0.01638,5.02
2026-07-24T01:45:00+00:00,KRW-ZAMA,A,-0.03444,5.16
2026-07-24T02:00:00+00:00,KRW-PEPE,B,0.00247,4.16
2026-07-24T02:30:00+00:00,KRW-ETC,A,-0.00908,13.68
2026-07-24T03:00:00+00:00,KRW-AVAX,B,0.00274,3.01
2026-07-24T03:00:00+00:00,KRW-ETC,B,0.00255,4.06
2026-07-24T03:00:00+00:00,KRW-JUP,B,0.00735,4.1
2026-07-24T03:00:00+00:00,KRW-LSK,A,-0.064,4.44
2026-07-24T03:45:00+00:00,KRW-PENDLE,B,0.0013,3.48
2026-07-24T03:45:00+00:00,KRW-STX,B,0.00926,16.93
2026-07-24T05:00:00+00:00,KRW-TAO,B,0.00356,7.8
2026-07-24T05:15:00+00:00,KRW-DATA,B,0.04051,9.58
2026-07-24T05:30:00+00:00,KRW-DATA,A,-0.01946,8.44
2026-07-24T06:00:00+00:00,KRW-AXS,B,0.00155,3.46
2026-07-24T06:00:00+00:00,KRW-ZRO,B,0.02269,3.71
2026-07-24T07:45:00+00:00,KRW-STX,B,0.00472,5.07
2026-07-24T08:00:00+00:00,KRW-STX,A,-0.00939,6.87
2026-07-24T08:30:00+00:00,KRW-ZAMA,B,0.02362,3.47
2026-07-24T10:00:00+00:00,KRW-ATOM,A,-0.00582,7.54
2026-07-24T11:15:00+00:00,KRW-ATOM,B,0.00049,4.28
2026-07-24T12:00:00+00:00,KRW-BIO,B,0.01225,3.17
2026-07-24T12:30:00+00:00,KRW-LA,B,0.0098,5.3
2026-07-24T12:30:00+00:00,KRW-STX,B,0.00476,4.14
2026-07-24T12:45:00+00:00,KRW-BIO,A,-0.01217,3.72
2026-07-24T12:45:00+00:00,KRW-POL,A,-0.00877,12.59
2026-07-24T13:00:00+00:00,KRW-APT,B,0.00114,4.48
2026-07-24T13:00:00+00:00,KRW-DOT,A,-0.00856,9.48
2026-07-24T13:00:00+00:00,KRW-ETC,A,-0.00715,11.5
2026-07-24T13:00:00+00:00,KRW-INJ,A,-0.00714,5.47
2026-07-24T13:00:00+00:00,KRW-SEI,A,-0.01511,6.04
2026-07-24T13:00:00+00:00,KRW-SUI,A,-0.00471,5.28
2026-07-24T13:00:00+00:00,KRW-TAO,A,-0.00794,4.55
2026-07-24T13:15:00+00:00,KRW-RENDER,B,0.00047,4.28
2026-07-24T13:15:00+00:00,KRW-TAO,B,0.00255,3.7
2026-07-24T13:45:00+00:00,KRW-VIRTUAL,B,0.00116,3.69
2026-07-24T14:30:00+00:00,KRW-BERA,A,-0.01141,5.76
2026-07-24T14:30:00+00:00,KRW-NEAR,A,-0.01969,6.96
2026-07-24T14:30:00+00:00,KRW-W,B,0.00787,4.5
2026-07-24T14:45:00+00:00,KRW-NEAR,B,0.00227,3.15
2026-07-24T15:00:00+00:00,KRW-PENDLE,B,0.00949,7.87
2026-07-24T17:30:00+00:00,KRW-STX,B,0.00939,5.25
2026-07-24T19:45:00+00:00,KRW-TRX,B,0.0062,3.54
2026-07-24T20:15:00+00:00,KRW-ALGO,B,0.008,3.41
2026-07-24T20:30:00+00:00,KRW-LINK,A,-0.00489,7.48
2026-07-24T21:00:00+00:00,KRW-ETC,A,-0.00778,4.81
2026-07-24T21:15:00+00:00,KRW-HBAR,A,-0.01869,10.49
2026-07-25T00:00:00+00:00,KRW-KAT,B,0.00142,14.93
2026-07-25T00:00:00+00:00,KRW-MIRA,B,0.062,6.35
2026-07-25T00:00:00+00:00,KRW-STX,A,-0.01878,8.42
2026-07-25T00:15:00+00:00,KRW-DATA,B,0.01724,3.11
2026-07-25T00:45:00+00:00,KRW-ALGO,B,0.02381,3.95
2026-07-25T00:45:00+00:00,KRW-ZAMA,B,0.00617,7.94
2026-07-25T01:30:00+00:00,KRW-ZAMA,A,-0.03664,13.02
2026-07-25T02:00:00+00:00,KRW-ETC,A,-0.00416,5.66
2026-07-25T02:15:00+00:00,KRW-AKT,A,-0.02929,10.82
2026-07-25T02:15:00+00:00,KRW-SAHARA,B,0.02985,11.06
2026-07-25T02:15:00+00:00,KRW-STX,B,0.005,3.2
2026-07-25T02:30:00+00:00,KRW-AKT,B,0.00575,3.05
2026-07-25T02:30:00+00:00,KRW-SOON,B,0.00403,3.86
2026-07-25T03:00:00+00:00,KRW-PLUME,B,0.00592,4.43
2026-07-25T03:15:00+00:00,KRW-SAHARA,A,-0.02128,9.85
2026-07-25T04:45:00+00:00,KRW-ZAMA,B,0.01443,14.39
2026-07-25T05:15:00+00:00,KRW-ZIL,B,0.02387,3.19
2026-07-25T05:30:00+00:00,KRW-ZAMA,A,-0.01648,7.59
2026-07-25T07:30:00+00:00,KRW-SOON,A,-0.012,4.04
2026-07-25T08:45:00+00:00,KRW-ZAMA,B,0.00361,8.12
2026-07-25T09:00:00+00:00,KRW-ESP,B,0.0177,3.33
2026-07-25T09:15:00+00:00,KRW-PRL,A,-0.01418,1.66
2026-07-25T09:30:00+00:00,KRW-ZAMA,A,-0.065,20.24
2026-07-25T10:00:00+00:00,KRW-ESP,A,-0.01667,13.59
2026-07-25T13:45:00+00:00,KRW-AVAX,B,0.01118,9.67
2026-07-25T13:45:00+00:00,KRW-VVV,A,-0.01221,3.0
2026-07-25T14:00:00+00:00,KRW-ENSO,B,0.01466,4.61
2026-07-25T14:15:00+00:00,KRW-ENSO,A,-0.01685,12.79
2026-07-25T14:15:00+00:00,KRW-SHIB,B,0.01415,12.56
2026-07-25T15:45:00+00:00,KRW-PENGU,B,0.00795,3.55
2026-07-25T16:00:00+00:00,KRW-PEPE,B,0.00501,3.62
2026-07-25T16:15:00+00:00,KRW-BERA,B,0.00741,4.96
2026-07-25T16:15:00+00:00,KRW-SHIB,A,-0.01395,61.0
2026-07-25T16:30:00+00:00,KRW-PLUME,B,0.00581,5.3
2026-07-25T16:30:00+00:00,KRW-ZAMA,B,0.00892,3.76
2026-07-25T18:30:00+00:00,KRW-HBAR,A,-0.00962,4.09
2026-07-25T18:45:00+00:00,KRW-SHIB,B,0.01262,12.85
2026-07-25T20:45:00+00:00,KRW-SHIB,A,-0.0055,5.52
2026-07-25T21:00:00+00:00,KRW-POL,A,-0.00885,9.51
2026-07-25T21:30:00+00:00,KRW-AVAX,B,0.00101,3.88
2026-07-25T23:00:00+00:00,KRW-SHIB,B,0.00141,6.21
2026-07-26T00:00:00+00:00,KRW-B3,B,0.03606,3.26
2026-07-26T00:00:00+00:00,KRW-BLEND,B,0.04911,12.04
2026-07-26T00:00:00+00:00,KRW-LA,B,0.00947,4.28
2026-07-26T00:00:00+00:00,KRW-MIRA,B,0.00463,4.3
2026-07-26T00:15:00+00:00,KRW-ZAMA,B,0.01106,3.0
2026-07-26T00:45:00+00:00,KRW-PLUME,B,0.00568,4.34
2026-07-26T01:00:00+00:00,KRW-BERA,A,-0.01136,4.07
2026-07-26T01:15:00+00:00,KRW-BLEND,A,-0.02024,5.96
2026-07-26T02:00:00+00:00,KRW-ETC,B,0.01262,6.08
2026-07-26T02:15:00+00:00,KRW-PEPE,B,0.01471,6.85
2026-07-26T02:30:00+00:00,KRW-PENGU,B,0.00109,3.34
2026-07-26T02:45:00+00:00,KRW-SHIB,A,-0.00771,12.31
2026-07-26T03:00:00+00:00,KRW-SHIB,B,0.00389,13.23
2026-07-26T04:00:00+00:00,KRW-PEPE,A,-0.00935,12.05
2026-07-26T04:00:00+00:00,KRW-PIEVERSE,B,0.03718,8.46
2026-07-26T06:15:00+00:00,KRW-INJ,A,-0.02861,5.46
2026-07-26T06:15:00+00:00,KRW-LA,B,0.02913,3.86
2026-07-26T06:15:00+00:00,KRW-PRL,B,0.03663,6.05
2026-07-26T06:15:00+00:00,KRW-VVV,B,0.01052,3.03
2026-07-26T06:30:00+00:00,KRW-PIEVERSE,A,-0.02343,22.68
2026-07-26T06:30:00+00:00,KRW-PRL,A,-0.01413,2.53
2026-07-26T06:45:00+00:00,KRW-PEPE,B,0.03555,19.97
2026-07-26T06:45:00+00:00,KRW-VVV,A,-0.01929,4.99
2026-07-26T07:00:00+00:00,KRW-ETC,B,0.00099,5.35
2026-07-26T07:30:00+00:00,KRW-SHIB,A,-0.00963,6.49
2026-07-26T07:30:00+00:00,KRW-ZORA,B,0.0286,5.51
2026-07-26T07:45:00+00:00,KRW-STX,B,0.0198,3.29
2026-07-26T08:00:00+00:00,KRW-ETC,A,-0.00584,17.21
2026-07-26T08:00:00+00:00,KRW-MON,A,-0.01282,4.4
2026-07-26T08:00:00+00:00,KRW-ZORA,A,-0.01542,22.03
2026-07-26T08:15:00+00:00,KRW-PIEVERSE,B,0.0129,9.9
2026-07-26T08:15:00+00:00,KRW-SHIB,B,0.01348,5.67
2026-07-26T08:30:00+00:00,KRW-STX,A,-0.00971,3.04
2026-07-26T10:00:00+00:00,KRW-HYPER,B,0.0051,29.36
2026-07-26T10:00:00+00:00,KRW-ZAMA,B,0.02454,3.29
2026-07-26T10:15:00+00:00,KRW-HYPER,A,-0.01523,30.8
2026-07-26T10:15:00+00:00,KRW-PRL,B,0.00317,8.08
2026-07-26T11:00:00+00:00,KRW-KAITO,B,0.02889,3.11
2026-07-26T11:00:00+00:00,KRW-PIEVERSE,A,-0.04944,14.35
2026-07-26T11:00:00+00:00,KRW-PRL,A,-0.04717,12.69
2026-07-26T11:00:00+00:00,KRW-ZAMA,A,-0.05714,5.6
2026-07-26T11:15:00+00:00,KRW-APT,B,0.00216,3.07
2026-07-26T11:15:00+00:00,KRW-PEPE,B,0.01624,5.17
2026-07-26T11:30:00+00:00,KRW-APT,A,-0.01402,14.71
2026-07-26T12:00:00+00:00,KRW-LINK,B,0.00406,4.98
2026-07-26T12:00:00+00:00,KRW-UNI,B,0.00892,6.05
2026-07-26T12:30:00+00:00,KRW-SHIB,B,0.0063,12.85
2026-07-26T12:45:00+00:00,KRW-SHIB,A,-0.02378,8.79
2026-07-26T12:45:00+00:00,KRW-UNI,A,-0.00613,4.54
2026-07-26T13:15:00+00:00,KRW-ESP,B,0.00862,36.19
2026-07-26T13:15:00+00:00,KRW-KAITO,A,-0.01404,6.01
2026-07-26T13:15:00+00:00,KRW-PEPE,A,-0.00686,8.02
2026-07-26T13:30:00+00:00,KRW-TAO,B,0.00105,3.24
2026-07-26T13:45:00+00:00,KRW-SOON,B,0.01167,3.28
2026-07-26T14:15:00+00:00,KRW-LA,B,0.07767,9.31
2026-07-26T14:15:00+00:00,KRW-PLUME,B,0.01117,11.64
2026-07-26T14:15:00+00:00,KRW-SOON,A,-0.02264,264.44
2026-07-26T14:30:00+00:00,KRW-ELSA,B,0.03606,4.32
2026-07-26T14:30:00+00:00,KRW-HYPER,B,0.01697,3.24
2026-07-26T14:30:00+00:00,KRW-LA,A,-0.02703,6.35
2026-07-26T14:45:00+00:00,KRW-BSV,B,0.0286,6.14
2026-07-26T14:45:00+00:00,KRW-ESP,A,-0.05844,65.17
2026-07-26T15:00:00+00:00,KRW-PIEVERSE,A,-0.03333,12.71
2026-07-26T15:15:00+00:00,KRW-PEPE,B,0.00236,4.5
2026-07-26T15:15:00+00:00,KRW-PIEVERSE,B,0.0067,7.3
2026-07-26T15:45:00+00:00,KRW-SPK,B,0.00397,5.82
2026-07-26T16:45:00+00:00,KRW-ETC,B,0.0165,9.3
2026-07-26T17:00:00+00:00,KRW-ETC,A,-0.01719,5.02
2026-07-26T17:00:00+00:00,KRW-SHIB,B,0.01463,3.81
2026-07-26T17:30:00+00:00,KRW-ESP,B,0.06154,8.41
2026-07-26T18:15:00+00:00,KRW-SOON,B,0.01429,3.25
2026-07-26T19:15:00+00:00,KRW-ESP,A,-0.02013,6.19
2026-07-26T19:30:00+00:00,KRW-TAO,B,0.00139,4.49
2026-07-26T21:45:00+00:00,KRW-ESP,B,0.02532,11.93
2026-07-26T22:15:00+00:00,KRW-SOON,A,-0.01678,13.44
2026-07-26T22:30:00+00:00,KRW-LINK,B,0.00394,7.56
2026-07-26T22:30:00+00:00,KRW-SHIB,B,0.00908,3.51
2026-07-26T22:30:00+00:00,KRW-SOON,B,0.00341,8.65
2026-07-26T23:00:00+00:00,KRW-PUMP,A,-0.03356,4.9
2026-07-26T23:45:00+00:00,KRW-AAVE,B,0.00341,3.18
2026-07-27T00:00:00+00:00,KRW-BONK,B,0.00202,3.73
2026-07-27T00:00:00+00:00,KRW-ERA,B,0.01739,3.88
2026-07-27T00:00:00+00:00,KRW-IRYS,B,0.08333,51.57
2026-07-27T00:00:00+00:00,KRW-MANTRA,B,0.0585,4.17
2026-07-27T00:00:00+00:00,KRW-PRL,B,0.01068,11.81
2026-07-27T00:00:00+00:00,KRW-SPK,B,0.01594,7.42
2026-07-27T00:15:00+00:00,KRW-B3,A,-0.02013,4.77
2026-07-27T00:15:00+00:00,KRW-IRYS,A,-0.03846,44.69
2026-07-27T00:15:00+00:00,KRW-LA,B,0.07273,3.05
2026-07-27T00:15:00+00:00,KRW-MANTRA,A,-0.04811,4.56
2026-07-27T00:15:00+00:00,KRW-PRL,A,-0.05634,5.6
2026-07-27T00:15:00+00:00,KRW-UP2,B,0.13652,12.67
2026-07-27T00:30:00+00:00,KRW-PIEVERSE,B,0.01644,4.73
2026-07-27T00:30:00+00:00,KRW-UP2,A,-0.07908,13.82
2026-07-27T00:45:00+00:00,KRW-SPK,A,-0.00772,12.19
2026-07-27T01:00:00+00:00,KRW-ESP,A,-0.02424,3.48
2026-07-27T01:00:00+00:00,KRW-PLUME,B,0.01714,4.33
2026-07-27T01:30:00+00:00,KRW-SHIB,A,-0.02356,5.06
2026-07-27T01:30:00+00:00,KRW-STORJ,A,-0.02885,3.07
2026-07-27T01:45:00+00:00,KRW-APT,B,0.00328,5.32
2026-07-27T02:00:00+00:00,KRW-FIL,B,0.00461,7.67
2026-07-27T02:15:00+00:00,KRW-STORJ,B,0.01029,4.05
2026-07-27T03:15:00+00:00,KRW-SOON,A,-0.02083,2.59
2026-07-27T04:00:00+00:00,KRW-IRYS,B,0.00957,8.8
2026-07-27T04:15:00+00:00,KRW-ZORA,B,0.01464,4.72
2026-07-27T04:30:00+00:00,KRW-MEGA,B,0.00917,3.54
2026-07-27T04:30:00+00:00,KRW-PLUME,A,-0.0113,7.6
2026-07-27T04:30:00+00:00,KRW-SHIB,B,0.00405,3.06
2026-07-27T04:30:00+00:00,KRW-ZORA,A,-0.01856,10.01
2026-07-27T05:00:00+00:00,KRW-DATA,B,0.01064,11.25
2026-07-27T05:00:00+00:00,KRW-ESP,B,0.0125,4.62
2026-07-27T05:00:00+00:00,KRW-PLUME,B,0.0113,4.24
2026-07-27T05:15:00+00:00,KRW-FF,B,0.0372,13.19
2026-07-27T05:15:00+00:00,KRW-SPK,A,-0.00803,5.94
2026-07-27T05:30:00+00:00,KRW-FF,A,-0.01739,7.88
2026-07-27T05:30:00+00:00,KRW-IRYS,A,-0.01887,3.91
2026-07-27T05:45:00+00:00,KRW-AAVE,B,0.00822,4.35
2026-07-27T05:45:00+00:00,KRW-ESP,A,-0.03727,2.51
2026-07-27T05:45:00+00:00,KRW-PEPE,B,0.02064,4.82
2026-07-27T06:00:00+00:00,KRW-SOON,B,0.03729,3.19
2026-07-27T06:00:00+00:00,KRW-ZRO,B,0.00076,3.26
2026-07-27T08:00:00+00:00,KRW-IRYS,B,0.01878,7.62
2026-07-27T08:15:00+00:00,KRW-TRX,B,0.00207,4.56
2026-07-27T08:15:00+00:00,KRW-UP2,B,0.0387,6.4
2026-07-27T08:30:00+00:00,KRW-STORJ,A,-0.01214,4.83
2026-07-27T08:30:00+00:00,KRW-UP2,A,-0.01961,4.22
2026-07-27T08:45:00+00:00,KRW-DATA,A,-0.01064,4.5
2026-07-27T08:45:00+00:00,KRW-MOVE,A,-0.03623,4.89
2026-07-27T08:45:00+00:00,KRW-ZRO,A,-0.01625,20.32
2026-07-27T09:15:00+00:00,KRW-STORJ,B,0.00804,3.95
2026-07-27T10:15:00+00:00,KRW-SOON,A,-0.02572,3.13
2026-07-27T10:15:00+00:00,KRW-ZAMA,B,0.02336,3.37
2026-07-27T10:30:00+00:00,KRW-PUMP,B,0.03311,12.71
2026-07-27T10:45:00+00:00,KRW-ZRO,B,0.02004,18.99
2026-07-27T11:30:00+00:00,KRW-DATA,B,0.00271,5.4
2026-07-27T12:15:00+00:00,KRW-MON,A,-0.01325,5.15
2026-07-27T12:30:00+00:00,KRW-HBAR,B,0.02,8.58
2026-07-27T12:45:00+00:00,KRW-IRYS,B,0.00488,3.1
2026-07-27T13:30:00+00:00,KRW-AKT,B,0.01203,4.06
2026-07-27T13:30:00+00:00,KRW-BIGTIME,B,0.00751,3.25
2026-07-27T13:30:00+00:00,KRW-IRYS,A,-0.01435,3.54
2026-07-27T13:30:00+00:00,KRW-PLUME,B,0.00565,4.28
2026-07-27T14:15:00+00:00,KRW-AKT,A,-0.02556,4.08
2026-07-27T14:15:00+00:00,KRW-ATOM,A,-0.00747,5.6
2026-07-27T14:15:00+00:00,KRW-BIGTIME,A,-0.01925,5.93
2026-07-27T14:15:00+00:00,KRW-INJ,A,-0.01048,6.35
2026-07-27T14:15:00+00:00,KRW-SOON,B,0.02961,3.87
2026-07-27T14:15:00+00:00,KRW-ZRO,A,-0.01712,21.77
2026-07-27T14:30:00+00:00,KRW-CHZ,A,-0.02513,8.09
2026-07-27T14:30:00+00:00,KRW-DATA,A,-0.0109,5.31
2026-07-27T14:30:00+00:00,KRW-ETHFI,A,-0.01637,4.62
2026-07-27T14:30:00+00:00,KRW-FIL,A,-0.01871,12.2
2026-07-27T14:30:00+00:00,KRW-HOLO,A,-0.02451,1.74
2026-07-27T14:30:00+00:00,KRW-MOVE,A,-0.03008,3.65
2026-07-27T14:30:00+00:00,KRW-PENGU,A,-0.02829,4.86
2026-07-27T14:30:00+00:00,KRW-PLUME,A,-0.01685,8.37
2026-07-27T14:30:00+00:00,KRW-SOON,A,-0.01278,4.97
2026-07-27T14:30:00+00:00,KRW-SPK,A,-0.00826,5.43
2026-07-27T14:30:00+00:00,KRW-SUI,A,-0.00877,11.26
2026-07-27T14:30:00+00:00,KRW-TAO,A,-0.0084,4.63
2026-07-27T14:45:00+00:00,KRW-LINK,B,0.00481,3.42
2026-07-27T14:45:00+00:00,KRW-ZRO,B,0.01325,3.71
2026-07-27T17:00:00+00:00,KRW-LA,B,0.2069,9.63
2026-07-27T17:30:00+00:00,KRW-IRYS,B,0.0367,19.79
2026-07-27T17:30:00+00:00,KRW-LA,A,-0.05263,4.76
2026-07-27T18:00:00+00:00,KRW-IRYS,A,-0.02203,5.77
2026-07-27T20:15:00+00:00,KRW-SOON,B,0.01441,4.45
2026-07-27T21:00:00+00:00,KRW-SOON,A,-0.03672,6.27
2026-07-27T21:30:00+00:00,KRW-ATOM,B,0.00258,5.37
2026-07-27T21:30:00+00:00,KRW-LA,B,0.0099,5.4
2026-07-27T22:00:00+00:00,KRW-CHZ,A,-0.01531,8.33
2026-07-27T22:30:00+00:00,KRW-BIGTIME,A,-0.01207,4.58
2026-07-27T22:30:00+00:00,KRW-SUI,A,-0.01079,4.64
2026-07-27T22:45:00+00:00,KRW-ATOM,A,-0.01041,5.01
2026-07-27T22:45:00+00:00,KRW-CFG,A,-0.01145,4.11
2026-07-27T22:45:00+00:00,KRW-DOT,A,-0.02814,15.4
2026-07-27T22:45:00+00:00,KRW-ETC,A,-0.00799,4.71
2026-07-27T22:45:00+00:00,KRW-FIL,A,-0.02408,10.14
2026-07-27T22:45:00+00:00,KRW-LINK,A,-0.00805,3.96
2026-07-27T22:45:00+00:00,KRW-SAND,A,-0.014,1.68
2026-07-27T22:45:00+00:00,KRW-SEI,A,-0.01266,12.37
2026-07-27T23:00:00+00:00,KRW-ALGO,B,0.00855,4.53
2026-07-27T23:00:00+00:00,KRW-BIO,A,-0.01111,4.58
2026-07-27T23:00:00+00:00,KRW-DOT,B,0.0009,10.05
2026-07-27T23:00:00+00:00,KRW-FIL,B,0.00197,11.54
2026-07-27T23:00:00+00:00,KRW-XPL,A,-0.02542,4.68
2026-07-27T23:00:00+00:00,KRW-ZRO,A,-0.01589,8.89
2026-07-27T23:15:00+00:00,KRW-SUI,B,0.00504,4.34
2026-07-27T23:30:00+00:00,KRW-SNT,A,-0.01,3.35
2026-07-27T23:45:00+00:00,KRW-IRYS,B,0.01951,3.53
2026-07-28T00:00:00+00:00,KRW-AWE,A,-0.00871,3.34
2026-07-28T00:00:00+00:00,KRW-MEGA,A,-0.00688,10.95
2026-07-28T00:00:00+00:00,KRW-STORJ,B,0.00455,11.04
2026-07-28T00:00:00+00:00,KRW-UP2,A,-0.02926,5.86
2026-07-28T00:15:00+00:00,KRW-APT,B,0.00348,3.0
2026-07-28T00:15:00+00:00,KRW-B3,B,0.00537,3.59
2026-07-28T00:15:00+00:00,KRW-IRYS,A,-0.03774,10.69
2026-07-28T00:15:00+00:00,KRW-SEI,B,0.0082,5.92
2026-07-28T00:15:00+00:00,KRW-STORJ,A,-0.03054,5.11
2026-07-28T00:30:00+00:00,KRW-B3,A,-0.04406,5.49
2026-07-28T00:30:00+00:00,KRW-LINK,B,0.00164,5.52
2026-07-28T01:00:00+00:00,KRW-TAO,A,-0.01608,6.14
2026-07-28T01:30:00+00:00,KRW-LA,B,0.04569,5.7
2026-07-28T01:45:00+00:00,KRW-AKT,B,0.01087,12.78
2026-07-28T01:45:00+00:00,KRW-AVNT,A,-0.00813,5.38
2026-07-28T01:45:00+00:00,KRW-EDGE,B,0.00615,3.1
2026-07-28T03:30:00+00:00,KRW-SNT,A,-0.02851,2.84
2026-07-28T03:30:00+00:00,KRW-SOON,B,0.01127,3.16
2026-07-28T03:45:00+00:00,KRW-SOON,A,-0.03343,3.54
2026-07-28T04:00:00+00:00,KRW-BLEND,B,0.06542,4.82
2026-07-28T05:15:00+00:00,KRW-TRAC,B,0.09068,3.03
2026-07-28T06:00:00+00:00,KRW-APT,A,-0.00699,9.24
2026-07-28T06:00:00+00:00,KRW-POL,B,0.00952,4.13
2026-07-28T07:30:00+00:00,KRW-ETC,A,-0.0056,4.11
2026-07-28T07:45:00+00:00,KRW-AXS,B,0.00083,4.16
2026-07-28T07:45:00+00:00,KRW-XAUT,A,-0.00204,4.18
2026-07-28T08:00:00+00:00,KRW-PLUME,B,0.0061,3.45
2026-07-28T09:00:00+00:00,KRW-SNT,A,-0.00857,1.96
2026-07-28T09:00:00+00:00,KRW-STORJ,B,0.02638,30.84
2026-07-28T09:30:00+00:00,KRW-STORJ,A,-0.04837,9.05
2026-07-28T09:45:00+00:00,KRW-ALGO,B,0.00855,3.09
2026-07-28T09:45:00+00:00,KRW-LA,B,0.03249,4.21
2026-07-28T11:45:00+00:00,KRW-DOT,B,0.00272,3.95
2026-07-28T11:45:00+00:00,KRW-SOON,B,0.06799,5.0
2026-07-28T12:15:00+00:00,KRW-TRAC,B,0.01229,3.75
2026-07-28T12:30:00+00:00,KRW-PLUME,B,0.01183,3.46
2026-07-28T13:00:00+00:00,KRW-UNI,B,0.00176,3.88
2026-07-28T13:30:00+00:00,KRW-APT,A,-0.00825,7.55
2026-07-28T13:30:00+00:00,KRW-RENDER,A,-0.01356,6.85
2026-07-28T13:30:00+00:00,KRW-SNT,A,-0.01401,4.94
2026-07-28T14:15:00+00:00,KRW-SOON,A,-0.01724,10.57
2026-07-28T14:15:00+00:00,KRW-ZIL,B,0.00855,4.28
2026-07-28T15:00:00+00:00,KRW-TRX,B,0.00212,8.68
2026-07-28T15:15:00+00:00,KRW-BCH,B,0.00976,5.73
2026-07-28T16:45:00+00:00,KRW-SOON,B,0.02481,3.62
2026-07-28T20:00:00+00:00,KRW-SOPH,A,-0.00826,2.19
2026-07-28T22:00:00+00:00,KRW-OPEN,B,0.00407,3.67
2026-07-28T22:45:00+00:00,KRW-TAO,A,-0.0078,4.19
2026-07-29T00:00:00+00:00,KRW-LINK,B,0.00409,4.17
2026-07-29T00:15:00+00:00,KRW-APT,B,0.00117,4.09
2026-07-29T00:15:00+00:00,KRW-UP2,A,-0.01895,5.13
2026-07-29T00:30:00+00:00,KRW-UP2,B,0.01395,3.9
2026-07-29T00:45:00+00:00,KRW-IRYS,B,0.01435,4.03
2026-07-29T01:00:00+00:00,KRW-COW,A,-0.01648,16.24
2026-07-29T01:00:00+00:00,KRW-ZIL,B,0.0896,3.27
2026-07-29T01:15:00+00:00,KRW-OPEN,A,-0.016,7.9
2026-07-29T01:15:00+00:00,KRW-STORJ,B,0.01141,3.59
2026-07-29T01:45:00+00:00,KRW-TRX,A,-0.00425,3.69
2026-07-29T02:15:00+00:00,KRW-SAHARA,B,0.00901,3.32
2026-07-29T02:15:00+00:00,KRW-SNT,A,-0.01427,5.81
2026-07-29T02:15:00+00:00,KRW-STORJ,A,-0.03358,3.46
2026-07-29T02:45:00+00:00,KRW-OPEN,B,0.0122,3.21
2026-07-29T03:15:00+00:00,KRW-ENSO,A,-0.0284,3.79
2026-07-29T03:15:00+00:00,KRW-SOON,A,-0.03544,6.74
2026-07-29T03:30:00+00:00,KRW-BIGTIME,A,-0.0071,4.64
2026-07-29T03:30:00+00:00,KRW-FIL,A,-0.00703,6.64
2026-07-29T03:30:00+00:00,KRW-PUMP,A,-0.02482,4.07
2026-07-29T03:45:00+00:00,KRW-RENDER,A,-0.00596,6.54
2026-07-29T04:00:00+00:00,KRW-AKT,B,0.00495,6.84
2026-07-29T04:00:00+00:00,KRW-AVAX,A,-0.01084,5.93
2026-07-29T04:15:00+00:00,KRW-BCH,A,-0.0046,6.0
2026-07-29T04:15:00+00:00,KRW-SIGN,A,-0.00935,5.01
2026-07-29T04:30:00+00:00,KRW-APT,A,-0.00613,6.62
2026-07-29T04:45:00+00:00,KRW-APT,B,0.00617,3.6
2026-07-29T05:00:00+00:00,KRW-ESP,B,0.04153,5.47
2026-07-29T05:00:00+00:00,KRW-W,B,0.0082,3.86
2026-07-29T06:45:00+00:00,KRW-OPEN,B,0.00816,4.01
2026-07-29T07:15:00+00:00,KRW-PLUME,B,0.01143,3.21
2026-07-29T07:30:00+00:00,KRW-FF,B,0.0444,3.02
2026-07-29T08:00:00+00:00,KRW-SOON,A,-0.03022,3.75
2026-07-29T08:45:00+00:00,KRW-DOT,B,0.00367,3.13
2026-07-29T09:15:00+00:00,KRW-ENSO,A,-0.00879,4.04
2026-07-29T09:15:00+00:00,KRW-INJ,B,0.01382,5.43
2026-07-29T09:15:00+00:00,KRW-SOON,B,0.04062,5.25
2026-07-29T11:00:00+00:00,KRW-PRL,B,0.02759,4.95
2026-07-29T11:30:00+00:00,KRW-OPEN,B,0.00395,3.72
2026-07-29T11:45:00+00:00,KRW-MET2,B,0.02381,3.44
2026-07-29T12:00:00+00:00,KRW-PRL,A,-0.01993,1.74
2026-07-29T12:00:00+00:00,KRW-SHIB,B,0.00582,5.43
2026-07-29T12:30:00+00:00,KRW-IRYS,B,0.01818,3.15
2026-07-29T13:45:00+00:00,KRW-OPEN,A,-0.02652,5.47
2026-07-29T14:45:00+00:00,KRW-SOON,A,-0.02516,6.16
2026-07-29T15:15:00+00:00,KRW-SOON,B,0.01311,4.91
2026-07-29T16:00:00+00:00,KRW-XPL,A,-0.0177,6.6
2026-07-29T16:15:00+00:00,KRW-KAITO,B,0.01897,3.03
2026-07-29T16:15:00+00:00,KRW-OPEN,B,0.00389,3.6
2026-07-29T16:15:00+00:00,KRW-PENDLE,B,0.00639,3.58
2026-07-29T16:30:00+00:00,KRW-FIL,A,-0.01325,4.33
2026-07-29T17:00:00+00:00,KRW-ALGO,A,-0.01786,4.97
2026-07-29T18:00:00+00:00,KRW-UNI,B,0.00527,4.16
2026-07-29T18:00:00+00:00,KRW-XAUT,B,0.00865,3.4
2026-07-29T18:45:00+00:00,KRW-NEAR,B,0.00429,3.37
2026-07-29T20:30:00+00:00,KRW-AAVE,B,0.00073,6.47
2026-07-29T21:00:00+00:00,KRW-AAVE,A,-0.0073,7.15
2026-07-29T21:15:00+00:00,KRW-SIGN,B,0.01,3.81
2026-07-29T22:45:00+00:00,KRW-ALGO,B,0.00909,8.14
2026-07-29T22:45:00+00:00,KRW-PLUME,B,0.00585,3.31
2026-07-29T23:15:00+00:00,KRW-SOON,A,-0.03093,4.8
2026-07-30T00:00:00+00:00,KRW-EDGE,B,0.09123,9.34
2026-07-30T00:00:00+00:00,KRW-IRYS,B,0.03774,6.47
2026-07-30T00:00:00+00:00,KRW-LA,B,0.03684,4.32
2026-07-30T00:15:00+00:00,KRW-EDGE,A,-0.01608,5.7
2026-07-30T00:15:00+00:00,KRW-IRYS,A,-0.06818,5.62
2026-07-30T00:15:00+00:00,KRW-PLUME,A,-0.01775,6.47
2026-07-30T00:15:00+00:00,KRW-UP2,B,0.01384,8.06
2026-07-30T00:45:00+00:00,KRW-AAVE,B,0.00222,4.01
2026-07-30T00:45:00+00:00,KRW-SNT,A,-0.01503,6.87
2026-07-30T01:00:00+00:00,KRW-SNT,B,0.02113,3.43
2026-07-30T03:00:00+00:00,KRW-HOLO,A,-0.04959,2.75
2026-07-30T03:00:00+00:00,KRW-LAYER,B,0.02128,6.4
2026-07-30T05:00:00+00:00,KRW-XPL,A,-0.01835,6.54
2026-07-30T05:15:00+00:00,KRW-FF,A,-0.04858,11.85
2026-07-30T05:30:00+00:00,KRW-FF,B,0.00851,5.53
2026-07-30T05:30:00+00:00,KRW-SOON,B,0.04096,5.4
2026-07-30T06:30:00+00:00,KRW-SOON,A,-0.01967,6.19
2026-07-30T07:00:00+00:00,KRW-ESP,B,0.21729,11.16
2026-07-30T07:45:00+00:00,KRW-ESP,A,-0.11864,10.54
2026-07-30T08:00:00+00:00,KRW-EDGE,B,0.07219,14.2
2026-07-30T08:15:00+00:00,KRW-TRX,B,0.00429,4.75
2026-07-30T08:15:00+00:00,KRW-UNI,B,0.00173,3.36
2026-07-30T08:30:00+00:00,KRW-HOLO,A,-0.07273,3.56
2026-07-30T08:45:00+00:00,KRW-EDGE,A,-0.02255,8.03
2026-07-30T09:45:00+00:00,KRW-PENDLE,B,0.00497,4.27
2026-07-30T11:00:00+00:00,KRW-ESP,B,0.04386,3.79
2026-07-30T11:00:00+00:00,KRW-SOON,B,0.01316,3.1
2026-07-30T11:15:00+00:00,KRW-KAITO,A,-0.01523,4.2
2026-07-30T11:30:00+00:00,KRW-KAITO,B,0.00202,3.15
2026-07-30T11:30:00+00:00,KRW-PLUME,B,0.00606,3.52
2026-07-30T12:45:00+00:00,KRW-EDGE,B,0.0198,3.32
2026-07-30T12:45:00+00:00,KRW-UNI,B,0.01269,4.77
2026-07-30T13:30:00+00:00,KRW-TRX,A,-0.00855,4.19
2026-07-30T13:45:00+00:00,KRW-BCH,B,0.03088,18.39
2026-07-30T13:45:00+00:00,KRW-STORJ,B,0.06438,4.57
2026-07-30T14:00:00+00:00,KRW-STORJ,A,-0.0296,2.77
2026-07-30T14:15:00+00:00,KRW-PUMP,B,0.00364,5.9
2026-07-30T14:30:00+00:00,KRW-XAUT,B,0.00155,23.08
2026-07-30T14:45:00+00:00,KRW-MMT,B,0.03934,6.76
2026-07-30T15:00:00+00:00,KRW-MMT,A,-0.01577,5.04
2026-07-30T16:15:00+00:00,KRW-PENDLE,B,0.00438,3.01
2026-07-30T16:30:00+00:00,KRW-PENDLE,A,-0.00969,5.52
2026-07-30T16:45:00+00:00,KRW-JUP,B,0.00361,3.07
2026-07-30T17:00:00+00:00,KRW-UNI,A,-0.02052,4.71
2026-07-30T17:15:00+00:00,KRW-FIL,B,0.02298,3.84
2026-07-30T18:45:00+00:00,KRW-MMT,B,0.0142,6.27
2026-07-30T22:15:00+00:00,KRW-MMT,A,-0.0235,3.2
2026-07-31T00:00:00+00:00,KRW-EDGE,B,0.07784,9.89
2026-07-31T00:00:00+00:00,KRW-LA,B,0.05489,6.46
2026-07-31T00:00:00+00:00,KRW-SOON,B,0.03425,3.17
2026-07-31T00:15:00+00:00,KRW-ALGO,B,0.00877,3.08
2026-07-31T00:15:00+00:00,KRW-MOVE,B,0.02679,6.38
2026-07-31T00:30:00+00:00,KRW-MMT,B,0.03333,4.23
2026-07-31T00:30:00+00:00,KRW-MOVE,A,-0.02609,8.82
2026-07-31T01:00:00+00:00,KRW-AKT,B,0.00465,3.43
2026-07-31T01:00:00+00:00,KRW-PEPE,B,0.00761,3.13
2026-07-31T01:15:00+00:00,KRW-UNI,B,0.01175,3.9
2026-07-31T01:30:00+00:00,KRW-ESP,B,0.01,3.28
2026-07-31T03:45:00+00:00,KRW-MMT,A,-0.02138,5.64
2026-07-31T03:45:00+00:00,KRW-OPEN,B,0.00388,3.11
2026-07-31T04:30:00+00:00,KRW-AVNT,A,-0.00833,5.51
2026-07-31T04:30:00+00:00,KRW-MMT,B,0.00721,4.91
2026-07-31T04:45:00+00:00,KRW-LAYER,B,0.01856,7.53
2026-07-31T05:15:00+00:00,KRW-LAYER,A,-0.0296,14.16
2026-07-31T05:30:00+00:00,KRW-SUI,A,-0.00507,3.88
2026-07-31T07:00:00+00:00,KRW-PLUME,A,-0.01829,5.84
2026-07-31T07:00:00+00:00,KRW-SAND,B,0.01485,9.72
2026-07-31T07:15:00+00:00,KRW-HYPER,B,0.04265,87.41
2026-07-31T07:15:00+00:00,KRW-LINK,A,-0.00423,4.0
2026-07-31T07:15:00+00:00,KRW-ZRO,B,0.00489,3.27
2026-07-31T07:30:00+00:00,KRW-AXS,B,0.01093,3.63
2026-07-31T07:30:00+00:00,KRW-HYPER,A,-0.00682,18.13
2026-07-31T07:30:00+00:00,KRW-SIGN,B,0.00306,3.78
2026-07-31T07:45:00+00:00,KRW-AXS,A,-0.00666,3.65
2026-07-31T07:45:00+00:00,KRW-RED,A,-0.02239,2.06
2026-07-31T07:45:00+00:00,KRW-SAND,A,-0.03312,10.83
2026-07-31T07:45:00+00:00,KRW-XEC,B,0.07118,3.18
2026-07-31T08:00:00+00:00,KRW-XEC,A,-0.02465,5.1
2026-07-31T08:30:00+00:00,KRW-MMT,B,0.00472,4.41
2026-07-31T09:00:00+00:00,KRW-BCH,A,-0.00856,11.73
2026-07-31T10:00:00+00:00,KRW-TRX,A,-0.00426,5.87
2026-07-31T10:30:00+00:00,KRW-AVNT,B,0.01681,3.14
2026-07-31T10:30:00+00:00,KRW-ERA,B,0.04902,5.98
2026-07-31T10:45:00+00:00,KRW-BIRB,B,0.02854,12.53
2026-07-31T10:45:00+00:00,KRW-IN,B,0.00396,6.27
2026-07-31T10:45:00+00:00,KRW-MMT,A,-0.02569,58.85
2026-07-31T11:00:00+00:00,KRW-PLUME,B,0.00613,3.1
2026-07-31T11:30:00+00:00,KRW-BIRB,A,-0.18372,10.46
2026-07-31T11:45:00+00:00,KRW-XEC,B,0.0303,5.1
2026-07-31T12:00:00+00:00,KRW-XEC,A,-0.07451,4.89
2026-07-31T12:30:00+00:00,KRW-MMT,B,0.02717,31.95
2026-07-31T13:30:00+00:00,KRW-SNT,B,0.02152,14.47
2026-07-31T14:15:00+00:00,KRW-SNT,A,-0.06504,110.73
2026-07-31T15:15:00+00:00,KRW-MMT,A,-0.02381,5.25
2026-07-31T15:30:00+00:00,KRW-ENSO,B,0.01079,3.8
2026-07-31T17:15:00+00:00,KRW-MON,B,0.00331,3.49
2026-07-31T21:00:00+00:00,KRW-AAVE,A,-0.01315,4.62
2026-07-31T21:30:00+00:00,KRW-MMT,B,0.02135,5.43
2026-07-31T22:00:00+00:00,KRW-MON,A,-0.00671,4.43
2026-07-31T23:15:00+00:00,KRW-AAVE,B,0.00223,3.32
2026-07-31T23:15:00+00:00,KRW-MMT,A,-0.03322,5.3
2026-08-01T00:00:00+00:00,KRW-EDGE,B,0.061,15.0
2026-08-01T00:00:00+00:00,KRW-SNT,A,-0.01917,1.15
2026-08-01T00:15:00+00:00,KRW-ESP,B,0.02263,4.21
2026-08-01T00:45:00+00:00,KRW-SHIB,B,0.03924,4.48
2026-08-01T01:15:00+00:00,KRW-HOLO,B,0.00521,11.1
2026-08-01T01:45:00+00:00,KRW-HOLO,A,-0.01445,8.01
2026-08-01T01:45:00+00:00,KRW-ZORA,B,0.006,3.99
2026-08-01T03:15:00+00:00,KRW-BIGTIME,B,0.00488,3.39
2026-08-01T04:30:00+00:00,KRW-MMT,B,0.02076,3.25
2026-08-01T04:30:00+00:00,KRW-PUMP,B,0.01597,5.16
2026-08-01T05:30:00+00:00,KRW-UNI,A,-0.00924,5.31
2026-08-01T05:45:00+00:00,KRW-AAVE,B,0.0023,3.46
2026-08-01T05:45:00+00:00,KRW-BIRB,B,0.01494,3.44
2026-08-01T08:00:00+00:00,KRW-PUMP,A,-0.01258,4.66
2026-08-01T08:30:00+00:00,KRW-MON,B,0.01333,4.9
2026-08-01T09:15:00+00:00,KRW-MMT,A,-0.04348,3.34
2026-08-01T09:15:00+00:00,KRW-STORJ,A,-0.01403,4.57
2026-08-01T09:30:00+00:00,KRW-ENSO,B,0.00795,12.2
2026-08-01T09:45:00+00:00,KRW-ENSO,A,-0.01219,7.01
2026-08-01T10:30:00+00:00,KRW-AKT,B,0.00601,12.29
2026-08-01T10:30:00+00:00,KRW-ARX,B,0.03361,7.71
2026-08-01T10:30:00+00:00,KRW-SAHARA,A,-0.01709,5.05
2026-08-01T10:45:00+00:00,KRW-ARX,A,-0.04065,11.56
2026-08-01T10:45:00+00:00,KRW-IRYS,B,0.01702,5.21
2026-08-01T13:00:00+00:00,KRW-AKT,A,-0.02801,51.48
2026-08-01T14:45:00+00:00,KRW-AKT,B,0.00876,5.89
2026-08-01T18:30:00+00:00,KRW-ETC,A,-0.00901,4.69
2026-08-01T18:30:00+00:00,KRW-PENDLE,A,-0.00802,4.63
2026-08-01T21:00:00+00:00,KRW-AKT,B,0.00722,4.79
2026-08-02T00:00:00+00:00,KRW-BORA,B,0.03413,9.72
2026-08-02T00:00:00+00:00,KRW-EDGE,B,0.0837,12.49
2026-08-02T00:00:00+00:00,KRW-HYPER,B,0.12381,63.87
2026-08-02T00:15:00+00:00,KRW-EDGE,A,-0.03009,4.97
2026-08-02T00:15:00+00:00,KRW-HYPER,A,-0.01589,26.29
2026-08-02T01:00:00+00:00,KRW-AAVE,B,0.00383,3.58
2026-08-02T01:30:00+00:00,KRW-PUMP,B,0.02548,5.25
2026-08-02T02:00:00+00:00,KRW-BORA,A,-0.00997,1.94
2026-08-02T02:00:00+00:00,KRW-CHZ,B,0.01099,4.15
2026-08-02T02:00:00+00:00,KRW-ETC,B,0.00687,3.95
2026-08-02T03:30:00+00:00,KRW-SAHARA,B,0.00855,5.51
2026-08-02T04:15:00+00:00,KRW-HYPER,B,0.01045,19.47
2026-08-02T04:45:00+00:00,KRW-AVAX,B,0.02692,27.76
2026-08-02T05:00:00+00:00,KRW-HYPER,A,-0.01336,8.13
2026-08-02T05:15:00+00:00,KRW-STORJ,B,0.00143,3.94
2026-08-02T06:00:00+00:00,KRW-BCH,B,0.00561,8.92
2026-08-02T06:15:00+00:00,KRW-CFG,B,0.01569,3.86
2026-08-02T07:15:00+00:00,KRW-PENDLE,A,-0.00692,12.2
2026-08-02T07:15:00+00:00,KRW-UNI,B,0.01906,4.41
2026-08-02T07:45:00+00:00,KRW-PRL,B,0.02747,3.75
2026-08-02T08:00:00+00:00,KRW-PRL,A,-0.01872,2.02
2026-08-02T08:30:00+00:00,KRW-HYPER,B,0.01553,9.09
2026-08-02T09:30:00+00:00,KRW-AVAX,B,0.00474,3.08
2026-08-02T09:30:00+00:00,KRW-HYPER,A,-0.04587,56.24
2026-08-02T09:30:00+00:00,KRW-MANTRA,B,0.00642,3.39
2026-08-02T10:00:00+00:00,KRW-G,B,0.02358,4.46
2026-08-02T10:15:00+00:00,KRW-SIGN,B,0.00814,5.83
2026-08-02T10:45:00+00:00,KRW-MANTRA,A,-0.02193,12.54
2026-08-02T12:00:00+00:00,KRW-ALGO,B,0.00862,3.33
2026-08-02T12:00:00+00:00,KRW-ELSA,B,0.08344,4.0
2026-08-02T12:15:00+00:00,KRW-ELSA,A,-0.10469,6.0
2026-08-02T12:30:00+00:00,KRW-HYPER,B,0.01643,12.41
2026-08-02T12:45:00+00:00,KRW-PENDLE,B,0.00506,5.4
2026-08-02T14:00:00+00:00,KRW-MANTRA,B,0.0229,10.88
2026-08-02T15:15:00+00:00,KRW-HYPER,A,-0.01935,6.96
2026-08-02T15:45:00+00:00,KRW-MANTRA,A,-0.01533,3.75
2026-08-02T21:30:00+00:00,KRW-HYPER,B,0.00831,3.99
2026-08-02T22:45:00+00:00,KRW-HYPER,A,-0.01567,7.52
2026-08-02T23:30:00+00:00,KRW-ALGO,B,0.00813,5.24
2026-08-03T00:00:00+00:00,KRW-ELSA,B,0.03467,4.64
2026-08-03T00:00:00+00:00,KRW-G,B,0.06841,10.87
2026-08-03T00:00:00+00:00,KRW-MANTRA,B,0.00701,6.22
2026-08-03T00:00:00+00:00,KRW-PLUME,A,-0.01282,4.26
2026-08-03T00:00:00+00:00,KRW-SKR,A,-0.01987,1.31
2026-08-03T00:00:00+00:00,KRW-STORJ,B,0.06296,10.86
2026-08-03T00:15:00+00:00,KRW-G,A,-0.06968,8.75
2026-08-03T00:15:00+00:00,KRW-TRAC,B,0.01266,3.12
2026-08-03T01:00:00+00:00,KRW-ESP,B,0.00217,3.1
2026-08-03T01:00:00+00:00,KRW-MANTRA,A,-0.06727,12.88
2026-08-03T01:00:00+00:00,KRW-STORJ,A,-0.03466,8.45
2026-08-03T01:30:00+00:00,KRW-WAVES,A,-0.03659,1.76
2026-08-03T03:45:00+00:00,KRW-AAVE,B,0.0046,3.47
2026-08-03T03:45:00+00:00,KRW-RVN,A,-0.00593,4.1
2026-08-03T04:15:00+00:00,KRW-STORJ,B,0.00516,3.31
2026-08-03T05:15:00+00:00,KRW-HOLO,B,0.01332,3.75
2026-08-03T05:15:00+00:00,KRW-STORJ,A,-0.08421,9.92
2026-08-03T06:15:00+00:00,KRW-ZIL,B,0.08544,4.54
2026-08-03T06:30:00+00:00,KRW-SAND,A,-0.01169,3.59
2026-08-03T06:30:00+00:00,KRW-ZIL,A,-0.01749,3.72
2026-08-03T08:00:00+00:00,KRW-WAVES,A,-0.0066,2.26
2026-08-03T08:15:00+00:00,KRW-ETC,A,-0.00483,4.64
2026-08-03T10:30:00+00:00,KRW-AAVE,B,0.00152,3.16
2026-08-03T12:00:00+00:00,KRW-ATOM,B,0.00219,3.42
2026-08-03T13:30:00+00:00,KRW-LSK,B,0.02913,14.52
2026-08-03T13:45:00+00:00,KRW-OPEN,B,0.00755,3.06
2026-08-03T14:00:00+00:00,KRW-AVNT,B,0.00877,5.34
2026-08-03T14:15:00+00:00,KRW-LSK,A,-0.0354,12.77
2026-08-03T15:00:00+00:00,KRW-BCH,B,0.001,3.14
2026-08-03T15:30:00+00:00,KRW-UNI,A,-0.0218,6.97
2026-08-03T16:15:00+00:00,KRW-OPEN,A,-0.01079,5.14
2026-08-03T16:45:00+00:00,KRW-AKT,A,-0.00819,1.33
2026-08-03T17:45:00+00:00,KRW-ATOM,B,0.00469,3.86
2026-08-03T18:00:00+00:00,KRW-AKT,B,0.016,3.45
2026-08-03T18:30:00+00:00,KRW-ALGO,B,0.0155,4.0
2026-08-03T22:00:00+00:00,KRW-STEEM,A,-0.00748,0.7
2026-08-03T23:30:00+00:00,KRW-AKT,A,-0.02231,1.93
2026-08-03T23:45:00+00:00,KRW-PUMP,B,0.0033,5.49
2026-08-04T00:30:00+00:00,KRW-AKT,B,0.02237,4.09
2026-08-04T00:30:00+00:00,KRW-DATA,B,0.00955,4.67
2026-08-04T00:45:00+00:00,KRW-BORA,A,-0.0069,1.85
2026-08-04T00:45:00+00:00,KRW-STORJ,B,0.03245,7.29
2026-08-04T01:00:00+00:00,KRW-AVNT,B,0.00893,4.13
2026-08-04T01:00:00+00:00,KRW-STORJ,A,-0.04714,5.35
2026-08-04T01:15:00+00:00,KRW-BORA,B,0.05556,16.53
2026-08-04T01:30:00+00:00,KRW-AVAX,B,0.03549,14.41
2026-08-04T01:30:00+00:00,KRW-AXS,B,0.00341,4.25
2026-08-04T01:30:00+00:00,KRW-RENDER,B,0.0057,3.13
2026-08-04T02:00:00+00:00,KRW-DOT,B,0.00336,3.06
2026-08-04T02:15:00+00:00,KRW-AVAX,A,-0.01027,4.88
2026-08-04T03:00:00+00:00,KRW-RED,A,-0.008,3.38
2026-08-04T04:15:00+00:00,KRW-MOVE,B,0.00909,3.66
2026-08-04T04:30:00+00:00,KRW-AWE,A,-0.01363,6.41
2026-08-04T05:30:00+00:00,KRW-BORA,B,0.01515,28.99
2026-08-04T05:45:00+00:00,KRW-BORA,A,-0.0209,23.05
2026-08-04T06:00:00+00:00,KRW-DOT,B,0.00337,5.58
2026-08-04T06:00:00+00:00,KRW-LSK,A,-0.00962,1.87
2026-08-04T07:00:00+00:00,KRW-CC,A,-0.01274,6.92
2026-08-04T07:45:00+00:00,KRW-PUMP,B,0.01258,5.86
2026-08-04T09:15:00+00:00,KRW-BIRB,B,0.00677,3.75
2026-08-04T10:15:00+00:00,KRW-BORA,A,-0.0283,14.21
2026-08-04T10:45:00+00:00,KRW-BORA,B,0.01303,3.32
2026-08-04T11:45:00+00:00,KRW-SKR,B,0.05185,3.7
2026-08-04T12:30:00+00:00,KRW-APT,B,0.00369,3.35
2026-08-04T13:15:00+00:00,KRW-HBAR,A,-0.01584,6.08
2026-08-04T13:15:00+00:00,KRW-SKR,A,-0.0283,17.94
2026-08-04T14:15:00+00:00,KRW-PENGU,A,-0.00578,5.21
2026-08-04T15:00:00+00:00,KRW-ETHFI,A,-0.00771,6.18
2026-08-04T15:45:00+00:00,KRW-SKR,B,0.02,4.24
2026-08-04T16:00:00+00:00,KRW-AAVE,B,0.00078,3.09
2026-08-04T17:00:00+00:00,KRW-BORA,A,-0.01325,1.99
2026-08-04T19:30:00+00:00,KRW-PUMP,B,0.01194,4.05
2026-08-04T20:30:00+00:00,KRW-BORA,B,0.03333,5.23
2026-08-04T21:45:00+00:00,KRW-DOT,B,0.01,9.0
2026-08-04T23:15:00+00:00,KRW-SKR,A,-0.01608,2.69
2026-08-05T00:00:00+00:00,KRW-EDGE,B,0.00555,3.79
2026-08-05T00:00:00+00:00,KRW-HYPER,B,0.05697,15.3
2026-08-05T00:15:00+00:00,KRW-AAVE,B,0.00155,3.4
2026-08-05T00:15:00+00:00,KRW-SKR,B,0.04171,3.31
2026-08-05T00:30:00+00:00,KRW-BORA,B,0.01582,4.32
2026-08-05T00:30:00+00:00,KRW-HYPER,A,-0.05396,7.64
2026-08-05T00:30:00+00:00,KRW-SAHARA,B,0.00877,3.08
2026-08-05T00:30:00+00:00,KRW-SIGN,B,0.03583,18.02
2026-08-05T00:45:00+00:00,KRW-AAVE,A,-0.00853,3.97
2026-08-05T00:45:00+00:00,KRW-BORA,A,-0.01558,7.53
2026-08-05T00:45:00+00:00,KRW-ZORA,B,0.02351,8.8
2026-08-05T01:00:00+00:00,KRW-SIGN,A,-0.0099,19.8
2026-08-05T02:15:00+00:00,KRW-AXS,B,0.01009,4.09
2026-08-05T02:15:00+00:00,KRW-PENDLE,B,0.00766,4.74
2026-08-05T02:30:00+00:00,KRW-ZORA,A,-0.01546,2.93
2026-08-05T03:30:00+00:00,KRW-BIO,B,0.00865,6.12
2026-08-05T04:45:00+00:00,KRW-BIO,A,-0.00829,19.29
2026-08-05T05:00:00+00:00,KRW-AAVE,B,0.00772,3.04
2026-08-05T05:00:00+00:00,KRW-SIGN,A,-0.0321,23.31
2026-08-05T05:15:00+00:00,KRW-PLUME,B,0.01987,14.78
2026-08-05T05:15:00+00:00,KRW-ZORA,B,0.01705,4.04
2026-08-05T05:45:00+00:00,KRW-SKR,B,0.01504,9.82
2026-08-05T06:15:00+00:00,KRW-PENDLE,B,0.00913,3.06
2026-08-05T06:15:00+00:00,KRW-SIGN,B,0.00737,5.11
2026-08-05T06:45:00+00:00,KRW-BIRB,B,0.03867,8.28
2026-08-05T06:45:00+00:00,KRW-SKR,A,-0.04255,16.65
2026-08-05T07:45:00+00:00,KRW-BIRB,A,-0.02803,5.5
2026-08-05T07:45:00+00:00,KRW-PUMP,B,0.0142,3.32
2026-08-05T07:45:00+00:00,KRW-ZORA,A,-0.01065,4.49
2026-08-05T08:00:00+00:00,KRW-BIO,B,0.02632,9.82
2026-08-05T08:45:00+00:00,KRW-AWE,A,-0.01009,5.66
2026-08-05T09:45:00+00:00,KRW-PLUME,B,0.0125,4.76
2026-08-05T09:45:00+00:00,KRW-SKR,B,0.00794,4.44
2026-08-05T11:15:00+00:00,KRW-AXS,B,0.01243,7.15
2026-08-05T11:45:00+00:00,KRW-BIRB,B,0.06298,12.21
2026-08-05T11:45:00+00:00,KRW-SKR,A,-0.03053,20.22
2026-08-05T12:15:00+00:00,KRW-BIO,B,0.00587,3.87
2026-08-05T12:15:00+00:00,KRW-BIRB,A,-0.01954,5.45
2026-08-05T12:15:00+00:00,KRW-FIL,B,0.01096,3.47
2026-08-05T12:15:00+00:00,KRW-KITE,B,0.00671,3.38
2026-08-05T13:15:00+00:00,KRW-XAUT,B,0.00067,8.78
2026-08-05T14:30:00+00:00,KRW-SKR,B,0.01681,10.76
2026-08-05T15:00:00+00:00,KRW-BIO,A,-0.01117,6.7
2026-08-05T15:00:00+00:00,KRW-UNI,B,0.00602,4.18
2026-08-05T15:15:00+00:00,KRW-SAHARA,A,-0.01626,5.43
2026-08-05T15:30:00+00:00,KRW-CC,A,-0.01316,5.57
2026-08-05T16:00:00+00:00,KRW-AXS,B,0.00572,3.95
2026-08-05T16:00:00+00:00,KRW-ETC,B,0.00164,5.08
2026-08-05T20:00:00+00:00,KRW-ZBT,B,0.03659,3.94
2026-08-05T20:15:00+00:00,KRW-CC,A,-0.02027,4.28
2026-08-05T21:30:00+00:00,KRW-ZORA,A,-0.01152,3.92
2026-08-05T23:00:00+00:00,KRW-UNI,B,0.00262,5.49
2026-08-05T23:00:00+00:00,KRW-XAUT,B,0.00233,4.92
2026-08-06T00:00:00+00:00,KRW-AXS,B,0.04288,183.87
2026-08-06T00:00:00+00:00,KRW-ETHFI,B,0.00569,4.46
2026-08-06T00:00:00+00:00,KRW-G,A,-0.01512,2.81
2026-08-06T00:00:00+00:00,KRW-SAND,B,0.01356,6.36
2026-08-06T00:15:00+00:00,KRW-AXS,A,-0.04112,136.57
2026-08-06T00:15:00+00:00,KRW-SIGN,A,-0.01883,16.47
2026-08-06T00:30:00+00:00,KRW-SIGN,B,0.00107,3.07
2026-08-06T00:30:00+00:00,KRW-STEEM,B,0.02136,8.02
2026-08-06T00:45:00+00:00,KRW-STEEM,A,-0.01521,2.56
2026-08-06T01:00:00+00:00,KRW-KITE,B,0.02055,5.67
2026-08-06T01:15:00+00:00,KRW-ZBT,B,0.01657,3.27
2026-08-06T02:15:00+00:00,KRW-PUMP,A,-0.02647,3.99
2026-08-06T02:15:00+00:00,KRW-SKR,B,0.01786,5.27
2026-08-06T03:00:00+00:00,KRW-XPL,A,-0.01869,4.98
2026-08-06T03:15:00+00:00,KRW-MIRA,B,0.03025,4.07
2026-08-06T03:45:00+00:00,KRW-SKR,A,-0.03361,5.48
2026-08-06T03:45:00+00:00,KRW-TRX,A,-0.00645,5.46
2026-08-06T03:45:00+00:00,KRW-XAUT,B,0.00033,4.25
2026-08-06T04:15:00+00:00,KRW-PUMP,B,0.00909,4.97
2026-08-06T04:30:00+00:00,KRW-AAVE,B,0.00238,5.55
2026-08-06T05:00:00+00:00,KRW-AXS,A,-0.00968,14.73
2026-08-06T05:45:00+00:00,KRW-PLUME,B,0.01961,4.07
2026-08-06T06:00:00+00:00,KRW-AXS,B,0.00407,4.6
2026-08-06T06:30:00+00:00,KRW-CFG,B,0.00855,5.14
2026-08-06T06:30:00+00:00,KRW-STEEM,B,0.00945,5.2
2026-08-06T07:00:00+00:00,KRW-KITE,B,0.02685,3.88
2026-08-06T07:30:00+00:00,KRW-STEEM,A,-0.00547,3.76
2026-08-06T08:30:00+00:00,KRW-ZBT,B,0.01546,3.27
2026-08-06T08:45:00+00:00,KRW-TRX,B,0.00216,7.41
2026-08-06T09:15:00+00:00,KRW-ETC,A,-0.0049,8.41
2026-08-06T10:00:00+00:00,KRW-AVAX,A,-0.0178,5.04
2026-08-06T10:00:00+00:00,KRW-FIL,A,-0.01702,15.58
2026-08-06T10:00:00+00:00,KRW-SUI,A,-0.01142,8.99
2026-08-06T10:15:00+00:00,KRW-ETC,B,0.00111,3.64
2026-08-06T10:45:00+00:00,KRW-CFG,A,-0.01255,4.84
2026-08-06T10:45:00+00:00,KRW-ZBT,A,-0.01887,4.36
2026-08-06T11:00:00+00:00,KRW-PLUME,B,0.00633,5.53
2026-08-06T11:15:00+00:00,KRW-FIL,B,0.0041,4.07
2026-08-06T11:15:00+00:00,KRW-ZRO,B,0.01051,4.82
2026-08-06T12:30:00+00:00,KRW-RENDER,B,0.00371,3.08
2026-08-06T12:30:00+00:00,KRW-ZBT,B,0.0619,19.33
2026-08-06T13:00:00+00:00,KRW-SOON,B,0.00332,3.24
2026-08-06T13:15:00+00:00,KRW-AXS,A,-0.00869,5.37
2026-08-06T13:30:00+00:00,KRW-SUI,B,0.00209,3.04
2026-08-06T14:00:00+00:00,KRW-AAVE,B,0.00159,3.52
2026-08-06T14:15:00+00:00,KRW-XAUT,A,-0.00232,5.23
2026-08-06T14:30:00+00:00,KRW-AXS,B,0.00315,5.21
2026-08-06T15:00:00+00:00,KRW-PLUME,B,0.01163,5.91
2026-08-06T15:00:00+00:00,KRW-ZBT,A,-0.02713,19.91
2026-08-06T15:45:00+00:00,KRW-FIL,B,0.01721,6.44
2026-08-06T16:45:00+00:00,KRW-ZBT,B,0.01818,11.9
2026-08-06T17:00:00+00:00,KRW-FIL,A,-0.01063,7.63
2026-08-06T17:15:00+00:00,KRW-PLUME,A,-0.0113,4.4
2026-08-06T19:15:00+00:00,KRW-PLUME,B,0.00559,4.3
2026-08-06T19:45:00+00:00,KRW-UNI,B,0.00263,4.94
2026-08-06T19:45:00+00:00,KRW-ZBT,A,-0.03297,7.57
2026-08-06T20:45:00+00:00,KRW-ZBT,B,0.00386,3.88
2026-08-06T21:45:00+00:00,KRW-PLUME,A,-0.01093,4.24
2026-08-06T22:30:00+00:00,KRW-XAUT,B,0.00033,10.66
2026-08-06T22:45:00+00:00,KRW-CC,B,0.0155,4.76
2026-08-06T23:00:00+00:00,KRW-ALGO,B,0.00806,3.01
2026-08-06T23:30:00+00:00,KRW-CHIP,B,0.01934,3.12
2026-08-06T23:45:00+00:00,KRW-AXS,B,0.00316,6.4
2026-08-06T23:45:00+00:00,KRW-PLUME,B,0.01105,3.89
2026-08-07T00:00:00+00:00,KRW-AXS,A,-0.0071,2.36
2026-08-07T00:00:00+00:00,KRW-HYPER,B,0.06795,12.78
2026-08-07T00:00:00+00:00,KRW-UP2,B,0.0108,7.0
2026-08-07T00:00:00+00:00,KRW-ZORA,B,0.03774,17.46
2026-08-07T00:45:00+00:00,KRW-MIRA,B,0.02373,3.51
2026-08-07T00:45:00+00:00,KRW-ZBT,B,0.04528,6.78
2026-08-07T00:45:00+00:00,KRW-ZORA,A,-0.02092,4.44
2026-08-07T01:00:00+00:00,KRW-CFG,B,0.00881,6.98
2026-08-07T01:15:00+00:00,KRW-HYPER,A,-0.06282,7.26
2026-08-07T01:15:00+00:00,KRW-ZBT,A,-0.02797,12.97
2026-08-07T01:45:00+00:00,KRW-BIO,B,0.0058,3.43
2026-08-07T02:00:00+00:00,KRW-SKR,B,0.00935,3.15
2026-08-07T02:15:00+00:00,KRW-BIO,A,-0.01149,12.0
2026-08-07T02:15:00+00:00,KRW-BONK,B,0.15839,6.49
2026-08-07T02:15:00+00:00,KRW-MIRA,A,-0.05087,6.31
2026-08-07T02:15:00+00:00,KRW-PLUME,A,-0.02747,19.1
2026-08-07T02:15:00+00:00,KRW-STORJ,A,-0.02014,8.0
2026-08-07T02:45:00+00:00,KRW-ZKP,A,-0.05864,2.31
2026-08-07T03:15:00+00:00,KRW-POL,B,0.00943,4.14
2026-08-07T04:00:00+00:00,KRW-HBAR,B,0.00104,3.58
2026-08-07T04:30:00+00:00,KRW-LA,B,0.04709,5.52
2026-08-07T05:45:00+00:00,KRW-ZBT,B,0.01042,4.38
2026-08-07T06:00:00+00:00,KRW-ESP,B,0.02623,4.7
2026-08-07T06:15:00+00:00,KRW-RED,A,-0.00781,5.19
2026-08-07T07:00:00+00:00,KRW-ZBT,A,-0.02041,4.17
2026-08-07T07:15:00+00:00,KRW-PLUME,B,0.01205,5.9
2026-08-07T08:45:00+00:00,KRW-AAVE,B,0.00469,3.74
2026-08-07T10:45:00+00:00,KRW-SOPH,A,-0.00734,1.95
2026-08-07T11:00:00+00:00,KRW-ETHFI,B,0.0249,3.16
2026-08-07T11:30:00+00:00,KRW-ZBT,B,0.0117,4.46
2026-08-07T12:00:00+00:00,KRW-ESP,B,0.04808,7.8
2026-08-07T12:15:00+00:00,KRW-ESP,A,-0.02752,4.23
2026-08-07T12:30:00+00:00,KRW-PENDLE,A,-0.0062,10.83
2026-08-07T12:30:00+00:00,KRW-XAUT,B,0.01093,16.65
2026-08-07T14:45:00+00:00,KRW-AAVE,A,-0.00635,7.82
2026-08-07T14:45:00+00:00,KRW-CC,B,0.03817,9.19
2026-08-07T17:00:00+00:00,KRW-FIL,A,-0.01959,6.92
2026-08-07T17:30:00+00:00,KRW-AAVE,B,0.00556,3.54
2026-08-07T17:30:00+00:00,KRW-FIL,B,0.00526,4.5
2026-08-07T20:00:00+00:00,KRW-CRO,A,-0.04021,1.29
2026-08-08T00:00:00+00:00,KRW-KAT,B,0.04938,10.88
2026-08-08T00:00:00+00:00,KRW-MIRA,B,0.00491,6.46
2026-08-08T00:00:00+00:00,KRW-UNI,B,0.00359,5.03
2026-08-08T00:15:00+00:00,KRW-BORA,B,0.12274,21.33
2026-08-08T00:15:00+00:00,KRW-KAT,A,-0.04706,8.16
2026-08-08T00:15:00+00:00,KRW-SPK,B,0.0098,3.88
2026-08-08T00:30:00+00:00,KRW-BORA,A,-0.02251,13.84
2026-08-08T00:30:00+00:00,KRW-LA,B,0.03528,4.45
2026-08-08T01:00:00+00:00,KRW-ESP,B,0.02163,9.94
2026-08-08T01:00:00+00:00,KRW-ZBT,A,-0.05696,8.87
2026-08-08T01:30:00+00:00,KRW-PLUME,B,0.01734,4.47
2026-08-08T01:30:00+00:00,KRW-ZBT,B,0.02632,3.22
2026-08-08T02:30:00+00:00,KRW-ZKP,B,0.00904,4.21
2026-08-08T03:15:00+00:00,KRW-ZKP,A,-0.01198,8.86
2026-08-08T05:45:00+00:00,KRW-ARX,B,0.01087,5.57
2026-08-08T06:15:00+00:00,KRW-MMT,B,0.05063,4.5
2026-08-08T06:30:00+00:00,KRW-0G,B,0.02804,4.16
2026-08-08T06:45:00+00:00,KRW-CRO,A,-0.02183,6.91
2026-08-08T06:45:00+00:00,KRW-MMT,A,-0.05015,6.42
2026-08-08T07:00:00+00:00,KRW-APT,B,0.0024,3.92
2026-08-08T09:00:00+00:00,KRW-POL,B,0.00952,3.22
2026-08-08T09:30:00+00:00,KRW-AVNT,B,0.01587,3.49
2026-08-08T10:15:00+00:00,KRW-DEEP,B,0.02155,4.79
2026-08-08T10:30:00+00:00,KRW-DEEP,A,-0.00844,111.45
2026-08-08T10:45:00+00:00,KRW-FIL,B,0.00099,6.06
2026-08-08T11:15:00+00:00,KRW-0G,B,0.00455,3.17
2026-08-08T13:15:00+00:00,KRW-0G,A,-0.02679,2.99
2026-08-08T14:45:00+00:00,KRW-DEEP,A,-0.02846,51.06
2026-08-08T14:45:00+00:00,KRW-SUI,B,0.00407,3.67
2026-08-08T15:15:00+00:00,KRW-DEEP,B,0.01266,12.87
2026-08-08T15:30:00+00:00,KRW-APT,B,0.00117,3.98
2026-08-08T19:45:00+00:00,KRW-DEEP,B,0.06867,16.41
2026-08-08T20:30:00+00:00,KRW-DEEP,A,-0.01186,8.1
2026-08-08T22:15:00+00:00,KRW-WAVES,A,-0.0068,1.93
2026-08-08T23:45:00+00:00,KRW-TAO,B,0.01199,3.74
2026-08-09T00:00:00+00:00,KRW-BLEND,B,0.07285,7.13
2026-08-09T00:00:00+00:00,KRW-LA,B,0.03199,4.12
2026-08-09T00:00:00+00:00,KRW-MMT,B,0.02158,3.02
2026-08-09T00:15:00+00:00,KRW-BLEND,A,-0.01852,7.29
2026-08-09T00:15:00+00:00,KRW-ZBT,B,0.02721,7.92
2026-08-09T00:30:00+00:00,KRW-PLUME,B,0.03049,5.03
2026-08-09T01:30:00+00:00,KRW-0G,B,0.01389,4.49
2026-08-09T01:30:00+00:00,KRW-CHIP,A,-0.05831,5.84
2026-08-09T01:45:00+00:00,KRW-CHIP,B,0.00929,4.62
2026-08-09T02:00:00+00:00,KRW-ENSO,B,0.0134,12.3
2026-08-09T02:15:00+00:00,KRW-ENSO,A,-0.01392,5.72
2026-08-09T03:00:00+00:00,KRW-AVNT,B,0.00787,10.63
2026-08-09T04:00:00+00:00,KRW-DEEP,A,-0.01984,4.04
2026-08-09T04:15:00+00:00,KRW-TAO,B,0.00996,4.66
2026-08-09T05:15:00+00:00,KRW-ESP,B,0.01103,4.12
2026-08-09T05:45:00+00:00,KRW-CC,B,0.01471,3.12
2026-08-09T05:45:00+00:00,KRW-POL,B,0.00935,5.58
2026-08-09T06:30:00+00:00,KRW-BIO,B,0.00542,14.75
2026-08-09T06:30:00+00:00,KRW-MMT,B,0.0031,3.1
2026-08-09T06:45:00+00:00,KRW-BIO,A,-0.01078,5.04
2026-08-09T07:00:00+00:00,KRW-AVNT,A,-0.01538,6.55
2026-08-09T07:00:00+00:00,KRW-FF,B,0.01772,6.07
2026-08-09T07:15:00+00:00,KRW-BERA,B,0.0137,3.6
2026-08-09T07:15:00+00:00,KRW-TRX,B,0.00216,4.26
2026-08-09T07:30:00+00:00,KRW-PYTH,B,0.00167,16.12
2026-08-09T07:45:00+00:00,KRW-PYTH,A,-0.01498,6.75
2026-08-09T08:30:00+00:00,KRW-AVNT,B,0.00763,6.22
2026-08-09T08:45:00+00:00,KRW-CC,A,-0.01418,6.38
2026-08-09T09:15:00+00:00,KRW-ESP,B,0.00402,3.18
2026-08-09T09:30:00+00:00,KRW-DEEP,A,-0.02024,2.53
2026-08-09T10:45:00+00:00,KRW-PUMP,B,0.00279,3.32
2026-08-09T11:00:00+00:00,KRW-ME,B,0.01782,3.0
2026-08-09T11:15:00+00:00,KRW-ME,A,-0.01751,10.59
2026-08-09T11:45:00+00:00,KRW-DEEP,B,0.06751,3.86
2026-08-09T12:15:00+00:00,KRW-PENDLE,B,0.0026,3.28
2026-08-09T12:45:00+00:00,KRW-OPEN,A,-0.01,4.5
2026-08-09T13:30:00+00:00,KRW-AVNT,B,0.00763,4.35
2026-08-09T13:30:00+00:00,KRW-PUMP,A,-0.01053,5.38
2026-08-09T13:45:00+00:00,KRW-PLUME,B,0.01786,3.85
2026-08-09T14:00:00+00:00,KRW-ZKP,B,0.02031,5.51
2026-08-09T14:30:00+00:00,KRW-FF,B,0.01454,4.77
2026-08-09T15:00:00+00:00,KRW-WAVES,A,-0.01027,2.84
2026-08-09T16:15:00+00:00,KRW-PENGU,B,0.0141,6.24
2026-08-09T21:15:00+00:00,KRW-SEI,B,0.0017,3.32
2026-08-09T22:15:00+00:00,KRW-PUMP,B,0.00263,3.27
2026-08-09T23:15:00+00:00,KRW-CHIP,A,-0.03727,5.71
2026-08-10T00:00:00+00:00,KRW-BLEND,B,0.03606,12.2
2026-08-10T00:00:00+00:00,KRW-CHIP,B,0.00654,3.71
2026-08-10T00:15:00+00:00,KRW-COW,A,-0.00662,5.02
2026-08-10T00:30:00+00:00,KRW-FF,A,-0.01345,7.06
2026-08-10T01:45:00+00:00,KRW-RENDER,B,0.00384,3.72
2026-08-10T02:15:00+00:00,KRW-XAUT,B,0.00264,5.2
2026-08-10T03:15:00+00:00,KRW-RENDER,A,-0.00495,5.32
2026-08-10T05:15:00+00:00,KRW-PUMP,B,0.02057,3.02
2026-08-10T05:30:00+00:00,KRW-JTO,B,0.00908,3.96
2026-08-10T06:30:00+00:00,KRW-ESP,B,0.00862,4.57
2026-08-10T06:45:00+00:00,KRW-BORA,B,0.02555,3.39
2026-08-10T07:15:00+00:00,KRW-RENDER,B,0.00384,4.62
2026-08-10T08:00:00+00:00,KRW-OPEN,A,-0.01083,4.45
2026-08-10T08:30:00+00:00,KRW-VVV,B,0.00235,4.95
2026-08-10T09:15:00+00:00,KRW-CHIP,B,0.0607,24.52
2026-08-10T09:15:00+00:00,KRW-OPEN,B,0.00369,5.39
2026-08-10T09:30:00+00:00,KRW-JTO,B,0.00747,3.01
2026-08-10T09:45:00+00:00,KRW-LINK,B,0.00259,3.12
2026-08-10T10:00:00+00:00,KRW-TAO,B,0.00176,3.44
2026-08-10T10:30:00+00:00,KRW-CHIP,A,-0.00888,19.91
2026-08-10T10:30:00+00:00,KRW-MON,B,0.01278,4.48
2026-08-10T11:30:00+00:00,KRW-BIO,B,0.01562,4.33
2026-08-10T11:30:00+00:00,KRW-ME,B,0.0043,13.35
2026-08-10T11:30:00+00:00,KRW-MON,A,-0.00935,14.05
2026-08-10T11:30:00+00:00,KRW-MOVE,B,0.00301,4.41
2026-08-10T12:30:00+00:00,KRW-AXS,B,0.00532,3.75
2026-08-10T12:45:00+00:00,KRW-BIO,A,-0.01531,15.84
2026-08-10T13:00:00+00:00,KRW-ME,A,-0.00738,16.36
2026-08-10T13:15:00+00:00,KRW-AXS,A,-0.01302,1.28
2026-08-10T14:45:00+00:00,KRW-DOT,B,0.00087,6.78
2026-08-10T16:00:00+00:00,KRW-RVN,B,0.01996,107.18
2026-08-10T16:15:00+00:00,KRW-AVNT,B,0.00741,5.86
2026-08-10T17:00:00+00:00,KRW-TAO,B,0.00421,3.75
2026-08-10T17:45:00+00:00,KRW-ME,B,0.00725,18.3
2026-08-10T18:00:00+00:00,KRW-ME,A,-0.01852,3.99
2026-08-10T18:00:00+00:00,KRW-PLUME,B,0.01754,3.94
2026-08-10T18:45:00+00:00,KRW-OPEN,A,-0.02151,25.1
2026-08-10T21:45:00+00:00,KRW-RVN,A,-0.01581,15.6
2026-08-10T22:15:00+00:00,KRW-RVN,B,0.0161,9.3
2026-08-10T22:15:00+00:00,KRW-TRX,A,-0.00427,5.27
2026-08-10T22:30:00+00:00,KRW-RENDER,A,-0.00775,9.0
2026-08-11T00:00:00+00:00,KRW-AVNT,A,-0.01527,7.37
2026-08-11T00:00:00+00:00,KRW-EDGE,B,0.07585,16.14
2026-08-11T00:00:00+00:00,KRW-ELSA,B,0.01075,7.64
2026-08-11T00:00:00+00:00,KRW-ME,B,0.01277,30.26
2026-08-11T00:15:00+00:00,KRW-EDGE,A,-0.00868,5.87
2026-08-11T00:15:00+00:00,KRW-ME,A,-0.01996,27.87
2026-08-11T01:00:00+00:00,KRW-ARB,B,0.00877,4.13
2026-08-11T01:30:00+00:00,KRW-BIRB,B,0.005,3.45
2026-08-11T01:45:00+00:00,KRW-OPG,B,0.01493,3.42
2026-08-11T02:00:00+00:00,KRW-HBAR,B,0.00421,5.46
2026-08-11T02:45:00+00:00,KRW-RVN,B,0.00202,4.34
2026-08-11T05:15:00+00:00,KRW-MOVE,B,0.00108,3.69
2026-08-11T05:45:00+00:00,KRW-LINK,B,0.00084,4.59
2026-08-11T06:00:00+00:00,KRW-RVN,A,-0.083,84.25
2026-08-11T07:15:00+00:00,KRW-RVN,B,0.02532,44.36
2026-08-11T07:45:00+00:00,KRW-POL,B,0.00943,9.0
2026-08-11T08:00:00+00:00,KRW-MON,B,0.00971,3.79
2026-08-11T08:45:00+00:00,KRW-MMT,B,0.04658,3.5
2026-08-11T09:00:00+00:00,KRW-MMT,A,-0.02967,6.01
2026-08-11T09:00:00+00:00,KRW-SOPH,A,-0.05657,4.83
2026-08-11T09:30:00+00:00,KRW-OPEN,B,0.02593,3.58
2026-08-11T09:45:00+00:00,KRW-TRX,B,0.0064,10.74
2026-08-11T10:15:00+00:00,KRW-RENDER,A,-0.01248,7.58
2026-08-11T10:15:00+00:00,KRW-RVN,A,-0.01542,10.9
2026-08-11T10:45:00+00:00,KRW-LINK,B,0.00493,4.98
2026-08-11T11:15:00+00:00,KRW-RVN,B,0.00518,5.14
2026-08-11T11:30:00+00:00,KRW-EDGE,B,0.04902,5.38
2026-08-11T11:30:00+00:00,KRW-FF,B,0.00107,5.42
2026-08-11T11:30:00+00:00,KRW-LINK,A,-0.0049,10.8
2026-08-11T11:45:00+00:00,KRW-0G,B,0.00431,4.4
2026-08-11T12:00:00+00:00,KRW-EDGE,A,-0.01566,5.63
2026-08-11T12:15:00+00:00,KRW-0G,A,-0.01299,4.76
2026-08-11T12:30:00+00:00,KRW-OPEN,A,-0.01087,5.04
2026-08-11T14:45:00+00:00,KRW-AVAX,A,-0.02056,7.21
2026-08-11T14:45:00+00:00,KRW-ETC,A,-0.0061,4.21
2026-08-11T14:45:00+00:00,KRW-JUP,A,-0.01976,6.05
2026-08-11T14:45:00+00:00,KRW-MOVE,A,-0.01424,6.17
2026-08-11T14:45:00+00:00,KRW-NEAR,A,-0.01182,5.83
2026-08-11T14:45:00+00:00,KRW-VIRTUAL,A,-0.01675,4.36
2026-08-11T15:00:00+00:00,KRW-BIGTIME,A,-0.00963,4.01
2026-08-11T15:00:00+00:00,KRW-ID,B,0.05,46.45
2026-08-11T15:15:00+00:00,KRW-ALGO,A,-0.02586,5.68
2026-08-11T15:15:00+00:00,KRW-ID,A,-0.02381,22.09
2026-08-11T15:15:00+00:00,KRW-OPEN,B,0.02113,6.34
2026-08-11T15:15:00+00:00,KRW-POL,B,0.00935,4.06
2026-08-11T15:30:00+00:00,KRW-ONT,A,-0.02124,3.33
2026-08-11T15:30:00+00:00,KRW-POL,A,-0.01852,7.41
2026-08-11T15:30:00+00:00,KRW-SEI,A,-0.01222,4.49
2026-08-11T15:30:00+00:00,KRW-XPL,A,-0.01835,4.34
2026-08-11T17:00:00+00:00,KRW-RVN,A,-0.01036,2.63
2026-08-11T18:30:00+00:00,KRW-HOLO,B,0.02752,3.77
2026-08-11T18:30:00+00:00,KRW-LSK,B,0.02752,3.43
2026-08-11T19:30:00+00:00,KRW-ATOM,B,0.00099,5.57
2026-08-11T20:30:00+00:00,KRW-RVN,B,0.01355,3.26
2026-08-11T20:30:00+00:00,KRW-SEI,A,-0.00529,4.7
2026-08-11T21:15:00+00:00,KRW-HOLO,A,-0.03333,3.38
2026-08-11T21:45:00+00:00,KRW-LSK,A,-0.05797,17.71
2026-08-11T22:30:00+00:00,KRW-HOLO,B,0.04202,5.23
2026-08-11T23:30:00+00:00,KRW-LSK,B,0.00885,3.14
2026-08-12T00:00:00+00:00,KRW-EDGE,B,0.04624,11.14
2026-08-12T00:15:00+00:00,KRW-ARB,A,-0.00885,5.53
2026-08-12T00:15:00+00:00,KRW-EDGE,A,-0.03289,4.97
2026-08-12T00:15:00+00:00,KRW-RVN,A,-0.03968,3.63
2026-08-12T00:30:00+00:00,KRW-ID,B,0.08128,50.43
2026-08-12T00:45:00+00:00,KRW-ID,A,-0.06834,43.42
2026-08-12T00:45:00+00:00,KRW-INJ,B,0.00228,3.22
2026-08-12T00:45:00+00:00,KRW-OPEN,B,0.00678,3.09
2026-08-12T02:00:00+00:00,KRW-AWE,B,0.01211,8.32
2026-08-12T02:00:00+00:00,KRW-HOLO,A,-0.05,14.65
2026-08-12T02:30:00+00:00,KRW-LSK,A,-0.016,10.21
2026-08-12T02:45:00+00:00,KRW-HOLO,B,0.02985,8.47
2026-08-12T04:15:00+00:00,KRW-ELF,B,0.16091,34.1
2026-08-12T04:30:00+00:00,KRW-BIRB,B,0.00627,3.84
2026-08-12T04:30:00+00:00,KRW-ELF,A,-0.06057,74.22
2026-08-12T04:30:00+00:00,KRW-RVN,A,-0.01734,1.45
2026-08-12T04:45:00+00:00,KRW-STORJ,B,0.17637,23.96
2026-08-12T05:00:00+00:00,KRW-AXS,A,-0.00765,1.46
2026-08-12T05:00:00+00:00,KRW-RVN,B,0.01445,4.43
2026-08-12T05:30:00+00:00,KRW-PLUME,B,0.00571,3.8
2026-08-12T05:30:00+00:00,KRW-STORJ,A,-0.06357,53.14
2026-08-12T05:45:00+00:00,KRW-ONT,B,0.01154,3.14
2026-08-12T06:00:00+00:00,KRW-HOLO,A,-0.04762,7.22
2026-08-12T06:00:00+00:00,KRW-PLUME,A,-0.0226,7.81
2026-08-12T06:30:00+00:00,KRW-INJ,A,-0.00689,7.52
2026-08-12T06:30:00+00:00,KRW-ONT,A,-0.03889,33.99
2026-08-12T06:45:00+00:00,KRW-STEEM,B,0.01158,12.1
2026-08-12T06:45:00+00:00,KRW-UNI,A,-0.02865,6.68
2026-08-12T07:00:00+00:00,KRW-STEEM,A,-0.01718,4.77
2026-08-12T07:30:00+00:00,KRW-APT,B,0.00124,3.22
2026-08-12T07:45:00+00:00,KRW-TRX,B,0.00211,5.14
2026-08-12T08:15:00+00:00,KRW-RENDER,B,0.00282,8.12
2026-08-12T08:30:00+00:00,KRW-ELF,A,-0.01828,3.75
2026-08-12T08:45:00+00:00,KRW-ELF,B,0.00438,5.84
2026-08-12T08:45:00+00:00,KRW-STORJ,B,0.02426,15.5
2026-08-12T09:00:00+00:00,KRW-OPEN,B,0.02614,6.34
2026-08-12T09:45:00+00:00,KRW-STORJ,A,-0.028,10.46
2026-08-12T10:15:00+00:00,KRW-KAITO,A,-0.05236,5.31
2026-08-12T10:15:00+00:00,KRW-OPEN,A,-0.07645,27.79
2026-08-12T10:45:00+00:00,KRW-LAYER,B,0.05251,4.14
2026-08-12T10:45:00+00:00,KRW-SOPH,A,-0.0494,12.73
2026-08-12T11:00:00+00:00,KRW-LAYER,A,-0.03628,3.34
2026-08-12T12:00:00+00:00,KRW-VIRTUAL,B,0.01423,5.01
2026-08-12T12:15:00+00:00,KRW-AVAX,B,0.01743,8.33
2026-08-12T12:30:00+00:00,KRW-ELF,A,-0.01488,6.23
2026-08-12T12:30:00+00:00,KRW-LSK,B,0.11304,18.07
2026-08-12T12:30:00+00:00,KRW-XAUT,B,0.00081,6.58
2026-08-12T13:15:00+00:00,KRW-POL,A,-0.01869,4.59
2026-08-12T13:30:00+00:00,KRW-RVN,A,-0.01739,1.97
2026-08-12T13:45:00+00:00,KRW-LSK,A,-0.02143,24.9
2026-08-12T13:45:00+00:00,KRW-POL,B,0.00952,4.71
2026-08-12T14:00:00+00:00,KRW-ALGO,A,-0.0177,4.62
2026-08-12T14:00:00+00:00,KRW-STORJ,B,0.02187,3.46
2026-08-12T14:00:00+00:00,KRW-W,A,-0.01709,12.35
2026-08-12T14:15:00+00:00,KRW-VIRTUAL,A,-0.00734,4.33
2026-08-12T16:45:00+00:00,KRW-VIRTUAL,B,0.01891,5.32
2026-08-12T20:15:00+00:00,KRW-ARB,A,-0.00917,5.46
2026-08-12T21:15:00+00:00,KRW-DOT,A,-0.00907,4.71
2026-08-12T21:15:00+00:00,KRW-FIL,A,-0.02672,8.2
2026-08-12T21:30:00+00:00,KRW-FIL,B,0.01056,3.09
2026-08-12T21:30:00+00:00,KRW-TAO,B,0.00214,4.89
2026-08-12T21:45:00+00:00,KRW-W,A,-0.00885,5.94
2026-08-12T22:45:00+00:00,KRW-XPL,B,0.00962,4.06
2026-08-12T23:45:00+00:00,KRW-TRX,B,0.00211,3.58
2026-08-13T00:00:00+00:00,KRW-APT,B,0.00126,4.14
2026-08-13T00:00:00+00:00,KRW-ID,B,0.02475,10.61
2026-08-13T00:00:00+00:00,KRW-LINK,B,0.00082,4.7
2026-08-13T00:00:00+00:00,KRW-LSK,B,0.01786,11.16
2026-08-13T00:00:00+00:00,KRW-MOVE,B,0.0407,18.33
2026-08-13T00:00:00+00:00,KRW-RVN,B,0.00581,5.69
2026-08-13T00:00:00+00:00,KRW-VIRTUAL,B,0.00714,4.89
2026-08-13T00:15:00+00:00,KRW-ID,A,-0.04106,19.54
2026-08-13T00:45:00+00:00,KRW-COW,B,0.0069,4.45
2026-08-13T01:30:00+00:00,KRW-MOVE,A,-0.02804,21.99
2026-08-13T02:00:00+00:00,KRW-LSK,A,-0.02542,2.74
2026-08-13T03:00:00+00:00,KRW-ALGO,B,0.01818,3.84
2026-08-13T03:00:00+00:00,KRW-SOPH,B,0.04536,5.07
2026-08-13T03:15:00+00:00,KRW-IN,B,0.01778,4.9
2026-08-13T04:00:00+00:00,KRW-SOPH,A,-0.01097,18.37
2026-08-13T04:30:00+00:00,KRW-ID,B,0.04038,18.06
2026-08-13T04:30:00+00:00,KRW-MOVE,B,0.01145,5.32
2026-08-13T04:30:00+00:00,KRW-SEI,B,0.01207,4.16
2026-08-13T04:45:00+00:00,KRW-ID,A,-0.04338,9.84
2026-08-13T05:15:00+00:00,KRW-STEEM,B,0.0943,135.61
2026-08-13T05:30:00+00:00,KRW-STEEM,A,-0.10413,77.55
2026-08-13T06:15:00+00:00,KRW-AVNT,B,0.00752,10.32
2026-08-13T06:30:00+00:00,KRW-PENDLE,B,0.01113,4.57
2026-08-13T07:15:00+00:00,KRW-W,B,0.0087,3.86
2026-08-13T07:30:00+00:00,KRW-HOLO,A,-0.0198,9.13
2026-08-13T07:45:00+00:00,KRW-MOVE,A,-0.01009,4.76
2026-08-13T08:15:00+00:00,KRW-ARB,A,-0.00943,6.79
2026-08-13T08:30:00+00:00,KRW-VVV,B,0.02919,3.9
2026-08-13T08:45:00+00:00,KRW-VVV,A,-0.00723,13.78
2026-08-13T09:00:00+00:00,KRW-PLUME,B,0.03659,5.91
2026-08-13T09:45:00+00:00,KRW-AVNT,A,-0.07051,154.74
2026-08-13T09:45:00+00:00,KRW-BONK,B,0.24074,4.77
2026-08-13T09:45:00+00:00,KRW-COW,A,-0.00685,4.41
2026-08-13T09:45:00+00:00,KRW-TRX,A,-0.00633,4.68
2026-08-13T10:00:00+00:00,KRW-BONK,A,-0.03731,5.63
2026-08-13T10:30:00+00:00,KRW-AVNT,B,0.00725,11.38
2026-08-13T10:30:00+00:00,KRW-ZIL,A,-0.0463,3.61
2026-08-13T11:15:00+00:00,KRW-ATOM,B,0.02339,18.54
2026-08-13T11:30:00+00:00,KRW-ATOM,A,-0.0107,5.46
2026-08-13T12:30:00+00:00,KRW-STEEM,A,-0.01378,2.12
2026-08-13T13:15:00+00:00,KRW-PUMP,B,0.00763,3.27
2026-08-13T14:30:00+00:00,KRW-AVNT,B,0.01974,57.92
2026-08-13T14:45:00+00:00,KRW-ETHFI,B,0.0438,4.77
2026-08-13T15:00:00+00:00,KRW-ETHFI,A,-0.00874,8.02
2026-08-13T15:15:00+00:00,KRW-ATOM,B,0.00279,4.33
2026-08-13T15:15:00+00:00,KRW-AVNT,A,-0.01852,53.37
2026-08-13T15:30:00+00:00,KRW-BCH,A,-0.01497,7.89
2026-08-13T15:30:00+00:00,KRW-PENDLE,A,-0.0047,8.31
2026-08-13T15:45:00+00:00,KRW-ENSO,A,-0.0521,10.09
2026-08-13T16:30:00+00:00,KRW-BCH,B,0.00344,7.19
2026-08-13T18:45:00+00:00,KRW-AVNT,B,0.00676,4.9
2026-08-13T18:45:00+00:00,KRW-ETHFI,B,0.01167,14.79
2026-08-13T19:15:00+00:00,KRW-AWE,B,0.01689,10.03
2026-08-13T21:00:00+00:00,KRW-AVNT,A,-0.01923,7.87
2026-08-13T21:00:00+00:00,KRW-LINK,B,0.0008,3.11
2026-08-13T21:45:00+00:00,KRW-ETHFI,A,-0.01743,8.02
2026-08-13T22:30:00+00:00,KRW-APT,B,0.00506,3.64
2026-08-13T23:00:00+00:00,KRW-AVNT,B,0.00654,9.68
2026-08-13T23:45:00+00:00,KRW-MOVE,B,0.00337,3.32
2026-08-14T00:00:00+00:00,KRW-ENSO,A,-0.01538,4.85
2026-08-14T00:00:00+00:00,KRW-ID,B,0.00481,5.21
2026-08-14T00:00:00+00:00,KRW-MOVE,A,-0.01566,33.7
2026-08-14T00:00:00+00:00,KRW-RVN,B,0.01754,6.96
2026-08-14T00:00:00+00:00,KRW-ZIL,B,0.08824,4.93
2026-08-14T00:15:00+00:00,KRW-RED,B,0.01653,10.09
2026-08-14T00:15:00+00:00,KRW-SOPH,B,0.008,12.7
2026-08-14T00:15:00+00:00,KRW-VIRTUAL,B,0.00852,3.62
2026-08-14T00:30:00+00:00,KRW-RED,A,-0.00813,17.6
2026-08-14T01:00:00+00:00,KRW-APT,A,-0.00759,4.95
2026-08-14T01:15:00+00:00,KRW-BONK,B,0.1173,4.51
2026-08-14T01:15:00+00:00,KRW-SOPH,A,-0.01789,2.44
2026-08-14T01:30:00+00:00,KRW-ATOM,B,0.00327,6.01
2026-08-14T01:30:00+00:00,KRW-STORJ,B,0.03885,4.9
2026-08-14T02:15:00+00:00,KRW-AVNT,A,-0.03822,5.57
2026-08-14T02:30:00+00:00,KRW-ATOM,A,-0.00823,7.96
2026-08-14T02:30:00+00:00,KRW-JTO,B,0.00867,3.43
2026-08-14T03:00:00+00:00,KRW-AVNT,B,0.03289,7.14
2026-08-14T03:00:00+00:00,KRW-DOOD,A,-0.01136,1.16
2026-08-14T03:15:00+00:00,KRW-CHIP,A,-0.02821,14.52
2026-08-14T03:15:00+00:00,KRW-CRO,B,0.01608,3.23
2026-08-14T03:30:00+00:00,KRW-CRO,A,-0.00863,1.74
2026-08-14T04:15:00+00:00,KRW-RED,B,0.00806,3.55
2026-08-14T04:45:00+00:00,KRW-CHIP,B,0.04114,13.17
2026-08-14T04:45:00+00:00,KRW-PLUME,B,0.01124,3.5
2026-08-14T04:45:00+00:00,KRW-RED,A,-0.016,4.57
2026-08-14T05:15:00+00:00,KRW-AAVE,B,0.00243,5.99
2026-08-14T06:00:00+00:00,KRW-ATOM,B,0.01517,9.07
2026-08-14T07:00:00+00:00,KRW-ATOM,A,-0.00502,8.34
2026-08-14T07:30:00+00:00,KRW-APT,A,-0.00391,9.17
2026-08-14T07:30:00+00:00,KRW-DOOD,A,-0.02454,5.44
2026-08-14T07:45:00+00:00,KRW-BCH,B,0.00069,4.24
2026-08-14T08:00:00+00:00,KRW-PUMP,B,0.00739,3.02
2026-08-14T08:30:00+00:00,KRW-LINK,B,0.00081,3.05
2026-08-14T08:45:00+00:00,KRW-PLUME,A,-0.01622,7.29
2026-08-14T09:30:00+00:00,KRW-BCH,A,-0.00448,4.53
2026-08-14T09:30:00+00:00,KRW-RED,B,0.00833,5.06
2026-08-14T09:45:00+00:00,KRW-MOVE,B,0.01828,5.48
2026-08-14T10:15:00+00:00,KRW-MOVE,A,-0.01791,4.58
2026-08-14T10:30:00+00:00,KRW-ATH,A,-0.01883,2.27
2026-08-14T10:30:00+00:00,KRW-XPL,B,0.01923,5.43
2026-08-14T10:45:00+00:00,KRW-AWE,B,0.00802,4.53
2026-08-14T11:45:00+00:00,KRW-UNI,A,-0.00879,6.78
2026-08-14T12:00:00+00:00,KRW-ATOM,A,-0.00818,9.81
2026-08-14T12:00:00+00:00,KRW-PLUME,B,0.01064,5.79
2026-08-14T12:15:00+00:00,KRW-AWE,A,-0.00795,4.25
2026-08-14T13:00:00+00:00,KRW-FIL,B,0.0032,4.21
2026-08-14T14:00:00+00:00,KRW-RVN,B,0.02332,6.0
2026-08-14T14:15:00+00:00,KRW-BCH,A,-0.00666,4.63
2026-08-14T14:15:00+00:00,KRW-MOVE,B,0.00738,4.25
2026-08-14T14:45:00+00:00,KRW-AVNT,B,0.0069,4.03
2026-08-14T14:45:00+00:00,KRW-GAS,B,0.00309,5.14
2026-08-14T14:45:00+00:00,KRW-INJ,A,-0.0417,11.15
2026-08-14T14:45:00+00:00,KRW-ONT,B,0.012,21.86
2026-08-14T15:00:00+00:00,KRW-APT,B,0.00265,4.38
2026-08-14T15:00:00+00:00,KRW-ONT,A,-0.00988,4.11
2026-08-14T16:15:00+00:00,KRW-SAND,B,0.00174,3.95
2026-08-14T17:00:00+00:00,KRW-RED,B,0.00806,3.2
2026-08-14T17:15:00+00:00,KRW-PUMP,B,0.01005,4.72
2026-08-14T20:00:00+00:00,KRW-WLFI,B,0.08129,5.96
2026-08-14T23:30:00+00:00,KRW-AAVE,B,0.00494,3.07
2026-08-15T00:00:00+00:00,KRW-BLEND,B,0.04054,11.63
2026-08-15T00:00:00+00:00,KRW-MOVE,B,0.02703,16.5
2026-08-15T00:00:00+00:00,KRW-ONT,B,0.01768,5.11
2026-08-15T00:00:00+00:00,KRW-POL,B,0.00952,3.56
2026-08-15T00:00:00+00:00,KRW-ZIL,B,0.05212,3.73
2026-08-15T00:15:00+00:00,KRW-FIL,A,-0.00811,4.71
2026-08-15T00:15:00+00:00,KRW-LINK,B,0.00314,4.5
2026-08-15T00:30:00+00:00,KRW-FIL,B,0.00307,10.29
2026-08-15T00:45:00+00:00,KRW-MOVE,A,-0.03223,6.68
2026-08-15T01:15:00+00:00,KRW-AVNT,A,-0.03333,5.65
2026-08-15T01:30:00+00:00,KRW-PRL,B,0.02119,6.7
2026-08-15T02:00:00+00:00,KRW-PRL,A,-0.02421,3.7
2026-08-15T02:15:00+00:00,KRW-ENSO,B,0.06622,5.69
2026-08-15T02:30:00+00:00,KRW-ENSO,A,-0.0369,30.3
2026-08-15T02:30:00+00:00,KRW-PLUME,B,0.00549,4.37
2026-08-15T02:45:00+00:00,KRW-AVAX,B,0.02572,22.98
2026-08-15T03:00:00+00:00,KRW-LINK,A,-0.00727,8.8
2026-08-15T03:15:00+00:00,KRW-AVAX,A,-0.00832,5.62
2026-08-15T03:15:00+00:00,KRW-PLUME,A,-0.03209,11.21
2026-08-15T04:15:00+00:00,KRW-LINK,B,0.00075,8.25
2026-08-15T06:00:00+00:00,KRW-TRX,B,0.00213,4.71
2026-08-15T06:15:00+00:00,KRW-PRL,B,0.02166,5.2
2026-08-15T06:30:00+00:00,KRW-ARX,B,0.02381,3.99
2026-08-15T06:30:00+00:00,KRW-ONT,B,0.01957,5.44
2026-08-15T06:30:00+00:00,KRW-PRL,A,-0.02297,4.4
2026-08-15T06:45:00+00:00,KRW-PLUME,B,0.01058,4.42
2026-08-15T07:15:00+00:00,KRW-ARB,A,-0.00935,4.81
2026-08-15T08:15:00+00:00,KRW-CHIP,A,-0.01719,3.13
2026-08-15T08:15:00+00:00,KRW-ETHFI,B,0.01069,3.31
2026-08-15T08:45:00+00:00,KRW-COW,B,0.04027,9.23
2026-08-15T08:45:00+00:00,KRW-ENSO,B,0.00455,5.84
2026-08-15T09:00:00+00:00,KRW-JTO,A,-0.01528,5.76
2026-08-15T09:15:00+00:00,KRW-TREE,B,0.01996,3.05
2026-08-15T09:30:00+00:00,KRW-CFG,B,0.01351,11.86
2026-08-15T09:30:00+00:00,KRW-TREE,A,-0.0274,18.76
2026-08-15T09:45:00+00:00,KRW-BERA,B,0.02927,7.79
2026-08-15T09:45:00+00:00,KRW-CFG,A,-0.03111,37.6
2026-08-15T09:45:00+00:00,KRW-COW,A,-0.05021,575.18
2026-08-15T09:45:00+00:00,KRW-ENSO,A,-0.02106,3.95
2026-08-15T10:00:00+00:00,KRW-BERA,A,-0.01896,15.63
2026-08-15T10:00:00+00:00,KRW-LINK,B,0.00152,3.76
2026-08-15T10:00:00+00:00,KRW-ZORA,B,0.05916,10.08
2026-08-15T10:15:00+00:00,KRW-ETHFI,A,-0.02035,12.29
2026-08-15T10:15:00+00:00,KRW-XAUT,A,-0.00243,7.44
2026-08-15T10:15:00+00:00,KRW-ZORA,A,-0.04223,4.58
2026-08-15T10:45:00+00:00,KRW-PLUME,B,0.0101,4.37
2026-08-15T11:00:00+00:00,KRW-PLUME,A,-0.02,9.41
2026-08-15T12:45:00+00:00,KRW-DEEP,B,0.0098,3.61
2026-08-15T12:45:00+00:00,KRW-ENSO,B,0.00349,28.46
2026-08-15T13:15:00+00:00,KRW-COW,B,0.00424,360.45
2026-08-15T13:15:00+00:00,KRW-DEEP,A,-0.02404,8.04
2026-08-15T13:15:00+00:00,KRW-FIL,B,0.00102,3.08
2026-08-15T13:15:00+00:00,KRW-PRL,B,0.03012,6.04
2026-08-15T13:30:00+00:00,KRW-AWE,B,0.01009,4.94
2026-08-15T13:30:00+00:00,KRW-ETHFI,B,0.00294,3.29
2026-08-15T13:30:00+00:00,KRW-OPG,A,-0.02158,2.21
2026-08-15T14:00:00+00:00,KRW-ENSO,A,-0.02048,14.72
2026-08-15T14:00:00+00:00,KRW-LINK,B,0.00075,4.28
2026-08-15T14:15:00+00:00,KRW-CHIP,B,0.0114,6.78
2026-08-15T14:30:00+00:00,KRW-COW,A,-0.04386,249.28
2026-08-15T15:15:00+00:00,KRW-AVAX,B,0.00108,3.15
2026-08-15T16:15:00+00:00,KRW-AVAX,A,-0.00594,3.77
2026-08-15T16:30:00+00:00,KRW-BERA,A,-0.01422,3.38
2026-08-15T17:00:00+00:00,KRW-ENSO,B,0.06492,28.78
2026-08-15T17:30:00+00:00,KRW-OPG,A,-0.01439,2.3
2026-08-15T18:00:00+00:00,KRW-ENSO,A,-0.02426,8.15
2026-08-15T18:15:00+00:00,KRW-COW,B,0.01546,67.9
2026-08-15T19:15:00+00:00,KRW-CHIP,B,0.00543,4.07
2026-08-15T19:45:00+00:00,KRW-COW,A,-0.02404,82.78
2026-08-15T20:45:00+00:00,KRW-RED,B,0.0458,8.42
2026-08-15T21:45:00+00:00,KRW-RED,A,-0.05031,17.5
2026-08-15T22:30:00+00:00,KRW-ONT,B,0.00573,3.37
2026-08-15T22:45:00+00:00,KRW-COW,B,0.00515,40.95
2026-08-15T23:00:00+00:00,KRW-AVAX,A,-0.00499,3.55
2026-08-16T00:00:00+00:00,KRW-CHIP,A,-0.01795,4.35
2026-08-16T00:00:00+00:00,KRW-EDGE,B,0.10353,14.94
2026-08-16T00:00:00+00:00,KRW-ENSO,B,0.00763,6.51
2026-08-16T00:00:00+00:00,KRW-HOLO,B,0.02834,12.85
2026-08-16T00:00:00+00:00,KRW-PRL,B,0.04582,4.09
2026-08-16T00:15:00+00:00,KRW-BERA,B,0.01914,3.12
2026-08-16T00:15:00+00:00,KRW-CHIP,B,0.047,10.37
2026-08-16T00:30:00+00:00,KRW-COW,A,-0.0396,4.6
2026-08-16T01:15:00+00:00,KRW-BERA,A,-0.00922,15.92
2026-08-16T01:15:00+00:00,KRW-DEEP,B,0.00488,7.51
2026-08-16T01:30:00+00:00,KRW-CC,B,0.01408,3.22
2026-08-16T01:30:00+00:00,KRW-DEEP,A,-0.01942,6.12
2026-08-16T01:30:00+00:00,KRW-PRL,A,-0.05576,5.63
2026-08-16T01:45:00+00:00,KRW-BIGTIME,A,-0.02439,134.51
2026-08-16T01:45:00+00:00,KRW-DRV,B,0.38636,6.27
2026-08-16T01:45:00+00:00,KRW-EDGE,A,-0.05527,6.9
2026-08-16T01:45:00+00:00,KRW-LINK,B,0.00298,5.01
2026-08-16T01:45:00+00:00,KRW-ONT,A,-0.01689,5.2
2026-08-16T02:00:00+00:00,KRW-CC,A,-0.01379,39.07
2026-08-16T02:30:00+00:00,KRW-DRV,A,-0.05028,6.21
2026-08-16T03:15:00+00:00,KRW-GAS,A,-0.00861,1.26
2026-08-16T04:00:00+00:00,KRW-COW,B,0.05,6.18
2026-08-16T06:00:00+00:00,KRW-ONT,B,0.00376,3.75
2026-08-16T06:15:00+00:00,KRW-COW,A,-0.04211,7.17
2026-08-16T07:15:00+00:00,KRW-BIGTIME,B,0.01657,5.06
2026-08-16T07:30:00+00:00,KRW-BIGTIME,A,-0.01359,5.16
2026-08-16T08:00:00+00:00,KRW-COW,B,0.01099,4.15
2026-08-16T08:15:00+00:00,KRW-RENDER,B,0.00056,3.64
2026-08-16T08:45:00+00:00,KRW-CHIP,B,0.02302,3.42
2026-08-16T10:00:00+00:00,KRW-OPG,A,-0.02128,1.86
2026-08-16T10:15:00+00:00,KRW-CHIP,A,-0.01196,16.44
2026-08-16T10:30:00+00:00,KRW-ONT,B,0.01838,4.13
2026-08-16T10:45:00+00:00,KRW-ONT,A,-0.00722,3.84
2026-08-16T11:00:00+00:00,KRW-W,B,0.0084,3.03
2026-08-16T11:15:00+00:00,KRW-SIGN,B,0.00415,3.2
2026-08-16T11:45:00+00:00,KRW-PRL,B,0.00916,7.37
2026-08-16T12:00:00+00:00,KRW-AWE,B,0.00767,3.02
2026-08-16T13:00:00+00:00,KRW-CHIP,B,0.01005,3.22
2026-08-16T13:00:00+00:00,KRW-ETHFI,B,0.03093,4.01
2026-08-16T14:00:00+00:00,KRW-BIGTIME,B,0.01442,10.67
2026-08-16T14:15:00+00:00,KRW-BIGTIME,A,-0.00904,9.2
2026-08-16T14:30:00+00:00,KRW-CHIP,A,-0.019,8.58
2026-08-16T16:15:00+00:00,KRW-ONT,B,0.00542,3.67
2026-08-16T21:15:00+00:00,KRW-PENDLE,B,0.00392,3.45
2026-08-16T21:15:00+00:00,KRW-XPL,A,-0.01869,14.81
2026-08-16T21:30:00+00:00,KRW-APT,A,-0.01081,4.46
2026-08-16T21:30:00+00:00,KRW-AWE,A,-0.05889,30.72
2026-08-16T21:30:00+00:00,KRW-SEI,A,-0.00712,6.16
2026-08-16T21:45:00+00:00,KRW-SOPH,B,0.03971,3.86
2026-08-16T22:45:00+00:00,KRW-SPK,B,0.00493,3.21
2026-08-16T23:15:00+00:00,KRW-SOPH,A,-0.04847,16.13
2026-08-17T00:00:00+00:00,KRW-EDGE,B,0.02181,6.38
2026-08-17T00:00:00+00:00,KRW-KAT,A,-0.00476,4.0
2026-08-17T00:00:00+00:00,KRW-ONT,B,0.01101,3.71
2026-08-17T00:00:00+00:00,KRW-UP2,B,0.11647,11.8
2026-08-17T00:15:00+00:00,KRW-B3,B,0.04949,6.51
2026-08-17T00:15:00+00:00,KRW-SNT,B,0.03075,9.04
2026-08-17T00:45:00+00:00,KRW-ENSO,B,0.0095,3.53
2026-08-17T00:45:00+00:00,KRW-SNT,A,-0.00693,4.57
2026-08-17T01:00:00+00:00,KRW-B3,A,-0.03271,6.2
2026-08-17T01:00:00+00:00,KRW-ENSO,A,-0.0154,2.83
2026-08-17T01:00:00+00:00,KRW-ETC,B,0.00516,3.44
2026-08-17T01:00:00+00:00,KRW-GAS,B,0.0366,3.04
2026-08-17T01:00:00+00:00,KRW-MON,B,0.00707,3.0
2026-08-17T01:00:00+00:00,KRW-UP2,A,-0.02641,6.27
2026-08-17T01:15:00+00:00,KRW-GAS,A,-0.02754,4.7
2026-08-17T01:15:00+00:00,KRW-ONT,A,-0.01386,39.69
2026-08-17T01:30:00+00:00,KRW-CHIP,B,0.01781,3.38
2026-08-17T01:30:00+00:00,KRW-STEEM,B,0.00396,10.87
2026-08-17T02:15:00+00:00,KRW-LINK,B,0.0015,3.93
2026-08-17T02:15:00+00:00,KRW-XAUT,A,-0.00194,9.29
2026-08-17T02:30:00+00:00,KRW-STEEM,A,-0.00971,0.91
2026-08-17T03:15:00+00:00,KRW-BCH,B,0.00035,6.78
2026-08-17T04:00:00+00:00,KRW-JTO,B,0.0141,3.0
2026-08-17T04:45:00+00:00,KRW-ARB,B,0.00943,3.5
2026-08-17T04:45:00+00:00,KRW-PUMP,B,0.0175,5.56
2026-08-17T04:45:00+00:00,KRW-SNT,B,0.01418,3.32
2026-08-17T05:15:00+00:00,KRW-PUMP,A,-0.01217,4.22
2026-08-17T05:30:00+00:00,KRW-SNT,A,-0.01151,2.2
2026-08-17T05:45:00+00:00,KRW-ONT,A,-0.01261,3.42
2026-08-17T06:15:00+00:00,KRW-CHIP,B,0.01914,3.09
2026-08-17T07:15:00+00:00,KRW-CHIP,A,-0.01762,16.1
2026-08-17T07:15:00+00:00,KRW-ONT,B,0.01093,3.21
2026-08-17T07:30:00+00:00,KRW-XAUT,B,0.00129,3.35
2026-08-17T09:45:00+00:00,KRW-MON,A,-0.01056,6.04
2026-08-17T11:15:00+00:00,KRW-SNT,B,0.0241,13.48
2026-08-17T11:30:00+00:00,KRW-CHIP,B,0.01166,3.98
2026-08-17T11:45:00+00:00,KRW-SEI,B,0.00356,3.64
2026-08-17T12:00:00+00:00,KRW-KAT,A,-0.0209,3.11
2026-08-17T12:15:00+00:00,KRW-SNT,A,-0.01425,6.52
2026-08-17T13:30:00+00:00,KRW-ENS,B,0.01102,5.09
2026-08-17T14:15:00+00:00,KRW-XAUT,B,0.00242,4.89
2026-08-17T14:30:00+00:00,KRW-ONT,A,-0.00931,4.1
2026-08-17T16:00:00+00:00,KRW-PUMP,B,0.00723,8.38
2026-08-17T16:30:00+00:00,KRW-SNT,B,0.03083,5.53
2026-08-17T16:45:00+00:00,KRW-SNT,A,-0.0117,3.39
2026-08-17T18:30:00+00:00,KRW-POL,B,0.04464,12.58
2026-08-17T19:00:00+00:00,KRW-CFG,B,0.00889,5.65
2026-08-17T22:15:00+00:00,KRW-SNT,A,-0.01187,1.39
2026-08-18T00:00:00+00:00,KRW-SNT,B,0.02523,10.72
2026-08-18T01:00:00+00:00,KRW-ONT,B,0.03077,5.16
2026-08-18T01:45:00+00:00,KRW-TAO,A,-0.01598,4.78
2026-08-18T02:30:00+00:00,KRW-ENS,A,-0.00652,14.71
2026-08-18T02:30:00+00:00,KRW-FIL,A,-0.03219,9.26
2026-08-18T02:45:00+00:00,KRW-DOT,A,-0.0219,12.09
2026-08-18T02:45:00+00:00,KRW-PENGU,A,-0.00594,5.49
2026-08-18T02:45:00+00:00,KRW-SEI,A,-0.01447,5.79
2026-08-18T02:45:00+00:00,KRW-SUI,A,-0.02972,24.34
2026-08-18T02:45:00+00:00,KRW-WAVES,A,-0.03383,4.69
2026-08-18T03:00:00+00:00,KRW-CFG,A,-0.00893,5.22
2026-08-18T03:00:00+00:00,KRW-SUI,B,0.00328,4.01
2026-08-18T03:15:00+00:00,KRW-WAVES,B,0.00778,3.33
2026-08-18T04:45:00+00:00,KRW-RED,B,0.22222,54.3
2026-08-18T05:15:00+00:00,KRW-PRL,B,0.02564,4.36
2026-08-18T06:00:00+00:00,KRW-PRL,A,-0.02054,5.08
2026-08-18T06:15:00+00:00,KRW-CFG,B,0.03982,8.59
2026-08-18T06:15:00+00:00,KRW-NEAR,B,0.00863,3.41
2026-08-18T06:15:00+00:00,KRW-PUMP,B,0.00253,3.28
2026-08-18T06:30:00+00:00,KRW-ONT,B,0.00541,4.01
2026-08-18T06:30:00+00:00,KRW-RED,A,-0.03289,14.07
2026-08-18T08:45:00+00:00,KRW-ELF,B,0.06317,5.51
2026-08-18T08:45:00+00:00,KRW-PENDLE,B,0.00789,3.86
2026-08-18T08:45:00+00:00,KRW-RED,B,0.04317,20.82
2026-08-18T08:45:00+00:00,KRW-VVV,B,0.0087,3.01
2026-08-18T10:45:00+00:00,KRW-RED,A,-0.04196,11.46
2026-08-18T11:30:00+00:00,KRW-ALGO,B,0.00926,6.86
2026-08-18T11:45:00+00:00,KRW-CFG,A,-0.0087,4.71
2026-08-18T14:15:00+00:00,KRW-RENDER,B,0.00337,3.28
2026-08-18T14:15:00+00:00,KRW-SUI,B,0.01202,3.23
2026-08-18T14:45:00+00:00,KRW-SPK,A,-0.01053,8.77
2026-08-18T18:45:00+00:00,KRW-FIL,B,0.00225,6.44
2026-08-18T20:15:00+00:00,KRW-NEAR,B,0.00044,3.5
2026-08-18T22:00:00+00:00,KRW-PENDLE,B,0.00054,3.14
2026-08-18T22:15:00+00:00,KRW-PUMP,B,0.01675,4.84
2026-08-19T00:00:00+00:00,KRW-B3,B,0.01033,3.34
2026-08-19T00:00:00+00:00,KRW-HOLO,B,0.01797,4.85
2026-08-19T00:00:00+00:00,KRW-NEAR,A,-0.01298,5.84
2026-08-19T00:00:00+00:00,KRW-SNT,B,0.07338,18.26
2026-08-19T00:45:00+00:00,KRW-ELF,B,0.10176,10.91
2026-08-19T00:45:00+00:00,KRW-RVN,A,-0.02381,6.04
2026-08-19T00:45:00+00:00,KRW-SNT,A,-0.01208,3.21
2026-08-19T00:45:00+00:00,KRW-STEEM,B,0.01232,6.55
2026-08-19T01:15:00+00:00,KRW-ELF,A,-0.02503,6.39
2026-08-19T02:15:00+00:00,KRW-MON,B,0.00984,11.39
2026-08-19T02:30:00+00:00,KRW-MON,A,-0.02597,7.77
2026-08-19T03:00:00+00:00,KRW-DOT,A,-0.00568,4.37
2026-08-19T03:00:00+00:00,KRW-W,A,-0.00885,5.43
2026-08-19T03:15:00+00:00,KRW-LINK,B,0.00972,7.92
2026-08-19T03:45:00+00:00,KRW-PENGU,A,-0.00467,5.93
2026-08-19T04:30:00+00:00,KRW-RVN,B,0.00287,3.72
2026-08-19T04:45:00+00:00,KRW-CFG,A,-0.01951,18.1
2026-08-19T06:00:00+00:00,KRW-W,B,0.00901,4.81
2026-08-19T07:30:00+00:00,KRW-AAVE,B,0.00162,3.09
2026-08-19T07:30:00+00:00,KRW-ARB,B,0.00943,3.96
2026-08-19T09:15:00+00:00,KRW-LINK,B,0.00294,3.04
2026-08-19T11:00:00+00:00,KRW-SIGN,B,0.0227,7.49
2026-08-19T11:30:00+00:00,KRW-SIGN,A,-0.01942,6.48
2026-08-19T12:45:00+00:00,KRW-DOOD,B,0.01899,3.8
2026-08-19T12:45:00+00:00,KRW-XAUT,B,0.00524,6.73
2026-08-19T13:45:00+00:00,KRW-ARB,B,0.00935,3.0
2026-08-19T14:00:00+00:00,KRW-TREE,B,0.09129,4.76
2026-08-19T14:45:00+00:00,KRW-NEAR,B,0.0031,5.28
2026-08-19T15:00:00+00:00,KRW-AVAX,B,0.00964,3.99
2026-08-19T15:00:00+00:00,KRW-BIO,B,0.02151,3.66
2026-08-19T15:00:00+00:00,KRW-CFG,B,0.01087,4.16
2026-08-19T15:00:00+00:00,KRW-ENS,B,0.01381,3.26
2026-08-19T15:00:00+00:00,KRW-ETC,B,0.0076,4.31
2026-08-19T15:00:00+00:00,KRW-JUP,B,0.01266,4.93
2026-08-19T15:00:00+00:00,KRW-LINK,B,0.0037,3.18
2026-08-19T15:00:00+00:00,KRW-SUI,B,0.01726,5.37
2026-08-19T15:00:00+00:00,KRW-WAVES,B,0.01504,4.67
2026-08-19T15:15:00+00:00,KRW-ALGO,B,0.00893,6.06
2026-08-19T15:15:00+00:00,KRW-APT,B,0.01874,5.07
2026-08-19T15:15:00+00:00,KRW-ATOM,B,0.01582,7.04
2026-08-19T15:15:00+00:00,KRW-BCH,B,0.00942,17.13
2026-08-19T15:15:00+00:00,KRW-DOT,B,0.01393,3.81
2026-08-19T15:15:00+00:00,KRW-FIL,B,0.02908,5.0
2026-08-19T15:15:00+00:00,KRW-HBAR,B,0.00946,3.9
2026-08-19T15:15:00+00:00,KRW-INJ,B,0.00911,4.32
2026-08-19T15:15:00+00:00,KRW-PENDLE,B,0.01991,4.26
2026-08-19T15:15:00+00:00,KRW-PENGU,B,0.02191,5.41
2026-08-19T15:15:00+00:00,KRW-PEPE,B,0.01887,3.26
2026-08-19T15:15:00+00:00,KRW-PUMP,B,0.01663,11.86
2026-08-19T15:15:00+00:00,KRW-SAND,B,0.02166,5.29
2026-08-19T15:15:00+00:00,KRW-SEI,B,0.01449,4.36
2026-08-19T15:15:00+00:00,KRW-TAO,B,0.01109,6.97
2026-08-19T15:15:00+00:00,KRW-TRUMP,B,0.01261,3.01
2026-08-19T15:15:00+00:00,KRW-TRX,B,0.00217,14.14
2026-08-19T15:15:00+00:00,KRW-VIRTUAL,B,0.01968,5.53
2026-08-19T15:15:00+00:00,KRW-XPL,B,0.02778,4.49
2026-08-19T15:30:00+00:00,KRW-BCH,A,-0.00795,5.94
2026-08-19T15:30:00+00:00,KRW-CRO,B,0.00303,3.9
2026-08-19T15:30:00+00:00,KRW-ENS,A,-0.00622,6.51
2026-08-19T15:30:00+00:00,KRW-ETC,A,-0.00398,7.2
2026-08-19T15:30:00+00:00,KRW-HBAR,A,-0.00312,10.18
2026-08-19T15:30:00+00:00,KRW-PENGU,A,-0.0079,4.67
2026-08-19T15:30:00+00:00,KRW-PRL,A,-0.03696,5.68
2026-08-19T15:30:00+00:00,KRW-SUI,A,-0.00725,6.44
2026-08-19T15:30:00+00:00,KRW-TAO,A,-0.00475,5.78
2026-08-19T15:30:00+00:00,KRW-TREE,A,-0.01761,7.37
2026-08-19T15:30:00+00:00,KRW-VIRTUAL,A,-0.00724,4.87
2026-08-19T15:45:00+00:00,KRW-BIO,A,-0.02239,16.56
2026-08-19T15:45:00+00:00,KRW-MON,A,-0.00656,4.57
2026-08-19T15:45:00+00:00,KRW-SAND,A,-0.01767,5.3
2026-08-19T17:00:00+00:00,KRW-RED,B,0.04511,4.41
2026-08-19T17:15:00+00:00,KRW-RENDER,B,0.0133,4.74
2026-08-19T17:30:00+00:00,KRW-PUMP,A,-0.0137,4.38
2026-08-19T18:30:00+00:00,KRW-PRL,B,0.07657,5.74
2026-08-19T19:45:00+00:00,KRW-TRUMP,B,0.01385,3.82
2026-08-19T20:00:00+00:00,KRW-ATOM,B,0.00994,4.19
2026-08-19T20:00:00+00:00,KRW-TAO,B,0.00547,4.08
2026-08-19T20:15:00+00:00,KRW-LINK,B,0.01218,4.29
2026-08-19T20:45:00+00:00,KRW-AVAX,B,0.01043,4.04
2026-08-19T20:45:00+00:00,KRW-BCH,B,0.00871,4.96
2026-08-19T20:45:00+00:00,KRW-CFG,B,0.02116,3.46
2026-08-19T20:45:00+00:00,KRW-DOT,B,0.00836,3.24
2026-08-19T20:45:00+00:00,KRW-ETC,B,0.01482,5.6
2026-08-19T20:45:00+00:00,KRW-FIL,B,0.01424,4.45
2026-08-19T20:45:00+00:00,KRW-HBAR,B,0.0052,5.45
2026-08-19T20:45:00+00:00,KRW-PENGU,B,0.01371,3.02
2026-08-19T21:00:00+00:00,KRW-AAVE,B,0.02306,3.34
2026-08-19T21:00:00+00:00,KRW-APT,B,0.01309,3.59
2026-08-19T21:00:00+00:00,KRW-CRO,B,0.00756,3.33
2026-08-19T21:00:00+00:00,KRW-ENS,B,0.01668,9.16
2026-08-19T21:00:00+00:00,KRW-ETHFI,B,0.01003,3.04
2026-08-19T21:00:00+00:00,KRW-SEI,B,0.01077,3.43
2026-08-19T21:00:00+00:00,KRW-SUI,B,0.01963,6.76
2026-08-19T21:00:00+00:00,KRW-TRX,A,-0.00437,8.72
2026-08-19T21:00:00+00:00,KRW-UNI,B,0.02029,3.08
2026-08-19T21:00:00+00:00,KRW-VIRTUAL,B,0.00602,4.47
2026-08-19T21:15:00+00:00,KRW-RENDER,B,0.00907,3.95
2026-08-19T21:30:00+00:00,KRW-CRO,A,-0.01337,4.51
2026-08-19T21:30:00+00:00,KRW-HBAR,A,-0.00409,4.85
2026-08-19T21:30:00+00:00,KRW-LINK,A,-0.00742,4.47
2026-08-19T21:30:00+00:00,KRW-TREE,A,-0.0636,2.83
2026-08-19T22:00:00+00:00,KRW-ALGO,A,-0.00885,5.15
2026-08-19T22:00:00+00:00,KRW-BCH,A,-0.00919,6.03
2026-08-19T22:00:00+00:00,KRW-CFG,A,-0.02073,5.14
2026-08-19T22:00:00+00:00,KRW-ETC,A,-0.01267,4.28
2026-08-19T22:00:00+00:00,KRW-POL,B,0.00893,5.89
2026-08-19T22:00:00+00:00,KRW-RENDER,A,-0.00944,4.4
2026-08-19T22:00:00+00:00,KRW-SUI,A,-0.00913,3.61
2026-08-19T22:15:00+00:00,KRW-MET2,B,0.00749,3.88
2026-08-19T22:30:00+00:00,KRW-NEAR,B,0.00509,3.5
2026-08-19T22:45:00+00:00,KRW-ARB,B,0.0082,3.46
2026-08-19T22:45:00+00:00,KRW-TRUMP,A,-0.01423,58.33
2026-08-19T23:00:00+00:00,KRW-PENDLE,B,0.00515,3.35
2026-08-19T23:00:00+00:00,KRW-TRX,B,0.00439,3.57
2026-08-20T00:00:00+00:00,KRW-ATH,B,0.00539,3.41
2026-08-20T00:00:00+00:00,KRW-BSV,B,0.05614,140.15
2026-08-20T00:00:00+00:00,KRW-PRL,B,0.0367,7.66
2026-08-20T00:00:00+00:00,KRW-TREE,B,0.01811,3.35
2026-08-20T00:00:00+00:00,KRW-XEC,B,0.0723,15.83
2026-08-20T00:15:00+00:00,KRW-TRUMP,B,0.05553,19.62
2026-08-20T00:15:00+00:00,KRW-ZRO,B,0.02178,3.21
2026-08-20T00:30:00+00:00,KRW-PENGU,A,-0.00446,6.83
2026-08-20T00:45:00+00:00,KRW-ETC,B,0.00165,4.28
2026-08-20T00:45:00+00:00,KRW-PENGU,B,0.00224,4.06
2026-08-20T01:00:00+00:00,KRW-BSV,A,-0.00767,4.95
2026-08-20T01:00:00+00:00,KRW-MET2,A,-0.03,17.91
2026-08-20T01:30:00+00:00,KRW-ENS,B,0.00172,4.28
2026-08-20T02:00:00+00:00,KRW-BCH,B,0.00136,4.94
2026-08-20T02:15:00+00:00,KRW-UNI,A,-0.00789,5.1
2026-08-20T02:30:00+00:00,KRW-PUMP,B,0.00907,3.25
2026-08-20T02:45:00+00:00,KRW-MET2,B,0.01684,11.54
2026-08-20T02:45:00+00:00,KRW-TRUMP,A,-0.01609,11.36
2026-08-20T03:00:00+00:00,KRW-BCH,A,-0.01121,7.34
2026-08-20T03:00:00+00:00,KRW-LINK,A,-0.0138,5.89
2026-08-20T03:00:00+00:00,KRW-PUMP,A,-0.01528,8.34
2026-08-20T03:00:00+00:00,KRW-SUI,A,-0.01031,6.67
2026-08-20T03:30:00+00:00,KRW-ATOM,B,0.00298,7.04
2026-08-20T03:30:00+00:00,KRW-PENDLE,B,0.00828,4.76
2026-08-20T04:00:00+00:00,KRW-DOT,B,0.00185,3.06
2026-08-20T04:00:00+00:00,KRW-TREE,B,0.02317,3.44
2026-08-20T04:30:00+00:00,KRW-MON,B,0.01515,11.77
2026-08-20T04:30:00+00:00,KRW-PEPE,B,0.0099,3.18
2026-08-20T04:30:00+00:00,KRW-RED,B,0.09859,30.99
2026-08-20T04:30:00+00:00,KRW-TREE,A,-0.02075,3.31
2026-08-20T04:45:00+00:00,KRW-MON,A,-0.01194,5.47
2026-08-20T06:15:00+00:00,KRW-ALGO,A,-0.00862,9.53
2026-08-20T06:15:00+00:00,KRW-BIO,B,0.05867,6.76
2026-08-20T06:15:00+00:00,KRW-TRUMP,B,0.00571,4.64
2026-08-20T06:45:00+00:00,KRW-ARB,B,0.0082,3.7
2026-08-20T06:45:00+00:00,KRW-TRUMP,A,-0.00832,3.05
2026-08-20T07:00:00+00:00,KRW-ETHFI,B,0.03439,5.94
2026-08-20T07:00:00+00:00,KRW-MET2,B,0.01,3.6
2026-08-20T07:15:00+00:00,KRW-RED,A,-0.03049,5.77
2026-08-20T08:00:00+00:00,KRW-AAVE,B,0.01046,4.72
2026-08-20T08:00:00+00:00,KRW-ENS,B,0.02074,3.2
2026-08-20T08:00:00+00:00,KRW-ETC,B,0.01429,4.56
2026-08-20T08:00:00+00:00,KRW-JUP,B,0.02362,5.05
2026-08-20T08:00:00+00:00,KRW-SUI,B,0.01548,4.47
2026-08-20T08:15:00+00:00,KRW-BCH,B,0.00101,7.44
2026-08-20T08:15:00+00:00,KRW-ETHFI,A,-0.01542,6.81
2026-08-20T08:15:00+00:00,KRW-FIL,B,0.00213,4.32
2026-08-20T08:15:00+00:00,KRW-STX,B,0.00538,3.21
2026-08-20T08:30:00+00:00,KRW-BSV,B,0.00909,4.63
2026-08-20T08:30:00+00:00,KRW-CHIP,A,-0.02469,4.22
2026-08-20T08:30:00+00:00,KRW-LINK,B,0.00478,4.2
2026-08-20T08:30:00+00:00,KRW-MON,B,0.00295,4.19
2026-08-20T08:30:00+00:00,KRW-PENGU,B,0.01087,5.25
2026-08-20T08:30:00+00:00,KRW-PEPE,B,0.00462,10.05
2026-08-20T08:30:00+00:00,KRW-TAO,B,0.00383,4.86
2026-08-20T08:30:00+00:00,KRW-TRX,B,0.00435,5.0
2026-08-20T08:45:00+00:00,KRW-INJ,B,0.00535,4.15
2026-08-20T08:45:00+00:00,KRW-MET2,A,-0.01303,7.78
2026-08-20T08:45:00+00:00,KRW-RENDER,B,0.0026,3.25
2026-08-20T09:00:00+00:00,KRW-ATOM,B,0.00435,3.73
2026-08-20T09:15:00+00:00,KRW-APT,B,0.00643,4.5
2026-08-20T09:15:00+00:00,KRW-FLOCK,B,0.02331,3.75
2026-08-20T09:15:00+00:00,KRW-PENGU,A,-0.00961,6.67
2026-08-20T09:15:00+00:00,KRW-PEPE,A,-0.01814,5.33
2026-08-20T09:15:00+00:00,KRW-PUMP,B,0.01096,5.45
2026-08-20T09:30:00+00:00,KRW-BIO,A,-0.02391,29.12
2026-08-20T09:30:00+00:00,KRW-PRL,B,0.05379,4.26
2026-08-20T09:30:00+00:00,KRW-VIRTUAL,B,0.0265,10.75
2026-08-20T09:45:00+00:00,KRW-AVAX,A,-0.00733,3.52
2026-08-20T09:45:00+00:00,KRW-BCH,A,-0.00467,5.89
2026-08-20T09:45:00+00:00,KRW-JTO,B,0.00244,4.07
2026-08-20T09:45:00+00:00,KRW-LINK,A,-0.01018,4.53
2026-08-20T09:45:00+00:00,KRW-PENDLE,A,-0.02789,8.96
2026-08-20T09:45:00+00:00,KRW-PUMP,A,-0.02355,6.31
2026-08-20T09:45:00+00:00,KRW-SUI,A,-0.01092,3.96
2026-08-20T10:00:00+00:00,KRW-CRO,B,0.01521,10.75
2026-08-20T10:00:00+00:00,KRW-W,B,0.00833,4.7
2026-08-20T10:15:00+00:00,KRW-CRO,A,-0.01635,3.6
2026-08-20T10:15:00+00:00,KRW-PRL,A,-0.02018,4.55
2026-08-20T10:15:00+00:00,KRW-RED,B,0.05263,11.53
2026-08-20T10:15:00+00:00,KRW-VIRTUAL,A,-0.01323,5.69
2026-08-20T10:45:00+00:00,KRW-BIO,B,0.00229,6.59
2026-08-20T10:45:00+00:00,KRW-PLUME,B,0.03297,6.37
2026-08-20T10:45:00+00:00,KRW-TRUMP,B,0.00478,3.18
2026-08-20T11:00:00+00:00,KRW-ETHFI,B,0.00875,11.29
2026-08-20T11:15:00+00:00,KRW-MON,A,-0.03533,36.51
2026-08-20T11:45:00+00:00,KRW-TRUMP,A,-0.01244,8.88
2026-08-20T12:00:00+00:00,KRW-MET2,B,0.01045,16.22
2026-08-20T12:15:00+00:00,KRW-BONK,B,0.03514,3.04
2026-08-20T12:15:00+00:00,KRW-POL,B,0.00885,7.28
2026-08-20T12:45:00+00:00,KRW-MEGA,B,0.00756,6.11
2026-08-20T12:45:00+00:00,KRW-MON,B,0.00556,7.26
2026-08-20T13:00:00+00:00,KRW-BERA,B,0.00909,3.26
2026-08-20T13:15:00+00:00,KRW-CC,B,0.00694,3.26
2026-08-20T13:15:00+00:00,KRW-GAS,B,0.02016,5.51
2026-08-20T13:15:00+00:00,KRW-MET2,A,-0.01027,8.93
2026-08-20T13:15:00+00:00,KRW-ONT,B,0.02087,4.92
2026-08-20T13:15:00+00:00,KRW-PENGU,B,0.00408,3.72
2026-08-20T13:15:00+00:00,KRW-TRX,B,0.00429,3.9
2026-08-20T13:30:00+00:00,KRW-APT,A,-0.00769,4.18
2026-08-20T13:30:00+00:00,KRW-MEGA,A,-0.01498,3.56
2026-08-20T13:30:00+00:00,KRW-PENGU,A,-0.01726,6.25
2026-08-20T13:30:00+00:00,KRW-PUMP,B,0.01062,3.84
2026-08-20T14:00:00+00:00,KRW-BCH,B,0.00133,4.34
2026-08-20T14:00:00+00:00,KRW-LINK,B,0.00342,3.01
2026-08-20T14:15:00+00:00,KRW-CRO,B,0.01361,3.76
2026-08-20T14:30:00+00:00,KRW-JUP,B,0.00388,3.1
2026-08-20T14:30:00+00:00,KRW-PUMP,A,-0.01423,7.03
2026-08-20T14:45:00+00:00,KRW-CRO,A,-0.01469,2.92
2026-08-20T14:45:00+00:00,KRW-FIL,B,0.00312,3.14
2026-08-20T15:00:00+00:00,KRW-ATH,B,0.00716,3.57
2026-08-20T15:00:00+00:00,KRW-ENS,B,0.00999,3.16
2026-08-20T15:00:00+00:00,KRW-NEAR,B,0.01104,3.15
2026-08-20T15:00:00+00:00,KRW-ONT,A,-0.01176,5.79
2026-08-20T15:00:00+00:00,KRW-PEPE,B,0.02804,4.2
2026-08-20T15:00:00+00:00,KRW-SUI,B,0.013,5.48
2026-08-20T15:00:00+00:00,KRW-XAUT,B,0.00437,4.33
2026-08-20T16:45:00+00:00,KRW-MET2,B,0.0069,3.27
2026-08-20T16:45:00+00:00,KRW-UNI,B,0.0088,5.4
2026-08-20T17:00:00+00:00,KRW-TRUMP,B,0.00386,4.05
2026-08-20T17:15:00+00:00,KRW-BIO,B,0.00955,4.6
2026-08-20T17:15:00+00:00,KRW-TRUMP,A,-0.01325,2.31
2026-08-20T17:30:00+00:00,KRW-POL,A,-0.0177,12.62
2026-08-20T18:00:00+00:00,KRW-FIL,A,-0.01806,7.24
2026-08-20T18:45:00+00:00,KRW-FIL,B,0.01555,6.63
2026-08-20T19:15:00+00:00,KRW-MET2,A,-0.01347,5.29
2026-08-20T19:45:00+00:00,KRW-ONT,B,0.01149,3.68
2026-08-20T20:15:00+00:00,KRW-GAS,B,0.04351,13.45
2026-08-20T20:45:00+00:00,KRW-GAS,A,-0.03429,89.43
2026-08-20T20:45:00+00:00,KRW-ONT,A,-0.01816,28.45
2026-08-20T21:45:00+00:00,KRW-MON,B,0.04843,10.86
2026-08-20T22:00:00+00:00,KRW-ATH,B,0.00871,5.9
2026-08-20T22:00:00+00:00,KRW-BCH,B,0.00295,7.65
2026-08-20T22:00:00+00:00,KRW-PUMP,B,0.0293,5.94
2026-08-20T22:00:00+00:00,KRW-TRUMP,A,-0.01487,2.52
2026-08-20T22:15:00+00:00,KRW-MON,A,-0.02406,5.31
2026-08-20T22:15:00+00:00,KRW-NEAR,B,0.00041,4.87
2026-08-20T22:15:00+00:00,KRW-PUMP,A,-0.01328,4.66
2026-08-20T23:00:00+00:00,KRW-XAUT,B,0.00339,4.23
2026-08-20T23:15:00+00:00,KRW-ENS,B,0.0008,3.84
2026-08-20T23:15:00+00:00,KRW-TAO,B,0.00942,4.49
2026-08-20T23:15:00+00:00,KRW-TRUMP,B,0.00891,3.19
2026-08-20T23:30:00+00:00,KRW-RENDER,A,-0.00412,5.06
2026-08-20T23:30:00+00:00,KRW-XPL,B,0.00826,6.81
2026-08-20T23:45:00+00:00,KRW-ONT,B,0.00456,7.17
2026-08-21T00:00:00+00:00,KRW-APT,B,0.00126,4.69
2026-08-21T00:00:00+00:00,KRW-AXS,B,0.00603,26.79
2026-08-21T00:00:00+00:00,KRW-B3,B,0.04738,8.05
2026-08-21T00:00:00+00:00,KRW-BERA,B,0.03404,3.41
2026-08-21T00:00:00+00:00,KRW-BSV,A,-0.00718,1.06
2026-08-21T00:00:00+00:00,KRW-ELF,B,0.08365,5.64
2026-08-21T00:00:00+00:00,KRW-SAND,B,0.00832,4.33
2026-08-21T00:00:00+00:00,KRW-SNT,B,0.13222,38.38
2026-08-21T00:00:00+00:00,KRW-STEEM,B,0.0243,5.77
2026-08-21T00:00:00+00:00,KRW-SUI,B,0.00297,4.19
2026-08-21T00:00:00+00:00,KRW-TREE,B,0.01603,4.67
2026-08-21T00:15:00+00:00,KRW-BCH,A,-0.00546,13.74
2026-08-21T00:15:00+00:00,KRW-BIO,B,0.00928,3.39
2026-08-21T00:15:00+00:00,KRW-CC,A,-0.0146,5.22
2026-08-21T00:15:00+00:00,KRW-GAS,B,0.0324,60.09
2026-08-21T00:15:00+00:00,KRW-MEGA,A,-0.01143,3.18
2026-08-21T00:15:00+00:00,KRW-TRX,B,0.00215,3.35
2026-08-21T00:30:00+00:00,KRW-AVAX,A,-0.00699,4.52
2026-08-21T00:30:00+00:00,KRW-BERA,A,-0.02058,4.61
2026-08-21T00:30:00+00:00,KRW-STEEM,A,-0.01413,4.68
2026-08-21T00:45:00+00:00,KRW-DRV,B,0.00658,5.13
2026-08-21T00:45:00+00:00,KRW-GAS,A,-0.02042,32.43
2026-08-21T00:45:00+00:00,KRW-ONT,A,-0.03606,20.12
2026-08-21T01:00:00+00:00,KRW-MET2,B,0.02676,3.56
2026-08-21T01:15:00+00:00,KRW-AWE,A,-0.01311,3.92
2026-08-21T01:15:00+00:00,KRW-JUP,B,0.0076,3.44
2026-08-21T01:30:00+00:00,KRW-SNT,A,-0.02634,12.99
2026-08-21T01:45:00+00:00,KRW-ALGO,B,0.00826,8.49
2026-08-21T01:45:00+00:00,KRW-ELF,A,-0.04904,6.82
2026-08-21T01:45:00+00:00,KRW-ETC,B,0.00676,3.06
2026-08-21T01:45:00+00:00,KRW-FIL,B,0.00388,3.6
2026-08-21T01:45:00+00:00,KRW-HBAR,B,0.0098,3.41
2026-08-21T01:45:00+00:00,KRW-LINK,B,0.00471,3.0
2026-08-21T02:00:00+00:00,KRW-CHIP,B,0.04054,6.24
2026-08-21T02:00:00+00:00,KRW-PENGU,B,0.01,5.38
2026-08-21T02:00:00+00:00,KRW-PUMP,B,0.02111,5.43
2026-08-21T02:15:00+00:00,KRW-AAVE,B,0.00365,3.1
2026-08-21T02:15:00+00:00,KRW-CFG,B,0.01075,3.0
2026-08-21T02:15:00+00:00,KRW-NEAR,B,0.00163,4.03
2026-08-21T02:30:00+00:00,KRW-ENS,A,-0.01297,11.93
2026-08-21T02:45:00+00:00,KRW-PYTH,B,0.01768,4.95
2026-08-21T03:00:00+00:00,KRW-ZORA,B,0.01269,10.73
2026-08-21T03:15:00+00:00,KRW-APT,A,-0.00499,5.63
2026-08-21T03:15:00+00:00,KRW-ZORA,A,-0.01754,8.46
2026-08-21T03:30:00+00:00,KRW-RENDER,B,0.00155,3.03
2026-08-21T03:45:00+00:00,KRW-DOOD,B,0.01143,3.48
2026-08-21T03:45:00+00:00,KRW-POL,B,0.00885,11.85
2026-08-21T03:45:00+00:00,KRW-TAO,B,0.00134,3.35
2026-08-21T03:45:00+00:00,KRW-TRUMP,B,0.0092,3.09
2026-08-21T04:00:00+00:00,KRW-ATH,B,0.00343,3.47
2026-08-21T04:00:00+00:00,KRW-ONT,B,0.00833,5.74
2026-08-21T04:00:00+00:00,KRW-SEI,B,0.00165,7.44
2026-08-21T04:15:00+00:00,KRW-GAS,B,0.00063,6.0
2026-08-21T04:30:00+00:00,KRW-SPK,A,-0.00881,5.85
2026-08-21T04:30:00+00:00,KRW-SUI,B,0.00097,3.34
2026-08-21T04:30:00+00:00,KRW-ZRO,B,0.00169,4.22
2026-08-21T04:45:00+00:00,KRW-BCH,B,0.0121,3.24
2026-08-21T04:45:00+00:00,KRW-DRV,A,-0.02959,13.58
2026-08-21T04:45:00+00:00,KRW-OPG,B,0.02143,3.3
2026-08-21T04:45:00+00:00,KRW-SPK,B,0.01333,4.24
2026-08-21T05:15:00+00:00,KRW-BCH,A,-0.00944,4.69
2026-08-21T05:45:00+00:00,KRW-APT,B,0.00748,4.21
2026-08-21T05:45:00+00:00,KRW-AVAX,B,0.00395,3.84
2026-08-21T05:45:00+00:00,KRW-MON,B,0.01078,3.93
2026-08-21T05:45:00+00:00,KRW-XAUT,B,0.0008,4.96
2026-08-21T06:00:00+00:00,KRW-PEPE,B,0.0129,5.59
2026-08-21T06:15:00+00:00,KRW-BSV,B,0.01771,12.06
2026-08-21T06:15:00+00:00,KRW-CFG,B,0.01523,5.39
2026-08-21T06:15:00+00:00,KRW-ETC,B,0.00051,6.09
2026-08-21T06:15:00+00:00,KRW-GAS,A,-0.00889,6.42
2026-08-21T06:45:00+00:00,KRW-ENS,B,0.00532,3.52
2026-08-21T06:45:00+00:00,KRW-PYTH,B,0.00299,6.73
2026-08-21T06:45:00+00:00,KRW-TRX,B,0.00214,3.0
2026-08-21T06:45:00+00:00,KRW-XPL,A,-0.01527,7.94
2026-08-21T07:00:00+00:00,KRW-ATOM,B,0.00282,7.74
2026-08-21T07:00:00+00:00,KRW-CFG,A,-0.00995,4.81
2026-08-21T07:00:00+00:00,KRW-INJ,B,0.00449,4.49
2026-08-21T07:15:00+00:00,KRW-LINK,B,0.04765,21.11
2026-08-21T07:15:00+00:00,KRW-POL,A,-0.03175,10.07
2026-08-21T07:30:00+00:00,KRW-FIL,B,0.0057,4.55
2026-08-21T07:30:00+00:00,KRW-HBAR,B,0.00962,5.48
2026-08-21T07:30:00+00:00,KRW-UNI,B,0.00835,3.3
2026-08-21T07:45:00+00:00,KRW-AAVE,B,0.03246,3.37
2026-08-21T07:45:00+00:00,KRW-ENS,A,-0.00671,5.31
2026-08-21T07:45:00+00:00,KRW-JTO,B,0.00732,4.88
2026-08-21T07:45:00+00:00,KRW-NEAR,B,0.02239,15.93
2026-08-21T07:45:00+00:00,KRW-ONT,A,-0.02107,6.29
2026-08-21T07:45:00+00:00,KRW-PENGU,B,0.00952,4.9
2026-08-21T07:45:00+00:00,KRW-POL,B,0.00826,5.38
2026-08-21T07:45:00+00:00,KRW-RENDER,B,0.00798,6.2
2026-08-21T07:45:00+00:00,KRW-TAO,B,0.00783,3.53
2026-08-21T08:00:00+00:00,KRW-MANTRA,A,-0.0656,4.66
2026-08-21T08:00:00+00:00,KRW-NEAR,A,-0.00604,5.74
2026-08-21T08:00:00+00:00,KRW-PYTH,A,-0.01997,18.03
2026-08-21T08:00:00+00:00,KRW-RENDER,A,-0.00495,7.98
2026-08-21T08:15:00+00:00,KRW-ATH,B,0.01818,3.05
2026-08-21T08:15:00+00:00,KRW-BERA,B,0.03937,8.39
2026-08-21T08:30:00+00:00,KRW-BERA,A,-0.02273,10.4
2026-08-21T08:30:00+00:00,KRW-CC,B,0.01408,3.65
2026-08-21T08:30:00+00:00,KRW-CHZ,B,0.01058,3.7
2026-08-21T08:30:00+00:00,KRW-PENDLE,B,0.00046,4.45
2026-08-21T08:30:00+00:00,KRW-SAND,B,0.01727,4.01
2026-08-21T08:30:00+00:00,KRW-SEI,B,0.00159,3.87
2026-08-21T08:30:00+00:00,KRW-SUI,B,0.00458,4.03
2026-08-21T08:30:00+00:00,KRW-W,B,0.00775,3.64
2026-08-21T08:30:00+00:00,KRW-WAVES,B,0.00667,3.55
2026-08-21T08:45:00+00:00,KRW-AVNT,B,0.02206,3.77
2026-08-21T08:45:00+00:00,KRW-DOT,B,0.01398,3.28
2026-08-21T08:45:00+00:00,KRW-ETHFI,B,0.0141,3.33
2026-08-21T08:45:00+00:00,KRW-GAS,B,0.01458,5.01
2026-08-21T08:45:00+00:00,KRW-ONT,B,0.01199,7.32
2026-08-21T08:45:00+00:00,KRW-TRUMP,B,0.01321,6.24
2026-08-21T08:45:00+00:00,KRW-VIRTUAL,B,0.00858,3.01
2026-08-21T08:45:00+00:00,KRW-XPL,B,0.02985,3.13
2026-08-21T09:00:00+00:00,KRW-AAVE,A,-0.02646,14.71
2026-08-21T09:00:00+00:00,KRW-APT,A,-0.01637,13.52
2026-08-21T09:00:00+00:00,KRW-ATH,A,-0.02083,6.5
2026-08-21T09:00:00+00:00,KRW-ATOM,A,-0.01319,7.24
2026-08-21T09:00:00+00:00,KRW-AVAX,A,-0.03113,15.42
2026-08-21T09:00:00+00:00,KRW-AXS,A,-0.0199,1.69
2026-08-21T09:00:00+00:00,KRW-BSV,A,-0.01033,5.71
2026-08-21T09:00:00+00:00,KRW-CC,A,-0.01389,10.38
2026-08-21T09:00:00+00:00,KRW-CHZ,A,-0.02591,6.04
2026-08-21T09:00:00+00:00,KRW-CRO,A,-0.01797,4.21
2026-08-21T09:00:00+00:00,KRW-DOT,A,-0.02028,7.87
2026-08-21T09:00:00+00:00,KRW-ETC,A,-0.02901,17.53
2026-08-21T09:00:00+00:00,KRW-FIL,A,-0.02502,9.89
2026-08-21T09:00:00+00:00,KRW-HBAR,A,-0.02804,9.95
2026-08-21T09:00:00+00:00,KRW-INJ,A,-0.02321,7.45
2026-08-21T09:00:00+00:00,KRW-JTO,A,-0.0285,4.4
2026-08-21T09:00:00+00:00,KRW-JUP,A,-0.02857,7.79
2026-08-21T09:00:00+00:00,KRW-LINK,A,-0.02353,11.14
2026-08-21T09:00:00+00:00,KRW-ME,B,0.00106,3.67
2026-08-21T09:00:00+00:00,KRW-PENDLE,A,-0.02069,6.86
2026-08-21T09:00:00+00:00,KRW-PENGU,A,-0.03738,5.07
2026-08-21T09:00:00+00:00,KRW-SAND,A,-0.01829,4.56
2026-08-21T09:00:00+00:00,KRW-SEI,A,-0.01577,11.64
2026-08-21T09:00:00+00:00,KRW-SPK,A,-0.016,4.49
2026-08-21T09:00:00+00:00,KRW-STEEM,A,-0.01389,1.2
2026-08-21T09:00:00+00:00,KRW-STX,A,-0.02655,3.37
2026-08-21T09:00:00+00:00,KRW-SUI,A,-0.03396,20.6
2026-08-21T09:00:00+00:00,KRW-TAO,A,-0.0256,11.64
2026-08-21T09:00:00+00:00,KRW-TRUMP,A,-0.03177,8.92
2026-08-21T09:00:00+00:00,KRW-TRX,A,-0.00426,9.73
2026-08-21T09:00:00+00:00,KRW-UNI,A,-0.03664,6.33
2026-08-21T09:00:00+00:00,KRW-VIRTUAL,A,-0.03191,8.4
2026-08-21T09:00:00+00:00,KRW-WAVES,A,-0.01325,7.05
2026-08-21T09:00:00+00:00,KRW-ZRO,A,-0.03016,3.43
2026-08-21T09:30:00+00:00,KRW-BCH,B,0.01235,10.92
2026-08-21T10:00:00+00:00,KRW-PEPE,B,0.01626,5.44
2026-08-21T10:00:00+00:00,KRW-SPK,B,0.01255,4.45
2026-08-21T10:15:00+00:00,KRW-CRO,B,0.00257,3.35
2026-08-21T10:30:00+00:00,KRW-APT,B,0.00231,10.37
2026-08-21T10:30:00+00:00,KRW-PEPE,A,-0.02348,5.76
2026-08-21T10:45:00+00:00,KRW-BCH,A,-0.00634,4.38
2026-08-21T10:45:00+00:00,KRW-PUMP,B,0.0217,11.89
2026-08-21T10:45:00+00:00,KRW-ZRO,B,0.02527,9.46
2026-08-21T11:00:00+00:00,KRW-GAS,A,-0.01298,4.28
2026-08-21T11:00:00+00:00,KRW-MON,B,0.01269,3.18
2026-08-21T11:15:00+00:00,KRW-ALGO,B,0.00787,3.25
2026-08-21T11:15:00+00:00,KRW-ENS,B,0.00501,4.2
2026-08-21T11:15:00+00:00,KRW-ETC,B,0.00295,3.46
2026-08-21T11:15:00+00:00,KRW-LINK,B,0.00192,3.67
2026-08-21T11:15:00+00:00,KRW-STX,B,0.01786,3.1
2026-08-21T11:15:00+00:00,KRW-XPL,A,-0.0137,5.27
2026-08-21T11:30:00+00:00,KRW-DRV,B,0.07547,4.86
2026-08-21T11:30:00+00:00,KRW-JUP,B,0.01429,6.92
2026-08-21T11:45:00+00:00,KRW-ARB,B,0.00769,3.79
2026-08-21T11:45:00+00:00,KRW-DEEP,A,-0.01802,2.55
2026-08-21T11:45:00+00:00,KRW-DRV,A,-0.04094,3.18
2026-08-21T11:45:00+00:00,KRW-JTO,B,0.00357,4.39
2026-08-21T11:45:00+00:00,KRW-LAYER,B,0.00938,3.92
2026-08-21T12:00:00+00:00,KRW-INJ,B,0.003,3.13
2026-08-21T12:00:00+00:00,KRW-NEAR,B,0.00425,3.09
2026-08-21T12:00:00+00:00,KRW-PIEVERSE,B,0.13774,6.81
2026-08-21T12:15:00+00:00,KRW-FF,B,0.01646,6.41
2026-08-21T12:30:00+00:00,KRW-TAO,B,0.01612,3.47
2026-08-21T12:30:00+00:00,KRW-W,B,0.01562,5.5
2026-08-21T12:30:00+00:00,KRW-ZORA,B,0.14873,137.08
2026-08-21T12:45:00+00:00,KRW-POL,B,0.00826,13.14
2026-08-21T12:45:00+00:00,KRW-TRUMP,B,0.02694,32.44
2026-08-21T13:00:00+00:00,KRW-SNT,B,0.07337,15.02
2026-08-21T13:00:00+00:00,KRW-TRUMP,A,-0.02353,14.89
2026-08-21T13:00:00+00:00,KRW-XPL,B,0.03546,5.88
2026-08-21T13:00:00+00:00,KRW-ZORA,A,-0.02234,42.32
2026-08-21T13:15:00+00:00,KRW-SNT,A,-0.03528,3.32
2026-08-21T13:15:00+00:00,KRW-SPK,A,-0.0124,8.44
2026-08-21T13:30:00+00:00,KRW-AVAX,B,0.00483,4.29
2026-08-21T13:30:00+00:00,KRW-BCH,B,0.00082,5.46
2026-08-21T13:30:00+00:00,KRW-CHZ,B,0.00513,4.62
2026-08-21T13:30:00+00:00,KRW-SEI,B,0.00471,3.81
2026-08-21T13:30:00+00:00,KRW-UNI,B,0.00467,3.4
2026-08-21T13:30:00+00:00,KRW-VIRTUAL,B,0.01579,3.76
2026-08-21T13:45:00+00:00,KRW-HBAR,B,0.00935,3.67
2026-08-21T13:45:00+00:00,KRW-SUI,B,0.00273,4.06
2026-08-21T14:00:00+00:00,KRW-HBAR,A,-0.00926,4.15
2026-08-21T14:15:00+00:00,KRW-ME,A,-0.01089,10.59
2026-08-21T14:15:00+00:00,KRW-PYTH,B,0.00904,6.08
2026-08-21T14:30:00+00:00,KRW-APT,B,0.00339,3.64
2026-08-21T14:30:00+00:00,KRW-BSV,A,-0.00985,1.13
2026-08-21T14:45:00+00:00,KRW-MOVE,B,0.0233,3.36
2026-08-21T14:45:00+00:00,KRW-WAVES,B,0.01,3.45
2026-08-21T15:00:00+00:00,KRW-PENGU,B,0.0087,3.86
2026-08-21T15:00:00+00:00,KRW-RENDER,B,0.00437,3.27
2026-08-21T15:00:00+00:00,KRW-ZRO,B,0.01061,4.64
2026-08-21T15:15:00+00:00,KRW-AVAX,A,-0.00949,8.05
2026-08-21T15:30:00+00:00,KRW-OPEN,B,0.01261,3.16
2026-08-21T15:30:00+00:00,KRW-RED,B,0.20126,23.26
2026-08-21T15:45:00+00:00,KRW-ATOM,B,0.0037,3.49
2026-08-21T15:45:00+00:00,KRW-ENS,B,0.01684,10.51
2026-08-21T15:45:00+00:00,KRW-RED,A,-0.08377,16.8
2026-08-21T15:45:00+00:00,KRW-TRX,B,0.00214,5.17
2026-08-21T16:00:00+00:00,KRW-ENS,A,-0.01173,11.7
2026-08-21T16:00:00+00:00,KRW-FF,A,-0.0099,11.45
2026-08-21T16:00:00+00:00,KRW-GAS,B,0.00936,3.38
2026-08-21T16:00:00+00:00,KRW-RENDER,A,-0.00732,4.96
2026-08-21T16:15:00+00:00,KRW-ETHFI,B,0.00621,4.51
2026-08-21T16:45:00+00:00,KRW-BSV,B,0.02551,3.6
2026-08-21T16:45:00+00:00,KRW-ETC,B,0.00292,3.76
2026-08-21T16:45:00+00:00,KRW-PEPE,B,0.01354,4.96
2026-08-21T16:45:00+00:00,KRW-SPK,B,0.0249,5.72
2026-08-21T17:00:00+00:00,KRW-FLOCK,B,0.00419,6.94
2026-08-21T17:15:00+00:00,KRW-BCH,A,-0.00976,18.88
2026-08-21T17:15:00+00:00,KRW-PEPE,A,-0.02018,5.53
2026-08-21T17:30:00+00:00,KRW-BCH,B,0.00148,12.22
2026-08-21T17:30:00+00:00,KRW-ZORA,B,0.0356,5.53
2026-08-21T17:45:00+00:00,KRW-B3,B,0.22611,18.91
2026-08-21T17:45:00+00:00,KRW-GAS,A,-0.00931,1.71
2026-08-21T18:15:00+00:00,KRW-B3,A,-0.03377,5.25
2026-08-21T18:30:00+00:00,KRW-ZORA,A,-0.0174,4.4
2026-08-21T18:45:00+00:00,KRW-NEAR,B,0.00077,3.98
2026-08-21T19:00:00+00:00,KRW-DEEP,A,-0.00952,3.52
2026-08-21T20:00:00+00:00,KRW-APT,B,0.00351,3.15
2026-08-21T20:15:00+00:00,KRW-ENS,B,0.00068,20.29
2026-08-21T20:15:00+00:00,KRW-ETHFI,B,0.06312,5.11
2026-08-21T20:30:00+00:00,KRW-ONT,B,0.02967,3.42
2026-08-21T20:45:00+00:00,KRW-AAVE,B,0.03896,6.7
2026-08-21T21:00:00+00:00,KRW-LINK,B,0.00864,4.08
2026-08-21T21:15:00+00:00,KRW-AVAX,B,0.0019,5.32
2026-08-21T21:15:00+00:00,KRW-XPL,B,0.00714,3.22
2026-08-21T21:30:00+00:00,KRW-BCH,B,0.00686,8.5
2026-08-21T21:30:00+00:00,KRW-ETC,B,0.01121,5.33
2026-08-21T21:30:00+00:00,KRW-LAYER,B,0.00103,3.02
2026-08-21T21:30:00+00:00,KRW-SUI,B,0.0203,5.38
2026-08-21T21:45:00+00:00,KRW-ATOM,B,0.00552,5.41
2026-08-21T21:45:00+00:00,KRW-RENDER,B,0.00337,3.45
2026-08-21T22:00:00+00:00,KRW-DOT,B,0.00551,6.68
2026-08-21T22:00:00+00:00,KRW-ETC,A,-0.00548,7.72
2026-08-21T22:00:00+00:00,KRW-FIL,B,0.00545,5.17
2026-08-21T22:00:00+00:00,KRW-ME,B,0.00209,5.16
2026-08-21T22:00:00+00:00,KRW-SEI,B,0.00457,7.83
2026-08-21T22:00:00+00:00,KRW-TRX,B,0.00214,7.45
2026-08-21T22:15:00+00:00,KRW-BCH,A,-0.01271,10.3
2026-08-21T22:15:00+00:00,KRW-PEPE,B,0.01648,4.81
2026-08-21T22:15:00+00:00,KRW-SUI,A,-0.00685,5.03
2026-08-21T22:30:00+00:00,KRW-HBAR,B,0.01869,5.06
2026-08-21T22:30:00+00:00,KRW-JUP,B,0.00347,6.32
2026-08-21T22:30:00+00:00,KRW-PENDLE,B,0.00132,3.87
2026-08-21T22:30:00+00:00,KRW-PENGU,B,0.0084,4.66
2026-08-21T22:30:00+00:00,KRW-SHIB,B,0.02387,3.2
2026-08-21T22:30:00+00:00,KRW-STX,B,0.01953,3.06
2026-08-21T22:30:00+00:00,KRW-ZORA,A,-0.02542,4.36
2026-08-21T22:45:00+00:00,KRW-TRUMP,B,0.02292,4.28
2026-08-21T23:00:00+00:00,KRW-POL,B,0.0155,3.52
2026-08-21T23:00:00+00:00,KRW-TRX,A,-0.00425,5.27
2026-08-21T23:15:00+00:00,KRW-NEAR,B,0.00074,4.72
2026-08-21T23:15:00+00:00,KRW-ZORA,B,0.00548,3.42
2026-08-21T23:30:00+00:00,KRW-TAO,A,-0.01034,4.83
2026-08-22T00:00:00+00:00,KRW-BLEND,B,0.02381,6.4
2026-08-22T00:00:00+00:00,KRW-CFG,B,0.00995,3.46
2026-08-22T00:00:00+00:00,KRW-CHZ,A,-0.0101,4.48
2026-08-22T00:00:00+00:00,KRW-EDGE,B,0.13089,25.74
2026-08-22T00:00:00+00:00,KRW-ELSA,B,0.01218,10.39
2026-08-22T00:00:00+00:00,KRW-GAS,B,0.1453,111.65
2026-08-22T00:00:00+00:00,KRW-HBAR,A,-0.01818,12.73
2026-08-22T00:00:00+00:00,KRW-MON,A,-0.04061,7.12
2026-08-22T00:00:00+00:00,KRW-RENDER,A,-0.00621,4.65
2026-08-22T00:00:00+00:00,KRW-SAND,B,0.0119,10.46
2026-08-22T00:00:00+00:00,KRW-STEEM,B,0.04803,15.73
2026-08-22T00:00:00+00:00,KRW-UP2,B,0.06029,15.48
2026-08-22T00:00:00+00:00,KRW-VIRTUAL,B,0.00505,4.72
2026-08-22T00:15:00+00:00,KRW-AXS,B,0.01573,3.57
2026-08-22T00:15:00+00:00,KRW-DRV,B,0.03704,4.93
2026-08-22T00:15:00+00:00,KRW-EDGE,A,-0.03704,9.41
2026-08-22T00:15:00+00:00,KRW-ENS,B,0.08055,64.95
2026-08-22T00:15:00+00:00,KRW-GAS,A,-0.02505,41.85
2026-08-22T00:15:00+00:00,KRW-MON,B,0.01323,4.19
2026-08-22T00:15:00+00:00,KRW-ONT,A,-0.03473,5.42
2026-08-22T00:30:00+00:00,KRW-AAVE,A,-0.00708,7.08
2026-08-22T00:30:00+00:00,KRW-CRO,B,0.03423,28.83
2026-08-22T00:30:00+00:00,KRW-KAITO,B,0.01815,5.76
2026-08-22T00:30:00+00:00,KRW-RED,B,0.02874,5.86
2026-08-22T00:30:00+00:00,KRW-SAND,A,-0.01324,4.24
2026-08-22T00:30:00+00:00,KRW-STEEM,A,-0.0356,19.96
2026-08-22T00:45:00+00:00,KRW-ARB,B,0.00741,3.22
2026-08-22T00:45:00+00:00,KRW-CHZ,B,0.00503,3.06
2026-08-22T00:45:00+00:00,KRW-CRO,A,-0.03191,16.83
2026-08-22T00:45:00+00:00,KRW-DOOD,B,0.01531,5.63
2026-08-22T00:45:00+00:00,KRW-UNI,B,0.00258,7.09
2026-08-22T01:00:00+00:00,KRW-APT,B,0.00111,5.33
2026-08-22T01:00:00+00:00,KRW-ENS,A,-0.01211,76.95
2026-08-22T01:00:00+00:00,KRW-WAVES,B,0.00633,6.38
2026-08-22T01:15:00+00:00,KRW-PYTH,B,0.01862,10.68
2026-08-22T01:15:00+00:00,KRW-RVN,B,0.09863,6.42
2026-08-22T01:15:00+00:00,KRW-STX,A,-0.02536,5.35
2026-08-22T01:30:00+00:00,KRW-AXS,A,-0.0075,3.96
2026-08-22T01:30:00+00:00,KRW-ETC,B,0.00736,16.53
2026-08-22T01:30:00+00:00,KRW-RVN,A,-0.01247,11.45
2026-08-22T01:30:00+00:00,KRW-SUI,B,0.00847,8.83
2026-08-22T01:45:00+00:00,KRW-BCH,B,0.00545,4.93
2026-08-22T01:45:00+00:00,KRW-BSV,A,-0.0165,3.88
2026-08-22T01:45:00+00:00,KRW-SEI,A,-0.00744,6.7
2026-08-22T02:00:00+00:00,KRW-ETC,A,-0.01084,10.98
2026-08-22T02:00:00+00:00,KRW-MOVE,B,0.0396,3.68
2026-08-22T02:15:00+00:00,KRW-AVAX,B,0.01012,4.92
2026-08-22T02:15:00+00:00,KRW-DOT,B,0.01554,10.76
2026-08-22T02:15:00+00:00,KRW-FIL,B,0.01147,3.07
2026-08-22T02:15:00+00:00,KRW-LAYER,B,0.00711,3.35
2026-08-22T02:15:00+00:00,KRW-ME,B,0.01712,3.9
2026-08-22T02:15:00+00:00,KRW-PEPE,B,0.00342,3.16
2026-08-22T02:15:00+00:00,KRW-SEI,B,0.00447,4.91
2026-08-22T02:15:00+00:00,KRW-TAO,B,0.02443,3.92
2026-08-22T02:15:00+00:00,KRW-TRX,B,0.00636,8.13
2026-08-22T02:30:00+00:00,KRW-ALGO,B,0.0146,3.59
2026-08-22T02:30:00+00:00,KRW-ATOM,B,0.00581,6.26
2026-08-22T02:30:00+00:00,KRW-HBAR,B,0.00901,7.44
2026-08-22T02:30:00+00:00,KRW-JUP,B,0.0069,10.16
2026-08-22T02:30:00+00:00,KRW-KAT,A,-0.00877,0.79
2026-08-22T02:30:00+00:00,KRW-PENGU,B,0.01626,3.15
2026-08-22T02:30:00+00:00,KRW-RENDER,B,0.0065,7.37
2026-08-22T02:45:00+00:00,KRW-AWE,B,0.01711,7.32
2026-08-22T02:45:00+00:00,KRW-LINK,B,0.00418,3.18
2026-08-22T02:45:00+00:00,KRW-TRUMP,B,0.00598,38.84
2026-08-22T03:00:00+00:00,KRW-AVNT,B,0.05298,8.51
2026-08-22T03:00:00+00:00,KRW-BCH,A,-0.03112,9.07
2026-08-22T03:00:00+00:00,KRW-ME,A,-0.01961,3.47
2026-08-22T03:00:00+00:00,KRW-STX,B,0.01413,4.31
2026-08-22T03:15:00+00:00,KRW-AVNT,A,-0.03145,9.99
2026-08-22T03:15:00+00:00,KRW-NEAR,B,0.01146,7.9
2026-08-22T03:15:00+00:00,KRW-PLUME,B,0.01449,3.33
2026-08-22T03:15:00+00:00,KRW-WLFI,A,-0.00788,5.37
2026-08-22T03:30:00+00:00,KRW-CC,B,0.03106,5.03
2026-08-22T03:30:00+00:00,KRW-DOT,A,-0.00646,8.06
2026-08-22T03:30:00+00:00,KRW-JUP,A,-0.0101,4.92
2026-08-22T03:30:00+00:00,KRW-POL,B,0.02878,3.85
2026-08-22T03:30:00+00:00,KRW-TAO,A,-0.00702,4.51
2026-08-22T03:30:00+00:00,KRW-WLFI,B,0.00568,3.57
2026-08-22T03:45:00+00:00,KRW-ATH,B,0.0219,4.43
2026-08-22T04:00:00+00:00,KRW-ATH,A,-0.01,3.97
2026-08-22T04:00:00+00:00,KRW-SAND,B,0.0256,15.14
2026-08-22T04:00:00+00:00,KRW-TRUMP,A,-0.01703,244.99
2026-08-22T04:00:00+00:00,KRW-TRX,A,-0.00418,8.72
2026-08-22T04:00:00+00:00,KRW-XAUT,A,-0.00316,4.58
2026-08-22T04:15:00+00:00,KRW-CC,A,-0.01765,3.9
2026-08-22T04:15:00+00:00,KRW-SUI,A,-0.0109,14.93
2026-08-22T04:30:00+00:00,KRW-AXS,B,0.0246,5.34
2026-08-22T04:30:00+00:00,KRW-CRO,B,0.02826,65.2
2026-08-22T04:30:00+00:00,KRW-ENS,B,0.01688,9.7
2026-08-22T04:30:00+00:00,KRW-GAS,B,0.00633,4.34
2026-08-22T04:30:00+00:00,KRW-MOVE,A,-0.01613,10.33
2026-08-22T04:30:00+00:00,KRW-VIRTUAL,B,0.00961,3.57
2026-08-22T04:45:00+00:00,KRW-0G,B,0.016,4.42
2026-08-22T04:45:00+00:00,KRW-ARB,B,0.00676,4.34
2026-08-22T04:45:00+00:00,KRW-DOOD,A,-0.00943,6.64
2026-08-22T04:45:00+00:00,KRW-MON,A,-0.02927,3.52
2026-08-22T04:45:00+00:00,KRW-PENGU,A,-0.0155,6.05
2026-08-22T04:45:00+00:00,KRW-PEPE,A,-0.03852,5.81
2026-08-22T04:45:00+00:00,KRW-PYTH,A,-0.0183,11.09
2026-08-22T04:45:00+00:00,KRW-W,B,0.00704,3.26
2026-08-22T04:45:00+00:00,KRW-ZAMA,B,0.04562,5.57
2026-08-22T05:00:00+00:00,KRW-0G,A,-0.10236,12.7
2026-08-22T05:00:00+00:00,KRW-AAVE,A,-0.04879,36.83
2026-08-22T05:00:00+00:00,KRW-AI,A,-0.08075,5.03
2026-08-22T05:00:00+00:00,KRW-AKT,A,-0.05589,3.57
2026-08-22T05:00:00+00:00,KRW-ALGO,A,-0.06993,22.24
2026-08-22T05:00:00+00:00,KRW-APT,A,-0.07224,34.08
2026-08-22T05:00:00+00:00,KRW-ARB,A,-0.08725,40.83
2026-08-22T05:00:00+00:00,KRW-ARX,A,-0.05978,7.09
2026-08-22T05:00:00+00:00,KRW-ATOM,A,-0.062,34.11
2026-08-22T05:00:00+00:00,KRW-AVAX,A,-0.0672,38.24
2026-08-22T05:00:00+00:00,KRW-AWE,A,-0.04421,26.5
2026-08-22T05:00:00+00:00,KRW-BARD,A,-0.05682,2.59
2026-08-22T05:00:00+00:00,KRW-BERA,A,-0.1115,18.25
2026-08-22T05:00:00+00:00,KRW-BIGTIME,A,-0.06087,5.65
2026-08-22T05:00:00+00:00,KRW-BIO,A,-0.11653,15.55
2026-08-22T05:00:00+00:00,KRW-CFG,A,-0.1055,27.8
2026-08-22T05:00:00+00:00,KRW-CHIP,A,-0.10217,4.92
2026-08-22T05:00:00+00:00,KRW-CHZ,A,-0.06977,34.68
2026-08-22T05:00:00+00:00,KRW-CRO,A,-0.0678,54.75
2026-08-22T05:00:00+00:00,KRW-DEEP,A,-0.0793,11.61
2026-08-22T05:00:00+00:00,KRW-ENS,A,-0.06986,39.12
2026-08-22T05:00:00+00:00,KRW-ENSO,A,-0.05967,5.59
2026-08-22T05:00:00+00:00,KRW-ETHFI,A,-0.07935,24.67
2026-08-22T05:00:00+00:00,KRW-FF,A,-0.04762,7.24
2026-08-22T05:00:00+00:00,KRW-FIL,A,-0.0834,51.36
2026-08-22T05:00:00+00:00,KRW-FLOCK,A,-0.064,14.64
2026-08-22T05:00:00+00:00,KRW-G,A,-0.04202,4.26
2026-08-22T05:00:00+00:00,KRW-GAS,A,-0.04338,10.8
2026-08-22T05:00:00+00:00,KRW-HBAR,A,-0.08403,50.62
2026-08-22T05:00:00+00:00,KRW-HOLO,A,-0.0752,3.66
2026-08-22T05:00:00+00:00,KRW-ID,A,-0.06118,4.9
2026-08-22T05:00:00+00:00,KRW-IN,A,-0.04703,5.01
2026-08-22T05:00:00+00:00,KRW-INJ,A,-0.06799,49.63
2026-08-22T05:00:00+00:00,KRW-JTO,A,-0.0974,28.9
2026-08-22T05:00:00+00:00,KRW-KAITO,A,-0.07735,9.8
2026-08-22T05:00:00+00:00,KRW-KITE,A,-0.06369,8.41
2026-08-22T05:00:00+00:00,KRW-LAYER,A,-0.07157,25.29
2026-08-22T05:00:00+00:00,KRW-LINK,A,-0.06395,30.72
2026-08-22T05:00:00+00:00,KRW-MEGA,A,-0.06457,6.45
2026-08-22T05:00:00+00:00,KRW-MET2,A,-0.05136,5.35
2026-08-22T05:00:00+00:00,KRW-NEAR,A,-0.10705,78.48
2026-08-22T05:00:00+00:00,KRW-ONT,A,-0.05816,4.39
2026-08-22T05:00:00+00:00,KRW-OPEN,A,-0.0751,14.83
2026-08-22T05:00:00+00:00,KRW-OPG,A,-0.09272,17.72
2026-08-22T05:00:00+00:00,KRW-PENDLE,A,-0.06927,15.64
2026-08-22T05:00:00+00:00,KRW-PLUME,A,-0.10233,15.74
2026-08-22T05:00:00+00:00,KRW-POL,A,-0.07843,20.28
2026-08-22T05:00:00+00:00,KRW-PRL,A,-0.06916,5.53
2026-08-22T05:00:00+00:00,KRW-PUMP,A,-0.05667,9.23
2026-08-22T05:00:00+00:00,KRW-RED,A,-0.06433,6.49
2026-08-22T05:00:00+00:00,KRW-RENDER,A,-0.07946,53.65
2026-08-22T05:00:00+00:00,KRW-SAHARA,A,-0.06977,23.14
2026-08-22T05:00:00+00:00,KRW-SAND,A,-0.06438,41.18
2026-08-22T05:00:00+00:00,KRW-SHIB,A,-0.08127,17.83
2026-08-22T05:00:00+00:00,KRW-SIGN,A,-0.0625,3.8
2026-08-22T05:00:00+00:00,KRW-SPK,A,-0.06615,6.73
2026-08-22T05:00:00+00:00,KRW-TREE,A,-0.06835,4.27
2026-08-22T05:00:00+00:00,KRW-UNI,A,-0.0832,33.2
2026-08-22T05:00:00+00:00,KRW-VANA,A,-0.04501,3.58
2026-08-22T05:00:00+00:00,KRW-VIRTUAL,A,-0.09125,45.9
2026-08-22T05:00:00+00:00,KRW-VVV,A,-0.05953,13.41
2026-08-22T05:00:00+00:00,KRW-W,A,-0.07692,23.31
2026-08-22T05:00:00+00:00,KRW-WAVES,A,-0.07855,36.32
2026-08-22T05:00:00+00:00,KRW-XAUT,B,0.00127,8.4
2026-08-22T05:00:00+00:00,KRW-XEC,A,-0.07273,3.84
2026-08-22T05:00:00+00:00,KRW-XPL,A,-0.10204,46.23
2026-08-22T05:00:00+00:00,KRW-ZAMA,A,-0.0908,7.34
2026-08-22T05:00:00+00:00,KRW-ZKP,A,-0.08488,4.75
2026-08-22T05:00:00+00:00,KRW-ZORA,A,-0.0745,5.32
2026-08-22T05:00:00+00:00,KRW-ZRO,A,-0.08704,11.89
2026-08-22T05:15:00+00:00,KRW-AAVE,B,0.01448,31.23
2026-08-22T05:15:00+00:00,KRW-BERA,B,0.02353,8.89
2026-08-22T05:15:00+00:00,KRW-CFG,B,0.01538,9.71
2026-08-22T05:15:00+00:00,KRW-CHIP,B,0.00242,3.17
2026-08-22T05:15:00+00:00,KRW-DEEP,B,0.00478,6.98
2026-08-22T05:15:00+00:00,KRW-DOOD,B,0.02073,10.26
2026-08-22T05:15:00+00:00,KRW-ETHFI,B,0.01521,16.38
2026-08-22T05:15:00+00:00,KRW-INJ,B,0.00221,10.99
2026-08-22T05:15:00+00:00,KRW-JTO,B,0.02638,17.54
2026-08-22T05:15:00+00:00,KRW-KAITO,B,0.00798,3.81
2026-08-22T05:15:00+00:00,KRW-ONT,B,0.00151,3.22
2026-08-22T05:15:00+00:00,KRW-PENDLE,B,0.01159,6.32
2026-08-22T05:15:00+00:00,KRW-PUMP,B,0.04417,4.67
2026-08-22T05:15:00+00:00,KRW-PYTH,B,0.00145,9.37
2026-08-22T05:15:00+00:00,KRW-SHIB,B,0.00256,7.28
2026-08-22T05:15:00+00:00,KRW-UNI,B,0.01707,24.95
2026-08-22T05:15:00+00:00,KRW-VVV,B,0.00381,4.03
2026-08-22T05:15:00+00:00,KRW-XPL,B,0.00758,26.87
2026-08-22T05:15:00+00:00,KRW-ZRO,B,0.01109,5.37
2026-08-22T05:30:00+00:00,KRW-SAHARA,B,0.00855,3.17
2026-08-22T05:30:00+00:00,KRW-STX,A,-0.02239,3.02
2026-08-22T05:45:00+00:00,KRW-APT,B,0.0135,3.01
2026-08-22T05:45:00+00:00,KRW-CHZ,B,0.015,5.85
2026-08-22T05:45:00+00:00,KRW-ETC,B,0.01882,8.1
2026-08-22T05:45:00+00:00,KRW-MON,B,0.03324,3.9
2026-08-22T05:45:00+00:00,KRW-SUI,B,0.01384,15.59
2026-08-22T06:00:00+00:00,KRW-SEI,A,-0.00916,5.39
2026-08-22T06:15:00+00:00,KRW-MOVE,B,0.02521,3.22
2026-08-22T06:15:00+00:00,KRW-SEI,B,0.00154,6.24
2026-08-22T06:30:00+00:00,KRW-FIL,B,0.00185,5.1
2026-08-22T06:30:00+00:00,KRW-PENGU,B,0.01739,3.44
2026-08-22T06:30:00+00:00,KRW-TAO,B,0.00412,3.77
2026-08-22T06:45:00+00:00,KRW-TRX,B,0.00211,3.56
2026-08-22T07:15:00+00:00,KRW-BIGTIME,B,0.00556,6.02
2026-08-22T07:15:00+00:00,KRW-LINK,B,0.00431,3.73
2026-08-22T07:15:00+00:00,KRW-PEPE,B,0.01568,4.03
2026-08-22T07:15:00+00:00,KRW-TRUMP,B,0.00545,28.42
2026-08-22T07:30:00+00:00,KRW-CC,B,0.00602,4.05
2026-08-22T07:30:00+00:00,KRW-LAYER,B,0.02062,13.85
2026-08-22T07:30:00+00:00,KRW-POL,B,0.01307,6.1
2026-08-22T07:30:00+00:00,KRW-WLFI,A,-0.02241,5.07
2026-08-22T07:45:00+00:00,KRW-BIRB,A,-0.01689,4.43
2026-08-22T08:00:00+00:00,KRW-ARX,B,0.00535,10.47
2026-08-22T08:15:00+00:00,KRW-DOT,A,-0.01762,5.79
2026-08-22T08:15:00+00:00,KRW-ME,A,-0.01401,3.26
2026-08-22T08:15:00+00:00,KRW-SUI,A,-0.02671,8.68
2026-08-22T08:15:00+00:00,KRW-TAO,A,-0.01454,64.09
2026-08-22T08:15:00+00:00,KRW-TRUMP,A,-0.02657,52.03
2026-08-22T08:30:00+00:00,KRW-ATH,A,-0.00924,4.65
2026-08-22T08:30:00+00:00,KRW-ENS,B,0.00564,3.35
2026-08-22T08:30:00+00:00,KRW-MOVE,A,-0.03226,15.25
2026-08-22T08:30:00+00:00,KRW-NEAR,B,0.00263,7.9
2026-08-22T08:30:00+00:00,KRW-RVN,B,0.05808,36.06
2026-08-22T08:30:00+00:00,KRW-WLFI,B,0.00245,3.68
2026-08-22T09:00:00+00:00,KRW-CC,A,-0.0303,5.34
2026-08-22T09:00:00+00:00,KRW-ENS,A,-0.01703,11.99
2026-08-22T09:00:00+00:00,KRW-POL,A,-0.06173,55.05
2026-08-22T09:00:00+00:00,KRW-WAVES,A,-0.01311,4.59
2026-08-22T09:15:00+00:00,KRW-PUMP,B,0.00985,3.28
2026-08-22T09:15:00+00:00,KRW-RVN,A,-0.04728,22.92
2026-08-22T09:30:00+00:00,KRW-AAVE,B,0.00118,3.03
2026-08-22T09:30:00+00:00,KRW-BIGTIME,A,-0.01112,1.72
2026-08-22T09:45:00+00:00,KRW-ETHFI,A,-0.01506,4.38
2026-08-22T09:45:00+00:00,KRW-INJ,A,-0.00901,4.39
2026-08-22T09:45:00+00:00,KRW-NEAR,A,-0.01054,4.38
2026-08-22T09:45:00+00:00,KRW-PUMP,A,-0.04013,13.41
2026-08-22T09:45:00+00:00,KRW-SAND,B,0.00158,4.21
2026-08-22T10:00:00+00:00,KRW-ALGO,A,-0.0155,8.21
2026-08-22T10:00:00+00:00,KRW-APT,A,-0.02483,5.83
2026-08-22T10:00:00+00:00,KRW-AVAX,A,-0.02043,5.48
2026-08-22T10:00:00+00:00,KRW-BCH,A,-0.01823,8.64
2026-08-22T10:00:00+00:00,KRW-DEEP,A,-0.02488,5.46
2026-08-22T10:00:00+00:00,KRW-ETC,A,-0.01826,9.64
2026-08-22T10:00:00+00:00,KRW-HBAR,A,-0.01887,4.88
2026-08-22T10:00:00+00:00,KRW-LAYER,A,-0.01349,4.16
2026-08-22T10:00:00+00:00,KRW-LINK,A,-0.01768,3.72
2026-08-22T10:00:00+00:00,KRW-PENGU,A,-0.02609,4.65
2026-08-22T10:00:00+00:00,KRW-RENDER,A,-0.02156,8.63
2026-08-22T10:00:00+00:00,KRW-SAND,A,-0.01741,5.24
2026-08-22T10:00:00+00:00,KRW-VIRTUAL,A,-0.02263,5.54
2026-08-22T10:15:00+00:00,KRW-AVAX,B,0.00695,4.45
2026-08-22T10:15:00+00:00,KRW-BCH,B,0.00404,3.4
2026-08-22T10:15:00+00:00,KRW-CRO,A,-0.02542,6.61
2026-08-22T10:15:00+00:00,KRW-HBAR,B,0.00962,5.85
2026-08-22T10:15:00+00:00,KRW-MEGA,A,-0.01426,4.34
2026-08-22T10:15:00+00:00,KRW-MOVE,B,0.00855,5.04
2026-08-22T10:15:00+00:00,KRW-SEI,B,0.00159,7.37
2026-08-22T10:15:00+00:00,KRW-SUI,B,0.00448,15.48
2026-08-22T10:15:00+00:00,KRW-VIRTUAL,B,0.00441,3.73
2026-08-22T10:15:00+00:00,KRW-ZRO,A,-0.01552,7.74
2026-08-22T10:30:00+00:00,KRW-ALGO,B,0.01587,3.91
2026-08-22T10:30:00+00:00,KRW-APT,B,0.01395,4.27
2026-08-22T10:30:00+00:00,KRW-DOT,B,0.02028,10.05
2026-08-22T10:30:00+00:00,KRW-ETC,B,0.02054,4.19
2026-08-22T10:30:00+00:00,KRW-FLOCK,B,0.01109,4.16
2026-08-22T10:30:00+00:00,KRW-RENDER,B,0.01454,4.0
2026-08-22T10:30:00+00:00,KRW-TAO,B,0.01887,4.79
2026-08-22T10:30:00+00:00,KRW-XAUT,B,0.00692,4.24
2026-08-22T11:15:00+00:00,KRW-PENDLE,B,0.0018,3.08
2026-08-22T11:30:00+00:00,KRW-POL,B,0.00662,3.4
2026-08-22T11:30:00+00:00,KRW-TRUMP,B,0.03104,42.19
2026-08-22T11:45:00+00:00,KRW-CHZ,B,0.015,4.48
2026-08-22T12:00:00+00:00,KRW-ETHFI,B,0.01542,3.08
2026-08-22T12:00:00+00:00,KRW-JTO,B,0.00939,5.25
2026-08-22T12:00:00+00:00,KRW-PENGU,B,0.01724,3.5
2026-08-22T12:00:00+00:00,KRW-STX,B,0.03371,3.6
2026-08-22T12:15:00+00:00,KRW-TRUMP,A,-0.0389,50.36
2026-08-22T12:15:00+00:00,KRW-XPL,B,0.03053,4.57
2026-08-22T12:30:00+00:00,KRW-BIGTIME,B,0.05815,21.79
2026-08-22T12:30:00+00:00,KRW-MOVE,A,-0.01754,5.75
2026-08-22T12:30:00+00:00,KRW-WAVES,B,0.01342,3.68
2026-08-22T12:45:00+00:00,KRW-STEEM,B,0.01333,3.01
2026-08-22T12:45:00+00:00,KRW-VVV,B,0.00354,3.62
2026-08-22T13:00:00+00:00,KRW-LAYER,B,0.00414,4.64
2026-08-22T13:15:00+00:00,KRW-PUMP,B,0.0412,28.93
2026-08-22T13:15:00+00:00,KRW-STEEM,A,-0.04313,8.83
2026-08-22T14:00:00+00:00,KRW-PUMP,A,-0.03158,16.01
2026-08-22T14:00:00+00:00,KRW-VVV,A,-0.01896,5.89
2026-08-22T14:15:00+00:00,KRW-TRX,B,0.00213,4.14
2026-08-22T15:00:00+00:00,KRW-FF,B,0.00952,12.56
2026-08-22T15:15:00+00:00,KRW-LINK,B,0.00253,4.22
2026-08-22T15:30:00+00:00,KRW-CC,B,0.00633,6.44
2026-08-22T15:30:00+00:00,KRW-POL,B,0.01342,5.16
2026-08-22T15:30:00+00:00,KRW-TRUMP,B,0.01284,26.33
2026-08-22T15:45:00+00:00,KRW-DEEP,A,-0.03608,4.92
2026-08-22T16:30:00+00:00,KRW-STX,B,0.02555,3.41
2026-08-22T17:45:00+00:00,KRW-TAO,B,0.00488,4.89
2026-08-22T18:15:00+00:00,KRW-STX,A,-0.01672,4.78
2026-08-22T18:45:00+00:00,KRW-TRUMP,A,-0.02998,22.0
2026-08-22T19:00:00+00:00,KRW-ETHFI,B,0.01348,5.01
2026-08-22T19:30:00+00:00,KRW-TRUMP,B,0.01964,5.96
2026-08-22T20:15:00+00:00,KRW-MON,B,0.0049,3.22
2026-08-22T21:30:00+00:00,KRW-DEEP,A,-0.01639,5.72
2026-08-22T22:00:00+00:00,KRW-ALGO,B,0.00794,3.39
2026-08-22T22:00:00+00:00,KRW-PUMP,B,0.02392,3.98
2026-08-22T22:00:00+00:00,KRW-STX,B,0.0101,5.3
2026-08-22T22:00:00+00:00,KRW-ZRO,B,0.05174,6.41
2026-08-22T22:30:00+00:00,KRW-PENDLE,B,0.00349,4.99
2026-08-22T22:30:00+00:00,KRW-ZRO,A,-0.01593,6.15
2026-08-22T23:00:00+00:00,KRW-FF,B,0.00909,6.15
2026-08-22T23:15:00+00:00,KRW-CRO,A,-0.01146,2.88
2026-08-22T23:30:00+00:00,KRW-TRUMP,B,0.00802,9.93
2026-08-23T00:00:00+00:00,KRW-B3,B,0.10642,18.43
2026-08-23T00:00:00+00:00,KRW-BORA,B,0.02341,13.43
2026-08-23T00:00:00+00:00,KRW-MOVE,B,0.0531,6.96
2026-08-23T00:00:00+00:00,KRW-RENDER,B,0.00599,4.05
2026-08-23T00:15:00+00:00,KRW-GAS,B,0.00309,4.01
2026-08-23T00:30:00+00:00,KRW-B3,A,-0.09549,17.94
2026-08-23T00:30:00+00:00,KRW-CHZ,B,0.01015,3.37
2026-08-23T00:30:00+00:00,KRW-DOOD,B,0.03743,4.9
2026-08-23T00:30:00+00:00,KRW-TRAC,B,0.48741,103.73
2026-08-23T00:30:00+00:00,KRW-WAVES,B,0.04651,25.27
2026-08-23T00:45:00+00:00,KRW-AVAX,B,0.00482,3.65
2026-08-23T00:45:00+00:00,KRW-DOOD,A,-0.01031,50.41
2026-08-23T00:45:00+00:00,KRW-ENS,B,0.01193,8.35
2026-08-23T00:45:00+00:00,KRW-JUP,B,0.00704,9.06
2026-08-23T00:45:00+00:00,KRW-TRAC,A,-0.13538,132.85
2026-08-23T01:00:00+00:00,KRW-GAS,A,-0.03601,7.43
2026-08-23T01:00:00+00:00,KRW-MOVE,A,-0.07937,28.17
2026-08-23T01:15:00+00:00,KRW-ARX,B,0.00565,3.55
2026-08-23T01:15:00+00:00,KRW-CHIP,B,0.00694,3.28
2026-08-23T01:30:00+00:00,KRW-ARX,A,-0.03933,22.73
2026-08-23T01:30:00+00:00,KRW-PYTH,A,-0.01655,8.49
2026-08-23T01:30:00+00:00,KRW-WAVES,A,-0.02041,67.54
2026-08-23T01:45:00+00:00,KRW-ZIL,B,0.01458,7.61
2026-08-23T02:00:00+00:00,KRW-STX,A,-0.0396,5.06
2026-08-23T02:00:00+00:00,KRW-WLFI,A,-0.01631,2.77
2026-08-23T02:30:00+00:00,KRW-FF,A,-0.06087,10.6
2026-08-23T02:45:00+00:00,KRW-PYTH,B,0.00868,10.31
2026-08-23T03:00:00+00:00,KRW-PLUME,A,-0.02186,8.55
2026-08-23T04:00:00+00:00,KRW-ONT,A,-0.03561,26.5
2026-08-23T04:45:00+00:00,KRW-PUMP,B,0.01698,4.29
2026-08-23T04:45:00+00:00,KRW-TRAC,B,0.01547,10.16
2026-08-23T05:00:00+00:00,KRW-RENDER,A,-0.01142,5.45
2026-08-23T05:15:00+00:00,KRW-AVAX,B,0.00696,3.0
2026-08-23T05:15:00+00:00,KRW-CHZ,B,0.01075,6.29
2026-08-23T05:15:00+00:00,KRW-FF,B,0.02632,4.8
2026-08-23T05:15:00+00:00,KRW-FLOCK,B,0.00688,3.0
2026-08-23T05:15:00+00:00,KRW-LINK,B,0.0026,4.01
2026-08-23T05:15:00+00:00,KRW-RENDER,B,0.01576,7.19
2026-08-23T05:15:00+00:00,KRW-TRAC,A,-0.03276,12.24
2026-08-23T05:15:00+00:00,KRW-TRUMP,B,0.03704,4.05
2026-08-23T05:30:00+00:00,KRW-WAVES,B,0.0066,9.69
2026-08-23T06:00:00+00:00,KRW-INJ,B,0.00228,7.86
2026-08-23T07:00:00+00:00,KRW-FF,A,-0.04132,9.76
2026-08-23T07:00:00+00:00,KRW-STX,B,0.01689,3.21
2026-08-23T07:00:00+00:00,KRW-TAO,B,0.00501,17.45
2026-08-23T07:00:00+00:00,KRW-ZRO,B,0.03605,3.28
2026-08-23T07:15:00+00:00,KRW-PUMP,A,-0.01633,8.01
2026-08-23T07:30:00+00:00,KRW-ZRO,A,-0.01658,8.66
2026-08-23T07:45:00+00:00,KRW-WAVES,A,-0.01597,8.77
2026-08-23T08:00:00+00:00,KRW-SEI,B,0.00968,3.73
2026-08-23T08:45:00+00:00,KRW-MON,B,0.01023,4.04
2026-08-23T08:45:00+00:00,KRW-TRAC,B,0.02857,7.79
2026-08-23T09:30:00+00:00,KRW-WAVES,B,0.00647,3.08
2026-08-23T09:45:00+00:00,KRW-ETHFI,B,0.01095,12.0
2026-08-23T10:15:00+00:00,KRW-TRAC,A,-0.03482,10.87
2026-08-23T11:15:00+00:00,KRW-ALGO,B,0.01587,3.21
2026-08-23T11:15:00+00:00,KRW-ETHFI,A,-0.01341,28.17
2026-08-23T11:15:00+00:00,KRW-SUI,B,0.01451,3.07
2026-08-23T11:15:00+00:00,KRW-TRUMP,B,0.05009,3.63
2026-08-23T11:15:00+00:00,KRW-XPL,B,0.03788,3.66
2026-08-23T11:30:00+00:00,KRW-APT,B,0.00116,4.67
2026-08-23T11:30:00+00:00,KRW-PENDLE,B,0.01857,4.1
2026-08-23T11:45:00+00:00,KRW-ZORA,B,0.02906,16.63
2026-08-23T11:45:00+00:00,KRW-ZRO,B,0.00417,3.14
2026-08-23T12:00:00+00:00,KRW-AAVE,B,0.00228,3.27
2026-08-23T12:00:00+00:00,KRW-FF,B,0.02655,3.88
2026-08-23T12:00:00+00:00,KRW-ZRO,A,-0.04095,6.88
2026-08-23T12:15:00+00:00,KRW-STX,B,0.02229,9.1
2026-08-23T13:00:00+00:00,KRW-WAVES,A,-0.01553,6.8
2026-08-23T13:15:00+00:00,KRW-ARB,B,0.01449,4.91
2026-08-23T13:15:00+00:00,KRW-ETC,B,0.00747,3.64
2026-08-23T13:15:00+00:00,KRW-LINK,B,0.007,3.21
2026-08-23T13:15:00+00:00,KRW-PUMP,B,0.00136,3.38
2026-08-23T13:15:00+00:00,KRW-UNI,B,0.02817,5.45
2026-08-23T13:15:00+00:00,KRW-ZORA,A,-0.02744,4.15
2026-08-23T13:30:00+00:00,KRW-JUP,B,0.01754,3.05
2026-08-23T13:45:00+00:00,KRW-ETHFI,B,0.00703,3.61
2026-08-23T13:45:00+00:00,KRW-TRAC,B,0.012,6.08
2026-08-23T13:45:00+00:00,KRW-WAVES,B,0.00946,3.54
2026-08-23T14:00:00+00:00,KRW-AAVE,A,-0.01343,5.59
2026-08-23T14:00:00+00:00,KRW-VIRTUAL,B,0.03731,7.88
2026-08-23T14:15:00+00:00,KRW-PENDLE,A,-0.02071,45.06
2026-08-23T14:15:00+00:00,KRW-SPK,A,-0.02545,2.84
2026-08-23T14:30:00+00:00,KRW-APT,A,-0.01678,5.68
2026-08-23T14:30:00+00:00,KRW-ATOM,A,-0.00726,5.03
2026-08-23T14:30:00+00:00,KRW-AVAX,A,-0.01149,4.56
2026-08-23T14:30:00+00:00,KRW-ENS,A,-0.02292,3.08
2026-08-23T14:30:00+00:00,KRW-FIL,A,-0.01507,3.71
2026-08-23T14:30:00+00:00,KRW-INJ,A,-0.01268,6.4
2026-08-23T14:30:00+00:00,KRW-JTO,A,-0.02228,4.0
2026-08-23T14:30:00+00:00,KRW-LINK,A,-0.01073,5.96
2026-08-23T14:30:00+00:00,KRW-NEAR,A,-0.02168,3.05
2026-08-23T14:30:00+00:00,KRW-PENGU,A,-0.01695,3.48
2026-08-23T14:30:00+00:00,KRW-RENDER,A,-0.01417,4.53
2026-08-23T14:30:00+00:00,KRW-SEI,A,-0.01829,9.16
2026-08-23T14:30:00+00:00,KRW-SUI,A,-0.02279,6.47
2026-08-23T14:30:00+00:00,KRW-TAO,A,-0.01034,4.0
2026-08-23T14:30:00+00:00,KRW-TRUMP,A,-0.07694,12.59
2026-08-23T14:30:00+00:00,KRW-UNI,A,-0.02322,3.79
2026-08-23T14:30:00+00:00,KRW-VIRTUAL,A,-0.03128,5.25
2026-08-23T14:30:00+00:00,KRW-WLFI,A,-0.02533,3.7
2026-08-23T14:30:00+00:00,KRW-XPL,A,-0.02098,5.58
2026-08-23T14:45:00+00:00,KRW-JTO,B,0.01519,3.63
2026-08-23T14:45:00+00:00,KRW-MON,B,0.02184,3.38
2026-08-23T14:45:00+00:00,KRW-NEAR,B,0.00263,4.06
2026-08-23T14:45:00+00:00,KRW-W,B,0.01562,3.43
2026-08-23T15:00:00+00:00,KRW-SPK,B,0.03309,3.13
2026-08-23T15:15:00+00:00,KRW-MEGA,B,0.01148,4.39
2026-08-23T15:15:00+00:00,KRW-SEI,B,0.00154,3.38
2026-08-23T15:15:00+00:00,KRW-TRUMP,B,0.00569,3.34
2026-08-23T15:30:00+00:00,KRW-PENDLE,B,0.01804,3.81
2026-08-23T15:30:00+00:00,KRW-XPL,B,0.02703,6.69
2026-08-23T15:45:00+00:00,KRW-PENGU,B,0.01639,3.27
2026-08-23T16:00:00+00:00,KRW-MON,A,-0.01493,4.97
2026-08-23T18:45:00+00:00,KRW-SPK,A,-0.02532,4.11
2026-08-23T20:00:00+00:00,KRW-SPK,B,0.01577,4.99
2026-08-23T21:00:00+00:00,KRW-AAVE,B,0.02614,3.62
2026-08-23T21:30:00+00:00,KRW-PENGU,B,0.01449,4.21
2026-08-23T22:00:00+00:00,KRW-PENGU,A,-0.03623,4.39
2026-08-23T22:30:00+00:00,KRW-ARX,B,0.02116,3.18
2026-08-23T22:30:00+00:00,KRW-CC,B,0.0061,8.9
2026-08-23T23:45:00+00:00,KRW-JUP,B,0.00676,3.81
2026-08-24T00:00:00+00:00,KRW-B3,B,0.06938,21.93
2026-08-24T00:00:00+00:00,KRW-GAS,A,-0.01851,8.97
2026-08-24T00:00:00+00:00,KRW-ONT,B,0.00902,18.36
2026-08-24T00:00:00+00:00,KRW-SPK,B,0.01899,5.09
2026-08-24T00:00:00+00:00,KRW-TRAC,B,0.10874,22.48
2026-08-24T00:00:00+00:00,KRW-WAVES,A,-0.0254,1.47
2026-08-24T00:00:00+00:00,KRW-ZORA,A,-0.04878,2.63
2026-08-24T00:15:00+00:00,KRW-TRAC,A,-0.03853,7.8
2026-08-24T00:30:00+00:00,KRW-SPK,A,-0.01858,7.34
2026-08-24T00:45:00+00:00,KRW-B3,A,-0.02657,4.46
2026-08-24T00:45:00+00:00,KRW-GAS,B,0.01183,3.56
2026-08-24T00:45:00+00:00,KRW-STORJ,B,0.07849,3.96
2026-08-24T01:00:00+00:00,KRW-ATH,A,-0.01791,8.07
2026-08-24T01:00:00+00:00,KRW-STORJ,A,-0.05386,4.36
2026-08-24T01:15:00+00:00,KRW-NEAR,B,0.00321,3.64
2026-08-24T01:45:00+00:00,KRW-NEAR,A,-0.03774,7.34
2026-08-24T01:45:00+00:00,KRW-TAO,A,-0.01393,2.8
2026-08-24T02:00:00+00:00,KRW-SUI,B,0.00356,4.17
2026-08-24T02:15:00+00:00,KRW-DRV,B,0.22951,19.71
2026-08-24T02:15:00+00:00,KRW-RENDER,B,0.00496,3.91
2026-08-24T02:30:00+00:00,KRW-DRV,A,-0.15556,13.85
2026-08-24T02:30:00+00:00,KRW-ETHFI,B,0.02326,6.31
2026-08-24T03:15:00+00:00,KRW-ETHFI,A,-0.01598,6.03
2026-08-24T04:30:00+00:00,KRW-CRO,B,0.00117,4.42
2026-08-24T04:45:00+00:00,KRW-ERA,A,-0.03841,3.06
2026-08-24T05:00:00+00:00,KRW-STX,B,0.0418,3.61
2026-08-24T06:00:00+00:00,KRW-SAND,A,-0.18227,27.95
2026-08-24T06:15:00+00:00,KRW-SAND,B,0.02045,21.4
2026-08-24T06:30:00+00:00,KRW-PENDLE,A,-0.01258,2.03
2026-08-24T06:45:00+00:00,KRW-ETHFI,B,0.03121,4.61
2026-08-24T07:30:00+00:00,KRW-BLEND,B,0.03471,5.71
2026-08-24T07:30:00+00:00,KRW-DRV,B,0.04061,3.48
2026-08-24T08:00:00+00:00,KRW-XAUT,B,0.00221,3.02
2026-08-24T08:15:00+00:00,KRW-AXS,A,-0.01353,2.69
2026-08-24T09:15:00+00:00,KRW-POL,B,0.02614,3.97
2026-08-24T09:45:00+00:00,KRW-VIRTUAL,B,0.02692,4.28
2026-08-24T10:15:00+00:00,KRW-SEI,B,0.00155,5.23
2026-08-24T10:45:00+00:00,KRW-VIRTUAL,A,-0.01504,4.59
2026-08-24T11:15:00+00:00,KRW-ME,B,0.00213,4.0
2026-08-24T11:30:00+00:00,KRW-JUP,B,0.01404,3.39
2026-08-24T11:30:00+00:00,KRW-RENDER,B,0.01617,4.45
2026-08-24T11:30:00+00:00,KRW-STX,B,0.02439,5.44
2026-08-24T12:00:00+00:00,KRW-JTO,A,-0.01373,5.19
2026-08-24T12:30:00+00:00,KRW-DOT,B,0.00879,6.06
2026-08-24T12:30:00+00:00,KRW-DRV,B,0.02844,10.73
2026-08-24T12:30:00+00:00,KRW-TAO,B,0.01063,3.27
2026-08-24T12:45:00+00:00,KRW-ATH,B,0.01045,3.05
2026-08-24T12:45:00+00:00,KRW-BCH,B,0.01696,4.68
2026-08-24T12:45:00+00:00,KRW-DRV,A,-0.02304,5.72
2026-08-24T12:45:00+00:00,KRW-ETHFI,B,0.0172,11.19
2026-08-24T12:45:00+00:00,KRW-LINK,B,0.00186,3.51
2026-08-24T13:00:00+00:00,KRW-ARB,B,0.0073,4.47
2026-08-24T13:15:00+00:00,KRW-NEAR,A,-0.01191,2.62
2026-08-24T13:30:00+00:00,KRW-APT,A,-0.01524,4.43
2026-08-24T13:30:00+00:00,KRW-ARB,A,-0.0146,4.27
2026-08-24T13:30:00+00:00,KRW-ATH,A,-0.03662,12.31
2026-08-24T13:30:00+00:00,KRW-PENDLE,A,-0.0216,3.14
2026-08-24T13:30:00+00:00,KRW-TAO,A,-0.01475,4.02
2026-08-24T14:00:00+00:00,KRW-INJ,B,0.01652,4.62
2026-08-24T14:30:00+00:00,KRW-SUI,B,0.00528,3.35
2026-08-24T14:30:00+00:00,KRW-VIRTUAL,B,0.02075,7.34
2026-08-24T14:30:00+00:00,KRW-XAUT,B,0.00031,6.0
2026-08-24T16:30:00+00:00,KRW-STORJ,B,0.11047,3.87
2026-08-24T16:45:00+00:00,KRW-ATH,B,0.00664,8.4
2026-08-24T17:00:00+00:00,KRW-STORJ,A,-0.04062,8.37
2026-08-24T17:15:00+00:00,KRW-BCH,A,-0.03094,5.02
2026-08-24T17:15:00+00:00,KRW-INJ,A,-0.0195,9.05
2026-08-24T17:15:00+00:00,KRW-JUP,A,-0.03114,4.31
2026-08-24T17:45:00+00:00,KRW-ATH,A,-0.02276,4.06
2026-08-24T18:00:00+00:00,KRW-INJ,B,0.0044,3.1
2026-08-24T18:30:00+00:00,KRW-BARD,B,0.00606,4.14
2026-08-24T18:30:00+00:00,KRW-MON,B,0.0257,3.0
2026-08-24T19:00:00+00:00,KRW-FF,B,0.04032,4.03
2026-08-24T19:00:00+00:00,KRW-PENDLE,A,-0.01152,3.04
2026-08-24T23:00:00+00:00,KRW-SUI,A,-0.0118,5.17
2026-08-24T23:15:00+00:00,KRW-INJ,B,0.00193,3.41
2026-08-25T00:00:00+00:00,KRW-DATA,B,0.03448,3.52
2026-08-25T00:00:00+00:00,KRW-ELF,B,0.05155,6.74
2026-08-25T00:00:00+00:00,KRW-JTO,B,0.01399,3.21
2026-08-25T00:00:00+00:00,KRW-JUP,B,0.02069,6.05
2026-08-25T00:00:00+00:00,KRW-STORJ,A,-0.03901,5.62
2026-08-25T00:00:00+00:00,KRW-XAUT,B,0.00187,6.9
2026-08-25T00:15:00+00:00,KRW-B3,B,0.02116,6.84
2026-08-25T00:15:00+00:00,KRW-SAND,A,-0.01695,6.94
2026-08-25T00:30:00+00:00,KRW-B3,A,-0.02486,4.59
2026-08-25T00:30:00+00:00,KRW-ONT,B,0.01592,4.61
2026-08-25T00:45:00+00:00,KRW-APT,B,0.012,4.18
2026-08-25T00:45:00+00:00,KRW-LAYER,B,0.00416,3.53
2026-08-25T00:45:00+00:00,KRW-W,B,0.00741,5.7
2026-08-25T00:45:00+00:00,KRW-XPL,B,0.00735,3.87
2026-08-25T01:00:00+00:00,KRW-ARB,B,0.00741,5.2
2026-08-25T01:00:00+00:00,KRW-ATH,A,-0.01124,4.01
2026-08-25T01:45:00+00:00,KRW-PYTH,B,0.00704,11.57
2026-08-25T02:15:00+00:00,KRW-DEEP,B,0.01515,3.62
2026-08-25T02:15:00+00:00,KRW-DOOD,B,0.02703,3.48
2026-08-25T02:15:00+00:00,KRW-LINK,B,0.01235,3.06
2026-08-25T02:15:00+00:00,KRW-RENDER,B,0.01341,4.51
2026-08-25T02:15:00+00:00,KRW-SUI,B,0.02599,3.65
2026-08-25T02:30:00+00:00,KRW-VIRTUAL,B,0.00981,4.63
2026-08-25T02:45:00+00:00,KRW-SAND,B,0.04034,5.93
2026-08-25T03:00:00+00:00,KRW-INJ,A,-0.00973,4.07
2026-08-25T03:30:00+00:00,KRW-AAVE,A,-0.04296,6.52
2026-08-25T03:30:00+00:00,KRW-AXS,A,-0.00958,2.15
2026-08-25T03:30:00+00:00,KRW-HBAR,B,0.0087,5.19
2026-08-25T03:45:00+00:00,KRW-AAVE,B,0.00398,5.45
2026-08-25T03:45:00+00:00,KRW-ALGO,A,-0.01515,3.81
2026-08-25T04:15:00+00:00,KRW-STX,B,0.02374,6.01
2026-08-25T04:30:00+00:00,KRW-HBAR,A,-0.01754,4.78
2026-08-25T04:30:00+00:00,KRW-PLUME,B,0.00521,3.76
2026-08-25T04:45:00+00:00,KRW-INJ,B,0.00429,3.6
2026-08-25T05:15:00+00:00,KRW-JTO,A,-0.01807,4.21
2026-08-25T05:15:00+00:00,KRW-STX,A,-0.02439,21.71
2026-08-25T05:45:00+00:00,KRW-JUP,B,0.00641,11.6
2026-08-25T06:00:00+00:00,KRW-PYTH,A,-0.01389,6.74
2026-08-25T06:15:00+00:00,KRW-SEI,B,0.00297,3.13
2026-08-25T06:45:00+00:00,KRW-NEAR,A,-0.01181,3.16
2026-08-25T07:00:00+00:00,KRW-RENDER,B,0.01087,4.95
2026-08-25T07:00:00+00:00,KRW-XPL,B,0.00758,4.41
2026-08-25T07:00:00+00:00,KRW-ZKP,A,-0.01493,4.09
2026-08-25T07:45:00+00:00,KRW-ETC,A,-0.01538,3.37
2026-08-25T07:45:00+00:00,KRW-JUP,A,-0.01294,4.82
2026-08-25T07:45:00+00:00,KRW-PEPE,A,-0.01745,4.45
2026-08-25T07:45:00+00:00,KRW-RENDER,A,-0.01412,7.85
2026-08-25T07:45:00+00:00,KRW-SUI,A,-0.01596,4.14
2026-08-25T07:45:00+00:00,KRW-TAO,A,-0.01837,3.96
2026-08-25T08:00:00+00:00,KRW-TRX,B,0.00211,8.98
2026-08-25T08:15:00+00:00,KRW-STX,B,0.00538,8.12
2026-08-25T08:30:00+00:00,KRW-SAND,B,0.02495,3.69
2026-08-25T09:45:00+00:00,KRW-DEEP,A,-0.01485,3.12
2026-08-25T10:00:00+00:00,KRW-INJ,A,-0.01123,3.35
2026-08-25T10:15:00+00:00,KRW-STX,A,-0.02413,15.01
2026-08-25T10:45:00+00:00,KRW-INJ,B,0.00248,3.19
2026-08-25T11:00:00+00:00,KRW-COW,B,0.05233,5.69
2026-08-25T11:15:00+00:00,KRW-COW,A,-0.04972,3.8
2026-08-25T11:30:00+00:00,KRW-AAVE,B,0.00282,3.72
2026-08-25T11:30:00+00:00,KRW-SNT,B,0.04091,10.91
2026-08-25T11:45:00+00:00,KRW-POL,B,0.0119,3.53
2026-08-25T12:00:00+00:00,KRW-LSK,A,-0.03937,3.28
2026-08-25T12:15:00+00:00,KRW-RENDER,B,0.00096,3.23
2026-08-25T12:15:00+00:00,KRW-STX,B,0.00557,3.44
2026-08-25T12:30:00+00:00,KRW-ONT,B,0.07413,9.35
2026-08-25T12:30:00+00:00,KRW-SNT,A,-0.03427,6.84
2026-08-25T12:45:00+00:00,KRW-HOLO,B,0.02885,3.48
2026-08-25T12:45:00+00:00,KRW-ONT,A,-0.02604,10.16
2026-08-25T13:00:00+00:00,KRW-ZRO,B,0.07902,33.16
2026-08-25T13:15:00+00:00,KRW-FIL,A,-0.01081,6.37
2026-08-25T13:15:00+00:00,KRW-MON,A,-0.03398,4.15
2026-08-25T13:30:00+00:00,KRW-ALGO,B,0.01587,4.47
2026-08-25T13:30:00+00:00,KRW-FF,B,0.01575,3.03
2026-08-25T13:30:00+00:00,KRW-JUP,B,0.00339,3.81
2026-08-25T13:30:00+00:00,KRW-PENGU,B,0.02273,3.04
2026-08-25T13:30:00+00:00,KRW-ZKP,B,0.00877,3.07
2026-08-25T13:45:00+00:00,KRW-HOLO,A,-0.08257,4.8
2026-08-25T13:45:00+00:00,KRW-SUI,B,0.00183,3.22
2026-08-25T13:45:00+00:00,KRW-ZRO,A,-0.0298,49.22
2026-08-25T14:00:00+00:00,KRW-INJ,A,-0.01108,6.73
2026-08-25T14:00:00+00:00,KRW-VVV,B,0.00738,3.35
2026-08-25T14:15:00+00:00,KRW-CC,B,0.02454,5.41
2026-08-25T14:45:00+00:00,KRW-CFG,B,0.01047,4.39
2026-08-25T15:45:00+00:00,KRW-POL,B,0.02381,3.13
2026-08-25T17:45:00+00:00,KRW-STX,B,0.0109,3.14
2026-08-25T17:45:00+00:00,KRW-ZRO,B,0.00057,3.91
2026-08-25T19:00:00+00:00,KRW-ZRO,A,-0.02037,10.2
2026-08-25T21:00:00+00:00,KRW-RENDER,B,0.01065,3.65
2026-08-25T21:00:00+00:00,KRW-SUI,B,0.00095,4.66
2026-08-25T21:45:00+00:00,KRW-ZRO,B,0.0048,3.5
2026-08-26T00:00:00+00:00,KRW-BLEND,B,0.07432,14.38
2026-08-26T00:00:00+00:00,KRW-HBAR,A,-0.01835,4.41
2026-08-26T00:00:00+00:00,KRW-ONT,B,0.00272,4.03
2026-08-26T00:00:00+00:00,KRW-SAND,B,0.0207,15.89
2026-08-26T00:00:00+00:00,KRW-SNT,B,0.13883,22.72
2026-08-26T00:15:00+00:00,KRW-BLEND,A,-0.01992,12.75
2026-08-26T00:15:00+00:00,KRW-STX,B,0.0195,3.36
2026-08-26T00:30:00+00:00,KRW-AI,B,0.01091,6.91
2026-08-26T00:30:00+00:00,KRW-ERA,B,0.01527,4.56
2026-08-26T01:00:00+00:00,KRW-ARB,B,0.00775,3.43
2026-08-26T01:00:00+00:00,KRW-ERA,A,-0.00999,6.75
2026-08-26T01:00:00+00:00,KRW-SNT,A,-0.04762,4.5
2026-08-26T01:45:00+00:00,KRW-COW,B,0.00578,3.89
2026-08-26T02:15:00+00:00,KRW-RENDER,B,0.01379,6.27
2026-08-26T02:15:00+00:00,KRW-VIRTUAL,B,0.01607,5.47
2026-08-26T02:30:00+00:00,KRW-MOVE,B,0.03361,4.24
2026-08-26T02:45:00+00:00,KRW-PYTH,B,0.00838,13.59
2026-08-26T03:00:00+00:00,KRW-FLOCK,B,0.03023,3.11
2026-08-26T03:00:00+00:00,KRW-KITE,B,0.02,6.59
2026-08-26T03:00:00+00:00,KRW-STX,A,-0.02302,8.32
2026-08-26T03:15:00+00:00,KRW-MOVE,A,-0.0315,3.97
2026-08-26T03:30:00+00:00,KRW-ENS,B,0.0382,9.09
2026-08-26T03:45:00+00:00,KRW-ENS,A,-0.04264,13.58
2026-08-26T06:45:00+00:00,KRW-PYTH,B,0.03383,12.25
2026-08-26T07:00:00+00:00,KRW-PYTH,A,-0.02487,18.82
2026-08-26T07:15:00+00:00,KRW-KITE,B,0.01274,5.18
2026-08-26T07:15:00+00:00,KRW-LSK,B,0.00735,13.72
2026-08-26T08:15:00+00:00,KRW-FF,A,-0.04255,4.65
2026-08-26T08:45:00+00:00,KRW-LSK,A,-0.04348,4.3
2026-08-26T09:00:00+00:00,KRW-BARD,B,0.00621,5.53
2026-08-26T09:00:00+00:00,KRW-FF,B,0.12295,28.38
2026-08-26T09:30:00+00:00,KRW-DRV,B,0.24312,19.92
2026-08-26T09:30:00+00:00,KRW-RED,B,0.01242,5.27
2026-08-26T09:45:00+00:00,KRW-DRV,A,-0.06642,15.04
2026-08-26T10:00:00+00:00,KRW-W,B,0.00763,10.84
2026-08-26T10:30:00+00:00,KRW-PUMP,B,0.01201,3.39
2026-08-26T10:45:00+00:00,KRW-KITE,A,-0.01829,5.66
2026-08-26T11:00:00+00:00,KRW-PYTH,B,0.00407,3.73
2026-08-26T11:00:00+00:00,KRW-SNT,B,0.01424,4.44
2026-08-26T11:45:00+00:00,KRW-FIL,B,0.00202,3.22
2026-08-26T12:15:00+00:00,KRW-ALGO,B,0.008,3.23
2026-08-26T12:30:00+00:00,KRW-STX,A,-0.02128,4.55
2026-08-26T12:45:00+00:00,KRW-BARD,A,-0.01807,6.36
2026-08-26T12:45:00+00:00,KRW-W,A,-0.01471,13.98
2026-08-26T13:00:00+00:00,KRW-JUP,B,0.00654,3.04
2026-08-26T13:00:00+00:00,KRW-LSK,B,0.00752,9.53
2026-08-26T13:00:00+00:00,KRW-ONT,B,0.03905,7.32
2026-08-26T13:15:00+00:00,KRW-AWE,A,-0.02328,5.58
2026-08-26T13:15:00+00:00,KRW-FLOCK,A,-0.00899,20.31
2026-08-26T13:30:00+00:00,KRW-STX,B,0.03533,4.68
2026-08-26T13:45:00+00:00,KRW-GAS,B,0.04266,6.94
2026-08-26T14:00:00+00:00,KRW-BSV,B,0.02689,3.69
2026-08-26T14:00:00+00:00,KRW-W,B,0.00752,5.07
2026-08-26T14:15:00+00:00,KRW-RENDER,A,-0.00998,3.63
2026-08-26T14:30:00+00:00,KRW-GAS,A,-0.01962,4.06
2026-08-26T14:30:00+00:00,KRW-LSK,A,-0.1,33.87
2026-08-26T14:30:00+00:00,KRW-SNT,A,-0.04717,4.36
2026-08-26T14:45:00+00:00,KRW-ARB,A,-0.01587,4.15
2026-08-26T14:45:00+00:00,KRW-JUP,A,-0.02288,5.83
2026-08-26T15:15:00+00:00,KRW-ARB,B,0.00806,3.28
2026-08-26T15:30:00+00:00,KRW-XAUT,B,0.00283,3.51
2026-08-26T17:30:00+00:00,KRW-PENGU,B,0.00806,3.11
2026-08-26T18:30:00+00:00,KRW-ONT,B,0.01767,4.49
2026-08-26T21:00:00+00:00,KRW-JUP,B,0.01724,3.37
2026-08-26T23:15:00+00:00,KRW-ARB,B,0.01575,3.92
2026-08-27T00:00:00+00:00,KRW-BLEND,B,0.0393,14.62
2026-08-27T00:00:00+00:00,KRW-GAS,B,0.06938,15.24
2026-08-27T00:00:00+00:00,KRW-LSK,B,0.04082,5.64
2026-08-27T00:00:00+00:00,KRW-ONT,B,0.13636,24.89
2026-08-27T00:00:00+00:00,KRW-SAHARA,B,0.0354,3.96
2026-08-27T00:00:00+00:00,KRW-STEEM,B,0.02362,6.36
2026-08-27T00:00:00+00:00,KRW-UP2,B,0.02145,3.42
2026-08-27T00:15:00+00:00,KRW-ONT,A,-0.04857,11.34
2026-08-27T00:30:00+00:00,KRW-BLEND,A,-0.01672,3.82
2026-08-27T00:30:00+00:00,KRW-GAS,A,-0.02775,16.03
2026-08-27T00:30:00+00:00,KRW-STEEM,A,-0.02465,2.19
2026-08-27T00:45:00+00:00,KRW-LSK,A,-0.04667,2.34
2026-08-27T01:00:00+00:00,KRW-SAHARA,A,-0.01695,4.16
2026-08-27T02:00:00+00:00,KRW-TAO,B,0.01747,5.09
2026-08-27T02:00:00+00:00,KRW-ZKP,B,0.00527,4.79
2026-08-27T02:30:00+00:00,KRW-JUP,A,-0.01307,6.46
2026-08-27T02:30:00+00:00,KRW-KITE,B,0.02339,26.44
2026-08-27T02:45:00+00:00,KRW-KITE,A,-0.01714,11.85
2026-08-27T04:30:00+00:00,KRW-BORA,B,0.04276,8.59
2026-08-27T05:45:00+00:00,KRW-BORA,A,-0.01835,3.9
2026-08-27T06:30:00+00:00,KRW-KITE,B,0.0226,46.62
2026-08-27T06:45:00+00:00,KRW-KITE,A,-0.0221,17.54
2026-08-27T07:15:00+00:00,KRW-TAO,B,0.00913,6.89
2026-08-27T08:00:00+00:00,KRW-FF,B,0.05224,12.6
2026-08-27T08:15:00+00:00,KRW-NEAR,B,0.01714,3.0
2026-08-27T08:45:00+00:00,KRW-FF,A,-0.0274,6.17
2026-08-27T08:45:00+00:00,KRW-SEI,B,0.00604,3.39
2026-08-27T08:45:00+00:00,KRW-SPK,B,0.0292,3.14
2026-08-27T08:45:00+00:00,KRW-TAO,A,-0.01704,9.96
2026-08-27T09:00:00+00:00,KRW-ATOM,B,0.00095,3.15
2026-08-27T09:30:00+00:00,KRW-JUP,B,0.00637,4.7
2026-08-27T09:45:00+00:00,KRW-ZKP,B,0.0208,4.13
2026-08-27T10:00:00+00:00,KRW-ZKP,A,-0.01188,6.45
2026-08-27T10:15:00+00:00,KRW-XAUT,B,0.00412,3.62
2026-08-27T11:30:00+00:00,KRW-TAO,B,0.00423,3.36
2026-08-27T13:15:00+00:00,KRW-LINK,B,0.00553,3.57
2026-08-27T13:45:00+00:00,KRW-JUP,B,0.00962,5.56
2026-08-27T13:45:00+00:00,KRW-PENGU,B,0.02239,3.04
2026-08-27T14:00:00+00:00,KRW-CHIP,B,0.01304,3.66
2026-08-27T14:30:00+00:00,KRW-ARB,B,0.00794,3.5
2026-08-27T14:30:00+00:00,KRW-TRUMP,B,0.03906,3.61
2026-08-27T15:45:00+00:00,KRW-XPL,A,-0.01626,4.08
2026-08-27T16:00:00+00:00,KRW-JUP,A,-0.01582,6.72
2026-08-27T16:15:00+00:00,KRW-CC,B,0.0061,10.05
2026-08-27T16:30:00+00:00,KRW-CHIP,A,-0.03041,5.57
2026-08-27T16:30:00+00:00,KRW-PYTH,B,0.00723,3.63
2026-08-27T16:45:00+00:00,KRW-SAND,B,0.03347,3.14
2026-08-27T17:15:00+00:00,KRW-XPL,B,0.01639,3.54
2026-08-27T18:15:00+00:00,KRW-JUP,B,0.02508,3.19
2026-08-28T00:00:00+00:00,KRW-CC,B,0.00645,3.6
2026-08-28T00:00:00+00:00,KRW-FLOCK,B,0.02626,5.39
2026-08-28T00:00:00+00:00,KRW-SKR,B,0.18182,26.2
2026-08-28T00:00:00+00:00,KRW-SOPH,B,0.05597,31.77
2026-08-28T00:15:00+00:00,KRW-GAS,B,0.0115,5.63
2026-08-28T00:15:00+00:00,KRW-JUP,B,0.00608,3.87
2026-08-28T00:15:00+00:00,KRW-RENDER,B,0.00808,3.28
2026-08-28T00:15:00+00:00,KRW-SEI,B,0.00149,5.41
2026-08-28T00:15:00+00:00,KRW-SKR,A,-0.02959,10.35
2026-08-28T00:15:00+00:00,KRW-SOPH,A,-0.01767,22.2
2026-08-28T00:15:00+00:00,KRW-TRUMP,B,0.04402,3.28
2026-08-28T00:30:00+00:00,KRW-AI,B,0.00355,3.77
2026-08-28T00:30:00+00:00,KRW-ZKP,B,0.01505,14.91
2026-08-28T00:45:00+00:00,KRW-ZKP,A,-0.01153,6.57
2026-08-28T01:00:00+00:00,KRW-RVN,B,0.05067,12.05
2026-08-28T01:15:00+00:00,KRW-BARD,B,0.02959,5.45
2026-08-28T01:15:00+00:00,KRW-CHZ,B,0.005,3.3
2026-08-28T01:15:00+00:00,KRW-PEPE,B,0.01673,3.48
2026-08-28T01:15:00+00:00,KRW-RVN,A,-0.04061,3.63
2026-08-28T01:30:00+00:00,KRW-XAUT,A,-0.00284,5.43
2026-08-28T01:45:00+00:00,KRW-BARD,A,-0.0117,5.27
2026-08-28T01:45:00+00:00,KRW-TRUMP,A,-0.03044,3.41
2026-08-28T02:15:00+00:00,KRW-AWE,B,0.00454,8.91
2026-08-28T02:15:00+00:00,KRW-CFG,A,-0.01604,5.75
2026-08-28T02:15:00+00:00,KRW-ZIL,B,0.08333,9.82
2026-08-28T02:30:00+00:00,KRW-MANTRA,B,0.00654,9.56
2026-08-28T02:30:00+00:00,KRW-ZIL,A,-0.07977,6.6
2026-08-28T02:45:00+00:00,KRW-DOT,B,0.00166,8.29
2026-08-28T02:45:00+00:00,KRW-MANTRA,A,-0.04221,3.81
2026-08-28T03:00:00+00:00,KRW-JTO,A,-0.02017,7.02
2026-08-28T03:00:00+00:00,KRW-UP2,B,0.03781,8.18
2026-08-28T03:00:00+00:00,KRW-XAUT,B,0.00063,3.01
2026-08-28T03:45:00+00:00,KRW-JTO,B,0.003,4.39
2026-08-28T05:00:00+00:00,KRW-XPL,A,-0.03252,4.75
2026-08-28T05:15:00+00:00,KRW-G,A,-0.01636,3.85
2026-08-28T05:30:00+00:00,KRW-SKR,A,-0.06452,5.65
2026-08-28T05:45:00+00:00,KRW-DEEP,B,0.00488,4.94
2026-08-28T06:30:00+00:00,KRW-MANTRA,B,0.08824,22.74
2026-08-28T06:30:00+00:00,KRW-ZIL,B,0.02432,3.44
2026-08-28T07:00:00+00:00,KRW-ARB,A,-0.01587,6.52
2026-08-28T07:00:00+00:00,KRW-RVN,B,0.07417,10.65
2026-08-28T07:00:00+00:00,KRW-SAND,B,0.02947,4.25
2026-08-28T07:30:00+00:00,KRW-MANTRA,A,-0.05385,24.33
2026-08-28T07:30:00+00:00,KRW-RVN,A,-0.07547,12.12
2026-08-28T09:00:00+00:00,KRW-ENSO,B,0.05709,9.09
2026-08-28T10:15:00+00:00,KRW-XAUT,B,0.00016,3.06
2026-08-28T10:45:00+00:00,KRW-MANTRA,B,0.04431,9.51
2026-08-28T11:00:00+00:00,KRW-CHIP,B,0.01361,10.83
2026-08-28T11:00:00+00:00,KRW-RVN,B,0.02813,4.86
2026-08-28T11:15:00+00:00,KRW-ZORA,B,0.03322,3.73
2026-08-28T11:30:00+00:00,KRW-ZORA,A,-0.04823,4.12
2026-08-28T11:45:00+00:00,KRW-MANTRA,A,-0.01878,3.16
2026-08-28T12:45:00+00:00,KRW-RENDER,B,0.00194,3.97
2026-08-28T14:00:00+00:00,KRW-APT,A,-0.01295,5.96
2026-08-28T14:00:00+00:00,KRW-JUP,A,-0.01869,5.08
2026-08-28T14:00:00+00:00,KRW-RENDER,A,-0.01738,4.62
2026-08-28T14:00:00+00:00,KRW-XAUT,A,-0.00802,6.22
2026-08-28T14:30:00+00:00,KRW-JTO,B,0.0059,4.92
2026-08-28T14:30:00+00:00,KRW-SUI,B,0.01231,3.28
2026-08-28T14:30:00+00:00,KRW-TRUMP,B,0.03742,3.82
2026-08-28T14:30:00+00:00,KRW-XPL,B,0.01667,3.23
2026-08-28T15:15:00+00:00,KRW-CHIP,A,-0.04673,13.0
2026-08-28T15:15:00+00:00,KRW-JUP,B,0.01238,3.59
2026-08-28T15:30:00+00:00,KRW-AAVE,A,-0.01095,3.51
2026-08-28T15:30:00+00:00,KRW-CHIP,B,0.0049,4.52
2026-08-28T15:45:00+00:00,KRW-FLOCK,A,-0.01754,3.79
2026-08-28T16:00:00+00:00,KRW-CFG,A,-0.02286,5.57
2026-08-28T16:00:00+00:00,KRW-HBAR,A,-0.01887,5.16
2026-08-28T16:00:00+00:00,KRW-OPG,A,-0.09302,27.13
2026-08-28T16:00:00+00:00,KRW-W,A,-0.02326,1.62
2026-08-28T16:00:00+00:00,KRW-XPL,A,-0.01709,5.84
2026-08-28T16:15:00+00:00,KRW-APT,B,0.00134,3.66
2026-08-28T16:15:00+00:00,KRW-OPG,B,0.00855,8.6
2026-08-28T16:15:00+00:00,KRW-STX,A,-0.01676,4.56
2026-08-28T16:45:00+00:00,KRW-LAYER,B,0.04013,4.11
2026-08-28T17:00:00+00:00,KRW-MANTRA,A,-0.03972,3.93
2026-08-28T18:15:00+00:00,KRW-JUP,A,-0.01316,7.95
2026-08-29T00:00:00+00:00,KRW-ERA,B,0.03439,10.5
2026-08-29T00:00:00+00:00,KRW-GAS,B,0.01897,4.27
2026-08-29T00:00:00+00:00,KRW-SNT,B,0.12445,9.69
2026-08-29T00:15:00+00:00,KRW-CHZ,B,0.01058,3.43
2026-08-29T00:15:00+00:00,KRW-DATA,B,0.01172,4.88
2026-08-29T00:15:00+00:00,KRW-MANTRA,B,0.0558,5.74
2026-08-29T00:15:00+00:00,KRW-XAUT,B,0.00113,3.01
2026-08-29T00:30:00+00:00,KRW-CHIP,B,0.01024,3.46
2026-08-29T00:30:00+00:00,KRW-RVN,B,0.00519,3.89
2026-08-29T01:00:00+00:00,KRW-ERA,A,-0.00984,8.7
2026-08-29T01:00:00+00:00,KRW-MANTRA,A,-0.02771,5.23
2026-08-29T01:00:00+00:00,KRW-STX,A,-0.03125,5.26
2026-08-29T04:00:00+00:00,KRW-O,B,0.00731,5.56
2026-08-29T04:15:00+00:00,KRW-TRUMP,B,0.01202,3.18
2026-08-29T05:00:00+00:00,KRW-O,A,-0.01393,9.68
2026-08-29T05:45:00+00:00,KRW-CHIP,B,0.01855,6.53
2026-08-29T06:00:00+00:00,KRW-SKR,B,0.07143,16.71
2026-08-29T06:00:00+00:00,KRW-TRUMP,A,-0.07274,7.55
2026-08-29T06:15:00+00:00,KRW-JUP,A,-0.01307,4.48
2026-08-29T06:15:00+00:00,KRW-SKR,A,-0.03333,5.03
2026-08-29T06:30:00+00:00,KRW-CHIP,A,-0.02769,5.89
2026-08-29T07:30:00+00:00,KRW-SOPH,A,-0.01264,2.71
2026-08-29T09:30:00+00:00,KRW-O,B,0.01816,10.61
2026-08-29T10:45:00+00:00,KRW-O,A,-0.0124,8.6
2026-08-29T11:30:00+00:00,KRW-OPG,B,0.0458,7.56
2026-08-29T11:45:00+00:00,KRW-OPG,A,-0.0219,9.1
2026-08-29T12:00:00+00:00,KRW-ZKP,B,0.00948,9.31
2026-08-29T13:15:00+00:00,KRW-ZKP,A,-0.01546,9.47
2026-08-29T13:45:00+00:00,KRW-XPL,B,0.00847,3.49
2026-08-29T14:15:00+00:00,KRW-KITE,B,0.05172,3.86
2026-08-29T14:30:00+00:00,KRW-O,B,0.03911,16.97
2026-08-29T15:15:00+00:00,KRW-AI,B,0.03285,5.87
2026-08-29T16:00:00+00:00,KRW-O,A,-0.01628,3.79
2026-08-29T16:00:00+00:00,KRW-OPG,B,0.05072,20.48
2026-08-29T16:15:00+00:00,KRW-DATA,B,0.00778,3.03
2026-08-29T16:15:00+00:00,KRW-LAYER,A,-0.01865,3.45
2026-08-29T16:15:00+00:00,KRW-OPG,A,-0.03448,11.13
2026-08-29T16:15:00+00:00,KRW-UNI,B,0.00316,3.01
2026-08-29T16:30:00+00:00,KRW-ZKP,B,0.00456,14.35
2026-08-29T18:45:00+00:00,KRW-ZKP,A,-0.01227,5.53
2026-08-29T19:30:00+00:00,KRW-O,B,0.03509,3.73
2026-08-29T21:00:00+00:00,KRW-ZKP,B,0.0091,3.57
2026-08-29T23:00:00+00:00,KRW-ZKP,A,-0.01997,24.23
2026-08-30T00:15:00+00:00,KRW-BORA,B,0.00977,6.4
2026-08-30T00:15:00+00:00,KRW-SKR,B,0.0974,8.39
2026-08-30T00:30:00+00:00,KRW-SKR,A,-0.07101,7.56
2026-08-30T00:45:00+00:00,KRW-BORA,A,-0.01258,6.48
2026-08-30T01:00:00+00:00,KRW-OPG,B,0.02206,4.05
2026-08-30T01:00:00+00:00,KRW-ZKP,B,0.03413,58.54
2026-08-30T02:30:00+00:00,KRW-UNI,B,0.02136,3.74
2026-08-30T03:15:00+00:00,KRW-ZKP,A,-0.02198,10.89
2026-08-30T03:30:00+00:00,KRW-O,B,0.02949,5.23
2026-08-30T05:15:00+00:00,KRW-SKR,B,0.10303,10.34
2026-08-30T05:15:00+00:00,KRW-ZKP,B,0.01736,4.74
2026-08-30T05:45:00+00:00,KRW-SKR,A,-0.05025,18.34
2026-08-30T06:45:00+00:00,KRW-WAVES,B,0.02194,3.01
2026-08-30T07:00:00+00:00,KRW-WAVES,A,-0.01227,2.46
2026-08-30T08:30:00+00:00,KRW-ZKP,A,-0.01519,12.18
2026-08-30T09:15:00+00:00,KRW-ZORA,B,0.02814,4.75
2026-08-30T09:30:00+00:00,KRW-SKR,B,0.02646,8.63
2026-08-30T09:30:00+00:00,KRW-ZKP,B,0.13043,75.02
2026-08-30T09:30:00+00:00,KRW-ZORA,A,-0.02632,4.73
2026-08-30T09:45:00+00:00,KRW-ATH,B,0.00144,3.06
2026-08-30T09:45:00+00:00,KRW-BARD,B,0.00571,3.8
2026-08-30T09:45:00+00:00,KRW-PYTH,A,-0.01067,3.36
2026-08-30T10:00:00+00:00,KRW-SKR,A,-0.0431,27.31
2026-08-30T10:15:00+00:00,KRW-FLOCK,B,0.04494,7.22
2026-08-30T10:30:00+00:00,KRW-PYTH,B,0.00765,3.25
2026-08-30T10:45:00+00:00,KRW-FLOCK,A,-0.02941,4.22
2026-08-30T11:00:00+00:00,KRW-O,B,0.02544,3.46
2026-08-30T11:00:00+00:00,KRW-UNI,B,0.01601,8.33
2026-08-30T11:15:00+00:00,KRW-BIGTIME,A,-0.01665,1.7
2026-08-30T11:45:00+00:00,KRW-O,A,-0.01195,8.63
2026-08-30T12:00:00+00:00,KRW-ARB,B,0.01653,4.57
2026-08-30T12:30:00+00:00,KRW-BARD,A,-0.01676,4.1
2026-08-30T12:45:00+00:00,KRW-CRO,B,0.04253,3.09
2026-08-30T13:00:00+00:00,KRW-PENDLE,B,0.02048,4.6
2026-08-30T14:00:00+00:00,KRW-CRO,A,-0.04147,5.84
2026-08-30T14:00:00+00:00,KRW-ERA,B,0.00818,8.01
2026-08-30T14:15:00+00:00,KRW-SKR,B,0.03571,8.95
2026-08-30T14:15:00+00:00,KRW-UNI,A,-0.01241,6.32
2026-08-30T14:15:00+00:00,KRW-ZKP,A,-0.01754,4.12
2026-08-30T14:30:00+00:00,KRW-SKR,A,-0.06466,8.64
2026-08-30T14:30:00+00:00,KRW-ZKP,B,0.0102,8.97
2026-08-30T14:45:00+00:00,KRW-ZORA,B,0.01877,3.33
2026-08-30T15:45:00+00:00,KRW-BARD,B,0.00565,3.24
2026-08-30T16:00:00+00:00,KRW-FLOCK,B,0.01354,4.6
2026-08-30T16:00:00+00:00,KRW-LA,B,0.00615,6.86
2026-08-30T16:15:00+00:00,KRW-UNI,B,0.00824,3.15
2026-08-30T16:45:00+00:00,KRW-ERA,A,-0.0494,4.8
2026-08-30T17:00:00+00:00,KRW-FLOCK,A,-0.05068,29.6
2026-08-30T18:30:00+00:00,KRW-SKR,B,0.08696,7.93
2026-08-30T19:15:00+00:00,KRW-LAYER,B,0.00642,3.47
2026-08-30T20:45:00+00:00,KRW-ZORA,B,0.05769,9.16
2026-08-30T21:00:00+00:00,KRW-APT,A,-0.00664,3.67
2026-08-30T21:00:00+00:00,KRW-SKR,A,-0.05249,13.67
2026-08-30T21:15:00+00:00,KRW-MIRA,B,0.02215,4.07
2026-08-30T21:30:00+00:00,KRW-ZORA,A,-0.07563,7.62
2026-08-30T22:45:00+00:00,KRW-SKR,B,0.07059,15.85
2026-08-30T23:00:00+00:00,KRW-ERA,B,0.01345,3.59
2026-08-30T23:15:00+00:00,KRW-AI,A,-0.02564,5.31
2026-08-30T23:15:00+00:00,KRW-ALGO,A,-0.01653,3.93
2026-08-30T23:15:00+00:00,KRW-ARB,A,-0.03252,5.08
2026-08-30T23:15:00+00:00,KRW-CHZ,A,-0.02116,4.26
2026-08-30T23:15:00+00:00,KRW-FIL,A,-0.02026,6.75
2026-08-30T23:15:00+00:00,KRW-IN,A,-0.02402,2.04
2026-08-30T23:15:00+00:00,KRW-OPEN,A,-0.03448,9.25
2026-08-30T23:15:00+00:00,KRW-PENGU,A,-0.02439,5.4
2026-08-30T23:15:00+00:00,KRW-RENDER,A,-0.01514,3.73
2026-08-30T23:15:00+00:00,KRW-SUI,A,-0.02552,8.47
2026-08-30T23:15:00+00:00,KRW-UNI,A,-0.02134,16.12
2026-08-30T23:15:00+00:00,KRW-ZKP,A,-0.02945,2.26
2026-08-30T23:30:00+00:00,KRW-BARD,A,-0.01143,4.98
2026-08-30T23:30:00+00:00,KRW-ERA,A,-0.03743,7.51
2026-08-30T23:45:00+00:00,KRW-CHZ,B,0.00543,5.15
2026-08-30T23:45:00+00:00,KRW-FIL,B,0.00218,4.04
2026-08-30T23:45:00+00:00,KRW-JTO,A,-0.01242,5.41
2026-08-30T23:45:00+00:00,KRW-LAYER,B,0.0011,3.93
2026-08-30T23:45:00+00:00,KRW-LINK,B,0.00388,3.57
2026-08-30T23:45:00+00:00,KRW-PENDLE,B,0.0042,3.47
2026-08-30T23:45:00+00:00,KRW-RENDER,B,0.00309,4.46
2026-08-30T23:45:00+00:00,KRW-SUI,B,0.00202,4.1
2026-08-31T00:00:00+00:00,KRW-0G,B,0.04386,6.12
2026-08-31T00:00:00+00:00,KRW-AXS,B,0.00739,3.17
2026-08-31T00:00:00+00:00,KRW-HYPER,B,0.02176,5.14
2026-08-31T00:00:00+00:00,KRW-OPEN,B,0.01042,4.53
2026-08-31T00:00:00+00:00,KRW-STORJ,B,0.14917,3.52
2026-08-31T00:00:00+00:00,KRW-UNI,B,0.0035,5.17
2026-08-31T00:00:00+00:00,KRW-ZKP,B,0.04149,17.42
2026-08-31T00:15:00+00:00,KRW-0G,A,-0.01261,3.4
2026-08-31T00:15:00+00:00,KRW-O,B,0.025,11.19
2026-08-31T00:15:00+00:00,KRW-SAND,B,0.02637,5.62
2026-08-31T00:15:00+00:00,KRW-ZIL,B,0.03916,6.64
2026-08-31T00:30:00+00:00,KRW-O,A,-0.02696,5.14
2026-08-31T00:30:00+00:00,KRW-STORJ,A,-0.07465,13.68
2026-08-31T00:30:00+00:00,KRW-ZIL,A,-0.03768,6.86
2026-08-31T00:45:00+00:00,KRW-IN,B,0.01333,4.57
2026-08-31T01:00:00+00:00,KRW-FLOCK,B,0.10103,99.31
2026-08-31T01:00:00+00:00,KRW-SKR,A,-0.03989,10.51
2026-08-31T01:00:00+00:00,KRW-TREE,B,0.0203,5.3
2026-08-31T01:15:00+00:00,KRW-FLOCK,A,-0.05056,43.65
2026-08-31T01:15:00+00:00,KRW-ZORA,B,0.05405,5.86
2026-08-31T01:45:00+00:00,KRW-ZORA,A,-0.04167,10.4
2026-08-31T02:00:00+00:00,KRW-PEPE,B,0.01688,3.61
2026-08-31T02:15:00+00:00,KRW-TREE,A,-0.01411,4.91
2026-08-31T02:30:00+00:00,KRW-KAT,A,-0.0136,1.14
2026-08-31T03:00:00+00:00,KRW-SKR,B,0.06132,9.1
2026-08-31T03:45:00+00:00,KRW-JTO,B,0.0033,3.07
2026-08-31T04:00:00+00:00,KRW-0G,B,0.02713,28.74
2026-08-31T04:15:00+00:00,KRW-0G,A,-0.03774,24.39
2026-08-31T04:30:00+00:00,KRW-SAHARA,B,0.02632,3.94
2026-08-31T04:45:00+00:00,KRW-MIRA,B,0.02201,3.87
2026-08-31T05:00:00+00:00,KRW-FLOCK,B,0.05861,111.06
2026-08-31T05:00:00+00:00,KRW-SKR,A,-0.05412,11.63
2026-08-31T05:00:00+00:00,KRW-TREE,B,0.0191,5.23
2026-08-31T05:15:00+00:00,KRW-LA,B,0.00235,3.11
2026-08-31T05:15:00+00:00,KRW-ZORA,B,0.07333,12.51
2026-08-31T05:30:00+00:00,KRW-FLOCK,A,-0.02207,36.49
2026-08-31T05:45:00+00:00,KRW-MIRA,A,-0.06921,17.15
2026-08-31T05:45:00+00:00,KRW-ZORA,A,-0.04516,10.07
2026-08-31T07:15:00+00:00,KRW-OPEN,A,-0.01093,3.86
2026-08-31T07:30:00+00:00,KRW-SKR,B,0.03039,3.85
2026-08-31T07:45:00+00:00,KRW-APT,B,0.00138,3.08
2026-08-31T07:45:00+00:00,KRW-LA,A,-0.02225,6.8
2026-08-31T07:45:00+00:00,KRW-STORJ,B,0.14087,6.98
2026-08-31T07:45:00+00:00,KRW-UNI,B,0.0021,4.78
2026-08-31T08:00:00+00:00,KRW-0G,B,0.01172,14.75
2026-08-31T08:15:00+00:00,KRW-RVN,B,0.10677,25.8
2026-08-31T08:15:00+00:00,KRW-SAND,B,0.01844,5.29
2026-08-31T08:15:00+00:00,KRW-ZIL,B,0.03561,8.0
2026-08-31T08:45:00+00:00,KRW-BARD,A,-0.01105,4.25
2026-08-31T08:45:00+00:00,KRW-BONK,B,0.4439,54.28
2026-08-31T08:45:00+00:00,KRW-MANTRA,B,0.0602,3.2
2026-08-31T08:45:00+00:00,KRW-PENDLE,B,0.0083,3.1
2026-08-31T08:45:00+00:00,KRW-RVN,A,-0.07346,20.7
2026-08-31T08:45:00+00:00,KRW-STORJ,A,-0.07216,35.12
2026-08-31T09:15:00+00:00,KRW-BONK,A,-0.1049,48.97
2026-08-31T09:15:00+00:00,KRW-FLOCK,B,0.01786,25.99
2026-08-31T09:15:00+00:00,KRW-VANA,B,0.00081,3.04
2026-08-31T09:30:00+00:00,KRW-ZIL,A,-0.01662,7.7
2026-08-31T09:45:00+00:00,KRW-FLOCK,A,-0.0195,15.54
2026-08-31T09:45:00+00:00,KRW-JUP,B,0.00694,5.8
2026-08-31T10:00:00+00:00,KRW-0G,A,-0.02083,18.66
2026-08-31T10:00:00+00:00,KRW-BARD,B,0.00562,3.46
2026-08-31T10:15:00+00:00,KRW-ZORA,B,0.03125,4.41
2026-08-31T10:30:00+00:00,KRW-ZORA,A,-0.0303,4.02
2026-08-31T10:45:00+00:00,KRW-SAND,A,-0.01426,5.51
2026-08-31T11:30:00+00:00,KRW-LA,B,0.00804,11.03
2026-08-31T11:30:00+00:00,KRW-SKR,B,0.00765,11.53
2026-08-31T11:45:00+00:00,KRW-ENSO,A,-0.02919,18.06
2026-08-31T12:15:00+00:00,KRW-BERA,A,-0.01224,3.48
2026-08-31T12:30:00+00:00,KRW-OPEN,A,-0.01105,5.26
2026-08-31T12:30:00+00:00,KRW-STORJ,B,0.31618,15.3
2026-08-31T12:45:00+00:00,KRW-0G,B,0.00702,35.92
2026-08-31T12:45:00+00:00,KRW-BARD,A,-0.0163,5.94
2026-08-31T12:45:00+00:00,KRW-SAND,B,0.02062,3.2
2026-08-31T12:45:00+00:00,KRW-STORJ,A,-0.0838,28.75
2026-08-31T13:00:00+00:00,KRW-BONK,B,0.01828,18.23
2026-08-31T13:15:00+00:00,KRW-BONK,A,-0.04309,10.34
2026-08-31T13:15:00+00:00,KRW-FLOCK,B,0.00907,11.83
2026-08-31T13:15:00+00:00,KRW-LA,A,-0.01663,4.69
2026-08-31T14:15:00+00:00,KRW-SKR,A,-0.07292,32.79
2026-08-31T14:15:00+00:00,KRW-ZORA,B,0.06923,14.29
2026-08-31T15:00:00+00:00,KRW-POL,B,0.0082,5.67
2026-08-31T15:00:00+00:00,KRW-SAHARA,B,0.0087,4.11
2026-08-31T15:00:00+00:00,KRW-ZORA,A,-0.04225,5.32
2026-08-31T15:30:00+00:00,KRW-BERA,B,0.008,4.1
2026-08-31T15:30:00+00:00,KRW-SKR,B,0.05596,12.1
2026-08-31T16:00:00+00:00,KRW-INJ,B,0.00366,11.31
2026-08-31T16:15:00+00:00,KRW-FLOCK,A,-0.02277,8.43
2026-08-31T16:45:00+00:00,KRW-0G,B,0.01748,5.24
2026-08-31T17:30:00+00:00,KRW-0G,A,-0.02446,40.87
2026-08-31T17:45:00+00:00,KRW-ARB,B,0.032,6.73
2026-08-31T19:30:00+00:00,KRW-FLOCK,B,0.00368,6.81
2026-08-31T21:15:00+00:00,KRW-0G,B,0.01338,6.96
2026-08-31T21:45:00+00:00,KRW-ARB,B,0.0069,15.11
2026-08-31T21:45:00+00:00,KRW-ARX,B,0.0221,4.29
2026-08-31T22:00:00+00:00,KRW-ARX,A,-0.02162,3.37
2026-08-31T22:15:00+00:00,KRW-ARB,A,-0.01351,7.18
2026-08-31T23:30:00+00:00,KRW-0G,A,-0.01577,7.65
2026-08-31T23:30:00+00:00,KRW-FLOCK,A,-0.02797,5.17
2026-08-31T23:30:00+00:00,KRW-STORJ,B,0.05589,3.73
2026-08-31T23:45:00+00:00,KRW-FLOCK,B,0.01619,3.96
2026-09-01T00:00:00+00:00,KRW-DATA,B,0.04781,21.7
2026-09-01T00:00:00+00:00,KRW-MIRA,B,0.0638,25.71
2026-09-01T00:00:00+00:00,KRW-SKR,B,0.0525,7.46
2026-09-01T00:15:00+00:00,KRW-BARD,A,-0.01087,4.78
2026-09-01T00:15:00+00:00,KRW-BONK,B,0.25941,15.14
2026-09-01T00:15:00+00:00,KRW-LA,B,0.0047,8.06
2026-09-01T00:15:00+00:00,KRW-MIRA,A,-0.03298,15.16
2026-09-01T00:15:00+00:00,KRW-UNI,B,0.00205,4.84
2026-09-01T01:00:00+00:00,KRW-IN,B,0.00213,7.5
2026-09-01T01:15:00+00:00,KRW-0G,B,0.01183,6.77
2026-09-01T01:45:00+00:00,KRW-ALGO,B,0.00833,5.37
2026-09-01T01:45:00+00:00,KRW-BARD,B,0.00541,5.04
2026-09-01T01:45:00+00:00,KRW-OPEN,B,0.02688,4.19
2026-09-01T02:15:00+00:00,KRW-BERA,A,-0.01167,5.58
2026-09-01T02:30:00+00:00,KRW-ARB,A,-0.0129,5.09
2026-09-01T02:45:00+00:00,KRW-CHZ,B,0.00546,3.7
2026-09-01T03:30:00+00:00,KRW-BONK,A,-0.09859,7.25
2026-09-01T03:30:00+00:00,KRW-JUP,B,0.0066,9.94
2026-09-01T03:30:00+00:00,KRW-PLUME,B,0.0201,3.68
2026-09-01T03:45:00+00:00,KRW-SEI,B,0.00481,3.87
2026-09-01T04:30:00+00:00,KRW-APT,B,0.00134,3.02
2026-09-01T04:30:00+00:00,KRW-DATA,B,0.01487,5.61
2026-09-01T04:45:00+00:00,KRW-DATA,A,-0.01465,3.91
2026-09-01T05:30:00+00:00,KRW-UNI,B,0.03557,3.79
2026-09-01T05:45:00+00:00,KRW-ENS,B,0.01285,10.16
2026-09-01T05:45:00+00:00,KRW-VIRTUAL,B,0.01833,3.38
2026-09-01T06:00:00+00:00,KRW-ENS,A,-0.01845,4.25
2026-09-01T06:30:00+00:00,KRW-UNI,A,-0.01125,26.27
2026-09-01T07:15:00+00:00,KRW-ARB,B,0.02614,3.98
2026-09-01T07:15:00+00:00,KRW-BONK,B,0.00606,4.09
2026-09-01T07:15:00+00:00,KRW-RENDER,B,0.00548,3.42
2026-09-01T08:00:00+00:00,KRW-IN,A,-0.01935,9.23
2026-09-01T08:00:00+00:00,KRW-INJ,A,-0.01751,34.11
2026-09-01T08:15:00+00:00,KRW-0G,A,-0.05294,4.88
2026-09-01T08:15:00+00:00,KRW-BARD,A,-0.0163,5.68
2026-09-01T08:30:00+00:00,KRW-ARB,A,-0.01974,11.87
2026-09-01T08:45:00+00:00,KRW-IN,B,0.01106,3.59
2026-09-01T08:45:00+00:00,KRW-JUP,B,0.00336,6.3
2026-09-01T09:00:00+00:00,KRW-BONK,A,-0.06635,5.22
2026-09-01T09:00:00+00:00,KRW-INJ,B,0.02909,13.37
2026-09-01T11:15:00+00:00,KRW-ALGO,B,0.00813,3.03
2026-09-01T11:15:00+00:00,KRW-BONK,B,0.14945,6.82
2026-09-01T11:30:00+00:00,KRW-UNI,B,0.02089,12.3
2026-09-01T12:00:00+00:00,KRW-APT,B,0.00527,4.16
2026-09-01T12:15:00+00:00,KRW-AXS,B,0.01246,21.61
2026-09-01T12:15:00+00:00,KRW-ONT,B,0.05374,10.41
2026-09-01T12:15:00+00:00,KRW-TRX,A,-0.00661,7.07
2026-09-01T12:30:00+00:00,KRW-AXS,A,-0.02154,12.61
2026-09-01T12:30:00+00:00,KRW-ONT,A,-0.06841,4.6
2026-09-01T12:30:00+00:00,KRW-UNI,A,-0.00991,6.38
2026-09-01T12:30:00+00:00,KRW-ZIL,B,0.10059,18.1
2026-09-01T12:45:00+00:00,KRW-RVN,B,0.01519,3.36
2026-09-01T12:45:00+00:00,KRW-SAND,B,0.01167,15.54
2026-09-01T13:00:00+00:00,KRW-FF,B,0.02419,4.15
2026-09-01T13:00:00+00:00,KRW-INJ,A,-0.0173,4.94
2026-09-01T13:00:00+00:00,KRW-SAND,A,-0.025,5.71
2026-09-01T13:00:00+00:00,KRW-XAUT,A,-0.00581,29.51
2026-09-01T13:00:00+00:00,KRW-ZIL,A,-0.06527,19.2
2026-09-01T13:30:00+00:00,KRW-BARD,A,-0.01117,3.61
2026-09-01T13:30:00+00:00,KRW-INJ,B,0.02165,4.82
2026-09-01T14:00:00+00:00,KRW-CHIP,B,0.03466,3.42
2026-09-01T14:30:00+00:00,KRW-AAVE,B,0.00971,6.78
2026-09-01T14:30:00+00:00,KRW-FIL,B,0.00411,8.61
2026-09-01T14:30:00+00:00,KRW-NEAR,B,0.00071,3.9
2026-09-01T15:00:00+00:00,KRW-FF,A,-0.03623,8.54
2026-09-01T17:15:00+00:00,KRW-XPL,B,0.02542,3.18
2026-09-01T17:30:00+00:00,KRW-FIL,A,-0.00929,18.86
2026-09-01T18:45:00+00:00,KRW-FIL,B,0.00763,7.58
2026-09-01T22:15:00+00:00,KRW-FIL,A,-0.00846,4.38
2026-09-01T23:00:00+00:00,KRW-OPEN,A,-0.01163,4.29
2026-09-02T00:00:00+00:00,KRW-SKR,B,0.00962,4.43
