utc,symbol
2026-04-05T11:45:00+00:00,FFUSDT
2026-04-05T12:00:00+00:00,PENDLEUSDT
2026-04-05T12:30:00+00:00,BIGTIMEUSDT
2026-04-05T12:30:00+00:00,INUSDT
2026-04-05T12:30:00+00:00,MIRAUSDT
2026-04-05T12:30:00+00:00,XPLUSDT
2026-04-05T13:00:00+00:00,IDUSDT
2026-04-05T13:00:00+00:00,MMTUSDT
2026-04-05T13:15:00+00:00,MEUSDT
2026-04-05T17:00:00+00:00,MMTUSDT
2026-04-06T00:00:00+00:00,MMTUSDT
2026-04-06T01:30:00+00:00,INUSDT
2026-04-06T03:00:00+00:00,ERAUSDT
2026-04-06T06:30:00+00:00,MMTUSDT
2026-04-06T07:00:00+00:00,REDUSDT
2026-04-06T07:45:00+00:00,TREEUSDT
2026-04-06T09:00:00+00:00,COWUSDT
2026-04-06T09:15:00+00:00,ERAUSDT
2026-04-06T11:00:00+00:00,PIEVERSEUSDT
2026-04-06T11:00:00+00:00,REDUSDT
2026-04-06T11:45:00+00:00,PENDLEUSDT
2026-04-06T11:45:00+00:00,TREEUSDT
2026-04-06T12:45:00+00:00,MIRAUSDT
2026-04-06T13:15:00+00:00,AVNTUSDT
2026-04-06T14:00:00+00:00,COWUSDT
2026-04-06T14:00:00+00:00,ERAUSDT
2026-04-06T15:15:00+00:00,REDUSDT
2026-04-06T16:00:00+00:00,SOPHUSDT
2026-04-06T16:00:00+00:00,TREEUSDT
2026-04-06T16:15:00+00:00,AAVEUSDT
2026-04-06T17:00:00+00:00,MONUSDT
2026-04-06T17:30:00+00:00,FLOCKUSDT
2026-04-06T18:00:00+00:00,MIRAUSDT
2026-04-06T19:30:00+00:00,HYPERUSDT
2026-04-06T20:15:00+00:00,REDUSDT
2026-04-06T21:45:00+00:00,TREEUSDT
2026-04-06T22:30:00+00:00,VVVUSDT
2026-04-06T22:45:00+00:00,MIRAUSDT
2026-04-06T23:00:00+00:00,AVAXUSDT
2026-04-06T23:00:00+00:00,ERAUSDT
2026-04-06T23:00:00+00:00,POLUSDT
2026-04-07T00:00:00+00:00,AVNTUSDT
2026-04-07T00:45:00+00:00,REDUSDT
2026-04-07T01:00:00+00:00,BIGTIMEUSDT
2026-04-07T01:00:00+00:00,SANDUSDT
2026-04-07T01:45:00+00:00,ESPUSDT
2026-04-07T04:15:00+00:00,ALGOUSDT
2026-04-07T04:15:00+00:00,ETCUSDT
2026-04-07T06:45:00+00:00,ESPUSDT
2026-04-07T07:45:00+00:00,LAYERUSDT
2026-04-07T07:45:00+00:00,TREEUSDT
2026-04-07T08:15:00+00:00,REDUSDT
2026-04-07T08:15:00+00:00,ZBTUSDT
2026-04-07T09:30:00+00:00,MEUSDT
2026-04-07T10:00:00+00:00,ZKPUSDT
2026-04-07T10:15:00+00:00,AAVEUSDT
2026-04-07T11:00:00+00:00,ESPUSDT
2026-04-07T11:45:00+00:00,ZAMAUSDT
2026-04-07T12:00:00+00:00,1000SHIBUSDT
2026-04-07T12:00:00+00:00,BSVUSDT
2026-04-07T12:00:00+00:00,ENSUSDT
2026-04-07T12:00:00+00:00,LAYERUSDT
2026-04-07T12:00:00+00:00,PENGUUSDT
2026-04-07T12:45:00+00:00,REDUSDT
2026-04-07T14:00:00+00:00,DOTUSDT
2026-04-07T14:00:00+00:00,KATUSDT
2026-04-07T15:00:00+00:00,ESPUSDT
2026-04-07T17:00:00+00:00,ZAMAUSDT
2026-04-07T20:00:00+00:00,REDUSDT
2026-04-07T23:00:00+00:00,DOTUSDT
2026-04-07T23:15:00+00:00,MONUSDT
2026-04-07T23:30:00+00:00,AAVEUSDT
2026-04-07T23:30:00+00:00,AVAXUSDT
2026-04-08T00:45:00+00:00,INUSDT
2026-04-08T03:30:00+00:00,PENDLEUSDT
2026-04-08T07:30:00+00:00,HBARUSDT
2026-04-08T07:30:00+00:00,PYTHUSDT
2026-04-08T08:45:00+00:00,KAITOUSDT
2026-04-08T08:45:00+00:00,OPENUSDT
2026-04-08T09:00:00+00:00,IDUSDT
2026-04-08T11:30:00+00:00,1000SHIBUSDT
2026-04-08T13:30:00+00:00,MONUSDT
2026-04-08T13:45:00+00:00,INUSDT
2026-04-08T14:30:00+00:00,1000BONKUSDT
2026-04-08T14:30:00+00:00,AAVEUSDT
2026-04-08T14:30:00+00:00,SUIUSDT
2026-04-08T14:45:00+00:00,STXUSDT
2026-04-08T15:30:00+00:00,JUPUSDT
2026-04-08T18:15:00+00:00,MONUSDT
2026-04-08T18:45:00+00:00,ZROUSDT
2026-04-08T22:15:00+00:00,WLFIUSDT
2026-04-09T00:00:00+00:00,ARBUSDT
2026-04-09T00:00:00+00:00,POLUSDT
2026-04-09T00:00:00+00:00,SANDUSDT
2026-04-09T00:30:00+00:00,MONUSDT
2026-04-09T01:00:00+00:00,INUSDT
2026-04-09T04:00:00+00:00,FFUSDT
2026-04-09T06:15:00+00:00,INUSDT
2026-04-09T08:45:00+00:00,SOONUSDT
2026-04-09T10:00:00+00:00,AIUSDT
2026-04-09T11:00:00+00:00,KAITOUSDT
2026-04-09T13:45:00+00:00,BCHUSDT
2026-04-09T14:00:00+00:00,IRYSUSDT
2026-04-09T22:15:00+00:00,WLFIUSDT
2026-04-09T22:45:00+00:00,PYTHUSDT
2026-04-09T23:30:00+00:00,MONUSDT
2026-04-09T23:30:00+00:00,TAOUSDT
2026-04-10T00:00:00+00:00,KAITOUSDT
2026-04-10T00:15:00+00:00,HOLOUSDT
2026-04-10T01:45:00+00:00,AWEUSDT
2026-04-10T03:30:00+00:00,ELSAUSDT
2026-04-10T03:45:00+00:00,HBARUSDT
2026-04-10T03:45:00+00:00,TAOUSDT
2026-04-10T06:30:00+00:00,MONUSDT
2026-04-10T06:30:00+00:00,STXUSDT
2026-04-10T07:45:00+00:00,AWEUSDT
2026-04-10T07:45:00+00:00,WLFIUSDT
2026-04-10T08:00:00+00:00,PENGUUSDT
2026-04-10T08:00:00+00:00,POLUSDT
2026-04-10T12:30:00+00:00,WLFIUSDT
2026-04-10T15:00:00+00:00,POLUSDT
2026-04-10T15:45:00+00:00,SOONUSDT
2026-04-10T18:30:00+00:00,SKRUSDT
2026-04-10T19:15:00+00:00,FFUSDT
2026-04-10T19:15:00+00:00,WLFIUSDT
2026-04-10T20:00:00+00:00,SOONUSDT
2026-04-10T20:15:00+00:00,AVNTUSDT
2026-04-10T20:45:00+00:00,SPKUSDT
2026-04-10T23:00:00+00:00,IRYSUSDT
2026-04-11T00:00:00+00:00,ARBUSDT
2026-04-11T00:00:00+00:00,ZAMAUSDT
2026-04-11T00:30:00+00:00,FFUSDT
2026-04-11T00:30:00+00:00,HYPERUSDT
2026-04-11T01:00:00+00:00,SOONUSDT
2026-04-11T01:15:00+00:00,MIRAUSDT
2026-04-11T02:45:00+00:00,IDUSDT
2026-04-11T04:15:00+00:00,ARBUSDT
2026-04-11T04:30:00+00:00,ZAMAUSDT
2026-04-11T05:00:00+00:00,SOONUSDT
2026-04-11T05:45:00+00:00,WLFIUSDT
2026-04-11T06:45:00+00:00,MMTUSDT
2026-04-11T07:00:00+00:00,COWUSDT
2026-04-11T07:15:00+00:00,IDUSDT
2026-04-11T09:30:00+00:00,SOONUSDT
2026-04-11T11:30:00+00:00,IDUSDT
2026-04-11T11:45:00+00:00,COWUSDT
2026-04-11T16:00:00+00:00,CCUSDT
2026-04-11T17:00:00+00:00,SOONUSDT
2026-04-11T23:00:00+00:00,SOONUSDT
2026-04-12T00:45:00+00:00,IDUSDT
2026-04-12T01:30:00+00:00,1000BONKUSDT
2026-04-12T01:30:00+00:00,1000PEPEUSDT
2026-04-12T01:30:00+00:00,1000SHIBUSDT
2026-04-12T01:30:00+00:00,AAVEUSDT
2026-04-12T01:30:00+00:00,APTUSDT
2026-04-12T01:30:00+00:00,AVAXUSDT
2026-04-12T01:30:00+00:00,BCHUSDT
2026-04-12T01:30:00+00:00,ENSUSDT
2026-04-12T01:30:00+00:00,ETCUSDT
2026-04-12T01:30:00+00:00,FILUSDT
2026-04-12T01:30:00+00:00,HBARUSDT
2026-04-12T01:30:00+00:00,LINKUSDT
2026-04-12T01:30:00+00:00,LSKUSDT
2026-04-12T01:30:00+00:00,MONUSDT
2026-04-12T01:30:00+00:00,NEARUSDT
2026-04-12T01:30:00+00:00,PENDLEUSDT
2026-04-12T01:30:00+00:00,PENGUUSDT
2026-04-12T01:30:00+00:00,PUMPUSDT
2026-04-12T01:30:00+00:00,RENDERUSDT
2026-04-12T01:30:00+00:00,SANDUSDT
2026-04-12T01:30:00+00:00,SEIUSDT
2026-04-12T01:30:00+00:00,SOPHUSDT
2026-04-12T01:30:00+00:00,STXUSDT
2026-04-12T01:30:00+00:00,SUIUSDT
2026-04-12T01:30:00+00:00,UNIUSDT
2026-04-12T01:30:00+00:00,VIRTUALUSDT
2026-04-12T01:30:00+00:00,VVVUSDT
2026-04-12T01:30:00+00:00,WLFIUSDT
2026-04-12T01:45:00+00:00,ZAMAUSDT
2026-04-12T04:30:00+00:00,SOONUSDT
2026-04-12T08:45:00+00:00,PIEVERSEUSDT
2026-04-12T09:30:00+00:00,IDUSDT
2026-04-12T10:45:00+00:00,AVNTUSDT
2026-04-12T12:45:00+00:00,AWEUSDT
2026-04-12T13:15:00+00:00,0GUSDT
2026-04-12T13:30:00+00:00,MONUSDT
2026-04-12T14:45:00+00:00,PIEVERSEUSDT
2026-04-12T17:15:00+00:00,0GUSDT
2026-04-12T18:30:00+00:00,MANTRAUSDT
2026-04-12T22:00:00+00:00,POLUSDT
2026-04-13T00:00:00+00:00,0GUSDT
2026-04-13T00:15:00+00:00,IDUSDT
2026-04-13T00:30:00+00:00,PLUMEUSDT
2026-04-13T02:45:00+00:00,IRYSUSDT
2026-04-13T04:30:00+00:00,0GUSDT
2026-04-13T04:45:00+00:00,DOTUSDT
2026-04-13T05:30:00+00:00,AAVEUSDT
2026-04-13T06:45:00+00:00,MIRAUSDT
2026-04-13T07:30:00+00:00,IRYSUSDT
2026-04-13T08:15:00+00:00,PIEVERSEUSDT
2026-04-13T12:00:00+00:00,HOLOUSDT
2026-04-13T12:15:00+00:00,TREEUSDT
2026-04-13T14:00:00+00:00,IRYSUSDT
2026-04-13T14:00:00+00:00,VVVUSDT
2026-04-13T14:30:00+00:00,FLOCKUSDT
2026-04-13T17:00:00+00:00,PIEVERSEUSDT
2026-04-13T17:15:00+00:00,HOLOUSDT
2026-04-13T22:45:00+00:00,PLUMEUSDT
2026-04-14T00:00:00+00:00,1000BONKUSDT
2026-04-14T00:15:00+00:00,AAVEUSDT
2026-04-14T00:15:00+00:00,HOLOUSDT
2026-04-14T00:15:00+00:00,INUSDT
2026-04-14T00:30:00+00:00,CCUSDT
2026-04-14T01:30:00+00:00,IRYSUSDT
2026-04-14T03:45:00+00:00,ZBTUSDT
2026-04-14T04:30:00+00:00,OPENUSDT
2026-04-14T05:15:00+00:00,CCUSDT
2026-04-14T05:15:00+00:00,PLUMEUSDT
2026-04-14T05:45:00+00:00,ZAMAUSDT
2026-04-14T07:00:00+00:00,MMTUSDT
2026-04-14T07:30:00+00:00,IRYSUSDT
2026-04-14T07:45:00+00:00,FLOCKUSDT
2026-04-14T07:45:00+00:00,TREEUSDT
2026-04-14T10:00:00+00:00,PLUMEUSDT
2026-04-14T10:30:00+00:00,KAITOUSDT
2026-04-14T10:30:00+00:00,ZAMAUSDT
2026-04-14T10:45:00+00:00,INUSDT
2026-04-14T12:30:00+00:00,HYPERUSDT
2026-04-14T12:45:00+00:00,CCUSDT
2026-04-14T12:45:00+00:00,ZKPUSDT
2026-04-14T14:15:00+00:00,BARDUSDT
2026-04-14T14:30:00+00:00,ZAMAUSDT
2026-04-14T14:45:00+00:00,ELSAUSDT
2026-04-14T14:45:00+00:00,INUSDT
2026-04-14T15:00:00+00:00,PLUMEUSDT
2026-04-14T15:30:00+00:00,COWUSDT
2026-04-14T15:45:00+00:00,LSKUSDT
2026-04-14T16:45:00+00:00,CCUSDT
2026-04-14T16:45:00+00:00,IRYSUSDT
2026-04-14T16:45:00+00:00,PUMPUSDT
2026-04-14T16:45:00+00:00,VVVUSDT
2026-04-14T17:45:00+00:00,BIOUSDT
2026-04-14T18:30:00+00:00,INJUSDT
2026-04-14T18:45:00+00:00,1000SHIBUSDT
2026-04-14T19:30:00+00:00,INUSDT
2026-04-14T19:45:00+00:00,KAITOUSDT
2026-04-15T00:30:00+00:00,HOLOUSDT
2026-04-15T01:15:00+00:00,PLUMEUSDT
2026-04-15T01:30:00+00:00,INUSDT
2026-04-15T06:00:00+00:00,BIOUSDT
2026-04-15T06:00:00+00:00,LSKUSDT
2026-04-15T06:15:00+00:00,CCUSDT
2026-04-15T07:00:00+00:00,INUSDT
2026-04-15T07:00:00+00:00,MIRAUSDT
2026-04-15T07:45:00+00:00,OPENUSDT
2026-04-15T09:45:00+00:00,ERAUSDT
2026-04-15T10:15:00+00:00,CCUSDT
2026-04-15T11:00:00+00:00,BIOUSDT
2026-04-15T12:00:00+00:00,FLOCKUSDT
2026-04-15T12:45:00+00:00,INUSDT
2026-04-15T13:00:00+00:00,WLFIUSDT
2026-04-15T15:45:00+00:00,BIOUSDT
2026-04-15T16:45:00+00:00,AAVEUSDT
2026-04-15T17:30:00+00:00,CHZUSDT
2026-04-15T20:45:00+00:00,DEEPUSDT
2026-04-15T21:45:00+00:00,BIOUSDT
2026-04-15T22:00:00+00:00,INJUSDT
2026-04-16T00:00:00+00:00,HBARUSDT
2026-04-16T00:15:00+00:00,APTUSDT
2026-04-16T00:45:00+00:00,TRUMPUSDT
2026-04-16T01:15:00+00:00,FLOCKUSDT
2026-04-16T02:45:00+00:00,BIOUSDT
2026-04-16T03:15:00+00:00,STXUSDT
2026-04-16T04:45:00+00:00,AAVEUSDT
2026-04-16T05:15:00+00:00,SIGNUSDT
2026-04-16T08:00:00+00:00,BIOUSDT
2026-04-16T08:30:00+00:00,DEEPUSDT
2026-04-16T09:00:00+00:00,ERAUSDT
2026-04-16T09:15:00+00:00,COWUSDT
2026-04-16T09:30:00+00:00,AIUSDT
2026-04-16T09:30:00+00:00,STXUSDT
2026-04-16T10:15:00+00:00,1000PEPEUSDT
2026-04-16T11:00:00+00:00,SIGNUSDT
2026-04-16T12:45:00+00:00,DEEPUSDT
2026-04-16T13:15:00+00:00,BIOUSDT
2026-04-16T13:45:00+00:00,1000BONKUSDT
2026-04-16T13:45:00+00:00,1000SHIBUSDT
2026-04-16T13:45:00+00:00,AAVEUSDT
2026-04-16T13:45:00+00:00,APTUSDT
2026-04-16T13:45:00+00:00,ARBUSDT
2026-04-16T13:45:00+00:00,AVNTUSDT
2026-04-16T13:45:00+00:00,AXSUSDT
2026-04-16T13:45:00+00:00,CHZUSDT
2026-04-16T13:45:00+00:00,DOTUSDT
2026-04-16T13:45:00+00:00,ENSUSDT
2026-04-16T13:45:00+00:00,ETCUSDT
2026-04-16T13:45:00+00:00,FILUSDT
2026-04-16T13:45:00+00:00,INJUSDT
2026-04-16T13:45:00+00:00,LINKUSDT
2026-04-16T13:45:00+00:00,LSKUSDT
2026-04-16T13:45:00+00:00,MONUSDT
2026-04-16T13:45:00+00:00,PENDLEUSDT
2026-04-16T13:45:00+00:00,PENGUUSDT
2026-04-16T13:45:00+00:00,POLUSDT
2026-04-16T13:45:00+00:00,PUMPUSDT
2026-04-16T13:45:00+00:00,RENDERUSDT
2026-04-16T13:45:00+00:00,SANDUSDT
2026-04-16T13:45:00+00:00,STXUSDT
2026-04-16T13:45:00+00:00,SUIUSDT
2026-04-16T13:45:00+00:00,TRUMPUSDT
2026-04-16T13:45:00+00:00,UNIUSDT
2026-04-16T13:45:00+00:00,VIRTUALUSDT
2026-04-16T15:00:00+00:00,SIGNUSDT
2026-04-16T15:45:00+00:00,COWUSDT
2026-04-16T19:45:00+00:00,SIGNUSDT
2026-04-16T21:15:00+00:00,AAVEUSDT
2026-04-17T00:45:00+00:00,LAYERUSDT
2026-04-17T01:15:00+00:00,BIGTIMEUSDT
2026-04-17T03:00:00+00:00,ZORAUSDT
2026-04-17T04:30:00+00:00,BERAUSDT
2026-04-17T05:00:00+00:00,BIRBUSDT
2026-04-17T05:00:00+00:00,MEGAUSDT
2026-04-17T05:15:00+00:00,BIGTIMEUSDT
2026-04-17T05:45:00+00:00,SOONUSDT
2026-04-17T06:00:00+00:00,LAYERUSDT
2026-04-17T08:00:00+00:00,TRXUSDT
2026-04-17T08:30:00+00:00,VANAUSDT
2026-04-17T09:00:00+00:00,MMTUSDT
2026-04-17T09:15:00+00:00,SPKUSDT
2026-04-17T10:00:00+00:00,PENDLEUSDT
2026-04-17T10:30:00+00:00,NEARUSDT
2026-04-17T12:15:00+00:00,IRYSUSDT
2026-04-17T13:15:00+00:00,UNIUSDT
2026-04-17T13:45:00+00:00,MEGAUSDT
2026-04-17T13:45:00+00:00,WLFIUSDT
2026-04-17T14:00:00+00:00,PENDLEUSDT
2026-04-17T15:30:00+00:00,BIGTIMEUSDT
2026-04-17T15:30:00+00:00,SOONUSDT
2026-04-17T18:00:00+00:00,LSKUSDT
2026-04-17T18:00:00+00:00,PENDLEUSDT
2026-04-17T18:00:00+00:00,PYTHUSDT
2026-04-17T18:45:00+00:00,MEGAUSDT
2026-04-17T19:00:00+00:00,STXUSDT
2026-04-17T20:30:00+00:00,OPENUSDT
2026-04-17T22:45:00+00:00,PENDLEUSDT
2026-04-17T23:30:00+00:00,XPLUSDT
2026-04-17T23:45:00+00:00,SOONUSDT
2026-04-18T00:00:00+00:00,ELSAUSDT
2026-04-18T00:00:00+00:00,VANAUSDT
2026-04-18T00:15:00+00:00,MEGAUSDT
2026-04-18T05:00:00+00:00,MEGAUSDT
2026-04-18T06:00:00+00:00,AIUSDT
2026-04-18T06:00:00+00:00,BIGTIMEUSDT
2026-04-18T08:15:00+00:00,AXSUSDT
2026-04-18T08:15:00+00:00,SANDUSDT
2026-04-18T08:15:00+00:00,TRUMPUSDT
2026-04-18T08:30:00+00:00,AVNTUSDT
2026-04-18T10:00:00+00:00,ENSUSDT
2026-04-18T10:00:00+00:00,LSKUSDT
2026-04-18T10:00:00+00:00,MOVEUSDT
2026-04-18T10:00:00+00:00,VIRTUALUSDT
2026-04-18T10:15:00+00:00,PIEVERSEUSDT
2026-04-18T10:30:00+00:00,PENDLEUSDT
2026-04-18T10:45:00+00:00,BIGTIMEUSDT
2026-04-18T11:00:00+00:00,PUMPUSDT
2026-04-18T11:00:00+00:00,ZILUSDT
2026-04-18T11:30:00+00:00,AIUSDT
2026-04-18T15:30:00+00:00,MEUSDT
2026-04-18T16:15:00+00:00,AVNTUSDT
2026-04-18T16:30:00+00:00,BIGTIMEUSDT
2026-04-18T17:00:00+00:00,AXSUSDT
2026-04-18T17:00:00+00:00,ENSUSDT
2026-04-18T17:00:00+00:00,SANDUSDT
2026-04-18T18:30:00+00:00,AAVEUSDT
2026-04-18T18:30:00+00:00,MOVEUSDT
2026-04-18T18:45:00+00:00,SPKUSDT
2026-04-18T19:30:00+00:00,SKRUSDT
2026-04-18T22:15:00+00:00,PIEVERSEUSDT
2026-04-18T22:30:00+00:00,AAVEUSDT
2026-04-18T23:30:00+00:00,MOVEUSDT
2026-04-19T00:00:00+00:00,ZROUSDT
2026-04-19T00:15:00+00:00,CFGUSDT
2026-04-19T01:30:00+00:00,1000XECUSDT
2026-04-19T01:45:00+00:00,TREEUSDT
2026-04-19T02:00:00+00:00,SANDUSDT
2026-04-19T02:00:00+00:00,STXUSDT
2026-04-19T02:15:00+00:00,ERAUSDT
2026-04-19T02:15:00+00:00,MEGAUSDT
2026-04-19T03:00:00+00:00,PIEVERSEUSDT
2026-04-19T04:30:00+00:00,AAVEUSDT
2026-04-19T05:15:00+00:00,MOVEUSDT
2026-04-19T06:00:00+00:00,SPKUSDT
2026-04-19T06:15:00+00:00,ZROUSDT
2026-04-19T06:30:00+00:00,VANAUSDT
2026-04-19T07:00:00+00:00,BCHUSDT
2026-04-19T08:30:00+00:00,AAVEUSDT
2026-04-19T11:00:00+00:00,PIEVERSEUSDT
2026-04-19T11:15:00+00:00,SPKUSDT
2026-04-19T11:15:00+00:00,TRXUSDT
2026-04-19T12:00:00+00:00,ZROUSDT
2026-04-19T14:30:00+00:00,CFGUSDT
2026-04-19T15:00:00+00:00,MOVEUSDT
2026-04-19T15:15:00+00:00,SPKUSDT
2026-04-19T16:00:00+00:00,1000SHIBUSDT
2026-04-19T16:15:00+00:00,PIEVERSEUSDT
2026-04-19T17:00:00+00:00,TRXUSDT
2026-04-19T18:00:00+00:00,MONUSDT
2026-04-19T20:00:00+00:00,PENDLEUSDT
2026-04-19T20:45:00+00:00,MOVEUSDT
2026-04-19T20:45:00+00:00,PIEVERSEUSDT
2026-04-19T22:00:00+00:00,BERAUSDT
2026-04-19T22:00:00+00:00,DOTUSDT
2026-04-19T22:00:00+00:00,ETCUSDT
2026-04-19T23:00:00+00:00,TRXUSDT
2026-04-20T00:45:00+00:00,PIEVERSEUSDT
2026-04-20T02:00:00+00:00,PLUMEUSDT
2026-04-20T04:00:00+00:00,IRYSUSDT
2026-04-20T04:15:00+00:00,SPKUSDT
2026-04-20T05:00:00+00:00,AWEUSDT
2026-04-20T05:30:00+00:00,ZROUSDT
2026-04-20T05:45:00+00:00,PIEVERSEUSDT
2026-04-20T08:45:00+00:00,SPKUSDT
2026-04-20T09:30:00+00:00,ZROUSDT
2026-04-20T10:00:00+00:00,FLOCKUSDT
2026-04-20T10:30:00+00:00,CHZUSDT
2026-04-20T11:45:00+00:00,PIEVERSEUSDT
2026-04-20T12:45:00+00:00,SPKUSDT
2026-04-20T14:00:00+00:00,MEGAUSDT
2026-04-20T14:45:00+00:00,CCUSDT
2026-04-20T14:45:00+00:00,PENGUUSDT
2026-04-20T15:00:00+00:00,AAVEUSDT
2026-04-20T15:00:00+00:00,IRYSUSDT
2026-04-20T17:00:00+00:00,SPKUSDT
2026-04-20T18:30:00+00:00,IDUSDT
2026-04-20T18:30:00+00:00,PIEVERSEUSDT
2026-04-20T21:00:00+00:00,AAVEUSDT
2026-04-20T23:00:00+00:00,ZROUSDT
2026-04-20T23:30:00+00:00,SPKUSDT
2026-04-21T00:15:00+00:00,CFGUSDT
2026-04-21T04:30:00+00:00,BIRBUSDT
2026-04-21T07:45:00+00:00,CCUSDT
2026-04-21T09:30:00+00:00,PLUMEUSDT
2026-04-21T10:45:00+00:00,FLOCKUSDT
2026-04-21T11:00:00+00:00,ENSUSDT
2026-04-21T11:00:00+00:00,SPKUSDT
2026-04-21T12:30:00+00:00,LINKUSDT
2026-04-21T12:30:00+00:00,NEARUSDT
2026-04-21T13:00:00+00:00,ATOMUSDT
2026-04-21T15:15:00+00:00,ERAUSDT
2026-04-21T16:00:00+00:00,CHZUSDT
2026-04-21T17:15:00+00:00,ATOMUSDT
2026-04-21T19:30:00+00:00,WUSDT
2026-04-21T20:45:00+00:00,AWEUSDT
2026-04-22T05:30:00+00:00,SEIUSDT
2026-04-22T05:45:00+00:00,PUMPUSDT
2026-04-22T07:15:00+00:00,WUSDT
2026-04-22T07:30:00+00:00,HOLOUSDT
2026-04-22T09:30:00+00:00,AVNTUSDT
2026-04-22T10:00:00+00:00,TRUMPUSDT
2026-04-22T10:30:00+00:00,SPKUSDT
2026-04-22T11:15:00+00:00,APTUSDT
2026-04-22T11:15:00+00:00,PENGUUSDT
2026-04-22T13:30:00+00:00,HOLOUSDT
2026-04-22T13:30:00+00:00,PYTHUSDT
2026-04-22T14:00:00+00:00,TRUMPUSDT
2026-04-22T14:15:00+00:00,TRXUSDT
2026-04-22T15:30:00+00:00,AVNTUSDT
2026-04-22T15:30:00+00:00,SPKUSDT
2026-04-22T15:45:00+00:00,DEEPUSDT
2026-04-22T15:45:00+00:00,PENGUUSDT
2026-04-22T16:15:00+00:00,SEIUSDT
2026-04-22T19:30:00+00:00,TRUMPUSDT
2026-04-22T22:00:00+00:00,SPKUSDT
2026-04-23T00:00:00+00:00,ZKPUSDT
2026-04-23T02:00:00+00:00,PENGUUSDT
2026-04-23T02:45:00+00:00,SPKUSDT
2026-04-23T08:00:00+00:00,SPKUSDT
2026-04-23T09:00:00+00:00,PENGUUSDT
2026-04-23T12:00:00+00:00,KATUSDT
2026-04-23T12:15:00+00:00,SPKUSDT
2026-04-23T13:00:00+00:00,MEGAUSDT
2026-04-23T16:00:00+00:00,PLUMEUSDT
2026-04-23T16:30:00+00:00,SPKUSDT
2026-04-23T17:30:00+00:00,ATOMUSDT
2026-04-23T17:30:00+00:00,DOTUSDT
2026-04-23T17:30:00+00:00,ENSUSDT
2026-04-23T17:30:00+00:00,FILUSDT
2026-04-23T17:30:00+00:00,KATUSDT
2026-04-23T17:30:00+00:00,LSKUSDT
2026-04-23T17:30:00+00:00,PENGUUSDT
2026-04-23T17:30:00+00:00,TRUMPUSDT
2026-04-23T17:30:00+00:00,ZORAUSDT
2026-04-23T17:45:00+00:00,APTUSDT
2026-04-23T17:45:00+00:00,AWEUSDT
2026-04-23T17:45:00+00:00,POLUSDT
2026-04-23T22:30:00+00:00,PYTHUSDT
2026-04-24T00:00:00+00:00,FLOCKUSDT
2026-04-24T00:15:00+00:00,ENSOUSDT
2026-04-24T00:30:00+00:00,KATUSDT
2026-04-24T01:15:00+00:00,PLUMEUSDT
2026-04-24T02:00:00+00:00,KAITOUSDT
2026-04-24T02:30:00+00:00,SKRUSDT
2026-04-24T02:45:00+00:00,AWEUSDT
2026-04-24T04:30:00+00:00,KATUSDT
2026-04-24T05:15:00+00:00,ENSUSDT
2026-04-24T06:00:00+00:00,ZKPUSDT
2026-04-24T06:45:00+00:00,SKRUSDT
2026-04-24T07:15:00+00:00,ESPUSDT
2026-04-24T09:00:00+00:00,PENGUUSDT
2026-04-24T10:15:00+00:00,KATUSDT
2026-04-24T10:15:00+00:00,ZKPUSDT
2026-04-24T11:15:00+00:00,AIUSDT
2026-04-24T11:30:00+00:00,ENSUSDT
2026-04-24T11:45:00+00:00,SKRUSDT
2026-04-24T11:45:00+00:00,WLFIUSDT
2026-04-24T14:15:00+00:00,BIRBUSDT
2026-04-24T14:15:00+00:00,TREEUSDT
2026-04-24T14:45:00+00:00,KATUSDT
2026-04-24T15:00:00+00:00,BSBUSDT
2026-04-24T15:15:00+00:00,TRXUSDT
2026-04-24T15:45:00+00:00,VANAUSDT
2026-04-24T17:00:00+00:00,SKRUSDT
2026-04-24T18:00:00+00:00,ENSUSDT
2026-04-24T18:00:00+00:00,TRUMPUSDT
2026-04-24T18:00:00+00:00,WUSDT
2026-04-24T18:30:00+00:00,ZBTUSDT
2026-04-24T18:45:00+00:00,KATUSDT
2026-04-24T21:15:00+00:00,MEUSDT
2026-04-24T21:45:00+00:00,SKRUSDT
2026-04-24T22:30:00+00:00,HBARUSDT
2026-04-24T22:30:00+00:00,TRUMPUSDT
2026-04-24T22:45:00+00:00,KATUSDT
2026-04-24T22:45:00+00:00,ZBTUSDT
2026-04-25T00:00:00+00:00,ELSAUSDT
2026-04-25T00:00:00+00:00,ZAMAUSDT
2026-04-25T00:00:00+00:00,ZKPUSDT
2026-04-25T00:15:00+00:00,SOONUSDT
2026-04-25T00:30:00+00:00,RVNUSDT
2026-04-25T00:30:00+00:00,WUSDT
2026-04-25T01:45:00+00:00,SOPHUSDT
2026-04-25T03:30:00+00:00,BIGTIMEUSDT
2026-04-25T03:45:00+00:00,AXSUSDT
2026-04-25T04:00:00+00:00,BSBUSDT
2026-04-25T04:30:00+00:00,HYPERUSDT
2026-04-25T06:15:00+00:00,SANDUSDT
2026-04-25T06:45:00+00:00,AWEUSDT
2026-04-25T06:45:00+00:00,WUSDT
2026-04-25T07:45:00+00:00,BIGTIMEUSDT
2026-04-25T08:15:00+00:00,KATUSDT
2026-04-25T08:45:00+00:00,AXSUSDT
2026-04-25T08:45:00+00:00,TRXUSDT
2026-04-25T10:15:00+00:00,SANDUSDT
2026-04-25T10:45:00+00:00,HYPERUSDT
2026-04-25T11:00:00+00:00,TRUMPUSDT
2026-04-25T11:00:00+00:00,ZBTUSDT
2026-04-25T11:30:00+00:00,ZKPUSDT
2026-04-25T11:45:00+00:00,AWEUSDT
2026-04-25T12:30:00+00:00,SAHARAUSDT
2026-04-25T12:45:00+00:00,AXSUSDT
2026-04-25T12:45:00+00:00,MIRAUSDT
2026-04-25T13:15:00+00:00,HOLOUSDT
2026-04-25T13:45:00+00:00,PLUMEUSDT
2026-04-25T14:00:00+00:00,ERAUSDT
2026-04-25T14:00:00+00:00,IDUSDT
2026-04-25T14:00:00+00:00,INJUSDT
2026-04-25T14:00:00+00:00,LAUSDT
2026-04-25T14:00:00+00:00,VANAUSDT
2026-04-25T14:30:00+00:00,ENSOUSDT
2026-04-25T15:00:00+00:00,AIUSDT
2026-04-25T15:15:00+00:00,HYPERUSDT
2026-04-25T15:45:00+00:00,ENSUSDT
2026-04-25T15:45:00+00:00,STORJUSDT
2026-04-25T17:00:00+00:00,BSBUSDT
2026-04-25T19:30:00+00:00,HYPERUSDT
2026-04-25T20:15:00+00:00,AXSUSDT
2026-04-25T21:30:00+00:00,ZBTUSDT
2026-04-25T21:45:00+00:00,ENSOUSDT
2026-04-25T23:30:00+00:00,HYPERUSDT
2026-04-26T00:00:00+00:00,LAUSDT
2026-04-26T00:00:00+00:00,SAHARAUSDT
2026-04-26T00:00:00+00:00,SANDUSDT
2026-04-26T00:15:00+00:00,AXSUSDT
2026-04-26T00:30:00+00:00,DOODUSDT
2026-04-26T00:45:00+00:00,ERAUSDT
2026-04-26T00:45:00+00:00,MIRAUSDT
2026-04-26T00:45:00+00:00,OPENUSDT
2026-04-26T01:30:00+00:00,ZBTUSDT
2026-04-26T02:15:00+00:00,BSBUSDT
2026-04-26T04:15:00+00:00,LAYERUSDT
2026-04-26T05:00:00+00:00,JTOUSDT
2026-04-26T05:15:00+00:00,AWEUSDT
2026-04-26T05:30:00+00:00,ELSAUSDT
2026-04-26T05:30:00+00:00,ZBTUSDT
2026-04-26T05:45:00+00:00,ENSOUSDT
2026-04-26T06:15:00+00:00,AVNTUSDT
2026-04-26T06:45:00+00:00,MIRAUSDT
2026-04-26T07:15:00+00:00,BSBUSDT
2026-04-26T07:45:00+00:00,INJUSDT
2026-04-26T08:30:00+00:00,LAYERUSDT
2026-04-26T08:45:00+00:00,OPENUSDT
2026-04-26T09:15:00+00:00,JTOUSDT
2026-04-26T09:15:00+00:00,SAHARAUSDT
2026-04-26T09:45:00+00:00,ZBTUSDT
2026-04-26T10:15:00+00:00,AVNTUSDT
2026-04-26T10:15:00+00:00,ENSOUSDT
2026-04-26T10:45:00+00:00,RENDERUSDT
2026-04-26T11:15:00+00:00,MIRAUSDT
2026-04-26T14:15:00+00:00,ENSOUSDT
2026-04-26T14:45:00+00:00,ZBTUSDT
2026-04-26T15:30:00+00:00,ETHFIUSDT
2026-04-26T18:00:00+00:00,AVNTUSDT
2026-04-26T18:30:00+00:00,SOONUSDT
2026-04-26T19:00:00+00:00,ZBTUSDT
2026-04-26T19:15:00+00:00,OPENUSDT
2026-04-26T20:45:00+00:00,INJUSDT
2026-04-26T21:30:00+00:00,BSVUSDT
2026-04-26T22:15:00+00:00,AVNTUSDT
2026-04-26T23:30:00+00:00,ZBTUSDT
2026-04-26T23:45:00+00:00,ENSOUSDT
2026-04-27T00:00:00+00:00,ZKPUSDT
2026-04-27T00:15:00+00:00,0GUSDT
2026-04-27T00:15:00+00:00,ATHUSDT
2026-04-27T00:15:00+00:00,MANTRAUSDT
2026-04-27T00:15:00+00:00,MIRAUSDT
2026-04-27T00:15:00+00:00,SAHARAUSDT
2026-04-27T01:15:00+00:00,HYPERUSDT
2026-04-27T02:00:00+00:00,PENGUUSDT
2026-04-27T03:45:00+00:00,BSBUSDT
2026-04-27T04:45:00+00:00,JUPUSDT
2026-04-27T05:00:00+00:00,PUMPUSDT
2026-04-27T05:15:00+00:00,1000BONKUSDT
2026-04-27T05:15:00+00:00,1000PEPEUSDT
2026-04-27T05:15:00+00:00,1000SHIBUSDT
2026-04-27T05:15:00+00:00,1000XECUSDT
2026-04-27T05:15:00+00:00,AAVEUSDT
2026-04-27T05:15:00+00:00,ARBUSDT
2026-04-27T05:15:00+00:00,ATOMUSDT
2026-04-27T05:15:00+00:00,ENSUSDT
2026-04-27T05:15:00+00:00,ETCUSDT
2026-04-27T05:15:00+00:00,ETHFIUSDT
2026-04-27T05:15:00+00:00,FILUSDT
2026-04-27T05:15:00+00:00,INJUSDT
2026-04-27T05:15:00+00:00,LAYERUSDT
2026-04-27T05:15:00+00:00,LINKUSDT
2026-04-27T05:15:00+00:00,MANTRAUSDT
2026-04-27T05:15:00+00:00,SANDUSDT
2026-04-27T05:15:00+00:00,SEIUSDT
2026-04-27T05:15:00+00:00,STXUSDT
2026-04-27T05:15:00+00:00,SUIUSDT
2026-04-27T05:15:00+00:00,UNIUSDT
2026-04-27T05:15:00+00:00,VIRTUALUSDT
2026-04-27T05:15:00+00:00,WLFIUSDT
2026-04-27T06:00:00+00:00,ATHUSDT
2026-04-27T06:15:00+00:00,PENGUUSDT
2026-04-27T06:30:00+00:00,AWEUSDT
2026-04-27T08:15:00+00:00,ZORAUSDT
2026-04-27T09:15:00+00:00,TRXUSDT
2026-04-27T10:00:00+00:00,JUPUSDT
2026-04-27T10:45:00+00:00,BSBUSDT
2026-04-27T12:00:00+00:00,DOODUSDT
2026-04-27T14:45:00+00:00,JUPUSDT
2026-04-27T14:45:00+00:00,PENGUUSDT
2026-04-27T15:15:00+00:00,1000BONKUSDT
2026-04-27T15:15:00+00:00,1000PEPEUSDT
2026-04-27T15:15:00+00:00,1000SHIBUSDT
2026-04-27T15:15:00+00:00,AVAXUSDT
2026-04-27T15:15:00+00:00,ENSUSDT
2026-04-27T15:15:00+00:00,ETCUSDT
2026-04-27T15:15:00+00:00,FILUSDT
2026-04-27T15:15:00+00:00,HBARUSDT
2026-04-27T15:15:00+00:00,LINKUSDT
2026-04-27T15:15:00+00:00,LSKUSDT
2026-04-27T15:15:00+00:00,NEARUSDT
2026-04-27T15:15:00+00:00,PUMPUSDT
2026-04-27T15:15:00+00:00,SANDUSDT
2026-04-27T15:15:00+00:00,STXUSDT
2026-04-27T15:15:00+00:00,SUIUSDT
2026-04-27T15:15:00+00:00,TRUMPUSDT
2026-04-27T15:15:00+00:00,UNIUSDT
2026-04-27T15:15:00+00:00,VIRTUALUSDT
2026-04-27T15:15:00+00:00,WLFIUSDT
2026-04-27T15:15:00+00:00,ZILUSDT
2026-04-27T17:00:00+00:00,ZBTUSDT
2026-04-27T18:45:00+00:00,PENGUUSDT
2026-04-27T20:00:00+00:00,MANTRAUSDT
2026-04-27T23:30:00+00:00,JUPUSDT
2026-04-28T02:30:00+00:00,AIUSDT
2026-04-28T05:00:00+00:00,APTUSDT
2026-04-28T05:30:00+00:00,VANAUSDT
2026-04-28T07:15:00+00:00,TRUMPUSDT
2026-04-28T09:00:00+00:00,CHZUSDT
2026-04-28T09:15:00+00:00,OPENUSDT
2026-04-28T09:15:00+00:00,ZKPUSDT
2026-04-28T13:00:00+00:00,MANTRAUSDT
2026-04-28T13:00:00+00:00,ZBTUSDT
2026-04-28T13:15:00+00:00,ZKPUSDT
2026-04-28T15:15:00+00:00,PENGUUSDT
2026-04-28T15:30:00+00:00,NEARUSDT
2026-04-28T17:30:00+00:00,ZKPUSDT
2026-04-28T21:15:00+00:00,PUMPUSDT
2026-04-28T22:30:00+00:00,BIRBUSDT
2026-04-28T23:00:00+00:00,ZKPUSDT
2026-04-29T01:00:00+00:00,OPENUSDT
2026-04-29T01:30:00+00:00,PUMPUSDT
2026-04-29T07:45:00+00:00,AKTUSDT
2026-04-29T08:00:00+00:00,APTUSDT
2026-04-29T08:15:00+00:00,MANTRAUSDT
2026-04-29T09:15:00+00:00,TRXUSDT
2026-04-29T10:15:00+00:00,1000SHIBUSDT
2026-04-29T10:30:00+00:00,1000PEPEUSDT
2026-04-29T11:30:00+00:00,FILUSDT
2026-04-29T12:00:00+00:00,1000BONKUSDT
2026-04-29T12:00:00+00:00,TRUMPUSDT
2026-04-29T12:15:00+00:00,PENGUUSDT
2026-04-29T14:00:00+00:00,WLFIUSDT
2026-04-29T15:00:00+00:00,1000PEPEUSDT
2026-04-29T15:00:00+00:00,1000SHIBUSDT
2026-04-29T15:00:00+00:00,PUMPUSDT
2026-04-29T15:00:00+00:00,RENDERUSDT
2026-04-29T15:00:00+00:00,SANDUSDT
2026-04-29T15:00:00+00:00,ZORAUSDT
2026-04-29T15:15:00+00:00,BSBUSDT
2026-04-29T15:30:00+00:00,FILUSDT
2026-04-29T16:30:00+00:00,ETCUSDT
2026-04-29T16:45:00+00:00,PENGUUSDT
2026-04-29T17:30:00+00:00,CHZUSDT
2026-04-29T18:00:00+00:00,1000BONKUSDT
2026-04-29T18:00:00+00:00,1000XECUSDT
2026-04-29T18:00:00+00:00,AKTUSDT
2026-04-29T18:00:00+00:00,APTUSDT
2026-04-29T18:00:00+00:00,ARBUSDT
2026-04-29T18:00:00+00:00,ATOMUSDT
2026-04-29T18:00:00+00:00,AVAXUSDT
2026-04-29T18:00:00+00:00,BCHUSDT
2026-04-29T18:00:00+00:00,DOTUSDT
2026-04-29T18:00:00+00:00,ENSUSDT
2026-04-29T18:00:00+00:00,ETHFIUSDT
2026-04-29T18:00:00+00:00,HBARUSDT
2026-04-29T18:00:00+00:00,JUPUSDT
2026-04-29T18:00:00+00:00,LINKUSDT
2026-04-29T18:00:00+00:00,LSKUSDT
2026-04-29T18:00:00+00:00,MANTRAUSDT
2026-04-29T18:00:00+00:00,NEARUSDT
2026-04-29T18:00:00+00:00,POLUSDT
2026-04-29T18:00:00+00:00,SEIUSDT
2026-04-29T18:00:00+00:00,STORJUSDT
2026-04-29T18:00:00+00:00,SUIUSDT
2026-04-29T18:00:00+00:00,TRUMPUSDT
2026-04-29T18:00:00+00:00,UNIUSDT
2026-04-29T18:00:00+00:00,VIRTUALUSDT
2026-04-29T18:00:00+00:00,WUSDT
2026-04-29T18:00:00+00:00,ZILUSDT
2026-04-29T18:00:00+00:00,ZROUSDT
2026-04-29T19:30:00+00:00,MONUSDT
2026-04-30T02:30:00+00:00,APTUSDT
2026-04-30T02:30:00+00:00,VIRTUALUSDT
2026-04-30T02:45:00+00:00,MEGAUSDT
2026-04-30T05:15:00+00:00,OPENUSDT
2026-04-30T07:15:00+00:00,BSBUSDT
2026-04-30T08:45:00+00:00,KAITOUSDT
2026-04-30T09:15:00+00:00,MEGAUSDT
2026-04-30T09:30:00+00:00,AWEUSDT
2026-04-30T10:00:00+00:00,BIOUSDT
2026-04-30T10:45:00+00:00,PLUMEUSDT
2026-04-30T12:45:00+00:00,ELSAUSDT
2026-04-30T14:15:00+00:00,APTUSDT
2026-04-30T15:30:00+00:00,MEGAUSDT
2026-04-30T21:15:00+00:00,MEGAUSDT
2026-04-30T22:30:00+00:00,MANTRAUSDT
2026-05-01T00:30:00+00:00,ENSOUSDT
2026-05-01T00:45:00+00:00,PENDLEUSDT
2026-05-01T01:45:00+00:00,LAUSDT
2026-05-01T04:30:00+00:00,OPENUSDT
2026-05-01T06:30:00+00:00,PENDLEUSDT
2026-05-01T09:45:00+00:00,OPENUSDT
2026-05-01T09:45:00+00:00,WLFIUSDT
2026-05-01T10:00:00+00:00,TRUMPUSDT
2026-05-01T10:30:00+00:00,PENDLEUSDT
2026-05-01T11:00:00+00:00,MEGAUSDT
2026-05-01T12:45:00+00:00,LAUSDT
2026-05-01T14:30:00+00:00,DOTUSDT
2026-05-01T14:30:00+00:00,PENDLEUSDT
2026-05-01T15:30:00+00:00,MANTRAUSDT
2026-05-01T18:00:00+00:00,IRYSUSDT
2026-05-01T19:30:00+00:00,ATOMUSDT
2026-05-01T19:30:00+00:00,PENDLEUSDT
2026-05-01T22:45:00+00:00,AKTUSDT
2026-05-02T02:45:00+00:00,TRUMPUSDT
2026-05-02T04:45:00+00:00,AWEUSDT
2026-05-02T06:00:00+00:00,MANTRAUSDT
2026-05-02T06:45:00+00:00,IRYSUSDT
2026-05-02T10:00:00+00:00,MANTRAUSDT
2026-05-02T13:45:00+00:00,BIOUSDT
2026-05-03T00:15:00+00:00,AWEUSDT
2026-05-03T00:15:00+00:00,LAUSDT
2026-05-03T01:45:00+00:00,APTUSDT
2026-05-03T03:00:00+00:00,AKTUSDT
2026-05-03T05:45:00+00:00,TRXUSDT
2026-05-03T06:00:00+00:00,OPENUSDT
2026-05-03T06:15:00+00:00,CHZUSDT
2026-05-03T07:15:00+00:00,AKTUSDT
2026-05-03T10:45:00+00:00,ARBUSDT
2026-05-03T11:15:00+00:00,AKTUSDT
2026-05-03T15:30:00+00:00,AKTUSDT
2026-05-03T16:30:00+00:00,JTOUSDT
2026-05-03T17:00:00+00:00,WLFIUSDT
2026-05-03T22:00:00+00:00,POLUSDT
2026-05-03T23:15:00+00:00,AKTUSDT
2026-05-04T00:00:00+00:00,MANTRAUSDT
2026-05-04T00:00:00+00:00,OPENUSDT
2026-05-04T01:00:00+00:00,COWUSDT
2026-05-04T01:30:00+00:00,JTOUSDT
2026-05-04T01:30:00+00:00,SAHARAUSDT
2026-05-04T02:00:00+00:00,PENGUUSDT
2026-05-04T09:45:00+00:00,LINKUSDT
2026-05-04T10:00:00+00:00,1000BONKUSDT
2026-05-04T10:00:00+00:00,1000PEPEUSDT
2026-05-04T10:00:00+00:00,1000SHIBUSDT
2026-05-04T10:00:00+00:00,1000XECUSDT
2026-05-04T10:00:00+00:00,AAVEUSDT
2026-05-04T10:00:00+00:00,APTUSDT
2026-05-04T10:00:00+00:00,ARBUSDT
2026-05-04T10:00:00+00:00,ATHUSDT
2026-05-04T10:00:00+00:00,ATOMUSDT
2026-05-04T10:00:00+00:00,AVAXUSDT
2026-05-04T10:00:00+00:00,BCHUSDT
2026-05-04T10:00:00+00:00,CHZUSDT
2026-05-04T10:00:00+00:00,DOTUSDT
2026-05-04T10:00:00+00:00,ENSUSDT
2026-05-04T10:00:00+00:00,ETCUSDT
2026-05-04T10:00:00+00:00,ETHFIUSDT
2026-05-04T10:00:00+00:00,FILUSDT
2026-05-04T10:00:00+00:00,HBARUSDT
2026-05-04T10:00:00+00:00,INJUSDT
2026-05-04T10:00:00+00:00,NEARUSDT
2026-05-04T10:00:00+00:00,PENDLEUSDT
2026-05-04T10:00:00+00:00,PENGUUSDT
2026-05-04T10:00:00+00:00,PUMPUSDT
2026-05-04T10:00:00+00:00,RENDERUSDT
2026-05-04T10:00:00+00:00,SANDUSDT
2026-05-04T10:00:00+00:00,SEIUSDT
2026-05-04T10:00:00+00:00,STXUSDT
2026-05-04T10:00:00+00:00,SUIUSDT
2026-05-04T10:00:00+00:00,UNIUSDT
2026-05-04T10:00:00+00:00,VIRTUALUSDT
2026-05-04T10:00:00+00:00,XPLUSDT
2026-05-04T10:00:00+00:00,ZILUSDT
2026-05-04T12:15:00+00:00,TRXUSDT
2026-05-04T14:15:00+00:00,ETCUSDT
2026-05-04T15:15:00+00:00,ENSUSDT
2026-05-04T16:00:00+00:00,PENDLEUSDT
2026-05-04T18:15:00+00:00,WLFIUSDT
2026-05-04T19:00:00+00:00,BSBUSDT
2026-05-04T20:00:00+00:00,STXUSDT
2026-05-04T22:15:00+00:00,NEARUSDT
2026-05-05T00:15:00+00:00,AKTUSDT
2026-05-05T04:45:00+00:00,IDUSDT
2026-05-05T05:30:00+00:00,ZILUSDT
2026-05-05T06:15:00+00:00,STEEMUSDT
2026-05-05T06:15:00+00:00,STORJUSDT
2026-05-05T06:30:00+00:00,LSKUSDT
2026-05-05T07:00:00+00:00,BIRBUSDT
2026-05-05T09:30:00+00:00,ZILUSDT
2026-05-05T11:15:00+00:00,STEEMUSDT
2026-05-05T12:45:00+00:00,JTOUSDT
2026-05-05T13:15:00+00:00,ETCUSDT
2026-05-05T13:30:00+00:00,ZILUSDT
2026-05-05T14:00:00+00:00,CCUSDT
2026-05-05T14:00:00+00:00,PENGUUSDT
2026-05-05T14:30:00+00:00,POLUSDT
2026-05-05T14:45:00+00:00,CFGUSDT
2026-05-05T15:15:00+00:00,ZORAUSDT
2026-05-05T15:30:00+00:00,STEEMUSDT
2026-05-05T16:15:00+00:00,VIRTUALUSDT
2026-05-05T16:30:00+00:00,ATOMUSDT
2026-05-05T17:00:00+00:00,COWUSDT
2026-05-05T18:45:00+00:00,STXUSDT
2026-05-05T20:15:00+00:00,STORJUSDT
2026-05-05T21:30:00+00:00,PENGUUSDT
2026-05-05T23:00:00+00:00,STXUSDT
2026-05-05T23:15:00+00:00,STEEMUSDT
2026-05-05T23:30:00+00:00,COWUSDT
2026-05-06T00:00:00+00:00,ALGOUSDT
2026-05-06T01:00:00+00:00,PENDLEUSDT
2026-05-06T01:30:00+00:00,ZILUSDT
2026-05-06T01:45:00+00:00,VIRTUALUSDT
2026-05-06T02:00:00+00:00,BSVUSDT
2026-05-06T02:00:00+00:00,FILUSDT
2026-05-06T03:00:00+00:00,JUPUSDT
2026-05-06T03:00:00+00:00,KAITOUSDT
2026-05-06T03:15:00+00:00,STEEMUSDT
2026-05-06T04:00:00+00:00,STORJUSDT
2026-05-06T04:15:00+00:00,ONTUSDT
2026-05-06T05:00:00+00:00,BCHUSDT
2026-05-06T06:00:00+00:00,FILUSDT
2026-05-06T06:00:00+00:00,STXUSDT
2026-05-06T08:15:00+00:00,ATHUSDT
2026-05-06T09:15:00+00:00,LINKUSDT
2026-05-06T09:15:00+00:00,NEARUSDT
2026-05-06T09:30:00+00:00,STORJUSDT
2026-05-06T10:00:00+00:00,DEEPUSDT
2026-05-06T10:30:00+00:00,APTUSDT
2026-05-06T12:00:00+00:00,ZILUSDT
2026-05-06T12:45:00+00:00,VIRTUALUSDT
2026-05-06T13:00:00+00:00,1000BONKUSDT
2026-05-06T13:00:00+00:00,1000PEPEUSDT
2026-05-06T13:00:00+00:00,1000XECUSDT
2026-05-06T13:00:00+00:00,CCUSDT
2026-05-06T13:00:00+00:00,ENSUSDT
2026-05-06T13:00:00+00:00,ETHFIUSDT
2026-05-06T13:00:00+00:00,PENGUUSDT
2026-05-06T13:00:00+00:00,PUMPUSDT
2026-05-06T13:00:00+00:00,RENDERUSDT
2026-05-06T13:00:00+00:00,SUIUSDT
2026-05-06T13:00:00+00:00,UNIUSDT
2026-05-06T13:00:00+00:00,VVVUSDT
2026-05-06T13:15:00+00:00,NEARUSDT
2026-05-06T13:30:00+00:00,STORJUSDT
2026-05-06T13:45:00+00:00,FILUSDT
2026-05-06T13:45:00+00:00,PYTHUSDT
2026-05-06T14:00:00+00:00,1000SHIBUSDT
2026-05-06T14:00:00+00:00,BCHUSDT
2026-05-06T14:00:00+00:00,ETCUSDT
2026-05-06T14:00:00+00:00,XPLUSDT
2026-05-06T14:45:00+00:00,JTOUSDT
2026-05-06T14:45:00+00:00,JUPUSDT
2026-05-06T15:45:00+00:00,ATOMUSDT
2026-05-06T15:45:00+00:00,FLOCKUSDT
2026-05-06T17:30:00+00:00,STXUSDT
2026-05-06T19:15:00+00:00,JTOUSDT
2026-05-06T19:45:00+00:00,VVVUSDT
2026-05-06T21:45:00+00:00,FLOCKUSDT
2026-05-06T22:00:00+00:00,NEARUSDT
2026-05-07T00:00:00+00:00,FILUSDT
2026-05-07T00:00:00+00:00,JTOUSDT
2026-05-07T00:00:00+00:00,LSKUSDT
2026-05-07T00:00:00+00:00,STEEMUSDT
2026-05-07T00:00:00+00:00,VIRTUALUSDT
2026-05-07T00:00:00+00:00,ZILUSDT
2026-05-07T00:45:00+00:00,VVVUSDT
2026-05-07T01:00:00+00:00,ATHUSDT
2026-05-07T01:00:00+00:00,ONTUSDT
2026-05-07T01:00:00+00:00,SEIUSDT
2026-05-07T03:30:00+00:00,VANAUSDT
2026-05-07T05:45:00+00:00,FLOCKUSDT
2026-05-07T05:45:00+00:00,PUMPUSDT
2026-05-07T05:45:00+00:00,STXUSDT
2026-05-07T07:15:00+00:00,SUIUSDT
2026-05-07T08:30:00+00:00,VIRTUALUSDT
2026-05-07T09:15:00+00:00,VVVUSDT
2026-05-07T09:45:00+00:00,VANAUSDT
2026-05-07T11:00:00+00:00,JTOUSDT
2026-05-07T11:15:00+00:00,KITEUSDT
2026-05-07T11:30:00+00:00,FLOCKUSDT
2026-05-07T12:30:00+00:00,WLFIUSDT
2026-05-07T13:00:00+00:00,CFGUSDT
2026-05-07T13:45:00+00:00,BCHUSDT
2026-05-07T14:15:00+00:00,VIRTUALUSDT
2026-05-07T14:30:00+00:00,ETCUSDT
2026-05-07T14:30:00+00:00,LINKUSDT
2026-05-07T14:30:00+00:00,SUIUSDT
2026-05-07T15:15:00+00:00,ATOMUSDT
2026-05-07T15:15:00+00:00,HBARUSDT
2026-05-07T15:15:00+00:00,JTOUSDT
2026-05-07T15:15:00+00:00,JUPUSDT
2026-05-07T15:15:00+00:00,LSKUSDT
2026-05-07T15:15:00+00:00,UNIUSDT
2026-05-07T19:45:00+00:00,JTOUSDT
2026-05-07T20:45:00+00:00,FLOCKUSDT
2026-05-07T21:00:00+00:00,ENSUSDT
2026-05-07T21:00:00+00:00,PUMPUSDT
2026-05-08T00:00:00+00:00,ATOMUSDT
2026-05-08T00:15:00+00:00,GUSDT
2026-05-08T00:15:00+00:00,JTOUSDT
2026-05-08T03:00:00+00:00,1000XECUSDT
2026-05-08T07:30:00+00:00,BSVUSDT
2026-05-08T08:00:00+00:00,INJUSDT
2026-05-08T08:45:00+00:00,TRXUSDT
2026-05-08T09:00:00+00:00,CHZUSDT
2026-05-08T10:00:00+00:00,AWEUSDT
2026-05-08T12:45:00+00:00,FILUSDT
2026-05-08T14:00:00+00:00,KITEUSDT
2026-05-08T14:45:00+00:00,MEGAUSDT
2026-05-08T15:15:00+00:00,UNIUSDT
2026-05-08T15:45:00+00:00,SAHARAUSDT
2026-05-08T17:30:00+00:00,JUPUSDT
2026-05-08T17:45:00+00:00,BSBUSDT
2026-05-08T18:45:00+00:00,PYTHUSDT
2026-05-08T19:30:00+00:00,1000BONKUSDT
2026-05-08T20:45:00+00:00,LAYERUSDT
2026-05-08T21:30:00+00:00,ALGOUSDT
2026-05-09T00:15:00+00:00,VIRTUALUSDT
2026-05-09T00:30:00+00:00,MANTRAUSDT
2026-05-09T01:15:00+00:00,DEEPUSDT
2026-05-09T01:15:00+00:00,SUIUSDT
2026-05-09T03:00:00+00:00,OPENUSDT
2026-05-09T03:00:00+00:00,PLUMEUSDT
2026-05-09T04:15:00+00:00,JUPUSDT
2026-05-09T04:15:00+00:00,RENDERUSDT
2026-05-09T04:15:00+00:00,VVVUSDT
2026-05-09T05:00:00+00:00,PYTHUSDT
2026-05-09T06:15:00+00:00,DEEPUSDT
2026-05-09T06:15:00+00:00,KITEUSDT
2026-05-09T06:15:00+00:00,SEIUSDT
2026-05-09T07:15:00+00:00,PLUMEUSDT
2026-05-09T08:30:00+00:00,SAHARAUSDT
2026-05-09T09:00:00+00:00,SUIUSDT
2026-05-09T09:15:00+00:00,FILUSDT
2026-05-09T09:30:00+00:00,MMTUSDT
2026-05-09T11:30:00+00:00,OPENUSDT
2026-05-09T12:00:00+00:00,PYTHUSDT
2026-05-09T12:30:00+00:00,DEEPUSDT
2026-05-09T13:15:00+00:00,LSKUSDT
2026-05-09T13:30:00+00:00,SAHARAUSDT
2026-05-09T14:15:00+00:00,LAYERUSDT
2026-05-09T15:00:00+00:00,MMTUSDT
2026-05-09T15:15:00+00:00,JUPUSDT
2026-05-09T15:30:00+00:00,WLFIUSDT
2026-05-09T18:00:00+00:00,DOODUSDT
2026-05-09T18:00:00+00:00,SAHARAUSDT
2026-05-09T19:00:00+00:00,LAYERUSDT
2026-05-09T19:30:00+00:00,KITEUSDT
2026-05-09T23:45:00+00:00,LAYERUSDT
2026-05-10T00:00:00+00:00,ATOMUSDT
2026-05-10T00:30:00+00:00,DEEPUSDT
2026-05-10T00:30:00+00:00,SAHARAUSDT
2026-05-10T00:30:00+00:00,SUIUSDT
2026-05-10T01:00:00+00:00,INJUSDT
2026-05-10T01:00:00+00:00,SEIUSDT
2026-05-10T01:15:00+00:00,COWUSDT
2026-05-10T01:15:00+00:00,KITEUSDT
2026-05-10T01:30:00+00:00,ERAUSDT
2026-05-10T02:00:00+00:00,BERAUSDT
2026-05-10T04:15:00+00:00,LAYERUSDT
2026-05-10T04:45:00+00:00,1000XECUSDT
2026-05-10T04:45:00+00:00,BSVUSDT
2026-05-10T05:30:00+00:00,JTOUSDT
2026-05-10T05:45:00+00:00,ENSUSDT
2026-05-10T05:45:00+00:00,ERAUSDT
2026-05-10T06:00:00+00:00,ZORAUSDT
2026-05-10T07:00:00+00:00,MEUSDT
2026-05-10T08:00:00+00:00,CCUSDT
2026-05-10T08:30:00+00:00,SOPHUSDT
2026-05-10T09:45:00+00:00,1000XECUSDT
2026-05-10T10:00:00+00:00,UNIUSDT
2026-05-10T10:45:00+00:00,LAYERUSDT
2026-05-10T11:00:00+00:00,BSVUSDT
2026-05-10T11:00:00+00:00,ERAUSDT
2026-05-10T11:30:00+00:00,DEEPUSDT
2026-05-10T12:00:00+00:00,SUIUSDT
2026-05-10T12:15:00+00:00,HBARUSDT
2026-05-10T13:00:00+00:00,GASUSDT
2026-05-10T13:15:00+00:00,GUSDT
2026-05-10T13:45:00+00:00,PENDLEUSDT
2026-05-10T13:45:00+00:00,TAOUSDT
2026-05-10T14:15:00+00:00,1000XECUSDT
2026-05-10T14:15:00+00:00,ARBUSDT
2026-05-10T14:15:00+00:00,UNIUSDT
2026-05-10T14:15:00+00:00,WUSDT
2026-05-10T15:00:00+00:00,BSVUSDT
2026-05-10T15:30:00+00:00,KITEUSDT
2026-05-10T15:45:00+00:00,LAYERUSDT
2026-05-10T16:00:00+00:00,DEEPUSDT
2026-05-10T16:00:00+00:00,SOPHUSDT
2026-05-10T16:30:00+00:00,ATOMUSDT
2026-05-10T16:30:00+00:00,SUIUSDT
2026-05-10T16:30:00+00:00,VVVUSDT
2026-05-10T17:15:00+00:00,SAHARAUSDT
2026-05-10T17:30:00+00:00,1000PEPEUSDT
2026-05-10T17:30:00+00:00,APTUSDT
2026-05-10T17:30:00+00:00,HBARUSDT
2026-05-10T17:30:00+00:00,SEIUSDT
2026-05-10T18:45:00+00:00,1000BONKUSDT
2026-05-10T19:45:00+00:00,ENSUSDT
2026-05-10T20:30:00+00:00,1000XECUSDT
2026-05-10T20:30:00+00:00,AVAXUSDT
2026-05-10T20:30:00+00:00,DEEPUSDT
2026-05-10T20:30:00+00:00,FILUSDT
2026-05-10T20:30:00+00:00,LINKUSDT
2026-05-10T20:30:00+00:00,NEARUSDT
2026-05-10T20:30:00+00:00,PUMPUSDT
2026-05-10T20:30:00+00:00,SOPHUSDT
2026-05-10T20:30:00+00:00,SUIUSDT
2026-05-10T20:30:00+00:00,UNIUSDT
2026-05-10T20:45:00+00:00,AAVEUSDT
2026-05-10T20:45:00+00:00,AKTUSDT
2026-05-10T20:45:00+00:00,ALGOUSDT
2026-05-10T20:45:00+00:00,CHZUSDT
2026-05-10T20:45:00+00:00,DOTUSDT
2026-05-10T20:45:00+00:00,ETHFIUSDT
2026-05-10T20:45:00+00:00,JUPUSDT
2026-05-10T20:45:00+00:00,LSKUSDT
2026-05-10T20:45:00+00:00,MMTUSDT
2026-05-10T20:45:00+00:00,PENGUUSDT
2026-05-10T20:45:00+00:00,RENDERUSDT
2026-05-10T20:45:00+00:00,SANDUSDT
2026-05-10T20:45:00+00:00,TAOUSDT
2026-05-10T20:45:00+00:00,TRUMPUSDT
2026-05-10T20:45:00+00:00,WUSDT
2026-05-10T20:45:00+00:00,ZROUSDT
2026-05-10T21:00:00+00:00,LAYERUSDT
2026-05-11T00:00:00+00:00,BSVUSDT
2026-05-11T00:00:00+00:00,ETCUSDT
2026-05-11T00:00:00+00:00,GASUSDT
2026-05-11T00:15:00+00:00,ENSUSDT
2026-05-11T02:15:00+00:00,APTUSDT
2026-05-11T02:30:00+00:00,SUIUSDT
2026-05-11T03:00:00+00:00,ALGOUSDT
2026-05-11T03:15:00+00:00,LSKUSDT
2026-05-11T03:30:00+00:00,MOVEUSDT
2026-05-11T04:00:00+00:00,ETHFIUSDT
2026-05-11T04:45:00+00:00,KITEUSDT
2026-05-11T06:30:00+00:00,ENSUSDT
2026-05-11T06:30:00+00:00,SEIUSDT
2026-05-11T06:30:00+00:00,SUIUSDT
2026-05-11T07:30:00+00:00,MOVEUSDT
2026-05-11T07:45:00+00:00,VANAUSDT
2026-05-11T09:00:00+00:00,KITEUSDT
2026-05-11T10:00:00+00:00,MEUSDT
2026-05-11T10:15:00+00:00,ATOMUSDT
2026-05-11T12:00:00+00:00,INJUSDT
2026-05-11T12:45:00+00:00,VVVUSDT
2026-05-11T13:30:00+00:00,JUPUSDT
2026-05-11T13:30:00+00:00,SEIUSDT
2026-05-11T13:30:00+00:00,UNIUSDT
2026-05-11T14:15:00+00:00,SUIUSDT
2026-05-11T14:30:00+00:00,SOPHUSDT
2026-05-11T15:15:00+00:00,KITEUSDT
2026-05-11T17:00:00+00:00,ATHUSDT
2026-05-11T17:30:00+00:00,AKTUSDT
2026-05-11T18:15:00+00:00,1000SHIBUSDT
2026-05-11T20:00:00+00:00,VVVUSDT
2026-05-11T22:30:00+00:00,INJUSDT
2026-05-12T00:00:00+00:00,ATOMUSDT
2026-05-12T00:00:00+00:00,RENDERUSDT
2026-05-12T01:15:00+00:00,KITEUSDT
2026-05-12T01:30:00+00:00,APTUSDT
2026-05-12T01:30:00+00:00,BCHUSDT
2026-05-12T01:30:00+00:00,FILUSDT
2026-05-12T01:30:00+00:00,IRYSUSDT
2026-05-12T01:30:00+00:00,LSKUSDT
2026-05-12T01:30:00+00:00,MEUSDT
2026-05-12T01:30:00+00:00,POLUSDT
2026-05-12T01:30:00+00:00,SEIUSDT
2026-05-12T01:30:00+00:00,UNIUSDT
2026-05-12T01:30:00+00:00,XPLUSDT
2026-05-12T02:45:00+00:00,TRXUSDT
2026-05-12T04:00:00+00:00,PYTHUSDT
2026-05-12T04:15:00+00:00,PENDLEUSDT
2026-05-12T05:30:00+00:00,IRYSUSDT
2026-05-12T05:30:00+00:00,VVVUSDT
2026-05-12T05:45:00+00:00,INJUSDT
2026-05-12T09:15:00+00:00,JUPUSDT
2026-05-12T09:30:00+00:00,IRYSUSDT
2026-05-12T10:30:00+00:00,ATOMUSDT
2026-05-12T10:45:00+00:00,PENDLEUSDT
2026-05-12T11:15:00+00:00,SOPHUSDT
2026-05-12T12:00:00+00:00,KAITOUSDT
2026-05-12T12:30:00+00:00,INJUSDT
2026-05-12T13:45:00+00:00,MANTRAUSDT
2026-05-12T14:30:00+00:00,AAVEUSDT
2026-05-12T14:30:00+00:00,PENGUUSDT
2026-05-12T14:45:00+00:00,AKTUSDT
2026-05-12T15:00:00+00:00,CCUSDT
2026-05-12T15:15:00+00:00,ALGOUSDT
2026-05-12T15:15:00+00:00,LINKUSDT
2026-05-12T18:30:00+00:00,FFUSDT
2026-05-12T18:45:00+00:00,ATOMUSDT
2026-05-12T19:15:00+00:00,NEARUSDT
2026-05-12T21:00:00+00:00,KITEUSDT
2026-05-12T22:00:00+00:00,TRUMPUSDT
2026-05-13T00:45:00+00:00,KAITOUSDT
2026-05-13T01:00:00+00:00,KITEUSDT
2026-05-13T02:30:00+00:00,IRYSUSDT
2026-05-13T03:00:00+00:00,INJUSDT
2026-05-13T05:30:00+00:00,ATOMUSDT
2026-05-13T05:30:00+00:00,TAOUSDT
2026-05-13T06:30:00+00:00,IRYSUSDT
2026-05-13T08:30:00+00:00,INJUSDT
2026-05-13T08:45:00+00:00,FFUSDT
2026-05-13T10:30:00+00:00,KITEUSDT
2026-05-13T11:45:00+00:00,NEARUSDT
2026-05-13T11:45:00+00:00,TRUMPUSDT
2026-05-13T12:15:00+00:00,BERAUSDT
2026-05-13T12:15:00+00:00,SOPHUSDT
2026-05-13T12:30:00+00:00,1000BONKUSDT
2026-05-13T12:30:00+00:00,1000PEPEUSDT
2026-05-13T12:30:00+00:00,ALGOUSDT
2026-05-13T12:30:00+00:00,APTUSDT
2026-05-13T12:30:00+00:00,ARBUSDT
2026-05-13T12:30:00+00:00,ATOMUSDT
2026-05-13T12:30:00+00:00,AVAXUSDT
2026-05-13T12:30:00+00:00,CHZUSDT
2026-05-13T12:30:00+00:00,DOODUSDT
2026-05-13T12:30:00+00:00,DOTUSDT
2026-05-13T12:30:00+00:00,ENSUSDT
2026-05-13T12:30:00+00:00,ETCUSDT
2026-05-13T12:30:00+00:00,ETHFIUSDT
2026-05-13T12:30:00+00:00,FILUSDT
2026-05-13T12:30:00+00:00,GASUSDT
2026-05-13T12:30:00+00:00,HBARUSDT
2026-05-13T12:30:00+00:00,IDUSDT
2026-05-13T12:30:00+00:00,LINKUSDT
2026-05-13T12:30:00+00:00,LSKUSDT
2026-05-13T12:30:00+00:00,MEUSDT
2026-05-13T12:30:00+00:00,PYTHUSDT
2026-05-13T12:30:00+00:00,RVNUSDT
2026-05-13T12:30:00+00:00,SANDUSDT
2026-05-13T12:30:00+00:00,STXUSDT
2026-05-13T12:30:00+00:00,TAOUSDT
2026-05-13T12:30:00+00:00,VIRTUALUSDT
2026-05-13T12:30:00+00:00,WUSDT
2026-05-13T12:30:00+00:00,XPLUSDT
2026-05-13T12:30:00+00:00,ZORAUSDT
2026-05-13T13:30:00+00:00,FFUSDT
2026-05-13T13:30:00+00:00,INJUSDT
2026-05-13T13:45:00+00:00,BCHUSDT
2026-05-13T15:15:00+00:00,RENDERUSDT
2026-05-13T15:15:00+00:00,SUIUSDT
2026-05-13T15:30:00+00:00,KITEUSDT
2026-05-13T15:45:00+00:00,MONUSDT
2026-05-13T15:45:00+00:00,POLUSDT
2026-05-13T18:30:00+00:00,INJUSDT
2026-05-13T21:00:00+00:00,BERAUSDT
2026-05-13T21:00:00+00:00,HOLOUSDT
2026-05-13T21:15:00+00:00,VVVUSDT
2026-05-13T22:00:00+00:00,STXUSDT
2026-05-13T22:15:00+00:00,FFUSDT
2026-05-13T23:15:00+00:00,INJUSDT
2026-05-14T00:00:00+00:00,POLUSDT
2026-05-14T01:00:00+00:00,IRYSUSDT
2026-05-14T03:15:00+00:00,SOPHUSDT
2026-05-14T03:45:00+00:00,KITEUSDT
2026-05-14T05:00:00+00:00,INJUSDT
2026-05-14T08:15:00+00:00,FFUSDT
2026-05-14T09:00:00+00:00,ETHFIUSDT
2026-05-14T10:45:00+00:00,KITEUSDT
2026-05-14T11:15:00+00:00,CCUSDT
2026-05-14T15:30:00+00:00,CCUSDT
2026-05-14T16:00:00+00:00,LSKUSDT
2026-05-14T19:15:00+00:00,ZORAUSDT
2026-05-14T23:45:00+00:00,LSKUSDT
2026-05-15T02:30:00+00:00,CCUSDT
2026-05-15T05:30:00+00:00,ETHFIUSDT
2026-05-15T08:45:00+00:00,IRYSUSDT
2026-05-15T11:00:00+00:00,FFUSDT
2026-05-15T11:15:00+00:00,CHZUSDT
2026-05-15T11:45:00+00:00,LAUSDT
2026-05-15T12:45:00+00:00,IRYSUSDT
2026-05-15T13:30:00+00:00,1000BONKUSDT
2026-05-15T13:30:00+00:00,1000PEPEUSDT
2026-05-15T13:30:00+00:00,1000SHIBUSDT
2026-05-15T13:30:00+00:00,ALGOUSDT
2026-05-15T13:30:00+00:00,APTUSDT
2026-05-15T13:30:00+00:00,ARBUSDT
2026-05-15T13:30:00+00:00,ATHUSDT
2026-05-15T13:30:00+00:00,ATOMUSDT
2026-05-15T13:30:00+00:00,AVAXUSDT
2026-05-15T13:30:00+00:00,BCHUSDT
2026-05-15T13:30:00+00:00,BERAUSDT
2026-05-15T13:30:00+00:00,BSVUSDT
2026-05-15T13:30:00+00:00,COWUSDT
2026-05-15T13:30:00+00:00,DOTUSDT
2026-05-15T13:30:00+00:00,ENSUSDT
2026-05-15T13:30:00+00:00,ESPUSDT
2026-05-15T13:30:00+00:00,ETCUSDT
2026-05-15T13:30:00+00:00,ETHFIUSDT
2026-05-15T13:30:00+00:00,HBARUSDT
2026-05-15T13:30:00+00:00,INJUSDT
2026-05-15T13:30:00+00:00,LINKUSDT
2026-05-15T13:30:00+00:00,LSKUSDT
2026-05-15T13:30:00+00:00,MANTRAUSDT
2026-05-15T13:30:00+00:00,MONUSDT
2026-05-15T13:30:00+00:00,POLUSDT
2026-05-15T13:30:00+00:00,RENDERUSDT
2026-05-15T13:30:00+00:00,RVNUSDT
2026-05-15T13:30:00+00:00,SANDUSDT
2026-05-15T13:30:00+00:00,SEIUSDT
2026-05-15T13:30:00+00:00,SOPHUSDT
2026-05-15T13:30:00+00:00,TAOUSDT
2026-05-15T13:30:00+00:00,TRUMPUSDT
2026-05-15T13:30:00+00:00,VIRTUALUSDT
2026-05-15T13:30:00+00:00,WUSDT
2026-05-15T13:30:00+00:00,ZORAUSDT
2026-05-15T13:45:00+00:00,FILUSDT
2026-05-15T13:45:00+00:00,GASUSDT
2026-05-15T13:45:00+00:00,GUSDT
2026-05-15T13:45:00+00:00,IDUSDT
2026-05-15T13:45:00+00:00,PUMPUSDT
2026-05-15T13:45:00+00:00,SUIUSDT
2026-05-15T13:45:00+00:00,TREEUSDT
2026-05-15T13:45:00+00:00,TRXUSDT
2026-05-15T13:45:00+00:00,UNIUSDT
2026-05-15T13:45:00+00:00,XPLUSDT
2026-05-15T14:00:00+00:00,CCUSDT
2026-05-15T14:15:00+00:00,KAITOUSDT
2026-05-15T16:00:00+00:00,STORJUSDT
2026-05-15T20:00:00+00:00,0GUSDT
2026-05-15T23:00:00+00:00,STORJUSDT
2026-05-16T04:00:00+00:00,STORJUSDT
2026-05-16T07:00:00+00:00,AVAXUSDT
2026-05-16T07:00:00+00:00,BCHUSDT
2026-05-16T07:00:00+00:00,BERAUSDT
2026-05-16T07:00:00+00:00,CHZUSDT
2026-05-16T07:00:00+00:00,COWUSDT
2026-05-16T07:00:00+00:00,DOODUSDT
2026-05-16T07:00:00+00:00,ETCUSDT
2026-05-16T07:00:00+00:00,ETHFIUSDT
2026-05-16T07:00:00+00:00,LAUSDT
2026-05-16T07:00:00+00:00,SOPHUSDT
2026-05-16T07:00:00+00:00,TAOUSDT
2026-05-16T07:00:00+00:00,XPLUSDT
2026-05-16T07:00:00+00:00,ZORAUSDT
2026-05-16T07:15:00+00:00,TRXUSDT
2026-05-16T08:15:00+00:00,STORJUSDT
2026-05-16T08:45:00+00:00,AWEUSDT
2026-05-16T09:15:00+00:00,LINKUSDT
2026-05-16T09:15:00+00:00,RENDERUSDT
2026-05-16T09:30:00+00:00,CCUSDT
2026-05-16T10:00:00+00:00,IDUSDT
2026-05-16T16:30:00+00:00,CHZUSDT
2026-05-17T00:00:00+00:00,STEEMUSDT
2026-05-17T08:15:00+00:00,CHZUSDT
2026-05-17T08:30:00+00:00,MEUSDT
2026-05-17T10:45:00+00:00,OPENUSDT
2026-05-17T13:00:00+00:00,APTUSDT
2026-05-17T15:45:00+00:00,KAITOUSDT
2026-05-17T17:30:00+00:00,LAUSDT
2026-05-17T20:00:00+00:00,OPENUSDT
2026-05-17T22:00:00+00:00,TAOUSDT
2026-05-17T23:00:00+00:00,BCHUSDT
2026-05-17T23:30:00+00:00,1000BONKUSDT
2026-05-17T23:30:00+00:00,1000PEPEUSDT
2026-05-17T23:30:00+00:00,1000SHIBUSDT
2026-05-17T23:30:00+00:00,AAVEUSDT
2026-05-17T23:30:00+00:00,ALGOUSDT
2026-05-17T23:30:00+00:00,APTUSDT
2026-05-17T23:30:00+00:00,ARBUSDT
2026-05-17T23:30:00+00:00,ATOMUSDT
2026-05-17T23:30:00+00:00,AVAXUSDT
2026-05-17T23:30:00+00:00,BARDUSDT
2026-05-17T23:30:00+00:00,BERAUSDT
2026-05-17T23:30:00+00:00,CHZUSDT
2026-05-17T23:30:00+00:00,COWUSDT
2026-05-17T23:30:00+00:00,DOTUSDT
2026-05-17T23:30:00+00:00,ENSUSDT
2026-05-17T23:30:00+00:00,ESPUSDT
2026-05-17T23:30:00+00:00,ETCUSDT
2026-05-17T23:30:00+00:00,ETHFIUSDT
2026-05-17T23:30:00+00:00,FILUSDT
2026-05-17T23:30:00+00:00,GASUSDT
2026-05-17T23:30:00+00:00,HBARUSDT
2026-05-17T23:30:00+00:00,IDUSDT
2026-05-17T23:30:00+00:00,JUPUSDT
2026-05-17T23:30:00+00:00,LAUSDT
2026-05-17T23:30:00+00:00,LINKUSDT
2026-05-17T23:30:00+00:00,LSKUSDT
2026-05-17T23:30:00+00:00,MANTRAUSDT
2026-05-17T23:30:00+00:00,MEUSDT
2026-05-17T23:30:00+00:00,MMTUSDT
2026-05-17T23:30:00+00:00,MONUSDT
2026-05-17T23:30:00+00:00,NEARUSDT
2026-05-17T23:30:00+00:00,POLUSDT
2026-05-17T23:30:00+00:00,PUMPUSDT
2026-05-17T23:30:00+00:00,PYTHUSDT
2026-05-17T23:30:00+00:00,RENDERUSDT
2026-05-17T23:30:00+00:00,RVNUSDT
2026-05-17T23:30:00+00:00,SANDUSDT
2026-05-17T23:30:00+00:00,SEIUSDT
2026-05-17T23:30:00+00:00,SIGNUSDT
2026-05-17T23:30:00+00:00,SOPHUSDT
2026-05-17T23:30:00+00:00,SUIUSDT
2026-05-17T23:30:00+00:00,TRUMPUSDT
2026-05-17T23:30:00+00:00,UNIUSDT
2026-05-17T23:30:00+00:00,VIRTUALUSDT
2026-05-17T23:30:00+00:00,WUSDT
2026-05-17T23:30:00+00:00,XPLUSDT
2026-05-17T23:30:00+00:00,ZILUSDT
2026-05-17T23:30:00+00:00,ZORAUSDT
2026-05-18T00:15:00+00:00,GUSDT
2026-05-18T00:30:00+00:00,OPENUSDT
2026-05-18T00:30:00+00:00,XAUTUSDT
2026-05-18T02:15:00+00:00,BSBUSDT
2026-05-18T04:15:00+00:00,BCHUSDT
2026-05-18T07:30:00+00:00,SOPHUSDT
2026-05-18T10:15:00+00:00,BCHUSDT
2026-05-18T10:15:00+00:00,UNIUSDT
2026-05-18T12:45:00+00:00,OPENUSDT
2026-05-18T14:30:00+00:00,BCHUSDT
2026-05-18T14:30:00+00:00,KITEUSDT
2026-05-18T15:00:00+00:00,TRXUSDT
2026-05-18T18:15:00+00:00,OPENUSDT
2026-05-19T01:00:00+00:00,INJUSDT
2026-05-19T01:30:00+00:00,ONTUSDT
2026-05-19T04:45:00+00:00,SANDUSDT
2026-05-19T05:30:00+00:00,ONTUSDT
2026-05-19T06:30:00+00:00,FFUSDT
2026-05-19T09:30:00+00:00,ONTUSDT
2026-05-19T12:00:00+00:00,PYTHUSDT
2026-05-19T13:15:00+00:00,XAUTUSDT
2026-05-19T14:00:00+00:00,ONTUSDT
2026-05-19T14:15:00+00:00,ALGOUSDT
2026-05-19T14:30:00+00:00,BCHUSDT
2026-05-19T14:45:00+00:00,MEUSDT
2026-05-19T18:15:00+00:00,VVVUSDT
2026-05-19T19:15:00+00:00,BSBUSDT
2026-05-19T21:30:00+00:00,ONTUSDT
2026-05-20T02:15:00+00:00,INUSDT
2026-05-20T06:00:00+00:00,KITEUSDT
2026-05-20T08:45:00+00:00,ZORAUSDT
2026-05-20T16:15:00+00:00,BERAUSDT
2026-05-20T17:45:00+00:00,VVVUSDT
2026-05-20T19:15:00+00:00,BSBUSDT
2026-05-21T08:15:00+00:00,BERAUSDT
2026-05-21T08:45:00+00:00,AVAXUSDT
2026-05-21T09:45:00+00:00,AVNTUSDT
2026-05-21T10:00:00+00:00,ZAMAUSDT
2026-05-21T10:15:00+00:00,CHZUSDT
2026-05-21T13:15:00+00:00,OPENUSDT
2026-05-21T14:00:00+00:00,HOLOUSDT
2026-05-21T14:30:00+00:00,BSBUSDT
2026-05-21T15:45:00+00:00,EDGEUSDT
2026-05-21T18:00:00+00:00,NEARUSDT
2026-05-21T20:30:00+00:00,PLUMEUSDT
2026-05-22T00:45:00+00:00,ATHUSDT
2026-05-22T02:45:00+00:00,NEARUSDT
2026-05-22T06:00:00+00:00,AWEUSDT
2026-05-22T08:15:00+00:00,INUSDT
2026-05-22T08:30:00+00:00,ATHUSDT
2026-05-22T08:30:00+00:00,NEARUSDT
2026-05-22T12:45:00+00:00,VVVUSDT
2026-05-22T13:00:00+00:00,ETCUSDT
2026-05-22T13:15:00+00:00,RENDERUSDT
2026-05-22T13:45:00+00:00,NEARUSDT
2026-05-22T13:45:00+00:00,TRXUSDT
2026-05-22T14:00:00+00:00,VIRTUALUSDT
2026-05-22T14:15:00+00:00,INUSDT
2026-05-22T16:00:00+00:00,PLUMEUSDT
2026-05-22T18:30:00+00:00,ATOMUSDT
2026-05-22T18:30:00+00:00,NEARUSDT
2026-05-22T18:30:00+00:00,RENDERUSDT
2026-05-22T18:45:00+00:00,AAVEUSDT
2026-05-22T18:45:00+00:00,ETHFIUSDT
2026-05-22T18:45:00+00:00,GUSDT
2026-05-22T18:45:00+00:00,LSKUSDT
2026-05-22T19:00:00+00:00,INUSDT
2026-05-22T19:30:00+00:00,0GUSDT
2026-05-22T19:30:00+00:00,ARBUSDT
2026-05-22T19:30:00+00:00,ATHUSDT
2026-05-22T19:30:00+00:00,AVAXUSDT
2026-05-22T19:30:00+00:00,BARDUSDT
2026-05-22T19:30:00+00:00,BERAUSDT
2026-05-22T19:30:00+00:00,CHZUSDT
2026-05-22T19:30:00+00:00,DOTUSDT
2026-05-22T19:30:00+00:00,ETCUSDT
2026-05-22T19:30:00+00:00,JUPUSDT
2026-05-22T19:30:00+00:00,LINKUSDT
2026-05-22T19:30:00+00:00,MMTUSDT
2026-05-22T19:30:00+00:00,PUMPUSDT
2026-05-22T19:30:00+00:00,VIRTUALUSDT
2026-05-22T19:30:00+00:00,XPLUSDT
2026-05-22T19:30:00+00:00,ZORAUSDT
2026-05-22T22:30:00+00:00,NEARUSDT
2026-05-22T23:15:00+00:00,BCHUSDT
2026-05-22T23:15:00+00:00,UNIUSDT
2026-05-22T23:45:00+00:00,1000PEPEUSDT
2026-05-22T23:45:00+00:00,1000SHIBUSDT
2026-05-22T23:45:00+00:00,ALGOUSDT
2026-05-22T23:45:00+00:00,AVAXUSDT
2026-05-22T23:45:00+00:00,CHZUSDT
2026-05-22T23:45:00+00:00,DOTUSDT
2026-05-22T23:45:00+00:00,HBARUSDT
2026-05-22T23:45:00+00:00,LINKUSDT
2026-05-22T23:45:00+00:00,POLUSDT
2026-05-22T23:45:00+00:00,PUMPUSDT
2026-05-22T23:45:00+00:00,RENDERUSDT
2026-05-22T23:45:00+00:00,TAOUSDT
2026-05-22T23:45:00+00:00,VIRTUALUSDT
2026-05-23T00:00:00+00:00,INUSDT
2026-05-23T00:30:00+00:00,ATHUSDT
2026-05-23T00:30:00+00:00,STEEMUSDT
2026-05-23T00:45:00+00:00,EDGEUSDT
2026-05-23T01:00:00+00:00,GUSDT
2026-05-23T02:00:00+00:00,LSKUSDT
2026-05-23T04:30:00+00:00,INUSDT
2026-05-23T07:00:00+00:00,LSKUSDT
2026-05-23T07:45:00+00:00,0GUSDT
2026-05-23T07:45:00+00:00,1000BONKUSDT
2026-05-23T07:45:00+00:00,1000PEPEUSDT
2026-05-23T07:45:00+00:00,1000SHIBUSDT
2026-05-23T07:45:00+00:00,AAVEUSDT
2026-05-23T07:45:00+00:00,ALGOUSDT
2026-05-23T07:45:00+00:00,APTUSDT
2026-05-23T07:45:00+00:00,ARBUSDT
2026-05-23T07:45:00+00:00,ATHUSDT
2026-05-23T07:45:00+00:00,ATOMUSDT
2026-05-23T07:45:00+00:00,AVAXUSDT
2026-05-23T07:45:00+00:00,BARDUSDT
2026-05-23T07:45:00+00:00,BERAUSDT
2026-05-23T07:45:00+00:00,BIGTIMEUSDT
2026-05-23T07:45:00+00:00,CHZUSDT
2026-05-23T07:45:00+00:00,COWUSDT
2026-05-23T07:45:00+00:00,DOODUSDT
2026-05-23T07:45:00+00:00,DOTUSDT
2026-05-23T07:45:00+00:00,ENSUSDT
2026-05-23T07:45:00+00:00,ETCUSDT
2026-05-23T07:45:00+00:00,ETHFIUSDT
2026-05-23T07:45:00+00:00,FFUSDT
2026-05-23T07:45:00+00:00,FILUSDT
2026-05-23T07:45:00+00:00,GASUSDT
2026-05-23T07:45:00+00:00,GUSDT
2026-05-23T07:45:00+00:00,HBARUSDT
2026-05-23T07:45:00+00:00,IDUSDT
2026-05-23T07:45:00+00:00,JUPUSDT
2026-05-23T07:45:00+00:00,LAUSDT
2026-05-23T07:45:00+00:00,LINKUSDT
2026-05-23T07:45:00+00:00,MEUSDT
2026-05-23T07:45:00+00:00,MMTUSDT
2026-05-23T07:45:00+00:00,POLUSDT
2026-05-23T07:45:00+00:00,PUMPUSDT
2026-05-23T07:45:00+00:00,PYTHUSDT
2026-05-23T07:45:00+00:00,RENDERUSDT
2026-05-23T07:45:00+00:00,RVNUSDT
2026-05-23T07:45:00+00:00,SANDUSDT
2026-05-23T07:45:00+00:00,SEIUSDT
2026-05-23T07:45:00+00:00,SIGNUSDT
2026-05-23T07:45:00+00:00,SUIUSDT
2026-05-23T07:45:00+00:00,TAOUSDT
2026-05-23T07:45:00+00:00,TRUMPUSDT
2026-05-23T07:45:00+00:00,UNIUSDT
2026-05-23T07:45:00+00:00,VIRTUALUSDT
2026-05-23T07:45:00+00:00,WUSDT
2026-05-23T07:45:00+00:00,XPLUSDT
2026-05-23T07:45:00+00:00,ZILUSDT
2026-05-23T07:45:00+00:00,ZORAUSDT
2026-05-23T07:45:00+00:00,ZROUSDT
2026-05-23T08:30:00+00:00,INUSDT
2026-05-23T09:00:00+00:00,BCHUSDT
2026-05-23T10:30:00+00:00,BSBUSDT
2026-05-23T10:30:00+00:00,TRXUSDT
2026-05-23T14:30:00+00:00,INUSDT
2026-05-23T15:15:00+00:00,MEUSDT
2026-05-23T17:30:00+00:00,NEARUSDT
2026-05-23T19:30:00+00:00,MEUSDT
2026-05-23T21:00:00+00:00,ETHFIUSDT
2026-05-23T21:15:00+00:00,DOTUSDT
2026-05-23T21:15:00+00:00,XPLUSDT
2026-05-24T01:45:00+00:00,INUSDT
2026-05-24T03:45:00+00:00,AWEUSDT
2026-05-24T07:45:00+00:00,PLUMEUSDT
2026-05-24T09:00:00+00:00,ARBUSDT
2026-05-24T11:00:00+00:00,INUSDT
2026-05-24T12:00:00+00:00,PLUMEUSDT
2026-05-24T12:30:00+00:00,AWEUSDT
2026-05-24T13:45:00+00:00,MONUSDT
2026-05-24T15:15:00+00:00,NEARUSDT
2026-05-24T17:45:00+00:00,PLUMEUSDT
2026-05-24T21:30:00+00:00,ATOMUSDT
2026-05-24T21:30:00+00:00,BCHUSDT
2026-05-24T21:30:00+00:00,CHZUSDT
2026-05-25T02:30:00+00:00,NEARUSDT
2026-05-25T03:45:00+00:00,VVVUSDT
2026-05-25T05:00:00+00:00,ERAUSDT
2026-05-25T07:15:00+00:00,UNIUSDT
2026-05-25T09:00:00+00:00,LAUSDT
2026-05-25T11:00:00+00:00,RENDERUSDT
2026-05-25T11:30:00+00:00,ERAUSDT
2026-05-25T14:30:00+00:00,LAUSDT
2026-05-25T15:15:00+00:00,BSBUSDT
2026-05-25T15:15:00+00:00,KAITOUSDT
2026-05-25T15:45:00+00:00,TRXUSDT
2026-05-25T16:00:00+00:00,RENDERUSDT
2026-05-25T20:30:00+00:00,ERAUSDT
2026-05-25T20:30:00+00:00,RENDERUSDT
2026-05-26T00:30:00+00:00,CHZUSDT
2026-05-26T00:30:00+00:00,ERAUSDT
2026-05-26T00:30:00+00:00,RVNUSDT
2026-05-26T00:30:00+00:00,TREEUSDT
2026-05-26T00:45:00+00:00,INUSDT
2026-05-26T01:00:00+00:00,ZAMAUSDT
2026-05-26T01:30:00+00:00,XPLUSDT
2026-05-26T02:00:00+00:00,MMTUSDT
2026-05-26T06:00:00+00:00,MMTUSDT
2026-05-26T06:15:00+00:00,RENDERUSDT
2026-05-26T09:45:00+00:00,AWEUSDT
2026-05-26T11:00:00+00:00,RENDERUSDT
2026-05-26T11:45:00+00:00,NEARUSDT
2026-05-26T12:00:00+00:00,VIRTUALUSDT
2026-05-26T12:30:00+00:00,ATHUSDT
2026-05-26T13:45:00+00:00,TRXUSDT
2026-05-26T14:30:00+00:00,APTUSDT
2026-05-26T14:30:00+00:00,ETCUSDT
2026-05-26T14:30:00+00:00,ETHFIUSDT
2026-05-26T14:30:00+00:00,MMTUSDT
2026-05-26T14:30:00+00:00,XPLUSDT
2026-05-26T15:00:00+00:00,DOTUSDT
2026-05-26T15:45:00+00:00,MIRAUSDT
2026-05-26T17:15:00+00:00,BARDUSDT
2026-05-26T17:15:00+00:00,BIRBUSDT
2026-05-26T17:15:00+00:00,RENDERUSDT
2026-05-26T17:45:00+00:00,WLFIUSDT
2026-05-26T18:00:00+00:00,0GUSDT
2026-05-26T18:30:00+00:00,NEARUSDT
2026-05-26T20:45:00+00:00,ATOMUSDT
2026-05-26T21:30:00+00:00,SAHARAUSDT
2026-05-26T23:30:00+00:00,GUSDT
2026-05-26T23:45:00+00:00,NEARUSDT
2026-05-27T00:15:00+00:00,0GUSDT
2026-05-27T01:30:00+00:00,SEIUSDT
2026-05-27T02:15:00+00:00,IDUSDT
2026-05-27T04:15:00+00:00,MIRAUSDT
2026-05-27T04:15:00+00:00,RENDERUSDT
2026-05-27T04:30:00+00:00,0GUSDT
2026-05-27T04:30:00+00:00,1000PEPEUSDT
2026-05-27T04:30:00+00:00,COWUSDT
2026-05-27T06:30:00+00:00,SEIUSDT
2026-05-27T07:00:00+00:00,ATHUSDT
2026-05-27T10:45:00+00:00,DOODUSDT
2026-05-27T10:45:00+00:00,XAUTUSDT
2026-05-27T12:00:00+00:00,SEIUSDT
2026-05-27T13:30:00+00:00,ATHUSDT
2026-05-27T13:30:00+00:00,ETHFIUSDT
2026-05-27T13:30:00+00:00,FFUSDT
2026-05-27T13:30:00+00:00,ZAMAUSDT
2026-05-27T14:00:00+00:00,TRXUSDT
2026-05-27T18:00:00+00:00,ATHUSDT
2026-05-27T21:30:00+00:00,LAUSDT
2026-05-27T21:30:00+00:00,MIRAUSDT
2026-05-27T21:30:00+00:00,SEIUSDT
2026-05-27T21:45:00+00:00,GASUSDT
2026-05-27T21:45:00+00:00,IDUSDT
2026-05-27T21:45:00+00:00,ZROUSDT
2026-05-27T23:15:00+00:00,UNIUSDT
2026-05-27T23:30:00+00:00,AKTUSDT
2026-05-28T01:15:00+00:00,COWUSDT
2026-05-28T02:15:00+00:00,RENDERUSDT
2026-05-28T03:15:00+00:00,1000BONKUSDT
2026-05-28T03:15:00+00:00,1000PEPEUSDT
2026-05-28T03:15:00+00:00,1000SHIBUSDT
2026-05-28T03:15:00+00:00,AAVEUSDT
2026-05-28T03:15:00+00:00,APTUSDT
2026-05-28T03:15:00+00:00,AVAXUSDT
2026-05-28T03:15:00+00:00,BARDUSDT
2026-05-28T03:15:00+00:00,BERAUSDT
2026-05-28T03:15:00+00:00,BIRBUSDT
2026-05-28T03:15:00+00:00,CHZUSDT
2026-05-28T03:15:00+00:00,DOTUSDT
2026-05-28T03:15:00+00:00,ETHFIUSDT
2026-05-28T03:15:00+00:00,FILUSDT
2026-05-28T03:15:00+00:00,GASUSDT
2026-05-28T03:15:00+00:00,KATUSDT
2026-05-28T03:15:00+00:00,LINKUSDT
2026-05-28T03:15:00+00:00,LSKUSDT
2026-05-28T03:15:00+00:00,PUMPUSDT
2026-05-28T03:15:00+00:00,RVNUSDT
2026-05-28T03:15:00+00:00,SEIUSDT
2026-05-28T03:15:00+00:00,SIGNUSDT
2026-05-28T03:15:00+00:00,TRUMPUSDT
2026-05-28T03:15:00+00:00,ZROUSDT
2026-05-28T03:30:00+00:00,AKTUSDT
2026-05-28T03:45:00+00:00,HBARUSDT
2026-05-28T03:45:00+00:00,SANDUSDT
2026-05-28T04:00:00+00:00,ARBUSDT
2026-05-28T04:00:00+00:00,AXSUSDT
2026-05-28T04:00:00+00:00,DOODUSDT
2026-05-28T04:00:00+00:00,POLUSDT
2026-05-28T04:00:00+00:00,PYTHUSDT
2026-05-28T04:00:00+00:00,XPLUSDT
2026-05-28T05:00:00+00:00,TRXUSDT
2026-05-28T05:00:00+00:00,VVVUSDT
2026-05-28T07:00:00+00:00,ZAMAUSDT
2026-05-28T08:00:00+00:00,PRLUSDT
2026-05-28T09:00:00+00:00,TRXUSDT
2026-05-28T11:15:00+00:00,BCHUSDT
2026-05-28T12:00:00+00:00,BARDUSDT
2026-05-28T12:15:00+00:00,ZAMAUSDT
2026-05-28T14:00:00+00:00,AAVEUSDT
2026-05-28T14:00:00+00:00,HBARUSDT
2026-05-28T14:00:00+00:00,JUPUSDT
2026-05-28T14:00:00+00:00,ZROUSDT
2026-05-28T19:30:00+00:00,HBARUSDT
2026-05-28T23:45:00+00:00,ZAMAUSDT
2026-05-29T01:45:00+00:00,IDUSDT
2026-05-29T02:00:00+00:00,BIRBUSDT
2026-05-29T06:15:00+00:00,APTUSDT
2026-05-29T06:15:00+00:00,HBARUSDT
2026-05-29T06:15:00+00:00,MIRAUSDT
2026-05-29T07:30:00+00:00,TRXUSDT
2026-05-29T08:15:00+00:00,IDUSDT
2026-05-29T08:30:00+00:00,BCHUSDT
2026-05-29T08:30:00+00:00,UNIUSDT
2026-05-29T10:00:00+00:00,XPLUSDT
2026-05-29T11:30:00+00:00,COWUSDT
2026-05-29T11:30:00+00:00,LAUSDT
2026-05-29T11:45:00+00:00,HBARUSDT
2026-05-29T12:00:00+00:00,ZAMAUSDT
2026-05-29T12:15:00+00:00,PENDLEUSDT
2026-05-29T12:30:00+00:00,IDUSDT
2026-05-29T13:00:00+00:00,SEIUSDT
2026-05-29T15:15:00+00:00,XAUTUSDT
2026-05-29T15:30:00+00:00,XPLUSDT
2026-05-29T16:00:00+00:00,INJUSDT
2026-05-29T16:30:00+00:00,IDUSDT
2026-05-29T18:15:00+00:00,EDGEUSDT
2026-05-29T18:45:00+00:00,ETHFIUSDT
2026-05-29T21:00:00+00:00,MIRAUSDT
2026-05-29T21:45:00+00:00,XPLUSDT
2026-05-29T22:00:00+00:00,IDUSDT
2026-05-30T01:00:00+00:00,ENSUSDT
2026-05-30T01:15:00+00:00,HBARUSDT
2026-05-30T02:15:00+00:00,ALGOUSDT
2026-05-30T03:00:00+00:00,AXSUSDT
2026-05-30T04:15:00+00:00,IDUSDT
2026-05-30T04:15:00+00:00,PENGUUSDT
2026-05-30T04:15:00+00:00,ZKPUSDT
2026-05-30T04:30:00+00:00,GUSDT
2026-05-30T08:15:00+00:00,ZAMAUSDT
2026-05-30T08:45:00+00:00,IDUSDT
2026-05-30T10:00:00+00:00,ALGOUSDT
2026-05-30T13:15:00+00:00,HBARUSDT
2026-05-30T13:30:00+00:00,BIRBUSDT
2026-05-30T14:45:00+00:00,ZAMAUSDT
2026-05-30T17:30:00+00:00,AVNTUSDT
2026-05-30T22:00:00+00:00,AVNTUSDT
2026-05-30T22:00:00+00:00,HBARUSDT
2026-05-30T22:30:00+00:00,IDUSDT
2026-05-31T00:45:00+00:00,AXSUSDT
2026-05-31T02:00:00+00:00,PRLUSDT
2026-05-31T07:15:00+00:00,STEEMUSDT
2026-05-31T07:30:00+00:00,LSKUSDT
2026-05-31T08:00:00+00:00,BIRBUSDT
2026-05-31T08:00:00+00:00,MOVEUSDT
2026-05-31T08:15:00+00:00,LAUSDT
2026-05-31T08:30:00+00:00,HYPERUSDT
2026-05-31T09:45:00+00:00,BARDUSDT
2026-05-31T10:00:00+00:00,SIGNUSDT
2026-05-31T11:30:00+00:00,LSKUSDT
2026-05-31T12:00:00+00:00,MANTRAUSDT
2026-05-31T12:15:00+00:00,ZORAUSDT
2026-05-31T13:15:00+00:00,BIGTIMEUSDT
2026-05-31T14:00:00+00:00,BARDUSDT
2026-05-31T14:15:00+00:00,1000PEPEUSDT
2026-05-31T14:15:00+00:00,AVAXUSDT
2026-05-31T14:15:00+00:00,PENGUUSDT
2026-05-31T14:15:00+00:00,SIGNUSDT
2026-05-31T14:15:00+00:00,SUIUSDT
2026-05-31T14:15:00+00:00,UNIUSDT
2026-05-31T15:15:00+00:00,EDGEUSDT
2026-05-31T18:00:00+00:00,XPLUSDT
2026-05-31T19:00:00+00:00,ZORAUSDT
2026-06-01T00:45:00+00:00,ZORAUSDT
2026-06-01T04:00:00+00:00,WUSDT
2026-06-01T08:15:00+00:00,EDGEUSDT
2026-06-01T11:15:00+00:00,BCHUSDT
2026-06-01T13:00:00+00:00,XAUTUSDT
2026-06-01T13:45:00+00:00,ARBUSDT
2026-06-01T13:45:00+00:00,PUMPUSDT
2026-06-01T13:45:00+00:00,WUSDT
2026-06-01T15:45:00+00:00,AAVEUSDT
2026-06-01T17:15:00+00:00,PIEVERSEUSDT
2026-06-01T20:00:00+00:00,ETHFIUSDT
2026-06-01T21:00:00+00:00,EDGEUSDT
2026-06-02T04:00:00+00:00,ZORAUSDT
2026-06-02T06:15:00+00:00,ALGOUSDT
2026-06-02T08:15:00+00:00,COWUSDT
2026-06-02T09:15:00+00:00,EDGEUSDT
2026-06-02T11:45:00+00:00,PIEVERSEUSDT
2026-06-02T14:00:00+00:00,PUMPUSDT
2026-06-02T14:00:00+00:00,ZORAUSDT
2026-06-02T14:15:00+00:00,0GUSDT
2026-06-02T14:15:00+00:00,1000BONKUSDT
2026-06-02T14:15:00+00:00,1000PEPEUSDT
2026-06-02T14:15:00+00:00,1000SHIBUSDT
2026-06-02T14:15:00+00:00,AAVEUSDT
2026-06-02T14:15:00+00:00,ALGOUSDT
2026-06-02T14:15:00+00:00,APTUSDT
2026-06-02T14:15:00+00:00,ARBUSDT
2026-06-02T14:15:00+00:00,ATOMUSDT
2026-06-02T14:15:00+00:00,AVAXUSDT
2026-06-02T14:15:00+00:00,BERAUSDT
2026-06-02T14:15:00+00:00,BIGTIMEUSDT
2026-06-02T14:15:00+00:00,CHZUSDT
2026-06-02T14:15:00+00:00,COWUSDT
2026-06-02T14:15:00+00:00,DOODUSDT
2026-06-02T14:15:00+00:00,DOTUSDT
2026-06-02T14:15:00+00:00,ENSOUSDT
2026-06-02T14:15:00+00:00,ENSUSDT
2026-06-02T14:15:00+00:00,ETCUSDT
2026-06-02T14:15:00+00:00,ETHFIUSDT
2026-06-02T14:15:00+00:00,FILUSDT
2026-06-02T14:15:00+00:00,GASUSDT
2026-06-02T14:15:00+00:00,GUSDT
2026-06-02T14:15:00+00:00,KATUSDT
2026-06-02T14:15:00+00:00,LAUSDT
2026-06-02T14:15:00+00:00,LINKUSDT
2026-06-02T14:15:00+00:00,NEARUSDT
2026-06-02T14:15:00+00:00,RENDERUSDT
2026-06-02T14:15:00+00:00,RVNUSDT
2026-06-02T14:15:00+00:00,SANDUSDT
2026-06-02T14:15:00+00:00,SEIUSDT
2026-06-02T14:15:00+00:00,SIGNUSDT
2026-06-02T14:15:00+00:00,SKRUSDT
2026-06-02T14:15:00+00:00,SPKUSDT
2026-06-02T14:15:00+00:00,TAOUSDT
2026-06-02T14:15:00+00:00,TRUMPUSDT
2026-06-02T14:15:00+00:00,TRXUSDT
2026-06-02T14:15:00+00:00,UNIUSDT
2026-06-02T14:15:00+00:00,VIRTUALUSDT
2026-06-02T14:15:00+00:00,WUSDT
2026-06-02T14:15:00+00:00,XPLUSDT
2026-06-02T14:15:00+00:00,ZILUSDT
2026-06-02T14:15:00+00:00,ZKPUSDT
2026-06-02T14:15:00+00:00,ZROUSDT
2026-06-02T15:15:00+00:00,LSKUSDT
2026-06-02T15:30:00+00:00,BARDUSDT
2026-06-02T15:30:00+00:00,BIOUSDT
2026-06-02T15:30:00+00:00,ELSAUSDT
2026-06-02T15:30:00+00:00,POLUSDT
2026-06-02T18:00:00+00:00,PIEVERSEUSDT
2026-06-02T19:30:00+00:00,1000PEPEUSDT
2026-06-02T19:30:00+00:00,RENDERUSDT
2026-06-02T22:45:00+00:00,ARBUSDT
2026-06-02T22:45:00+00:00,AVAXUSDT
2026-06-02T22:45:00+00:00,BERAUSDT
2026-06-02T22:45:00+00:00,PUMPUSDT
2026-06-02T22:45:00+00:00,TAOUSDT
2026-06-02T22:45:00+00:00,TRXUSDT
2026-06-02T23:15:00+00:00,CHZUSDT
2026-06-02T23:15:00+00:00,DOTUSDT
2026-06-02T23:15:00+00:00,ETCUSDT
2026-06-03T01:15:00+00:00,PIEVERSEUSDT
2026-06-03T01:30:00+00:00,BCHUSDT
2026-06-03T02:30:00+00:00,ELSAUSDT
2026-06-03T03:30:00+00:00,ETHFIUSDT
2026-06-03T04:00:00+00:00,CCUSDT
2026-06-03T12:30:00+00:00,ZORAUSDT
2026-06-03T14:15:00+00:00,BCHUSDT
2026-06-03T15:30:00+00:00,EDGEUSDT
2026-06-03T15:30:00+00:00,NEARUSDT
2026-06-03T15:30:00+00:00,PUMPUSDT
2026-06-03T15:45:00+00:00,ZROUSDT
2026-06-03T16:15:00+00:00,0GUSDT
2026-06-03T16:30:00+00:00,XPLUSDT
2026-06-03T17:00:00+00:00,HOLOUSDT
2026-06-03T20:30:00+00:00,XPLUSDT
2026-06-03T20:45:00+00:00,ARBUSDT
2026-06-03T20:45:00+00:00,AVAXUSDT
2026-06-04T01:00:00+00:00,XPLUSDT
2026-06-04T01:15:00+00:00,1000PEPEUSDT
2026-06-04T01:15:00+00:00,1000SHIBUSDT
2026-06-04T01:15:00+00:00,APTUSDT
2026-06-04T01:15:00+00:00,AVAXUSDT
2026-06-04T01:15:00+00:00,BERAUSDT
2026-06-04T01:15:00+00:00,CHZUSDT
2026-06-04T01:15:00+00:00,DOTUSDT
2026-06-04T01:15:00+00:00,ELSAUSDT
2026-06-04T01:15:00+00:00,ETCUSDT
2026-06-04T01:15:00+00:00,GASUSDT
2026-06-04T01:15:00+00:00,GUSDT
2026-06-04T01:15:00+00:00,PUMPUSDT
2026-06-04T01:15:00+00:00,RENDERUSDT
2026-06-04T01:15:00+00:00,SANDUSDT
2026-06-04T01:15:00+00:00,TAOUSDT
2026-06-04T01:15:00+00:00,VIRTUALUSDT
2026-06-04T01:15:00+00:00,WUSDT
2026-06-04T01:45:00+00:00,0GUSDT
2026-06-04T01:45:00+00:00,ZORAUSDT
2026-06-04T02:00:00+00:00,1000BONKUSDT
2026-06-04T02:00:00+00:00,AAVEUSDT
2026-06-04T02:00:00+00:00,ARBUSDT
2026-06-04T02:00:00+00:00,ATHUSDT
2026-06-04T02:00:00+00:00,ATOMUSDT
2026-06-04T02:00:00+00:00,AVNTUSDT
2026-06-04T02:00:00+00:00,AXSUSDT
2026-06-04T02:00:00+00:00,BARDUSDT
2026-06-04T02:00:00+00:00,BIGTIMEUSDT
2026-06-04T02:00:00+00:00,BIOUSDT
2026-06-04T02:00:00+00:00,BIRBUSDT
2026-06-04T02:00:00+00:00,CFGUSDT
2026-06-04T02:00:00+00:00,COWUSDT
2026-06-04T02:00:00+00:00,DOODUSDT
2026-06-04T02:00:00+00:00,ENSOUSDT
2026-06-04T02:00:00+00:00,ENSUSDT
2026-06-04T02:00:00+00:00,ESPUSDT
2026-06-04T02:00:00+00:00,ETHFIUSDT
2026-06-04T02:00:00+00:00,FILUSDT
2026-06-04T02:00:00+00:00,JUPUSDT
2026-06-04T02:00:00+00:00,KATUSDT
2026-06-04T02:00:00+00:00,LAUSDT
2026-06-04T02:00:00+00:00,LINKUSDT
2026-06-04T02:00:00+00:00,MANTRAUSDT
2026-06-04T02:00:00+00:00,MEUSDT
2026-06-04T02:00:00+00:00,MIRAUSDT
2026-06-04T02:00:00+00:00,MONUSDT
2026-06-04T02:00:00+00:00,OPGUSDT
2026-06-04T02:00:00+00:00,PENDLEUSDT
2026-06-04T02:00:00+00:00,PENGUUSDT
2026-06-04T02:00:00+00:00,POLUSDT
2026-06-04T02:00:00+00:00,PYTHUSDT
2026-06-04T02:00:00+00:00,REDUSDT
2026-06-04T02:00:00+00:00,RVNUSDT
2026-06-04T02:00:00+00:00,SEIUSDT
2026-06-04T02:00:00+00:00,SIGNUSDT
2026-06-04T02:00:00+00:00,SKRUSDT
2026-06-04T02:00:00+00:00,SPKUSDT
2026-06-04T02:00:00+00:00,SUIUSDT
2026-06-04T02:00:00+00:00,TREEUSDT
2026-06-04T02:00:00+00:00,TRUMPUSDT
2026-06-04T02:00:00+00:00,UNIUSDT
2026-06-04T02:00:00+00:00,WLFIUSDT
2026-06-04T02:00:00+00:00,ZILUSDT
2026-06-04T02:00:00+00:00,ZKPUSDT
2026-06-04T02:00:00+00:00,ZROUSDT
2026-06-04T07:00:00+00:00,BERAUSDT
2026-06-04T07:00:00+00:00,ZROUSDT
2026-06-04T09:15:00+00:00,TRXUSDT
2026-06-04T10:00:00+00:00,HOLOUSDT
2026-06-04T13:00:00+00:00,ZBTUSDT
2026-06-04T14:30:00+00:00,ELSAUSDT
2026-06-04T21:30:00+00:00,ZROUSDT
2026-06-04T22:30:00+00:00,PUMPUSDT
2026-06-05T00:00:00+00:00,ESPUSDT
2026-06-05T00:15:00+00:00,ELSAUSDT
2026-06-05T04:30:00+00:00,HOLOUSDT
2026-06-05T05:45:00+00:00,ESPUSDT
2026-06-05T05:45:00+00:00,XPLUSDT
2026-06-05T06:00:00+00:00,AAVEUSDT
2026-06-05T06:00:00+00:00,ETCUSDT
2026-06-05T06:00:00+00:00,RVNUSDT
2026-06-05T06:15:00+00:00,0GUSDT
2026-06-05T06:15:00+00:00,1000PEPEUSDT
2026-06-05T06:15:00+00:00,1000SHIBUSDT
2026-06-05T06:15:00+00:00,ALGOUSDT
2026-06-05T06:15:00+00:00,APTUSDT
2026-06-05T06:15:00+00:00,ARBUSDT
2026-06-05T06:15:00+00:00,AVAXUSDT
2026-06-05T06:15:00+00:00,AXSUSDT
2026-06-05T06:15:00+00:00,BARDUSDT
2026-06-05T06:15:00+00:00,BCHUSDT
2026-06-05T06:15:00+00:00,BERAUSDT
2026-06-05T06:15:00+00:00,BIRBUSDT
2026-06-05T06:15:00+00:00,CHZUSDT
2026-06-05T06:15:00+00:00,COWUSDT
2026-06-05T06:15:00+00:00,DOTUSDT
2026-06-05T06:15:00+00:00,ENSOUSDT
2026-06-05T06:15:00+00:00,ENSUSDT
2026-06-05T06:15:00+00:00,ETHFIUSDT
2026-06-05T06:15:00+00:00,FILUSDT
2026-06-05T06:15:00+00:00,GASUSDT
2026-06-05T06:15:00+00:00,GUSDT
2026-06-05T06:15:00+00:00,KATUSDT
2026-06-05T06:15:00+00:00,LINKUSDT
2026-06-05T06:15:00+00:00,NEARUSDT
2026-06-05T06:15:00+00:00,POLUSDT
2026-06-05T06:15:00+00:00,PUMPUSDT
2026-06-05T06:15:00+00:00,RENDERUSDT
2026-06-05T06:15:00+00:00,SANDUSDT
2026-06-05T06:15:00+00:00,SKRUSDT
2026-06-05T06:15:00+00:00,SUIUSDT
2026-06-05T06:15:00+00:00,TAOUSDT
2026-06-05T06:15:00+00:00,TREEUSDT
2026-06-05T06:15:00+00:00,TRUMPUSDT
2026-06-05T06:15:00+00:00,TRXUSDT
2026-06-05T06:15:00+00:00,UNIUSDT
2026-06-05T06:15:00+00:00,VIRTUALUSDT
2026-06-05T06:15:00+00:00,WLFIUSDT
2026-06-05T06:15:00+00:00,WUSDT
2026-06-05T06:15:00+00:00,ZILUSDT
2026-06-05T06:15:00+00:00,ZKPUSDT
2026-06-05T06:15:00+00:00,ZROUSDT
2026-06-05T11:15:00+00:00,LAUSDT
2026-06-05T11:45:00+00:00,ARBUSDT
2026-06-05T12:30:00+00:00,XAUTUSDT
2026-06-05T13:45:00+00:00,AAVEUSDT
2026-06-05T13:45:00+00:00,PENGUUSDT
2026-06-05T13:45:00+00:00,POLUSDT
2026-06-05T13:45:00+00:00,PUMPUSDT
2026-06-05T15:00:00+00:00,XPLUSDT
2026-06-05T15:30:00+00:00,FILUSDT
2026-06-05T15:30:00+00:00,LAUSDT
2026-06-05T15:30:00+00:00,SKRUSDT
2026-06-05T16:00:00+00:00,SANDUSDT
2026-06-05T18:15:00+00:00,STXUSDT
2026-06-05T18:45:00+00:00,1000SHIBUSDT
2026-06-05T18:45:00+00:00,DOTUSDT
2026-06-05T19:00:00+00:00,AVAXUSDT
2026-06-06T04:00:00+00:00,AVAXUSDT
2026-06-06T04:30:00+00:00,1000SHIBUSDT
2026-06-06T04:30:00+00:00,DOTUSDT
2026-06-06T04:30:00+00:00,ZILUSDT
2026-06-06T07:45:00+00:00,FFUSDT
2026-06-06T10:00:00+00:00,PENGUUSDT
2026-06-06T15:00:00+00:00,PENGUUSDT
2026-06-06T18:30:00+00:00,SPKUSDT
2026-06-07T00:30:00+00:00,MIRAUSDT
2026-06-07T00:45:00+00:00,TREEUSDT
2026-06-07T10:15:00+00:00,OPGUSDT
2026-06-07T12:00:00+00:00,ZROUSDT
2026-06-07T17:00:00+00:00,BSBUSDT
2026-06-07T22:15:00+00:00,1000BONKUSDT
2026-06-07T22:15:00+00:00,1000PEPEUSDT
2026-06-07T22:15:00+00:00,ARBUSDT
2026-06-07T22:15:00+00:00,AVAXUSDT
2026-06-07T22:15:00+00:00,LINKUSDT
2026-06-07T22:15:00+00:00,ZILUSDT
2026-06-08T01:30:00+00:00,BCHUSDT
2026-06-08T02:00:00+00:00,ATHUSDT
2026-06-08T08:00:00+00:00,BCHUSDT
2026-06-08T08:15:00+00:00,MEGAUSDT
2026-06-08T11:00:00+00:00,MOVEUSDT
2026-06-08T11:15:00+00:00,BERAUSDT
2026-06-08T14:30:00+00:00,BIOUSDT
2026-06-08T20:00:00+00:00,ZROUSDT
2026-06-09T00:30:00+00:00,APTUSDT
2026-06-09T00:30:00+00:00,ETCUSDT
2026-06-09T00:30:00+00:00,PENGUUSDT
2026-06-09T01:15:00+00:00,MOVEUSDT
2026-06-09T02:15:00+00:00,MEUSDT
2026-06-09T02:15:00+00:00,SAHARAUSDT
2026-06-09T08:15:00+00:00,MOVEUSDT
2026-06-09T10:15:00+00:00,SAHARAUSDT
2026-06-09T12:15:00+00:00,CHZUSDT
2026-06-09T15:15:00+00:00,MIRAUSDT
2026-06-09T16:00:00+00:00,MOVEUSDT
2026-06-09T16:30:00+00:00,XAUTUSDT
2026-06-09T17:45:00+00:00,CHZUSDT
2026-06-09T18:15:00+00:00,KATUSDT
2026-06-09T22:30:00+00:00,SAHARAUSDT
2026-06-09T23:30:00+00:00,KATUSDT
2026-06-10T00:00:00+00:00,GUSDT
2026-06-10T00:00:00+00:00,MOVEUSDT
2026-06-10T00:15:00+00:00,ELSAUSDT
2026-06-10T01:00:00+00:00,XAUTUSDT
2026-06-10T03:30:00+00:00,SKRUSDT
2026-06-10T03:45:00+00:00,KATUSDT
2026-06-10T08:15:00+00:00,MANTRAUSDT
2026-06-10T11:30:00+00:00,KATUSDT
2026-06-10T12:45:00+00:00,WLFIUSDT
2026-06-10T13:00:00+00:00,ATOMUSDT
2026-06-10T13:15:00+00:00,DOODUSDT
2026-06-10T13:45:00+00:00,SPKUSDT
2026-06-10T13:45:00+00:00,TREEUSDT
2026-06-10T16:45:00+00:00,ARBUSDT
2026-06-10T17:00:00+00:00,BIRBUSDT
2026-06-10T20:00:00+00:00,KATUSDT
2026-06-10T20:15:00+00:00,DOODUSDT
2026-06-10T20:45:00+00:00,ARBUSDT
2026-06-10T21:00:00+00:00,BIRBUSDT
2026-06-10T21:00:00+00:00,CHZUSDT
2026-06-10T21:00:00+00:00,GASUSDT
2026-06-10T22:00:00+00:00,XAUTUSDT
2026-06-11T03:45:00+00:00,KATUSDT
2026-06-11T05:15:00+00:00,DOODUSDT
2026-06-11T07:00:00+00:00,PYTHUSDT
2026-06-11T07:30:00+00:00,ATOMUSDT
2026-06-11T12:15:00+00:00,DOODUSDT
2026-06-11T12:15:00+00:00,ENSOUSDT
2026-06-11T15:00:00+00:00,CHZUSDT
2026-06-11T16:30:00+00:00,TRXUSDT
2026-06-11T17:45:00+00:00,XAUTUSDT
2026-06-11T19:15:00+00:00,AVNTUSDT
2026-06-11T21:45:00+00:00,PYTHUSDT
2026-06-12T00:15:00+00:00,XPLUSDT
2026-06-12T00:30:00+00:00,SKRUSDT
2026-06-12T01:15:00+00:00,ENSOUSDT
2026-06-12T03:15:00+00:00,PYTHUSDT
2026-06-12T03:30:00+00:00,SOPHUSDT
2026-06-12T05:00:00+00:00,BARDUSDT
2026-06-12T05:00:00+00:00,XPLUSDT
2026-06-12T06:00:00+00:00,ENSOUSDT
2026-06-12T06:15:00+00:00,DOODUSDT
2026-06-12T08:45:00+00:00,TRUMPUSDT
2026-06-12T09:45:00+00:00,XPLUSDT
2026-06-12T12:15:00+00:00,ENSOUSDT
2026-06-12T13:00:00+00:00,TRUMPUSDT
2026-06-12T13:30:00+00:00,ARBUSDT
2026-06-12T13:30:00+00:00,WLFIUSDT
2026-06-12T14:15:00+00:00,XPLUSDT
2026-06-12T18:15:00+00:00,TRUMPUSDT
2026-06-12T18:30:00+00:00,XPLUSDT
2026-06-12T22:30:00+00:00,TRUMPUSDT
2026-06-13T00:45:00+00:00,ENSOUSDT
2026-06-13T00:45:00+00:00,ESPUSDT
2026-06-13T01:30:00+00:00,SOPHUSDT
2026-06-13T04:45:00+00:00,TRUMPUSDT
2026-06-13T07:15:00+00:00,VVVUSDT
2026-06-13T07:30:00+00:00,MEGAUSDT
2026-06-13T10:00:00+00:00,ESPUSDT
2026-06-13T13:30:00+00:00,FLOCKUSDT
2026-06-13T14:30:00+00:00,TAOUSDT
2026-06-13T16:15:00+00:00,MEGAUSDT
2026-06-13T18:30:00+00:00,TAOUSDT
2026-06-13T21:00:00+00:00,MEGAUSDT
2026-06-13T22:30:00+00:00,KAITOUSDT
2026-06-14T00:30:00+00:00,ZKPUSDT
2026-06-14T00:45:00+00:00,GUSDT
2026-06-14T00:45:00+00:00,TRUMPUSDT
2026-06-14T01:00:00+00:00,MEGAUSDT
2026-06-14T03:30:00+00:00,WUSDT
2026-06-14T04:45:00+00:00,TRUMPUSDT
2026-06-14T05:00:00+00:00,ZKPUSDT
2026-06-14T08:00:00+00:00,MEGAUSDT
2026-06-14T08:30:00+00:00,KAITOUSDT
2026-06-14T09:00:00+00:00,ZKPUSDT
2026-06-14T09:15:00+00:00,REDUSDT
2026-06-14T11:00:00+00:00,SKRUSDT
2026-06-14T11:45:00+00:00,CCUSDT
2026-06-14T12:00:00+00:00,OPGUSDT
2026-06-14T12:30:00+00:00,MIRAUSDT
2026-06-14T12:45:00+00:00,GUSDT
2026-06-14T13:15:00+00:00,BIGTIMEUSDT
2026-06-14T13:15:00+00:00,MEGAUSDT
2026-06-14T13:30:00+00:00,FLOCKUSDT
2026-06-14T14:30:00+00:00,CHZUSDT
2026-06-14T14:30:00+00:00,ZKPUSDT
2026-06-14T22:00:00+00:00,OPGUSDT
2026-06-14T22:45:00+00:00,AKTUSDT
2026-06-15T00:00:00+00:00,GUSDT
2026-06-15T02:00:00+00:00,OPGUSDT
2026-06-15T02:45:00+00:00,ONTUSDT
2026-06-15T03:15:00+00:00,SKRUSDT
2026-06-15T06:45:00+00:00,OPGUSDT
2026-06-15T07:00:00+00:00,CHIPUSDT
2026-06-15T07:15:00+00:00,1000SHIBUSDT
2026-06-15T08:30:00+00:00,TAOUSDT
2026-06-15T11:30:00+00:00,OPGUSDT
2026-06-15T12:30:00+00:00,AWEUSDT
2026-06-15T13:30:00+00:00,ZROUSDT
2026-06-15T14:30:00+00:00,BSVUSDT
2026-06-15T14:30:00+00:00,OPENUSDT
2026-06-15T15:15:00+00:00,JTOUSDT
2026-06-15T16:00:00+00:00,JUPUSDT
2026-06-15T16:30:00+00:00,ENSUSDT
2026-06-15T18:45:00+00:00,CHIPUSDT
2026-06-15T23:15:00+00:00,JTOUSDT
2026-06-16T00:15:00+00:00,MIRAUSDT
2026-06-16T01:15:00+00:00,UNIUSDT
2026-06-16T03:45:00+00:00,JTOUSDT
2026-06-16T08:15:00+00:00,WLFIUSDT
2026-06-16T12:45:00+00:00,JTOUSDT
2026-06-16T13:00:00+00:00,UNIUSDT
2026-06-16T14:15:00+00:00,DOTUSDT
2026-06-16T14:15:00+00:00,SANDUSDT
2026-06-16T23:45:00+00:00,BCHUSDT
2026-06-17T01:00:00+00:00,ELSAUSDT
2026-06-17T02:30:00+00:00,UNIUSDT
2026-06-17T05:45:00+00:00,ELSAUSDT
2026-06-17T07:00:00+00:00,KAITOUSDT
2026-06-17T07:45:00+00:00,UNIUSDT
2026-06-17T08:00:00+00:00,BSVUSDT
2026-06-17T09:00:00+00:00,IDUSDT
2026-06-17T10:00:00+00:00,HOLOUSDT
2026-06-17T11:45:00+00:00,UNIUSDT
2026-06-17T12:15:00+00:00,ZAMAUSDT
2026-06-17T14:45:00+00:00,ETHFIUSDT
2026-06-17T14:45:00+00:00,XPLUSDT
2026-06-17T15:30:00+00:00,SPKUSDT
2026-06-17T16:45:00+00:00,REDUSDT
2026-06-17T18:00:00+00:00,1000PEPEUSDT
2026-06-17T18:00:00+00:00,1000SHIBUSDT
2026-06-17T18:00:00+00:00,AAVEUSDT
2026-06-17T18:00:00+00:00,AVAXUSDT
2026-06-17T18:00:00+00:00,DOTUSDT
2026-06-17T18:00:00+00:00,ELSAUSDT
2026-06-17T18:00:00+00:00,ENSUSDT
2026-06-17T18:00:00+00:00,FILUSDT
2026-06-17T18:00:00+00:00,LINKUSDT
2026-06-17T18:00:00+00:00,PENDLEUSDT
2026-06-17T18:00:00+00:00,SIGNUSDT
2026-06-17T18:00:00+00:00,XAUTUSDT
2026-06-17T19:15:00+00:00,ETHFIUSDT
2026-06-17T19:15:00+00:00,GASUSDT
2026-06-17T19:15:00+00:00,XPLUSDT
2026-06-17T19:30:00+00:00,AKTUSDT
2026-06-17T19:30:00+00:00,UNIUSDT
2026-06-17T22:00:00+00:00,ATHUSDT
2026-06-18T00:30:00+00:00,BSVUSDT
2026-06-18T00:30:00+00:00,ELSAUSDT
2026-06-18T04:00:00+00:00,0GUSDT
2026-06-18T04:00:00+00:00,APTUSDT
2026-06-18T04:00:00+00:00,MEGAUSDT
2026-06-18T04:00:00+00:00,STXUSDT
2026-06-18T04:15:00+00:00,ZKPUSDT
2026-06-18T04:30:00+00:00,TREEUSDT
2026-06-18T05:00:00+00:00,ETHFIUSDT
2026-06-18T05:00:00+00:00,GASUSDT
2026-06-18T10:00:00+00:00,ATOMUSDT
2026-06-18T11:15:00+00:00,BIOUSDT
2026-06-18T13:30:00+00:00,1000SHIBUSDT
2026-06-18T13:30:00+00:00,COWUSDT
2026-06-18T13:30:00+00:00,POLUSDT
2026-06-18T15:15:00+00:00,1000BONKUSDT
2026-06-18T15:15:00+00:00,APTUSDT
2026-06-18T15:15:00+00:00,AVAXUSDT
2026-06-18T15:15:00+00:00,DOTUSDT
2026-06-18T15:15:00+00:00,ZILUSDT
2026-06-18T15:30:00+00:00,BCHUSDT
2026-06-18T15:30:00+00:00,CHZUSDT
2026-06-18T15:30:00+00:00,ETCUSDT
2026-06-18T15:30:00+00:00,FILUSDT
2026-06-18T15:30:00+00:00,PENDLEUSDT
2026-06-18T15:30:00+00:00,SANDUSDT
2026-06-18T15:30:00+00:00,STXUSDT
2026-06-18T15:30:00+00:00,TREEUSDT
2026-06-18T15:45:00+00:00,AAVEUSDT
2026-06-18T15:45:00+00:00,REDUSDT
2026-06-19T03:15:00+00:00,1000PEPEUSDT
2026-06-19T03:15:00+00:00,AVAXUSDT
2026-06-19T03:15:00+00:00,PENGUUSDT
2026-06-19T04:30:00+00:00,CCUSDT
2026-06-19T10:00:00+00:00,CCUSDT
2026-06-19T11:15:00+00:00,DOODUSDT
2026-06-19T12:00:00+00:00,KAITOUSDT
2026-06-19T16:45:00+00:00,ELSAUSDT
2026-06-19T16:45:00+00:00,ETCUSDT
2026-06-19T17:45:00+00:00,AVAXUSDT
2026-06-19T19:15:00+00:00,BSBUSDT
2026-06-20T00:15:00+00:00,KATUSDT
2026-06-20T00:30:00+00:00,TREEUSDT
2026-06-20T01:30:00+00:00,KITEUSDT
2026-06-20T02:00:00+00:00,ENSUSDT
2026-06-20T02:15:00+00:00,AXSUSDT
2026-06-20T04:15:00+00:00,SANDUSDT
2026-06-20T06:45:00+00:00,AVAXUSDT
2026-06-20T07:00:00+00:00,AXSUSDT
2026-06-20T10:30:00+00:00,SANDUSDT
2026-06-20T11:45:00+00:00,AXSUSDT
2026-06-20T12:30:00+00:00,WUSDT
2026-06-20T15:30:00+00:00,SANDUSDT
2026-06-20T16:00:00+00:00,LSKUSDT
2026-06-20T17:45:00+00:00,AXSUSDT
2026-06-20T20:00:00+00:00,SANDUSDT
2026-06-20T22:15:00+00:00,AXSUSDT
2026-06-21T01:15:00+00:00,ENSOUSDT
2026-06-21T01:15:00+00:00,SANDUSDT
2026-06-21T05:00:00+00:00,AXSUSDT
2026-06-21T06:45:00+00:00,MMTUSDT
2026-06-21T06:45:00+00:00,WUSDT
2026-06-21T07:00:00+00:00,MANTRAUSDT
2026-06-21T11:00:00+00:00,MMTUSDT
2026-06-21T11:30:00+00:00,CHIPUSDT
2026-06-21T11:45:00+00:00,SOONUSDT
2026-06-21T12:15:00+00:00,WUSDT
2026-06-21T12:30:00+00:00,TRUMPUSDT
2026-06-21T14:30:00+00:00,JUPUSDT
2026-06-21T16:15:00+00:00,WUSDT
2026-06-21T20:00:00+00:00,COWUSDT
2026-06-21T21:00:00+00:00,SUIUSDT
2026-06-21T22:30:00+00:00,ETHFIUSDT
2026-06-22T00:30:00+00:00,AXSUSDT
2026-06-22T03:45:00+00:00,DOODUSDT
2026-06-22T08:15:00+00:00,IDUSDT
2026-06-22T10:30:00+00:00,BIOUSDT
2026-06-22T11:30:00+00:00,OPENUSDT
2026-06-22T11:45:00+00:00,WUSDT
2026-06-22T12:00:00+00:00,LAYERUSDT
2026-06-22T12:00:00+00:00,REDUSDT
2026-06-22T14:30:00+00:00,JUPUSDT
2026-06-22T15:45:00+00:00,TRXUSDT
2026-06-22T16:30:00+00:00,MMTUSDT
2026-06-22T18:15:00+00:00,WUSDT
2026-06-23T00:15:00+00:00,BCHUSDT
2026-06-23T00:15:00+00:00,ZILUSDT
2026-06-23T01:15:00+00:00,STORJUSDT
2026-06-23T01:30:00+00:00,LAYERUSDT
2026-06-23T01:30:00+00:00,OPENUSDT
2026-06-23T02:00:00+00:00,1000XECUSDT
2026-06-23T02:45:00+00:00,MMTUSDT
2026-06-23T03:00:00+00:00,REDUSDT
2026-06-23T05:00:00+00:00,FLOCKUSDT
2026-06-23T05:30:00+00:00,CCUSDT
2026-06-23T05:30:00+00:00,LAYERUSDT
2026-06-23T06:15:00+00:00,0GUSDT
2026-06-23T06:15:00+00:00,1000BONKUSDT
2026-06-23T06:15:00+00:00,1000SHIBUSDT
2026-06-23T06:15:00+00:00,1000XECUSDT
2026-06-23T06:15:00+00:00,AAVEUSDT
2026-06-23T06:15:00+00:00,AVAXUSDT
2026-06-23T06:15:00+00:00,AVNTUSDT
2026-06-23T06:15:00+00:00,AXSUSDT
2026-06-23T06:15:00+00:00,BSVUSDT
2026-06-23T06:15:00+00:00,CHZUSDT
2026-06-23T06:15:00+00:00,DOTUSDT
2026-06-23T06:15:00+00:00,ETHFIUSDT
2026-06-23T06:15:00+00:00,GASUSDT
2026-06-23T06:15:00+00:00,GUSDT
2026-06-23T06:15:00+00:00,LINKUSDT
2026-06-23T06:15:00+00:00,LSKUSDT
2026-06-23T06:15:00+00:00,STXUSDT
2026-06-23T06:15:00+00:00,SUIUSDT
2026-06-23T06:15:00+00:00,WUSDT
2026-06-23T08:15:00+00:00,1000PEPEUSDT
2026-06-23T08:15:00+00:00,APTUSDT
2026-06-23T08:15:00+00:00,ARBUSDT
2026-06-23T08:15:00+00:00,ENSOUSDT
2026-06-23T08:15:00+00:00,ETCUSDT
2026-06-23T08:15:00+00:00,FILUSDT
2026-06-23T08:15:00+00:00,JUPUSDT
2026-06-23T08:15:00+00:00,OPENUSDT
2026-06-23T08:15:00+00:00,POLUSDT
2026-06-23T09:45:00+00:00,AWEUSDT
2026-06-23T10:00:00+00:00,MONUSDT
2026-06-23T10:15:00+00:00,GUSDT
2026-06-23T10:15:00+00:00,MMTUSDT
2026-06-23T12:00:00+00:00,ATHUSDT
2026-06-23T12:00:00+00:00,LAYERUSDT
2026-06-23T14:15:00+00:00,GUSDT
2026-06-23T15:15:00+00:00,ALGOUSDT
2026-06-23T15:15:00+00:00,MMTUSDT
2026-06-23T19:15:00+00:00,PENGUUSDT
2026-06-23T22:45:00+00:00,GUSDT
2026-06-24T02:15:00+00:00,HOLOUSDT
2026-06-24T02:15:00+00:00,MMTUSDT
2026-06-24T02:45:00+00:00,GUSDT
2026-06-24T03:00:00+00:00,1000XECUSDT
2026-06-24T04:00:00+00:00,DOODUSDT
2026-06-24T05:45:00+00:00,AVNTUSDT
2026-06-24T07:45:00+00:00,GUSDT
2026-06-24T11:00:00+00:00,AAVEUSDT
2026-06-24T11:00:00+00:00,AVNTUSDT
2026-06-24T11:00:00+00:00,JUPUSDT
2026-06-24T12:15:00+00:00,GUSDT
2026-06-24T12:15:00+00:00,XAUTUSDT
2026-06-24T13:15:00+00:00,BSVUSDT
2026-06-24T15:00:00+00:00,STXUSDT
2026-06-24T15:30:00+00:00,1000SHIBUSDT
2026-06-24T15:30:00+00:00,AAVEUSDT
2026-06-24T15:45:00+00:00,DOTUSDT
2026-06-24T16:45:00+00:00,0GUSDT
2026-06-24T16:45:00+00:00,1000BONKUSDT
2026-06-24T16:45:00+00:00,1000PEPEUSDT
2026-06-24T16:45:00+00:00,1000XECUSDT
2026-06-24T16:45:00+00:00,ALGOUSDT
2026-06-24T16:45:00+00:00,APTUSDT
2026-06-24T16:45:00+00:00,ARBUSDT
2026-06-24T16:45:00+00:00,BERAUSDT
2026-06-24T16:45:00+00:00,BIGTIMEUSDT
2026-06-24T16:45:00+00:00,DOODUSDT
2026-06-24T16:45:00+00:00,FILUSDT
2026-06-24T16:45:00+00:00,GUSDT
2026-06-24T16:45:00+00:00,LINKUSDT
2026-06-24T16:45:00+00:00,MONUSDT
2026-06-24T16:45:00+00:00,PLUMEUSDT
2026-06-24T16:45:00+00:00,REDUSDT
2026-06-24T16:45:00+00:00,SANDUSDT
2026-06-24T16:45:00+00:00,SPKUSDT
2026-06-24T16:45:00+00:00,SUIUSDT
2026-06-24T16:45:00+00:00,TREEUSDT
2026-06-24T16:45:00+00:00,VIRTUALUSDT
2026-06-24T16:45:00+00:00,ZILUSDT
2026-06-24T17:00:00+00:00,POLUSDT
2026-06-24T17:30:00+00:00,JUPUSDT
2026-06-24T22:30:00+00:00,AAVEUSDT
2026-06-25T00:00:00+00:00,ONTUSDT
2026-06-25T00:30:00+00:00,MEUSDT
2026-06-25T03:00:00+00:00,AAVEUSDT
2026-06-25T03:45:00+00:00,0GUSDT
2026-06-25T06:30:00+00:00,MEUSDT
2026-06-25T08:30:00+00:00,ELSAUSDT
2026-06-25T09:45:00+00:00,HYPERUSDT
2026-06-25T10:15:00+00:00,AAVEUSDT
2026-06-25T11:15:00+00:00,SPKUSDT
2026-06-25T12:00:00+00:00,FLOCKUSDT
2026-06-25T13:15:00+00:00,AWEUSDT
2026-06-25T13:30:00+00:00,GUSDT
2026-06-25T13:30:00+00:00,JUPUSDT
2026-06-25T13:30:00+00:00,KITEUSDT
2026-06-25T13:45:00+00:00,0GUSDT
2026-06-25T13:45:00+00:00,1000BONKUSDT
2026-06-25T13:45:00+00:00,1000PEPEUSDT
2026-06-25T13:45:00+00:00,1000SHIBUSDT
2026-06-25T13:45:00+00:00,1000XECUSDT
2026-06-25T13:45:00+00:00,AKTUSDT
2026-06-25T13:45:00+00:00,ALGOUSDT
2026-06-25T13:45:00+00:00,APTUSDT
2026-06-25T13:45:00+00:00,ARBUSDT
2026-06-25T13:45:00+00:00,ATOMUSDT
2026-06-25T13:45:00+00:00,AVAXUSDT
2026-06-25T13:45:00+00:00,AVNTUSDT
2026-06-25T13:45:00+00:00,BARDUSDT
2026-06-25T13:45:00+00:00,BERAUSDT
2026-06-25T13:45:00+00:00,BIGTIMEUSDT
2026-06-25T13:45:00+00:00,BIOUSDT
2026-06-25T13:45:00+00:00,BSVUSDT
2026-06-25T13:45:00+00:00,CFGUSDT
2026-06-25T13:45:00+00:00,CHIPUSDT
2026-06-25T13:45:00+00:00,CHZUSDT
2026-06-25T13:45:00+00:00,DOODUSDT
2026-06-25T13:45:00+00:00,DOTUSDT
2026-06-25T13:45:00+00:00,ENSOUSDT
2026-06-25T13:45:00+00:00,ENSUSDT
2026-06-25T13:45:00+00:00,ETCUSDT
2026-06-25T13:45:00+00:00,ETHFIUSDT
2026-06-25T13:45:00+00:00,FILUSDT
2026-06-25T13:45:00+00:00,GASUSDT
2026-06-25T13:45:00+00:00,HYPERUSDT
2026-06-25T13:45:00+00:00,INJUSDT
2026-06-25T13:45:00+00:00,LINKUSDT
2026-06-25T13:45:00+00:00,MEUSDT
2026-06-25T13:45:00+00:00,ONTUSDT
2026-06-25T13:45:00+00:00,OPENUSDT
2026-06-25T13:45:00+00:00,PENGUUSDT
2026-06-25T13:45:00+00:00,PLUMEUSDT
2026-06-25T13:45:00+00:00,POLUSDT
2026-06-25T13:45:00+00:00,PUMPUSDT
2026-06-25T13:45:00+00:00,PYTHUSDT
2026-06-25T13:45:00+00:00,REDUSDT
2026-06-25T13:45:00+00:00,RVNUSDT
2026-06-25T13:45:00+00:00,SANDUSDT
2026-06-25T13:45:00+00:00,SEIUSDT
2026-06-25T13:45:00+00:00,SOONUSDT
2026-06-25T13:45:00+00:00,SOPHUSDT
2026-06-25T13:45:00+00:00,STORJUSDT
2026-06-25T13:45:00+00:00,STXUSDT
2026-06-25T13:45:00+00:00,SUIUSDT
2026-06-25T13:45:00+00:00,TAOUSDT
2026-06-25T13:45:00+00:00,TRUMPUSDT
2026-06-25T13:45:00+00:00,TRXUSDT
2026-06-25T13:45:00+00:00,VIRTUALUSDT
2026-06-25T13:45:00+00:00,WUSDT
2026-06-25T13:45:00+00:00,ZILUSDT
2026-06-25T18:00:00+00:00,SPKUSDT
2026-06-25T18:15:00+00:00,AAVEUSDT
2026-06-25T23:15:00+00:00,SKRUSDT
2026-06-25T23:45:00+00:00,GUSDT
2026-06-25T23:45:00+00:00,IRYSUSDT
2026-06-26T02:00:00+00:00,DOTUSDT
2026-06-26T02:45:00+00:00,KAITOUSDT
2026-06-26T03:00:00+00:00,WLFIUSDT
2026-06-26T03:45:00+00:00,GUSDT
2026-06-26T04:15:00+00:00,ATOMUSDT
2026-06-26T04:30:00+00:00,ESPUSDT
2026-06-26T04:45:00+00:00,JTOUSDT
2026-06-26T07:30:00+00:00,DOODUSDT
2026-06-26T08:00:00+00:00,AWEUSDT
2026-06-26T10:45:00+00:00,GUSDT
2026-06-26T12:30:00+00:00,AAVEUSDT
2026-06-26T12:30:00+00:00,ESPUSDT
2026-06-26T13:15:00+00:00,AWEUSDT
2026-06-26T14:45:00+00:00,KAITOUSDT
2026-06-26T17:45:00+00:00,AAVEUSDT
2026-06-26T20:30:00+00:00,WUSDT
2026-06-27T00:00:00+00:00,ESPUSDT
2026-06-27T00:00:00+00:00,GUSDT
2026-06-27T03:15:00+00:00,AAVEUSDT
2026-06-27T04:00:00+00:00,STORJUSDT
2026-06-27T04:30:00+00:00,HYPERUSDT
2026-06-27T07:30:00+00:00,BSVUSDT
2026-06-27T07:45:00+00:00,LSKUSDT
2026-06-27T10:45:00+00:00,GASUSDT
2026-06-27T11:15:00+00:00,AWEUSDT
2026-06-27T12:45:00+00:00,BSVUSDT
2026-06-27T15:15:00+00:00,INUSDT
2026-06-27T17:00:00+00:00,BSVUSDT
2026-06-27T19:15:00+00:00,WUSDT
2026-06-27T19:45:00+00:00,0GUSDT
2026-06-28T03:00:00+00:00,BSVUSDT
2026-06-28T03:45:00+00:00,PIEVERSEUSDT
2026-06-28T04:30:00+00:00,LSKUSDT
2026-06-28T05:30:00+00:00,AWEUSDT
2026-06-28T05:30:00+00:00,STORJUSDT
2026-06-28T06:15:00+00:00,KITEUSDT
2026-06-28T07:15:00+00:00,AAVEUSDT
2026-06-28T12:30:00+00:00,DOODUSDT
2026-06-28T12:30:00+00:00,GASUSDT
2026-06-28T12:30:00+00:00,LSKUSDT
2026-06-28T13:15:00+00:00,BIRBUSDT
2026-06-28T13:30:00+00:00,1000XECUSDT
2026-06-28T14:30:00+00:00,AWEUSDT
2026-06-28T18:45:00+00:00,GASUSDT
2026-06-28T21:45:00+00:00,CFGUSDT
2026-06-29T01:45:00+00:00,GASUSDT
2026-06-29T03:30:00+00:00,VANAUSDT
2026-06-29T05:45:00+00:00,GASUSDT
2026-06-29T11:30:00+00:00,RVNUSDT
2026-06-29T12:45:00+00:00,VANAUSDT
2026-06-29T13:00:00+00:00,INUSDT
2026-06-29T13:15:00+00:00,COWUSDT
2026-06-29T17:15:00+00:00,COWUSDT
2026-06-29T18:45:00+00:00,KITEUSDT
2026-06-30T00:30:00+00:00,GASUSDT
2026-06-30T01:00:00+00:00,XAUTUSDT
2026-06-30T02:45:00+00:00,WLFIUSDT
2026-06-30T03:00:00+00:00,KAITOUSDT
2026-06-30T03:00:00+00:00,ONTUSDT
2026-06-30T03:30:00+00:00,VANAUSDT
2026-06-30T05:30:00+00:00,GASUSDT
2026-06-30T09:30:00+00:00,HYPERUSDT
2026-06-30T10:00:00+00:00,CCUSDT
2026-06-30T11:15:00+00:00,PENDLEUSDT
2026-06-30T11:15:00+00:00,PRLUSDT
2026-06-30T11:15:00+00:00,REDUSDT
2026-06-30T11:30:00+00:00,PYTHUSDT
2026-06-30T12:00:00+00:00,BIGTIMEUSDT
2026-06-30T13:15:00+00:00,COWUSDT
2026-06-30T13:45:00+00:00,ESPUSDT
2026-06-30T15:30:00+00:00,INUSDT
2026-06-30T15:30:00+00:00,ZBTUSDT
2026-06-30T16:45:00+00:00,TRXUSDT
2026-06-30T18:00:00+00:00,ESPUSDT
2026-06-30T18:15:00+00:00,BIOUSDT
2026-06-30T18:15:00+00:00,FFUSDT
2026-06-30T18:30:00+00:00,PYTHUSDT
2026-06-30T19:30:00+00:00,INUSDT
2026-06-30T20:45:00+00:00,WLFIUSDT
2026-06-30T21:15:00+00:00,ZBTUSDT
2026-07-01T01:00:00+00:00,1000BONKUSDT
2026-07-01T01:00:00+00:00,1000PEPEUSDT
2026-07-01T01:00:00+00:00,ATOMUSDT
2026-07-01T01:00:00+00:00,ONTUSDT
2026-07-01T01:00:00+00:00,PYTHUSDT
2026-07-01T02:30:00+00:00,COWUSDT
2026-07-01T04:00:00+00:00,ZBTUSDT
2026-07-01T06:30:00+00:00,PYTHUSDT
2026-07-01T06:45:00+00:00,1000PEPEUSDT
2026-07-01T08:00:00+00:00,BSVUSDT
2026-07-01T08:45:00+00:00,ZBTUSDT
2026-07-01T12:30:00+00:00,HYPERUSDT
2026-07-01T13:15:00+00:00,ZBTUSDT
2026-07-01T14:45:00+00:00,VVVUSDT
2026-07-01T19:15:00+00:00,BSVUSDT
2026-07-01T19:30:00+00:00,ZBTUSDT
2026-07-01T20:15:00+00:00,STORJUSDT
2026-07-01T23:00:00+00:00,1000SHIBUSDT
2026-07-02T00:45:00+00:00,ZBTUSDT
2026-07-02T02:15:00+00:00,BIRBUSDT
2026-07-02T05:00:00+00:00,ZBTUSDT
2026-07-02T05:30:00+00:00,DEEPUSDT
2026-07-02T05:30:00+00:00,MEUSDT
2026-07-02T05:45:00+00:00,DOODUSDT
2026-07-02T06:45:00+00:00,BIRBUSDT
2026-07-02T07:15:00+00:00,MIRAUSDT
2026-07-02T07:30:00+00:00,TREEUSDT
2026-07-02T08:00:00+00:00,ERAUSDT
2026-07-02T08:00:00+00:00,REDUSDT
2026-07-02T08:45:00+00:00,BERAUSDT
2026-07-02T09:00:00+00:00,0GUSDT
2026-07-02T09:00:00+00:00,FFUSDT
2026-07-02T10:15:00+00:00,DEEPUSDT
2026-07-02T10:45:00+00:00,BIRBUSDT
2026-07-02T11:45:00+00:00,MEUSDT
2026-07-02T11:45:00+00:00,OPENUSDT
2026-07-02T13:30:00+00:00,SKRUSDT
2026-07-02T14:30:00+00:00,DEEPUSDT
2026-07-02T14:30:00+00:00,FLOCKUSDT
2026-07-02T15:00:00+00:00,ENSUSDT
2026-07-02T15:15:00+00:00,PYTHUSDT
2026-07-02T16:00:00+00:00,ZAMAUSDT
2026-07-02T16:15:00+00:00,BIRBUSDT
2026-07-02T21:00:00+00:00,DEEPUSDT
2026-07-02T21:15:00+00:00,MEUSDT
2026-07-02T21:15:00+00:00,REDUSDT
2026-07-02T21:30:00+00:00,BARDUSDT
2026-07-02T23:45:00+00:00,BIRBUSDT
2026-07-03T01:45:00+00:00,MIRAUSDT
2026-07-03T02:30:00+00:00,ELSAUSDT
2026-07-03T03:00:00+00:00,LAUSDT
2026-07-03T03:15:00+00:00,ZKPUSDT
2026-07-03T06:00:00+00:00,MIRAUSDT
2026-07-03T07:15:00+00:00,LAUSDT
2026-07-03T07:30:00+00:00,IDUSDT
2026-07-03T09:30:00+00:00,ZKPUSDT
2026-07-03T12:00:00+00:00,KITEUSDT
2026-07-03T14:00:00+00:00,ZKPUSDT
2026-07-03T14:15:00+00:00,WLFIUSDT
2026-07-03T15:00:00+00:00,ETHFIUSDT
2026-07-03T15:45:00+00:00,PUMPUSDT
2026-07-03T20:45:00+00:00,ZKPUSDT
2026-07-03T22:00:00+00:00,1000BONKUSDT
2026-07-03T22:00:00+00:00,1000SHIBUSDT
2026-07-04T00:00:00+00:00,ERAUSDT
2026-07-04T00:30:00+00:00,FLOCKUSDT
2026-07-04T01:15:00+00:00,MIRAUSDT
2026-07-04T04:00:00+00:00,JUPUSDT
2026-07-04T06:00:00+00:00,ZAMAUSDT
2026-07-04T07:15:00+00:00,ELSAUSDT
2026-07-04T07:15:00+00:00,MIRAUSDT
2026-07-04T07:30:00+00:00,AWEUSDT
2026-07-04T07:30:00+00:00,FLOCKUSDT
2026-07-04T08:15:00+00:00,KAITOUSDT
2026-07-04T09:30:00+00:00,STORJUSDT
2026-07-04T11:30:00+00:00,ETHFIUSDT
2026-07-04T11:30:00+00:00,MIRAUSDT
2026-07-04T17:00:00+00:00,1000BONKUSDT
2026-07-04T17:30:00+00:00,ETHFIUSDT
2026-07-04T17:30:00+00:00,ZILUSDT
2026-07-04T19:00:00+00:00,MIRAUSDT
2026-07-04T23:45:00+00:00,1000BONKUSDT
2026-07-05T00:00:00+00:00,HBARUSDT
2026-07-05T00:00:00+00:00,MIRAUSDT
2026-07-05T00:00:00+00:00,VVVUSDT
2026-07-05T00:30:00+00:00,BSVUSDT
2026-07-05T00:45:00+00:00,ONTUSDT
2026-07-05T05:30:00+00:00,COWUSDT
2026-07-05T07:45:00+00:00,KAITOUSDT
2026-07-05T08:15:00+00:00,BSVUSDT
2026-07-05T08:45:00+00:00,REDUSDT
2026-07-05T09:30:00+00:00,ZORAUSDT
2026-07-05T10:30:00+00:00,PENDLEUSDT
2026-07-05T12:00:00+00:00,MIRAUSDT
2026-07-05T14:00:00+00:00,PYTHUSDT
2026-07-05T17:30:00+00:00,1000BONKUSDT
2026-07-05T18:00:00+00:00,ATHUSDT
2026-07-05T20:00:00+00:00,KAITOUSDT
2026-07-05T22:30:00+00:00,ATHUSDT
2026-07-05T22:30:00+00:00,MONUSDT
2026-07-06T08:00:00+00:00,BSVUSDT
2026-07-06T09:30:00+00:00,1000BONKUSDT
2026-07-06T09:30:00+00:00,COWUSDT
2026-07-06T09:45:00+00:00,VIRTUALUSDT
2026-07-06T10:15:00+00:00,IRYSUSDT
2026-07-06T11:15:00+00:00,BERAUSDT
2026-07-06T12:00:00+00:00,1000PEPEUSDT
2026-07-06T12:00:00+00:00,1000SHIBUSDT
2026-07-06T12:00:00+00:00,APTUSDT
2026-07-06T12:00:00+00:00,ARBUSDT
2026-07-06T12:00:00+00:00,ATOMUSDT
2026-07-06T12:00:00+00:00,AVAXUSDT
2026-07-06T12:00:00+00:00,BIGTIMEUSDT
2026-07-06T12:00:00+00:00,ENSUSDT
2026-07-06T12:00:00+00:00,ETCUSDT
2026-07-06T12:00:00+00:00,ETHFIUSDT
2026-07-06T12:00:00+00:00,FILUSDT
2026-07-06T12:00:00+00:00,HBARUSDT
2026-07-06T12:00:00+00:00,LINKUSDT
2026-07-06T12:00:00+00:00,MONUSDT
2026-07-06T12:00:00+00:00,PENDLEUSDT
2026-07-06T12:00:00+00:00,PENGUUSDT
2026-07-06T12:00:00+00:00,PLUMEUSDT
2026-07-06T12:00:00+00:00,RENDERUSDT
2026-07-06T12:00:00+00:00,SEIUSDT
2026-07-06T12:00:00+00:00,STXUSDT
2026-07-06T12:00:00+00:00,SUIUSDT
2026-07-06T12:00:00+00:00,VANAUSDT
2026-07-06T12:00:00+00:00,ZILUSDT
2026-07-06T16:00:00+00:00,MONUSDT
2026-07-06T16:15:00+00:00,NEARUSDT
2026-07-06T16:45:00+00:00,PYTHUSDT
2026-07-06T17:15:00+00:00,1000BONKUSDT
2026-07-06T18:00:00+00:00,CHIPUSDT
2026-07-06T23:30:00+00:00,KITEUSDT
2026-07-07T01:00:00+00:00,EDGEUSDT
2026-07-07T04:45:00+00:00,OPGUSDT
2026-07-07T04:45:00+00:00,SKRUSDT
2026-07-07T05:45:00+00:00,EDGEUSDT
2026-07-07T06:45:00+00:00,SIGNUSDT
2026-07-07T08:00:00+00:00,1000BONKUSDT
2026-07-07T08:30:00+00:00,CHIPUSDT
2026-07-07T10:45:00+00:00,EDGEUSDT
2026-07-07T13:00:00+00:00,PENDLEUSDT
2026-07-07T13:15:00+00:00,XAUTUSDT
2026-07-07T14:30:00+00:00,SIGNUSDT
2026-07-07T16:45:00+00:00,KAITOUSDT
2026-07-07T17:45:00+00:00,EDGEUSDT
2026-07-07T18:15:00+00:00,INJUSDT
2026-07-07T18:45:00+00:00,APTUSDT
2026-07-07T21:15:00+00:00,ERAUSDT
2026-07-07T22:00:00+00:00,EDGEUSDT
2026-07-08T01:30:00+00:00,0GUSDT
2026-07-08T01:30:00+00:00,BIGTIMEUSDT
2026-07-08T01:30:00+00:00,DOODUSDT
2026-07-08T01:30:00+00:00,FILUSDT
2026-07-08T01:30:00+00:00,NEARUSDT
2026-07-08T01:30:00+00:00,PENGUUSDT
2026-07-08T01:45:00+00:00,BSVUSDT
2026-07-08T02:00:00+00:00,AVAXUSDT
2026-07-08T02:00:00+00:00,BERAUSDT
2026-07-08T02:00:00+00:00,ETHFIUSDT
2026-07-08T02:00:00+00:00,SEIUSDT
2026-07-08T02:00:00+00:00,STXUSDT
2026-07-08T02:30:00+00:00,EDGEUSDT
2026-07-08T07:00:00+00:00,KAITOUSDT
2026-07-08T07:15:00+00:00,FFUSDT
2026-07-08T08:00:00+00:00,BSVUSDT
2026-07-08T08:15:00+00:00,APTUSDT
2026-07-08T08:15:00+00:00,BIGTIMEUSDT
2026-07-08T08:15:00+00:00,ENSOUSDT
2026-07-08T08:15:00+00:00,ENSUSDT
2026-07-08T08:15:00+00:00,FILUSDT
2026-07-08T08:15:00+00:00,LINKUSDT
2026-07-08T08:15:00+00:00,UNIUSDT
2026-07-08T08:15:00+00:00,XAUTUSDT
2026-07-08T08:30:00+00:00,PENDLEUSDT
2026-07-08T08:30:00+00:00,PUMPUSDT
2026-07-08T08:45:00+00:00,JUPUSDT
2026-07-08T09:15:00+00:00,0GUSDT
2026-07-08T10:15:00+00:00,EDGEUSDT
2026-07-08T11:00:00+00:00,ONTUSDT
2026-07-08T11:45:00+00:00,KAITOUSDT
2026-07-08T12:00:00+00:00,ELSAUSDT
2026-07-08T12:30:00+00:00,RVNUSDT
2026-07-08T12:45:00+00:00,APTUSDT
2026-07-08T14:30:00+00:00,EDGEUSDT
2026-07-08T16:00:00+00:00,ZAMAUSDT
2026-07-08T16:30:00+00:00,HYPERUSDT
2026-07-08T17:00:00+00:00,INJUSDT
2026-07-08T18:45:00+00:00,EDGEUSDT
2026-07-08T20:15:00+00:00,LSKUSDT
2026-07-09T05:15:00+00:00,ARBUSDT
2026-07-09T05:30:00+00:00,ENSUSDT
2026-07-09T07:15:00+00:00,HBARUSDT
2026-07-09T12:45:00+00:00,ARBUSDT
2026-07-09T14:15:00+00:00,JUPUSDT
2026-07-09T18:15:00+00:00,RVNUSDT
2026-07-09T21:30:00+00:00,ARBUSDT
2026-07-09T22:30:00+00:00,RVNUSDT
2026-07-10T02:30:00+00:00,RVNUSDT
2026-07-10T03:00:00+00:00,ARBUSDT
2026-07-10T05:00:00+00:00,AWEUSDT
2026-07-10T07:30:00+00:00,RVNUSDT
2026-07-10T07:30:00+00:00,TRXUSDT
2026-07-10T08:00:00+00:00,KATUSDT
2026-07-10T08:45:00+00:00,IRYSUSDT
2026-07-10T14:00:00+00:00,BERAUSDT
2026-07-10T14:00:00+00:00,COWUSDT
2026-07-10T14:15:00+00:00,ARBUSDT
2026-07-10T14:30:00+00:00,DOTUSDT
2026-07-10T14:30:00+00:00,XAUTUSDT
2026-07-10T15:15:00+00:00,KATUSDT
2026-07-10T15:15:00+00:00,VANAUSDT
2026-07-10T15:45:00+00:00,RVNUSDT
2026-07-10T17:00:00+00:00,1000PEPEUSDT
2026-07-10T18:30:00+00:00,VIRTUALUSDT
2026-07-10T19:30:00+00:00,MMTUSDT
2026-07-10T19:45:00+00:00,PLUMEUSDT
2026-07-11T00:00:00+00:00,KATUSDT
2026-07-11T00:15:00+00:00,AWEUSDT
2026-07-11T01:00:00+00:00,MMTUSDT
2026-07-11T01:00:00+00:00,VIRTUALUSDT
2026-07-11T04:00:00+00:00,BIGTIMEUSDT
2026-07-11T04:15:00+00:00,KATUSDT
2026-07-11T05:15:00+00:00,VIRTUALUSDT
2026-07-11T07:15:00+00:00,ESPUSDT
2026-07-11T08:00:00+00:00,HBARUSDT
2026-07-11T08:45:00+00:00,ELSAUSDT
2026-07-11T09:45:00+00:00,1000BONKUSDT
2026-07-11T10:15:00+00:00,VIRTUALUSDT
2026-07-11T12:45:00+00:00,ZILUSDT
2026-07-11T13:30:00+00:00,MMTUSDT
2026-07-11T14:30:00+00:00,ARBUSDT
2026-07-11T15:30:00+00:00,VIRTUALUSDT
2026-07-11T17:00:00+00:00,HYPERUSDT
2026-07-11T17:15:00+00:00,STEEMUSDT
2026-07-11T18:30:00+00:00,LAUSDT
2026-07-11T19:00:00+00:00,TREEUSDT
2026-07-11T23:15:00+00:00,PENGUUSDT
2026-07-12T00:00:00+00:00,ETCUSDT
2026-07-12T00:00:00+00:00,HBARUSDT
2026-07-12T00:15:00+00:00,ZILUSDT
2026-07-12T01:00:00+00:00,STEEMUSDT
2026-07-12T01:45:00+00:00,AWEUSDT
2026-07-12T02:45:00+00:00,TREEUSDT
2026-07-12T03:15:00+00:00,ERAUSDT
2026-07-12T03:45:00+00:00,ARBUSDT
2026-07-12T04:45:00+00:00,ELSAUSDT
2026-07-12T04:45:00+00:00,WLFIUSDT
2026-07-12T06:00:00+00:00,STEEMUSDT
2026-07-12T08:00:00+00:00,ZROUSDT
2026-07-12T09:45:00+00:00,REDUSDT
2026-07-12T14:30:00+00:00,ERAUSDT
2026-07-12T15:15:00+00:00,STXUSDT
2026-07-12T16:00:00+00:00,REDUSDT
2026-07-12T17:30:00+00:00,OPENUSDT
2026-07-12T21:00:00+00:00,STORJUSDT
2026-07-12T22:00:00+00:00,APTUSDT
2026-07-12T22:00:00+00:00,BCHUSDT
2026-07-12T22:00:00+00:00,XAUTUSDT
2026-07-13T02:15:00+00:00,1000XECUSDT
2026-07-13T03:00:00+00:00,ERAUSDT
2026-07-13T03:45:00+00:00,SOONUSDT
2026-07-13T05:15:00+00:00,KITEUSDT
2026-07-13T06:30:00+00:00,BSVUSDT
2026-07-13T07:00:00+00:00,1000XECUSDT
2026-07-13T07:45:00+00:00,PUMPUSDT
2026-07-13T10:30:00+00:00,KITEUSDT
2026-07-13T10:30:00+00:00,TRXUSDT
2026-07-13T12:00:00+00:00,POLUSDT
2026-07-13T12:15:00+00:00,1000XECUSDT
2026-07-13T12:45:00+00:00,SKRUSDT
2026-07-13T13:00:00+00:00,MANTRAUSDT
2026-07-13T14:15:00+00:00,XAUTUSDT
2026-07-13T16:00:00+00:00,KITEUSDT
2026-07-13T16:30:00+00:00,1000BONKUSDT
2026-07-13T18:30:00+00:00,1000XECUSDT
2026-07-13T21:30:00+00:00,BIGTIMEUSDT
2026-07-13T21:30:00+00:00,FILUSDT
2026-07-13T21:30:00+00:00,VANAUSDT
2026-07-13T22:00:00+00:00,TRXUSDT
2026-07-13T22:45:00+00:00,1000XECUSDT
2026-07-14T01:45:00+00:00,ZBTUSDT
2026-07-14T02:15:00+00:00,BCHUSDT
2026-07-14T03:00:00+00:00,1000XECUSDT
2026-07-14T04:00:00+00:00,VANAUSDT
2026-07-14T06:00:00+00:00,ZBTUSDT
2026-07-14T07:00:00+00:00,KITEUSDT
2026-07-14T08:45:00+00:00,FFUSDT
2026-07-14T09:45:00+00:00,PUMPUSDT
2026-07-14T10:45:00+00:00,ZAMAUSDT
2026-07-14T11:30:00+00:00,VANAUSDT
2026-07-14T11:45:00+00:00,ZBTUSDT
2026-07-14T15:45:00+00:00,PUMPUSDT
2026-07-15T00:30:00+00:00,VANAUSDT
2026-07-15T02:00:00+00:00,TAOUSDT
2026-07-15T02:15:00+00:00,PUMPUSDT
2026-07-15T03:00:00+00:00,SKRUSDT
2026-07-15T03:45:00+00:00,ZBTUSDT
2026-07-15T05:30:00+00:00,0GUSDT
2026-07-15T06:00:00+00:00,POLUSDT
2026-07-15T06:45:00+00:00,PIEVERSEUSDT
2026-07-15T09:00:00+00:00,CCUSDT
2026-07-15T09:45:00+00:00,1000XECUSDT
2026-07-15T10:30:00+00:00,KAITOUSDT
2026-07-15T12:45:00+00:00,0GUSDT
2026-07-15T13:15:00+00:00,CCUSDT
2026-07-15T13:15:00+00:00,FLOCKUSDT
2026-07-15T14:15:00+00:00,FFUSDT
2026-07-15T16:00:00+00:00,1000PEPEUSDT
2026-07-15T16:00:00+00:00,1000SHIBUSDT
2026-07-15T16:15:00+00:00,TRXUSDT
2026-07-15T16:30:00+00:00,WLFIUSDT
2026-07-15T17:30:00+00:00,ZORAUSDT
2026-07-15T19:30:00+00:00,0GUSDT
2026-07-15T20:00:00+00:00,FLOCKUSDT
2026-07-15T21:15:00+00:00,CCUSDT
2026-07-16T00:30:00+00:00,VANAUSDT
2026-07-16T02:00:00+00:00,MEGAUSDT
2026-07-16T06:45:00+00:00,FFUSDT
2026-07-16T07:15:00+00:00,1000BONKUSDT
2026-07-16T07:30:00+00:00,1000PEPEUSDT
2026-07-16T07:30:00+00:00,PENGUUSDT
2026-07-16T08:00:00+00:00,APTUSDT
2026-07-16T08:00:00+00:00,BIGTIMEUSDT
2026-07-16T08:00:00+00:00,ETCUSDT
2026-07-16T08:00:00+00:00,LINKUSDT
2026-07-16T09:00:00+00:00,FLOCKUSDT
2026-07-16T14:15:00+00:00,FLOCKUSDT
2026-07-16T14:30:00+00:00,MANTRAUSDT
2026-07-16T15:30:00+00:00,CFGUSDT
2026-07-16T16:00:00+00:00,ERAUSDT
2026-07-16T17:45:00+00:00,ZAMAUSDT
2026-07-16T18:00:00+00:00,AWEUSDT
2026-07-16T18:30:00+00:00,1000BONKUSDT
2026-07-16T19:15:00+00:00,PLUMEUSDT
2026-07-16T20:30:00+00:00,BARDUSDT
2026-07-16T22:45:00+00:00,GASUSDT
2026-07-17T00:30:00+00:00,VANAUSDT
2026-07-17T00:45:00+00:00,BARDUSDT
2026-07-17T00:45:00+00:00,LAUSDT
2026-07-17T03:30:00+00:00,CFGUSDT
2026-07-17T07:45:00+00:00,ENSUSDT
2026-07-17T07:45:00+00:00,TREEUSDT
2026-07-17T08:15:00+00:00,1000XECUSDT
2026-07-17T08:15:00+00:00,BSVUSDT
2026-07-17T08:15:00+00:00,LAUSDT
2026-07-17T08:15:00+00:00,SUIUSDT
2026-07-17T08:30:00+00:00,NEARUSDT
2026-07-17T11:30:00+00:00,BCHUSDT
2026-07-17T12:15:00+00:00,ENSUSDT
2026-07-17T12:15:00+00:00,ZORAUSDT
2026-07-17T13:00:00+00:00,1000SHIBUSDT
2026-07-17T13:00:00+00:00,KAITOUSDT
2026-07-17T13:00:00+00:00,LAUSDT
2026-07-17T13:00:00+00:00,LINKUSDT
2026-07-17T13:00:00+00:00,PENGUUSDT
2026-07-17T13:00:00+00:00,TREEUSDT
2026-07-17T13:15:00+00:00,ZILUSDT
2026-07-17T14:15:00+00:00,COWUSDT
2026-07-17T14:45:00+00:00,1000XECUSDT
2026-07-17T17:00:00+00:00,ENSUSDT
2026-07-17T17:00:00+00:00,VVVUSDT
2026-07-17T19:00:00+00:00,POLUSDT
2026-07-17T22:15:00+00:00,ERAUSDT
2026-07-18T00:30:00+00:00,FFUSDT
2026-07-18T00:45:00+00:00,DOODUSDT
2026-07-18T01:00:00+00:00,TREEUSDT
2026-07-18T03:15:00+00:00,TRUMPUSDT
2026-07-18T04:45:00+00:00,DOODUSDT
2026-07-18T06:45:00+00:00,KITEUSDT
2026-07-18T08:15:00+00:00,GUSDT
2026-07-18T08:45:00+00:00,GASUSDT
2026-07-18T09:15:00+00:00,ERAUSDT
2026-07-18T09:30:00+00:00,FFUSDT
2026-07-18T10:15:00+00:00,TRUMPUSDT
2026-07-18T12:45:00+00:00,1000XECUSDT
2026-07-18T13:30:00+00:00,GASUSDT
2026-07-18T14:15:00+00:00,ETHFIUSDT
2026-07-18T14:30:00+00:00,1000BONKUSDT
2026-07-18T16:00:00+00:00,ZILUSDT
2026-07-19T00:15:00+00:00,ZORAUSDT
2026-07-19T05:30:00+00:00,VANAUSDT
2026-07-19T07:00:00+00:00,ZORAUSDT
2026-07-19T08:00:00+00:00,OPGUSDT
2026-07-19T10:00:00+00:00,ATHUSDT
2026-07-19T10:30:00+00:00,BARDUSDT
2026-07-19T10:45:00+00:00,GUSDT
2026-07-19T10:45:00+00:00,MANTRAUSDT
2026-07-19T11:30:00+00:00,ZORAUSDT
2026-07-19T12:00:00+00:00,ZILUSDT
2026-07-19T13:15:00+00:00,KAITOUSDT
2026-07-19T13:15:00+00:00,SKRUSDT
2026-07-19T14:15:00+00:00,ERAUSDT
2026-07-19T16:45:00+00:00,ZILUSDT
2026-07-19T17:00:00+00:00,HYPERUSDT
2026-07-19T21:30:00+00:00,PUMPUSDT
2026-07-19T21:30:00+00:00,TRUMPUSDT
2026-07-19T21:30:00+00:00,ZILUSDT
2026-07-19T22:00:00+00:00,XAUTUSDT
2026-07-20T02:00:00+00:00,SIGNUSDT
2026-07-20T04:15:00+00:00,ZILUSDT
2026-07-20T05:00:00+00:00,ATHUSDT
2026-07-20T05:00:00+00:00,CHZUSDT
2026-07-20T05:00:00+00:00,ERAUSDT
2026-07-20T06:30:00+00:00,ETCUSDT
2026-07-20T08:30:00+00:00,AWEUSDT
2026-07-20T09:00:00+00:00,ZILUSDT
2026-07-20T09:15:00+00:00,CCUSDT
2026-07-20T09:30:00+00:00,ZAMAUSDT
2026-07-20T10:30:00+00:00,PUMPUSDT
2026-07-20T13:45:00+00:00,ZAMAUSDT
2026-07-20T16:00:00+00:00,PUMPUSDT
2026-07-20T16:15:00+00:00,APTUSDT
2026-07-20T20:30:00+00:00,PUMPUSDT
2026-07-20T21:00:00+00:00,ZAMAUSDT
2026-07-21T01:45:00+00:00,ERAUSDT
2026-07-21T01:45:00+00:00,IRYSUSDT
2026-07-21T02:15:00+00:00,1000BONKUSDT
2026-07-21T03:45:00+00:00,LAUSDT
2026-07-21T04:00:00+00:00,TREEUSDT
2026-07-21T06:15:00+00:00,ERAUSDT
2026-07-21T07:00:00+00:00,IRYSUSDT
2026-07-21T08:00:00+00:00,BIGTIMEUSDT
2026-07-21T08:00:00+00:00,LAUSDT
2026-07-21T08:00:00+00:00,TREEUSDT
2026-07-21T08:00:00+00:00,ZAMAUSDT
2026-07-21T08:30:00+00:00,MEUSDT
2026-07-21T09:00:00+00:00,SOPHUSDT
2026-07-21T11:30:00+00:00,ERAUSDT
2026-07-21T12:00:00+00:00,LAUSDT
2026-07-21T13:00:00+00:00,DOODUSDT
2026-07-21T14:30:00+00:00,PLUMEUSDT
2026-07-21T15:45:00+00:00,ERAUSDT
2026-07-21T16:45:00+00:00,CFGUSDT
2026-07-21T17:00:00+00:00,MOVEUSDT
2026-07-21T19:45:00+00:00,WLFIUSDT
2026-07-21T22:00:00+00:00,ERAUSDT
2026-07-21T23:00:00+00:00,LAUSDT
2026-07-22T00:00:00+00:00,MOVEUSDT
2026-07-22T00:15:00+00:00,HOLOUSDT
2026-07-22T00:45:00+00:00,MIRAUSDT
2026-07-22T00:45:00+00:00,SOPHUSDT
2026-07-22T06:15:00+00:00,ENSUSDT
2026-07-22T06:15:00+00:00,INJUSDT
2026-07-22T07:00:00+00:00,NEARUSDT
2026-07-22T08:15:00+00:00,ERAUSDT
2026-07-22T08:15:00+00:00,LAUSDT
2026-07-22T08:15:00+00:00,TREEUSDT
2026-07-22T09:30:00+00:00,ZAMAUSDT
2026-07-22T10:00:00+00:00,ZILUSDT
2026-07-22T12:30:00+00:00,JUPUSDT
2026-07-22T14:15:00+00:00,AAVEUSDT
2026-07-22T14:15:00+00:00,ZAMAUSDT
2026-07-22T16:00:00+00:00,HOLOUSDT
2026-07-22T16:00:00+00:00,WLFIUSDT
2026-07-22T16:45:00+00:00,MIRAUSDT
2026-07-22T16:45:00+00:00,MONUSDT
2026-07-22T18:45:00+00:00,JUPUSDT
2026-07-22T22:00:00+00:00,XAUTUSDT
2026-07-22T23:00:00+00:00,ARBUSDT
2026-07-23T00:00:00+00:00,WLFIUSDT
2026-07-23T00:45:00+00:00,ZAMAUSDT
2026-07-23T03:00:00+00:00,1000BONKUSDT
2026-07-23T03:00:00+00:00,FILUSDT
2026-07-23T04:45:00+00:00,ZAMAUSDT
2026-07-23T06:30:00+00:00,WLFIUSDT
2026-07-23T06:45:00+00:00,KITEUSDT
2026-07-23T07:00:00+00:00,APTUSDT
2026-07-23T08:15:00+00:00,TRXUSDT
2026-07-23T09:30:00+00:00,BARDUSDT
2026-07-23T10:30:00+00:00,ZILUSDT
2026-07-23T11:00:00+00:00,WLFIUSDT
2026-07-23T11:45:00+00:00,ZAMAUSDT
2026-07-23T12:15:00+00:00,PENGUUSDT
2026-07-23T12:30:00+00:00,1000SHIBUSDT
2026-07-23T13:00:00+00:00,XAUTUSDT
2026-07-23T14:15:00+00:00,SOONUSDT
2026-07-23T15:00:00+00:00,BARDUSDT
2026-07-23T15:00:00+00:00,SUIUSDT
2026-07-23T15:15:00+00:00,WLFIUSDT
2026-07-23T15:45:00+00:00,LAUSDT
2026-07-23T16:15:00+00:00,ZAMAUSDT
2026-07-23T17:45:00+00:00,AVAXUSDT
2026-07-23T20:00:00+00:00,LAUSDT
2026-07-23T20:15:00+00:00,ZAMAUSDT
2026-07-23T21:30:00+00:00,WLFIUSDT
2026-07-23T23:45:00+00:00,BARDUSDT
2026-07-24T00:00:00+00:00,MONUSDT
2026-07-24T02:00:00+00:00,ZAMAUSDT
2026-07-24T02:30:00+00:00,ETCUSDT
2026-07-24T02:45:00+00:00,STXUSDT
2026-07-24T03:00:00+00:00,LSKUSDT
2026-07-24T08:00:00+00:00,STXUSDT
2026-07-24T10:15:00+00:00,ZAMAUSDT
2026-07-24T12:00:00+00:00,STXUSDT
2026-07-24T13:00:00+00:00,ATOMUSDT
2026-07-24T13:00:00+00:00,AVAXUSDT
2026-07-24T13:00:00+00:00,DOTUSDT
2026-07-24T13:00:00+00:00,ETCUSDT
2026-07-24T13:00:00+00:00,FILUSDT
2026-07-24T13:00:00+00:00,LINKUSDT
2026-07-24T13:00:00+00:00,NEARUSDT
2026-07-24T13:00:00+00:00,SEIUSDT
2026-07-24T13:00:00+00:00,SUIUSDT
2026-07-24T13:00:00+00:00,TAOUSDT
2026-07-24T13:45:00+00:00,LAUSDT
2026-07-24T14:00:00+00:00,BERAUSDT
2026-07-24T14:00:00+00:00,XAUTUSDT
2026-07-24T16:15:00+00:00,STXUSDT
2026-07-24T21:00:00+00:00,ETCUSDT
2026-07-24T22:15:00+00:00,AKTUSDT
2026-07-24T23:15:00+00:00,ALGOUSDT
2026-07-25T00:00:00+00:00,STXUSDT
2026-07-25T01:00:00+00:00,SOONUSDT
2026-07-25T02:15:00+00:00,AKTUSDT
2026-07-25T02:15:00+00:00,ZAMAUSDT
2026-07-25T03:00:00+00:00,TRXUSDT
2026-07-25T03:15:00+00:00,SAHARAUSDT
2026-07-25T05:30:00+00:00,ZILUSDT
2026-07-25T06:15:00+00:00,STXUSDT
2026-07-25T07:15:00+00:00,ZAMAUSDT
2026-07-25T10:00:00+00:00,ESPUSDT
2026-07-25T10:45:00+00:00,VANAUSDT
2026-07-25T11:30:00+00:00,ZAMAUSDT
2026-07-25T14:15:00+00:00,AVAXUSDT
2026-07-25T14:15:00+00:00,ENSOUSDT
2026-07-25T16:15:00+00:00,1000SHIBUSDT
2026-07-25T16:15:00+00:00,INJUSDT
2026-07-25T20:45:00+00:00,1000SHIBUSDT
2026-07-26T02:00:00+00:00,SANDUSDT
2026-07-26T02:45:00+00:00,1000SHIBUSDT
2026-07-26T06:15:00+00:00,INJUSDT
2026-07-26T06:30:00+00:00,PIEVERSEUSDT
2026-07-26T07:30:00+00:00,1000SHIBUSDT
2026-07-26T08:00:00+00:00,ETCUSDT
2026-07-26T08:00:00+00:00,PRLUSDT
2026-07-26T08:00:00+00:00,ZORAUSDT
2026-07-26T10:15:00+00:00,HYPERUSDT
2026-07-26T11:00:00+00:00,PIEVERSEUSDT
2026-07-26T11:00:00+00:00,ZAMAUSDT
2026-07-26T11:30:00+00:00,1000SHIBUSDT
2026-07-26T13:15:00+00:00,1000PEPEUSDT
2026-07-26T13:15:00+00:00,PRLUSDT
2026-07-26T14:15:00+00:00,KAITOUSDT
2026-07-26T14:15:00+00:00,SOONUSDT
2026-07-26T14:30:00+00:00,LAUSDT
2026-07-26T14:45:00+00:00,ELSAUSDT
2026-07-26T14:45:00+00:00,ESPUSDT
2026-07-26T15:00:00+00:00,PIEVERSEUSDT
2026-07-26T16:30:00+00:00,APTUSDT
2026-07-26T17:00:00+00:00,ETCUSDT
2026-07-26T17:15:00+00:00,AKTUSDT
2026-07-26T19:15:00+00:00,ESPUSDT
2026-07-26T21:00:00+00:00,HBARUSDT
2026-07-26T22:15:00+00:00,SOONUSDT
2026-07-26T23:00:00+00:00,PUMPUSDT
2026-07-27T00:00:00+00:00,ZAMAUSDT
2026-07-27T00:15:00+00:00,IRYSUSDT
2026-07-27T00:15:00+00:00,PRLUSDT
2026-07-27T00:30:00+00:00,STORJUSDT
2026-07-27T00:45:00+00:00,SPKUSDT
2026-07-27T01:00:00+00:00,ESPUSDT
2026-07-27T03:15:00+00:00,SOONUSDT
2026-07-27T04:30:00+00:00,STORJUSDT
2026-07-27T05:30:00+00:00,FFUSDT
2026-07-27T05:45:00+00:00,ESPUSDT
2026-07-27T06:15:00+00:00,SAHARAUSDT
2026-07-27T07:15:00+00:00,IRYSUSDT
2026-07-27T08:30:00+00:00,SOONUSDT
2026-07-27T08:30:00+00:00,STORJUSDT
2026-07-27T08:45:00+00:00,MOVEUSDT
2026-07-27T08:45:00+00:00,ZROUSDT
2026-07-27T09:00:00+00:00,1000PEPEUSDT
2026-07-27T12:30:00+00:00,AKTUSDT
2026-07-27T12:30:00+00:00,CHZUSDT
2026-07-27T12:30:00+00:00,SOONUSDT
2026-07-27T13:45:00+00:00,TAOUSDT
2026-07-27T14:00:00+00:00,PUMPUSDT
2026-07-27T14:15:00+00:00,ATOMUSDT
2026-07-27T14:15:00+00:00,DOTUSDT
2026-07-27T14:15:00+00:00,INJUSDT
2026-07-27T14:15:00+00:00,OPENUSDT
2026-07-27T14:15:00+00:00,SUIUSDT
2026-07-27T14:15:00+00:00,ZROUSDT
2026-07-27T14:30:00+00:00,1000BONKUSDT
2026-07-27T14:30:00+00:00,1000PEPEUSDT
2026-07-27T14:30:00+00:00,AAVEUSDT
2026-07-27T14:30:00+00:00,ALGOUSDT
2026-07-27T14:30:00+00:00,APTUSDT
2026-07-27T14:30:00+00:00,AVAXUSDT
2026-07-27T14:30:00+00:00,AXSUSDT
2026-07-27T14:30:00+00:00,BARDUSDT
2026-07-27T14:30:00+00:00,BIGTIMEUSDT
2026-07-27T14:30:00+00:00,ETCUSDT
2026-07-27T14:30:00+00:00,FILUSDT
2026-07-27T14:30:00+00:00,IRYSUSDT
2026-07-27T14:30:00+00:00,LINKUSDT
2026-07-27T14:30:00+00:00,MOVEUSDT
2026-07-27T14:30:00+00:00,NEARUSDT
2026-07-27T14:30:00+00:00,PENGUUSDT
2026-07-27T14:30:00+00:00,RENDERUSDT
2026-07-27T14:30:00+00:00,SANDUSDT
2026-07-27T14:30:00+00:00,SEIUSDT
2026-07-27T14:30:00+00:00,STORJUSDT
2026-07-27T14:30:00+00:00,TRUMPUSDT
2026-07-27T14:30:00+00:00,TRXUSDT
2026-07-27T14:30:00+00:00,WUSDT
2026-07-27T17:30:00+00:00,LAUSDT
2026-07-27T20:45:00+00:00,IRYSUSDT
2026-07-27T21:00:00+00:00,SOONUSDT
2026-07-27T22:00:00+00:00,DOTUSDT
2026-07-27T22:15:00+00:00,HOLOUSDT
2026-07-27T22:30:00+00:00,AKTUSDT
2026-07-27T22:30:00+00:00,AXSUSDT
2026-07-27T22:30:00+00:00,MOVEUSDT
2026-07-27T22:30:00+00:00,SEIUSDT
2026-07-27T22:30:00+00:00,SUIUSDT
2026-07-27T22:45:00+00:00,AAVEUSDT
2026-07-27T22:45:00+00:00,ATOMUSDT
2026-07-27T22:45:00+00:00,AVAXUSDT
2026-07-27T22:45:00+00:00,BERAUSDT
2026-07-27T22:45:00+00:00,BIGTIMEUSDT
2026-07-27T22:45:00+00:00,BIOUSDT
2026-07-27T22:45:00+00:00,ETCUSDT
2026-07-27T22:45:00+00:00,FILUSDT
2026-07-27T22:45:00+00:00,JUPUSDT
2026-07-27T22:45:00+00:00,LINKUSDT
2026-07-27T22:45:00+00:00,SANDUSDT
2026-07-27T22:45:00+00:00,STXUSDT
2026-07-27T22:45:00+00:00,TAOUSDT
2026-07-27T23:00:00+00:00,PENGUUSDT
2026-07-27T23:00:00+00:00,TRXUSDT
2026-07-27T23:00:00+00:00,ZROUSDT
2026-07-28T00:00:00+00:00,MEGAUSDT
2026-07-28T00:00:00+00:00,POLUSDT
2026-07-28T00:15:00+00:00,STORJUSDT
2026-07-28T01:00:00+00:00,AVNTUSDT
2026-07-28T03:45:00+00:00,SOONUSDT
2026-07-28T06:00:00+00:00,TRUMPUSDT
2026-07-28T07:30:00+00:00,LAUSDT
2026-07-28T08:15:00+00:00,PENDLEUSDT
2026-07-28T09:15:00+00:00,ENSUSDT
2026-07-28T09:30:00+00:00,STORJUSDT
2026-07-28T10:15:00+00:00,SOONUSDT
2026-07-28T11:45:00+00:00,STXUSDT
2026-07-28T13:30:00+00:00,APTUSDT
2026-07-28T13:30:00+00:00,DOTUSDT
2026-07-28T13:30:00+00:00,ETCUSDT
2026-07-28T13:30:00+00:00,LINKUSDT
2026-07-28T13:45:00+00:00,NEARUSDT
2026-07-28T14:15:00+00:00,SOONUSDT
2026-07-28T14:45:00+00:00,LAYERUSDT
2026-07-28T14:45:00+00:00,ZILUSDT
2026-07-28T17:45:00+00:00,PUMPUSDT
2026-07-28T22:15:00+00:00,ZILUSDT
2026-07-29T01:00:00+00:00,COWUSDT
2026-07-29T01:15:00+00:00,OPENUSDT
2026-07-29T01:30:00+00:00,HOLOUSDT
2026-07-29T02:15:00+00:00,ZILUSDT
2026-07-29T03:15:00+00:00,SOONUSDT
2026-07-29T03:30:00+00:00,SIGNUSDT
2026-07-29T03:45:00+00:00,LAUSDT
2026-07-29T08:00:00+00:00,SOONUSDT
2026-07-29T08:00:00+00:00,ZILUSDT
2026-07-29T08:15:00+00:00,PRLUSDT
2026-07-29T08:30:00+00:00,VANAUSDT
2026-07-29T09:30:00+00:00,UNIUSDT
2026-07-29T12:30:00+00:00,PRLUSDT
2026-07-29T13:45:00+00:00,OPENUSDT
2026-07-29T14:00:00+00:00,APTUSDT
2026-07-29T14:30:00+00:00,AKTUSDT
2026-07-29T14:30:00+00:00,HOLOUSDT
2026-07-29T14:45:00+00:00,SOONUSDT
2026-07-29T16:30:00+00:00,FILUSDT
2026-07-29T17:00:00+00:00,ALGOUSDT
2026-07-29T19:00:00+00:00,XAUTUSDT
2026-07-29T19:45:00+00:00,BERAUSDT
2026-07-29T19:45:00+00:00,WUSDT
2026-07-29T20:00:00+00:00,AVNTUSDT
2026-07-29T20:15:00+00:00,HOLOUSDT
2026-07-29T21:00:00+00:00,AAVEUSDT
2026-07-30T00:15:00+00:00,IRYSUSDT
2026-07-30T02:30:00+00:00,HOLOUSDT
2026-07-30T03:15:00+00:00,OPENUSDT
2026-07-30T03:45:00+00:00,PRLUSDT
2026-07-30T05:15:00+00:00,FFUSDT
2026-07-30T06:45:00+00:00,SOONUSDT
2026-07-30T07:45:00+00:00,ESPUSDT
2026-07-30T08:00:00+00:00,HOLOUSDT
2026-07-30T10:30:00+00:00,KAITOUSDT
2026-07-30T14:00:00+00:00,STORJUSDT
2026-07-30T15:00:00+00:00,MMTUSDT
2026-07-30T17:00:00+00:00,UNIUSDT
2026-07-30T19:00:00+00:00,MMTUSDT
2026-07-30T23:15:00+00:00,MMTUSDT
2026-07-31T00:30:00+00:00,MOVEUSDT
2026-07-31T02:45:00+00:00,UNIUSDT
2026-07-31T03:00:00+00:00,VANAUSDT
2026-07-31T03:30:00+00:00,ATOMUSDT
2026-07-31T03:45:00+00:00,MMTUSDT
2026-07-31T05:15:00+00:00,LAYERUSDT
2026-07-31T07:00:00+00:00,UNIUSDT
2026-07-31T07:45:00+00:00,HYPERUSDT
2026-07-31T07:45:00+00:00,REDUSDT
2026-07-31T07:45:00+00:00,SANDUSDT
2026-07-31T08:30:00+00:00,AKTUSDT
2026-07-31T09:15:00+00:00,BCHUSDT
2026-07-31T10:45:00+00:00,MMTUSDT
2026-07-31T11:00:00+00:00,INJUSDT
2026-07-31T13:45:00+00:00,LINKUSDT
2026-07-31T14:00:00+00:00,COWUSDT
2026-07-31T14:00:00+00:00,DOTUSDT
2026-07-31T15:30:00+00:00,MMTUSDT
2026-07-31T18:30:00+00:00,COWUSDT
2026-07-31T21:00:00+00:00,AAVEUSDT
2026-07-31T21:00:00+00:00,TRUMPUSDT
2026-08-01T05:15:00+00:00,UNIUSDT
2026-08-01T05:45:00+00:00,PENGUUSDT
2026-08-01T08:45:00+00:00,MIRAUSDT
2026-08-01T09:45:00+00:00,ELSAUSDT
2026-08-01T10:00:00+00:00,FILUSDT
2026-08-01T10:15:00+00:00,ENSOUSDT
2026-08-01T10:30:00+00:00,SAHARAUSDT
2026-08-01T13:00:00+00:00,AKTUSDT
2026-08-01T15:15:00+00:00,LSKUSDT
2026-08-01T18:15:00+00:00,SEIUSDT
2026-08-01T18:30:00+00:00,AAVEUSDT
2026-08-01T18:30:00+00:00,APTUSDT
2026-08-01T18:30:00+00:00,AVAXUSDT
2026-08-01T18:30:00+00:00,BIGTIMEUSDT
2026-08-01T18:30:00+00:00,ETCUSDT
2026-08-01T18:30:00+00:00,LINKUSDT
2026-08-01T18:30:00+00:00,SUIUSDT
2026-08-02T00:15:00+00:00,HYPERUSDT
2026-08-02T06:45:00+00:00,HYPERUSDT
2026-08-02T07:45:00+00:00,STEEMUSDT
2026-08-02T08:00:00+00:00,PRLUSDT
2026-08-02T10:45:00+00:00,MANTRAUSDT
2026-08-02T11:30:00+00:00,HYPERUSDT
2026-08-02T12:15:00+00:00,ELSAUSDT
2026-08-02T15:45:00+00:00,MANTRAUSDT
2026-08-02T20:00:00+00:00,ALGOUSDT
2026-08-02T22:30:00+00:00,HYPERUSDT
2026-08-03T00:15:00+00:00,GUSDT
2026-08-03T01:00:00+00:00,MANTRAUSDT
2026-08-03T04:15:00+00:00,ELSAUSDT
2026-08-03T07:15:00+00:00,SPKUSDT
2026-08-03T09:45:00+00:00,PRLUSDT
2026-08-03T14:15:00+00:00,LSKUSDT
2026-08-03T14:45:00+00:00,UNIUSDT
2026-08-03T16:15:00+00:00,ALGOUSDT
2026-08-03T16:15:00+00:00,OPENUSDT
2026-08-03T16:45:00+00:00,AKTUSDT
2026-08-03T19:30:00+00:00,ATOMUSDT
2026-08-03T22:00:00+00:00,STEEMUSDT
2026-08-03T23:30:00+00:00,AKTUSDT
2026-08-04T03:45:00+00:00,UNIUSDT
2026-08-04T04:30:00+00:00,MOVEUSDT
2026-08-04T06:45:00+00:00,CCUSDT
2026-08-04T10:30:00+00:00,ETHFIUSDT
2026-08-04T13:15:00+00:00,HBARUSDT
2026-08-04T13:15:00+00:00,SKRUSDT
2026-08-04T14:00:00+00:00,JUPUSDT
2026-08-04T15:00:00+00:00,ETHFIUSDT
2026-08-04T15:45:00+00:00,TRXUSDT
2026-08-05T00:00:00+00:00,ETHFIUSDT
2026-08-05T00:00:00+00:00,TRXUSDT
2026-08-05T00:45:00+00:00,SKRUSDT
2026-08-05T02:30:00+00:00,SIGNUSDT
2026-08-05T03:15:00+00:00,NEARUSDT
2026-08-05T04:45:00+00:00,BIOUSDT
2026-08-05T06:45:00+00:00,SKRUSDT
2026-08-05T07:30:00+00:00,ETCUSDT
2026-08-05T07:45:00+00:00,BIRBUSDT
2026-08-05T10:00:00+00:00,BIOUSDT
2026-08-05T11:45:00+00:00,SKRUSDT
2026-08-05T12:30:00+00:00,PLUMEUSDT
2026-08-05T12:45:00+00:00,BERAUSDT
2026-08-05T13:30:00+00:00,AVAXUSDT
2026-08-05T14:15:00+00:00,CCUSDT
2026-08-05T14:45:00+00:00,FFUSDT
2026-08-05T15:00:00+00:00,BIOUSDT
2026-08-05T15:15:00+00:00,SAHARAUSDT
2026-08-05T16:45:00+00:00,ZORAUSDT
2026-08-05T19:45:00+00:00,PENDLEUSDT
2026-08-05T20:15:00+00:00,CCUSDT
2026-08-06T00:00:00+00:00,BIGTIMEUSDT
2026-08-06T00:00:00+00:00,GUSDT
2026-08-06T00:15:00+00:00,AXSUSDT
2026-08-06T00:15:00+00:00,SIGNUSDT
2026-08-06T00:45:00+00:00,STEEMUSDT
2026-08-06T01:30:00+00:00,AAVEUSDT
2026-08-06T02:00:00+00:00,COWUSDT
2026-08-06T02:15:00+00:00,ATOMUSDT
2026-08-06T02:15:00+00:00,PUMPUSDT
2026-08-06T03:00:00+00:00,XPLUSDT
2026-08-06T05:00:00+00:00,TRXUSDT
2026-08-06T07:30:00+00:00,STEEMUSDT
2026-08-06T08:30:00+00:00,JTOUSDT
2026-08-06T08:45:00+00:00,PLUMEUSDT
2026-08-06T09:00:00+00:00,ARBUSDT
2026-08-06T09:00:00+00:00,FILUSDT
2026-08-06T09:15:00+00:00,ETCUSDT
2026-08-06T09:15:00+00:00,INJUSDT
2026-08-06T09:15:00+00:00,PENGUUSDT
2026-08-06T09:30:00+00:00,SUIUSDT
2026-08-06T09:45:00+00:00,AVAXUSDT
2026-08-06T11:00:00+00:00,ZBTUSDT
2026-08-06T13:30:00+00:00,PLUMEUSDT
2026-08-06T14:00:00+00:00,POLUSDT
2026-08-06T15:00:00+00:00,SOPHUSDT
2026-08-06T15:00:00+00:00,ZBTUSDT
2026-08-06T15:45:00+00:00,OPENUSDT
2026-08-06T18:30:00+00:00,CCUSDT
2026-08-06T18:30:00+00:00,FILUSDT
2026-08-06T19:00:00+00:00,ZBTUSDT
2026-08-06T21:15:00+00:00,PLUMEUSDT
2026-08-07T00:00:00+00:00,CCUSDT
2026-08-07T01:15:00+00:00,ZBTUSDT
2026-08-07T02:00:00+00:00,PLUMEUSDT
2026-08-07T02:15:00+00:00,STEEMUSDT
2026-08-07T02:30:00+00:00,ZKPUSDT
2026-08-07T03:15:00+00:00,BSBUSDT
2026-08-07T03:45:00+00:00,FILUSDT
2026-08-07T04:00:00+00:00,CCUSDT
2026-08-07T07:00:00+00:00,1000BONKUSDT
2026-08-07T07:30:00+00:00,BSBUSDT
2026-08-07T08:15:00+00:00,POLUSDT
2026-08-07T12:15:00+00:00,XAUTUSDT
2026-08-07T13:00:00+00:00,1000BONKUSDT
2026-08-07T15:00:00+00:00,CCUSDT
2026-08-07T17:00:00+00:00,FILUSDT
2026-08-07T17:45:00+00:00,HBARUSDT
2026-08-08T00:00:00+00:00,SPKUSDT
2026-08-08T02:45:00+00:00,ALGOUSDT
2026-08-08T02:45:00+00:00,ZKPUSDT
2026-08-08T03:45:00+00:00,BSBUSDT
2026-08-08T06:45:00+00:00,MMTUSDT
2026-08-08T10:30:00+00:00,DEEPUSDT
2026-08-08T11:00:00+00:00,INJUSDT
2026-08-08T14:00:00+00:00,MMTUSDT
2026-08-08T14:45:00+00:00,DEEPUSDT
2026-08-08T16:00:00+00:00,KAITOUSDT
2026-08-08T20:00:00+00:00,KAITOUSDT
2026-08-08T20:30:00+00:00,DEEPUSDT
2026-08-09T01:30:00+00:00,CHIPUSDT
2026-08-09T02:00:00+00:00,CHZUSDT
2026-08-09T03:45:00+00:00,APTUSDT
2026-08-09T04:15:00+00:00,CCUSDT
2026-08-09T05:15:00+00:00,DEEPUSDT
2026-08-09T08:30:00+00:00,CCUSDT
2026-08-09T09:30:00+00:00,DEEPUSDT
2026-08-09T09:30:00+00:00,SPKUSDT
2026-08-09T11:15:00+00:00,MEUSDT
2026-08-09T14:15:00+00:00,ZKPUSDT
2026-08-09T16:00:00+00:00,KAITOUSDT
2026-08-09T18:15:00+00:00,PENGUUSDT
2026-08-09T19:45:00+00:00,ALGOUSDT
2026-08-09T22:45:00+00:00,LINKUSDT
2026-08-09T23:15:00+00:00,CHIPUSDT
2026-08-09T23:15:00+00:00,MOVEUSDT
2026-08-09T23:15:00+00:00,SPKUSDT
2026-08-09T23:30:00+00:00,AVAXUSDT
2026-08-09T23:30:00+00:00,RENDERUSDT
2026-08-10T05:30:00+00:00,BIGTIMEUSDT
2026-08-10T10:00:00+00:00,PUMPUSDT
2026-08-10T12:15:00+00:00,MEUSDT
2026-08-10T12:45:00+00:00,BIOUSDT
2026-08-10T13:30:00+00:00,TRXUSDT
2026-08-10T13:45:00+00:00,MONUSDT
2026-08-10T16:00:00+00:00,KAITOUSDT
2026-08-10T16:45:00+00:00,RVNUSDT
2026-08-10T18:00:00+00:00,MEUSDT
2026-08-10T18:15:00+00:00,MOVEUSDT
2026-08-10T21:45:00+00:00,RVNUSDT
2026-08-10T22:00:00+00:00,BERAUSDT
2026-08-10T23:00:00+00:00,RENDERUSDT
2026-08-11T00:15:00+00:00,MEUSDT
2026-08-11T06:00:00+00:00,RVNUSDT
2026-08-11T06:30:00+00:00,REDUSDT
2026-08-11T08:00:00+00:00,SANDUSDT
2026-08-11T09:00:00+00:00,SOPHUSDT
2026-08-11T10:00:00+00:00,RVNUSDT
2026-08-11T10:15:00+00:00,RENDERUSDT
2026-08-11T11:15:00+00:00,ELSAUSDT
2026-08-11T11:15:00+00:00,MEGAUSDT
2026-08-11T11:45:00+00:00,FFUSDT
2026-08-11T12:15:00+00:00,TRXUSDT
2026-08-11T12:30:00+00:00,HBARUSDT
2026-08-11T14:15:00+00:00,UNIUSDT
2026-08-11T14:30:00+00:00,NEARUSDT
2026-08-11T14:45:00+00:00,1000BONKUSDT
2026-08-11T14:45:00+00:00,1000PEPEUSDT
2026-08-11T14:45:00+00:00,AAVEUSDT
2026-08-11T14:45:00+00:00,ARBUSDT
2026-08-11T14:45:00+00:00,AVAXUSDT
2026-08-11T14:45:00+00:00,BIGTIMEUSDT
2026-08-11T14:45:00+00:00,FILUSDT
2026-08-11T14:45:00+00:00,JUPUSDT
2026-08-11T14:45:00+00:00,LINKUSDT
2026-08-11T14:45:00+00:00,ONTUSDT
2026-08-11T14:45:00+00:00,OPENUSDT
2026-08-11T14:45:00+00:00,PENDLEUSDT
2026-08-11T14:45:00+00:00,PENGUUSDT
2026-08-11T14:45:00+00:00,SANDUSDT
2026-08-11T14:45:00+00:00,STXUSDT
2026-08-11T14:45:00+00:00,SUIUSDT
2026-08-11T15:00:00+00:00,RVNUSDT
2026-08-11T15:15:00+00:00,ALGOUSDT
2026-08-11T15:30:00+00:00,AVNTUSDT
2026-08-11T15:30:00+00:00,BERAUSDT
2026-08-11T15:30:00+00:00,BIOUSDT
2026-08-11T15:30:00+00:00,COWUSDT
2026-08-11T15:30:00+00:00,ETCUSDT
2026-08-11T15:30:00+00:00,IDUSDT
2026-08-11T15:30:00+00:00,MOVEUSDT
2026-08-11T15:30:00+00:00,SEIUSDT
2026-08-11T15:30:00+00:00,TAOUSDT
2026-08-11T15:30:00+00:00,TRUMPUSDT
2026-08-11T15:30:00+00:00,XPLUSDT
2026-08-11T16:00:00+00:00,HOLOUSDT
2026-08-11T16:00:00+00:00,VIRTUALUSDT
2026-08-11T19:00:00+00:00,RVNUSDT
2026-08-11T20:45:00+00:00,LSKUSDT
2026-08-11T21:15:00+00:00,HOLOUSDT
2026-08-12T00:00:00+00:00,RVNUSDT
2026-08-12T00:45:00+00:00,IDUSDT
2026-08-12T01:00:00+00:00,LSKUSDT
2026-08-12T02:00:00+00:00,HOLOUSDT
2026-08-12T02:30:00+00:00,DEEPUSDT
2026-08-12T02:45:00+00:00,AXSUSDT
2026-08-12T04:45:00+00:00,RVNUSDT
2026-08-12T05:00:00+00:00,LSKUSDT
2026-08-12T05:00:00+00:00,STORJUSDT
2026-08-12T06:00:00+00:00,HOLOUSDT
2026-08-12T06:30:00+00:00,ONTUSDT
2026-08-12T06:30:00+00:00,UNIUSDT
2026-08-12T07:00:00+00:00,STEEMUSDT
2026-08-12T08:00:00+00:00,KAITOUSDT
2026-08-12T08:45:00+00:00,JUPUSDT
2026-08-12T09:00:00+00:00,STORJUSDT
2026-08-12T09:30:00+00:00,SOPHUSDT
2026-08-12T10:00:00+00:00,VIRTUALUSDT
2026-08-12T10:15:00+00:00,OPENUSDT
2026-08-12T11:00:00+00:00,LAYERUSDT
2026-08-12T12:30:00+00:00,LINKUSDT
2026-08-12T12:30:00+00:00,SUIUSDT
2026-08-12T13:45:00+00:00,LSKUSDT
2026-08-12T14:00:00+00:00,STORJUSDT
2026-08-12T14:15:00+00:00,RVNUSDT
2026-08-12T14:30:00+00:00,1000PEPEUSDT
2026-08-12T14:30:00+00:00,CHZUSDT
2026-08-12T14:30:00+00:00,NEARUSDT
2026-08-12T16:00:00+00:00,TRUMPUSDT
2026-08-12T16:15:00+00:00,VIRTUALUSDT
2026-08-12T17:45:00+00:00,CHIPUSDT
2026-08-12T19:30:00+00:00,ARBUSDT
2026-08-12T21:15:00+00:00,ETCUSDT
2026-08-12T21:15:00+00:00,FILUSDT
2026-08-12T21:15:00+00:00,LINKUSDT
2026-08-12T21:15:00+00:00,TRUMPUSDT
2026-08-12T21:45:00+00:00,BIGTIMEUSDT
2026-08-12T21:45:00+00:00,PENGUUSDT
2026-08-12T21:45:00+00:00,SEIUSDT
2026-08-12T22:30:00+00:00,MOVEUSDT
2026-08-12T23:15:00+00:00,1000PEPEUSDT
2026-08-13T00:15:00+00:00,IDUSDT
2026-08-13T01:30:00+00:00,REDUSDT
2026-08-13T03:00:00+00:00,MOVEUSDT
2026-08-13T04:15:00+00:00,SOPHUSDT
2026-08-13T04:45:00+00:00,IDUSDT
2026-08-13T05:30:00+00:00,STEEMUSDT
2026-08-13T08:30:00+00:00,AVNTUSDT
2026-08-13T09:15:00+00:00,VIRTUALUSDT
2026-08-13T11:30:00+00:00,ATOMUSDT
2026-08-13T12:00:00+00:00,DOODUSDT
2026-08-13T13:15:00+00:00,AVNTUSDT
2026-08-13T14:00:00+00:00,ETHFIUSDT
2026-08-13T15:30:00+00:00,BCHUSDT
2026-08-13T15:45:00+00:00,ENSOUSDT
2026-08-13T15:45:00+00:00,LINKUSDT
2026-08-13T16:00:00+00:00,VIRTUALUSDT
2026-08-13T16:00:00+00:00,ZROUSDT
2026-08-13T16:30:00+00:00,TRUMPUSDT
2026-08-13T17:15:00+00:00,AVNTUSDT
2026-08-13T17:30:00+00:00,HBARUSDT
2026-08-13T19:30:00+00:00,ETHFIUSDT
2026-08-13T21:30:00+00:00,AVNTUSDT
2026-08-14T00:00:00+00:00,ENSOUSDT
2026-08-14T00:00:00+00:00,MOVEUSDT
2026-08-14T00:30:00+00:00,ETHFIUSDT
2026-08-14T00:30:00+00:00,REDUSDT
2026-08-14T02:15:00+00:00,AVNTUSDT
2026-08-14T02:15:00+00:00,STORJUSDT
2026-08-14T03:15:00+00:00,CHIPUSDT
2026-08-14T04:45:00+00:00,REDUSDT
2026-08-14T06:00:00+00:00,DOODUSDT
2026-08-14T07:00:00+00:00,STORJUSDT
2026-08-14T07:30:00+00:00,APTUSDT
2026-08-14T08:30:00+00:00,PLUMEUSDT
2026-08-14T09:30:00+00:00,BSVUSDT
2026-08-14T09:30:00+00:00,ETHFIUSDT
2026-08-14T09:30:00+00:00,JTOUSDT
2026-08-14T09:30:00+00:00,PUMPUSDT
2026-08-14T09:30:00+00:00,REDUSDT
2026-08-14T10:15:00+00:00,MOVEUSDT
2026-08-14T10:30:00+00:00,ATHUSDT
2026-08-14T11:00:00+00:00,ATOMUSDT
2026-08-14T11:00:00+00:00,UNIUSDT
2026-08-14T12:00:00+00:00,SIGNUSDT
2026-08-14T12:30:00+00:00,DOODUSDT
2026-08-14T14:00:00+00:00,RENDERUSDT
2026-08-14T14:15:00+00:00,BCHUSDT
2026-08-14T14:30:00+00:00,PLUMEUSDT
2026-08-14T14:30:00+00:00,RVNUSDT
2026-08-14T14:45:00+00:00,INJUSDT
2026-08-14T14:45:00+00:00,TAOUSDT
2026-08-14T15:00:00+00:00,ONTUSDT
2026-08-14T16:45:00+00:00,AXSUSDT
2026-08-14T16:45:00+00:00,BIGTIMEUSDT
2026-08-14T17:00:00+00:00,PENDLEUSDT
2026-08-14T17:00:00+00:00,SANDUSDT
2026-08-14T17:15:00+00:00,ZKPUSDT
2026-08-14T17:30:00+00:00,MOVEUSDT
2026-08-14T18:45:00+00:00,INJUSDT
2026-08-14T20:00:00+00:00,ETHFIUSDT
2026-08-14T20:15:00+00:00,WLFIUSDT
2026-08-15T00:00:00+00:00,REDUSDT
2026-08-15T00:45:00+00:00,MOVEUSDT
2026-08-15T02:00:00+00:00,PRLUSDT
2026-08-15T02:30:00+00:00,ENSOUSDT
2026-08-15T03:00:00+00:00,LINKUSDT
2026-08-15T03:15:00+00:00,PLUMEUSDT
2026-08-15T06:30:00+00:00,PRLUSDT
2026-08-15T07:45:00+00:00,ONTUSDT
2026-08-15T08:00:00+00:00,PLUMEUSDT
2026-08-15T09:30:00+00:00,TREEUSDT
2026-08-15T09:45:00+00:00,CFGUSDT
2026-08-15T10:00:00+00:00,BERAUSDT
2026-08-15T10:15:00+00:00,ETHFIUSDT
2026-08-15T12:00:00+00:00,COWUSDT
2026-08-15T13:30:00+00:00,PRLUSDT
2026-08-15T14:00:00+00:00,ENSOUSDT
2026-08-15T14:00:00+00:00,PLUMEUSDT
2026-08-15T14:15:00+00:00,INJUSDT
2026-08-15T16:15:00+00:00,AVAXUSDT
2026-08-15T16:15:00+00:00,COWUSDT
2026-08-15T16:45:00+00:00,CHIPUSDT
2026-08-15T18:00:00+00:00,ENSOUSDT
2026-08-15T20:30:00+00:00,REDUSDT
2026-08-15T20:45:00+00:00,COWUSDT
2026-08-15T22:30:00+00:00,AVAXUSDT
2026-08-15T23:00:00+00:00,FILUSDT
2026-08-16T00:00:00+00:00,CHIPUSDT
2026-08-16T01:15:00+00:00,BERAUSDT
2026-08-16T01:45:00+00:00,BIGTIMEUSDT
2026-08-16T01:45:00+00:00,ONTUSDT
2026-08-16T02:00:00+00:00,APTUSDT
2026-08-16T05:00:00+00:00,CHIPUSDT
2026-08-16T06:15:00+00:00,INJUSDT
2026-08-16T06:30:00+00:00,APTUSDT
2026-08-16T07:00:00+00:00,SANDUSDT
2026-08-16T07:00:00+00:00,XPLUSDT
2026-08-16T07:45:00+00:00,OPGUSDT
2026-08-16T10:45:00+00:00,ONTUSDT
2026-08-16T11:30:00+00:00,CHIPUSDT
2026-08-16T12:30:00+00:00,XPLUSDT
2026-08-16T14:45:00+00:00,WLFIUSDT
2026-08-16T16:45:00+00:00,CHIPUSDT
2026-08-16T16:45:00+00:00,ONTUSDT
2026-08-16T17:00:00+00:00,BIGTIMEUSDT
2026-08-16T17:30:00+00:00,PENDLEUSDT
2026-08-16T18:45:00+00:00,BSBUSDT
2026-08-16T21:00:00+00:00,APTUSDT
2026-08-16T21:00:00+00:00,ENSUSDT
2026-08-16T21:00:00+00:00,ONTUSDT
2026-08-16T21:00:00+00:00,PENGUUSDT
2026-08-16T21:15:00+00:00,XPLUSDT
2026-08-16T21:30:00+00:00,AWEUSDT
2026-08-16T21:30:00+00:00,ETCUSDT
2026-08-16T21:30:00+00:00,FILUSDT
2026-08-16T21:30:00+00:00,SEIUSDT
2026-08-16T21:30:00+00:00,SOPHUSDT
2026-08-17T01:15:00+00:00,GASUSDT
2026-08-17T01:15:00+00:00,ONTUSDT
2026-08-17T02:15:00+00:00,FILUSDT
2026-08-17T02:30:00+00:00,BSBUSDT
2026-08-17T06:15:00+00:00,RVNUSDT
2026-08-17T07:15:00+00:00,CHIPUSDT
2026-08-17T08:00:00+00:00,INJUSDT
2026-08-17T08:45:00+00:00,PUMPUSDT
2026-08-17T09:00:00+00:00,BSBUSDT
2026-08-17T09:15:00+00:00,ZKPUSDT
2026-08-17T09:45:00+00:00,MONUSDT
2026-08-17T12:00:00+00:00,KATUSDT
2026-08-17T13:15:00+00:00,HBARUSDT
2026-08-17T15:30:00+00:00,SPKUSDT
2026-08-17T15:45:00+00:00,0GUSDT
2026-08-17T15:45:00+00:00,TRXUSDT
2026-08-17T16:00:00+00:00,CFGUSDT
2026-08-17T19:00:00+00:00,POLUSDT
2026-08-18T00:00:00+00:00,MONUSDT
2026-08-18T01:30:00+00:00,IRYSUSDT
2026-08-18T01:45:00+00:00,CHZUSDT
2026-08-18T01:45:00+00:00,DOTUSDT
2026-08-18T01:45:00+00:00,FILUSDT
2026-08-18T01:45:00+00:00,TAOUSDT
2026-08-18T02:00:00+00:00,ENSUSDT
2026-08-18T02:30:00+00:00,XPLUSDT
2026-08-18T02:45:00+00:00,APTUSDT
2026-08-18T02:45:00+00:00,AXSUSDT
2026-08-18T02:45:00+00:00,DEEPUSDT
2026-08-18T02:45:00+00:00,INJUSDT
2026-08-18T02:45:00+00:00,SEIUSDT
2026-08-18T02:45:00+00:00,SPKUSDT
2026-08-18T02:45:00+00:00,SUIUSDT
2026-08-18T03:00:00+00:00,CFGUSDT
2026-08-18T04:15:00+00:00,REDUSDT
2026-08-18T04:30:00+00:00,PIEVERSEUSDT
2026-08-18T05:45:00+00:00,PRLUSDT
2026-08-18T06:00:00+00:00,OPGUSDT
2026-08-18T09:30:00+00:00,XPLUSDT
2026-08-18T09:45:00+00:00,REDUSDT
2026-08-18T10:30:00+00:00,POLUSDT
2026-08-18T13:30:00+00:00,FFUSDT
2026-08-18T14:15:00+00:00,VVVUSDT
2026-08-18T14:45:00+00:00,SPKUSDT
2026-08-18T15:30:00+00:00,BSBUSDT
2026-08-18T15:45:00+00:00,TRXUSDT
2026-08-18T16:00:00+00:00,BSVUSDT
2026-08-18T17:00:00+00:00,POLUSDT
2026-08-18T17:15:00+00:00,NEARUSDT
2026-08-18T20:00:00+00:00,VVVUSDT
2026-08-19T00:15:00+00:00,TRXUSDT
2026-08-19T02:15:00+00:00,OPGUSDT
2026-08-19T04:45:00+00:00,CFGUSDT
2026-08-19T08:45:00+00:00,CFGUSDT
2026-08-19T09:15:00+00:00,HBARUSDT
2026-08-19T11:30:00+00:00,SIGNUSDT
2026-08-19T11:45:00+00:00,PRLUSDT
2026-08-19T11:45:00+00:00,ZROUSDT
2026-08-19T13:00:00+00:00,BIOUSDT
2026-08-19T14:00:00+00:00,CFGUSDT
2026-08-19T15:30:00+00:00,1000PEPEUSDT
2026-08-19T15:30:00+00:00,AAVEUSDT
2026-08-19T15:30:00+00:00,ALGOUSDT
2026-08-19T15:30:00+00:00,AVAXUSDT
2026-08-19T15:30:00+00:00,BCHUSDT
2026-08-19T15:30:00+00:00,BIGTIMEUSDT
2026-08-19T15:30:00+00:00,CHZUSDT
2026-08-19T15:30:00+00:00,DOTUSDT
2026-08-19T15:30:00+00:00,ENSUSDT
2026-08-19T15:30:00+00:00,ETCUSDT
2026-08-19T15:30:00+00:00,ETHFIUSDT
2026-08-19T15:30:00+00:00,FILUSDT
2026-08-19T15:30:00+00:00,LINKUSDT
2026-08-19T15:30:00+00:00,PENGUUSDT
2026-08-19T15:30:00+00:00,RENDERUSDT
2026-08-19T15:30:00+00:00,SUIUSDT
2026-08-19T15:30:00+00:00,TAOUSDT
2026-08-19T15:30:00+00:00,TREEUSDT
2026-08-19T15:45:00+00:00,APTUSDT
2026-08-19T15:45:00+00:00,FFUSDT
2026-08-19T17:00:00+00:00,BIOUSDT
2026-08-19T17:15:00+00:00,PUMPUSDT
2026-08-19T17:45:00+00:00,PRLUSDT
2026-08-19T18:00:00+00:00,TRXUSDT
2026-08-19T18:45:00+00:00,MEGAUSDT
2026-08-19T20:15:00+00:00,PYTHUSDT
2026-08-19T20:15:00+00:00,TRUMPUSDT
2026-08-19T21:15:00+00:00,MONUSDT
2026-08-19T21:30:00+00:00,LINKUSDT
2026-08-19T21:30:00+00:00,TREEUSDT
2026-08-19T22:00:00+00:00,1000PEPEUSDT
2026-08-19T22:00:00+00:00,ARBUSDT
2026-08-19T22:00:00+00:00,BCHUSDT
2026-08-19T22:00:00+00:00,DOTUSDT
2026-08-19T22:00:00+00:00,NEARUSDT
2026-08-19T22:00:00+00:00,PENDLEUSDT
2026-08-19T22:00:00+00:00,SUIUSDT
2026-08-19T22:00:00+00:00,TAOUSDT
2026-08-20T00:30:00+00:00,TRUMPUSDT
2026-08-20T03:00:00+00:00,BCHUSDT
2026-08-20T04:30:00+00:00,TRUMPUSDT
2026-08-20T05:30:00+00:00,PENDLEUSDT
2026-08-20T06:00:00+00:00,STORJUSDT
2026-08-20T06:30:00+00:00,PLUMEUSDT
2026-08-20T08:00:00+00:00,EDGEUSDT
2026-08-20T08:15:00+00:00,MONUSDT
2026-08-20T09:00:00+00:00,APTUSDT
2026-08-20T09:00:00+00:00,ETHFIUSDT
2026-08-20T09:15:00+00:00,1000PEPEUSDT
2026-08-20T09:30:00+00:00,BIOUSDT
2026-08-20T09:45:00+00:00,PENDLEUSDT
2026-08-20T10:00:00+00:00,ARBUSDT
2026-08-20T10:30:00+00:00,SUIUSDT
2026-08-20T11:00:00+00:00,JTOUSDT
2026-08-20T11:15:00+00:00,PRLUSDT
2026-08-20T11:45:00+00:00,MEGAUSDT
2026-08-20T11:45:00+00:00,TRUMPUSDT
2026-08-20T12:00:00+00:00,AVAXUSDT
2026-08-20T12:00:00+00:00,EDGEUSDT
2026-08-20T12:00:00+00:00,HBARUSDT
2026-08-20T12:00:00+00:00,PYTHUSDT
2026-08-20T12:00:00+00:00,TRXUSDT
2026-08-20T12:00:00+00:00,VIRTUALUSDT
2026-08-20T12:15:00+00:00,MONUSDT
2026-08-20T12:30:00+00:00,DOTUSDT
2026-08-20T12:30:00+00:00,INJUSDT
2026-08-20T12:45:00+00:00,PENGUUSDT
2026-08-20T13:30:00+00:00,TAOUSDT
2026-08-20T15:00:00+00:00,ARXUSDT
2026-08-20T15:00:00+00:00,LSKUSDT
2026-08-20T15:00:00+00:00,ONTUSDT
2026-08-20T15:15:00+00:00,1000PEPEUSDT
2026-08-20T15:15:00+00:00,PUMPUSDT
2026-08-20T15:30:00+00:00,BCHUSDT
2026-08-20T15:45:00+00:00,ZROUSDT
2026-08-20T16:15:00+00:00,MONUSDT
2026-08-20T17:00:00+00:00,HBARUSDT
2026-08-20T17:15:00+00:00,RENDERUSDT
2026-08-20T17:30:00+00:00,POLUSDT
2026-08-20T18:00:00+00:00,FILUSDT
2026-08-20T18:00:00+00:00,JTOUSDT
2026-08-20T18:00:00+00:00,PENGUUSDT
2026-08-20T18:00:00+00:00,SUIUSDT
2026-08-20T18:00:00+00:00,TAOUSDT
2026-08-20T18:00:00+00:00,TRUMPUSDT
2026-08-20T18:15:00+00:00,AVAXUSDT
2026-08-20T19:30:00+00:00,MANTRAUSDT
2026-08-20T20:45:00+00:00,GASUSDT
2026-08-20T20:45:00+00:00,ONTUSDT
2026-08-20T22:15:00+00:00,MONUSDT
2026-08-20T22:15:00+00:00,STXUSDT
2026-08-20T23:30:00+00:00,SUIUSDT
2026-08-20T23:30:00+00:00,TRXUSDT
2026-08-21T00:30:00+00:00,STEEMUSDT
2026-08-21T00:45:00+00:00,GASUSDT
2026-08-21T00:45:00+00:00,ONTUSDT
2026-08-21T01:15:00+00:00,AAVEUSDT
2026-08-21T02:30:00+00:00,ENSUSDT
2026-08-21T02:45:00+00:00,FILUSDT
2026-08-21T02:45:00+00:00,JUPUSDT
2026-08-21T03:00:00+00:00,PENGUUSDT
2026-08-21T03:15:00+00:00,ZORAUSDT
2026-08-21T04:30:00+00:00,SPKUSDT
2026-08-21T04:45:00+00:00,STXUSDT
2026-08-21T05:15:00+00:00,BCHUSDT
2026-08-21T05:30:00+00:00,POLUSDT
2026-08-21T06:15:00+00:00,GASUSDT
2026-08-21T06:30:00+00:00,1000PEPEUSDT
2026-08-21T07:15:00+00:00,MONUSDT
2026-08-21T07:45:00+00:00,ONTUSDT
2026-08-21T08:00:00+00:00,1000BONKUSDT
2026-08-21T08:00:00+00:00,MANTRAUSDT
2026-08-21T08:00:00+00:00,PYTHUSDT
2026-08-21T08:30:00+00:00,BERAUSDT
2026-08-21T08:30:00+00:00,XPLUSDT
2026-08-21T09:00:00+00:00,AAVEUSDT
2026-08-21T09:00:00+00:00,ALGOUSDT
2026-08-21T09:00:00+00:00,APTUSDT
2026-08-21T09:00:00+00:00,ARBUSDT
2026-08-21T09:00:00+00:00,ATHUSDT
2026-08-21T09:00:00+00:00,ATOMUSDT
2026-08-21T09:00:00+00:00,AVAXUSDT
2026-08-21T09:00:00+00:00,AXSUSDT
2026-08-21T09:00:00+00:00,BIGTIMEUSDT
2026-08-21T09:00:00+00:00,BIOUSDT
2026-08-21T09:00:00+00:00,BSVUSDT
2026-08-21T09:00:00+00:00,CFGUSDT
2026-08-21T09:00:00+00:00,CHZUSDT
2026-08-21T09:00:00+00:00,DOODUSDT
2026-08-21T09:00:00+00:00,DOTUSDT
2026-08-21T09:00:00+00:00,ENSUSDT
2026-08-21T09:00:00+00:00,ETCUSDT
2026-08-21T09:00:00+00:00,ETHFIUSDT
2026-08-21T09:00:00+00:00,FILUSDT
2026-08-21T09:00:00+00:00,FLOCKUSDT
2026-08-21T09:00:00+00:00,HBARUSDT
2026-08-21T09:00:00+00:00,INJUSDT
2026-08-21T09:00:00+00:00,JTOUSDT
2026-08-21T09:00:00+00:00,JUPUSDT
2026-08-21T09:00:00+00:00,LAYERUSDT
2026-08-21T09:00:00+00:00,LINKUSDT
2026-08-21T09:00:00+00:00,MEGAUSDT
2026-08-21T09:00:00+00:00,NEARUSDT
2026-08-21T09:00:00+00:00,PENDLEUSDT
2026-08-21T09:00:00+00:00,PENGUUSDT
2026-08-21T09:00:00+00:00,PLUMEUSDT
2026-08-21T09:00:00+00:00,PUMPUSDT
2026-08-21T09:00:00+00:00,RENDERUSDT
2026-08-21T09:00:00+00:00,SANDUSDT
2026-08-21T09:00:00+00:00,SEIUSDT
2026-08-21T09:00:00+00:00,SPKUSDT
2026-08-21T09:00:00+00:00,STEEMUSDT
2026-08-21T09:00:00+00:00,STXUSDT
2026-08-21T09:00:00+00:00,SUIUSDT
2026-08-21T09:00:00+00:00,TAOUSDT
2026-08-21T09:00:00+00:00,TRUMPUSDT
2026-08-21T09:00:00+00:00,UNIUSDT
2026-08-21T09:00:00+00:00,VIRTUALUSDT
2026-08-21T09:00:00+00:00,VVVUSDT
2026-08-21T09:00:00+00:00,WUSDT
2026-08-21T09:00:00+00:00,ZKPUSDT
2026-08-21T09:00:00+00:00,ZROUSDT
2026-08-21T10:15:00+00:00,WLFIUSDT
2026-08-21T10:30:00+00:00,1000PEPEUSDT
2026-08-21T11:00:00+00:00,POLUSDT
2026-08-21T11:30:00+00:00,BCHUSDT
2026-08-21T11:45:00+00:00,MONUSDT
2026-08-21T13:00:00+00:00,TRUMPUSDT
2026-08-21T13:00:00+00:00,ZORAUSDT
2026-08-21T13:15:00+00:00,XPLUSDT
2026-08-21T14:00:00+00:00,BERAUSDT
2026-08-21T14:15:00+00:00,MEUSDT
2026-08-21T14:45:00+00:00,SPKUSDT
2026-08-21T15:15:00+00:00,1000PEPEUSDT
2026-08-21T15:15:00+00:00,CFGUSDT
2026-08-21T15:30:00+00:00,PENGUUSDT
2026-08-21T15:30:00+00:00,ZKPUSDT
2026-08-21T15:45:00+00:00,FFUSDT
2026-08-21T15:45:00+00:00,REDUSDT
2026-08-21T16:00:00+00:00,ENSUSDT
2026-08-21T16:00:00+00:00,RVNUSDT
2026-08-21T16:00:00+00:00,TAOUSDT
2026-08-21T16:00:00+00:00,ZROUSDT
2026-08-21T16:45:00+00:00,1000BONKUSDT
2026-08-21T17:00:00+00:00,BSVUSDT
2026-08-21T17:15:00+00:00,BCHUSDT
2026-08-21T17:15:00+00:00,HBARUSDT
2026-08-21T17:45:00+00:00,GASUSDT
2026-08-21T18:30:00+00:00,AVAXUSDT
2026-08-21T18:30:00+00:00,ETHFIUSDT
2026-08-21T18:30:00+00:00,PENDLEUSDT
2026-08-21T18:30:00+00:00,ZORAUSDT
2026-08-21T18:45:00+00:00,APTUSDT
2026-08-21T18:45:00+00:00,RENDERUSDT
2026-08-21T18:45:00+00:00,SPKUSDT
2026-08-21T18:45:00+00:00,SUIUSDT
2026-08-21T18:45:00+00:00,XPLUSDT
2026-08-21T19:00:00+00:00,ARBUSDT
2026-08-21T19:00:00+00:00,BERAUSDT
2026-08-21T19:00:00+00:00,VVVUSDT
2026-08-21T19:30:00+00:00,1000PEPEUSDT
2026-08-21T19:30:00+00:00,STXUSDT
2026-08-21T22:00:00+00:00,AAVEUSDT
2026-08-21T22:15:00+00:00,BCHUSDT
2026-08-21T22:15:00+00:00,LINKUSDT
2026-08-21T22:30:00+00:00,1000BONKUSDT
2026-08-21T22:30:00+00:00,ETHFIUSDT
2026-08-21T22:30:00+00:00,ZORAUSDT
2026-08-21T23:00:00+00:00,APTUSDT
2026-08-21T23:00:00+00:00,MEUSDT
2026-08-21T23:30:00+00:00,MONUSDT
2026-08-22T00:00:00+00:00,ENSUSDT
2026-08-22T00:00:00+00:00,HBARUSDT
2026-08-22T00:15:00+00:00,GASUSDT
2026-08-22T00:30:00+00:00,SANDUSDT
2026-08-22T00:30:00+00:00,STEEMUSDT
2026-08-22T01:15:00+00:00,STXUSDT
2026-08-22T01:30:00+00:00,AXSUSDT
2026-08-22T01:45:00+00:00,ETCUSDT
2026-08-22T02:15:00+00:00,AAVEUSDT
2026-08-22T02:30:00+00:00,1000PEPEUSDT
2026-08-22T02:30:00+00:00,KATUSDT
2026-08-22T03:00:00+00:00,BCHUSDT
2026-08-22T03:00:00+00:00,OUSDT
2026-08-22T03:00:00+00:00,SEIUSDT
2026-08-22T03:00:00+00:00,WLFIUSDT
2026-08-22T03:30:00+00:00,EDGEUSDT
2026-08-22T03:30:00+00:00,NEARUSDT
2026-08-22T03:30:00+00:00,PYTHUSDT
2026-08-22T03:30:00+00:00,TAOUSDT
2026-08-22T03:45:00+00:00,FILUSDT
2026-08-22T03:45:00+00:00,PENGUUSDT
2026-08-22T04:00:00+00:00,TRUMPUSDT
2026-08-22T04:15:00+00:00,SUIUSDT
2026-08-22T04:45:00+00:00,DOTUSDT
2026-08-22T04:45:00+00:00,ENSUSDT
2026-08-22T04:45:00+00:00,MONUSDT
2026-08-22T05:00:00+00:00,0GUSDT
2026-08-22T05:00:00+00:00,1000BONKUSDT
2026-08-22T05:00:00+00:00,1000SHIBUSDT
2026-08-22T05:00:00+00:00,1000XECUSDT
2026-08-22T05:00:00+00:00,AKTUSDT
2026-08-22T05:00:00+00:00,ALGOUSDT
2026-08-22T05:00:00+00:00,APTUSDT
2026-08-22T05:00:00+00:00,ARBUSDT
2026-08-22T05:00:00+00:00,ARXUSDT
2026-08-22T05:00:00+00:00,ATHUSDT
2026-08-22T05:00:00+00:00,ATOMUSDT
2026-08-22T05:00:00+00:00,AVAXUSDT
2026-08-22T05:00:00+00:00,AVNTUSDT
2026-08-22T05:00:00+00:00,AWEUSDT
2026-08-22T05:00:00+00:00,BARDUSDT
2026-08-22T05:00:00+00:00,BERAUSDT
2026-08-22T05:00:00+00:00,BIGTIMEUSDT
2026-08-22T05:00:00+00:00,BIOUSDT
2026-08-22T05:00:00+00:00,BSBUSDT
2026-08-22T05:00:00+00:00,BSVUSDT
2026-08-22T05:00:00+00:00,CCUSDT
2026-08-22T05:00:00+00:00,CFGUSDT
2026-08-22T05:00:00+00:00,CHIPUSDT
2026-08-22T05:00:00+00:00,CHZUSDT
2026-08-22T05:00:00+00:00,DEEPUSDT
2026-08-22T05:00:00+00:00,DOODUSDT
2026-08-22T05:00:00+00:00,ENSOUSDT
2026-08-22T05:00:00+00:00,ETHFIUSDT
2026-08-22T05:00:00+00:00,FFUSDT
2026-08-22T05:00:00+00:00,FLOCKUSDT
2026-08-22T05:00:00+00:00,GASUSDT
2026-08-22T05:00:00+00:00,GUSDT
2026-08-22T05:00:00+00:00,HBARUSDT
2026-08-22T05:00:00+00:00,IDUSDT
2026-08-22T05:00:00+00:00,INJUSDT
2026-08-22T05:00:00+00:00,INUSDT
2026-08-22T05:00:00+00:00,JTOUSDT
2026-08-22T05:00:00+00:00,JUPUSDT
2026-08-22T05:00:00+00:00,KAITOUSDT
2026-08-22T05:00:00+00:00,KITEUSDT
2026-08-22T05:00:00+00:00,LAYERUSDT
2026-08-22T05:00:00+00:00,LINKUSDT
2026-08-22T05:00:00+00:00,MANTRAUSDT
2026-08-22T05:00:00+00:00,MEGAUSDT
2026-08-22T05:00:00+00:00,MEUSDT
2026-08-22T05:00:00+00:00,MIRAUSDT
2026-08-22T05:00:00+00:00,MOVEUSDT
2026-08-22T05:00:00+00:00,ONTUSDT
2026-08-22T05:00:00+00:00,OPENUSDT
2026-08-22T05:00:00+00:00,OPGUSDT
2026-08-22T05:00:00+00:00,PENDLEUSDT
2026-08-22T05:00:00+00:00,PLUMEUSDT
2026-08-22T05:00:00+00:00,POLUSDT
2026-08-22T05:00:00+00:00,PRLUSDT
2026-08-22T05:00:00+00:00,PUMPUSDT
2026-08-22T05:00:00+00:00,RENDERUSDT
2026-08-22T05:00:00+00:00,SAHARAUSDT
2026-08-22T05:00:00+00:00,SANDUSDT
2026-08-22T05:00:00+00:00,SIGNUSDT
2026-08-22T05:00:00+00:00,SPKUSDT
2026-08-22T05:00:00+00:00,STEEMUSDT
2026-08-22T05:00:00+00:00,TRXUSDT
2026-08-22T05:00:00+00:00,UNIUSDT
2026-08-22T05:00:00+00:00,VIRTUALUSDT
2026-08-22T05:00:00+00:00,VVVUSDT
2026-08-22T05:00:00+00:00,WUSDT
2026-08-22T05:00:00+00:00,XPLUSDT
2026-08-22T05:00:00+00:00,ZAMAUSDT
2026-08-22T05:00:00+00:00,ZKPUSDT
2026-08-22T05:00:00+00:00,ZORAUSDT
2026-08-22T05:00:00+00:00,ZROUSDT
2026-08-22T05:30:00+00:00,AXSUSDT
2026-08-22T05:30:00+00:00,STXUSDT
2026-08-22T07:00:00+00:00,WLFIUSDT
2026-08-22T08:15:00+00:00,PENGUUSDT
2026-08-22T08:15:00+00:00,SUIUSDT
2026-08-22T08:15:00+00:00,TRUMPUSDT
2026-08-22T09:00:00+00:00,ENSUSDT
2026-08-22T09:00:00+00:00,POLUSDT
2026-08-22T09:45:00+00:00,MOVEUSDT
2026-08-22T09:45:00+00:00,PUMPUSDT
2026-08-22T09:45:00+00:00,STXUSDT
2026-08-22T10:00:00+00:00,1000PEPEUSDT
2026-08-22T10:00:00+00:00,AAVEUSDT
2026-08-22T10:00:00+00:00,APTUSDT
2026-08-22T10:00:00+00:00,ARBUSDT
2026-08-22T10:00:00+00:00,BIGTIMEUSDT
2026-08-22T10:00:00+00:00,CFGUSDT
2026-08-22T10:00:00+00:00,ETCUSDT
2026-08-22T10:00:00+00:00,HBARUSDT
2026-08-22T10:00:00+00:00,MONUSDT
2026-08-22T10:00:00+00:00,NEARUSDT
2026-08-22T10:00:00+00:00,PYTHUSDT
2026-08-22T10:00:00+00:00,SANDUSDT
2026-08-22T10:00:00+00:00,SEIUSDT
2026-08-22T10:00:00+00:00,TAOUSDT
2026-08-22T10:00:00+00:00,VIRTUALUSDT
2026-08-22T10:15:00+00:00,ZROUSDT
2026-08-22T12:15:00+00:00,TRUMPUSDT
2026-08-22T13:15:00+00:00,STEEMUSDT
2026-08-22T14:00:00+00:00,ENSUSDT
2026-08-22T14:00:00+00:00,PUMPUSDT
2026-08-22T14:00:00+00:00,STXUSDT
2026-08-22T14:00:00+00:00,TAOUSDT
2026-08-22T14:00:00+00:00,VVVUSDT
2026-08-22T14:30:00+00:00,MOVEUSDT
2026-08-22T15:45:00+00:00,DEEPUSDT
2026-08-22T16:15:00+00:00,ZKPUSDT
2026-08-22T16:45:00+00:00,1000PEPEUSDT
2026-08-22T16:45:00+00:00,BIOUSDT
2026-08-22T18:45:00+00:00,TRUMPUSDT
2026-08-22T19:15:00+00:00,ZROUSDT
2026-08-22T21:00:00+00:00,JTOUSDT
2026-08-22T21:00:00+00:00,POLUSDT
2026-08-22T21:00:00+00:00,PUMPUSDT
2026-08-22T21:00:00+00:00,STXUSDT
2026-08-22T21:00:00+00:00,VVVUSDT
2026-08-22T21:15:00+00:00,MONUSDT
2026-08-22T21:30:00+00:00,AAVEUSDT
2026-08-22T21:30:00+00:00,APTUSDT
2026-08-22T21:30:00+00:00,DEEPUSDT
2026-08-22T21:30:00+00:00,PYTHUSDT
2026-08-22T23:45:00+00:00,NEARUSDT
2026-08-23T00:00:00+00:00,ZROUSDT
2026-08-23T00:45:00+00:00,DOODUSDT
2026-08-23T01:00:00+00:00,GASUSDT
2026-08-23T01:00:00+00:00,MOVEUSDT
2026-08-23T01:30:00+00:00,ARXUSDT
2026-08-23T02:00:00+00:00,APTUSDT
2026-08-23T02:00:00+00:00,CHZUSDT
2026-08-23T02:00:00+00:00,STXUSDT
2026-08-23T02:00:00+00:00,WLFIUSDT
2026-08-23T02:30:00+00:00,FFUSDT
2026-08-23T03:15:00+00:00,PUMPUSDT
2026-08-23T03:30:00+00:00,1000BONKUSDT
2026-08-23T04:00:00+00:00,ONTUSDT
2026-08-23T04:30:00+00:00,ZROUSDT
2026-08-23T04:45:00+00:00,VIRTUALUSDT
2026-08-23T07:00:00+00:00,FFUSDT
2026-08-23T07:15:00+00:00,PUMPUSDT
2026-08-23T07:30:00+00:00,KITEUSDT
2026-08-23T09:15:00+00:00,ZROUSDT
2026-08-23T11:00:00+00:00,FFUSDT
2026-08-23T12:45:00+00:00,XPLUSDT
2026-08-23T13:15:00+00:00,ZORAUSDT
2026-08-23T13:30:00+00:00,ETHFIUSDT
2026-08-23T13:30:00+00:00,ZROUSDT
2026-08-23T13:45:00+00:00,KATUSDT
2026-08-23T14:00:00+00:00,AAVEUSDT
2026-08-23T14:15:00+00:00,PENDLEUSDT
2026-08-23T14:15:00+00:00,SPKUSDT
2026-08-23T14:15:00+00:00,STXUSDT
2026-08-23T14:30:00+00:00,1000BONKUSDT
2026-08-23T14:30:00+00:00,APTUSDT
2026-08-23T14:30:00+00:00,ARBUSDT
2026-08-23T14:30:00+00:00,CHZUSDT
2026-08-23T14:30:00+00:00,HBARUSDT
2026-08-23T14:30:00+00:00,INJUSDT
2026-08-23T14:30:00+00:00,JTOUSDT
2026-08-23T14:30:00+00:00,LINKUSDT
2026-08-23T14:30:00+00:00,NEARUSDT
2026-08-23T14:30:00+00:00,PENGUUSDT
2026-08-23T14:30:00+00:00,RENDERUSDT
2026-08-23T14:30:00+00:00,SUIUSDT
2026-08-23T14:30:00+00:00,TAOUSDT
2026-08-23T14:30:00+00:00,TRUMPUSDT
2026-08-23T14:30:00+00:00,UNIUSDT
2026-08-23T14:30:00+00:00,VIRTUALUSDT
2026-08-23T14:30:00+00:00,WLFIUSDT
2026-08-23T15:00:00+00:00,MONUSDT
2026-08-23T18:30:00+00:00,PENDLEUSDT
2026-08-23T18:30:00+00:00,WUSDT
2026-08-23T18:45:00+00:00,SPKUSDT
2026-08-23T19:15:00+00:00,FFUSDT
2026-08-23T19:30:00+00:00,PENGUUSDT
2026-08-23T19:30:00+00:00,ZROUSDT
2026-08-23T23:00:00+00:00,SPKUSDT
2026-08-23T23:30:00+00:00,TAOUSDT
2026-08-24T00:00:00+00:00,ARXUSDT
2026-08-24T00:00:00+00:00,GASUSDT
2026-08-24T00:00:00+00:00,XPLUSDT
2026-08-24T00:00:00+00:00,ZORAUSDT
2026-08-24T01:00:00+00:00,PUMPUSDT
2026-08-24T01:00:00+00:00,STORJUSDT
2026-08-24T01:30:00+00:00,APTUSDT
2026-08-24T01:45:00+00:00,NEARUSDT
2026-08-24T02:30:00+00:00,FFUSDT
2026-08-24T03:00:00+00:00,SPKUSDT
2026-08-24T03:15:00+00:00,ETHFIUSDT
2026-08-24T04:45:00+00:00,ERAUSDT
2026-08-24T06:00:00+00:00,SANDUSDT
2026-08-24T07:30:00+00:00,AAVEUSDT
2026-08-24T08:15:00+00:00,NEARUSDT
2026-08-24T08:15:00+00:00,PENGUUSDT
2026-08-24T08:15:00+00:00,SPKUSDT
2026-08-24T09:15:00+00:00,FLOCKUSDT
2026-08-24T09:15:00+00:00,WLFIUSDT
2026-08-24T10:45:00+00:00,VIRTUALUSDT
2026-08-24T11:45:00+00:00,JTOUSDT
2026-08-24T13:30:00+00:00,APTUSDT
2026-08-24T13:30:00+00:00,ARXUSDT
2026-08-24T13:30:00+00:00,ATHUSDT
2026-08-24T13:30:00+00:00,ETHFIUSDT
2026-08-24T13:30:00+00:00,MONUSDT
2026-08-24T13:30:00+00:00,NEARUSDT
2026-08-24T13:30:00+00:00,PYTHUSDT
2026-08-24T13:30:00+00:00,SPKUSDT
2026-08-24T13:30:00+00:00,SUIUSDT
2026-08-24T13:30:00+00:00,TAOUSDT
2026-08-24T13:30:00+00:00,UNIUSDT
2026-08-24T13:30:00+00:00,VANAUSDT
2026-08-24T13:30:00+00:00,XPLUSDT
2026-08-24T15:00:00+00:00,STORJUSDT
2026-08-24T15:30:00+00:00,RENDERUSDT
2026-08-24T17:00:00+00:00,PUMPUSDT
2026-08-24T17:15:00+00:00,BCHUSDT
2026-08-24T17:15:00+00:00,INJUSDT
2026-08-24T17:15:00+00:00,JUPUSDT
2026-08-24T17:15:00+00:00,PENDLEUSDT
2026-08-24T17:15:00+00:00,VIRTUALUSDT
2026-08-24T17:30:00+00:00,XPLUSDT
2026-08-24T17:45:00+00:00,ATHUSDT
2026-08-24T18:45:00+00:00,BARDUSDT
2026-08-24T20:00:00+00:00,MONUSDT
2026-08-24T20:15:00+00:00,MEUSDT
2026-08-25T00:00:00+00:00,SANDUSDT
2026-08-25T00:00:00+00:00,STORJUSDT
2026-08-25T03:30:00+00:00,AAVEUSDT
2026-08-25T04:00:00+00:00,ETHFIUSDT
2026-08-25T05:00:00+00:00,STORJUSDT
2026-08-25T05:15:00+00:00,JTOUSDT
2026-08-25T06:30:00+00:00,JUPUSDT
2026-08-25T06:30:00+00:00,MONUSDT
2026-08-25T06:30:00+00:00,PENGUUSDT
2026-08-25T06:30:00+00:00,STXUSDT
2026-08-25T07:00:00+00:00,ZKPUSDT
2026-08-25T07:45:00+00:00,1000PEPEUSDT
2026-08-25T07:45:00+00:00,FILUSDT
2026-08-25T07:45:00+00:00,FLOCKUSDT
2026-08-25T07:45:00+00:00,IDUSDT
2026-08-25T07:45:00+00:00,LINKUSDT
2026-08-25T07:45:00+00:00,RENDERUSDT
2026-08-25T07:45:00+00:00,SUIUSDT
2026-08-25T07:45:00+00:00,TAOUSDT
2026-08-25T07:45:00+00:00,VIRTUALUSDT
2026-08-25T12:00:00+00:00,LSKUSDT
2026-08-25T13:00:00+00:00,PUMPUSDT
2026-08-25T13:15:00+00:00,FILUSDT
2026-08-25T13:15:00+00:00,MONUSDT
2026-08-25T13:15:00+00:00,NEARUSDT
2026-08-25T13:15:00+00:00,ONTUSDT
2026-08-25T13:15:00+00:00,SUIUSDT
2026-08-25T13:15:00+00:00,VIRTUALUSDT
2026-08-25T13:15:00+00:00,ZKPUSDT
2026-08-25T13:45:00+00:00,AVAXUSDT
2026-08-25T13:45:00+00:00,HOLOUSDT
2026-08-25T13:45:00+00:00,WUSDT
2026-08-25T13:45:00+00:00,ZROUSDT
2026-08-25T16:15:00+00:00,FFUSDT
2026-08-25T19:00:00+00:00,TRXUSDT
2026-08-25T19:00:00+00:00,ZROUSDT
2026-08-25T20:30:00+00:00,INJUSDT
2026-08-25T20:45:00+00:00,APTUSDT
2026-08-25T20:45:00+00:00,ATOMUSDT
2026-08-25T21:00:00+00:00,BARDUSDT
2026-08-25T23:00:00+00:00,TRXUSDT
2026-08-26T03:00:00+00:00,STXUSDT
2026-08-26T05:00:00+00:00,BERAUSDT
2026-08-26T08:15:00+00:00,FFUSDT
2026-08-26T09:15:00+00:00,PYTHUSDT
2026-08-26T09:30:00+00:00,LAYERUSDT
2026-08-26T12:15:00+00:00,FFUSDT
2026-08-26T12:45:00+00:00,WUSDT
2026-08-26T13:15:00+00:00,AWEUSDT
2026-08-26T13:15:00+00:00,FLOCKUSDT
2026-08-26T14:30:00+00:00,LSKUSDT
2026-08-26T14:45:00+00:00,ARBUSDT
2026-08-26T14:45:00+00:00,JUPUSDT
2026-08-26T14:45:00+00:00,SIGNUSDT
2026-08-26T14:45:00+00:00,TAOUSDT
2026-08-26T15:00:00+00:00,XAUTUSDT
2026-08-26T17:30:00+00:00,POLUSDT
2026-08-26T19:00:00+00:00,ONTUSDT
2026-08-26T20:15:00+00:00,JUPUSDT
2026-08-27T00:15:00+00:00,ONTUSDT
2026-08-27T00:30:00+00:00,GASUSDT
2026-08-27T05:15:00+00:00,CHIPUSDT
2026-08-27T07:30:00+00:00,KITEUSDT
2026-08-27T08:45:00+00:00,TAOUSDT
2026-08-27T09:30:00+00:00,VIRTUALUSDT
2026-08-27T10:15:00+00:00,PYTHUSDT
2026-08-27T12:45:00+00:00,CFGUSDT
2026-08-27T16:30:00+00:00,CHIPUSDT
2026-08-27T18:30:00+00:00,JUPUSDT
2026-08-27T21:30:00+00:00,SKRUSDT
2026-08-28T00:15:00+00:00,SOPHUSDT
2026-08-28T02:00:00+00:00,JUPUSDT
2026-08-28T02:00:00+00:00,SKRUSDT
2026-08-28T02:15:00+00:00,INJUSDT
2026-08-28T02:15:00+00:00,PLUMEUSDT
2026-08-28T03:00:00+00:00,JTOUSDT
2026-08-28T04:45:00+00:00,IRYSUSDT
2026-08-28T05:15:00+00:00,GUSDT
2026-08-28T07:00:00+00:00,MANTRAUSDT
2026-08-28T08:45:00+00:00,JTOUSDT
2026-08-28T11:00:00+00:00,MANTRAUSDT
2026-08-28T12:30:00+00:00,SKRUSDT
2026-08-28T13:15:00+00:00,BCHUSDT
2026-08-28T14:00:00+00:00,1000PEPEUSDT
2026-08-28T14:00:00+00:00,APTUSDT
2026-08-28T14:00:00+00:00,ARBUSDT
2026-08-28T14:00:00+00:00,AXSUSDT
2026-08-28T14:00:00+00:00,DOTUSDT
2026-08-28T14:00:00+00:00,HBARUSDT
2026-08-28T14:00:00+00:00,JUPUSDT
2026-08-28T14:00:00+00:00,RENDERUSDT
2026-08-28T14:00:00+00:00,SEIUSDT
2026-08-28T14:00:00+00:00,TAOUSDT
2026-08-28T14:00:00+00:00,TRXUSDT
2026-08-28T14:00:00+00:00,UNIUSDT
2026-08-28T14:00:00+00:00,WUSDT
2026-08-28T14:00:00+00:00,XAUTUSDT
2026-08-28T15:00:00+00:00,CHIPUSDT
2026-08-28T15:45:00+00:00,MONUSDT
2026-08-28T15:45:00+00:00,OPGUSDT
2026-08-28T16:00:00+00:00,1000SHIBUSDT
2026-08-28T16:00:00+00:00,CFGUSDT
2026-08-28T16:00:00+00:00,ETHFIUSDT
2026-08-28T16:00:00+00:00,FILUSDT
2026-08-28T16:00:00+00:00,INJUSDT
2026-08-28T16:00:00+00:00,KATUSDT
2026-08-28T16:00:00+00:00,PUMPUSDT
2026-08-28T16:00:00+00:00,XPLUSDT
2026-08-28T16:15:00+00:00,MANTRAUSDT
2026-08-28T17:00:00+00:00,LAYERUSDT
2026-08-28T18:45:00+00:00,VVVUSDT
2026-08-29T02:00:00+00:00,OUSDT
2026-08-29T05:45:00+00:00,TRUMPUSDT
2026-08-29T10:45:00+00:00,OUSDT
2026-08-29T14:30:00+00:00,ZKPUSDT
2026-08-29T14:45:00+00:00,KITEUSDT
2026-08-29T16:00:00+00:00,OUSDT
2026-08-29T16:15:00+00:00,LAYERUSDT
2026-08-29T16:15:00+00:00,OPGUSDT
2026-08-29T20:45:00+00:00,OUSDT
2026-08-29T23:00:00+00:00,ZKPUSDT
2026-08-30T00:30:00+00:00,SKRUSDT
2026-08-30T03:15:00+00:00,ZKPUSDT
2026-08-30T05:45:00+00:00,SKRUSDT
2026-08-30T06:00:00+00:00,KATUSDT
2026-08-30T10:30:00+00:00,SKRUSDT
2026-08-30T10:30:00+00:00,ZKPUSDT
2026-08-30T10:45:00+00:00,FLOCKUSDT
2026-08-30T11:15:00+00:00,BIGTIMEUSDT
2026-08-30T11:45:00+00:00,OUSDT
2026-08-30T12:00:00+00:00,ZORAUSDT
2026-08-30T12:30:00+00:00,BARDUSDT
2026-08-30T14:15:00+00:00,UNIUSDT
2026-08-30T14:30:00+00:00,ERAUSDT
2026-08-30T14:30:00+00:00,SKRUSDT
2026-08-30T15:45:00+00:00,ZKPUSDT
2026-08-30T17:00:00+00:00,FLOCKUSDT
2026-08-30T17:15:00+00:00,BARDUSDT
2026-08-30T19:30:00+00:00,UNIUSDT
2026-08-30T20:30:00+00:00,SEIUSDT
2026-08-30T20:30:00+00:00,ZORAUSDT
2026-08-30T20:45:00+00:00,ZKPUSDT
2026-08-30T21:15:00+00:00,SKRUSDT
2026-08-30T23:15:00+00:00,0GUSDT
2026-08-30T23:15:00+00:00,1000PEPEUSDT
2026-08-30T23:15:00+00:00,ALGOUSDT
2026-08-30T23:15:00+00:00,APTUSDT
2026-08-30T23:15:00+00:00,ARBUSDT
2026-08-30T23:15:00+00:00,ATOMUSDT
2026-08-30T23:15:00+00:00,AVAXUSDT
2026-08-30T23:15:00+00:00,BIGTIMEUSDT
2026-08-30T23:15:00+00:00,CFGUSDT
2026-08-30T23:15:00+00:00,DOTUSDT
2026-08-30T23:15:00+00:00,FILUSDT
2026-08-30T23:15:00+00:00,FLOCKUSDT
2026-08-30T23:15:00+00:00,HBARUSDT
2026-08-30T23:15:00+00:00,IDUSDT
2026-08-30T23:15:00+00:00,INJUSDT
2026-08-30T23:15:00+00:00,INUSDT
2026-08-30T23:15:00+00:00,JTOUSDT
2026-08-30T23:15:00+00:00,JUPUSDT
2026-08-30T23:15:00+00:00,OPENUSDT
2026-08-30T23:15:00+00:00,RENDERUSDT
2026-08-30T23:15:00+00:00,SANDUSDT
2026-08-30T23:15:00+00:00,SUIUSDT
2026-08-30T23:15:00+00:00,TAOUSDT
2026-08-30T23:15:00+00:00,VANAUSDT
2026-08-30T23:30:00+00:00,ERAUSDT
2026-08-30T23:30:00+00:00,WLFIUSDT
2026-08-31T01:45:00+00:00,ZORAUSDT
2026-08-31T02:30:00+00:00,KATUSDT
2026-08-31T02:30:00+00:00,SKRUSDT
2026-08-31T02:45:00+00:00,PUMPUSDT
2026-08-31T03:15:00+00:00,FLOCKUSDT
2026-08-31T03:30:00+00:00,JTOUSDT
2026-08-31T04:15:00+00:00,0GUSDT
2026-08-31T05:45:00+00:00,MIRAUSDT
2026-08-31T05:45:00+00:00,ZORAUSDT
2026-08-31T06:30:00+00:00,SKRUSDT
2026-08-31T07:15:00+00:00,ENSOUSDT
2026-08-31T07:15:00+00:00,FLOCKUSDT
2026-08-31T07:45:00+00:00,LAUSDT
2026-08-31T08:45:00+00:00,BARDUSDT
2026-08-31T08:45:00+00:00,RVNUSDT
2026-08-31T09:30:00+00:00,TRXUSDT
2026-08-31T10:00:00+00:00,0GUSDT
2026-08-31T10:30:00+00:00,ZORAUSDT
2026-08-31T11:30:00+00:00,FLOCKUSDT
2026-08-31T11:45:00+00:00,ENSOUSDT
2026-08-31T12:30:00+00:00,INUSDT
2026-08-31T12:45:00+00:00,BARDUSDT
2026-08-31T13:45:00+00:00,OPENUSDT
2026-08-31T15:00:00+00:00,SKRUSDT
2026-08-31T15:00:00+00:00,ZORAUSDT
2026-08-31T15:30:00+00:00,FLOCKUSDT
2026-08-31T15:30:00+00:00,LAUSDT
2026-08-31T17:00:00+00:00,BERAUSDT
2026-08-31T17:30:00+00:00,0GUSDT
2026-08-31T18:00:00+00:00,ATHUSDT
2026-08-31T18:45:00+00:00,ARBUSDT
2026-08-31T19:15:00+00:00,BARDUSDT
2026-08-31T19:30:00+00:00,ZORAUSDT
2026-08-31T22:00:00+00:00,ARXUSDT
2026-08-31T23:30:00+00:00,0GUSDT
2026-08-31T23:30:00+00:00,FLOCKUSDT
2026-08-31T23:45:00+00:00,ZORAUSDT
2026-09-01T00:15:00+00:00,MIRAUSDT
2026-09-01T02:15:00+00:00,BERAUSDT
2026-09-01T05:15:00+00:00,0GUSDT
2026-09-01T07:00:00+00:00,ENSOUSDT
2026-09-01T08:00:00+00:00,INUSDT
2026-09-01T08:15:00+00:00,VANAUSDT
2026-09-01T09:15:00+00:00,0GUSDT
2026-09-01T10:45:00+00:00,SOONUSDT
2026-09-01T12:30:00+00:00,AXSUSDT
2026-09-01T13:00:00+00:00,INUSDT
2026-09-01T13:00:00+00:00,ZILUSDT
2026-09-01T15:00:00+00:00,FFUSDT
2026-09-01T15:30:00+00:00,DOODUSDT
2026-09-01T21:00:00+00:00,WUSDT
