utc,cluster_size,btc_ret15,symbols
2026-04-05T00:15:00+00:00,1,,ETCUSDT
2026-04-05T01:00:00+00:00,1,,ORDIUSDT
2026-04-05T03:30:00+00:00,1,,PENDLEUSDT
2026-04-05T04:45:00+00:00,1,,BCHUSDT
2026-04-05T06:00:00+00:00,2,,LTCUSDT|ONDOUSDT
2026-04-05T06:15:00+00:00,1,,ENAUSDT
2026-04-05T12:00:00+00:00,1,,PENDLEUSDT
2026-04-05T12:30:00+00:00,1,,XPLUSDT
2026-04-05T17:00:00+00:00,1,,EPICUSDT
2026-04-06T04:00:00+00:00,1,,LITUSDT
2026-04-06T05:15:00+00:00,1,,LABUSDT
2026-04-06T08:45:00+00:00,1,,EPICUSDT
2026-04-06T11:45:00+00:00,1,,PENDLEUSDT
2026-04-06T13:15:00+00:00,1,,INTCUSDT
2026-04-06T13:45:00+00:00,2,,COINUSDT|CRCLUSDT
2026-04-06T14:00:00+00:00,2,,LABUSDT|TSLAUSDT
2026-04-06T16:15:00+00:00,1,,AAVEUSDT
2026-04-06T17:00:00+00:00,1,,XLMUSDT
2026-04-06T22:30:00+00:00,1,,VVVUSDT
2026-04-06T23:00:00+00:00,2,,ADAUSDT|AVAXUSDT
2026-04-07T04:15:00+00:00,2,,ALGOUSDT|ETCUSDT
2026-04-07T08:15:00+00:00,1,,ZBTUSDT
2026-04-07T09:15:00+00:00,1,,LABUSDT
2026-04-07T10:15:00+00:00,1,,AAVEUSDT
2026-04-07T12:00:00+00:00,3,,1000SHIBUSDT|ORDIUSDT|PENGUUSDT
2026-04-07T13:30:00+00:00,2,,COINUSDT|TSLAUSDT
2026-04-07T13:45:00+00:00,1,,INTCUSDT
2026-04-07T14:00:00+00:00,1,,DOTUSDT
2026-04-07T20:30:00+00:00,1,,LABUSDT
2026-04-07T21:30:00+00:00,1,,DEXEUSDT
2026-04-07T23:00:00+00:00,3,,DASHUSDT|DOTUSDT|LITUSDT
2026-04-07T23:30:00+00:00,3,,AAVEUSDT|AVAXUSDT|MSTRUSDT
2026-04-08T01:00:00+00:00,1,,LABUSDT
2026-04-08T03:30:00+00:00,1,,PENDLEUSDT
2026-04-08T07:00:00+00:00,1,,AKEUSDT
2026-04-08T07:30:00+00:00,1,,HBARUSDT
2026-04-08T08:00:00+00:00,1,,LITUSDT
2026-04-08T08:45:00+00:00,1,,KAITOUSDT
2026-04-08T09:15:00+00:00,1,,LABUSDT
2026-04-08T11:30:00+00:00,1,,1000SHIBUSDT
2026-04-08T13:30:00+00:00,7,,AMZNUSDT|COINUSDT|CRCLUSDT|HOODUSDT|MSTRUSDT|PLTRUSDT|TSLAUSDT
2026-04-08T14:15:00+00:00,2,,DASHUSDT|XMRUSDT
2026-04-08T14:30:00+00:00,4,,1000BONKUSDT|AAVEUSDT|INTCUSDT|SUIUSDT
2026-04-08T15:30:00+00:00,1,,JUPUSDT
2026-04-08T15:45:00+00:00,1,,LABUSDT
2026-04-08T16:30:00+00:00,1,,TLMUSDT
2026-04-08T18:30:00+00:00,1,,TACUSDT
2026-04-08T18:45:00+00:00,2,,XMRUSDT|ZROUSDT
2026-04-08T20:15:00+00:00,1,,LABUSDT
2026-04-08T22:15:00+00:00,1,,WLFIUSDT
2026-04-08T23:00:00+00:00,2,,FARTCOINUSDT|LITUSDT
2026-04-09T00:00:00+00:00,3,,ARBUSDT|DASHUSDT|TIAUSDT
2026-04-09T03:30:00+00:00,1,,ONDOUSDT
2026-04-09T05:45:00+00:00,1,,FARTCOINUSDT
2026-04-09T11:00:00+00:00,1,,KAITOUSDT
2026-04-09T12:30:00+00:00,1,,MAGMAUSDT
2026-04-09T13:15:00+00:00,1,,INTCUSDT
2026-04-09T13:30:00+00:00,4,,COINUSDT|CRCLUSDT|HOODUSDT|PLTRUSDT
2026-04-09T13:45:00+00:00,3,,BCHUSDT|MSTRUSDT|TSLAUSDT
2026-04-09T15:00:00+00:00,1,,EVAAUSDT
2026-04-09T16:30:00+00:00,1,,FARTCOINUSDT
2026-04-09T17:30:00+00:00,1,,MORPHOUSDT
2026-04-09T18:30:00+00:00,1,,XMRUSDT
2026-04-09T19:15:00+00:00,1,,DASHUSDT
2026-04-09T21:45:00+00:00,1,,AKEUSDT
2026-04-09T22:15:00+00:00,1,,WLFIUSDT
2026-04-09T23:00:00+00:00,1,,MAGMAUSDT
2026-04-09T23:30:00+00:00,1,,TAOUSDT
2026-04-10T00:00:00+00:00,2,,DASHUSDT|KAITOUSDT
2026-04-10T02:15:00+00:00,1,,AKEUSDT
2026-04-10T02:45:00+00:00,1,,EPICUSDT
2026-04-10T03:45:00+00:00,2,,HBARUSDT|TAOUSDT
2026-04-10T06:45:00+00:00,1,,MORPHOUSDT
2026-04-10T07:45:00+00:00,2,,DASHUSDT|WLFIUSDT
2026-04-10T08:00:00+00:00,1,,PENGUUSDT
2026-04-10T09:00:00+00:00,1,,AKEUSDT
2026-04-10T09:15:00+00:00,1,,LABUSDT
2026-04-10T10:30:00+00:00,1,,MAGMAUSDT
2026-04-10T12:30:00+00:00,2,,DEXEUSDT|WLFIUSDT
2026-04-10T13:15:00+00:00,1,,PLTRUSDT
2026-04-10T13:30:00+00:00,4,,COINUSDT|CRCLUSDT|HOODUSDT|MSTRUSDT
2026-04-10T13:45:00+00:00,2,,AKEUSDT|DASHUSDT
2026-04-10T14:30:00+00:00,1,,MAGMAUSDT
2026-04-10T14:45:00+00:00,1,,LABUSDT
2026-04-10T15:30:00+00:00,1,,LDOUSDT
2026-04-10T18:00:00+00:00,1,,DASHUSDT
2026-04-10T18:15:00+00:00,1,,AKEUSDT
2026-04-10T19:15:00+00:00,1,,WLFIUSDT
2026-04-10T22:30:00+00:00,1,,DASHUSDT
2026-04-11T00:00:00+00:00,2,,ARBUSDT|MORPHOUSDT
2026-04-11T02:30:00+00:00,1,,LITUSDT
2026-04-11T04:15:00+00:00,3,,ARBUSDT|EVAAUSDT|UBUSDT
2026-04-11T05:45:00+00:00,1,,WLFIUSDT
2026-04-11T08:15:00+00:00,1,,VELVETUSDT
2026-04-11T08:45:00+00:00,1,,EVAAUSDT
2026-04-11T09:00:00+00:00,1,,AKEUSDT
2026-04-11T09:45:00+00:00,1,,MAGMAUSDT
2026-04-11T11:15:00+00:00,1,,GWEIUSDT
2026-04-11T11:30:00+00:00,1,,DASHUSDT
2026-04-11T12:15:00+00:00,1,,AEROUSDT
2026-04-11T12:30:00+00:00,1,,TACUSDT
2026-04-11T13:00:00+00:00,1,,AKEUSDT
2026-04-11T15:15:00+00:00,1,,GWEIUSDT
2026-04-11T16:45:00+00:00,1,,TACUSDT
2026-04-11T18:30:00+00:00,1,,USUSDT
2026-04-11T22:45:00+00:00,1,,AEROUSDT
2026-04-12T01:30:00+00:00,36,,1000BONKUSDT|1000PEPEUSDT|1000SHIBUSDT|AAVEUSDT|ADAUSDT|APTUSDT|AVAXUSDT|BCHUSDT|BNBUSDT|CRVUSDT|DASHUSDT|ETCUSDT|FARTCOINUSDT|FETUSDT|FILUSDT|HBARUSDT|LDOUSDT|LINKUSDT|LTCUSDT|MSTRUSDT|NEARUSDT|ONDOUSDT|OPUSDT|PENDLEUSDT|PENGUUSDT|PUMPUSDT|RENDERUSDT|SEIUSDT|SUIUSDT|TIAUSDT|UNIUSDT|VIRTUALUSDT|VVVUSDT|WLDUSDT|WLFIUSDT|XLMUSDT
2026-04-12T02:15:00+00:00,2,,AMZNUSDT|INTCUSDT
2026-04-12T02:30:00+00:00,1,,AKEUSDT
2026-04-12T07:00:00+00:00,2,,LITUSDT|ORDIUSDT
2026-04-12T10:00:00+00:00,1,,TACUSDT
2026-04-12T11:45:00+00:00,1,,VELVETUSDT
2026-04-12T12:45:00+00:00,2,,GWEIUSDT|TLMUSDT
2026-04-12T14:00:00+00:00,1,,ICPUSDT
2026-04-12T16:15:00+00:00,1,,EPICUSDT
2026-04-12T18:00:00+00:00,1,,EVAAUSDT
2026-04-12T18:45:00+00:00,1,,LABUSDT
2026-04-12T22:00:00+00:00,1,,PAXGUSDT
2026-04-13T00:00:00+00:00,1,,MSTRUSDT
2026-04-13T03:45:00+00:00,1,,USUSDT
2026-04-13T04:45:00+00:00,1,,DOTUSDT
2026-04-13T05:00:00+00:00,1,,LDOUSDT
2026-04-13T05:30:00+00:00,1,,AAVEUSDT
2026-04-13T05:45:00+00:00,1,,VELVETUSDT
2026-04-13T06:30:00+00:00,1,,TACUSDT
2026-04-13T08:00:00+00:00,1,,ORDIUSDT
2026-04-13T10:00:00+00:00,1,,EVAAUSDT
2026-04-13T10:30:00+00:00,1,,TACUSDT
2026-04-13T11:15:00+00:00,1,,ALLOUSDT
2026-04-13T13:30:00+00:00,2,,AMZNUSDT|MSTRUSDT
2026-04-13T13:45:00+00:00,2,,INTCUSDT|MORPHOUSDT
2026-04-13T14:00:00+00:00,4,,CRCLUSDT|TSLAUSDT|VVVUSDT|WLDUSDT
2026-04-13T15:00:00+00:00,1,,PLTRUSDT
2026-04-13T15:30:00+00:00,1,,ENAUSDT
2026-04-13T16:15:00+00:00,1,,LDOUSDT
2026-04-13T20:15:00+00:00,1,,ORDIUSDT
2026-04-13T23:45:00+00:00,1,,EVAAUSDT
2026-04-14T00:00:00+00:00,1,,1000BONKUSDT
2026-04-14T00:15:00+00:00,2,,AAVEUSDT|LDOUSDT
2026-04-14T00:45:00+00:00,1,,ORDIUSDT
2026-04-14T03:45:00+00:00,2,,LABUSDT|ZBTUSDT
2026-04-14T05:00:00+00:00,1,,LDOUSDT
2026-04-14T06:15:00+00:00,1,,EVAAUSDT
2026-04-14T07:00:00+00:00,1,,RIFUSDT
2026-04-14T09:30:00+00:00,1,,TACUSDT
2026-04-14T10:30:00+00:00,1,,KAITOUSDT
2026-04-14T12:00:00+00:00,1,,ASTERUSDT
2026-04-14T12:15:00+00:00,1,,RIFUSDT
2026-04-14T13:30:00+00:00,1,,INTCUSDT
2026-04-14T14:15:00+00:00,1,,LDOUSDT
2026-04-14T15:00:00+00:00,1,,CRVUSDT
2026-04-14T16:00:00+00:00,1,,EPICUSDT
2026-04-14T16:45:00+00:00,3,,AKEUSDT|PUMPUSDT|VVVUSDT
2026-04-14T17:00:00+00:00,2,,LABUSDT|RIFUSDT
2026-04-14T18:30:00+00:00,1,,INJUSDT
2026-04-14T18:45:00+00:00,1,,1000SHIBUSDT
2026-04-14T19:45:00+00:00,1,,KAITOUSDT
2026-04-14T21:15:00+00:00,1,,EPICUSDT
2026-04-15T03:30:00+00:00,1,,RIFUSDT
2026-04-15T07:30:00+00:00,2,,DEXEUSDT|USUSDT
2026-04-15T09:00:00+00:00,1,,RIFUSDT
2026-04-15T13:00:00+00:00,2,,RIFUSDT|WLFIUSDT
2026-04-15T13:15:00+00:00,1,,HOODUSDT
2026-04-15T13:30:00+00:00,5,,AMZNUSDT|COINUSDT|CRCLUSDT|MSTRUSDT|ORDIUSDT
2026-04-15T15:00:00+00:00,1,,DEXEUSDT
2026-04-15T15:30:00+00:00,1,,LDOUSDT
2026-04-15T16:45:00+00:00,1,,AAVEUSDT
2026-04-15T17:15:00+00:00,1,,RIFUSDT
2026-04-15T17:30:00+00:00,1,,CHZUSDT
2026-04-15T18:00:00+00:00,1,,ORDIUSDT
2026-04-15T22:00:00+00:00,1,,INJUSDT
2026-04-15T22:30:00+00:00,1,,ORDIUSDT
2026-04-16T00:00:00+00:00,1,,HBARUSDT
2026-04-16T00:15:00+00:00,1,,APTUSDT
2026-04-16T00:45:00+00:00,1,,TRUMPUSDT
2026-04-16T02:45:00+00:00,1,,ORDIUSDT
2026-04-16T03:00:00+00:00,1,,AKEUSDT
2026-04-16T03:15:00+00:00,1,,MORPHOUSDT
2026-04-16T04:45:00+00:00,1,,AAVEUSDT
2026-04-16T05:00:00+00:00,1,,HEIUSDT
2026-04-16T07:45:00+00:00,1,,OPUSDT
2026-04-16T08:00:00+00:00,1,,ORDIUSDT
2026-04-16T08:30:00+00:00,1,,AKEUSDT
2026-04-16T10:15:00+00:00,1,,1000PEPEUSDT
2026-04-16T13:15:00+00:00,2,,AKEUSDT|USUSDT
2026-04-16T13:30:00+00:00,7,,COINUSDT|CRCLUSDT|EIGENUSDT|HOODUSDT|MSTRUSDT|ORDIUSDT|TSLAUSDT
2026-04-16T13:45:00+00:00,29,,1000BONKUSDT|1000SHIBUSDT|AAVEUSDT|ADAUSDT|APTUSDT|ARBUSDT|BNBUSDT|CHZUSDT|CRVUSDT|DOTUSDT|ETCUSDT|FILUSDT|INJUSDT|LDOUSDT|LINKUSDT|LTCUSDT|ONDOUSDT|OPUSDT|PENDLEUSDT|PENGUUSDT|PUMPUSDT|RENDERUSDT|SUIUSDT|TIAUSDT|TRUMPUSDT|UNIUSDT|VIRTUALUSDT|WIFUSDT|WLDUSDT
2026-04-16T17:45:00+00:00,1,,ORDIUSDT
2026-04-16T18:30:00+00:00,1,,EIGENUSDT
2026-04-16T21:00:00+00:00,1,,LDOUSDT
2026-04-16T21:15:00+00:00,1,,AAVEUSDT
2026-04-17T00:00:00+00:00,1,,TIAUSDT
2026-04-17T01:15:00+00:00,1,,ORDIUSDT
2026-04-17T02:15:00+00:00,1,,ICPUSDT
2026-04-17T07:45:00+00:00,1,,UBUSDT
2026-04-17T08:00:00+00:00,1,,TRXUSDT
2026-04-17T08:15:00+00:00,1,,TIAUSDT
2026-04-17T08:45:00+00:00,1,,EPICUSDT
2026-04-17T10:00:00+00:00,1,,PENDLEUSDT
2026-04-17T10:30:00+00:00,1,,NEARUSDT
2026-04-17T13:15:00+00:00,4,,COINUSDT|HOODUSDT|INTCUSDT|UNIUSDT
2026-04-17T13:30:00+00:00,3,,AMZNUSDT|CRCLUSDT|ORDIUSDT
2026-04-17T13:45:00+00:00,2,,CRVUSDT|WLFIUSDT
2026-04-17T14:00:00+00:00,3,,HOMEUSDT|MORPHOUSDT|PENDLEUSDT
2026-04-17T15:00:00+00:00,1,,MSTRUSDT
2026-04-17T15:15:00+00:00,1,,WLDUSDT
2026-04-17T15:30:00+00:00,1,,TIAUSDT
2026-04-17T16:30:00+00:00,1,,AEROUSDT
2026-04-17T17:00:00+00:00,1,,ONDOUSDT
2026-04-17T17:15:00+00:00,1,,ENAUSDT
2026-04-17T17:45:00+00:00,1,,LITUSDT
2026-04-17T18:00:00+00:00,1,,PENDLEUSDT
2026-04-17T18:30:00+00:00,1,,EVAAUSDT
2026-04-17T19:30:00+00:00,1,,TLMUSDT
2026-04-17T22:00:00+00:00,1,,EIGENUSDT
2026-04-17T22:45:00+00:00,1,,PENDLEUSDT
2026-04-17T23:15:00+00:00,1,,TIAUSDT
2026-04-17T23:30:00+00:00,2,,UBUSDT|XPLUSDT
2026-04-18T00:00:00+00:00,1,,ORDIUSDT
2026-04-18T06:00:00+00:00,2,,AKEUSDT|UBUSDT
2026-04-18T07:30:00+00:00,1,,TLMUSDT
2026-04-18T07:45:00+00:00,1,,HEIUSDT
2026-04-18T08:15:00+00:00,3,,ASTERUSDT|CRVUSDT|TRUMPUSDT
2026-04-18T08:30:00+00:00,2,,TIAUSDT|VANRYUSDT
2026-04-18T10:00:00+00:00,3,,FETUSDT|VIRTUALUSDT|WLDUSDT
2026-04-18T10:15:00+00:00,1,,DEXEUSDT
2026-04-18T10:30:00+00:00,1,,PENDLEUSDT
2026-04-18T10:45:00+00:00,1,,EIGENUSDT
2026-04-18T11:00:00+00:00,1,,PUMPUSDT
2026-04-18T11:45:00+00:00,1,,TLMUSDT
2026-04-18T13:00:00+00:00,1,,HOMEUSDT
2026-04-18T13:15:00+00:00,1,,HEIUSDT
2026-04-18T13:30:00+00:00,1,,GWEIUSDT
2026-04-18T17:30:00+00:00,1,,AEROUSDT
2026-04-18T18:30:00+00:00,2,,AAVEUSDT|TLMUSDT
2026-04-18T20:00:00+00:00,1,,GWEIUSDT
2026-04-18T20:45:00+00:00,1,,MORPHOUSDT
2026-04-18T22:30:00+00:00,1,,AAVEUSDT
2026-04-19T00:00:00+00:00,1,,ZROUSDT
2026-04-19T03:30:00+00:00,1,,GWEIUSDT
2026-04-19T04:30:00+00:00,1,,AAVEUSDT
2026-04-19T06:15:00+00:00,1,,ZROUSDT
2026-04-19T07:00:00+00:00,1,,BCHUSDT
2026-04-19T07:15:00+00:00,2,,ICPUSDT|LTCUSDT
2026-04-19T08:00:00+00:00,1,,GWEIUSDT
2026-04-19T08:30:00+00:00,1,,AAVEUSDT
2026-04-19T10:15:00+00:00,1,,HOMEUSDT
2026-04-19T11:15:00+00:00,1,,TRXUSDT
2026-04-19T12:00:00+00:00,1,,ZROUSDT
2026-04-19T13:45:00+00:00,1,,GWEIUSDT
2026-04-19T14:15:00+00:00,1,,MORPHOUSDT
2026-04-19T14:45:00+00:00,2,,DEXEUSDT|HOMEUSDT
2026-04-19T16:00:00+00:00,1,,1000SHIBUSDT
2026-04-19T17:00:00+00:00,1,,TRXUSDT
2026-04-19T20:00:00+00:00,1,,PENDLEUSDT
2026-04-19T22:00:00+00:00,2,,DOTUSDT|ETCUSDT
2026-04-19T23:00:00+00:00,1,,TRXUSDT
2026-04-20T00:00:00+00:00,4,,COINUSDT|EWYUSDT|HOODUSDT|MSTRUSDT
2026-04-20T02:45:00+00:00,1,,VELVETUSDT
2026-04-20T05:30:00+00:00,1,,ZROUSDT
2026-04-20T09:30:00+00:00,1,,ZROUSDT
2026-04-20T10:30:00+00:00,1,,CHZUSDT
2026-04-20T11:15:00+00:00,1,,DEXEUSDT
2026-04-20T12:00:00+00:00,1,,ALLOUSDT
2026-04-20T13:15:00+00:00,1,,EVAAUSDT
2026-04-20T13:30:00+00:00,3,,CRCLUSDT|INTCUSDT|TSLAUSDT
2026-04-20T14:45:00+00:00,2,,EIGENUSDT|PENGUUSDT
2026-04-20T15:00:00+00:00,1,,AAVEUSDT
2026-04-20T16:15:00+00:00,1,,LDOUSDT
2026-04-20T16:30:00+00:00,1,,ALLOUSDT
2026-04-20T18:00:00+00:00,1,,HEIUSDT
2026-04-20T21:00:00+00:00,1,,AAVEUSDT
2026-04-20T23:00:00+00:00,1,,ZROUSDT
2026-04-21T01:15:00+00:00,1,,RIFUSDT
2026-04-21T05:30:00+00:00,1,,ALLOUSDT
2026-04-21T11:00:00+00:00,2,,BNBUSDT|XLMUSDT
2026-04-21T11:45:00+00:00,1,,OPUSDT
2026-04-21T12:00:00+00:00,1,,XMRUSDT
2026-04-21T12:15:00+00:00,1,,DEXEUSDT
2026-04-21T12:30:00+00:00,2,,LINKUSDT|NEARUSDT
2026-04-21T13:00:00+00:00,1,,ATOMUSDT
2026-04-21T13:30:00+00:00,4,,COINUSDT|CRCLUSDT|EVAAUSDT|HOODUSDT
2026-04-21T14:15:00+00:00,1,,TACUSDT
2026-04-21T16:00:00+00:00,2,,CHZUSDT|LDOUSDT
2026-04-21T17:00:00+00:00,1,,EWYUSDT
2026-04-21T17:15:00+00:00,2,,ATOMUSDT|WIFUSDT
2026-04-21T19:30:00+00:00,2,,FARTCOINUSDT|XMRUSDT
2026-04-21T21:15:00+00:00,1,,BEATUSDT
2026-04-22T05:30:00+00:00,1,,SEIUSDT
2026-04-22T05:45:00+00:00,1,,PUMPUSDT
2026-04-22T06:00:00+00:00,1,,LDOUSDT
2026-04-22T09:15:00+00:00,1,,TACUSDT
2026-04-22T10:00:00+00:00,1,,TRUMPUSDT
2026-04-22T10:15:00+00:00,1,,XMRUSDT
2026-04-22T11:15:00+00:00,2,,APTUSDT|PENGUUSDT
2026-04-22T13:30:00+00:00,1,,INTCUSDT
2026-04-22T13:45:00+00:00,1,,DEXEUSDT
2026-04-22T14:00:00+00:00,1,,TRUMPUSDT
2026-04-22T14:15:00+00:00,3,,MSTRUSDT|TACUSDT|TRXUSDT
2026-04-22T15:45:00+00:00,1,,PENGUUSDT
2026-04-22T16:15:00+00:00,1,,SEIUSDT
2026-04-22T16:45:00+00:00,1,,UBUSDT
2026-04-22T19:30:00+00:00,1,,TRUMPUSDT
2026-04-22T22:00:00+00:00,1,,UBUSDT
2026-04-23T00:00:00+00:00,1,,WIFUSDT
2026-04-23T01:30:00+00:00,1,,TACUSDT
2026-04-23T02:00:00+00:00,2,,HOMEUSDT|PENGUUSDT
2026-04-23T04:15:00+00:00,1,,VELVETUSDT
2026-04-23T06:30:00+00:00,1,,TACUSDT
2026-04-23T06:45:00+00:00,1,,MAGMAUSDT
2026-04-23T09:00:00+00:00,2,,PENGUUSDT|VELVETUSDT
2026-04-23T10:30:00+00:00,1,,UBUSDT
2026-04-23T10:45:00+00:00,1,,TACUSDT
2026-04-23T13:15:00+00:00,1,,VELVETUSDT
2026-04-23T13:30:00+00:00,2,,DEXEUSDT|PLTRUSDT
2026-04-23T13:45:00+00:00,2,,MSTRUSDT|TSLAUSDT
2026-04-23T14:30:00+00:00,1,,UBUSDT
2026-04-23T16:30:00+00:00,1,,TACUSDT
2026-04-23T17:30:00+00:00,10,,AEROUSDT|ASTERUSDT|ATOMUSDT|DOTUSDT|EWYUSDT|FILUSDT|PENGUUSDT|TRUMPUSDT|WIFUSDT|XLMUSDT
2026-04-23T17:45:00+00:00,1,,APTUSDT
2026-04-23T18:30:00+00:00,1,,LABUSDT
2026-04-24T00:00:00+00:00,1,,ALLOUSDT
2026-04-24T02:00:00+00:00,1,,KAITOUSDT
2026-04-24T05:15:00+00:00,1,,LABUSDT
2026-04-24T09:00:00+00:00,1,,PENGUUSDT
2026-04-24T09:30:00+00:00,1,,EVAAUSDT
2026-04-24T10:00:00+00:00,1,,LABUSDT
2026-04-24T11:30:00+00:00,1,,ALLOUSDT
2026-04-24T11:45:00+00:00,1,,WLFIUSDT
2026-04-24T13:30:00+00:00,1,,MSTRUSDT
2026-04-24T13:45:00+00:00,1,,INTCUSDT
2026-04-24T15:00:00+00:00,1,,BSBUSDT
2026-04-24T15:15:00+00:00,1,,TRXUSDT
2026-04-24T16:15:00+00:00,1,,ESPORTSUSDT
2026-04-24T18:00:00+00:00,1,,TRUMPUSDT
2026-04-24T18:30:00+00:00,1,,ZBTUSDT
2026-04-24T21:00:00+00:00,1,,ESPORTSUSDT
2026-04-24T21:15:00+00:00,1,,EVAAUSDT
2026-04-24T22:30:00+00:00,2,,HBARUSDT|TRUMPUSDT
2026-04-24T22:45:00+00:00,1,,ZBTUSDT
2026-04-25T01:00:00+00:00,1,,MAGMAUSDT
2026-04-25T03:30:00+00:00,1,,ESPORTSUSDT
2026-04-25T04:00:00+00:00,1,,BSBUSDT
2026-04-25T08:45:00+00:00,1,,TRXUSDT
2026-04-25T09:00:00+00:00,1,,OPUSDT
2026-04-25T11:00:00+00:00,2,,TRUMPUSDT|ZBTUSDT
2026-04-25T14:00:00+00:00,1,,INJUSDT
2026-04-25T16:30:00+00:00,1,,ASTERUSDT
2026-04-25T17:00:00+00:00,1,,BSBUSDT
2026-04-25T19:15:00+00:00,1,,LABUSDT
2026-04-25T21:30:00+00:00,1,,ZBTUSDT
2026-04-26T01:30:00+00:00,1,,ZBTUSDT
2026-04-26T02:15:00+00:00,1,,BSBUSDT
2026-04-26T05:00:00+00:00,1,,JTOUSDT
2026-04-26T05:30:00+00:00,1,,ZBTUSDT
2026-04-26T07:15:00+00:00,1,,BSBUSDT
2026-04-26T07:45:00+00:00,1,,INJUSDT
2026-04-26T09:15:00+00:00,1,,JTOUSDT
2026-04-26T09:45:00+00:00,1,,ZBTUSDT
2026-04-26T10:45:00+00:00,1,,RENDERUSDT
2026-04-26T12:15:00+00:00,1,,AEROUSDT
2026-04-26T13:45:00+00:00,1,,LDOUSDT
2026-04-26T14:45:00+00:00,1,,ZBTUSDT
2026-04-26T15:30:00+00:00,1,,ETHFIUSDT
2026-04-26T16:30:00+00:00,1,,XMRUSDT
2026-04-26T18:00:00+00:00,1,,GWEIUSDT
2026-04-26T18:30:00+00:00,1,,LDOUSDT
2026-04-26T19:00:00+00:00,1,,ZBTUSDT
2026-04-26T20:45:00+00:00,1,,INJUSDT
2026-04-26T23:30:00+00:00,1,,ZBTUSDT
2026-04-26T23:45:00+00:00,1,,MORPHOUSDT
2026-04-27T02:00:00+00:00,1,,PENGUUSDT
2026-04-27T03:30:00+00:00,1,,LDOUSDT
2026-04-27T03:45:00+00:00,1,,BSBUSDT
2026-04-27T04:45:00+00:00,1,,JUPUSDT
2026-04-27T05:00:00+00:00,1,,PUMPUSDT
2026-04-27T05:15:00+00:00,21,,1000BONKUSDT|1000PEPEUSDT|1000SHIBUSDT|AAVEUSDT|ADAUSDT|ARBUSDT|ATOMUSDT|BNBUSDT|ETCUSDT|ETHFIUSDT|FILUSDT|INJUSDT|LINKUSDT|LTCUSDT|ONDOUSDT|OPUSDT|SEIUSDT|SUIUSDT|UNIUSDT|VIRTUALUSDT|WLFIUSDT
2026-04-27T06:15:00+00:00,1,,PENGUUSDT
2026-04-27T09:15:00+00:00,1,,TRXUSDT
2026-04-27T10:00:00+00:00,1,,JUPUSDT
2026-04-27T10:45:00+00:00,1,,BSBUSDT
2026-04-27T14:15:00+00:00,1,,VELVETUSDT
2026-04-27T14:45:00+00:00,2,,JUPUSDT|PENGUUSDT
2026-04-27T15:15:00+00:00,25,,1000BONKUSDT|1000PEPEUSDT|1000SHIBUSDT|ADAUSDT|AVAXUSDT|BNBUSDT|ETCUSDT|FETUSDT|FILUSDT|HBARUSDT|ICPUSDT|LINKUSDT|LTCUSDT|NEARUSDT|ONDOUSDT|OPUSDT|PUMPUSDT|SUIUSDT|TRUMPUSDT|UNIUSDT|VIRTUALUSDT|WIFUSDT|WLDUSDT|WLFIUSDT|XMRUSDT
2026-04-27T17:00:00+00:00,1,,ZBTUSDT
2026-04-27T18:45:00+00:00,1,,PENGUUSDT
2026-04-27T22:15:00+00:00,1,,XLMUSDT
2026-04-27T23:30:00+00:00,1,,JUPUSDT
2026-04-28T02:00:00+00:00,1,,HOMEUSDT
2026-04-28T05:00:00+00:00,1,,APTUSDT
2026-04-28T07:00:00+00:00,1,,TACUSDT
2026-04-28T07:15:00+00:00,1,,TRUMPUSDT
2026-04-28T09:00:00+00:00,1,,CHZUSDT
2026-04-28T13:00:00+00:00,1,,ZBTUSDT
2026-04-28T14:45:00+00:00,2,,NVDAUSDT|TACUSDT
2026-04-28T15:15:00+00:00,1,,PENGUUSDT
2026-04-28T15:30:00+00:00,1,,NEARUSDT
2026-04-28T20:00:00+00:00,1,,HOODUSDT
2026-04-28T21:15:00+00:00,1,,PUMPUSDT
2026-04-29T01:30:00+00:00,2,,PUMPUSDT|RIFUSDT
2026-04-29T02:30:00+00:00,1,,TACUSDT
2026-04-29T03:15:00+00:00,1,,USUSDT
2026-04-29T04:00:00+00:00,1,,AEROUSDT
2026-04-29T08:00:00+00:00,1,,APTUSDT
2026-04-29T09:15:00+00:00,1,,TRXUSDT
2026-04-29T10:15:00+00:00,1,,1000SHIBUSDT
2026-04-29T10:30:00+00:00,1,,1000PEPEUSDT
2026-04-29T11:30:00+00:00,1,,FILUSDT
2026-04-29T12:00:00+00:00,2,,1000BONKUSDT|TRUMPUSDT
2026-04-29T12:15:00+00:00,1,,PENGUUSDT
2026-04-29T13:30:00+00:00,6,,COINUSDT|LTCUSDT|METAUSDT|MSTRUSDT|NVDAUSDT|PLTRUSDT
2026-04-29T13:45:00+00:00,1,,EPICUSDT
2026-04-29T14:00:00+00:00,1,,WLFIUSDT
2026-04-29T14:45:00+00:00,1,,TACUSDT
2026-04-29T15:00:00+00:00,4,,1000PEPEUSDT|1000SHIBUSDT|PUMPUSDT|RENDERUSDT
2026-04-29T15:15:00+00:00,1,,BSBUSDT
2026-04-29T15:30:00+00:00,3,,ASTERUSDT|ENAUSDT|FILUSDT
2026-04-29T16:30:00+00:00,1,,ETCUSDT
2026-04-29T16:45:00+00:00,2,,PENGUUSDT|RIFUSDT
2026-04-29T17:30:00+00:00,1,,CHZUSDT
2026-04-29T18:00:00+00:00,30,,1000BONKUSDT|ADAUSDT|APTUSDT|ARBUSDT|ATOMUSDT|AVAXUSDT|BCHUSDT|BNBUSDT|DOTUSDT|EIGENUSDT|ETHFIUSDT|FARTCOINUSDT|FETUSDT|HBARUSDT|ICPUSDT|JUPUSDT|LINKUSDT|LTCUSDT|NEARUSDT|ONDOUSDT|OPUSDT|SEIUSDT|SUIUSDT|TIAUSDT|TRUMPUSDT|UNIUSDT|VIRTUALUSDT|WIFUSDT|WLDUSDT|ZROUSDT
2026-04-29T19:00:00+00:00,1,,TACUSDT
2026-04-29T20:00:00+00:00,2,,AMZNUSDT|METAUSDT
2026-04-30T00:15:00+00:00,1,,EPICUSDT
2026-04-30T02:30:00+00:00,3,,APTUSDT|ICPUSDT|VIRTUALUSDT
2026-04-30T07:15:00+00:00,1,,BSBUSDT
2026-04-30T08:00:00+00:00,1,,METAUSDT
2026-04-30T08:45:00+00:00,1,,KAITOUSDT
2026-04-30T09:30:00+00:00,1,,UBUSDT
2026-04-30T13:30:00+00:00,6,,AMZNUSDT|CRCLUSDT|GOOGLUSDT|INTCUSDT|METAUSDT|NVDAUSDT
2026-04-30T13:45:00+00:00,1,,AKEUSDT
2026-04-30T14:15:00+00:00,1,,APTUSDT
2026-04-30T17:15:00+00:00,1,,TACUSDT
2026-05-01T00:45:00+00:00,1,,PENDLEUSDT
2026-05-01T01:45:00+00:00,1,,ALLOUSDT
2026-05-01T06:30:00+00:00,1,,PENDLEUSDT
2026-05-01T09:45:00+00:00,1,,WLFIUSDT
2026-05-01T10:00:00+00:00,1,,TRUMPUSDT
2026-05-01T10:30:00+00:00,1,,PENDLEUSDT
2026-05-01T10:45:00+00:00,1,,UBUSDT
2026-05-01T12:15:00+00:00,1,,NATGASUSDT
2026-05-01T13:30:00+00:00,1,,COINUSDT
2026-05-01T13:45:00+00:00,1,,NVDAUSDT
2026-05-01T14:30:00+00:00,3,,DOTUSDT|GOOGLUSDT|PENDLEUSDT
2026-05-01T15:45:00+00:00,1,,WIFUSDT
2026-05-01T16:45:00+00:00,1,,UBUSDT
2026-05-01T19:30:00+00:00,2,,ATOMUSDT|PENDLEUSDT
2026-05-01T21:00:00+00:00,2,,LABUSDT|WLDUSDT
2026-05-01T21:45:00+00:00,1,,UBUSDT
2026-05-02T01:30:00+00:00,1,,LABUSDT
2026-05-02T02:45:00+00:00,1,,TRUMPUSDT
2026-05-02T03:00:00+00:00,1,,WLDUSDT
2026-05-02T04:15:00+00:00,1,,USUSDT
2026-05-02T05:15:00+00:00,1,,UBUSDT
2026-05-02T06:00:00+00:00,1,,LABUSDT
2026-05-02T11:15:00+00:00,1,,TACUSDT
2026-05-02T13:30:00+00:00,1,,WIFUSDT
2026-05-02T17:00:00+00:00,1,,LABUSDT
2026-05-02T17:15:00+00:00,1,,ONDOUSDT
2026-05-02T17:30:00+00:00,1,,WIFUSDT
2026-05-02T21:00:00+00:00,1,,BEATUSDT
2026-05-02T22:30:00+00:00,1,,LABUSDT
2026-05-03T01:45:00+00:00,1,,APTUSDT
2026-05-03T02:45:00+00:00,1,,LABUSDT
2026-05-03T04:15:00+00:00,1,,USUSDT
2026-05-03T05:45:00+00:00,1,,TRXUSDT
2026-05-03T06:15:00+00:00,1,,CHZUSDT
2026-05-03T10:45:00+00:00,1,,ARBUSDT
2026-05-03T14:00:00+00:00,1,,TACUSDT
2026-05-03T14:45:00+00:00,1,,EPICUSDT
2026-05-03T16:30:00+00:00,1,,JTOUSDT
2026-05-03T17:00:00+00:00,1,,WLFIUSDT
2026-05-03T19:45:00+00:00,1,,ONDOUSDT
2026-05-04T01:30:00+00:00,1,,JTOUSDT
2026-05-04T02:00:00+00:00,1,,PENGUUSDT
2026-05-04T02:45:00+00:00,1,,USUSDT
2026-05-04T04:15:00+00:00,1,,DASHUSDT
2026-05-04T06:15:00+00:00,2,,BNBUSDT|ONDOUSDT
2026-05-04T07:30:00+00:00,1,,USUSDT
2026-05-04T08:45:00+00:00,1,,DASHUSDT
2026-05-04T09:45:00+00:00,1,,LINKUSDT
2026-05-04T10:00:00+00:00,38,,1000BONKUSDT|1000PEPEUSDT|1000SHIBUSDT|AAVEUSDT|ADAUSDT|APTUSDT|ARBUSDT|ATOMUSDT|AVAXUSDT|BCHUSDT|CHZUSDT|DOTUSDT|EIGENUSDT|ENAUSDT|EPICUSDT|ETCUSDT|ETHFIUSDT|EWYUSDT|FETUSDT|FILUSDT|HBARUSDT|ICPUSDT|INJUSDT|LTCUSDT|NEARUSDT|NVDAUSDT|OPUSDT|PAXGUSDT|PENDLEUSDT|PENGUUSDT|PUMPUSDT|RENDERUSDT|SEIUSDT|SUIUSDT|UNIUSDT|VIRTUALUSDT|WLDUSDT|XPLUSDT
2026-05-04T10:15:00+00:00,1,,ALLOUSDT
2026-05-04T11:30:00+00:00,1,,ONDOUSDT
2026-05-04T12:15:00+00:00,1,,TRXUSDT
2026-05-04T12:30:00+00:00,1,,NATGASUSDT
2026-05-04T13:00:00+00:00,1,,DASHUSDT
2026-05-04T13:30:00+00:00,4,,COINUSDT|GOOGLUSDT|INTCUSDT|MSTRUSDT
2026-05-04T14:15:00+00:00,1,,ETCUSDT
2026-05-04T14:45:00+00:00,1,,EWYUSDT
2026-05-04T15:15:00+00:00,5,,ADAUSDT|LTCUSDT|NVDAUSDT|OPUSDT|PAXGUSDT
2026-05-04T16:00:00+00:00,2,,ONDOUSDT|PENDLEUSDT
2026-05-04T18:15:00+00:00,1,,WLFIUSDT
2026-05-04T19:00:00+00:00,1,,BSBUSDT
2026-05-04T20:00:00+00:00,1,,ONDOUSDT
2026-05-04T22:00:00+00:00,1,,DASHUSDT
2026-05-04T22:15:00+00:00,1,,NEARUSDT
2026-05-05T01:15:00+00:00,1,,XLMUSDT
2026-05-05T03:30:00+00:00,1,,EVAAUSDT
2026-05-05T09:45:00+00:00,1,,USUSDT
2026-05-05T12:45:00+00:00,1,,JTOUSDT
2026-05-05T13:15:00+00:00,2,,ETCUSDT|MORPHOUSDT
2026-05-05T13:30:00+00:00,5,,COINUSDT|CRCLUSDT|METAUSDT|MSTRUSDT|PLTRUSDT
2026-05-05T13:45:00+00:00,2,,INTCUSDT|NVDAUSDT
2026-05-05T14:00:00+00:00,1,,PENGUUSDT
2026-05-05T14:30:00+00:00,3,,ICPUSDT|NATGASUSDT|ONDOUSDT
2026-05-05T16:15:00+00:00,1,,VIRTUALUSDT
2026-05-05T16:30:00+00:00,2,,ATOMUSDT|ENAUSDT
2026-05-05T21:30:00+00:00,2,,ICPUSDT|PENGUUSDT
2026-05-05T21:45:00+00:00,1,,EIGENUSDT
2026-05-05T22:30:00+00:00,1,,ONDOUSDT
2026-05-05T23:30:00+00:00,1,,FARTCOINUSDT
2026-05-06T00:00:00+00:00,2,,ALGOUSDT|EWYUSDT
2026-05-06T00:15:00+00:00,1,,DASHUSDT
2026-05-06T01:00:00+00:00,1,,PENDLEUSDT
2026-05-06T01:45:00+00:00,1,,VIRTUALUSDT
2026-05-06T02:00:00+00:00,2,,FILUSDT|ICPUSDT
2026-05-06T03:00:00+00:00,3,,JUPUSDT|KAITOUSDT|WIFUSDT
2026-05-06T05:00:00+00:00,1,,BCHUSDT
2026-05-06T06:00:00+00:00,1,,FILUSDT
2026-05-06T07:00:00+00:00,1,,WIFUSDT
2026-05-06T07:30:00+00:00,1,,XMRUSDT
2026-05-06T08:45:00+00:00,2,,DASHUSDT|NATGASUSDT
2026-05-06T09:15:00+00:00,2,,LINKUSDT|NEARUSDT
2026-05-06T09:30:00+00:00,1,,ICPUSDT
2026-05-06T10:30:00+00:00,1,,APTUSDT
2026-05-06T11:30:00+00:00,1,,ENAUSDT
2026-05-06T12:00:00+00:00,2,,HOMEUSDT|WIFUSDT
2026-05-06T12:45:00+00:00,1,,VIRTUALUSDT
2026-05-06T13:00:00+00:00,10,,1000BONKUSDT|1000PEPEUSDT|ETHFIUSDT|LABUSDT|PENGUUSDT|PUMPUSDT|RENDERUSDT|SUIUSDT|UNIUSDT|VVVUSDT
2026-05-06T13:15:00+00:00,4,,ADAUSDT|DASHUSDT|EIGENUSDT|NEARUSDT
2026-05-06T13:30:00+00:00,1,,ICPUSDT
2026-05-06T13:45:00+00:00,4,,FILUSDT|INTCUSDT|LTCUSDT|MSTRUSDT
2026-05-06T14:00:00+00:00,6,,1000SHIBUSDT|BCHUSDT|ETCUSDT|EWYUSDT|WLDUSDT|XPLUSDT
2026-05-06T14:15:00+00:00,1,,NVDAUSDT
2026-05-06T14:45:00+00:00,3,,JTOUSDT|JUPUSDT|RIFUSDT
2026-05-06T15:15:00+00:00,1,,ONDOUSDT
2026-05-06T15:45:00+00:00,1,,ATOMUSDT
2026-05-06T16:15:00+00:00,1,,HOMEUSDT
2026-05-06T19:15:00+00:00,1,,JTOUSDT
2026-05-06T19:45:00+00:00,1,,VVVUSDT
2026-05-06T20:15:00+00:00,1,,OPUSDT
2026-05-06T22:00:00+00:00,2,,ICPUSDT|NEARUSDT
2026-05-06T22:45:00+00:00,1,,HOMEUSDT
2026-05-07T00:00:00+00:00,4,,EWYUSDT|FILUSDT|JTOUSDT|VIRTUALUSDT
2026-05-07T00:45:00+00:00,1,,VVVUSDT
2026-05-07T01:00:00+00:00,1,,SEIUSDT
2026-05-07T01:30:00+00:00,1,,OPUSDT
2026-05-07T02:15:00+00:00,1,,EVAAUSDT
2026-05-07T03:00:00+00:00,1,,AEROUSDT
2026-05-07T05:45:00+00:00,1,,PUMPUSDT
2026-05-07T06:00:00+00:00,1,,OPUSDT
2026-05-07T06:15:00+00:00,1,,EVAAUSDT
2026-05-07T07:15:00+00:00,1,,SUIUSDT
2026-05-07T08:30:00+00:00,1,,VIRTUALUSDT
2026-05-07T08:45:00+00:00,1,,ONDOUSDT
2026-05-07T09:15:00+00:00,1,,VVVUSDT
2026-05-07T10:30:00+00:00,1,,EVAAUSDT
2026-05-07T11:00:00+00:00,1,,JTOUSDT
2026-05-07T11:15:00+00:00,2,,KITEUSDT|LABUSDT
2026-05-07T11:45:00+00:00,2,,ENAUSDT|NATGASUSDT
2026-05-07T12:30:00+00:00,2,,ICPUSDT|WLFIUSDT
2026-05-07T13:30:00+00:00,5,,GOOGLUSDT|INTCUSDT|MSTRUSDT|NVDAUSDT|ONDOUSDT
2026-05-07T13:45:00+00:00,1,,BCHUSDT
2026-05-07T14:15:00+00:00,1,,VIRTUALUSDT
2026-05-07T14:30:00+00:00,7,,ADAUSDT|ASTERUSDT|DASHUSDT|ETCUSDT|EVAAUSDT|LINKUSDT|SUIUSDT
2026-05-07T15:15:00+00:00,5,,ATOMUSDT|HBARUSDT|JTOUSDT|JUPUSDT|UNIUSDT
2026-05-07T15:45:00+00:00,1,,SPYUSDT
2026-05-07T16:00:00+00:00,1,,QQQUSDT
2026-05-07T17:15:00+00:00,1,,XLMUSDT
2026-05-07T18:15:00+00:00,1,,ALLOUSDT
2026-05-07T19:45:00+00:00,1,,JTOUSDT
2026-05-07T20:00:00+00:00,1,,COINUSDT
2026-05-07T21:00:00+00:00,1,,PUMPUSDT
2026-05-07T21:30:00+00:00,1,,HOMEUSDT
2026-05-07T22:00:00+00:00,1,,BNBUSDT
2026-05-07T22:30:00+00:00,1,,XMRUSDT
2026-05-08T00:00:00+00:00,1,,ATOMUSDT
2026-05-08T00:15:00+00:00,1,,JTOUSDT
2026-05-08T02:00:00+00:00,1,,HOMEUSDT
2026-05-08T07:00:00+00:00,2,,HOMEUSDT|ICPUSDT
2026-05-08T08:00:00+00:00,1,,INJUSDT
2026-05-08T08:45:00+00:00,2,,EIGENUSDT|TRXUSDT
2026-05-08T09:00:00+00:00,1,,CHZUSDT
2026-05-08T11:15:00+00:00,1,,NATGASUSDT
2026-05-08T11:30:00+00:00,1,,ONDOUSDT
2026-05-08T12:00:00+00:00,2,,HOMEUSDT|TIAUSDT
2026-05-08T12:45:00+00:00,1,,FILUSDT
2026-05-08T13:30:00+00:00,3,,COINUSDT|EIGENUSDT|PLTRUSDT
2026-05-08T14:00:00+00:00,1,,KITEUSDT
2026-05-08T15:00:00+00:00,1,,MSTRUSDT
2026-05-08T15:15:00+00:00,2,,NATGASUSDT|UNIUSDT
2026-05-08T17:00:00+00:00,1,,ONDOUSDT
2026-05-08T17:30:00+00:00,1,,JUPUSDT
2026-05-08T17:45:00+00:00,1,,BSBUSDT
2026-05-08T18:15:00+00:00,1,,OPUSDT
2026-05-08T18:45:00+00:00,1,,SPYUSDT
2026-05-08T19:30:00+00:00,1,,1000BONKUSDT
2026-05-08T20:30:00+00:00,1,,ICPUSDT
2026-05-08T21:30:00+00:00,1,,ALGOUSDT
2026-05-08T22:30:00+00:00,1,,OPUSDT
2026-05-09T00:15:00+00:00,1,,VIRTUALUSDT
2026-05-09T00:30:00+00:00,1,,ICPUSDT
2026-05-09T01:15:00+00:00,1,,SUIUSDT
2026-05-09T01:45:00+00:00,1,,ONDOUSDT
2026-05-09T04:15:00+00:00,3,,JUPUSDT|RENDERUSDT|VVVUSDT
2026-05-09T05:00:00+00:00,1,,ASTERUSDT
2026-05-09T06:00:00+00:00,1,,ONDOUSDT
2026-05-09T06:15:00+00:00,2,,KITEUSDT|SEIUSDT
2026-05-09T07:30:00+00:00,1,,OPUSDT
2026-05-09T09:00:00+00:00,1,,SUIUSDT
2026-05-09T09:15:00+00:00,2,,FILUSDT|ICPUSDT
2026-05-09T09:30:00+00:00,1,,EPICUSDT
2026-05-09T12:30:00+00:00,1,,XLMUSDT
2026-05-09T14:15:00+00:00,1,,FETUSDT
2026-05-09T14:30:00+00:00,1,,AEROUSDT
2026-05-09T15:15:00+00:00,1,,JUPUSDT
2026-05-09T15:30:00+00:00,1,,WLFIUSDT
2026-05-09T18:45:00+00:00,1,,ALLOUSDT
2026-05-09T19:30:00+00:00,1,,KITEUSDT
2026-05-09T20:30:00+00:00,1,,AEROUSDT
2026-05-10T00:00:00+00:00,1,,ATOMUSDT
2026-05-10T00:30:00+00:00,1,,SUIUSDT
2026-05-10T01:00:00+00:00,2,,INJUSDT|SEIUSDT
2026-05-10T01:15:00+00:00,1,,KITEUSDT
2026-05-10T05:30:00+00:00,1,,JTOUSDT
2026-05-10T08:45:00+00:00,1,,USUSDT
2026-05-10T10:00:00+00:00,1,,UNIUSDT
2026-05-10T10:15:00+00:00,1,,SYNUSDT
2026-05-10T12:00:00+00:00,1,,SUIUSDT
2026-05-10T12:15:00+00:00,1,,HBARUSDT
2026-05-10T13:45:00+00:00,2,,PENDLEUSDT|TAOUSDT
2026-05-10T14:00:00+00:00,1,,ASTERUSDT
2026-05-10T14:15:00+00:00,2,,ARBUSDT|UNIUSDT
2026-05-10T15:30:00+00:00,1,,KITEUSDT
2026-05-10T16:15:00+00:00,1,,WLDUSDT
2026-05-10T16:30:00+00:00,3,,ATOMUSDT|SUIUSDT|VVVUSDT
2026-05-10T16:45:00+00:00,1,,TIAUSDT
2026-05-10T17:30:00+00:00,5,,1000PEPEUSDT|APTUSDT|HBARUSDT|SEIUSDT|XLMUSDT
2026-05-10T18:30:00+00:00,1,,ALLOUSDT
2026-05-10T18:45:00+00:00,1,,1000BONKUSDT
2026-05-10T20:30:00+00:00,10,,ASTERUSDT|AVAXUSDT|FILUSDT|LINKUSDT|NEARUSDT|PUMPUSDT|SUIUSDT|UNIUSDT|USUSDT|WLDUSDT
2026-05-10T20:45:00+00:00,20,,AAVEUSDT|ADAUSDT|AEROUSDT|ALGOUSDT|BNBUSDT|CHZUSDT|DOTUSDT|EIGENUSDT|ENAUSDT|ETHFIUSDT|FARTCOINUSDT|FETUSDT|JUPUSDT|LTCUSDT|PENGUUSDT|RENDERUSDT|TAOUSDT|TIAUSDT|TRUMPUSDT|ZROUSDT
2026-05-10T22:00:00+00:00,1,,PAXGUSDT
2026-05-11T00:00:00+00:00,2,,ETCUSDT|EWYUSDT
2026-05-11T00:45:00+00:00,1,,USUSDT
2026-05-11T02:15:00+00:00,1,,APTUSDT
2026-05-11T02:30:00+00:00,1,,SUIUSDT
2026-05-11T03:00:00+00:00,1,,ALGOUSDT
2026-05-11T04:00:00+00:00,2,,ASTERUSDT|ETHFIUSDT
2026-05-11T04:45:00+00:00,1,,KITEUSDT
2026-05-11T06:30:00+00:00,2,,SEIUSDT|SUIUSDT
2026-05-11T08:15:00+00:00,1,,LTCUSDT
2026-05-11T09:00:00+00:00,1,,KITEUSDT
2026-05-11T09:15:00+00:00,1,,USUSDT
2026-05-11T09:30:00+00:00,1,,LDOUSDT
2026-05-11T10:15:00+00:00,2,,ATOMUSDT|CRCLUSDT
2026-05-11T12:00:00+00:00,2,,INJUSDT|TIAUSDT
2026-05-11T12:30:00+00:00,1,,ESPORTSUSDT
2026-05-11T12:45:00+00:00,1,,VVVUSDT
2026-05-11T13:30:00+00:00,8,,AAPLUSDT|HOODUSDT|JUPUSDT|MSTRUSDT|PLTRUSDT|SEIUSDT|TSMUSDT|UNIUSDT
2026-05-11T13:45:00+00:00,2,,INTCUSDT|NVDAUSDT
2026-05-11T14:15:00+00:00,3,,CRCLUSDT|SUIUSDT|USUSDT
2026-05-11T15:00:00+00:00,1,,LDOUSDT
2026-05-11T15:15:00+00:00,1,,KITEUSDT
2026-05-11T16:15:00+00:00,1,,CRVUSDT
2026-05-11T16:30:00+00:00,1,,LITUSDT
2026-05-11T18:15:00+00:00,1,,1000SHIBUSDT
2026-05-11T19:00:00+00:00,1,,LABUSDT
2026-05-11T19:30:00+00:00,2,,HOMEUSDT|USUSDT
2026-05-11T20:00:00+00:00,1,,VVVUSDT
2026-05-11T21:45:00+00:00,1,,NATGASUSDT
2026-05-11T22:00:00+00:00,1,,LITUSDT
2026-05-11T22:30:00+00:00,1,,INJUSDT
2026-05-12T00:00:00+00:00,3,,ATOMUSDT|RENDERUSDT|RIFUSDT
2026-05-12T01:15:00+00:00,2,,EWYUSDT|KITEUSDT
2026-05-12T01:30:00+00:00,9,,APTUSDT|BCHUSDT|BNBUSDT|FILUSDT|INTCUSDT|LTCUSDT|SEIUSDT|UNIUSDT|XPLUSDT
2026-05-12T02:00:00+00:00,1,,HOMEUSDT
2026-05-12T02:45:00+00:00,1,,TRXUSDT
2026-05-12T04:15:00+00:00,1,,PENDLEUSDT
2026-05-12T05:30:00+00:00,1,,VVVUSDT
2026-05-12T05:45:00+00:00,1,,INJUSDT
2026-05-12T06:30:00+00:00,1,,RIFUSDT
2026-05-12T09:15:00+00:00,1,,JUPUSDT
2026-05-12T10:30:00+00:00,2,,ATOMUSDT|ESPORTSUSDT
2026-05-12T10:45:00+00:00,1,,PENDLEUSDT
2026-05-12T11:15:00+00:00,1,,LITUSDT
2026-05-12T11:45:00+00:00,1,,RIFUSDT
2026-05-12T12:00:00+00:00,1,,KAITOUSDT
2026-05-12T12:30:00+00:00,2,,CRVUSDT|INJUSDT
2026-05-12T13:30:00+00:00,1,,MSTRUSDT
2026-05-12T13:45:00+00:00,4,,COINUSDT|CRCLUSDT|EWYUSDT|NVDAUSDT
2026-05-12T14:30:00+00:00,2,,AAVEUSDT|PENGUUSDT
2026-05-12T14:45:00+00:00,1,,QQQUSDT
2026-05-12T15:00:00+00:00,1,,EPICUSDT
2026-05-12T15:15:00+00:00,5,,ALGOUSDT|BNBUSDT|INTCUSDT|LINKUSDT|MORPHOUSDT
2026-05-12T16:45:00+00:00,1,,ADAUSDT
2026-05-12T17:45:00+00:00,1,,ESPORTSUSDT
2026-05-12T18:15:00+00:00,1,,RIFUSDT
2026-05-12T18:45:00+00:00,1,,ATOMUSDT
2026-05-12T19:15:00+00:00,1,,NEARUSDT
2026-05-12T21:00:00+00:00,1,,KITEUSDT
2026-05-12T21:15:00+00:00,1,,VANRYUSDT
2026-05-12T22:00:00+00:00,1,,TRUMPUSDT
2026-05-13T00:45:00+00:00,1,,KAITOUSDT
2026-05-13T01:00:00+00:00,1,,KITEUSDT
2026-05-13T02:00:00+00:00,1,,VANRYUSDT
2026-05-13T03:00:00+00:00,1,,INJUSDT
2026-05-13T04:00:00+00:00,1,,BNBUSDT
2026-05-13T04:30:00+00:00,1,,TIAUSDT
2026-05-13T05:30:00+00:00,2,,ATOMUSDT|TAOUSDT
2026-05-13T08:30:00+00:00,1,,INJUSDT
2026-05-13T09:15:00+00:00,1,,HEIUSDT
2026-05-13T10:00:00+00:00,1,,TIAUSDT
2026-05-13T10:30:00+00:00,2,,ESPORTSUSDT|KITEUSDT
2026-05-13T11:00:00+00:00,1,,UBUSDT
2026-05-13T11:45:00+00:00,2,,NEARUSDT|TRUMPUSDT
2026-05-13T12:30:00+00:00,32,,1000BONKUSDT|1000PEPEUSDT|ADAUSDT|ALGOUSDT|APTUSDT|ARBUSDT|ATOMUSDT|AVAXUSDT|BNBUSDT|CHZUSDT|DOTUSDT|EIGENUSDT|ENAUSDT|EPICUSDT|ETCUSDT|ETHFIUSDT|EWYUSDT|FARTCOINUSDT|FETUSDT|FILUSDT|HBARUSDT|LINKUSDT|LTCUSDT|NVDAUSDT|OPUSDT|QQQUSDT|TAOUSDT|VANRYUSDT|VIRTUALUSDT|WLDUSDT|XMRUSDT|XPLUSDT
2026-05-13T13:30:00+00:00,8,,COINUSDT|CRCLUSDT|HOODUSDT|INJUSDT|INTCUSDT|MSTRUSDT|SPYUSDT|TSLAUSDT
2026-05-13T13:45:00+00:00,2,,BCHUSDT|VELVETUSDT
2026-05-13T15:15:00+00:00,3,,RENDERUSDT|SUIUSDT|TIAUSDT
2026-05-13T15:30:00+00:00,1,,KITEUSDT
2026-05-13T16:00:00+00:00,1,,HEIUSDT
2026-05-13T17:30:00+00:00,1,,XMRUSDT
2026-05-13T18:30:00+00:00,1,,INJUSDT
2026-05-13T21:15:00+00:00,1,,VVVUSDT
2026-05-13T23:15:00+00:00,1,,INJUSDT
2026-05-13T23:30:00+00:00,1,,VELVETUSDT
2026-05-14T02:00:00+00:00,1,,UBUSDT
2026-05-14T03:45:00+00:00,1,,KITEUSDT
2026-05-14T04:15:00+00:00,1,,VELVETUSDT
2026-05-14T05:00:00+00:00,1,,INJUSDT
2026-05-14T09:00:00+00:00,1,,ETHFIUSDT
2026-05-14T10:45:00+00:00,1,,KITEUSDT
2026-05-14T13:30:00+00:00,3,,AAPLUSDT|COINUSDT|CRCLUSDT
2026-05-14T13:45:00+00:00,3,,ESPORTSUSDT|NVDAUSDT|QQQUSDT
2026-05-14T15:15:00+00:00,1,,DASHUSDT
2026-05-14T23:30:00+00:00,1,,GWEIUSDT
2026-05-15T01:45:00+00:00,1,,EWYUSDT
2026-05-15T05:30:00+00:00,4,,BNBUSDT|ETHFIUSDT|TIAUSDT|WLDUSDT
2026-05-15T05:45:00+00:00,2,,EWYUSDT|LABUSDT
2026-05-15T07:30:00+00:00,1,,HOMEUSDT
2026-05-15T11:15:00+00:00,1,,CHZUSDT
2026-05-15T12:30:00+00:00,1,,GWEIUSDT
2026-05-15T13:00:00+00:00,2,,LITUSDT|XMRUSDT
2026-05-15T13:30:00+00:00,45,,1000BONKUSDT|1000PEPEUSDT|1000SHIBUSDT|AAPLUSDT|ADAUSDT|ALGOUSDT|APTUSDT|ARBUSDT|ATOMUSDT|AVAXUSDT|BCHUSDT|BNBUSDT|COINUSDT|CRCLUSDT|DOTUSDT|EIGENUSDT|ENAUSDT|ETCUSDT|ETHFIUSDT|EWYUSDT|FARTCOINUSDT|FETUSDT|HBARUSDT|HOMEUSDT|HOODUSDT|INJUSDT|INTCUSDT|LINKUSDT|LTCUSDT|METAUSDT|MSTRUSDT|NVDAUSDT|OPUSDT|QQQUSDT|RENDERUSDT|SEIUSDT|SPYUSDT|TAOUSDT|TIAUSDT|TRUMPUSDT|TSLAUSDT|TSMUSDT|VIRTUALUSDT|WLDUSDT|XLMUSDT
2026-05-15T13:45:00+00:00,9,,ASTERUSDT|EVAAUSDT|FILUSDT|MORPHOUSDT|PUMPUSDT|SUIUSDT|TRXUSDT|UNIUSDT|XPLUSDT
2026-05-15T14:15:00+00:00,1,,KAITOUSDT
2026-05-15T17:45:00+00:00,1,,GWEIUSDT
2026-05-16T04:00:00+00:00,1,,BNBUSDT
2026-05-16T07:00:00+00:00,9,,AVAXUSDT|BCHUSDT|CHZUSDT|ETCUSDT|ETHFIUSDT|FETUSDT|TAOUSDT|WLDUSDT|XPLUSDT
2026-05-16T07:15:00+00:00,1,,TRXUSDT
2026-05-16T08:45:00+00:00,1,,AKEUSDT
2026-05-16T09:15:00+00:00,3,,BNBUSDT|LINKUSDT|RENDERUSDT
2026-05-16T16:30:00+00:00,1,,CHZUSDT
2026-05-16T23:15:00+00:00,1,,VELVETUSDT
2026-05-17T08:15:00+00:00,1,,CHZUSDT
2026-05-17T09:30:00+00:00,1,,SYNUSDT
2026-05-17T13:00:00+00:00,1,,APTUSDT
2026-05-17T13:45:00+00:00,1,,BEATUSDT
2026-05-17T15:45:00+00:00,1,,KAITOUSDT
2026-05-17T16:30:00+00:00,1,,MAGMAUSDT
2026-05-17T22:00:00+00:00,1,,TAOUSDT
2026-05-17T23:00:00+00:00,2,,BCHUSDT|LTCUSDT
2026-05-17T23:30:00+00:00,40,,1000BONKUSDT|1000PEPEUSDT|1000SHIBUSDT|AAVEUSDT|ADAUSDT|ALGOUSDT|APTUSDT|ARBUSDT|ASTERUSDT|ATOMUSDT|AVAXUSDT|BNBUSDT|CHZUSDT|CRVUSDT|DOTUSDT|EIGENUSDT|ENAUSDT|ETCUSDT|ETHFIUSDT|FARTCOINUSDT|FETUSDT|FILUSDT|HBARUSDT|JUPUSDT|LINKUSDT|NEARUSDT|OPUSDT|PUMPUSDT|RENDERUSDT|SEIUSDT|SUIUSDT|SYNUSDT|TIAUSDT|TRUMPUSDT|UNIUSDT|VIRTUALUSDT|WIFUSDT|WLDUSDT|XLMUSDT|XPLUSDT
2026-05-18T00:00:00+00:00,2,,EWYUSDT|GOOGLUSDT
2026-05-18T00:30:00+00:00,2,,PAXGUSDT|XAUTUSDT
2026-05-18T02:15:00+00:00,1,,BSBUSDT
2026-05-18T04:15:00+00:00,1,,BCHUSDT
2026-05-18T10:15:00+00:00,2,,BCHUSDT|UNIUSDT
2026-05-18T10:30:00+00:00,1,,MORPHOUSDT
2026-05-18T12:30:00+00:00,1,,NATGASUSDT
2026-05-18T13:30:00+00:00,9,,AAPLUSDT|COINUSDT|CRCLUSDT|EWYUSDT|INTCUSDT|METAUSDT|MSTRUSDT|NVDAUSDT|QQQUSDT
2026-05-18T14:30:00+00:00,3,,BCHUSDT|KITEUSDT|SPYUSDT
2026-05-18T15:00:00+00:00,1,,TRXUSDT
2026-05-18T16:00:00+00:00,1,,XMRUSDT
2026-05-19T01:00:00+00:00,1,,INJUSDT
2026-05-19T01:45:00+00:00,1,,EWYUSDT
2026-05-19T02:00:00+00:00,1,,LITUSDT
2026-05-19T08:00:00+00:00,1,,SPYUSDT
2026-05-19T09:30:00+00:00,1,,XLMUSDT
2026-05-19T13:00:00+00:00,1,,METAUSDT
2026-05-19T13:15:00+00:00,2,,PAXGUSDT|XAUTUSDT
2026-05-19T13:30:00+00:00,3,,COINUSDT|GOOGLUSDT|TSLAUSDT
2026-05-19T13:45:00+00:00,1,,ESPORTSUSDT
2026-05-19T14:00:00+00:00,3,,NVDAUSDT|QQQUSDT|SPYUSDT
2026-05-19T14:15:00+00:00,1,,ALGOUSDT
2026-05-19T14:30:00+00:00,1,,BCHUSDT
2026-05-19T14:45:00+00:00,1,,ONDOUSDT
2026-05-19T16:15:00+00:00,1,,HOMEUSDT
2026-05-19T18:15:00+00:00,1,,VVVUSDT
2026-05-19T19:15:00+00:00,1,,BSBUSDT
2026-05-19T21:30:00+00:00,2,,HOMEUSDT|LITUSDT
2026-05-19T22:15:00+00:00,1,,MAGMAUSDT
2026-05-20T00:00:00+00:00,1,,EWYUSDT
2026-05-20T02:00:00+00:00,1,,HOMEUSDT
2026-05-20T02:30:00+00:00,1,,EPICUSDT
2026-05-20T02:45:00+00:00,1,,LITUSDT
2026-05-20T06:00:00+00:00,1,,KITEUSDT
2026-05-20T07:00:00+00:00,1,,HOMEUSDT
2026-05-20T09:30:00+00:00,1,,LITUSDT
2026-05-20T09:45:00+00:00,1,,ESPORTSUSDT
2026-05-20T12:45:00+00:00,1,,HOMEUSDT
2026-05-20T13:30:00+00:00,4,,COINUSDT|LITUSDT|MSFTUSDT|NVDAUSDT
2026-05-20T13:45:00+00:00,1,,GOOGLUSDT
2026-05-20T16:15:00+00:00,1,,ASTERUSDT
2026-05-20T17:45:00+00:00,1,,VVVUSDT
2026-05-20T19:15:00+00:00,1,,BSBUSDT
2026-05-20T20:00:00+00:00,1,,LITUSDT
2026-05-20T20:30:00+00:00,1,,NVDAUSDT
2026-05-20T21:00:00+00:00,1,,TIAUSDT
2026-05-20T22:00:00+00:00,1,,QQQUSDT
2026-05-21T01:30:00+00:00,1,,BABAUSDT
2026-05-21T02:00:00+00:00,1,,BEATUSDT
2026-05-21T05:45:00+00:00,1,,DASHUSDT
2026-05-21T06:45:00+00:00,1,,BEATUSDT
2026-05-21T07:15:00+00:00,1,,ESPORTSUSDT
2026-05-21T08:45:00+00:00,1,,AVAXUSDT
2026-05-21T09:30:00+00:00,1,,LITUSDT
2026-05-21T10:15:00+00:00,3,,ADAUSDT|ASTERUSDT|CHZUSDT
2026-05-21T12:15:00+00:00,1,,NATGASUSDT
2026-05-21T13:15:00+00:00,1,,MSFTUSDT
2026-05-21T13:30:00+00:00,1,,BABAUSDT
2026-05-21T13:45:00+00:00,1,,NVDAUSDT
2026-05-21T14:00:00+00:00,1,,BEATUSDT
2026-05-21T14:15:00+00:00,2,,ASTERUSDT|QQQUSDT
2026-05-21T14:30:00+00:00,2,,ALLOUSDT|BSBUSDT
2026-05-21T15:15:00+00:00,1,,LITUSDT
2026-05-21T15:45:00+00:00,1,,EDGEUSDT
2026-05-21T18:00:00+00:00,1,,NEARUSDT
2026-05-21T18:45:00+00:00,1,,ASTERUSDT
2026-05-21T22:15:00+00:00,1,,BEATUSDT
2026-05-21T22:30:00+00:00,1,,AEROUSDT
2026-05-22T01:30:00+00:00,1,,BABAUSDT
2026-05-22T02:45:00+00:00,1,,NEARUSDT
2026-05-22T04:45:00+00:00,1,,FETUSDT
2026-05-22T07:00:00+00:00,1,,LITUSDT
2026-05-22T08:00:00+00:00,4,,EPICUSDT|HEIUSDT|SYNUSDT|TLMUSDT
2026-05-22T08:30:00+00:00,2,,NEARUSDT|WLDUSDT
2026-05-22T08:45:00+00:00,1,,BABAUSDT
2026-05-22T09:30:00+00:00,3,,BEATUSDT|DASHUSDT|ONDOUSDT
2026-05-22T12:15:00+00:00,1,,FETUSDT
2026-05-22T12:45:00+00:00,2,,TLMUSDT|VVVUSDT
2026-05-22T13:00:00+00:00,3,,ALLOUSDT|ETCUSDT|SYNUSDT
2026-05-22T13:15:00+00:00,1,,RENDERUSDT
2026-05-22T13:30:00+00:00,4,,GOOGLUSDT|INTCUSDT|NVDAUSDT|WLDUSDT
2026-05-22T13:45:00+00:00,4,,MSFTUSDT|NEARUSDT|ONDOUSDT|TRXUSDT
2026-05-22T14:00:00+00:00,5,,EIGENUSDT|QQQUSDT|RIFUSDT|SPYUSDT|VIRTUALUSDT
2026-05-22T14:30:00+00:00,1,,BEATUSDT
2026-05-22T15:00:00+00:00,1,,EPICUSDT
2026-05-22T17:15:00+00:00,1,,ALLOUSDT
2026-05-22T18:00:00+00:00,2,,RIFUSDT|WLDUSDT
2026-05-22T18:30:00+00:00,7,,ASTERUSDT|ATOMUSDT|FARTCOINUSDT|FETUSDT|NEARUSDT|ONDOUSDT|RENDERUSDT
2026-05-22T18:45:00+00:00,4,,AAVEUSDT|ADAUSDT|ETHFIUSDT|TIAUSDT
2026-05-22T19:00:00+00:00,2,,BEATUSDT|HEIUSDT
2026-05-22T19:30:00+00:00,15,,ARBUSDT|AVAXUSDT|CHZUSDT|CRVUSDT|DOTUSDT|ENAUSDT|EPICUSDT|ETCUSDT|JUPUSDT|LINKUSDT|LTCUSDT|PUMPUSDT|TLMUSDT|VIRTUALUSDT|XPLUSDT
2026-05-22T22:30:00+00:00,1,,NEARUSDT
2026-05-22T22:45:00+00:00,1,,RIFUSDT
2026-05-22T23:15:00+00:00,2,,BCHUSDT|UNIUSDT
2026-05-22T23:45:00+00:00,23,,1000PEPEUSDT|1000SHIBUSDT|ADAUSDT|AEROUSDT|ALGOUSDT|ALLOUSDT|AVAXUSDT|CHZUSDT|CRVUSDT|DOTUSDT|ENAUSDT|FARTCOINUSDT|FETUSDT|HBARUSDT|ICPUSDT|LINKUSDT|LTCUSDT|PUMPUSDT|RENDERUSDT|TAOUSDT|TIAUSDT|VIRTUALUSDT|WLDUSDT
2026-05-23T00:45:00+00:00,1,,EDGEUSDT
2026-05-23T05:00:00+00:00,1,,BEATUSDT
2026-05-23T07:45:00+00:00,45,,1000BONKUSDT|1000PEPEUSDT|1000SHIBUSDT|AAVEUSDT|ADAUSDT|AEROUSDT|ALGOUSDT|APTUSDT|ARBUSDT|ASTERUSDT|ATOMUSDT|AVAXUSDT|BNBUSDT|CHZUSDT|CRVUSDT|DOTUSDT|EIGENUSDT|ENAUSDT|EPICUSDT|ETCUSDT|ETHFIUSDT|FARTCOINUSDT|FETUSDT|FILUSDT|HBARUSDT|ICPUSDT|JUPUSDT|LINKUSDT|LTCUSDT|OPUSDT|PUMPUSDT|RENDERUSDT|SEIUSDT|SUIUSDT|TAOUSDT|TIAUSDT|TLMUSDT|TRUMPUSDT|UNIUSDT|VANRYUSDT|VIRTUALUSDT|WLDUSDT|XLMUSDT|XPLUSDT|ZROUSDT
2026-05-23T08:30:00+00:00,1,,SYNUSDT
2026-05-23T09:00:00+00:00,1,,BCHUSDT
2026-05-23T09:15:00+00:00,1,,HEIUSDT
2026-05-23T10:30:00+00:00,2,,BSBUSDT|TRXUSDT
2026-05-23T10:45:00+00:00,1,,BEATUSDT
2026-05-23T16:30:00+00:00,1,,HEIUSDT
2026-05-23T17:30:00+00:00,1,,NEARUSDT
2026-05-23T18:45:00+00:00,2,,QQQUSDT|SPYUSDT
2026-05-23T19:30:00+00:00,1,,BEATUSDT
2026-05-23T21:00:00+00:00,1,,ETHFIUSDT
2026-05-23T21:15:00+00:00,2,,DOTUSDT|XPLUSDT
2026-05-24T05:15:00+00:00,1,,EIGENUSDT
2026-05-24T06:00:00+00:00,1,,RIFUSDT
2026-05-24T07:45:00+00:00,1,,DEXEUSDT
2026-05-24T09:00:00+00:00,1,,ARBUSDT
2026-05-24T09:30:00+00:00,1,,HEIUSDT
2026-05-24T10:00:00+00:00,1,,EIGENUSDT
2026-05-24T13:30:00+00:00,1,,ASTERUSDT
2026-05-24T13:45:00+00:00,1,,WLDUSDT
2026-05-24T14:00:00+00:00,1,,SPYUSDT
2026-05-24T15:15:00+00:00,1,,NEARUSDT
2026-05-24T18:30:00+00:00,1,,MORPHOUSDT
2026-05-24T21:30:00+00:00,4,,ATOMUSDT|BCHUSDT|CHZUSDT|EIGENUSDT
2026-05-24T22:00:00+00:00,1,,SPYUSDT
2026-05-25T02:30:00+00:00,1,,NEARUSDT
2026-05-25T03:45:00+00:00,1,,VVVUSDT
2026-05-25T04:00:00+00:00,1,,DEXEUSDT
2026-05-25T07:15:00+00:00,1,,UNIUSDT
2026-05-25T08:30:00+00:00,1,,DEXEUSDT
2026-05-25T11:00:00+00:00,1,,RENDERUSDT
2026-05-25T11:30:00+00:00,1,,ESPORTSUSDT
2026-05-25T12:45:00+00:00,1,,AAPLUSDT
2026-05-25T14:30:00+00:00,1,,EIGENUSDT
2026-05-25T15:15:00+00:00,2,,BSBUSDT|KAITOUSDT
2026-05-25T15:30:00+00:00,2,,DEXEUSDT|MORPHOUSDT
2026-05-25T15:45:00+00:00,1,,TRXUSDT
2026-05-25T16:00:00+00:00,1,,RENDERUSDT
2026-05-25T18:15:00+00:00,1,,TIAUSDT
2026-05-25T19:30:00+00:00,1,,WLDUSDT
2026-05-25T20:30:00+00:00,1,,RENDERUSDT
2026-05-25T22:00:00+00:00,1,,ESPORTSUSDT
2026-05-25T23:30:00+00:00,1,,ONDOUSDT
2026-05-26T00:00:00+00:00,7,,AAPLUSDT|BABAUSDT|EWYUSDT|METAUSDT|MSFTUSDT|NVDAUSDT|QQQUSDT
2026-05-26T00:30:00+00:00,1,,CHZUSDT
2026-05-26T01:30:00+00:00,1,,XPLUSDT
2026-05-26T03:30:00+00:00,1,,RIFUSDT
2026-05-26T05:30:00+00:00,1,,WLDUSDT
2026-05-26T06:15:00+00:00,1,,RENDERUSDT
2026-05-26T07:00:00+00:00,2,,EIGENUSDT|FETUSDT
2026-05-26T10:30:00+00:00,1,,DEXEUSDT
2026-05-26T11:00:00+00:00,1,,RENDERUSDT
2026-05-26T11:30:00+00:00,1,,PAXGUSDT
2026-05-26T11:45:00+00:00,1,,NEARUSDT
2026-05-26T12:00:00+00:00,1,,VIRTUALUSDT
2026-05-26T12:30:00+00:00,2,,FETUSDT|WLDUSDT
2026-05-26T13:30:00+00:00,4,,COINUSDT|CRCLUSDT|PLTRUSDT|TSLAUSDT
2026-05-26T13:45:00+00:00,2,,NVDAUSDT|TRXUSDT
2026-05-26T14:00:00+00:00,1,,INTCUSDT
2026-05-26T14:30:00+00:00,7,,AEROUSDT|APTUSDT|EIGENUSDT|ETCUSDT|ETHFIUSDT|MSTRUSDT|XPLUSDT
2026-05-26T15:00:00+00:00,1,,DOTUSDT
2026-05-26T17:00:00+00:00,1,,ESPORTSUSDT
2026-05-26T17:15:00+00:00,3,,FETUSDT|RENDERUSDT|WLDUSDT
2026-05-26T17:45:00+00:00,1,,WLFIUSDT
2026-05-26T18:30:00+00:00,1,,NEARUSDT
2026-05-26T20:45:00+00:00,1,,ATOMUSDT
2026-05-26T23:45:00+00:00,1,,NEARUSDT
2026-05-27T00:15:00+00:00,1,,EWYUSDT
2026-05-27T01:30:00+00:00,1,,SEIUSDT
2026-05-27T04:15:00+00:00,1,,RENDERUSDT
2026-05-27T04:30:00+00:00,1,,1000PEPEUSDT
2026-05-27T06:30:00+00:00,1,,SEIUSDT
2026-05-27T07:30:00+00:00,1,,MORPHOUSDT
2026-05-27T09:00:00+00:00,1,,ICPUSDT
2026-05-27T09:45:00+00:00,1,,CRVUSDT
2026-05-27T10:45:00+00:00,2,,PAXGUSDT|XAUTUSDT
2026-05-27T12:00:00+00:00,1,,SEIUSDT
2026-05-27T13:15:00+00:00,1,,HEIUSDT
2026-05-27T13:30:00+00:00,9,,ETHFIUSDT|EWYUSDT|INTCUSDT|MSTRUSDT|NVDAUSDT|QQQUSDT|SPYUSDT|TSLAUSDT|TSMUSDT
2026-05-27T14:00:00+00:00,1,,TRXUSDT
2026-05-27T14:15:00+00:00,1,,AAPLUSDT
2026-05-27T17:15:00+00:00,2,,WLDUSDT|XLMUSDT
2026-05-27T21:15:00+00:00,1,,XLMUSDT
2026-05-27T21:30:00+00:00,1,,SEIUSDT
2026-05-27T21:45:00+00:00,1,,ZROUSDT
2026-05-27T23:15:00+00:00,1,,UNIUSDT
2026-05-27T23:45:00+00:00,1,,EWYUSDT
2026-05-28T01:15:00+00:00,1,,XLMUSDT
2026-05-28T01:30:00+00:00,1,,BABAUSDT
2026-05-28T02:15:00+00:00,1,,RENDERUSDT
2026-05-28T03:00:00+00:00,1,,FETUSDT
2026-05-28T03:15:00+00:00,24,,1000BONKUSDT|1000PEPEUSDT|1000SHIBUSDT|AAVEUSDT|ADAUSDT|APTUSDT|AVAXUSDT|BASEDUSDT|BNBUSDT|CHZUSDT|CRVUSDT|DOTUSDT|EIGENUSDT|ETHFIUSDT|FARTCOINUSDT|FILUSDT|LINKUSDT|LTCUSDT|OPUSDT|PUMPUSDT|SEIUSDT|TRUMPUSDT|VANRYUSDT|ZROUSDT
2026-05-28T03:30:00+00:00,2,,SPYUSDT|TSMUSDT
2026-05-28T03:45:00+00:00,1,,HBARUSDT
2026-05-28T04:00:00+00:00,3,,ARBUSDT|ONDOUSDT|XPLUSDT
2026-05-28T05:00:00+00:00,3,,TRXUSDT|VVVUSDT|WLDUSDT
2026-05-28T05:45:00+00:00,1,,XLMUSDT
2026-05-28T06:30:00+00:00,1,,RIFUSDT
2026-05-28T09:00:00+00:00,1,,TRXUSDT
2026-05-28T11:15:00+00:00,1,,BCHUSDT
2026-05-28T12:15:00+00:00,1,,ALLOUSDT
2026-05-28T12:30:00+00:00,1,,NATGASUSDT
2026-05-28T13:15:00+00:00,2,,METAUSDT|MSFTUSDT
2026-05-28T13:30:00+00:00,4,,GOOGLUSDT|INTCUSDT|MSTRUSDT|XMRUSDT
2026-05-28T13:45:00+00:00,1,,XLMUSDT
2026-05-28T14:00:00+00:00,4,,AAVEUSDT|HBARUSDT|JUPUSDT|ZROUSDT
2026-05-28T15:15:00+00:00,1,,ESPORTSUSDT
2026-05-28T18:30:00+00:00,1,,XLMUSDT
2026-05-28T19:00:00+00:00,1,,ALLOUSDT
2026-05-28T19:30:00+00:00,1,,HBARUSDT
2026-05-28T22:30:00+00:00,1,,XLMUSDT
2026-05-28T23:45:00+00:00,1,,ALLOUSDT
2026-05-29T04:00:00+00:00,1,,ALLOUSDT
2026-05-29T06:15:00+00:00,2,,APTUSDT|HBARUSDT
2026-05-29T07:30:00+00:00,1,,TRXUSDT
2026-05-29T08:15:00+00:00,1,,ALLOUSDT
2026-05-29T08:30:00+00:00,2,,BCHUSDT|UNIUSDT
2026-05-29T09:00:00+00:00,1,,XLMUSDT
2026-05-29T10:00:00+00:00,2,,VANRYUSDT|XPLUSDT
2026-05-29T11:45:00+00:00,1,,HBARUSDT
2026-05-29T12:00:00+00:00,1,,HEIUSDT
2026-05-29T12:15:00+00:00,1,,PENDLEUSDT
2026-05-29T13:00:00+00:00,1,,SEIUSDT
2026-05-29T13:30:00+00:00,4,,ALLOUSDT|GOOGLUSDT|INTCUSDT|METAUSDT
2026-05-29T13:45:00+00:00,2,,HOODUSDT|SYNUSDT
2026-05-29T14:00:00+00:00,4,,AMZNUSDT|EPICUSDT|MSFTUSDT|QQQUSDT
2026-05-29T14:15:00+00:00,2,,LITUSDT|TLMUSDT
2026-05-29T14:30:00+00:00,1,,SPYUSDT
2026-05-29T15:15:00+00:00,2,,PAXGUSDT|XAUTUSDT
2026-05-29T15:30:00+00:00,2,,USUSDT|XPLUSDT
2026-05-29T16:00:00+00:00,1,,INJUSDT
2026-05-29T16:15:00+00:00,1,,BASEDUSDT
2026-05-29T17:00:00+00:00,1,,HEIUSDT
2026-05-29T18:00:00+00:00,1,,FETUSDT
2026-05-29T18:15:00+00:00,2,,EDGEUSDT|EPICUSDT
2026-05-29T18:45:00+00:00,1,,ETHFIUSDT
2026-05-29T19:45:00+00:00,3,,GOOGLUSDT|INTCUSDT|NVDAUSDT
2026-05-29T20:00:00+00:00,1,,XLMUSDT
2026-05-29T21:15:00+00:00,1,,BASEDUSDT
2026-05-29T21:45:00+00:00,1,,XPLUSDT
2026-05-29T23:00:00+00:00,1,,HEIUSDT
2026-05-30T01:15:00+00:00,1,,HBARUSDT
2026-05-30T02:15:00+00:00,1,,ALGOUSDT
2026-05-30T02:45:00+00:00,1,,XMRUSDT
2026-05-30T04:00:00+00:00,1,,XLMUSDT
2026-05-30T04:15:00+00:00,1,,PENGUUSDT
2026-05-30T05:00:00+00:00,1,,EPICUSDT
2026-05-30T05:45:00+00:00,1,,BASEDUSDT
2026-05-30T06:45:00+00:00,1,,HEIUSDT
2026-05-30T07:00:00+00:00,1,,XMRUSDT
2026-05-30T09:00:00+00:00,1,,EPICUSDT
2026-05-30T10:00:00+00:00,1,,ALGOUSDT
2026-05-30T11:00:00+00:00,1,,HEIUSDT
2026-05-30T13:15:00+00:00,2,,HBARUSDT|LITUSDT
2026-05-30T15:30:00+00:00,1,,FETUSDT
2026-05-30T15:45:00+00:00,1,,HEIUSDT
2026-05-30T16:00:00+00:00,1,,NATGASUSDT
2026-05-30T16:15:00+00:00,1,,XLMUSDT
2026-05-30T18:15:00+00:00,1,,BNBUSDT
2026-05-30T19:15:00+00:00,1,,ASTERUSDT
2026-05-30T22:00:00+00:00,1,,HBARUSDT
2026-05-30T22:45:00+00:00,1,,SYNUSDT
2026-05-31T00:30:00+00:00,1,,ASTERUSDT
2026-05-31T03:00:00+00:00,1,,BNBUSDT
2026-05-31T05:30:00+00:00,1,,FETUSDT
2026-05-31T07:00:00+00:00,1,,BNBUSDT
2026-05-31T07:45:00+00:00,1,,ASTERUSDT
2026-05-31T08:00:00+00:00,1,,HOMEUSDT
2026-05-31T13:30:00+00:00,1,,BNBUSDT
2026-05-31T14:00:00+00:00,2,,ENAUSDT|HOMEUSDT
2026-05-31T14:15:00+00:00,9,,1000PEPEUSDT|ADAUSDT|ASTERUSDT|AVAXUSDT|FARTCOINUSDT|LTCUSDT|PENGUUSDT|SUIUSDT|UNIUSDT
2026-05-31T15:15:00+00:00,1,,EDGEUSDT
2026-05-31T15:30:00+00:00,1,,ALLOUSDT
2026-05-31T18:00:00+00:00,2,,HOMEUSDT|XPLUSDT
2026-05-31T19:30:00+00:00,1,,ENAUSDT
2026-05-31T22:00:00+00:00,1,,SPYUSDT
2026-05-31T22:15:00+00:00,1,,HOMEUSDT
2026-06-01T00:00:00+00:00,2,,GOOGLUSDT|PLTRUSDT
2026-06-01T00:30:00+00:00,1,,MSFTUSDT
2026-06-01T01:00:00+00:00,1,,LABUSDT
2026-06-01T01:30:00+00:00,1,,BNBUSDT
2026-06-01T05:00:00+00:00,1,,ALLOUSDT
2026-06-01T06:00:00+00:00,1,,HOMEUSDT
2026-06-01T06:30:00+00:00,1,,FARTCOINUSDT
2026-06-01T07:15:00+00:00,1,,EPICUSDT
2026-06-01T08:15:00+00:00,1,,EDGEUSDT
2026-06-01T09:45:00+00:00,1,,BNBUSDT
2026-06-01T10:30:00+00:00,1,,HOMEUSDT
2026-06-01T10:45:00+00:00,1,,LABUSDT
2026-06-01T11:15:00+00:00,1,,BCHUSDT
2026-06-01T11:30:00+00:00,1,,FETUSDT
2026-06-01T11:45:00+00:00,1,,EPICUSDT
2026-06-01T12:00:00+00:00,2,,MSFTUSDT|MSTRUSDT
2026-06-01T12:15:00+00:00,1,,NATGASUSDT
2026-06-01T13:00:00+00:00,3,,QQQUSDT|SPYUSDT|XAUTUSDT
2026-06-01T13:15:00+00:00,1,,PAXGUSDT
2026-06-01T13:30:00+00:00,7,,AMZNUSDT|COINUSDT|CRCLUSDT|GOOGLUSDT|HOODUSDT|METAUSDT|TSLAUSDT
2026-06-01T13:45:00+00:00,2,,ARBUSDT|PUMPUSDT
2026-06-01T14:00:00+00:00,1,,SYNUSDT
2026-06-01T14:15:00+00:00,1,,BNBUSDT
2026-06-01T14:45:00+00:00,1,,AAPLUSDT
2026-06-01T15:45:00+00:00,1,,AAVEUSDT
2026-06-01T16:45:00+00:00,1,,EPICUSDT
2026-06-01T17:15:00+00:00,1,,HOMEUSDT
2026-06-01T18:45:00+00:00,1,,WLDUSDT
2026-06-01T19:30:00+00:00,1,,MSFTUSDT
2026-06-01T19:45:00+00:00,1,,METAUSDT
2026-06-01T20:00:00+00:00,1,,ETHFIUSDT
2026-06-01T20:30:00+00:00,1,,GOOGLUSDT
2026-06-01T21:00:00+00:00,1,,EDGEUSDT
2026-06-01T23:45:00+00:00,2,,EPICUSDT|HOMEUSDT
2026-06-02T00:00:00+00:00,1,,EWYUSDT
2026-06-02T00:15:00+00:00,1,,ORDIUSDT
2026-06-02T02:00:00+00:00,2,,LTCUSDT|RIFUSDT
2026-06-02T03:45:00+00:00,1,,USUSDT
2026-06-02T04:30:00+00:00,1,,EPICUSDT
2026-06-02T06:15:00+00:00,1,,ALGOUSDT
2026-06-02T07:30:00+00:00,1,,HOMEUSDT
2026-06-02T07:45:00+00:00,1,,WLDUSDT
2026-06-02T08:00:00+00:00,1,,SYNUSDT
2026-06-02T09:15:00+00:00,2,,EDGEUSDT|EPICUSDT
2026-06-02T10:00:00+00:00,1,,USUSDT
2026-06-02T11:30:00+00:00,1,,RIFUSDT
2026-06-02T13:30:00+00:00,10,,AMZNUSDT|BABAUSDT|GOOGLUSDT|HOODUSDT|INTCUSDT|METAUSDT|MSTRUSDT|NVDAUSDT|PLTRUSDT|TSLAUSDT
2026-06-02T14:00:00+00:00,2,,LTCUSDT|PUMPUSDT
2026-06-02T14:15:00+00:00,34,,1000BONKUSDT|1000PEPEUSDT|1000SHIBUSDT|AAVEUSDT|ADAUSDT|ALGOUSDT|APTUSDT|ARBUSDT|ATOMUSDT|AVAXUSDT|CHZUSDT|CRVUSDT|DOTUSDT|EIGENUSDT|ENAUSDT|ETCUSDT|ETHFIUSDT|FARTCOINUSDT|FETUSDT|FILUSDT|ICPUSDT|LINKUSDT|NEARUSDT|OPUSDT|QQQUSDT|RENDERUSDT|SEIUSDT|TAOUSDT|TRUMPUSDT|TRXUSDT|UNIUSDT|VIRTUALUSDT|XPLUSDT|ZROUSDT
2026-06-02T15:00:00+00:00,2,,UBUSDT|WLDUSDT
2026-06-02T15:30:00+00:00,1,,BNBUSDT
2026-06-02T15:45:00+00:00,2,,EPICUSDT|USUSDT
2026-06-02T16:45:00+00:00,1,,HOMEUSDT
2026-06-02T18:15:00+00:00,2,,ENAUSDT|LITUSDT
2026-06-02T19:15:00+00:00,1,,AEROUSDT
2026-06-02T19:30:00+00:00,4,,1000PEPEUSDT|CRVUSDT|LTCUSDT|RENDERUSDT
2026-06-02T21:30:00+00:00,1,,LABUSDT
2026-06-02T22:30:00+00:00,1,,USUSDT
2026-06-02T22:45:00+00:00,6,,ARBUSDT|AVAXUSDT|BNBUSDT|PUMPUSDT|TAOUSDT|TRXUSDT
2026-06-02T23:15:00+00:00,5,,ADAUSDT|CHZUSDT|DOTUSDT|ETCUSDT|FARTCOINUSDT
2026-06-03T01:15:00+00:00,1,,DEXEUSDT
2026-06-03T01:30:00+00:00,2,,BABAUSDT|BCHUSDT
2026-06-03T03:30:00+00:00,1,,ETHFIUSDT
2026-06-03T05:15:00+00:00,1,,HOMEUSDT
2026-06-03T09:30:00+00:00,1,,ENAUSDT
2026-06-03T09:45:00+00:00,1,,HOMEUSDT
2026-06-03T11:00:00+00:00,2,,EPICUSDT|MAGMAUSDT
2026-06-03T11:30:00+00:00,2,,LITUSDT|WLDUSDT
2026-06-03T11:45:00+00:00,1,,GOOGLUSDT
2026-06-03T13:30:00+00:00,9,,CRCLUSDT|ENAUSDT|HOODUSDT|INTCUSDT|MSFTUSDT|NVDAUSDT|PLTRUSDT|QQQUSDT|TSMUSDT
2026-06-03T13:45:00+00:00,1,,AAPLUSDT
2026-06-03T14:15:00+00:00,1,,BCHUSDT
2026-06-03T14:30:00+00:00,1,,DEXEUSDT
2026-06-03T15:30:00+00:00,4,,EDGEUSDT|LITUSDT|NEARUSDT|PUMPUSDT
2026-06-03T15:45:00+00:00,1,,ZROUSDT
2026-06-03T16:00:00+00:00,2,,BNBUSDT|WLDUSDT
2026-06-03T16:15:00+00:00,1,,ADAUSDT
2026-06-03T16:30:00+00:00,1,,XPLUSDT
2026-06-03T18:00:00+00:00,1,,MAGMAUSDT
2026-06-03T19:15:00+00:00,1,,SYNUSDT
2026-06-03T20:15:00+00:00,1,,SPYUSDT
2026-06-03T20:30:00+00:00,1,,XPLUSDT
2026-06-03T20:45:00+00:00,2,,ARBUSDT|AVAXUSDT
2026-06-03T22:45:00+00:00,1,,LITUSDT
2026-06-04T00:45:00+00:00,1,,MAGMAUSDT
2026-06-04T01:00:00+00:00,1,,XPLUSDT
2026-06-04T01:15:00+00:00,16,,1000PEPEUSDT|1000SHIBUSDT|ADAUSDT|APTUSDT|AVAXUSDT|CHZUSDT|DOTUSDT|ENAUSDT|ETCUSDT|LTCUSDT|ONDOUSDT|OPUSDT|PUMPUSDT|RENDERUSDT|TAOUSDT|VIRTUALUSDT
2026-06-04T02:00:00+00:00,32,,1000BONKUSDT|AAVEUSDT|AEROUSDT|ARBUSDT|ASTERUSDT|ATOMUSDT|BASEDUSDT|CRVUSDT|DASHUSDT|EIGENUSDT|EPICUSDT|ETHFIUSDT|FARTCOINUSDT|FETUSDT|FILUSDT|ICPUSDT|JUPUSDT|LDOUSDT|LINKUSDT|ORDIUSDT|PENDLEUSDT|PENGUUSDT|SEIUSDT|SUIUSDT|TIAUSDT|TLMUSDT|TRUMPUSDT|UNIUSDT|VANRYUSDT|WIFUSDT|WLFIUSDT|ZROUSDT
2026-06-04T03:30:00+00:00,1,,SYNUSDT
2026-06-04T05:00:00+00:00,1,,MAGMAUSDT
2026-06-04T07:00:00+00:00,1,,ZROUSDT
2026-06-04T08:30:00+00:00,1,,XMRUSDT
2026-06-04T09:00:00+00:00,2,,SPYUSDT|TSMUSDT
2026-06-04T09:15:00+00:00,2,,MAGMAUSDT|TRXUSDT
2026-06-04T10:00:00+00:00,1,,WLDUSDT
2026-06-04T10:15:00+00:00,1,,QQQUSDT
2026-06-04T10:45:00+00:00,1,,ADAUSDT
2026-06-04T12:15:00+00:00,1,,EPICUSDT
2026-06-04T13:00:00+00:00,1,,ZBTUSDT
2026-06-04T13:30:00+00:00,4,,AAPLUSDT|COINUSDT|MSFTUSDT|NVDAUSDT
2026-06-04T15:00:00+00:00,1,,HOMEUSDT
2026-06-04T15:30:00+00:00,1,,GOOGLUSDT
2026-06-04T17:15:00+00:00,1,,WLDUSDT
2026-06-04T17:30:00+00:00,1,,FETUSDT
2026-06-04T19:45:00+00:00,1,,HOMEUSDT
2026-06-04T21:30:00+00:00,1,,ZROUSDT
2026-06-04T21:45:00+00:00,1,,XMRUSDT
2026-06-04T22:15:00+00:00,1,,DEXEUSDT
2026-06-04T22:30:00+00:00,1,,PUMPUSDT
2026-06-05T00:00:00+00:00,2,,ADAUSDT|EWYUSDT
2026-06-05T02:45:00+00:00,2,,HOMEUSDT|WLDUSDT
2026-06-05T04:30:00+00:00,2,,ENAUSDT|XMRUSDT
2026-06-05T05:45:00+00:00,1,,XPLUSDT
2026-06-05T06:00:00+00:00,2,,AAVEUSDT|ETCUSDT
2026-06-05T06:15:00+00:00,33,,1000PEPEUSDT|1000SHIBUSDT|AEROUSDT|ALGOUSDT|APTUSDT|ARBUSDT|AVAXUSDT|BCHUSDT|BNBUSDT|CHZUSDT|CRVUSDT|DOTUSDT|EIGENUSDT|ETHFIUSDT|FARTCOINUSDT|FETUSDT|FILUSDT|LDOUSDT|LINKUSDT|LTCUSDT|NEARUSDT|OPUSDT|PUMPUSDT|RENDERUSDT|SUIUSDT|TAOUSDT|TIAUSDT|TRUMPUSDT|TRXUSDT|UNIUSDT|VIRTUALUSDT|WLFIUSDT|ZROUSDT
2026-06-05T07:00:00+00:00,1,,QQQUSDT
2026-06-05T08:15:00+00:00,1,,EVAAUSDT
2026-06-05T11:45:00+00:00,1,,ARBUSDT
2026-06-05T12:30:00+00:00,1,,XAUTUSDT
2026-06-05T13:30:00+00:00,11,,AMDUSDT|EWYUSDT|HOODUSDT|INTCUSDT|MSFTUSDT|PAXGUSDT|PLTRUSDT|QQQUSDT|SPYUSDT|TSLAUSDT|TSMUSDT
2026-06-05T13:45:00+00:00,5,,AAVEUSDT|AMZNUSDT|METAUSDT|PENGUUSDT|PUMPUSDT
2026-06-05T14:00:00+00:00,1,,MSTRUSDT
2026-06-05T14:15:00+00:00,1,,MORPHOUSDT
2026-06-05T14:45:00+00:00,1,,WLDUSDT
2026-06-05T15:00:00+00:00,2,,GOOGLUSDT|XPLUSDT
2026-06-05T15:30:00+00:00,1,,FILUSDT
2026-06-05T15:45:00+00:00,1,,ASTERUSDT
2026-06-05T16:00:00+00:00,2,,BNBUSDT|OPUSDT
2026-06-05T16:30:00+00:00,1,,AAPLUSDT
2026-06-05T18:00:00+00:00,3,,HOODUSDT|METAUSDT|QQQUSDT
2026-06-05T18:15:00+00:00,2,,AMZNUSDT|SPYUSDT
2026-06-05T18:45:00+00:00,2,,1000SHIBUSDT|DOTUSDT
2026-06-05T19:00:00+00:00,1,,AVAXUSDT
2026-06-05T20:00:00+00:00,1,,TSMUSDT
2026-06-05T22:00:00+00:00,1,,ENAUSDT
2026-06-06T01:00:00+00:00,1,,WLDUSDT
2026-06-06T01:15:00+00:00,1,,SPYUSDT
2026-06-06T04:00:00+00:00,1,,AVAXUSDT
2026-06-06T04:15:00+00:00,1,,LTCUSDT
2026-06-06T04:30:00+00:00,3,,1000SHIBUSDT|DOTUSDT|VELVETUSDT
2026-06-06T04:45:00+00:00,1,,HOMEUSDT
2026-06-06T07:30:00+00:00,1,,SPYUSDT
2026-06-06T08:45:00+00:00,1,,HOMEUSDT
2026-06-06T10:00:00+00:00,1,,PENGUUSDT
2026-06-06T10:45:00+00:00,1,,VELVETUSDT
2026-06-06T11:45:00+00:00,1,,ALLOUSDT
2026-06-06T12:15:00+00:00,1,,QQQUSDT
2026-06-06T15:00:00+00:00,1,,PENGUUSDT
2026-06-06T16:00:00+00:00,1,,VELVETUSDT
2026-06-06T16:30:00+00:00,1,,ALLOUSDT
2026-06-06T19:15:00+00:00,1,,LTCUSDT
2026-06-07T03:30:00+00:00,1,,GWEIUSDT
2026-06-07T03:45:00+00:00,1,,ALLOUSDT
2026-06-07T09:00:00+00:00,1,,HOMEUSDT
2026-06-07T12:00:00+00:00,1,,ZROUSDT
2026-06-07T13:00:00+00:00,1,,EPICUSDT
2026-06-07T16:45:00+00:00,1,,VELVETUSDT
2026-06-07T17:00:00+00:00,1,,BSBUSDT
2026-06-07T22:15:00+00:00,8,,1000BONKUSDT|1000PEPEUSDT|ARBUSDT|AVAXUSDT|LINKUSDT|OPUSDT|TIAUSDT|WIFUSDT
2026-06-07T23:15:00+00:00,1,,BEATUSDT
2026-06-08T01:15:00+00:00,1,,SPYUSDT
2026-06-08T01:30:00+00:00,1,,BCHUSDT
2026-06-08T02:30:00+00:00,1,,EPICUSDT
2026-06-08T07:30:00+00:00,1,,ESPORTSUSDT
2026-06-08T08:00:00+00:00,2,,BCHUSDT|SYNUSDT
2026-06-08T11:45:00+00:00,2,,ALLOUSDT|VELVETUSDT
2026-06-08T13:00:00+00:00,1,,TSMUSDT
2026-06-08T13:15:00+00:00,2,,GOOGLUSDT|INTCUSDT
2026-06-08T13:30:00+00:00,5,,HOODUSDT|METAUSDT|MSTRUSDT|NVDAUSDT|SPYUSDT
2026-06-08T13:45:00+00:00,1,,QQQUSDT
2026-06-08T14:00:00+00:00,1,,BEATUSDT
2026-06-08T15:00:00+00:00,1,,MORPHOUSDT
2026-06-08T17:15:00+00:00,1,,VELVETUSDT
2026-06-08T17:30:00+00:00,3,,AAPLUSDT|DEXEUSDT|SPYUSDT
2026-06-08T20:00:00+00:00,1,,ZROUSDT
2026-06-08T21:15:00+00:00,1,,WLDUSDT
2026-06-08T22:00:00+00:00,1,,QQQUSDT
2026-06-09T00:00:00+00:00,1,,EWYUSDT
2026-06-09T00:15:00+00:00,1,,ENAUSDT
2026-06-09T00:30:00+00:00,4,,APTUSDT|ASTERUSDT|ETCUSDT|PENGUUSDT
2026-06-09T03:30:00+00:00,1,,BEATUSDT
2026-06-09T04:00:00+00:00,1,,GWEIUSDT
2026-06-09T05:00:00+00:00,1,,SYNUSDT
2026-06-09T06:30:00+00:00,1,,VELVETUSDT
2026-06-09T10:00:00+00:00,1,,TSMUSDT
2026-06-09T12:00:00+00:00,1,,MORPHOUSDT
2026-06-09T12:15:00+00:00,2,,CHZUSDT|VELVETUSDT
2026-06-09T13:30:00+00:00,3,,AAPLUSDT|AMDUSDT|EWYUSDT
2026-06-09T13:45:00+00:00,1,,QQQUSDT
2026-06-09T14:00:00+00:00,2,,GOOGLUSDT|TSLAUSDT
2026-06-09T14:15:00+00:00,1,,INTCUSDT
2026-06-09T14:30:00+00:00,1,,TSMUSDT
2026-06-09T14:45:00+00:00,1,,EVAAUSDT
2026-06-09T15:15:00+00:00,1,,MSTRUSDT
2026-06-09T16:30:00+00:00,3,,PAXGUSDT|SPYUSDT|XAUTUSDT
2026-06-09T17:45:00+00:00,1,,CHZUSDT
2026-06-09T18:00:00+00:00,1,,VELVETUSDT
2026-06-10T01:00:00+00:00,1,,XAUTUSDT
2026-06-10T02:45:00+00:00,1,,EVAAUSDT
2026-06-10T07:15:00+00:00,1,,USUSDT
2026-06-10T10:15:00+00:00,1,,MORPHOUSDT
2026-06-10T11:00:00+00:00,2,,EVAAUSDT|SPYUSDT
2026-06-10T11:15:00+00:00,2,,METAUSDT|TSLAUSDT
2026-06-10T12:45:00+00:00,1,,WLFIUSDT
2026-06-10T13:00:00+00:00,1,,ATOMUSDT
2026-06-10T13:30:00+00:00,1,,AMZNUSDT
2026-06-10T13:45:00+00:00,1,,INTCUSDT
2026-06-10T14:30:00+00:00,1,,QQQUSDT
2026-06-10T15:00:00+00:00,1,,SPYUSDT
2026-06-10T15:30:00+00:00,1,,WLDUSDT
2026-06-10T16:00:00+00:00,1,,ORDIUSDT
2026-06-10T16:45:00+00:00,2,,ARBUSDT|MAGMAUSDT
2026-06-10T19:30:00+00:00,1,,VELVETUSDT
2026-06-10T20:45:00+00:00,1,,ARBUSDT
2026-06-10T21:00:00+00:00,1,,CHZUSDT
2026-06-10T22:00:00+00:00,1,,XAUTUSDT
2026-06-10T22:15:00+00:00,1,,BEATUSDT
2026-06-10T23:45:00+00:00,1,,VELVETUSDT
2026-06-11T04:15:00+00:00,1,,MAGMAUSDT
2026-06-11T05:00:00+00:00,1,,CRVUSDT
2026-06-11T06:00:00+00:00,1,,BEATUSDT
2026-06-11T06:15:00+00:00,1,,VELVETUSDT
2026-06-11T07:30:00+00:00,1,,ATOMUSDT
2026-06-11T08:45:00+00:00,1,,WLDUSDT
2026-06-11T09:00:00+00:00,1,,CRVUSDT
2026-06-11T12:15:00+00:00,2,,QQQUSDT|SPYUSDT
2026-06-11T13:30:00+00:00,6,,AMZNUSDT|GOOGLUSDT|HOODUSDT|METAUSDT|MSFTUSDT|TSLAUSDT
2026-06-11T14:00:00+00:00,1,,AMDUSDT
2026-06-11T14:30:00+00:00,1,,NATGASUSDT
2026-06-11T14:45:00+00:00,1,,CRVUSDT
2026-06-11T15:00:00+00:00,3,,CHZUSDT|MORPHOUSDT|VELVETUSDT
2026-06-11T16:30:00+00:00,1,,TRXUSDT
2026-06-11T17:45:00+00:00,1,,XAUTUSDT
2026-06-11T19:15:00+00:00,1,,VELVETUSDT
2026-06-11T23:00:00+00:00,1,,ESPORTSUSDT
2026-06-11T23:15:00+00:00,1,,BEATUSDT
2026-06-12T00:15:00+00:00,1,,XPLUSDT
2026-06-12T02:15:00+00:00,1,,XMRUSDT
2026-06-12T02:45:00+00:00,1,,VELVETUSDT
2026-06-12T04:30:00+00:00,1,,BEATUSDT
2026-06-12T04:45:00+00:00,1,,EPICUSDT
2026-06-12T05:00:00+00:00,1,,XPLUSDT
2026-06-12T07:00:00+00:00,1,,TLMUSDT
2026-06-12T07:45:00+00:00,1,,XMRUSDT
2026-06-12T08:00:00+00:00,1,,VELVETUSDT
2026-06-12T08:45:00+00:00,1,,TRUMPUSDT
2026-06-12T09:45:00+00:00,1,,XPLUSDT
2026-06-12T13:00:00+00:00,1,,TRUMPUSDT
2026-06-12T13:30:00+00:00,13,,AAPLUSDT|AMZNUSDT|ARBUSDT|COINUSDT|CRCLUSDT|GOOGLUSDT|HOODUSDT|MSFTUSDT|MSTRUSDT|QQQUSDT|SPYUSDT|TSLAUSDT|WLFIUSDT
2026-06-12T14:15:00+00:00,1,,XPLUSDT
2026-06-12T14:45:00+00:00,1,,ESPORTSUSDT
2026-06-12T15:00:00+00:00,1,,VELVETUSDT
2026-06-12T18:15:00+00:00,1,,TRUMPUSDT
2026-06-12T18:30:00+00:00,1,,XPLUSDT
2026-06-12T20:30:00+00:00,1,,ESPORTSUSDT
2026-06-12T22:30:00+00:00,1,,TRUMPUSDT
2026-06-13T01:00:00+00:00,1,,RIFUSDT
2026-06-13T02:15:00+00:00,1,,ESPORTSUSDT
2026-06-13T04:45:00+00:00,2,,EPICUSDT|TRUMPUSDT
2026-06-13T07:15:00+00:00,1,,VVVUSDT
2026-06-13T07:45:00+00:00,1,,RIFUSDT
2026-06-13T08:00:00+00:00,1,,DEXEUSDT
2026-06-13T09:45:00+00:00,1,,TLMUSDT
2026-06-13T12:00:00+00:00,1,,GWEIUSDT
2026-06-13T13:00:00+00:00,1,,RIFUSDT
2026-06-13T14:30:00+00:00,2,,OPUSDT|TAOUSDT
2026-06-13T16:45:00+00:00,2,,QQQUSDT|SPYUSDT
2026-06-13T18:30:00+00:00,1,,TAOUSDT
2026-06-13T19:00:00+00:00,1,,SYNUSDT
2026-06-13T19:45:00+00:00,1,,RIFUSDT
2026-06-13T22:30:00+00:00,1,,KAITOUSDT
2026-06-14T00:45:00+00:00,1,,TRUMPUSDT
2026-06-14T01:15:00+00:00,1,,RIFUSDT
2026-06-14T02:30:00+00:00,1,,SYNUSDT
2026-06-14T04:45:00+00:00,1,,TRUMPUSDT
2026-06-14T07:00:00+00:00,1,,SYNUSDT
2026-06-14T08:30:00+00:00,1,,KAITOUSDT
2026-06-14T13:00:00+00:00,1,,TLMUSDT
2026-06-14T14:30:00+00:00,2,,CHZUSDT|SYNUSDT
2026-06-14T17:30:00+00:00,1,,TLMUSDT
2026-06-14T17:45:00+00:00,1,,EVAAUSDT
2026-06-14T21:45:00+00:00,1,,EVAAUSDT
2026-06-14T22:00:00+00:00,1,,SPYUSDT
2026-06-15T02:30:00+00:00,1,,EVAAUSDT
2026-06-15T04:00:00+00:00,1,,RIFUSDT
2026-06-15T06:30:00+00:00,1,,EVAAUSDT
2026-06-15T07:00:00+00:00,1,,GWEIUSDT
2026-06-15T07:15:00+00:00,1,,1000SHIBUSDT
2026-06-15T08:30:00+00:00,1,,TAOUSDT
2026-06-15T10:30:00+00:00,1,,EVAAUSDT
2026-06-15T12:15:00+00:00,1,,AEROUSDT
2026-06-15T12:45:00+00:00,1,,BASEDUSDT
2026-06-15T13:30:00+00:00,2,,LITEUSDT|ZROUSDT
2026-06-15T13:45:00+00:00,1,,TSMUSDT
2026-06-15T14:00:00+00:00,1,,CRCLUSDT
2026-06-15T15:15:00+00:00,1,,JTOUSDT
2026-06-15T16:00:00+00:00,1,,JUPUSDT
2026-06-15T17:15:00+00:00,1,,FARTCOINUSDT
2026-06-15T17:45:00+00:00,1,,SYNUSDT
2026-06-15T19:15:00+00:00,2,,AEROUSDT|VANRYUSDT
2026-06-15T20:15:00+00:00,1,,EVAAUSDT
2026-06-15T20:45:00+00:00,1,,ADAUSDT
2026-06-15T23:15:00+00:00,1,,JTOUSDT
2026-06-16T01:15:00+00:00,2,,EVAAUSDT|UNIUSDT
2026-06-16T01:30:00+00:00,2,,BABAUSDT|SYNUSDT
2026-06-16T03:45:00+00:00,1,,JTOUSDT
2026-06-16T05:15:00+00:00,1,,EVAAUSDT
2026-06-16T05:45:00+00:00,1,,SYNUSDT
2026-06-16T08:15:00+00:00,1,,WLFIUSDT
2026-06-16T12:45:00+00:00,1,,JTOUSDT
2026-06-16T13:00:00+00:00,2,,AEROUSDT|UNIUSDT
2026-06-16T13:15:00+00:00,1,,BNBUSDT
2026-06-16T13:30:00+00:00,3,,AMDUSDT|HOODUSDT|LITEUSDT
2026-06-16T14:15:00+00:00,2,,DOTUSDT|INTCUSDT
2026-06-16T15:00:00+00:00,1,,SYNUSDT
2026-06-16T16:45:00+00:00,1,,AKEUSDT
2026-06-16T18:15:00+00:00,1,,AEROUSDT
2026-06-16T23:45:00+00:00,1,,BCHUSDT
2026-06-17T02:30:00+00:00,1,,UNIUSDT
2026-06-17T06:15:00+00:00,1,,WIFUSDT
2026-06-17T06:30:00+00:00,1,,LDOUSDT
2026-06-17T07:00:00+00:00,1,,KAITOUSDT
2026-06-17T07:45:00+00:00,1,,UNIUSDT
2026-06-17T08:00:00+00:00,1,,AKEUSDT
2026-06-17T09:45:00+00:00,1,,TACUSDT
2026-06-17T10:15:00+00:00,1,,DEXEUSDT
2026-06-17T11:00:00+00:00,2,,AEROUSDT|LDOUSDT
2026-06-17T11:45:00+00:00,1,,UNIUSDT
2026-06-17T12:30:00+00:00,1,,ASTERUSDT
2026-06-17T13:30:00+00:00,5,,AMDUSDT|AMZNUSDT|INTCUSDT|LITEUSDT|METAUSDT
2026-06-17T13:45:00+00:00,1,,TACUSDT
2026-06-17T14:45:00+00:00,2,,ETHFIUSDT|XPLUSDT
2026-06-17T15:45:00+00:00,1,,AEROUSDT
2026-06-17T16:30:00+00:00,1,,ASTERUSDT
2026-06-17T18:00:00+00:00,22,,1000PEPEUSDT|1000SHIBUSDT|AAVEUSDT|ADAUSDT|AVAXUSDT|CRCLUSDT|CRVUSDT|DOTUSDT|DRAMUSDT|FILUSDT|HOODUSDT|LDOUSDT|LINKUSDT|LITUSDT|MSFTUSDT|MSTRUSDT|PAXGUSDT|PENDLEUSDT|QQQUSDT|SPYUSDT|VANRYUSDT|XAUTUSDT
2026-06-17T18:30:00+00:00,1,,TACUSDT
2026-06-17T18:45:00+00:00,1,,LITEUSDT
2026-06-17T19:15:00+00:00,3,,ETHFIUSDT|TIAUSDT|XPLUSDT
2026-06-17T19:30:00+00:00,1,,UNIUSDT
2026-06-17T20:15:00+00:00,1,,AEROUSDT
2026-06-17T20:30:00+00:00,1,,SYNUSDT
2026-06-17T23:00:00+00:00,1,,ESPORTSUSDT
2026-06-17T23:15:00+00:00,1,,TACUSDT
2026-06-18T00:30:00+00:00,1,,SYNUSDT
2026-06-18T03:15:00+00:00,1,,ASTERUSDT
2026-06-18T04:00:00+00:00,1,,APTUSDT
2026-06-18T04:45:00+00:00,1,,SYNUSDT
2026-06-18T05:00:00+00:00,1,,ETHFIUSDT
2026-06-18T09:15:00+00:00,1,,ESPORTSUSDT
2026-06-18T10:00:00+00:00,1,,ATOMUSDT
2026-06-18T10:45:00+00:00,1,,SYNUSDT
2026-06-18T11:15:00+00:00,1,,HOMEUSDT
2026-06-18T13:30:00+00:00,17,,1000SHIBUSDT|AAPLUSDT|AEROUSDT|AMZNUSDT|COINUSDT|CRCLUSDT|GOOGLUSDT|HOODUSDT|LITEUSDT|METAUSDT|MSFTUSDT|MSTRUSDT|ORCLUSDT|PLTRUSDT|QQQUSDT|RKLBUSDT|TSLAUSDT
2026-06-18T13:45:00+00:00,1,,INTCUSDT
2026-06-18T15:00:00+00:00,2,,ESPORTSUSDT|SYNUSDT
2026-06-18T15:15:00+00:00,5,,1000BONKUSDT|APTUSDT|AVAXUSDT|DOTUSDT|VANRYUSDT
2026-06-18T15:30:00+00:00,9,,BCHUSDT|CHZUSDT|CRVUSDT|ETCUSDT|FILUSDT|ICPUSDT|LDOUSDT|OPUSDT|PENDLEUSDT
2026-06-18T15:45:00+00:00,3,,AAVEUSDT|AKEUSDT|ASTERUSDT
2026-06-18T19:00:00+00:00,1,,SYNUSDT
2026-06-18T19:45:00+00:00,1,,MRVLUSDT
2026-06-18T21:00:00+00:00,1,,BASEDUSDT
2026-06-19T01:00:00+00:00,1,,SYNUSDT
2026-06-19T03:15:00+00:00,4,,1000PEPEUSDT|AVAXUSDT|BASEDUSDT|PENGUUSDT
2026-06-19T08:30:00+00:00,1,,BASEDUSDT
2026-06-19T11:30:00+00:00,1,,TLMUSDT
2026-06-19T12:00:00+00:00,1,,KAITOUSDT
2026-06-19T13:30:00+00:00,1,,UBUSDT
2026-06-19T14:00:00+00:00,1,,HEIUSDT
2026-06-19T16:45:00+00:00,1,,ETCUSDT
2026-06-19T17:15:00+00:00,1,,ORDIUSDT
2026-06-19T17:45:00+00:00,1,,AVAXUSDT
2026-06-19T19:15:00+00:00,1,,BSBUSDT
2026-06-20T00:45:00+00:00,1,,EIGENUSDT
2026-06-20T01:30:00+00:00,1,,KITEUSDT
2026-06-20T06:45:00+00:00,1,,AVAXUSDT
2026-06-20T07:00:00+00:00,1,,EIGENUSDT
2026-06-20T11:00:00+00:00,1,,VANRYUSDT
2026-06-20T12:00:00+00:00,1,,AKEUSDT
2026-06-20T14:00:00+00:00,2,,EIGENUSDT|WIFUSDT
2026-06-20T14:15:00+00:00,1,,TLMUSDT
2026-06-20T15:00:00+00:00,1,,VANRYUSDT
2026-06-20T16:00:00+00:00,1,,AKEUSDT
2026-06-20T19:45:00+00:00,1,,VANRYUSDT
2026-06-21T02:45:00+00:00,1,,AKEUSDT
2026-06-21T07:15:00+00:00,1,,AEROUSDT
2026-06-21T07:30:00+00:00,1,,AKEUSDT
2026-06-21T10:15:00+00:00,1,,EIGENUSDT
2026-06-21T12:30:00+00:00,1,,TRUMPUSDT
2026-06-21T12:45:00+00:00,1,,UBUSDT
2026-06-21T14:30:00+00:00,1,,JUPUSDT
2026-06-21T16:45:00+00:00,1,,EIGENUSDT
2026-06-21T21:00:00+00:00,1,,SUIUSDT
2026-06-21T22:30:00+00:00,1,,ETHFIUSDT
2026-06-21T23:45:00+00:00,1,,DRAMUSDT
2026-06-22T00:00:00+00:00,1,,EWYUSDT
2026-06-22T01:15:00+00:00,1,,BABAUSDT
2026-06-22T04:45:00+00:00,1,,AKEUSDT
2026-06-22T06:30:00+00:00,1,,UBUSDT
2026-06-22T10:30:00+00:00,2,,SYNUSDT|UBUSDT
2026-06-22T11:00:00+00:00,1,,HOODUSDT
2026-06-22T13:30:00+00:00,9,,AMDUSDT|CBRSUSDT|DRAMUSDT|GOOGLUSDT|INTCUSDT|LITEUSDT|MRVLUSDT|RKLBUSDT|TSMUSDT
2026-06-22T14:00:00+00:00,4,,COINUSDT|CRCLUSDT|MSFTUSDT|MSTRUSDT
2026-06-22T14:15:00+00:00,2,,AKEUSDT|AMZNUSDT
2026-06-22T14:30:00+00:00,2,,JUPUSDT|SYNUSDT
2026-06-22T15:45:00+00:00,3,,BABAUSDT|EIGENUSDT|TRXUSDT
2026-06-22T21:45:00+00:00,1,,TLMUSDT
2026-06-22T23:00:00+00:00,1,,SYNUSDT
2026-06-23T00:00:00+00:00,1,,DRAMUSDT
2026-06-23T00:15:00+00:00,2,,BCHUSDT|DEXEUSDT
2026-06-23T01:30:00+00:00,1,,BABAUSDT
2026-06-23T01:45:00+00:00,1,,EWYUSDT
2026-06-23T05:15:00+00:00,1,,DRAMUSDT
2026-06-23T06:00:00+00:00,1,,EWYUSDT
2026-06-23T06:15:00+00:00,15,,1000BONKUSDT|1000SHIBUSDT|AAVEUSDT|ADAUSDT|AVAXUSDT|CHZUSDT|DOTUSDT|ETHFIUSDT|FETUSDT|LDOUSDT|LINKUSDT|OPUSDT|SUIUSDT|VANRYUSDT|WIFUSDT
2026-06-23T07:30:00+00:00,1,,DEXEUSDT
2026-06-23T08:15:00+00:00,11,,1000PEPEUSDT|APTUSDT|ARBUSDT|ENAUSDT|ETCUSDT|FILUSDT|GOOGLUSDT|ICPUSDT|JUPUSDT|LTCUSDT|TLMUSDT
2026-06-23T12:45:00+00:00,2,,ORCLUSDT|XMRUSDT
2026-06-23T13:00:00+00:00,1,,DRAMUSDT
2026-06-23T13:15:00+00:00,1,,DEXEUSDT
2026-06-23T13:30:00+00:00,2,,LITEUSDT|TSLAUSDT
2026-06-23T14:45:00+00:00,1,,LTCUSDT
2026-06-23T15:00:00+00:00,1,,MORPHOUSDT
2026-06-23T15:15:00+00:00,1,,ALGOUSDT
2026-06-23T16:30:00+00:00,1,,HOODUSDT
2026-06-23T19:00:00+00:00,1,,AKEUSDT
2026-06-23T19:15:00+00:00,1,,PENGUUSDT
2026-06-23T20:30:00+00:00,1,,CBRSUSDT
2026-06-24T01:30:00+00:00,1,,BABAUSDT
2026-06-24T10:00:00+00:00,1,,ADAUSDT
2026-06-24T11:00:00+00:00,2,,AAVEUSDT|JUPUSDT
2026-06-24T12:15:00+00:00,2,,PAXGUSDT|XAUTUSDT
2026-06-24T13:00:00+00:00,1,,LDOUSDT
2026-06-24T13:30:00+00:00,11,,AMDUSDT|CBRSUSDT|COINUSDT|CRCLUSDT|DRAMUSDT|HOODUSDT|INTCUSDT|LITEUSDT|MRVLUSDT|MSTRUSDT|RKLBUSDT
2026-06-24T14:15:00+00:00,1,,TACUSDT
2026-06-24T15:30:00+00:00,2,,1000SHIBUSDT|AAVEUSDT
2026-06-24T15:45:00+00:00,1,,DOTUSDT
2026-06-24T16:45:00+00:00,19,,1000BONKUSDT|1000PEPEUSDT|ADAUSDT|ALGOUSDT|APTUSDT|ARBUSDT|CRVUSDT|DASHUSDT|FETUSDT|FILUSDT|ICPUSDT|LINKUSDT|LTCUSDT|MORPHOUSDT|OPUSDT|SUIUSDT|TLMUSDT|VIRTUALUSDT|WIFUSDT
2026-06-24T17:15:00+00:00,1,,FARTCOINUSDT
2026-06-24T17:30:00+00:00,1,,JUPUSDT
2026-06-24T17:45:00+00:00,1,,BASEDUSDT
2026-06-24T18:15:00+00:00,1,,GOOGLUSDT
2026-06-24T19:30:00+00:00,1,,BABAUSDT
2026-06-24T19:45:00+00:00,1,,AKEUSDT
2026-06-24T22:30:00+00:00,1,,AAVEUSDT
2026-06-25T00:00:00+00:00,2,,DRAMUSDT|EWYUSDT
2026-06-25T01:30:00+00:00,1,,BABAUSDT
2026-06-25T03:00:00+00:00,1,,AAVEUSDT
2026-06-25T10:15:00+00:00,1,,AAVEUSDT
2026-06-25T13:30:00+00:00,27,,AAPLUSDT|AEROUSDT|AMDUSDT|AMZNUSDT|ARMUSDT|BABAUSDT|CBRSUSDT|COINUSDT|CRCLUSDT|DRAMUSDT|HOODUSDT|INTCUSDT|JUPUSDT|KITEUSDT|LITEUSDT|METAUSDT|MRVLUSDT|MSTRUSDT|NBISUSDT|NVDAUSDT|OPUSDT|ORCLUSDT|PLTRUSDT|RKLBUSDT|SYNUSDT|TSMUSDT|WDCUSDT
2026-06-25T13:45:00+00:00,44,,1000BONKUSDT|1000PEPEUSDT|1000SHIBUSDT|ADAUSDT|ALGOUSDT|APTUSDT|ARBUSDT|ATOMUSDT|AVAXUSDT|BASEDUSDT|BEUSDT|BNBUSDT|CHZUSDT|CRVUSDT|DASHUSDT|DOTUSDT|EIGENUSDT|ETCUSDT|ETHFIUSDT|EWYUSDT|FARTCOINUSDT|FETUSDT|FILUSDT|ICPUSDT|INJUSDT|LDOUSDT|LINKUSDT|LTCUSDT|ONDOUSDT|ORDIUSDT|PENGUUSDT|PUMPUSDT|QQQUSDT|SEIUSDT|SUIUSDT|TAOUSDT|TIAUSDT|TLMUSDT|TRUMPUSDT|TRXUSDT|TSLAUSDT|VANRYUSDT|VIRTUALUSDT|WIFUSDT
2026-06-25T14:30:00+00:00,1,,NATGASUSDT
2026-06-25T18:15:00+00:00,1,,AAVEUSDT
2026-06-25T18:30:00+00:00,1,,EWYUSDT
2026-06-25T19:45:00+00:00,1,,AMZNUSDT
2026-06-26T01:00:00+00:00,1,,BABAUSDT
2026-06-26T02:00:00+00:00,1,,DOTUSDT
2026-06-26T02:45:00+00:00,1,,KAITOUSDT
2026-06-26T03:00:00+00:00,1,,WLFIUSDT
2026-06-26T04:15:00+00:00,1,,ATOMUSDT
2026-06-26T04:45:00+00:00,1,,JTOUSDT
2026-06-26T06:00:00+00:00,1,,BABAUSDT
2026-06-26T10:30:00+00:00,1,,UBUSDT
2026-06-26T12:30:00+00:00,2,,AAVEUSDT|MSTRUSDT
2026-06-26T13:30:00+00:00,5,,AMDUSDT|BEUSDT|LITEUSDT|TSMUSDT|WDCUSDT
2026-06-26T13:45:00+00:00,2,,AAPLUSDT|ORCLUSDT
2026-06-26T14:30:00+00:00,1,,MAGMAUSDT
2026-06-26T14:45:00+00:00,1,,KAITOUSDT
2026-06-26T17:45:00+00:00,2,,AAVEUSDT|NATGASUSDT
2026-06-26T19:15:00+00:00,2,,AAPLUSDT|MAGMAUSDT
2026-06-26T19:45:00+00:00,4,,BEUSDT|DRAMUSDT|GOOGLUSDT|MSFTUSDT
2026-06-27T03:15:00+00:00,1,,AAVEUSDT
2026-06-27T10:00:00+00:00,1,,WIFUSDT
2026-06-27T14:00:00+00:00,1,,VELVETUSDT
2026-06-27T16:00:00+00:00,2,,NATGASUSDT|WIFUSDT
2026-06-28T06:15:00+00:00,1,,KITEUSDT
2026-06-28T07:15:00+00:00,1,,AAVEUSDT
2026-06-28T16:00:00+00:00,1,,AKEUSDT
2026-06-29T00:00:00+00:00,1,,EWYUSDT
2026-06-29T04:45:00+00:00,1,,VELVETUSDT
2026-06-29T05:00:00+00:00,1,,BABAUSDT
2026-06-29T08:00:00+00:00,1,,GWEIUSDT
2026-06-29T09:15:00+00:00,1,,TACUSDT
2026-06-29T12:00:00+00:00,1,,RKLBUSDT
2026-06-29T12:15:00+00:00,1,,GWEIUSDT
2026-06-29T12:30:00+00:00,2,,MSTRUSDT|NATGASUSDT
2026-06-29T13:15:00+00:00,1,,MSFTUSDT
2026-06-29T13:30:00+00:00,6,,AAPLUSDT|ARMUSDT|COINUSDT|CRCLUSDT|DRAMUSDT|INTCUSDT
2026-06-29T13:45:00+00:00,5,,AMDUSDT|BEUSDT|NBISUSDT|TSMUSDT|WDCUSDT
2026-06-29T14:00:00+00:00,2,,HOODUSDT|QQQUSDT
2026-06-29T15:00:00+00:00,2,,AMZNUSDT|ORDIUSDT
2026-06-29T16:00:00+00:00,1,,TACUSDT
2026-06-29T16:30:00+00:00,1,,GWEIUSDT
2026-06-29T18:45:00+00:00,1,,KITEUSDT
2026-06-29T19:00:00+00:00,1,,ORDIUSDT
2026-06-29T22:45:00+00:00,1,,TACUSDT
2026-06-30T00:15:00+00:00,1,,EWYUSDT
2026-06-30T01:00:00+00:00,2,,PAXGUSDT|XAUTUSDT
2026-06-30T01:15:00+00:00,1,,BABAUSDT
2026-06-30T02:00:00+00:00,1,,UBUSDT
2026-06-30T02:45:00+00:00,1,,WLFIUSDT
2026-06-30T03:00:00+00:00,1,,KAITOUSDT
2026-06-30T05:30:00+00:00,1,,ORDIUSDT
2026-06-30T08:30:00+00:00,2,,TIAUSDT|WDCUSDT
2026-06-30T08:45:00+00:00,1,,UBUSDT
2026-06-30T09:30:00+00:00,1,,ORDIUSDT
2026-06-30T10:30:00+00:00,1,,BASEDUSDT
2026-06-30T11:15:00+00:00,3,,MORPHOUSDT|PENDLEUSDT|VANRYUSDT
2026-06-30T12:45:00+00:00,1,,NATGASUSDT
2026-06-30T13:15:00+00:00,3,,AMZNUSDT|CRCLUSDT|MSTRUSDT
2026-06-30T13:30:00+00:00,4,,BABAUSDT|COINUSDT|METAUSDT|SYNUSDT
2026-06-30T13:45:00+00:00,1,,RKLBUSDT
2026-06-30T14:30:00+00:00,1,,TSMUSDT
2026-06-30T14:45:00+00:00,1,,BEUSDT
2026-06-30T15:30:00+00:00,2,,TACUSDT|ZBTUSDT
2026-06-30T16:45:00+00:00,1,,TRXUSDT
2026-06-30T18:00:00+00:00,1,,LDOUSDT
2026-06-30T20:30:00+00:00,1,,BEUSDT
2026-06-30T20:45:00+00:00,1,,WLFIUSDT
2026-06-30T21:15:00+00:00,1,,ZBTUSDT
2026-07-01T00:45:00+00:00,1,,EWYUSDT
2026-07-01T01:00:00+00:00,3,,1000BONKUSDT|1000PEPEUSDT|ATOMUSDT
2026-07-01T02:30:00+00:00,1,,BASEDUSDT
2026-07-01T04:00:00+00:00,1,,ZBTUSDT
2026-07-01T06:45:00+00:00,1,,1000PEPEUSDT
2026-07-01T07:45:00+00:00,1,,BASEDUSDT
2026-07-01T08:45:00+00:00,1,,ZBTUSDT
2026-07-01T12:15:00+00:00,1,,BASEDUSDT
2026-07-01T12:30:00+00:00,8,,AMZNUSDT|ARMUSDT|BEUSDT|DRAMUSDT|EWYUSDT|MSFTUSDT|NBISUSDT|WDCUSDT
2026-07-01T12:45:00+00:00,2,,METAUSDT|ORCLUSDT
2026-07-01T13:15:00+00:00,2,,GOOGLUSDT|ZBTUSDT
2026-07-01T13:30:00+00:00,7,,AAPLUSDT|AMDUSDT|MORPHOUSDT|NVDAUSDT|QQQUSDT|TLMUSDT|TSMUSDT
2026-07-01T13:45:00+00:00,1,,CBRSUSDT
2026-07-01T14:15:00+00:00,1,,MSTRUSDT
2026-07-01T14:30:00+00:00,1,,AKEUSDT
2026-07-01T14:45:00+00:00,1,,VVVUSDT
2026-07-01T18:00:00+00:00,1,,TLMUSDT
2026-07-01T18:15:00+00:00,1,,LITUSDT
2026-07-01T19:30:00+00:00,1,,ZBTUSDT
2026-07-01T20:00:00+00:00,1,,COINUSDT
2026-07-01T22:45:00+00:00,2,,TLMUSDT|VANRYUSDT
2026-07-01T23:00:00+00:00,1,,1000SHIBUSDT
2026-07-01T23:15:00+00:00,1,,AKEUSDT
2026-07-02T00:00:00+00:00,1,,EWYUSDT
2026-07-02T00:45:00+00:00,1,,ZBTUSDT
2026-07-02T01:00:00+00:00,1,,BASEDUSDT
2026-07-02T04:15:00+00:00,1,,TLMUSDT
2026-07-02T04:30:00+00:00,1,,SAMSUNGUSDT
2026-07-02T05:00:00+00:00,1,,ZBTUSDT
2026-07-02T06:00:00+00:00,2,,DRAMUSDT|EWYUSDT
2026-07-02T06:30:00+00:00,1,,BASEDUSDT
2026-07-02T08:30:00+00:00,1,,TLMUSDT
2026-07-02T11:45:00+00:00,1,,PLTRUSDT
2026-07-02T12:45:00+00:00,1,,TLMUSDT
2026-07-02T13:00:00+00:00,1,,USUSDT
2026-07-02T13:30:00+00:00,6,,AMDUSDT|CBRSUSDT|INTCUSDT|METAUSDT|NBISUSDT|TSLAUSDT
2026-07-02T13:45:00+00:00,3,,COINUSDT|CRCLUSDT|MSTRUSDT
2026-07-02T14:00:00+00:00,2,,EWYUSDT|SAMSUNGUSDT
2026-07-02T14:15:00+00:00,2,,BEUSDT|HOODUSDT
2026-07-02T14:30:00+00:00,2,,DRAMUSDT|TSMUSDT
2026-07-02T19:30:00+00:00,1,,TLMUSDT
2026-07-03T00:15:00+00:00,2,,EWYUSDT|SAMSUNGUSDT
2026-07-03T02:30:00+00:00,1,,VANRYUSDT
2026-07-03T04:45:00+00:00,1,,USUSDT
2026-07-03T05:00:00+00:00,1,,AKEUSDT
2026-07-03T07:15:00+00:00,1,,VANRYUSDT
2026-07-03T10:15:00+00:00,1,,TLMUSDT
2026-07-03T10:30:00+00:00,1,,MAGMAUSDT
2026-07-03T12:00:00+00:00,1,,KITEUSDT
2026-07-03T13:00:00+00:00,1,,AKEUSDT
2026-07-03T14:15:00+00:00,1,,WLFIUSDT
2026-07-03T15:00:00+00:00,1,,ETHFIUSDT
2026-07-03T15:15:00+00:00,1,,VANRYUSDT
2026-07-03T15:45:00+00:00,1,,PUMPUSDT
2026-07-03T16:15:00+00:00,1,,AEROUSDT
2026-07-03T16:45:00+00:00,1,,FARTCOINUSDT
2026-07-03T21:00:00+00:00,1,,AKEUSDT
2026-07-03T22:00:00+00:00,3,,1000BONKUSDT|1000SHIBUSDT|TLMUSDT
2026-07-04T00:00:00+00:00,1,,MAGMAUSDT
2026-07-04T03:30:00+00:00,1,,FARTCOINUSDT
2026-07-04T04:00:00+00:00,1,,JUPUSDT
2026-07-04T04:15:00+00:00,1,,MAGMAUSDT
2026-07-04T07:15:00+00:00,1,,AKEUSDT
2026-07-04T08:00:00+00:00,1,,TIAUSDT
2026-07-04T08:15:00+00:00,1,,KAITOUSDT
2026-07-04T10:15:00+00:00,1,,LABUSDT
2026-07-04T11:30:00+00:00,1,,ETHFIUSDT
2026-07-04T12:00:00+00:00,1,,TLMUSDT
2026-07-04T13:30:00+00:00,1,,GWEIUSDT
2026-07-04T15:15:00+00:00,1,,MAGMAUSDT
2026-07-04T16:15:00+00:00,1,,VANRYUSDT
2026-07-04T16:30:00+00:00,2,,ADAUSDT|AKEUSDT
2026-07-04T16:45:00+00:00,1,,LABUSDT
2026-07-04T17:00:00+00:00,1,,1000BONKUSDT
2026-07-04T17:30:00+00:00,1,,ETHFIUSDT
2026-07-04T20:30:00+00:00,1,,VANRYUSDT
2026-07-04T22:30:00+00:00,1,,LABUSDT
2026-07-04T23:45:00+00:00,1,,1000BONKUSDT
2026-07-05T00:00:00+00:00,2,,HBARUSDT|VVVUSDT
2026-07-05T01:00:00+00:00,1,,VANRYUSDT
2026-07-05T06:15:00+00:00,1,,VANRYUSDT
2026-07-05T07:45:00+00:00,1,,KAITOUSDT
2026-07-05T09:00:00+00:00,1,,EPICUSDT
2026-07-05T10:30:00+00:00,1,,PENDLEUSDT
2026-07-05T13:00:00+00:00,1,,VANRYUSDT
2026-07-05T14:00:00+00:00,1,,EPICUSDT
2026-07-05T16:30:00+00:00,1,,LITUSDT
2026-07-05T17:30:00+00:00,2,,1000BONKUSDT|VANRYUSDT
2026-07-05T20:00:00+00:00,1,,KAITOUSDT
2026-07-05T22:00:00+00:00,1,,NATGASUSDT
2026-07-05T23:45:00+00:00,1,,EPICUSDT
2026-07-06T00:00:00+00:00,1,,TSMUSDT
2026-07-06T00:15:00+00:00,2,,EWYUSDT|SAMSUNGUSDT
2026-07-06T01:30:00+00:00,1,,BABAUSDT
2026-07-06T04:15:00+00:00,1,,LITUSDT
2026-07-06T05:15:00+00:00,1,,TIAUSDT
2026-07-06T05:30:00+00:00,1,,ICPUSDT
2026-07-06T06:00:00+00:00,1,,EPICUSDT
2026-07-06T09:15:00+00:00,1,,LITUSDT
2026-07-06T09:30:00+00:00,1,,1000BONKUSDT
2026-07-06T09:45:00+00:00,1,,VIRTUALUSDT
2026-07-06T12:00:00+00:00,26,,1000PEPEUSDT|1000SHIBUSDT|APTUSDT|ARBUSDT|ATOMUSDT|AVAXUSDT|BNBUSDT|CRVUSDT|ENAUSDT|ETCUSDT|ETHFIUSDT|FARTCOINUSDT|FETUSDT|FILUSDT|HBARUSDT|ICPUSDT|LDOUSDT|LINKUSDT|MSTRUSDT|OPUSDT|PENDLEUSDT|PENGUUSDT|RENDERUSDT|SEIUSDT|SUIUSDT|WIFUSDT
2026-07-06T13:00:00+00:00,1,,LTCUSDT
2026-07-06T13:30:00+00:00,7,,AMZNUSDT|BABAUSDT|CBRSUSDT|METAUSDT|MSFTUSDT|ORCLUSDT|RKLBUSDT
2026-07-06T15:00:00+00:00,2,,DELLUSDT|VANRYUSDT
2026-07-06T15:15:00+00:00,1,,TLMUSDT
2026-07-06T16:15:00+00:00,3,,AAPLUSDT|LITUSDT|NEARUSDT
2026-07-06T16:30:00+00:00,1,,LABUSDT
2026-07-06T17:15:00+00:00,1,,1000BONKUSDT
2026-07-06T19:30:00+00:00,1,,USUSDT
2026-07-06T22:30:00+00:00,1,,SAMSUNGUSDT
2026-07-06T23:30:00+00:00,1,,KITEUSDT
2026-07-07T00:00:00+00:00,1,,USUSDT
2026-07-07T01:00:00+00:00,1,,EDGEUSDT
2026-07-07T02:00:00+00:00,1,,EPICUSDT
2026-07-07T02:15:00+00:00,1,,BABAUSDT
2026-07-07T04:30:00+00:00,1,,VANRYUSDT
2026-07-07T05:45:00+00:00,1,,EDGEUSDT
2026-07-07T06:00:00+00:00,1,,SAMSUNGUSDT
2026-07-07T07:00:00+00:00,1,,EPICUSDT
2026-07-07T07:30:00+00:00,1,,AKEUSDT
2026-07-07T08:00:00+00:00,2,,1000BONKUSDT|LABUSDT
2026-07-07T10:45:00+00:00,1,,EDGEUSDT
2026-07-07T11:00:00+00:00,1,,TACUSDT
2026-07-07T11:30:00+00:00,1,,AKEUSDT
2026-07-07T11:45:00+00:00,1,,NATGASUSDT
2026-07-07T12:30:00+00:00,1,,LABUSDT
2026-07-07T13:00:00+00:00,1,,PENDLEUSDT
2026-07-07T13:15:00+00:00,1,,XAUTUSDT
2026-07-07T13:30:00+00:00,7,,AAPLUSDT|AMZNUSDT|CBRSUSDT|INTCUSDT|MSFTUSDT|RKLBUSDT|TSLAUSDT
2026-07-07T13:45:00+00:00,4,,COINUSDT|CRCLUSDT|DELLUSDT|HOODUSDT
2026-07-07T14:00:00+00:00,3,,NBISUSDT|ORCLUSDT|PLTRUSDT
2026-07-07T14:15:00+00:00,1,,EVAAUSDT
2026-07-07T14:30:00+00:00,1,,SAMSUNGUSDT
2026-07-07T15:00:00+00:00,1,,TACUSDT
2026-07-07T16:30:00+00:00,2,,EPICUSDT|NATGASUSDT
2026-07-07T16:45:00+00:00,2,,KAITOUSDT|LDOUSDT
2026-07-07T17:00:00+00:00,1,,LABUSDT
2026-07-07T17:45:00+00:00,1,,EDGEUSDT
2026-07-07T18:15:00+00:00,1,,INJUSDT
2026-07-07T18:45:00+00:00,2,,APTUSDT|OPUSDT
2026-07-07T19:30:00+00:00,1,,EVAAUSDT
2026-07-07T22:00:00+00:00,1,,EDGEUSDT
2026-07-08T01:30:00+00:00,4,,FILUSDT|LDOUSDT|NEARUSDT|PENGUUSDT
2026-07-08T02:00:00+00:00,3,,AVAXUSDT|ETHFIUSDT|SEIUSDT
2026-07-08T02:30:00+00:00,1,,EDGEUSDT
2026-07-08T02:45:00+00:00,1,,EVAAUSDT
2026-07-08T03:30:00+00:00,1,,LABUSDT
2026-07-08T04:30:00+00:00,1,,SAMSUNGUSDT
2026-07-08T06:30:00+00:00,1,,LDOUSDT
2026-07-08T06:45:00+00:00,1,,BABAUSDT
2026-07-08T07:00:00+00:00,1,,KAITOUSDT
2026-07-08T08:00:00+00:00,1,,EVAAUSDT
2026-07-08T08:15:00+00:00,10,,APTUSDT|FETUSDT|FILUSDT|ICPUSDT|LINKUSDT|OPUSDT|PAXGUSDT|PLTRUSDT|UNIUSDT|XAUTUSDT
2026-07-08T08:30:00+00:00,4,,DELLUSDT|ORCLUSDT|PENDLEUSDT|PUMPUSDT
2026-07-08T08:45:00+00:00,2,,AKEUSDT|JUPUSDT
2026-07-08T09:00:00+00:00,1,,SAMSUNGUSDT
2026-07-08T10:15:00+00:00,1,,EDGEUSDT
2026-07-08T11:45:00+00:00,1,,KAITOUSDT
2026-07-08T12:30:00+00:00,1,,EVAAUSDT
2026-07-08T12:45:00+00:00,1,,APTUSDT
2026-07-08T13:15:00+00:00,1,,PLTRUSDT
2026-07-08T13:30:00+00:00,2,,BABAUSDT|METAUSDT
2026-07-08T13:45:00+00:00,2,,DELLUSDT|NVDAUSDT
2026-07-08T14:30:00+00:00,1,,EDGEUSDT
2026-07-08T14:45:00+00:00,2,,AAPLUSDT|LDOUSDT
2026-07-08T15:00:00+00:00,1,,LABUSDT
2026-07-08T16:00:00+00:00,1,,NATGASUSDT
2026-07-08T17:00:00+00:00,1,,INJUSDT
2026-07-08T17:15:00+00:00,1,,BEUSDT
2026-07-08T18:45:00+00:00,1,,EDGEUSDT
2026-07-08T19:00:00+00:00,1,,LDOUSDT
2026-07-09T02:15:00+00:00,1,,BABAUSDT
2026-07-09T03:00:00+00:00,1,,SAMSUNGUSDT
2026-07-09T05:15:00+00:00,1,,ARBUSDT
2026-07-09T05:30:00+00:00,1,,OPUSDT
2026-07-09T07:15:00+00:00,1,,HBARUSDT
2026-07-09T09:00:00+00:00,1,,EVAAUSDT
2026-07-09T11:15:00+00:00,1,,METAUSDT
2026-07-09T12:15:00+00:00,2,,AMZNUSDT|BASEDUSDT
2026-07-09T12:45:00+00:00,1,,ARBUSDT
2026-07-09T13:15:00+00:00,1,,NATGASUSDT
2026-07-09T13:30:00+00:00,5,,BEUSDT|NBISUSDT|NVDAUSDT|RKLBUSDT|TSMUSDT
2026-07-09T14:00:00+00:00,2,,GOOGLUSDT|ORCLUSDT
2026-07-09T14:15:00+00:00,1,,JUPUSDT
2026-07-09T14:45:00+00:00,1,,EVAAUSDT
2026-07-09T15:00:00+00:00,1,,DELLUSDT
2026-07-09T18:00:00+00:00,1,,ORCLUSDT
2026-07-09T19:00:00+00:00,1,,USUSDT
2026-07-09T21:30:00+00:00,1,,ARBUSDT
2026-07-09T22:00:00+00:00,1,,DEXEUSDT
2026-07-10T00:00:00+00:00,2,,EWYUSDT|SAMSUNGUSDT
2026-07-10T01:00:00+00:00,2,,BASEDUSDT|TACUSDT
2026-07-10T03:00:00+00:00,1,,ARBUSDT
2026-07-10T07:00:00+00:00,1,,DEXEUSDT
2026-07-10T07:15:00+00:00,1,,USUSDT
2026-07-10T07:30:00+00:00,2,,PAXGUSDT|TRXUSDT
2026-07-10T12:30:00+00:00,1,,AKEUSDT
2026-07-10T12:45:00+00:00,1,,USUSDT
2026-07-10T13:30:00+00:00,12,,AMZNUSDT|BEUSDT|COINUSDT|CRCLUSDT|DELLUSDT|HOODUSDT|NBISUSDT|ORCLUSDT|PLTRUSDT|SAMSUNGUSDT|TSLAUSDT|TSMUSDT
2026-07-10T14:00:00+00:00,1,,METAUSDT
2026-07-10T14:15:00+00:00,1,,ARBUSDT
2026-07-10T14:30:00+00:00,3,,DOTUSDT|PAXGUSDT|XAUTUSDT
2026-07-10T14:45:00+00:00,1,,ICPUSDT
2026-07-10T15:45:00+00:00,1,,WIFUSDT
2026-07-10T16:15:00+00:00,1,,LABUSDT
2026-07-10T17:00:00+00:00,1,,1000PEPEUSDT
2026-07-10T18:30:00+00:00,1,,VIRTUALUSDT
2026-07-11T01:00:00+00:00,1,,VIRTUALUSDT
2026-07-11T05:15:00+00:00,1,,VIRTUALUSDT
2026-07-11T08:00:00+00:00,1,,HBARUSDT
2026-07-11T09:45:00+00:00,1,,1000BONKUSDT
2026-07-11T10:15:00+00:00,1,,VIRTUALUSDT
2026-07-11T14:30:00+00:00,1,,ARBUSDT
2026-07-11T15:30:00+00:00,1,,VIRTUALUSDT
2026-07-11T23:15:00+00:00,1,,PENGUUSDT
2026-07-12T00:00:00+00:00,4,,ETCUSDT|HBARUSDT|OPUSDT|TIAUSDT
2026-07-12T00:15:00+00:00,1,,EVAAUSDT
2026-07-12T03:45:00+00:00,1,,ARBUSDT
2026-07-12T04:45:00+00:00,1,,WLFIUSDT
2026-07-12T08:00:00+00:00,1,,ZROUSDT
2026-07-12T09:00:00+00:00,1,,USUSDT
2026-07-12T14:15:00+00:00,1,,DEXEUSDT
2026-07-12T16:45:00+00:00,1,,MAGMAUSDT
2026-07-12T22:00:00+00:00,4,,APTUSDT|BCHUSDT|PAXGUSDT|XAUTUSDT
2026-07-13T00:15:00+00:00,1,,SAMSUNGUSDT
2026-07-13T01:00:00+00:00,2,,DRAMUSDT|EVAAUSDT
2026-07-13T01:45:00+00:00,1,,EWYUSDT
2026-07-13T03:00:00+00:00,1,,DASHUSDT
2026-07-13T05:15:00+00:00,2,,KITEUSDT|SAMSUNGUSDT
2026-07-13T06:45:00+00:00,1,,OPUSDT
2026-07-13T07:45:00+00:00,1,,PUMPUSDT
2026-07-13T08:15:00+00:00,1,,MORPHOUSDT
2026-07-13T10:30:00+00:00,2,,KITEUSDT|TRXUSDT
2026-07-13T13:15:00+00:00,1,,NATGASUSDT
2026-07-13T13:30:00+00:00,11,,AAOIUSDT|AMDUSDT|CRCLUSDT|HOODUSDT|LITEUSDT|MRVLUSDT|ORCLUSDT|QQQUSDT|TSLAUSDT|TSMUSDT|WDCUSDT
2026-07-13T13:45:00+00:00,2,,BEUSDT|METAUSDT
2026-07-13T14:15:00+00:00,2,,PAXGUSDT|XAUTUSDT
2026-07-13T15:00:00+00:00,1,,CRVUSDT
2026-07-13T16:00:00+00:00,1,,KITEUSDT
2026-07-13T16:30:00+00:00,1,,1000BONKUSDT
2026-07-13T19:15:00+00:00,2,,ALLOUSDT|SPYUSDT
2026-07-13T21:30:00+00:00,1,,FILUSDT
2026-07-13T22:00:00+00:00,1,,TRXUSDT
2026-07-13T23:00:00+00:00,1,,SAMSUNGUSDT
2026-07-14T00:30:00+00:00,1,,DEXEUSDT
2026-07-14T01:15:00+00:00,1,,ALLOUSDT
2026-07-14T01:30:00+00:00,1,,BABAUSDT
2026-07-14T01:45:00+00:00,1,,ZBTUSDT
2026-07-14T02:15:00+00:00,1,,BCHUSDT
2026-07-14T03:00:00+00:00,1,,SAMSUNGUSDT
2026-07-14T04:30:00+00:00,1,,AKEUSDT
2026-07-14T04:45:00+00:00,1,,LABUSDT
2026-07-14T06:00:00+00:00,1,,ZBTUSDT
2026-07-14T07:00:00+00:00,1,,KITEUSDT
2026-07-14T09:45:00+00:00,1,,PUMPUSDT
2026-07-14T11:00:00+00:00,3,,MSFTUSDT|ORCLUSDT|PLTRUSDT
2026-07-14T11:45:00+00:00,1,,ZBTUSDT
2026-07-14T13:00:00+00:00,1,,CRVUSDT
2026-07-14T13:30:00+00:00,12,,AMDUSDT|ARMUSDT|CBRSUSDT|COINUSDT|CRCLUSDT|HOODUSDT|INTCUSDT|MRVLUSDT|NVDAUSDT|QQQUSDT|TSLAUSDT|TSMUSDT
2026-07-14T14:00:00+00:00,1,,METAUSDT
2026-07-14T15:45:00+00:00,1,,PUMPUSDT
2026-07-14T16:45:00+00:00,1,,EWYUSDT
2026-07-15T00:00:00+00:00,1,,SAMSUNGUSDT
2026-07-15T02:00:00+00:00,2,,BABAUSDT|TAOUSDT
2026-07-15T02:15:00+00:00,1,,PUMPUSDT
2026-07-15T03:45:00+00:00,1,,ZBTUSDT
2026-07-15T07:00:00+00:00,1,,USUSDT
2026-07-15T08:00:00+00:00,1,,AKEUSDT
2026-07-15T10:30:00+00:00,1,,KAITOUSDT
2026-07-15T12:30:00+00:00,1,,XLMUSDT
2026-07-15T13:30:00+00:00,7,,BEUSDT|COINUSDT|DELLUSDT|MSTRUSDT|ORCLUSDT|RKLBUSDT|SAMSUNGUSDT
2026-07-15T13:45:00+00:00,1,,DASHUSDT
2026-07-15T14:15:00+00:00,2,,BABAUSDT|EWYUSDT
2026-07-15T14:30:00+00:00,4,,AMDUSDT|CRVUSDT|QQQUSDT|TSMUSDT
2026-07-15T15:00:00+00:00,1,,AKEUSDT
2026-07-15T16:00:00+00:00,4,,1000PEPEUSDT|1000SHIBUSDT|NVDAUSDT|TSLAUSDT
2026-07-15T16:15:00+00:00,1,,TRXUSDT
2026-07-15T16:30:00+00:00,2,,LTCUSDT|WLFIUSDT
2026-07-15T21:30:00+00:00,1,,AKEUSDT
2026-07-15T23:15:00+00:00,1,,HOMEUSDT
2026-07-16T05:30:00+00:00,2,,SAMSUNGUSDT|TSMUSDT
2026-07-16T07:15:00+00:00,1,,1000BONKUSDT
2026-07-16T07:30:00+00:00,2,,1000PEPEUSDT|PENGUUSDT
2026-07-16T08:00:00+00:00,4,,APTUSDT|ETCUSDT|LINKUSDT|ONDOUSDT
2026-07-16T08:15:00+00:00,1,,USUSDT
2026-07-16T09:45:00+00:00,1,,AKEUSDT
2026-07-16T13:30:00+00:00,19,,AAOIUSDT|AMZNUSDT|BABAUSDT|BEUSDT|COINUSDT|DRAMUSDT|EWYUSDT|GOOGLUSDT|HOODUSDT|METAUSDT|MRVLUSDT|MSFTUSDT|MSTRUSDT|NVDAUSDT|ORCLUSDT|PLTRUSDT|QQQUSDT|RKLBUSDT|TSLAUSDT
2026-07-16T14:00:00+00:00,1,,AAPLUSDT
2026-07-16T14:30:00+00:00,1,,NATGASUSDT
2026-07-16T15:00:00+00:00,2,,ONDOUSDT|TSMUSDT
2026-07-16T15:15:00+00:00,1,,MORPHOUSDT
2026-07-16T18:00:00+00:00,2,,AKEUSDT|GOOGLUSDT
2026-07-16T18:15:00+00:00,1,,ESPORTSUSDT
2026-07-16T18:30:00+00:00,1,,1000BONKUSDT
2026-07-17T00:15:00+00:00,1,,AKEUSDT
2026-07-17T01:30:00+00:00,1,,SAMSUNGUSDT
2026-07-17T02:00:00+00:00,1,,TIAUSDT
2026-07-17T04:00:00+00:00,1,,HOMEUSDT
2026-07-17T05:45:00+00:00,2,,CRVUSDT|ONDOUSDT
2026-07-17T08:00:00+00:00,1,,HOMEUSDT
2026-07-17T08:15:00+00:00,1,,SUIUSDT
2026-07-17T08:30:00+00:00,1,,NEARUSDT
2026-07-17T11:30:00+00:00,1,,BCHUSDT
2026-07-17T13:00:00+00:00,7,,1000SHIBUSDT|BNBUSDT|ENAUSDT|KAITOUSDT|LINKUSDT|ONDOUSDT|PENGUUSDT
2026-07-17T13:15:00+00:00,1,,AAPLUSDT
2026-07-17T13:30:00+00:00,14,,AMDUSDT|BEUSDT|DELLUSDT|DRAMUSDT|EWYUSDT|GOOGLUSDT|HOODUSDT|INTCUSDT|NVDAUSDT|QQQUSDT|RKLBUSDT|SPYUSDT|TSLAUSDT|TSMUSDT
2026-07-17T17:00:00+00:00,1,,VVVUSDT
2026-07-17T22:30:00+00:00,1,,AKEUSDT
2026-07-18T03:15:00+00:00,1,,TRUMPUSDT
2026-07-18T04:00:00+00:00,1,,HOMEUSDT
2026-07-18T06:45:00+00:00,1,,KITEUSDT
2026-07-18T08:30:00+00:00,1,,FARTCOINUSDT
2026-07-18T09:00:00+00:00,1,,ONDOUSDT
2026-07-18T09:30:00+00:00,1,,AKEUSDT
2026-07-18T10:15:00+00:00,1,,TRUMPUSDT
2026-07-18T12:15:00+00:00,1,,WLDUSDT
2026-07-18T14:15:00+00:00,1,,ETHFIUSDT
2026-07-18T14:30:00+00:00,1,,1000BONKUSDT
2026-07-18T15:45:00+00:00,1,,LTCUSDT
2026-07-18T21:00:00+00:00,1,,ESPORTSUSDT
2026-07-19T02:00:00+00:00,1,,ESPORTSUSDT
2026-07-19T07:30:00+00:00,1,,ESPORTSUSDT
2026-07-19T13:15:00+00:00,2,,ESPORTSUSDT|KAITOUSDT
2026-07-19T16:15:00+00:00,1,,TLMUSDT
2026-07-19T17:00:00+00:00,1,,WLDUSDT
2026-07-19T21:30:00+00:00,2,,PUMPUSDT|TRUMPUSDT
2026-07-19T22:00:00+00:00,3,,NATGASUSDT|PAXGUSDT|XAUTUSDT
2026-07-19T22:45:00+00:00,1,,BABAUSDT
2026-07-20T02:15:00+00:00,1,,FETUSDT
2026-07-20T05:00:00+00:00,2,,CHZUSDT|OPUSDT
2026-07-20T06:30:00+00:00,2,,ETCUSDT|LTCUSDT
2026-07-20T10:30:00+00:00,1,,PUMPUSDT
2026-07-20T13:30:00+00:00,4,,AAPLUSDT|BEUSDT|HOODUSDT|RKLBUSDT
2026-07-20T13:45:00+00:00,4,,NBISUSDT|ORCLUSDT|QQQUSDT|SPYUSDT
2026-07-20T16:00:00+00:00,1,,PUMPUSDT
2026-07-20T16:15:00+00:00,1,,APTUSDT
2026-07-20T20:30:00+00:00,1,,PUMPUSDT
2026-07-21T01:30:00+00:00,1,,BABAUSDT
2026-07-21T02:15:00+00:00,1,,1000BONKUSDT
2026-07-21T08:15:00+00:00,1,,DEXEUSDT
2026-07-21T12:15:00+00:00,1,,DEXEUSDT
2026-07-21T13:00:00+00:00,1,,RIFUSDT
2026-07-21T13:15:00+00:00,1,,AAPLUSDT
2026-07-21T13:30:00+00:00,4,,GOOGLUSDT|METAUSDT|NVDAUSDT|QQQUSDT
2026-07-21T17:00:00+00:00,1,,DEXEUSDT
2026-07-21T19:45:00+00:00,2,,GOOGLUSDT|WLFIUSDT
2026-07-21T22:00:00+00:00,1,,ONDOUSDT
2026-07-21T22:30:00+00:00,1,,DEXEUSDT
2026-07-22T00:00:00+00:00,1,,RIFUSDT
2026-07-22T01:30:00+00:00,1,,BABAUSDT
2026-07-22T05:45:00+00:00,1,,DASHUSDT
2026-07-22T06:15:00+00:00,1,,INJUSDT
2026-07-22T07:00:00+00:00,1,,NEARUSDT
2026-07-22T10:45:00+00:00,1,,RIFUSDT
2026-07-22T12:00:00+00:00,1,,EPICUSDT
2026-07-22T12:30:00+00:00,1,,JUPUSDT
2026-07-22T13:30:00+00:00,6,,AAPLUSDT|AMZNUSDT|GOOGLUSDT|METAUSDT|MSFTUSDT|PLTRUSDT
2026-07-22T14:00:00+00:00,1,,CBRSUSDT
2026-07-22T14:15:00+00:00,3,,AAVEUSDT|MORPHOUSDT|PAXGUSDT
2026-07-22T16:00:00+00:00,1,,WLFIUSDT
2026-07-22T16:15:00+00:00,1,,RIFUSDT
2026-07-22T18:45:00+00:00,1,,JUPUSDT
2026-07-22T19:45:00+00:00,1,,GOOGLUSDT
2026-07-22T20:00:00+00:00,1,,TSLAUSDT
2026-07-22T22:00:00+00:00,2,,PAXGUSDT|XAUTUSDT
2026-07-22T23:00:00+00:00,1,,ARBUSDT
2026-07-23T00:00:00+00:00,1,,WLFIUSDT
2026-07-23T02:00:00+00:00,1,,ONDOUSDT
2026-07-23T03:00:00+00:00,3,,1000BONKUSDT|DEXEUSDT|FILUSDT
2026-07-23T06:30:00+00:00,1,,WLFIUSDT
2026-07-23T06:45:00+00:00,1,,KITEUSDT
2026-07-23T07:00:00+00:00,1,,APTUSDT
2026-07-23T08:15:00+00:00,1,,TRXUSDT
2026-07-23T11:00:00+00:00,1,,WLFIUSDT
2026-07-23T11:15:00+00:00,1,,DEXEUSDT
2026-07-23T12:15:00+00:00,1,,PENGUUSDT
2026-07-23T12:30:00+00:00,1,,1000SHIBUSDT
2026-07-23T13:00:00+00:00,3,,GOOGLUSDT|PAXGUSDT|XAUTUSDT
2026-07-23T13:15:00+00:00,1,,ENAUSDT
2026-07-23T13:30:00+00:00,3,,MSFTUSDT|PLTRUSDT|TSLAUSDT
2026-07-23T13:45:00+00:00,1,,EWYUSDT
2026-07-23T14:00:00+00:00,1,,LITEUSDT
2026-07-23T15:00:00+00:00,3,,ASTERUSDT|DASHUSDT|SUIUSDT
2026-07-23T15:15:00+00:00,1,,WLFIUSDT
2026-07-23T16:30:00+00:00,1,,DEXEUSDT
2026-07-23T16:45:00+00:00,1,,AMDUSDT
2026-07-23T17:15:00+00:00,1,,RIFUSDT
2026-07-23T17:45:00+00:00,1,,AVAXUSDT
2026-07-23T18:15:00+00:00,1,,AKEUSDT
2026-07-23T19:30:00+00:00,1,,TSLAUSDT
2026-07-23T20:30:00+00:00,1,,INTCUSDT
2026-07-23T21:30:00+00:00,1,,WLFIUSDT
2026-07-23T22:00:00+00:00,1,,RIFUSDT
2026-07-23T23:00:00+00:00,1,,DEXEUSDT
2026-07-24T02:15:00+00:00,1,,RIFUSDT
2026-07-24T02:30:00+00:00,1,,ETCUSDT
2026-07-24T05:00:00+00:00,1,,REUSDT
2026-07-24T09:00:00+00:00,1,,REUSDT
2026-07-24T09:45:00+00:00,1,,BEATUSDT
2026-07-24T10:00:00+00:00,1,,DEXEUSDT
2026-07-24T10:45:00+00:00,1,,CRVUSDT
2026-07-24T12:45:00+00:00,1,,RIFUSDT
2026-07-24T13:00:00+00:00,14,,ATOMUSDT|AVAXUSDT|BNBUSDT|DOTUSDT|ETCUSDT|FARTCOINUSDT|FILUSDT|LINKUSDT|NEARUSDT|ONDOUSDT|OPUSDT|SEIUSDT|SUIUSDT|TAOUSDT
2026-07-24T13:15:00+00:00,1,,INTCUSDT
2026-07-24T13:30:00+00:00,18,,AAOIUSDT|AMDUSDT|ARMUSDT|BEUSDT|CBRSUSDT|COINUSDT|EWYUSDT|HOODUSDT|LITEUSDT|METAUSDT|MRVLUSDT|MSFTUSDT|NBISUSDT|ORCLUSDT|PLTRUSDT|QQQUSDT|RKLBUSDT|TSLAUSDT
2026-07-24T13:45:00+00:00,1,,SAMSUNGUSDT
2026-07-24T14:00:00+00:00,2,,GOOGLUSDT|XAUTUSDT
2026-07-24T14:15:00+00:00,1,,XLMUSDT
2026-07-24T16:30:00+00:00,1,,DELLUSDT
2026-07-24T19:00:00+00:00,1,,AKEUSDT
2026-07-24T19:15:00+00:00,1,,DEXEUSDT
2026-07-24T21:00:00+00:00,1,,ETCUSDT
2026-07-24T21:45:00+00:00,1,,WLDUSDT
2026-07-24T23:15:00+00:00,1,,ALGOUSDT
2026-07-25T03:00:00+00:00,1,,TRXUSDT
2026-07-25T04:30:00+00:00,2,,DEXEUSDT|GWEIUSDT
2026-07-25T05:00:00+00:00,1,,ASTERUSDT
2026-07-25T06:30:00+00:00,1,,ALLOUSDT
2026-07-25T08:00:00+00:00,2,,EPICUSDT|MORPHOUSDT
2026-07-25T09:45:00+00:00,2,,AEROUSDT|DEXEUSDT
2026-07-25T13:15:00+00:00,1,,ALLOUSDT
2026-07-25T14:15:00+00:00,2,,AVAXUSDT|MORPHOUSDT
2026-07-25T14:45:00+00:00,1,,ESPORTSUSDT
2026-07-25T15:00:00+00:00,1,,DEXEUSDT
2026-07-25T16:15:00+00:00,2,,1000SHIBUSDT|INJUSDT
2026-07-25T20:45:00+00:00,1,,1000SHIBUSDT
2026-07-26T02:00:00+00:00,1,,WLDUSDT
2026-07-26T02:45:00+00:00,1,,1000SHIBUSDT
2026-07-26T05:45:00+00:00,1,,ESPORTSUSDT
2026-07-26T06:15:00+00:00,1,,INJUSDT
2026-07-26T07:30:00+00:00,1,,1000SHIBUSDT
2026-07-26T08:00:00+00:00,1,,ETCUSDT
2026-07-26T11:30:00+00:00,1,,1000SHIBUSDT
2026-07-26T11:45:00+00:00,1,,ESPORTSUSDT
2026-07-26T12:00:00+00:00,1,,EPICUSDT
2026-07-26T13:15:00+00:00,1,,1000PEPEUSDT
2026-07-26T14:15:00+00:00,1,,KAITOUSDT
2026-07-26T16:30:00+00:00,1,,APTUSDT
2026-07-26T17:00:00+00:00,1,,ETCUSDT
2026-07-26T21:00:00+00:00,1,,HBARUSDT
2026-07-26T22:00:00+00:00,1,,NATGASUSDT
2026-07-26T23:00:00+00:00,1,,PUMPUSDT
2026-07-27T00:00:00+00:00,2,,EWYUSDT|SAMSUNGUSDT
2026-07-27T01:30:00+00:00,1,,BABAUSDT
2026-07-27T05:45:00+00:00,1,,ICPUSDT
2026-07-27T06:30:00+00:00,1,,NATGASUSDT
2026-07-27T06:45:00+00:00,1,,AKEUSDT
2026-07-27T08:30:00+00:00,1,,BTWUSDT
2026-07-27T08:45:00+00:00,1,,ZROUSDT
2026-07-27T09:00:00+00:00,1,,1000PEPEUSDT
2026-07-27T12:30:00+00:00,1,,CHZUSDT
2026-07-27T13:30:00+00:00,11,,AMDUSDT|CBRSUSDT|DRAMUSDT|EWYUSDT|LITEUSDT|MRVLUSDT|NBISUSDT|NVDAUSDT|QQQUSDT|TSMUSDT|WDCUSDT
2026-07-27T13:45:00+00:00,2,,INTCUSDT|TAOUSDT
2026-07-27T14:00:00+00:00,2,,BTWUSDT|PUMPUSDT
2026-07-27T14:15:00+00:00,7,,ATOMUSDT|DOTUSDT|GOOGLUSDT|INJUSDT|OPUSDT|SUIUSDT|ZROUSDT
2026-07-27T14:30:00+00:00,24,,1000BONKUSDT|1000PEPEUSDT|AAVEUSDT|ADAUSDT|ALGOUSDT|APTUSDT|AVAXUSDT|BNBUSDT|DASHUSDT|ETCUSDT|FILUSDT|ICPUSDT|LINKUSDT|LTCUSDT|NEARUSDT|ONDOUSDT|PENGUUSDT|RENDERUSDT|SAMSUNGUSDT|SEIUSDT|SPYUSDT|TRUMPUSDT|TRXUSDT|XLMUSDT
2026-07-27T15:00:00+00:00,1,,FETUSDT
2026-07-27T15:30:00+00:00,1,,AEROUSDT
2026-07-27T16:15:00+00:00,1,,BEATUSDT
2026-07-27T22:00:00+00:00,1,,DOTUSDT
2026-07-27T22:15:00+00:00,1,,AKEUSDT
2026-07-27T22:30:00+00:00,4,,FETUSDT|OPUSDT|SEIUSDT|SUIUSDT
2026-07-27T22:45:00+00:00,11,,AAVEUSDT|ATOMUSDT|AVAXUSDT|DASHUSDT|ENAUSDT|ETCUSDT|FILUSDT|ICPUSDT|JUPUSDT|LINKUSDT|TAOUSDT
2026-07-27T23:00:00+00:00,3,,PENGUUSDT|TRXUSDT|ZROUSDT
2026-07-28T00:00:00+00:00,1,,XMRUSDT
2026-07-28T01:00:00+00:00,1,,AEROUSDT
2026-07-28T06:00:00+00:00,2,,BEATUSDT|TRUMPUSDT
2026-07-28T06:15:00+00:00,1,,CRVUSDT
2026-07-28T07:45:00+00:00,1,,AKEUSDT
2026-07-28T08:15:00+00:00,1,,PENDLEUSDT
2026-07-28T10:30:00+00:00,1,,PLTRUSDT
2026-07-28T11:00:00+00:00,1,,GLWUSDT
2026-07-28T11:15:00+00:00,1,,OPUSDT
2026-07-28T13:15:00+00:00,1,,FETUSDT
2026-07-28T13:30:00+00:00,25,,AAOIUSDT|AAPLUSDT|AMDUSDT|AMZNUSDT|APTUSDT|ASTERUSDT|BEUSDT|COINUSDT|DELLUSDT|DOTUSDT|DRAMUSDT|ETCUSDT|EWYUSDT|GOOGLUSDT|HOODUSDT|LINKUSDT|LITEUSDT|MRVLUSDT|NBISUSDT|NVDAUSDT|ORCLUSDT|QQQUSDT|RKLBUSDT|SPYUSDT|WDCUSDT
2026-07-28T13:45:00+00:00,3,,INTCUSDT|MSFTUSDT|NEARUSDT
2026-07-28T17:45:00+00:00,1,,PUMPUSDT
2026-07-28T22:45:00+00:00,3,,DRAMUSDT|EWYUSDT|SAMSUNGUSDT
2026-07-29T01:00:00+00:00,1,,FETUSDT
2026-07-29T03:45:00+00:00,1,,LTCUSDT
2026-07-29T04:00:00+00:00,3,,ASTERUSDT|EWYUSDT|SAMSUNGUSDT
2026-07-29T04:15:00+00:00,1,,DRAMUSDT
2026-07-29T05:45:00+00:00,1,,UBUSDT
2026-07-29T07:00:00+00:00,1,,BTWUSDT
2026-07-29T08:00:00+00:00,1,,BEUSDT
2026-07-29T09:30:00+00:00,1,,UNIUSDT
2026-07-29T11:00:00+00:00,1,,EIGENUSDT
2026-07-29T12:00:00+00:00,1,,UBUSDT
2026-07-29T13:30:00+00:00,7,,BEUSDT|LITEUSDT|METAUSDT|MSFTUSDT|NBISUSDT|TSLAUSDT|WDCUSDT
2026-07-29T13:45:00+00:00,4,,DRAMUSDT|NVDAUSDT|QQQUSDT|TQQQUSDT
2026-07-29T14:00:00+00:00,2,,APTUSDT|SPYUSDT
2026-07-29T16:30:00+00:00,1,,FILUSDT
2026-07-29T16:45:00+00:00,1,,BEATUSDT
2026-07-29T17:00:00+00:00,1,,ALGOUSDT
2026-07-29T18:15:00+00:00,1,,UBUSDT
2026-07-29T19:00:00+00:00,4,,MVLLUSDT|PAXGUSDT|TQQQUSDT|XAUTUSDT
2026-07-29T19:15:00+00:00,1,,EWYUSDT
2026-07-29T19:30:00+00:00,3,,MSFTUSDT|QQQUSDT|SPYUSDT
2026-07-29T19:45:00+00:00,3,,AAPLUSDT|NVDAUSDT|WIFUSDT
2026-07-29T20:00:00+00:00,2,,ARMUSDT|METAUSDT
2026-07-29T20:15:00+00:00,2,,HOODUSDT|ICPUSDT
2026-07-29T21:00:00+00:00,1,,AAVEUSDT
2026-07-29T21:30:00+00:00,1,,DASHUSDT
2026-07-30T00:00:00+00:00,1,,ASTERUSDT
2026-07-30T00:30:00+00:00,1,,SAMSUNGUSDT
2026-07-30T07:15:00+00:00,1,,EPICUSDT
2026-07-30T08:00:00+00:00,1,,OPUSDT
2026-07-30T10:30:00+00:00,1,,KAITOUSDT
2026-07-30T13:15:00+00:00,1,,AAPLUSDT
2026-07-30T13:30:00+00:00,4,,ARMUSDT|GOOGLUSDT|HOODUSDT|NVDAUSDT
2026-07-30T13:45:00+00:00,1,,CAPUSDT
2026-07-30T14:00:00+00:00,2,,NBISUSDT|PAXGUSDT
2026-07-30T14:30:00+00:00,1,,BEUSDT
2026-07-30T14:45:00+00:00,1,,MSFTUSDT
2026-07-30T17:00:00+00:00,1,,UNIUSDT
2026-07-30T19:45:00+00:00,2,,AMZNUSDT|MSFTUSDT
2026-07-30T20:00:00+00:00,1,,COINUSDT
2026-07-30T20:30:00+00:00,1,,AAPLUSDT
2026-07-30T23:00:00+00:00,1,,SAMSUNGUSDT
2026-07-30T23:45:00+00:00,1,,XMRUSDT
2026-07-31T02:45:00+00:00,1,,UNIUSDT
2026-07-31T03:00:00+00:00,1,,BABAUSDT
2026-07-31T03:15:00+00:00,1,,UBUSDT
2026-07-31T03:30:00+00:00,1,,ATOMUSDT
2026-07-31T05:30:00+00:00,1,,SAMSUNGUSDT
2026-07-31T06:30:00+00:00,2,,DRAMUSDT|EWYUSDT
2026-07-31T07:00:00+00:00,1,,UNIUSDT
2026-07-31T07:45:00+00:00,1,,CAPUSDT
2026-07-31T08:00:00+00:00,1,,AAPLUSDT
2026-07-31T09:15:00+00:00,1,,BCHUSDT
2026-07-31T09:45:00+00:00,1,,OPUSDT
2026-07-31T11:00:00+00:00,1,,INJUSDT
2026-07-31T13:15:00+00:00,1,,AAPLUSDT
2026-07-31T13:30:00+00:00,22,,AAOIUSDT|AMDUSDT|ARMUSDT|BEUSDT|CBRSUSDT|COINUSDT|CRCLUSDT|DRAMUSDT|EWYUSDT|INTCUSDT|LITEUSDT|MRVLUSDT|MSTRUSDT|MVLLUSDT|NBISUSDT|NVDAUSDT|PAXGUSDT|QQQUSDT|SAMSUNGUSDT|TQQQUSDT|TSMUSDT|WDCUSDT
2026-07-31T13:45:00+00:00,3,,BNBUSDT|LINKUSDT|RKLBUSDT
2026-07-31T14:00:00+00:00,2,,DOTUSDT|MSFTUSDT
2026-07-31T15:15:00+00:00,2,,AMZNUSDT|ORDIUSDT
2026-07-31T19:45:00+00:00,1,,SPYUSDT
2026-07-31T21:00:00+00:00,2,,AAVEUSDT|TRUMPUSDT
2026-07-31T23:45:00+00:00,1,,CAPUSDT
2026-08-01T00:45:00+00:00,1,,DASHUSDT
2026-08-01T01:30:00+00:00,1,,ORDIUSDT
2026-08-01T05:15:00+00:00,1,,UNIUSDT
2026-08-01T05:45:00+00:00,1,,PENGUUSDT
2026-08-01T07:15:00+00:00,1,,DASHUSDT
2026-08-01T08:30:00+00:00,1,,USUSDT
2026-08-01T10:00:00+00:00,1,,FILUSDT
2026-08-01T11:00:00+00:00,1,,BTWUSDT
2026-08-01T12:30:00+00:00,1,,ORDIUSDT
2026-08-01T14:15:00+00:00,1,,EPICUSDT
2026-08-01T17:30:00+00:00,1,,BEATUSDT
2026-08-01T17:45:00+00:00,1,,AKEUSDT
2026-08-01T18:15:00+00:00,2,,NATGASUSDT|SEIUSDT
2026-08-01T18:30:00+00:00,7,,AAVEUSDT|APTUSDT|AVAXUSDT|ETCUSDT|LINKUSDT|SUIUSDT|WIFUSDT
2026-08-01T20:00:00+00:00,1,,HEIUSDT
2026-08-01T20:30:00+00:00,1,,ICPUSDT
2026-08-02T01:30:00+00:00,1,,AKEUSDT
2026-08-02T03:15:00+00:00,1,,HOMEUSDT
2026-08-02T08:30:00+00:00,1,,UBUSDT
2026-08-02T08:45:00+00:00,1,,HOMEUSDT
2026-08-02T13:30:00+00:00,1,,ADAUSDT
2026-08-02T15:15:00+00:00,1,,HOMEUSDT
2026-08-02T20:00:00+00:00,2,,ALGOUSDT|HOMEUSDT
2026-08-03T00:00:00+00:00,2,,EWYUSDT|SAMSUNGUSDT
2026-08-03T01:15:00+00:00,1,,ADAUSDT
2026-08-03T03:30:00+00:00,1,,BEATUSDT
2026-08-03T11:15:00+00:00,1,,ALLOUSDT
2026-08-03T13:30:00+00:00,8,,AAPLUSDT|COINUSDT|CRCLUSDT|EWYUSDT|INTCUSDT|PLTRUSDT|SAMSUNGUSDT|WDCUSDT
2026-08-03T14:00:00+00:00,3,,ADAUSDT|MSFTUSDT|ORCLUSDT
2026-08-03T14:45:00+00:00,1,,UNIUSDT
2026-08-03T16:15:00+00:00,1,,ALGOUSDT
2026-08-03T19:30:00+00:00,1,,ATOMUSDT
2026-08-03T21:00:00+00:00,1,,PLTRUSDT
2026-08-04T00:00:00+00:00,1,,SAMSUNGUSDT
2026-08-04T00:45:00+00:00,1,,GRAMUSDT
2026-08-04T01:30:00+00:00,1,,BABAUSDT
2026-08-04T03:45:00+00:00,1,,UNIUSDT
2026-08-04T04:15:00+00:00,1,,ADAUSDT
2026-08-04T04:45:00+00:00,1,,HOMEUSDT
2026-08-04T10:15:00+00:00,1,,LDOUSDT
2026-08-04T10:30:00+00:00,1,,ETHFIUSDT
2026-08-04T11:00:00+00:00,1,,PLTRUSDT
2026-08-04T11:45:00+00:00,1,,HOMEUSDT
2026-08-04T12:00:00+00:00,2,,AAOIUSDT|BEATUSDT
2026-08-04T13:15:00+00:00,2,,HBARUSDT|LITEUSDT
2026-08-04T13:30:00+00:00,3,,GLWUSDT|TSLAUSDT|TSMUSDT
2026-08-04T13:45:00+00:00,4,,ARMUSDT|CBRSUSDT|CRCLUSDT|NBISUSDT
2026-08-04T14:00:00+00:00,1,,JUPUSDT
2026-08-04T14:15:00+00:00,1,,LDOUSDT
2026-08-04T14:30:00+00:00,1,,MORPHOUSDT
2026-08-04T15:00:00+00:00,1,,ETHFIUSDT
2026-08-04T15:15:00+00:00,1,,UBUSDT
2026-08-04T15:45:00+00:00,1,,TRXUSDT
2026-08-04T16:15:00+00:00,1,,HOMEUSDT
2026-08-04T19:00:00+00:00,1,,HEIUSDT
2026-08-04T19:15:00+00:00,1,,PLTRUSDT
2026-08-04T19:45:00+00:00,1,,SPYUSDT
2026-08-04T20:00:00+00:00,1,,RKLBUSDT
2026-08-04T20:15:00+00:00,5,,AAOIUSDT|AMDUSDT|ARMUSDT|DELLUSDT|MVLLUSDT
2026-08-04T20:30:00+00:00,1,,UBUSDT
2026-08-05T00:00:00+00:00,2,,ETHFIUSDT|TRXUSDT
2026-08-05T00:30:00+00:00,1,,XLMUSDT
2026-08-05T03:00:00+00:00,3,,BNBUSDT|ENAUSDT|HEIUSDT
2026-08-05T03:15:00+00:00,1,,NEARUSDT
2026-08-05T05:15:00+00:00,1,,UBUSDT
2026-08-05T07:00:00+00:00,1,,HEIUSDT
2026-08-05T07:30:00+00:00,1,,ETCUSDT
2026-08-05T11:00:00+00:00,1,,HEIUSDT
2026-08-05T11:15:00+00:00,2,,CRCLUSDT|UBUSDT
2026-08-05T13:30:00+00:00,5,,AMZNUSDT|AVAXUSDT|GOOGLUSDT|METAUSDT|MSFTUSDT
2026-08-05T13:45:00+00:00,1,,PLTRUSDT
2026-08-05T14:00:00+00:00,1,,AAOIUSDT
2026-08-05T15:15:00+00:00,1,,SPYUSDT
2026-08-05T16:15:00+00:00,1,,ESPORTSUSDT
2026-08-05T16:30:00+00:00,1,,UBUSDT
2026-08-05T19:00:00+00:00,1,,HEIUSDT
2026-08-05T19:45:00+00:00,1,,PENDLEUSDT
2026-08-05T20:00:00+00:00,1,,WDCUSDT
2026-08-06T01:30:00+00:00,1,,AAVEUSDT
2026-08-06T02:00:00+00:00,1,,XLMUSDT
2026-08-06T02:15:00+00:00,4,,ATOMUSDT|CAPUSDT|ENAUSDT|PUMPUSDT
2026-08-06T03:00:00+00:00,1,,XPLUSDT
2026-08-06T03:30:00+00:00,1,,ADAUSDT
2026-08-06T04:30:00+00:00,1,,HEIUSDT
2026-08-06T05:00:00+00:00,1,,TRXUSDT
2026-08-06T07:45:00+00:00,1,,BTWUSDT
2026-08-06T08:00:00+00:00,1,,CAPUSDT
2026-08-06T08:30:00+00:00,1,,JTOUSDT
2026-08-06T08:45:00+00:00,1,,HEIUSDT
2026-08-06T09:00:00+00:00,3,,ARBUSDT|FILUSDT|XLMUSDT
2026-08-06T09:15:00+00:00,3,,ETCUSDT|INJUSDT|PENGUUSDT
2026-08-06T09:30:00+00:00,1,,SUIUSDT
2026-08-06T09:45:00+00:00,1,,AVAXUSDT
2026-08-06T11:00:00+00:00,1,,ZBTUSDT
2026-08-06T11:45:00+00:00,1,,GOOGLUSDT
2026-08-06T13:00:00+00:00,1,,OPUSDT
2026-08-06T13:15:00+00:00,2,,EPICUSDT|WDCUSDT
2026-08-06T13:30:00+00:00,3,,DELLUSDT|HEIUSDT|PLTRUSDT
2026-08-06T14:30:00+00:00,1,,NATGASUSDT
2026-08-06T14:45:00+00:00,1,,ADAUSDT
2026-08-06T15:00:00+00:00,1,,ZBTUSDT
2026-08-06T15:45:00+00:00,1,,FETUSDT
2026-08-06T17:30:00+00:00,1,,CRVUSDT
2026-08-06T18:30:00+00:00,1,,FILUSDT
2026-08-06T18:45:00+00:00,1,,NBISUSDT
2026-08-06T19:00:00+00:00,1,,ZBTUSDT
2026-08-06T20:15:00+00:00,1,,AAOIUSDT
2026-08-07T00:15:00+00:00,1,,SAMSUNGUSDT
2026-08-07T01:15:00+00:00,1,,ZBTUSDT
2026-08-07T02:00:00+00:00,1,,LITUSDT
2026-08-07T03:15:00+00:00,1,,BSBUSDT
2026-08-07T03:30:00+00:00,1,,GRAMUSDT
2026-08-07T03:45:00+00:00,1,,FILUSDT
2026-08-07T06:45:00+00:00,1,,GWEIUSDT
2026-08-07T07:00:00+00:00,1,,1000BONKUSDT
2026-08-07T07:30:00+00:00,1,,BSBUSDT
2026-08-07T11:00:00+00:00,1,,GWEIUSDT
2026-08-07T12:15:00+00:00,2,,EPICUSDT|XAUTUSDT
2026-08-07T13:00:00+00:00,1,,1000BONKUSDT
2026-08-07T13:30:00+00:00,8,,AMDUSDT|ARMUSDT|BEUSDT|CBRSUSDT|DELLUSDT|DRAMUSDT|NBISUSDT|WDCUSDT
2026-08-07T13:45:00+00:00,7,,CRCLUSDT|INTCUSDT|LITEUSDT|MRVLUSDT|MVLLUSDT|RKLBUSDT|TQQQUSDT
2026-08-07T14:00:00+00:00,3,,AAOIUSDT|MSTRUSDT|QQQUSDT
2026-08-07T14:30:00+00:00,2,,ADAUSDT|PLTRUSDT
2026-08-07T17:00:00+00:00,2,,FILUSDT|GWEIUSDT
2026-08-07T17:45:00+00:00,1,,HBARUSDT
2026-08-07T23:30:00+00:00,1,,GWEIUSDT
2026-08-08T02:15:00+00:00,2,,PLTRUSDT|SLXUSDT
2026-08-08T02:45:00+00:00,1,,ALGOUSDT
2026-08-08T03:15:00+00:00,2,,BTWUSDT|EPICUSDT
2026-08-08T03:45:00+00:00,1,,BSBUSDT
2026-08-08T05:15:00+00:00,1,,GWEIUSDT
2026-08-08T11:00:00+00:00,1,,INJUSDT
2026-08-08T11:15:00+00:00,1,,BEATUSDT
2026-08-08T12:15:00+00:00,1,,SLXUSDT
2026-08-08T14:45:00+00:00,1,,BNBUSDT
2026-08-08T16:00:00+00:00,1,,KAITOUSDT
2026-08-08T18:15:00+00:00,1,,BTWUSDT
2026-08-08T20:00:00+00:00,1,,KAITOUSDT
2026-08-08T20:30:00+00:00,1,,BEATUSDT
2026-08-08T21:00:00+00:00,1,,ICPUSDT
2026-08-08T21:15:00+00:00,1,,XMRUSDT
2026-08-09T02:00:00+00:00,1,,CHZUSDT
2026-08-09T03:15:00+00:00,1,,BEATUSDT
2026-08-09T03:45:00+00:00,1,,APTUSDT
2026-08-09T06:00:00+00:00,1,,BTWUSDT
2026-08-09T07:00:00+00:00,1,,ICPUSDT
2026-08-09T15:00:00+00:00,1,,XMRUSDT
2026-08-09T15:30:00+00:00,1,,CRVUSDT
2026-08-09T16:00:00+00:00,1,,KAITOUSDT
2026-08-09T16:45:00+00:00,1,,USUSDT
2026-08-09T18:15:00+00:00,1,,PENGUUSDT
2026-08-09T18:30:00+00:00,1,,EPICUSDT
2026-08-09T19:45:00+00:00,1,,ALGOUSDT
2026-08-09T21:45:00+00:00,1,,SPYUSDT
2026-08-09T22:30:00+00:00,1,,BNBUSDT
2026-08-09T22:45:00+00:00,1,,LINKUSDT
2026-08-09T23:15:00+00:00,1,,ADAUSDT
2026-08-09T23:30:00+00:00,2,,AVAXUSDT|RENDERUSDT
2026-08-10T00:00:00+00:00,1,,BEATUSDT
2026-08-10T07:00:00+00:00,1,,CAPUSDT
2026-08-10T09:30:00+00:00,1,,BASEDUSDT
2026-08-10T10:00:00+00:00,1,,PUMPUSDT
2026-08-10T10:30:00+00:00,1,,AAPLUSDT
2026-08-10T11:30:00+00:00,1,,INTCUSDT
2026-08-10T12:45:00+00:00,1,,NATGASUSDT
2026-08-10T13:30:00+00:00,12,,ARMUSDT|BEUSDT|COINUSDT|CRCLUSDT|GOOGLUSDT|LITEUSDT|METAUSDT|MRVLUSDT|MSTRUSDT|MVLLUSDT|ORCLUSDT|TRXUSDT
2026-08-10T14:15:00+00:00,1,,AAOIUSDT
2026-08-10T14:45:00+00:00,2,,BEATUSDT|SPYUSDT
2026-08-10T15:00:00+00:00,1,,CAPUSDT
2026-08-10T15:30:00+00:00,1,,WLDUSDT
2026-08-10T16:00:00+00:00,1,,KAITOUSDT
2026-08-10T16:15:00+00:00,1,,ICPUSDT
2026-08-10T17:00:00+00:00,1,,HOMEUSDT
2026-08-10T18:45:00+00:00,1,,CRVUSDT
2026-08-10T20:00:00+00:00,1,,RKLBUSDT
2026-08-10T20:30:00+00:00,1,,BEATUSDT
2026-08-10T23:00:00+00:00,2,,RENDERUSDT|WIFUSDT
2026-08-11T00:30:00+00:00,1,,BEATUSDT
2026-08-11T01:00:00+00:00,1,,ICPUSDT
2026-08-11T01:45:00+00:00,1,,CRVUSDT
2026-08-11T02:15:00+00:00,1,,CAPUSDT
2026-08-11T06:15:00+00:00,1,,CRVUSDT
2026-08-11T07:30:00+00:00,1,,ICPUSDT
2026-08-11T08:00:00+00:00,1,,BEATUSDT
2026-08-11T10:15:00+00:00,1,,RENDERUSDT
2026-08-11T11:15:00+00:00,2,,CAPUSDT|VELVETUSDT
2026-08-11T12:15:00+00:00,2,,BNBUSDT|TRXUSDT
2026-08-11T12:30:00+00:00,1,,HBARUSDT
2026-08-11T13:00:00+00:00,2,,BEATUSDT|NATGASUSDT
2026-08-11T13:30:00+00:00,12,,AAOIUSDT|AAPLUSDT|AMZNUSDT|DELLUSDT|GOOGLUSDT|LITEUSDT|MRVLUSDT|MVLLUSDT|NVDAUSDT|ORCLUSDT|TQQQUSDT|TSLAUSDT
2026-08-11T14:15:00+00:00,3,,ADAUSDT|CRCLUSDT|UNIUSDT
2026-08-11T14:30:00+00:00,2,,CRVUSDT|NEARUSDT
2026-08-11T14:45:00+00:00,14,,1000BONKUSDT|1000PEPEUSDT|AAVEUSDT|ARBUSDT|ASTERUSDT|AVAXUSDT|FARTCOINUSDT|FILUSDT|JUPUSDT|LINKUSDT|PENDLEUSDT|PENGUUSDT|SUIUSDT|TIAUSDT
2026-08-11T15:00:00+00:00,1,,ICPUSDT
2026-08-11T15:15:00+00:00,2,,ALGOUSDT|VELVETUSDT
2026-08-11T15:30:00+00:00,5,,ETCUSDT|SEIUSDT|TAOUSDT|TRUMPUSDT|XPLUSDT
2026-08-11T16:00:00+00:00,1,,VIRTUALUSDT
2026-08-11T18:30:00+00:00,1,,GOOGLUSDT
2026-08-11T21:00:00+00:00,1,,CRVUSDT
2026-08-12T03:45:00+00:00,1,,CRVUSDT
2026-08-12T06:00:00+00:00,2,,BNBUSDT|CAPUSDT
2026-08-12T06:30:00+00:00,2,,BEATUSDT|UNIUSDT
2026-08-12T08:00:00+00:00,2,,CRVUSDT|KAITOUSDT
2026-08-12T08:45:00+00:00,2,,BTWUSDT|JUPUSDT
2026-08-12T10:00:00+00:00,1,,VIRTUALUSDT
2026-08-12T12:15:00+00:00,1,,BEATUSDT
2026-08-12T12:30:00+00:00,3,,BNBUSDT|LINKUSDT|SUIUSDT
2026-08-12T13:30:00+00:00,17,,AAOIUSDT|CBRSUSDT|CRCLUSDT|GLWUSDT|GOOGLUSDT|HOODUSDT|LITEUSDT|METAUSDT|MRVLUSDT|MSFTUSDT|MVLLUSDT|ORCLUSDT|PLTRUSDT|SNXXUSDT|TQQQUSDT|TSLAUSDT|TSMUSDT
2026-08-12T13:45:00+00:00,1,,BEUSDT
2026-08-12T14:15:00+00:00,2,,LITUSDT|LTCUSDT
2026-08-12T14:30:00+00:00,5,,1000PEPEUSDT|CHZUSDT|CRVUSDT|NEARUSDT|XLMUSDT
2026-08-12T16:00:00+00:00,1,,TRUMPUSDT
2026-08-12T16:15:00+00:00,1,,VIRTUALUSDT
2026-08-12T19:15:00+00:00,1,,LTCUSDT
2026-08-12T19:30:00+00:00,1,,ARBUSDT
2026-08-12T20:00:00+00:00,1,,CBRSUSDT
2026-08-12T21:15:00+00:00,4,,ETCUSDT|FILUSDT|LINKUSDT|TRUMPUSDT
2026-08-12T21:30:00+00:00,2,,OPUSDT|WIFUSDT
2026-08-12T21:45:00+00:00,2,,PENGUUSDT|SEIUSDT
2026-08-12T23:15:00+00:00,1,,1000PEPEUSDT
2026-08-13T00:30:00+00:00,1,,SAMSUNGUSDT
2026-08-13T00:45:00+00:00,1,,CRVUSDT
2026-08-13T09:15:00+00:00,1,,VIRTUALUSDT
2026-08-13T11:30:00+00:00,2,,ATOMUSDT|CRVUSDT
2026-08-13T13:30:00+00:00,2,,AAPLUSDT|DELLUSDT
2026-08-13T13:45:00+00:00,1,,CBRSUSDT
2026-08-13T14:00:00+00:00,2,,ETHFIUSDT|NBISUSDT
2026-08-13T14:30:00+00:00,1,,SPYUSDT
2026-08-13T14:45:00+00:00,1,,TQQQUSDT
2026-08-13T15:30:00+00:00,2,,BCHUSDT|SNXXUSDT
2026-08-13T15:45:00+00:00,1,,LINKUSDT
2026-08-13T16:00:00+00:00,2,,VIRTUALUSDT|ZROUSDT
2026-08-13T16:30:00+00:00,2,,LITUSDT|TRUMPUSDT
2026-08-13T17:30:00+00:00,1,,HBARUSDT
2026-08-13T19:30:00+00:00,1,,ETHFIUSDT
2026-08-13T20:00:00+00:00,1,,AKEUSDT
2026-08-14T00:00:00+00:00,1,,LABUSDT
2026-08-14T00:30:00+00:00,1,,ETHFIUSDT
2026-08-14T06:00:00+00:00,1,,VELVETUSDT
2026-08-14T07:30:00+00:00,1,,APTUSDT
2026-08-14T09:30:00+00:00,3,,ETHFIUSDT|JTOUSDT|PUMPUSDT
2026-08-14T10:00:00+00:00,1,,BTWUSDT
2026-08-14T11:00:00+00:00,2,,ATOMUSDT|UNIUSDT
2026-08-14T12:45:00+00:00,1,,LDOUSDT
2026-08-14T13:15:00+00:00,1,,VELVETUSDT
2026-08-14T13:30:00+00:00,5,,COINUSDT|CRCLUSDT|MSTRUSDT|NVDAUSDT|SNXXUSDT
2026-08-14T14:00:00+00:00,2,,FARTCOINUSDT|RENDERUSDT
2026-08-14T14:15:00+00:00,3,,BCHUSDT|LTCUSDT|WDCUSDT
2026-08-14T14:30:00+00:00,1,,CAPUSDT
2026-08-14T14:45:00+00:00,3,,INJUSDT|TAOUSDT|TSLAUSDT
2026-08-14T17:00:00+00:00,1,,PENDLEUSDT
2026-08-14T18:15:00+00:00,1,,AKEUSDT
2026-08-14T18:45:00+00:00,2,,CAPUSDT|INJUSDT
2026-08-14T20:00:00+00:00,1,,ETHFIUSDT
2026-08-14T20:15:00+00:00,1,,WLFIUSDT
2026-08-14T22:00:00+00:00,1,,XLMUSDT
2026-08-15T03:00:00+00:00,1,,LINKUSDT
2026-08-15T06:00:00+00:00,1,,VELVETUSDT
2026-08-15T08:30:00+00:00,1,,XMRUSDT
2026-08-15T10:15:00+00:00,1,,ETHFIUSDT
2026-08-15T14:15:00+00:00,1,,INJUSDT
2026-08-15T15:15:00+00:00,1,,VELVETUSDT
2026-08-15T16:15:00+00:00,1,,AVAXUSDT
2026-08-15T17:15:00+00:00,1,,XMRUSDT
2026-08-15T18:00:00+00:00,1,,FETUSDT
2026-08-15T22:30:00+00:00,1,,AVAXUSDT
2026-08-15T23:00:00+00:00,1,,FILUSDT
2026-08-16T00:45:00+00:00,1,,FETUSDT
2026-08-16T01:45:00+00:00,1,,LABUSDT
2026-08-16T02:00:00+00:00,2,,APTUSDT|SLXUSDT
2026-08-16T02:15:00+00:00,1,,BASEDUSDT
2026-08-16T06:15:00+00:00,1,,INJUSDT
2026-08-16T06:30:00+00:00,1,,APTUSDT
2026-08-16T07:00:00+00:00,1,,XPLUSDT
2026-08-16T08:00:00+00:00,1,,BASEDUSDT
2026-08-16T10:00:00+00:00,1,,VELVETUSDT
2026-08-16T11:15:00+00:00,1,,FARTCOINUSDT
2026-08-16T12:30:00+00:00,1,,XPLUSDT
2026-08-16T14:45:00+00:00,1,,WLFIUSDT
2026-08-16T15:30:00+00:00,1,,BASEDUSDT
2026-08-16T17:30:00+00:00,1,,PENDLEUSDT
2026-08-16T18:45:00+00:00,1,,BSBUSDT
2026-08-16T21:00:00+00:00,2,,APTUSDT|PENGUUSDT
2026-08-16T21:15:00+00:00,1,,XPLUSDT
2026-08-16T21:30:00+00:00,4,,ETCUSDT|FILUSDT|OPUSDT|SEIUSDT
2026-08-16T22:00:00+00:00,1,,NATGASUSDT
2026-08-17T01:45:00+00:00,1,,BTWUSDT
2026-08-17T02:15:00+00:00,1,,FILUSDT
2026-08-17T02:30:00+00:00,1,,BSBUSDT
2026-08-17T08:00:00+00:00,1,,INJUSDT
2026-08-17T08:15:00+00:00,1,,LTCUSDT
2026-08-17T08:45:00+00:00,1,,PUMPUSDT
2026-08-17T09:00:00+00:00,1,,BSBUSDT
2026-08-17T09:15:00+00:00,1,,CRVUSDT
2026-08-17T13:15:00+00:00,1,,HBARUSDT
2026-08-17T13:30:00+00:00,13,,AAOIUSDT|AAPLUSDT|AMZNUSDT|ARMUSDT|BABAUSDT|BEUSDT|DELLUSDT|GOOGLUSDT|INTCUSDT|MSFTUSDT|NBISUSDT|ORCLUSDT|PLTRUSDT
2026-08-17T15:45:00+00:00,1,,TRXUSDT
2026-08-18T01:45:00+00:00,4,,CHZUSDT|DOTUSDT|FILUSDT|TAOUSDT
2026-08-18T02:15:00+00:00,1,,WLDUSDT
2026-08-18T02:30:00+00:00,1,,XPLUSDT
2026-08-18T02:45:00+00:00,8,,APTUSDT|FARTCOINUSDT|INJUSDT|OPUSDT|SEIUSDT|SUIUSDT|TIAUSDT|XLMUSDT
2026-08-18T09:15:00+00:00,1,,ICPUSDT
2026-08-18T09:30:00+00:00,1,,XPLUSDT
2026-08-18T13:30:00+00:00,7,,AAPLUSDT|ARMUSDT|BEUSDT|CBRSUSDT|INTCUSDT|METAUSDT|NBISUSDT
2026-08-18T13:45:00+00:00,2,,DELLUSDT|SNXXUSDT
2026-08-18T14:15:00+00:00,1,,VVVUSDT
2026-08-18T15:30:00+00:00,1,,BSBUSDT
2026-08-18T15:45:00+00:00,1,,TRXUSDT
2026-08-18T17:15:00+00:00,1,,NEARUSDT
2026-08-18T20:00:00+00:00,1,,VVVUSDT
2026-08-18T21:30:00+00:00,1,,ONDOUSDT
2026-08-18T22:45:00+00:00,1,,EIGENUSDT
2026-08-18T23:15:00+00:00,1,,WLDUSDT
2026-08-19T00:00:00+00:00,1,,EWYUSDT
2026-08-19T00:15:00+00:00,1,,TRXUSDT
2026-08-19T01:30:00+00:00,1,,BABAUSDT
2026-08-19T01:45:00+00:00,1,,MORPHOUSDT
2026-08-19T04:15:00+00:00,1,,BTWUSDT
2026-08-19T07:00:00+00:00,1,,TACUSDT
2026-08-19T09:15:00+00:00,1,,HBARUSDT
2026-08-19T10:00:00+00:00,1,,BTWUSDT
2026-08-19T11:30:00+00:00,1,,NBISUSDT
2026-08-19T11:45:00+00:00,1,,ZROUSDT
2026-08-19T13:15:00+00:00,2,,MRVLUSDT|MVLLUSDT
2026-08-19T13:30:00+00:00,16,,AAOIUSDT|AMDUSDT|BEUSDT|CBRSUSDT|DELLUSDT|DRAMUSDT|GOOGLUSDT|INTCUSDT|LITEUSDT|NVDAUSDT|ORCLUSDT|QQQUSDT|RKLBUSDT|SNXXUSDT|TQQQUSDT|TSMUSDT
2026-08-19T13:45:00+00:00,1,,NATGASUSDT
2026-08-19T14:00:00+00:00,1,,CRCLUSDT
2026-08-19T14:15:00+00:00,1,,AAPLUSDT
2026-08-19T15:15:00+00:00,1,,SPYUSDT
2026-08-19T15:30:00+00:00,21,,1000PEPEUSDT|AAVEUSDT|ALGOUSDT|AVAXUSDT|BCHUSDT|BTWUSDT|CHZUSDT|DASHUSDT|DOTUSDT|EIGENUSDT|ENAUSDT|ETCUSDT|ETHFIUSDT|FILUSDT|LINKUSDT|ONDOUSDT|PENGUUSDT|RENDERUSDT|SUIUSDT|TAOUSDT|XLMUSDT
2026-08-19T15:45:00+00:00,6,,APTUSDT|ASTERUSDT|BNBUSDT|FARTCOINUSDT|LTCUSDT|WLDUSDT
2026-08-19T17:00:00+00:00,1,,MSTRUSDT
2026-08-19T17:15:00+00:00,1,,PUMPUSDT
2026-08-19T18:00:00+00:00,1,,TRXUSDT
2026-08-19T19:00:00+00:00,2,,COINUSDT|MAGMAUSDT
2026-08-19T19:30:00+00:00,1,,BTWUSDT
2026-08-19T19:45:00+00:00,1,,LITUSDT
2026-08-19T20:15:00+00:00,2,,ASTERUSDT|TRUMPUSDT
2026-08-19T21:30:00+00:00,1,,LINKUSDT
2026-08-19T22:00:00+00:00,12,,1000PEPEUSDT|ARBUSDT|BCHUSDT|BNBUSDT|DOTUSDT|FARTCOINUSDT|NEARUSDT|PENDLEUSDT|SUIUSDT|TAOUSDT|TIAUSDT|WIFUSDT
2026-08-20T00:30:00+00:00,2,,MAGMAUSDT|TRUMPUSDT
2026-08-20T02:45:00+00:00,1,,FARTCOINUSDT
2026-08-20T03:00:00+00:00,1,,BCHUSDT
2026-08-20T03:15:00+00:00,1,,XLMUSDT
2026-08-20T04:30:00+00:00,2,,MAGMAUSDT|TRUMPUSDT
2026-08-20T05:30:00+00:00,1,,PENDLEUSDT
2026-08-20T05:45:00+00:00,1,,ASTERUSDT
2026-08-20T07:00:00+00:00,1,,BTWUSDT
2026-08-20T07:30:00+00:00,1,,LITUSDT
2026-08-20T08:00:00+00:00,1,,EDGEUSDT
2026-08-20T08:15:00+00:00,1,,BNBUSDT
2026-08-20T09:00:00+00:00,2,,APTUSDT|ETHFIUSDT
2026-08-20T09:15:00+00:00,1,,1000PEPEUSDT
2026-08-20T09:30:00+00:00,1,,BABAUSDT
2026-08-20T09:45:00+00:00,2,,MAGMAUSDT|PENDLEUSDT
2026-08-20T10:00:00+00:00,2,,ARBUSDT|ASTERUSDT
2026-08-20T10:30:00+00:00,1,,SUIUSDT
2026-08-20T11:00:00+00:00,2,,JTOUSDT|ORDIUSDT
2026-08-20T11:30:00+00:00,1,,ENAUSDT
2026-08-20T11:45:00+00:00,3,,DASHUSDT|LITUSDT|TRUMPUSDT
2026-08-20T12:00:00+00:00,7,,AVAXUSDT|EDGEUSDT|HBARUSDT|LDOUSDT|TRXUSDT|VIRTUALUSDT|XLMUSDT
2026-08-20T12:30:00+00:00,3,,DOTUSDT|INJUSDT|WIFUSDT
2026-08-20T12:45:00+00:00,2,,AEROUSDT|PENGUUSDT
2026-08-20T13:30:00+00:00,10,,BNBUSDT|COINUSDT|CRCLUSDT|HOODUSDT|MSTRUSDT|NBISUSDT|PLTRUSDT|RKLBUSDT|TAOUSDT|TSLAUSDT
2026-08-20T13:45:00+00:00,3,,MVLLUSDT|SNXXUSDT|TQQQUSDT
2026-08-20T14:30:00+00:00,1,,NATGASUSDT
2026-08-20T15:00:00+00:00,1,,ARXUSDT
2026-08-20T15:15:00+00:00,3,,1000PEPEUSDT|MORPHOUSDT|PUMPUSDT
2026-08-20T15:30:00+00:00,4,,BCHUSDT|CRVUSDT|ICPUSDT|PAXGUSDT
2026-08-20T15:45:00+00:00,2,,MAGMAUSDT|ZROUSDT
2026-08-20T16:00:00+00:00,3,,ASTERUSDT|ENAUSDT|ORDIUSDT
2026-08-20T17:00:00+00:00,1,,HBARUSDT
2026-08-20T17:15:00+00:00,2,,LITUSDT|RENDERUSDT
2026-08-20T17:45:00+00:00,2,,FETUSDT|XLMUSDT
2026-08-20T18:00:00+00:00,10,,ADAUSDT|DASHUSDT|FARTCOINUSDT|FILUSDT|JTOUSDT|PENGUUSDT|SUIUSDT|TAOUSDT|TRUMPUSDT|WIFUSDT
2026-08-20T18:15:00+00:00,1,,AVAXUSDT
2026-08-20T20:15:00+00:00,1,,ENAUSDT
2026-08-20T20:45:00+00:00,1,,ORDIUSDT
2026-08-20T21:00:00+00:00,1,,CRVUSDT
2026-08-20T23:30:00+00:00,3,,SUIUSDT|TRXUSDT|WIFUSDT
2026-08-21T01:15:00+00:00,1,,AAVEUSDT
2026-08-21T01:30:00+00:00,1,,BABAUSDT
2026-08-21T02:45:00+00:00,2,,FILUSDT|JUPUSDT
2026-08-21T03:00:00+00:00,2,,ENAUSDT|PENGUUSDT
2026-08-21T04:00:00+00:00,1,,CRVUSDT
2026-08-21T05:15:00+00:00,1,,BCHUSDT
2026-08-21T06:15:00+00:00,2,,GRAMUSDT|REUSDT
2026-08-21T06:30:00+00:00,1,,1000PEPEUSDT
2026-08-21T07:45:00+00:00,1,,ENAUSDT
2026-08-21T08:00:00+00:00,4,,1000BONKUSDT|FARTCOINUSDT|SAMSUNGUSDT|WIFUSDT
2026-08-21T08:30:00+00:00,1,,XPLUSDT
2026-08-21T08:45:00+00:00,1,,ASTERUSDT
2026-08-21T09:00:00+00:00,50,,AAVEUSDT|ADAUSDT|AEROUSDT|ALGOUSDT|APTUSDT|ARBUSDT|ATOMUSDT|AVAXUSDT|BNBUSDT|CHZUSDT|CRCLUSDT|CRVUSDT|DASHUSDT|DOTUSDT|EIGENUSDT|ETCUSDT|ETHFIUSDT|FETUSDT|FILUSDT|HBARUSDT|ICPUSDT|INJUSDT|JTOUSDT|JUPUSDT|LDOUSDT|LINKUSDT|LITUSDT|LTCUSDT|MORPHOUSDT|MSTRUSDT|NEARUSDT|NVDAUSDT|ONDOUSDT|OPUSDT|ORDIUSDT|PENDLEUSDT|PENGUUSDT|PUMPUSDT|RENDERUSDT|SEIUSDT|SUIUSDT|TAOUSDT|TIAUSDT|TRUMPUSDT|UNIUSDT|VIRTUALUSDT|VVVUSDT|WLDUSDT|XLMUSDT|ZROUSDT
2026-08-21T10:15:00+00:00,1,,WLFIUSDT
2026-08-21T10:30:00+00:00,1,,1000PEPEUSDT
2026-08-21T11:30:00+00:00,1,,BCHUSDT
2026-08-21T12:45:00+00:00,2,,ENAUSDT|FARTCOINUSDT
2026-08-21T13:00:00+00:00,1,,TRUMPUSDT
2026-08-21T13:15:00+00:00,2,,WIFUSDT|XPLUSDT
2026-08-21T13:30:00+00:00,12,,AAPLUSDT|AMZNUSDT|BABAUSDT|CBRSUSDT|INTCUSDT|MRVLUSDT|MVLLUSDT|NVDAUSDT|SNXXUSDT|TQQQUSDT|TSLAUSDT|TSMUSDT
2026-08-21T13:45:00+00:00,1,,MORPHOUSDT
2026-08-21T14:00:00+00:00,4,,ASTERUSDT|COINUSDT|HOODUSDT|LITUSDT
2026-08-21T15:00:00+00:00,1,,MAGMAUSDT
2026-08-21T15:15:00+00:00,1,,1000PEPEUSDT
2026-08-21T15:30:00+00:00,3,,BASEDUSDT|PENGUUSDT|USUSDT
2026-08-21T16:00:00+00:00,3,,LTCUSDT|TAOUSDT|ZROUSDT
2026-08-21T16:45:00+00:00,4,,1000BONKUSDT|BEATUSDT|ENAUSDT|ONDOUSDT
2026-08-21T17:15:00+00:00,5,,BCHUSDT|FARTCOINUSDT|GRAMUSDT|HBARUSDT|WIFUSDT
2026-08-21T18:00:00+00:00,1,,FETUSDT
2026-08-21T18:30:00+00:00,4,,ASTERUSDT|AVAXUSDT|ETHFIUSDT|PENDLEUSDT
2026-08-21T18:45:00+00:00,4,,APTUSDT|RENDERUSDT|SUIUSDT|XPLUSDT
2026-08-21T19:00:00+00:00,2,,ARBUSDT|VVVUSDT
2026-08-21T19:15:00+00:00,1,,MORPHOUSDT
2026-08-21T19:30:00+00:00,1,,1000PEPEUSDT
2026-08-21T19:45:00+00:00,1,,LITUSDT
2026-08-21T20:00:00+00:00,1,,CRVUSDT
2026-08-21T22:00:00+00:00,3,,AAVEUSDT|DASHUSDT|LDOUSDT
2026-08-21T22:15:00+00:00,2,,BCHUSDT|LINKUSDT
2026-08-21T22:30:00+00:00,2,,1000BONKUSDT|ETHFIUSDT
2026-08-21T23:00:00+00:00,2,,APTUSDT|LTCUSDT
2026-08-21T23:30:00+00:00,1,,WIFUSDT
2026-08-22T00:00:00+00:00,3,,HBARUSDT|MAGMAUSDT|XLMUSDT
2026-08-22T00:15:00+00:00,1,,CRVUSDT
2026-08-22T01:45:00+00:00,1,,ETCUSDT
2026-08-22T02:15:00+00:00,1,,AAVEUSDT
2026-08-22T02:30:00+00:00,2,,1000PEPEUSDT|DASHUSDT
2026-08-22T03:00:00+00:00,4,,BCHUSDT|OUSDT|SEIUSDT|WLFIUSDT
2026-08-22T03:15:00+00:00,2,,ASTERUSDT|XMRUSDT
2026-08-22T03:30:00+00:00,5,,EDGEUSDT|ENAUSDT|LTCUSDT|NEARUSDT|TAOUSDT
2026-08-22T03:45:00+00:00,4,,FILUSDT|ICPUSDT|PENGUUSDT|WIFUSDT
2026-08-22T04:00:00+00:00,1,,TRUMPUSDT
2026-08-22T04:15:00+00:00,2,,CRVUSDT|SUIUSDT
2026-08-22T04:45:00+00:00,4,,ADAUSDT|DOTUSDT|FARTCOINUSDT|ORDIUSDT
2026-08-22T05:00:00+00:00,47,,1000BONKUSDT|1000SHIBUSDT|AEROUSDT|ALGOUSDT|APTUSDT|ARBUSDT|ARXUSDT|ATOMUSDT|AVAXUSDT|BASEDUSDT|BEATUSDT|BNBUSDT|BSBUSDT|CHZUSDT|COINUSDT|EIGENUSDT|ETHFIUSDT|EVAAUSDT|FETUSDT|GRAMUSDT|HBARUSDT|INJUSDT|JTOUSDT|JUPUSDT|KAITOUSDT|KITEUSDT|LABUSDT|LDOUSDT|LINKUSDT|LITUSDT|MORPHOUSDT|ONDOUSDT|OPUSDT|PENDLEUSDT|PUMPUSDT|RENDERUSDT|SLXUSDT|TACUSDT|TIAUSDT|TRXUSDT|UNIUSDT|VIRTUALUSDT|VVVUSDT|WLDUSDT|XLMUSDT|XPLUSDT|ZROUSDT
2026-08-22T07:00:00+00:00,1,,WLFIUSDT
2026-08-22T07:30:00+00:00,1,,DASHUSDT
2026-08-22T08:15:00+00:00,3,,PENGUUSDT|SUIUSDT|TRUMPUSDT
2026-08-22T09:45:00+00:00,1,,PUMPUSDT
2026-08-22T10:00:00+00:00,22,,1000PEPEUSDT|AAVEUSDT|ADAUSDT|APTUSDT|ARBUSDT|BASEDUSDT|BNBUSDT|CRVUSDT|ENAUSDT|ETCUSDT|FARTCOINUSDT|FETUSDT|HBARUSDT|NEARUSDT|ONDOUSDT|SEIUSDT|TAOUSDT|TIAUSDT|VIRTUALUSDT|WLDUSDT|XLMUSDT|XMRUSDT
2026-08-22T10:15:00+00:00,1,,ZROUSDT
2026-08-22T12:15:00+00:00,1,,TRUMPUSDT
2026-08-22T12:30:00+00:00,1,,MAGMAUSDT
2026-08-22T13:15:00+00:00,1,,DASHUSDT
2026-08-22T14:00:00+00:00,3,,PUMPUSDT|TAOUSDT|VVVUSDT
2026-08-22T14:15:00+00:00,1,,XMRUSDT
2026-08-22T15:00:00+00:00,1,,XLMUSDT
2026-08-22T16:45:00+00:00,1,,1000PEPEUSDT
2026-08-22T18:00:00+00:00,1,,FARTCOINUSDT
2026-08-22T18:45:00+00:00,1,,TRUMPUSDT
2026-08-22T19:15:00+00:00,2,,DASHUSDT|ZROUSDT
2026-08-22T19:45:00+00:00,1,,TACUSDT
2026-08-22T21:00:00+00:00,3,,JTOUSDT|PUMPUSDT|VVVUSDT
2026-08-22T21:30:00+00:00,2,,AAVEUSDT|APTUSDT
2026-08-22T23:45:00+00:00,2,,NEARUSDT|TACUSDT
2026-08-23T00:00:00+00:00,1,,ZROUSDT
2026-08-23T01:30:00+00:00,1,,ARXUSDT
2026-08-23T02:00:00+00:00,4,,APTUSDT|CHZUSDT|FARTCOINUSDT|WLFIUSDT
2026-08-23T03:15:00+00:00,1,,PUMPUSDT
2026-08-23T03:30:00+00:00,1,,1000BONKUSDT
2026-08-23T04:30:00+00:00,1,,ZROUSDT
2026-08-23T04:45:00+00:00,2,,VIRTUALUSDT|XLMUSDT
2026-08-23T06:00:00+00:00,1,,COINUSDT
2026-08-23T07:15:00+00:00,1,,PUMPUSDT
2026-08-23T07:30:00+00:00,1,,KITEUSDT
2026-08-23T08:15:00+00:00,1,,TACUSDT
2026-08-23T09:15:00+00:00,1,,ZROUSDT
2026-08-23T12:45:00+00:00,1,,XPLUSDT
2026-08-23T13:30:00+00:00,2,,ETHFIUSDT|ZROUSDT
2026-08-23T13:45:00+00:00,1,,TACUSDT
2026-08-23T14:00:00+00:00,1,,AAVEUSDT
2026-08-23T14:15:00+00:00,2,,LDOUSDT|PENDLEUSDT
2026-08-23T14:30:00+00:00,28,,1000BONKUSDT|ADAUSDT|APTUSDT|ARBUSDT|CHZUSDT|DASHUSDT|EIGENUSDT|FETUSDT|HBARUSDT|ICPUSDT|INJUSDT|JTOUSDT|LINKUSDT|LTCUSDT|MORPHOUSDT|NEARUSDT|ONDOUSDT|PENGUUSDT|RENDERUSDT|SUIUSDT|TAOUSDT|TIAUSDT|TRUMPUSDT|UNIUSDT|VIRTUALUSDT|WLDUSDT|WLFIUSDT|XLMUSDT
2026-08-23T18:30:00+00:00,1,,PENDLEUSDT
2026-08-23T19:30:00+00:00,2,,PENGUUSDT|ZROUSDT
2026-08-23T21:15:00+00:00,1,,TACUSDT
2026-08-23T21:30:00+00:00,1,,MORPHOUSDT
2026-08-23T23:30:00+00:00,1,,TAOUSDT
2026-08-24T00:00:00+00:00,3,,ARXUSDT|SAMSUNGUSDT|XPLUSDT
2026-08-24T01:00:00+00:00,1,,PUMPUSDT
2026-08-24T01:30:00+00:00,3,,APTUSDT|BABAUSDT|MORPHOUSDT
2026-08-24T01:45:00+00:00,1,,NEARUSDT
2026-08-24T02:00:00+00:00,1,,LITUSDT
2026-08-24T03:15:00+00:00,1,,ETHFIUSDT
2026-08-24T06:30:00+00:00,1,,LITUSDT
2026-08-24T07:30:00+00:00,1,,AAVEUSDT
2026-08-24T08:15:00+00:00,3,,AEROUSDT|NEARUSDT|PENGUUSDT
2026-08-24T09:15:00+00:00,1,,WLFIUSDT
2026-08-24T09:30:00+00:00,1,,LTCUSDT
2026-08-24T10:30:00+00:00,1,,VELVETUSDT
2026-08-24T10:45:00+00:00,1,,VIRTUALUSDT
2026-08-24T11:45:00+00:00,1,,JTOUSDT
2026-08-24T13:00:00+00:00,1,,AEROUSDT
2026-08-24T13:30:00+00:00,37,,AAOIUSDT|APTUSDT|ARXUSDT|BEUSDT|COINUSDT|CRCLUSDT|DRAMUSDT|ETHFIUSDT|FARTCOINUSDT|HOODUSDT|INTCUSDT|LDOUSDT|LITEUSDT|LTCUSDT|METAUSDT|MRVLUSDT|MVLLUSDT|NBISUSDT|NEARUSDT|NVDAUSDT|ONDOUSDT|ORCLUSDT|PLTRUSDT|QQQUSDT|RKLBUSDT|SAMSUNGUSDT|SNXXUSDT|SUIUSDT|TAOUSDT|TIAUSDT|TQQQUSDT|TSLAUSDT|TSMUSDT|UNIUSDT|WDCUSDT|XLMUSDT|XPLUSDT
2026-08-24T15:30:00+00:00,3,,ICPUSDT|MORPHOUSDT|RENDERUSDT
2026-08-24T16:45:00+00:00,1,,LITUSDT
2026-08-24T17:00:00+00:00,1,,PUMPUSDT
2026-08-24T17:15:00+00:00,5,,BCHUSDT|INJUSDT|JUPUSDT|PENDLEUSDT|VIRTUALUSDT
2026-08-24T17:30:00+00:00,1,,XPLUSDT
2026-08-24T18:45:00+00:00,2,,AEROUSDT|LDOUSDT
2026-08-25T01:15:00+00:00,1,,TACUSDT
2026-08-25T02:45:00+00:00,1,,WIFUSDT
2026-08-25T03:30:00+00:00,1,,AAVEUSDT
2026-08-25T04:00:00+00:00,1,,ETHFIUSDT
2026-08-25T05:15:00+00:00,1,,JTOUSDT
2026-08-25T06:30:00+00:00,4,,AEROUSDT|JUPUSDT|PENGUUSDT|TACUSDT
2026-08-25T06:45:00+00:00,1,,WIFUSDT
2026-08-25T07:45:00+00:00,12,,1000PEPEUSDT|BASEDUSDT|DASHUSDT|FILUSDT|ICPUSDT|LINKUSDT|ONDOUSDT|RENDERUSDT|SUIUSDT|TAOUSDT|VIRTUALUSDT|WLDUSDT
2026-08-25T09:45:00+00:00,1,,LTCUSDT
2026-08-25T11:00:00+00:00,2,,AEROUSDT|TACUSDT
2026-08-25T13:00:00+00:00,1,,PUMPUSDT
2026-08-25T13:15:00+00:00,7,,EIGENUSDT|FILUSDT|NEARUSDT|ONDOUSDT|SUIUSDT|VIRTUALUSDT|WIFUSDT
2026-08-25T13:30:00+00:00,3,,CBRSUSDT|RKLBUSDT|SNXXUSDT
2026-08-25T13:45:00+00:00,2,,AVAXUSDT|ZROUSDT
2026-08-25T15:15:00+00:00,1,,TLMUSDT
2026-08-25T19:00:00+00:00,2,,TRXUSDT|ZROUSDT
2026-08-25T19:30:00+00:00,1,,AEROUSDT
2026-08-25T20:30:00+00:00,1,,INJUSDT
2026-08-25T20:45:00+00:00,2,,APTUSDT|ATOMUSDT
2026-08-25T21:00:00+00:00,1,,TIAUSDT
2026-08-25T23:00:00+00:00,1,,TRXUSDT
2026-08-26T04:45:00+00:00,1,,FARTCOINUSDT
2026-08-26T05:15:00+00:00,1,,TACUSDT
2026-08-26T09:15:00+00:00,1,,LDOUSDT
2026-08-26T09:30:00+00:00,1,,TACUSDT
2026-08-26T11:45:00+00:00,1,,FARTCOINUSDT
2026-08-26T13:15:00+00:00,1,,METAUSDT
2026-08-26T13:30:00+00:00,1,,GOOGLUSDT
2026-08-26T14:30:00+00:00,1,,TACUSDT
2026-08-26T14:45:00+00:00,4,,ARBUSDT|CRCLUSDT|JUPUSDT|TAOUSDT
2026-08-26T15:00:00+00:00,1,,XAUTUSDT
2026-08-26T17:45:00+00:00,1,,NATGASUSDT
2026-08-26T19:15:00+00:00,1,,TACUSDT
2026-08-26T20:15:00+00:00,2,,JUPUSDT|NVDAUSDT
2026-08-27T04:15:00+00:00,1,,TACUSDT
2026-08-27T07:30:00+00:00,1,,KITEUSDT
2026-08-27T08:45:00+00:00,1,,TAOUSDT
2026-08-27T09:30:00+00:00,1,,VIRTUALUSDT
2026-08-27T09:45:00+00:00,1,,TACUSDT
2026-08-27T12:00:00+00:00,1,,MAGMAUSDT
2026-08-27T13:30:00+00:00,11,,AMDUSDT|AMZNUSDT|BEUSDT|DELLUSDT|DRAMUSDT|LITEUSDT|MRVLUSDT|MVLLUSDT|RKLBUSDT|SNXXUSDT|WDCUSDT
2026-08-27T14:15:00+00:00,1,,ENAUSDT
2026-08-27T14:30:00+00:00,2,,NATGASUSDT|NVDAUSDT
2026-08-27T18:30:00+00:00,1,,JUPUSDT
2026-08-27T20:00:00+00:00,2,,MRVLUSDT|MVLLUSDT
2026-08-28T02:00:00+00:00,1,,JUPUSDT
2026-08-28T02:15:00+00:00,1,,INJUSDT
2026-08-28T03:00:00+00:00,1,,JTOUSDT
2026-08-28T05:15:00+00:00,1,,SLXUSDT
2026-08-28T08:45:00+00:00,1,,JTOUSDT
2026-08-28T13:15:00+00:00,1,,BCHUSDT
2026-08-28T13:30:00+00:00,2,,CRCLUSDT|ORCLUSDT
2026-08-28T13:45:00+00:00,2,,MVLLUSDT|NVDAUSDT
2026-08-28T14:00:00+00:00,25,,1000PEPEUSDT|ADAUSDT|AEROUSDT|APTUSDT|ARBUSDT|BNBUSDT|DOTUSDT|HBARUSDT|JUPUSDT|LABUSDT|LTCUSDT|MSTRUSDT|ONDOUSDT|OPUSDT|PAXGUSDT|RENDERUSDT|SEIUSDT|SPYUSDT|TAOUSDT|TIAUSDT|TQQQUSDT|TRXUSDT|UNIUSDT|WLDUSDT|XAUTUSDT
2026-08-28T16:00:00+00:00,9,,1000SHIBUSDT|ETHFIUSDT|FARTCOINUSDT|FETUSDT|FILUSDT|GRAMUSDT|INJUSDT|PUMPUSDT|XPLUSDT
2026-08-28T16:15:00+00:00,1,,LDOUSDT
2026-08-28T16:45:00+00:00,1,,DEXEUSDT
2026-08-28T18:45:00+00:00,1,,VVVUSDT
2026-08-28T19:00:00+00:00,1,,MAGMAUSDT
2026-08-29T00:45:00+00:00,1,,MAGMAUSDT
2026-08-29T02:00:00+00:00,1,,OUSDT
2026-08-29T02:45:00+00:00,1,,DEXEUSDT
2026-08-29T04:30:00+00:00,1,,AKEUSDT
2026-08-29T05:45:00+00:00,1,,TRUMPUSDT
2026-08-29T08:30:00+00:00,1,,MAGMAUSDT
2026-08-29T10:45:00+00:00,1,,OUSDT
2026-08-29T14:45:00+00:00,1,,KITEUSDT
2026-08-29T15:00:00+00:00,1,,DEXEUSDT
2026-08-29T16:00:00+00:00,1,,OUSDT
2026-08-29T20:45:00+00:00,1,,OUSDT
2026-08-30T11:45:00+00:00,1,,OUSDT
2026-08-30T12:30:00+00:00,1,,LABUSDT
2026-08-30T14:15:00+00:00,1,,UNIUSDT
2026-08-30T15:15:00+00:00,1,,XMRUSDT
2026-08-30T17:15:00+00:00,1,,FARTCOINUSDT
2026-08-30T19:30:00+00:00,1,,UNIUSDT
2026-08-30T20:30:00+00:00,1,,SEIUSDT
2026-08-30T22:00:00+00:00,1,,SPYUSDT
2026-08-30T23:15:00+00:00,22,,1000PEPEUSDT|ADAUSDT|ALGOUSDT|APTUSDT|ARBUSDT|ATOMUSDT|AVAXUSDT|DOTUSDT|EIGENUSDT|FILUSDT|HBARUSDT|ICPUSDT|INJUSDT|JTOUSDT|JUPUSDT|LDOUSDT|LTCUSDT|ONDOUSDT|RENDERUSDT|SUIUSDT|TAOUSDT|WLDUSDT
2026-08-30T23:30:00+00:00,2,,WIFUSDT|WLFIUSDT
2026-08-31T00:00:00+00:00,1,,EWYUSDT
2026-08-31T02:45:00+00:00,1,,PUMPUSDT
2026-08-31T03:30:00+00:00,1,,JTOUSDT
2026-08-31T09:30:00+00:00,1,,TRXUSDT
2026-08-31T12:00:00+00:00,1,,NATGASUSDT
2026-08-31T12:30:00+00:00,1,,XMRUSDT
2026-08-31T13:30:00+00:00,8,,AAPLUSDT|GOOGLUSDT|HOODUSDT|METAUSDT|MRVLUSDT|MSTRUSDT|MVLLUSDT|ORCLUSDT
2026-08-31T16:45:00+00:00,1,,LITUSDT
2026-08-31T17:15:00+00:00,2,,DASHUSDT|GRAMUSDT
2026-08-31T18:00:00+00:00,1,,AMZNUSDT
2026-08-31T18:45:00+00:00,1,,ARBUSDT
2026-08-31T22:00:00+00:00,1,,ARXUSDT
