utc,cluster_size,btc_ret15,symbols
2026-04-05T00:00:00+00:00,1,-0.00039,KRW-GAS
2026-04-05T01:15:00+00:00,1,0.00063,KRW-ZKP
2026-04-05T01:30:00+00:00,2,-0.00085,KRW-ID|KRW-PENDLE
2026-04-05T02:15:00+00:00,1,0.0023,KRW-BERA
2026-04-05T05:15:00+00:00,1,-0.00032,KRW-ZBT
2026-04-05T06:00:00+00:00,1,-0.00273,KRW-ATOM
2026-04-05T07:15:00+00:00,1,-0.00106,KRW-ID
2026-04-05T12:15:00+00:00,1,-0.00084,KRW-ZBT
2026-04-05T12:30:00+00:00,5,-0.00097,KRW-BCH|KRW-BERA|KRW-BIGTIME|KRW-IN|KRW-MMT
2026-04-05T12:45:00+00:00,1,0.00151,KRW-MIRA
2026-04-05T13:00:00+00:00,1,0.00014,KRW-ID
2026-04-05T13:15:00+00:00,2,-0.00129,KRW-ME|KRW-OPEN
2026-04-05T19:15:00+00:00,1,0.00025,KRW-MMT
2026-04-06T00:00:00+00:00,1,0.00202,KRW-MMT
2026-04-06T01:30:00+00:00,2,-0.0019,KRW-AVAX|KRW-IN
2026-04-06T03:15:00+00:00,1,-0.00037,KRW-SHIB
2026-04-06T05:30:00+00:00,1,-4e-05,KRW-RED
2026-04-06T06:00:00+00:00,1,0.00186,KRW-IN
2026-04-06T06:15:00+00:00,1,-0.00677,KRW-PENDLE
2026-04-06T06:30:00+00:00,1,0.00231,KRW-MMT
2026-04-06T07:45:00+00:00,1,0.00148,KRW-TREE
2026-04-06T09:00:00+00:00,2,0.00429,KRW-ATOM|KRW-COW
2026-04-06T09:15:00+00:00,1,0.00445,KRW-ERA
2026-04-06T09:30:00+00:00,1,-0.00185,KRW-RED
2026-04-06T11:15:00+00:00,1,-0.00128,KRW-HOLO
2026-04-06T11:45:00+00:00,3,-0.00066,KRW-PENDLE|KRW-PLUME|KRW-TREE
2026-04-06T12:30:00+00:00,1,-0.00078,KRW-FIL
2026-04-06T12:45:00+00:00,1,-0.00135,KRW-MIRA
2026-04-06T13:15:00+00:00,1,0.0006,KRW-AVNT
2026-04-06T13:45:00+00:00,2,0.00126,KRW-COW|KRW-RED
2026-04-06T14:00:00+00:00,1,-0.00211,KRW-ERA
2026-04-06T14:15:00+00:00,2,0.0036,KRW-FF|KRW-MET2
2026-04-06T16:00:00+00:00,2,0.0016,KRW-SOPH|KRW-TREE
2026-04-06T17:30:00+00:00,1,-0.00161,KRW-FLOCK
2026-04-06T18:45:00+00:00,1,0.001,KRW-RED
2026-04-06T19:30:00+00:00,1,-0.00065,KRW-HYPER
2026-04-06T21:45:00+00:00,1,-0.00018,KRW-TREE
2026-04-06T22:45:00+00:00,1,-0.00405,KRW-RED
2026-04-06T23:00:00+00:00,1,-0.00257,KRW-AVAX
2026-04-06T23:15:00+00:00,1,-0.00148,KRW-BIGTIME
2026-04-07T00:00:00+00:00,3,0.00104,KRW-AVNT|KRW-ERA|KRW-MIRA
2026-04-07T00:15:00+00:00,1,0.00145,KRW-ELSA
2026-04-07T01:30:00+00:00,1,-0.00083,KRW-EDGE
2026-04-07T01:45:00+00:00,1,-0.00313,KRW-CFG
2026-04-07T03:00:00+00:00,2,0.00117,KRW-ESP|KRW-RED
2026-04-07T04:15:00+00:00,1,-0.0008,KRW-ETC
2026-04-07T05:30:00+00:00,2,-0.00041,KRW-AVAX|KRW-ELSA
2026-04-07T05:45:00+00:00,1,-0.00015,KRW-EDGE
2026-04-07T06:30:00+00:00,1,-0.00025,KRW-BIRB
2026-04-07T07:00:00+00:00,1,0.0001,KRW-ESP
2026-04-07T07:45:00+00:00,2,1e-05,KRW-LAYER|KRW-TREE
2026-04-07T08:00:00+00:00,1,0.0008,KRW-ME
2026-04-07T08:15:00+00:00,3,-6e-05,KRW-INJ|KRW-MET2|KRW-ZBT
2026-04-07T08:45:00+00:00,1,-0.00033,KRW-RED
2026-04-07T10:00:00+00:00,2,-0.00249,KRW-AAVE|KRW-ZKP
2026-04-07T10:45:00+00:00,1,-0.00391,KRW-ENSO
2026-04-07T11:00:00+00:00,1,0.00169,KRW-FF
2026-04-07T11:15:00+00:00,1,0.00061,KRW-ESP
2026-04-07T12:00:00+00:00,2,-0.0018,KRW-BSV|KRW-XEC
2026-04-07T12:15:00+00:00,1,0.00169,KRW-EDGE
2026-04-07T12:30:00+00:00,3,-0.00084,KRW-BARD|KRW-SNT|KRW-ZORA
2026-04-07T12:45:00+00:00,1,0.00079,KRW-RED
2026-04-07T15:30:00+00:00,1,-0.00078,KRW-ESP
2026-04-07T23:15:00+00:00,1,0.01482,KRW-MON
2026-04-07T23:30:00+00:00,1,-0.01035,KRW-AAVE
2026-04-08T00:00:00+00:00,1,-0.00566,KRW-WLFI
2026-04-08T00:15:00+00:00,1,0.00143,KRW-AVAX
2026-04-08T00:45:00+00:00,1,-0.00238,KRW-IN
2026-04-08T01:45:00+00:00,1,-0.00085,KRW-0G
2026-04-08T07:30:00+00:00,1,-0.00212,KRW-PYTH
2026-04-08T08:45:00+00:00,2,0.00047,KRW-KAITO|KRW-OPEN
2026-04-08T09:00:00+00:00,1,0.00161,KRW-SOPH
2026-04-08T09:30:00+00:00,1,-0.00186,KRW-COW
2026-04-08T11:30:00+00:00,1,-0.00188,KRW-PENGU
2026-04-08T13:30:00+00:00,2,-0.00945,KRW-MON|KRW-NEAR
2026-04-08T13:45:00+00:00,1,-0.00102,KRW-IN
2026-04-08T14:00:00+00:00,1,-0.00147,KRW-KAITO
2026-04-08T22:15:00+00:00,1,-0.00338,KRW-WLFI
2026-04-09T00:30:00+00:00,1,-0.00259,KRW-IN
2026-04-09T01:00:00+00:00,2,-0.00176,KRW-POL|KRW-SOPH
2026-04-09T01:15:00+00:00,1,0.00039,KRW-BORA
2026-04-09T07:00:00+00:00,1,0.00102,KRW-IN
2026-04-09T07:30:00+00:00,1,0.00026,KRW-HOLO
2026-04-09T07:45:00+00:00,1,0.00013,KRW-OPEN
2026-04-09T14:15:00+00:00,1,-0.00192,KRW-PYTH
2026-04-09T22:15:00+00:00,1,0.00151,KRW-WLFI
2026-04-09T23:00:00+00:00,1,-0.00058,KRW-PYTH
2026-04-09T23:45:00+00:00,1,-0.00023,KRW-TAO
2026-04-10T00:00:00+00:00,1,0.00165,KRW-POL
2026-04-10T00:15:00+00:00,1,0.0012,KRW-HOLO
2026-04-10T01:45:00+00:00,1,-0.0015,KRW-AWE
2026-04-10T03:45:00+00:00,1,-0.00077,KRW-TAO
2026-04-10T05:00:00+00:00,1,-0.00083,KRW-MON
2026-04-10T05:15:00+00:00,1,0.00218,KRW-CFG
2026-04-10T07:45:00+00:00,2,-0.00213,KRW-AWE|KRW-WLFI
2026-04-10T08:00:00+00:00,1,0.00191,KRW-POL
2026-04-10T10:00:00+00:00,1,0.00013,KRW-SAND
2026-04-10T10:30:00+00:00,1,0.00038,KRW-WAVES
2026-04-10T12:45:00+00:00,1,5e-05,KRW-MON
2026-04-10T13:30:00+00:00,2,-0.00284,KRW-FF|KRW-STX
2026-04-10T18:30:00+00:00,1,-0.00068,KRW-SKR
2026-04-10T19:15:00+00:00,2,-0.00206,KRW-FF|KRW-WLFI
2026-04-10T20:15:00+00:00,1,0.00054,KRW-AVNT
2026-04-11T00:00:00+00:00,2,0.0001,KRW-FF|KRW-WLFI
2026-04-11T00:30:00+00:00,1,-0.00028,KRW-HYPER
2026-04-11T00:45:00+00:00,1,-0.00125,KRW-ZORA
2026-04-11T01:00:00+00:00,1,-0.00031,KRW-RED
2026-04-11T01:15:00+00:00,2,0.00055,KRW-ID|KRW-MIRA
2026-04-11T01:45:00+00:00,1,0.001,KRW-MMT
2026-04-11T03:45:00+00:00,1,-0.00106,KRW-MET2
2026-04-11T04:00:00+00:00,1,-0.00071,KRW-CRO
2026-04-11T04:15:00+00:00,1,-0.00172,KRW-ARB
2026-04-11T06:45:00+00:00,1,0.00097,KRW-MMT
2026-04-11T07:00:00+00:00,1,0.00011,KRW-COW
2026-04-11T07:15:00+00:00,1,0.00092,KRW-ID
2026-04-11T08:15:00+00:00,1,0.00119,KRW-ZBT
2026-04-11T08:30:00+00:00,1,-0.0012,KRW-AKT
2026-04-11T09:00:00+00:00,1,0.00033,KRW-MET2
2026-04-11T11:30:00+00:00,1,0.0,KRW-ID
2026-04-11T11:45:00+00:00,1,-0.00011,KRW-COW
2026-04-12T00:00:00+00:00,1,3e-05,KRW-COW
2026-04-12T00:45:00+00:00,1,0.00076,KRW-ID
2026-04-12T01:30:00+00:00,15,-0.01604,KRW-ARB|KRW-BCH|KRW-CRO|KRW-ENS|KRW-ETC|KRW-FIL|KRW-LINK|KRW-PENDLE|KRW-PENGU|KRW-SAND|KRW-STX|KRW-SUI|KRW-VIRTUAL|KRW-WLFI|KRW-ZKP
2026-04-12T01:45:00+00:00,3,-0.00138,KRW-MOVE|KRW-W|KRW-WAVES
2026-04-12T09:30:00+00:00,1,-0.00063,KRW-ID
2026-04-12T12:45:00+00:00,1,-0.00474,KRW-AWE
2026-04-12T13:30:00+00:00,1,-0.00174,KRW-W
2026-04-12T16:15:00+00:00,2,0.0,KRW-0G|KRW-KAITO
2026-04-12T22:30:00+00:00,1,-0.0002,KRW-LAYER
2026-04-12T23:00:00+00:00,1,-0.00259,KRW-CHZ
2026-04-13T00:15:00+00:00,1,0.00191,KRW-ID
2026-04-13T00:30:00+00:00,1,0.00036,KRW-PLUME
2026-04-13T03:15:00+00:00,1,-0.00061,KRW-0G
2026-04-13T04:45:00+00:00,1,-0.00084,KRW-DOT
2026-04-13T05:30:00+00:00,1,-0.00161,KRW-AAVE
2026-04-13T09:00:00+00:00,1,0.00053,KRW-DOT
2026-04-13T09:30:00+00:00,1,-0.00056,KRW-ATH
2026-04-13T09:45:00+00:00,1,-0.00012,KRW-JTO
2026-04-13T12:00:00+00:00,1,0.00091,KRW-HOLO
2026-04-13T12:15:00+00:00,2,-0.00132,KRW-LA|KRW-TREE
2026-04-13T13:30:00+00:00,1,-0.00244,KRW-ATH
2026-04-13T14:30:00+00:00,1,0.00313,KRW-FLOCK
2026-04-13T19:15:00+00:00,1,0.00621,KRW-HOLO
2026-04-13T23:45:00+00:00,1,0.001,KRW-CRO
2026-04-14T00:00:00+00:00,4,-0.00286,KRW-ENS|KRW-FIL|KRW-SAHARA|KRW-WAVES
2026-04-14T00:15:00+00:00,1,-0.00039,KRW-HOLO
2026-04-14T01:15:00+00:00,1,-0.00012,KRW-IN
2026-04-14T03:45:00+00:00,1,0.00016,KRW-ZBT
2026-04-14T04:30:00+00:00,1,-0.00074,KRW-OPEN
2026-04-14T04:45:00+00:00,1,-0.00011,KRW-DOT
2026-04-14T06:45:00+00:00,1,0.00112,KRW-PLUME
2026-04-14T07:00:00+00:00,1,0.00195,KRW-MMT
2026-04-14T07:45:00+00:00,2,0.00035,KRW-FLOCK|KRW-TREE
2026-04-14T10:30:00+00:00,1,-0.00316,KRW-KAITO
2026-04-14T10:45:00+00:00,1,0.00028,KRW-IN
2026-04-14T12:30:00+00:00,1,2e-05,KRW-HYPER
2026-04-14T12:45:00+00:00,1,0.00199,KRW-ZKP
2026-04-14T13:30:00+00:00,1,0.0071,KRW-TREE
2026-04-14T14:30:00+00:00,1,-0.00465,KRW-LINK
2026-04-14T14:45:00+00:00,3,-0.00499,KRW-BCH|KRW-BIO|KRW-IN
2026-04-14T15:00:00+00:00,1,-0.0031,KRW-AVAX
2026-04-14T20:15:00+00:00,1,-0.00302,KRW-IN
2026-04-14T23:15:00+00:00,1,0.00044,KRW-CRO
2026-04-15T00:30:00+00:00,1,-3e-05,KRW-HOLO
2026-04-15T01:30:00+00:00,1,-0.00099,KRW-IN
2026-04-15T01:45:00+00:00,1,0.0002,KRW-PLUME
2026-04-15T02:45:00+00:00,1,0.00101,KRW-HYPER
2026-04-15T04:15:00+00:00,1,-0.00115,KRW-BIGTIME
2026-04-15T05:00:00+00:00,1,-0.00035,KRW-MIRA
2026-04-15T06:00:00+00:00,1,0.00037,KRW-BIO
2026-04-15T06:45:00+00:00,1,-0.00036,KRW-PLUME
2026-04-15T07:00:00+00:00,1,-8e-05,KRW-IN
2026-04-15T07:15:00+00:00,1,-0.00187,KRW-ZBT
2026-04-15T07:45:00+00:00,1,0.00186,KRW-OPEN
2026-04-15T08:30:00+00:00,1,0.0021,KRW-HYPER
2026-04-15T09:30:00+00:00,1,0.00031,KRW-MIRA
2026-04-15T09:45:00+00:00,2,0.00109,KRW-ENSO|KRW-ERA
2026-04-15T11:00:00+00:00,1,0.00219,KRW-BIO
2026-04-15T12:00:00+00:00,1,-0.00014,KRW-FLOCK
2026-04-15T12:45:00+00:00,1,-0.0008,KRW-IN
2026-04-15T15:45:00+00:00,1,-0.00052,KRW-BIO
2026-04-15T17:30:00+00:00,1,-0.00218,KRW-CHZ
2026-04-15T21:45:00+00:00,1,-0.00081,KRW-BIO
2026-04-15T22:00:00+00:00,1,0.00429,KRW-INJ
2026-04-15T23:15:00+00:00,1,-6e-05,KRW-CRO
2026-04-16T01:15:00+00:00,1,0.00081,KRW-FLOCK
2026-04-16T02:45:00+00:00,4,-0.00255,KRW-BIO|KRW-BONK|KRW-PENGU|KRW-PEPE
2026-04-16T04:00:00+00:00,1,0.00013,KRW-ZKP
2026-04-16T05:30:00+00:00,1,1e-05,KRW-BIRB
2026-04-16T06:00:00+00:00,1,0.00013,KRW-FIL
2026-04-16T08:00:00+00:00,2,-0.00149,KRW-BIO|KRW-PENGU
2026-04-16T08:15:00+00:00,1,0.00224,KRW-DOT
2026-04-16T08:30:00+00:00,3,-0.00054,KRW-CFG|KRW-DEEP|KRW-W
2026-04-16T09:00:00+00:00,1,8e-05,KRW-ERA
2026-04-16T10:15:00+00:00,1,-2e-05,KRW-BIRB
2026-04-16T12:15:00+00:00,1,-0.0008,KRW-STORJ
2026-04-16T13:15:00+00:00,1,0.00154,KRW-BIO
2026-04-16T13:45:00+00:00,15,-0.00732,KRW-ARB|KRW-AVAX|KRW-BONK|KRW-DOT|KRW-FIL|KRW-LINK|KRW-NEAR|KRW-PENDLE|KRW-PEPE|KRW-PUMP|KRW-SIGN|KRW-STX|KRW-SUI|KRW-VIRTUAL|KRW-W
2026-04-16T14:15:00+00:00,3,-0.00081,KRW-DATA|KRW-DEEP|KRW-ETC
2026-04-16T15:30:00+00:00,1,0.00451,KRW-ELF
2026-04-16T15:45:00+00:00,1,0.00145,KRW-INJ
2026-04-16T16:00:00+00:00,1,-0.00128,KRW-COW
2026-04-16T20:15:00+00:00,1,-0.00285,KRW-ARB
2026-04-17T00:00:00+00:00,1,-0.00109,KRW-SIGN
2026-04-17T00:30:00+00:00,1,0.00063,KRW-DATA
2026-04-17T00:45:00+00:00,1,-0.00044,KRW-LAYER
2026-04-17T02:15:00+00:00,3,-0.00054,KRW-BIGTIME|KRW-PLUME|KRW-ZORA
2026-04-17T04:30:00+00:00,1,0.00054,KRW-BERA
2026-04-17T05:00:00+00:00,2,-0.00159,KRW-SIGN|KRW-WAVES
2026-04-17T05:15:00+00:00,1,0.00035,KRW-DATA
2026-04-17T08:30:00+00:00,2,0.00374,KRW-MMT|KRW-VANA
2026-04-17T10:00:00+00:00,1,-0.00233,KRW-PENDLE
2026-04-17T10:15:00+00:00,1,-0.0037,KRW-INJ
2026-04-17T10:30:00+00:00,2,-0.00048,KRW-DATA|KRW-NEAR
2026-04-17T12:15:00+00:00,1,0.00099,KRW-ARB
2026-04-17T14:00:00+00:00,3,-0.00422,KRW-ETC|KRW-FIL|KRW-PENDLE
2026-04-17T22:45:00+00:00,1,-0.00102,KRW-PENDLE
2026-04-17T23:15:00+00:00,1,-0.00114,KRW-SUI
2026-04-18T00:00:00+00:00,2,0.00015,KRW-LAYER|KRW-VANA
2026-04-18T00:45:00+00:00,1,0.00139,KRW-DATA
2026-04-18T01:15:00+00:00,1,0.00061,KRW-WAVES
2026-04-18T02:30:00+00:00,1,0.00035,KRW-AVNT
2026-04-18T03:15:00+00:00,1,-0.00123,KRW-PENDLE
2026-04-18T08:15:00+00:00,2,-0.00129,KRW-AVAX|KRW-BIGTIME
2026-04-18T08:30:00+00:00,1,-0.00251,KRW-SUI
2026-04-18T08:45:00+00:00,1,0.00272,KRW-ELF
2026-04-18T09:15:00+00:00,2,5e-05,KRW-CRO|KRW-WAVES
2026-04-18T10:00:00+00:00,1,-0.00362,KRW-LINK
2026-04-18T10:45:00+00:00,1,-0.00231,KRW-PENDLE
2026-04-18T11:00:00+00:00,1,-0.00246,KRW-SAND
2026-04-18T11:30:00+00:00,2,-0.00214,KRW-PEPE|KRW-RENDER
2026-04-18T12:15:00+00:00,1,-0.00069,KRW-BIGTIME
2026-04-18T15:30:00+00:00,1,-0.00033,KRW-ME
2026-04-18T15:45:00+00:00,1,0.00024,KRW-WAVES
2026-04-18T16:15:00+00:00,1,-0.00128,KRW-AVNT
2026-04-18T18:30:00+00:00,2,-6e-05,KRW-AAVE|KRW-MOVE
2026-04-18T20:00:00+00:00,1,-0.00023,KRW-CRO
2026-04-18T21:00:00+00:00,1,0.00051,KRW-WAVES
2026-04-18T23:30:00+00:00,1,-0.00163,KRW-MOVE
2026-04-18T23:45:00+00:00,1,-0.0004,KRW-AAVE
2026-04-19T00:15:00+00:00,1,-0.00224,KRW-ZRO
2026-04-19T00:45:00+00:00,1,0.00173,KRW-ZKP
2026-04-19T01:15:00+00:00,1,-0.00164,KRW-WAVES
2026-04-19T01:30:00+00:00,1,-0.0016,KRW-CFG
2026-04-19T01:45:00+00:00,2,0.00016,KRW-OPEN|KRW-TREE
2026-04-19T02:00:00+00:00,1,0.00011,KRW-ERA
2026-04-19T02:30:00+00:00,1,0.0018,KRW-SNT
2026-04-19T04:30:00+00:00,2,-0.00193,KRW-AAVE|KRW-ZRO
2026-04-19T05:15:00+00:00,1,-0.00049,KRW-MOVE
2026-04-19T06:30:00+00:00,1,0.00031,KRW-VANA
2026-04-19T07:15:00+00:00,2,-0.00259,KRW-AVAX|KRW-VIRTUAL
2026-04-19T08:30:00+00:00,1,6e-05,KRW-AAVE
2026-04-19T08:45:00+00:00,1,0.00032,KRW-ZRO
2026-04-19T10:45:00+00:00,1,0.00114,KRW-W
2026-04-19T12:00:00+00:00,1,0.00047,KRW-MOVE
2026-04-19T13:15:00+00:00,1,0.00453,KRW-ZRO
2026-04-19T16:30:00+00:00,1,-0.00126,KRW-CRO
2026-04-19T20:45:00+00:00,1,0.00205,KRW-MOVE
2026-04-19T21:15:00+00:00,1,0.00075,KRW-ELF
2026-04-19T22:00:00+00:00,2,-0.00468,KRW-STX|KRW-W
2026-04-19T22:15:00+00:00,1,-0.00113,KRW-SUI
2026-04-20T01:45:00+00:00,1,-0.00175,KRW-AWE
2026-04-20T02:00:00+00:00,1,-0.00275,KRW-PLUME
2026-04-20T04:00:00+00:00,1,-0.0014,KRW-CHZ
2026-04-20T05:30:00+00:00,1,-0.00046,KRW-ZRO
2026-04-20T07:45:00+00:00,1,-0.00224,KRW-MMT
2026-04-20T08:45:00+00:00,1,-0.00069,KRW-CHZ
2026-04-20T10:00:00+00:00,1,0.00234,KRW-FLOCK
2026-04-20T13:15:00+00:00,1,-0.0015,KRW-ARB
2026-04-20T15:00:00+00:00,1,0.001,KRW-AAVE
2026-04-20T16:30:00+00:00,1,0.00212,KRW-ELF
2026-04-20T22:30:00+00:00,1,0.00039,KRW-CHZ
2026-04-21T00:15:00+00:00,1,-0.00021,KRW-CFG
2026-04-21T00:30:00+00:00,1,0.00052,KRW-ZKP
2026-04-21T03:00:00+00:00,1,-0.00083,KRW-ELF
2026-04-21T04:30:00+00:00,1,0.00026,KRW-BIRB
2026-04-21T06:00:00+00:00,1,-4e-05,KRW-AAVE
2026-04-21T10:30:00+00:00,1,3e-05,KRW-OPEN
2026-04-21T10:45:00+00:00,1,0.00178,KRW-FLOCK
2026-04-21T12:00:00+00:00,1,-0.00142,KRW-BIRB
2026-04-21T12:30:00+00:00,1,-0.00584,KRW-W
2026-04-21T13:00:00+00:00,1,0.00035,KRW-ATOM
2026-04-21T13:45:00+00:00,1,-0.00184,KRW-CHZ
2026-04-21T19:30:00+00:00,1,-0.00858,KRW-SAND
2026-04-22T01:00:00+00:00,1,0.00119,KRW-MET2
2026-04-22T01:30:00+00:00,1,-0.00023,KRW-BIRB
2026-04-22T02:15:00+00:00,1,0.00512,KRW-AVNT
2026-04-22T04:45:00+00:00,1,-0.00114,KRW-ATOM
2026-04-22T05:30:00+00:00,1,-0.0017,KRW-SEI
2026-04-22T05:45:00+00:00,1,-0.00187,KRW-MET2
2026-04-22T06:00:00+00:00,1,-0.00044,KRW-ENS
2026-04-22T06:45:00+00:00,1,-0.00027,KRW-AVNT
2026-04-22T07:30:00+00:00,1,0.00306,KRW-HOLO
2026-04-22T09:45:00+00:00,1,-0.00114,KRW-MET2
2026-04-22T10:15:00+00:00,1,0.00067,KRW-XEC
2026-04-22T11:15:00+00:00,2,0.00175,KRW-BONK|KRW-PENGU
2026-04-22T11:30:00+00:00,1,-0.00054,KRW-ARB
2026-04-22T13:30:00+00:00,1,0.00179,KRW-PYTH
2026-04-22T13:45:00+00:00,1,0.00345,KRW-TRX
2026-04-22T14:30:00+00:00,1,-0.00377,KRW-LINK
2026-04-22T15:30:00+00:00,1,0.00268,KRW-AVNT
2026-04-23T00:00:00+00:00,2,-0.00235,KRW-SAND|KRW-ZKP
2026-04-23T00:15:00+00:00,1,0.00698,KRW-MET2
2026-04-23T02:15:00+00:00,2,-0.00121,KRW-BIO|KRW-ETC
2026-04-23T04:45:00+00:00,1,-0.00011,KRW-RED
2026-04-23T05:45:00+00:00,1,0.00227,KRW-ZBT
2026-04-23T09:00:00+00:00,2,-0.00314,KRW-ELF|KRW-PENGU
2026-04-24T00:00:00+00:00,1,0.00059,KRW-ZKP
2026-04-24T00:15:00+00:00,1,0.00203,KRW-ELF
2026-04-24T00:30:00+00:00,2,0.00029,KRW-ENSO|KRW-PYTH
2026-04-24T02:30:00+00:00,1,0.00105,KRW-SKR
2026-04-24T02:45:00+00:00,1,-0.00266,KRW-XAUT
2026-04-24T03:15:00+00:00,1,-0.00293,KRW-PENGU
2026-04-24T06:00:00+00:00,1,-0.00062,KRW-ZKP
2026-04-24T06:45:00+00:00,2,-0.00044,KRW-ESP|KRW-SKR
2026-04-24T10:15:00+00:00,1,0.00166,KRW-ZKP
2026-04-24T11:30:00+00:00,1,-0.00047,KRW-ENS
2026-04-24T11:45:00+00:00,2,-0.00122,KRW-ESP|KRW-SKR
2026-04-24T14:15:00+00:00,2,-0.00159,KRW-BIRB|KRW-TREE
2026-04-24T14:45:00+00:00,1,0.00138,KRW-ELF
2026-04-24T15:45:00+00:00,1,0.00044,KRW-SKR
2026-04-24T16:00:00+00:00,1,-0.00275,KRW-TRX
2026-04-24T18:00:00+00:00,1,-0.00078,KRW-TRUMP
2026-04-24T20:00:00+00:00,1,-0.00079,KRW-SKR
2026-04-24T20:15:00+00:00,1,-0.00023,KRW-ZBT
2026-04-24T21:15:00+00:00,1,-0.00047,KRW-ME
2026-04-25T00:00:00+00:00,3,-0.00099,KRW-SKR|KRW-WAVES|KRW-ZKP
2026-04-25T00:15:00+00:00,1,-0.00042,KRW-RVN
2026-04-25T00:30:00+00:00,1,0.00027,KRW-W
2026-04-25T00:45:00+00:00,1,0.0006,KRW-ZBT
2026-04-25T01:45:00+00:00,1,-0.00052,KRW-SOPH
2026-04-25T03:30:00+00:00,1,0.00043,KRW-BIGTIME
2026-04-25T03:45:00+00:00,1,-0.00053,KRW-AXS
2026-04-25T04:15:00+00:00,1,-3e-05,KRW-RVN
2026-04-25T04:30:00+00:00,1,-0.00075,KRW-HYPER
2026-04-25T06:30:00+00:00,1,0.00026,KRW-SAND
2026-04-25T07:45:00+00:00,1,-2e-05,KRW-BIGTIME
2026-04-25T08:00:00+00:00,1,-0.00039,KRW-AXS
2026-04-25T08:45:00+00:00,1,0.00023,KRW-TRX
2026-04-25T10:30:00+00:00,1,0.00016,KRW-AWE
2026-04-25T10:45:00+00:00,1,-0.00108,KRW-HYPER
2026-04-25T11:15:00+00:00,1,-0.0008,KRW-TRUMP
2026-04-25T11:30:00+00:00,2,0.00068,KRW-SAND|KRW-ZKP
2026-04-25T12:00:00+00:00,1,0.0008,KRW-AXS
2026-04-25T12:30:00+00:00,2,-0.00092,KRW-BIGTIME|KRW-SAHARA
2026-04-25T12:45:00+00:00,3,0.00055,KRW-LA|KRW-MIRA|KRW-SOPH
2026-04-25T13:15:00+00:00,2,-0.00041,KRW-ERA|KRW-HOLO
2026-04-25T13:45:00+00:00,1,0.00139,KRW-PLUME
2026-04-25T14:00:00+00:00,3,-7e-05,KRW-DOOD|KRW-ID|KRW-INJ
2026-04-25T14:15:00+00:00,2,9e-05,KRW-ATOM|KRW-VANA
2026-04-25T14:30:00+00:00,1,4e-05,KRW-ENSO
2026-04-25T15:15:00+00:00,1,0.0004,KRW-HYPER
2026-04-25T16:00:00+00:00,1,0.00091,KRW-AXS
2026-04-25T16:15:00+00:00,1,0.00014,KRW-CRO
2026-04-25T19:45:00+00:00,1,0.0013,KRW-HYPER
2026-04-25T20:15:00+00:00,1,3e-05,KRW-AXS
2026-04-25T21:30:00+00:00,1,-0.00039,KRW-ZBT
2026-04-25T21:45:00+00:00,1,0.00046,KRW-ENSO
2026-04-26T00:00:00+00:00,3,-0.0002,KRW-HYPER|KRW-LA|KRW-SAHARA
2026-04-26T00:15:00+00:00,3,-0.00054,KRW-AXS|KRW-KAT|KRW-RVN
2026-04-26T00:30:00+00:00,1,0.00069,KRW-DOOD
2026-04-26T00:45:00+00:00,4,-0.00082,KRW-ERA|KRW-MIRA|KRW-OPEN|KRW-ZORA
2026-04-26T01:00:00+00:00,1,5e-05,KRW-WLFI
2026-04-26T04:15:00+00:00,1,-0.00052,KRW-LAYER
2026-04-26T05:00:00+00:00,3,0.00396,KRW-AWE|KRW-JTO|KRW-MMT
2026-04-26T05:30:00+00:00,3,-0.00106,KRW-ELSA|KRW-JUP|KRW-MIRA
2026-04-26T05:45:00+00:00,1,-0.0009,KRW-ENSO
2026-04-26T06:15:00+00:00,1,-0.00046,KRW-AVNT
2026-04-26T07:15:00+00:00,1,-0.00035,KRW-ZBT
2026-04-26T07:30:00+00:00,1,-0.00046,KRW-INJ
2026-04-26T08:30:00+00:00,1,9e-05,KRW-LAYER
2026-04-26T09:15:00+00:00,2,-0.00034,KRW-JTO|KRW-SAHARA
2026-04-26T10:15:00+00:00,2,9e-05,KRW-AVNT|KRW-ENSO
2026-04-26T11:15:00+00:00,1,0.00084,KRW-MIRA
2026-04-26T12:00:00+00:00,1,-0.00055,KRW-JUP
2026-04-26T13:45:00+00:00,1,0.00029,KRW-ENS
2026-04-26T14:45:00+00:00,1,0.00072,KRW-ZBT
2026-04-26T18:00:00+00:00,1,0.00062,KRW-AVNT
2026-04-26T19:00:00+00:00,1,0.00044,KRW-ZBT
2026-04-26T19:15:00+00:00,2,-0.00221,KRW-ATOM|KRW-OPEN
2026-04-27T00:00:00+00:00,3,3e-05,KRW-AVNT|KRW-ZBT|KRW-ZKP
2026-04-27T00:15:00+00:00,5,-0.00139,KRW-0G|KRW-ATH|KRW-MANTRA|KRW-MIRA|KRW-SAHARA
2026-04-27T01:15:00+00:00,1,-0.00273,KRW-HYPER
2026-04-27T02:00:00+00:00,1,-0.00061,KRW-PENGU
2026-04-27T03:30:00+00:00,1,-0.00074,KRW-INJ
2026-04-27T03:45:00+00:00,1,-0.00087,KRW-PUMP
2026-04-27T04:15:00+00:00,1,0.00091,KRW-JUP
2026-04-27T05:00:00+00:00,2,-0.00437,KRW-0G|KRW-ZORA
2026-04-27T05:15:00+00:00,11,-0.0046,KRW-BONK|KRW-BORA|KRW-DEEP|KRW-ENS|KRW-ETC|KRW-LAYER|KRW-MANTRA|KRW-PEPE|KRW-STX|KRW-SUI|KRW-VIRTUAL
2026-04-27T05:45:00+00:00,1,-0.00079,KRW-BIRB
2026-04-27T06:15:00+00:00,1,0.00016,KRW-PENGU
2026-04-27T06:30:00+00:00,1,-0.0011,KRW-AWE
2026-04-27T09:00:00+00:00,1,1e-05,KRW-JUP
2026-04-27T11:30:00+00:00,1,-0.00076,KRW-PENGU
2026-04-27T12:30:00+00:00,1,0.00026,KRW-MANTRA
2026-04-27T13:00:00+00:00,1,0.00054,KRW-JUP
2026-04-27T13:30:00+00:00,1,0.00151,KRW-SNT
2026-04-27T13:45:00+00:00,2,-0.00029,KRW-DEEP|KRW-ZORA
2026-04-27T15:00:00+00:00,1,-0.00412,KRW-0G
2026-04-27T15:15:00+00:00,10,-0.00482,KRW-AVAX|KRW-ENS|KRW-ETC|KRW-HYPER|KRW-LINK|KRW-PUMP|KRW-SUI|KRW-TRUMP|KRW-UNI|KRW-VIRTUAL
2026-04-27T17:00:00+00:00,1,0.00092,KRW-ZBT
2026-04-28T00:00:00+00:00,2,-0.00099,KRW-JUP|KRW-MANTRA
2026-04-28T00:15:00+00:00,1,-0.00149,KRW-AWE
2026-04-28T01:00:00+00:00,1,-0.00074,KRW-ENSO
2026-04-28T01:15:00+00:00,1,-0.00172,KRW-ZORA
2026-04-28T02:15:00+00:00,1,-0.00054,KRW-AXS
2026-04-28T05:00:00+00:00,1,0.00132,KRW-APT
2026-04-28T05:30:00+00:00,2,-0.0033,KRW-VANA|KRW-XAUT
2026-04-28T09:15:00+00:00,1,-0.00173,KRW-ZKP
2026-04-28T11:45:00+00:00,1,0.00031,KRW-OPEN
2026-04-28T13:00:00+00:00,1,-0.00274,KRW-ZBT
2026-04-28T13:15:00+00:00,2,0.00042,KRW-SNT|KRW-ZKP
2026-04-28T17:30:00+00:00,1,0.00088,KRW-ZKP
2026-04-28T21:30:00+00:00,1,0.0005,KRW-PUMP
2026-04-28T23:00:00+00:00,1,0.00041,KRW-ZKP
2026-04-29T01:00:00+00:00,1,-0.00159,KRW-OPEN
2026-04-29T01:30:00+00:00,1,0.00143,KRW-BIRB
2026-04-29T02:00:00+00:00,1,-4e-05,KRW-CRO
2026-04-29T03:45:00+00:00,1,-0.00107,KRW-PUMP
2026-04-29T07:45:00+00:00,1,-0.00175,KRW-AKT
2026-04-29T08:15:00+00:00,1,0.00188,KRW-MANTRA
2026-04-29T10:15:00+00:00,1,0.00081,KRW-SHIB
2026-04-29T11:30:00+00:00,1,0.00152,KRW-FIL
2026-04-29T12:00:00+00:00,1,-0.00246,KRW-ARB
2026-04-29T12:15:00+00:00,2,-0.00224,KRW-PENGU|KRW-ZORA
2026-04-29T14:45:00+00:00,1,-0.00014,KRW-WLFI
2026-04-29T15:00:00+00:00,3,-0.00309,KRW-PUMP|KRW-SUI|KRW-XPL
2026-04-29T15:30:00+00:00,1,-0.00227,KRW-ENS
2026-04-29T18:00:00+00:00,10,-0.00764,KRW-AVAX|KRW-ETC|KRW-LINK|KRW-LSK|KRW-PEPE|KRW-POL|KRW-SAND|KRW-SHIB|KRW-UNI|KRW-VIRTUAL
2026-04-29T22:45:00+00:00,1,0.00018,KRW-WLFI
2026-04-30T00:15:00+00:00,1,0.00089,KRW-G
2026-04-30T02:30:00+00:00,4,-0.00508,KRW-APT|KRW-MANTRA|KRW-PEPE|KRW-PUMP
2026-04-30T05:15:00+00:00,1,-0.00251,KRW-OPEN
2026-04-30T10:00:00+00:00,1,-0.00147,KRW-WLFI
2026-04-30T11:00:00+00:00,1,0.00212,KRW-KAITO
2026-04-30T12:45:00+00:00,1,-0.00015,KRW-ELSA
2026-04-30T13:30:00+00:00,1,0.0049,KRW-ENSO
2026-04-30T16:15:00+00:00,1,-0.0013,KRW-APT
2026-04-30T22:30:00+00:00,1,-0.00057,KRW-APT
2026-05-01T00:30:00+00:00,1,3e-05,KRW-ENSO
2026-05-01T02:30:00+00:00,1,-0.00102,KRW-LA
2026-05-01T04:45:00+00:00,1,-0.00091,KRW-MON
2026-05-01T06:30:00+00:00,1,-0.00131,KRW-ZKP
2026-05-01T06:45:00+00:00,1,-3e-05,KRW-LA
2026-05-01T09:45:00+00:00,1,-0.00024,KRW-WLFI
2026-05-01T10:00:00+00:00,1,0.0001,KRW-TRUMP
2026-05-01T11:00:00+00:00,1,0.00016,KRW-OPEN
2026-05-01T12:30:00+00:00,1,0.00159,KRW-PENDLE
2026-05-01T14:15:00+00:00,1,-0.00517,KRW-WLFI
2026-05-01T15:30:00+00:00,1,0.00133,KRW-MANTRA
2026-05-01T17:00:00+00:00,1,0.00108,KRW-PENDLE
2026-05-02T01:00:00+00:00,1,0.00045,KRW-MANTRA
2026-05-02T01:15:00+00:00,1,-0.00052,KRW-BIO
2026-05-02T01:30:00+00:00,1,0.00028,KRW-APT
2026-05-02T02:00:00+00:00,1,-1e-05,KRW-WLFI
2026-05-02T04:45:00+00:00,1,-0.00071,KRW-AWE
2026-05-02T06:00:00+00:00,1,0.00014,KRW-MANTRA
2026-05-02T10:15:00+00:00,3,-0.00044,KRW-INJ|KRW-MANTRA|KRW-WLFI
2026-05-02T13:15:00+00:00,1,-0.00087,KRW-AKT
2026-05-02T13:45:00+00:00,1,0.00083,KRW-BIO
2026-05-03T00:00:00+00:00,2,-0.00049,KRW-ARB|KRW-MANTRA
2026-05-03T00:15:00+00:00,1,0.00144,KRW-LA
2026-05-03T00:30:00+00:00,2,0.00033,KRW-AKT|KRW-BIO
2026-05-03T04:45:00+00:00,1,-0.00027,KRW-AKT
2026-05-03T05:45:00+00:00,1,0.00055,KRW-TRX
2026-05-03T09:00:00+00:00,1,0.00027,KRW-AKT
2026-05-03T10:45:00+00:00,1,-0.00045,KRW-CRO
2026-05-03T11:30:00+00:00,1,0.00215,KRW-BIO
2026-05-03T11:45:00+00:00,1,-0.00128,KRW-DEEP
2026-05-03T14:45:00+00:00,1,0.00045,KRW-AKT
2026-05-04T00:00:00+00:00,3,-0.00175,KRW-ELSA|KRW-MANTRA|KRW-OPEN
2026-05-04T00:30:00+00:00,1,4e-05,KRW-AKT
2026-05-04T01:00:00+00:00,1,-0.00114,KRW-WLFI
2026-05-04T02:00:00+00:00,1,0.00198,KRW-PENGU
2026-05-04T06:15:00+00:00,1,-0.00333,KRW-UNI
2026-05-04T10:00:00+00:00,15,-0.01008,KRW-ARB|KRW-AVAX|KRW-BCH|KRW-LINK|KRW-NEAR|KRW-PENDLE|KRW-PENGU|KRW-PEPE|KRW-SAND|KRW-SEI|KRW-STX|KRW-SUI|KRW-VIRTUAL|KRW-XAUT|KRW-XEC
2026-05-04T10:15:00+00:00,1,-0.00232,KRW-UNI
2026-05-04T12:15:00+00:00,1,0.0019,KRW-TRX
2026-05-04T15:00:00+00:00,1,-0.0022,KRW-APT
2026-05-04T16:00:00+00:00,1,-0.0033,KRW-BONK
2026-05-04T16:15:00+00:00,1,0.00566,KRW-PENDLE
2026-05-04T18:15:00+00:00,1,-0.00192,KRW-WLFI
2026-05-05T00:15:00+00:00,2,-0.00044,KRW-ATH|KRW-HYPER
2026-05-05T03:00:00+00:00,1,0.00175,KRW-PENGU
2026-05-05T04:30:00+00:00,1,-0.0006,KRW-ZIL
2026-05-05T06:15:00+00:00,2,-0.00075,KRW-STEEM|KRW-STORJ
2026-05-05T09:00:00+00:00,1,-0.00141,KRW-ZIL
2026-05-05T11:15:00+00:00,1,0.00053,KRW-STEEM
2026-05-05T13:15:00+00:00,1,-0.00073,KRW-ZIL
2026-05-05T14:00:00+00:00,2,-0.00261,KRW-BCH|KRW-PENGU
2026-05-05T14:45:00+00:00,1,0.00095,KRW-CFG
2026-05-05T15:15:00+00:00,1,0.00049,KRW-EDGE
2026-05-05T15:30:00+00:00,2,0.00099,KRW-ATOM|KRW-STEEM
2026-05-05T16:15:00+00:00,1,-0.00091,KRW-VIRTUAL
2026-05-05T18:45:00+00:00,1,-0.00071,KRW-STX
2026-05-05T20:15:00+00:00,1,-0.00145,KRW-STORJ
2026-05-05T21:30:00+00:00,1,-0.00037,KRW-PENGU
2026-05-05T22:15:00+00:00,1,0.00039,KRW-ZIL
2026-05-05T23:00:00+00:00,1,-0.00012,KRW-STX
2026-05-05T23:15:00+00:00,1,-0.00246,KRW-STEEM
2026-05-06T00:15:00+00:00,1,-0.00235,KRW-BORA
2026-05-06T01:00:00+00:00,1,0.00116,KRW-PENDLE
2026-05-06T01:30:00+00:00,1,-9e-05,KRW-ELF
2026-05-06T01:45:00+00:00,1,0.00118,KRW-VIRTUAL
2026-05-06T02:00:00+00:00,1,-0.00142,KRW-FIL
2026-05-06T03:00:00+00:00,1,0.00053,KRW-ZIL
2026-05-06T03:15:00+00:00,1,0.00249,KRW-STEEM
2026-05-06T04:00:00+00:00,1,0.00024,KRW-STORJ
2026-05-06T04:15:00+00:00,1,-0.00131,KRW-ONT
2026-05-06T05:00:00+00:00,1,3e-05,KRW-BCH
2026-05-06T05:30:00+00:00,1,-0.00084,KRW-ELF
2026-05-06T06:00:00+00:00,1,-0.00072,KRW-FIL
2026-05-06T06:45:00+00:00,1,0.001,KRW-BONK
2026-05-06T08:15:00+00:00,1,-0.00087,KRW-ATH
2026-05-06T09:15:00+00:00,1,-0.00083,KRW-NEAR
2026-05-06T09:30:00+00:00,1,0.0017,KRW-STORJ
2026-05-06T11:00:00+00:00,1,0.00092,KRW-CRO
2026-05-06T12:45:00+00:00,1,-0.00159,KRW-VIRTUAL
2026-05-06T13:00:00+00:00,5,0.00058,KRW-BONK|KRW-LINK|KRW-PENGU|KRW-RENDER|KRW-SUI
2026-05-06T13:15:00+00:00,1,-0.00109,KRW-NEAR
2026-05-06T13:30:00+00:00,1,-0.00022,KRW-STORJ
2026-05-06T13:45:00+00:00,2,-0.00131,KRW-ATOM|KRW-FIL
2026-05-06T14:00:00+00:00,1,-0.00319,KRW-ETC
2026-05-06T14:45:00+00:00,1,-0.00235,KRW-JTO
2026-05-06T17:30:00+00:00,1,0.00051,KRW-STX
2026-05-06T20:30:00+00:00,1,-0.00176,KRW-NEAR
2026-05-06T23:00:00+00:00,1,-0.002,KRW-FIL
2026-05-07T00:00:00+00:00,3,-0.00079,KRW-JTO|KRW-LSK|KRW-STORJ
2026-05-07T00:15:00+00:00,1,-0.00166,KRW-ELF
2026-05-07T00:30:00+00:00,1,-0.00279,KRW-SUI
2026-05-07T01:00:00+00:00,2,0.00165,KRW-BIO|KRW-SEI
2026-05-07T01:15:00+00:00,1,0.00106,KRW-BIGTIME
2026-05-07T03:30:00+00:00,1,0.00025,KRW-VANA
2026-05-07T03:45:00+00:00,1,-0.00093,KRW-STX
2026-05-07T04:45:00+00:00,1,0.00109,KRW-SNT
2026-05-07T05:45:00+00:00,2,0.00016,KRW-FLOCK|KRW-PUMP
2026-05-07T06:00:00+00:00,1,-0.00176,KRW-VIRTUAL
2026-05-07T09:15:00+00:00,1,-0.00106,KRW-JUP
2026-05-07T10:00:00+00:00,2,-0.00042,KRW-FLOCK|KRW-VIRTUAL
2026-05-07T11:00:00+00:00,1,0.00105,KRW-JTO
2026-05-07T12:30:00+00:00,1,-0.00047,KRW-WLFI
2026-05-07T13:30:00+00:00,2,-0.00326,KRW-ALGO|KRW-JUP
2026-05-07T13:45:00+00:00,2,0.00017,KRW-CFG|KRW-STX
2026-05-07T14:15:00+00:00,1,-0.00202,KRW-VIRTUAL
2026-05-07T14:30:00+00:00,2,-0.00269,KRW-ETC|KRW-SUI
2026-05-07T15:15:00+00:00,2,-0.0034,KRW-ATOM|KRW-JTO
2026-05-07T18:00:00+00:00,1,-0.00029,KRW-PLUME
2026-05-07T19:45:00+00:00,1,-8e-05,KRW-JTO
2026-05-08T00:00:00+00:00,1,0.00101,KRW-ATOM
2026-05-08T00:15:00+00:00,3,0.00055,KRW-G|KRW-JTO|KRW-PUMP
2026-05-08T05:45:00+00:00,1,-0.00067,KRW-STX
2026-05-08T09:30:00+00:00,1,-0.00094,KRW-SAHARA
2026-05-08T09:45:00+00:00,1,0.00055,KRW-ELF
2026-05-08T10:15:00+00:00,1,0.00035,KRW-ETC
2026-05-08T13:15:00+00:00,1,-0.00053,KRW-PENDLE
2026-05-08T15:00:00+00:00,1,-0.00258,KRW-CRO
2026-05-08T15:45:00+00:00,1,0.00062,KRW-SAHARA
2026-05-08T16:15:00+00:00,1,-0.00053,KRW-FIL
2026-05-08T17:30:00+00:00,1,0.0013,KRW-JUP
2026-05-08T21:15:00+00:00,1,5e-05,KRW-LAYER
2026-05-09T00:00:00+00:00,1,-0.0003,KRW-JUP
2026-05-09T00:15:00+00:00,2,0.00072,KRW-BONK|KRW-VIRTUAL
2026-05-09T00:30:00+00:00,2,0.00086,KRW-MANTRA|KRW-SAHARA
2026-05-09T01:15:00+00:00,1,-0.00031,KRW-DEEP
2026-05-09T01:30:00+00:00,1,0.00148,KRW-SUI
2026-05-09T03:30:00+00:00,1,-0.00128,KRW-JTO
2026-05-09T04:15:00+00:00,1,-0.0012,KRW-JUP
2026-05-09T06:15:00+00:00,2,-0.00088,KRW-DEEP|KRW-SEI
2026-05-09T08:30:00+00:00,1,0.00062,KRW-SAHARA
2026-05-09T09:00:00+00:00,3,-0.00081,KRW-ARB|KRW-KITE|KRW-SUI
2026-05-09T09:15:00+00:00,1,-0.00068,KRW-ETC
2026-05-09T11:30:00+00:00,1,0.00045,KRW-OPEN
2026-05-09T12:30:00+00:00,1,6e-05,KRW-DEEP
2026-05-09T13:45:00+00:00,1,0.00044,KRW-SAHARA
2026-05-09T14:15:00+00:00,1,-0.00073,KRW-LAYER
2026-05-09T18:00:00+00:00,1,0.00037,KRW-SAHARA
2026-05-09T19:00:00+00:00,1,0.00028,KRW-LAYER
2026-05-09T21:30:00+00:00,1,-3e-05,KRW-KITE
2026-05-09T23:30:00+00:00,1,-0.00051,KRW-SEI
2026-05-09T23:45:00+00:00,1,0.00044,KRW-LAYER
2026-05-10T00:00:00+00:00,1,0.00123,KRW-OPEN
2026-05-10T00:30:00+00:00,3,0.00039,KRW-DEEP|KRW-SAHARA|KRW-SUI
2026-05-10T01:00:00+00:00,1,-0.00029,KRW-SNT
2026-05-10T01:30:00+00:00,2,0.00014,KRW-BORA|KRW-KITE
2026-05-10T02:30:00+00:00,1,7e-05,KRW-ERA
2026-05-10T04:15:00+00:00,1,0.00027,KRW-LAYER
2026-05-10T04:45:00+00:00,2,-3e-05,KRW-BSV|KRW-XEC
2026-05-10T05:15:00+00:00,1,-0.00016,KRW-W
2026-05-10T05:30:00+00:00,1,-0.00041,KRW-JTO
2026-05-10T05:45:00+00:00,4,-0.00052,KRW-BCH|KRW-ENS|KRW-MOVE|KRW-UNI
2026-05-10T06:15:00+00:00,1,8e-05,KRW-SNT
2026-05-10T06:30:00+00:00,1,-2e-05,KRW-ERA
2026-05-10T07:00:00+00:00,1,7e-05,KRW-ME
2026-05-10T08:30:00+00:00,1,1e-05,KRW-SOPH
2026-05-10T08:45:00+00:00,1,-0.00031,KRW-BSV
2026-05-10T09:00:00+00:00,1,0.00017,KRW-SUI
2026-05-10T09:15:00+00:00,1,3e-05,KRW-W
2026-05-10T09:45:00+00:00,1,-0.00015,KRW-XEC
2026-05-10T10:30:00+00:00,1,-3e-05,KRW-SNT
2026-05-10T10:45:00+00:00,1,0.00013,KRW-LAYER
2026-05-10T11:30:00+00:00,2,-3e-05,KRW-DEEP|KRW-LSK
2026-05-10T13:00:00+00:00,1,-3e-05,KRW-GAS
2026-05-10T13:15:00+00:00,1,0.00093,KRW-G
2026-05-10T14:15:00+00:00,2,-2e-05,KRW-UNI|KRW-W
2026-05-10T15:00:00+00:00,2,0.0006,KRW-BSV|KRW-SNT
2026-05-10T15:45:00+00:00,1,0.00288,KRW-LAYER
2026-05-10T16:30:00+00:00,1,-0.00066,KRW-SUI
2026-05-10T17:30:00+00:00,2,-0.00061,KRW-APT|KRW-PEPE
2026-05-10T19:00:00+00:00,1,0.00092,KRW-DEEP
2026-05-10T19:45:00+00:00,1,-8e-05,KRW-SEI
2026-05-10T20:30:00+00:00,4,-0.00244,KRW-ENS|KRW-ETHFI|KRW-SUI|KRW-XEC
2026-05-10T20:45:00+00:00,3,0.00131,KRW-AVAX|KRW-LINK|KRW-LSK
2026-05-10T21:00:00+00:00,1,-0.00188,KRW-LAYER
2026-05-11T00:00:00+00:00,4,-0.00124,KRW-BSV|KRW-GAS|KRW-SEI|KRW-SNT
2026-05-11T00:15:00+00:00,3,-0.00256,KRW-APT|KRW-ATOM|KRW-RENDER
2026-05-11T00:30:00+00:00,1,-0.00091,KRW-JUP
2026-05-11T00:45:00+00:00,1,-0.00138,KRW-ELF
2026-05-11T01:30:00+00:00,1,-0.00087,KRW-ENS
2026-05-11T02:00:00+00:00,1,-0.00131,KRW-AVAX
2026-05-11T02:45:00+00:00,1,-0.00012,KRW-MOVE
2026-05-11T04:45:00+00:00,1,0.00113,KRW-KITE
2026-05-11T05:30:00+00:00,1,-0.00096,KRW-SUI
2026-05-11T06:30:00+00:00,1,-0.00079,KRW-ENS
2026-05-11T06:45:00+00:00,1,-0.00034,KRW-MOVE
2026-05-11T07:45:00+00:00,1,0.00055,KRW-VANA
2026-05-11T09:00:00+00:00,1,0.00056,KRW-KITE
2026-05-11T09:30:00+00:00,1,-0.0003,KRW-FF
2026-05-11T10:00:00+00:00,1,0.00101,KRW-ME
2026-05-11T10:15:00+00:00,1,0.00158,KRW-ATOM
2026-05-11T10:45:00+00:00,1,-0.00152,KRW-KAITO
2026-05-11T11:00:00+00:00,1,0.00076,KRW-MOVE
2026-05-11T13:30:00+00:00,2,-0.0005,KRW-CRO|KRW-JUP
2026-05-11T16:15:00+00:00,1,-0.00032,KRW-POL
2026-05-11T22:45:00+00:00,1,0.00131,KRW-INJ
2026-05-12T00:15:00+00:00,1,0.00012,KRW-KITE
2026-05-12T00:30:00+00:00,1,0.00099,KRW-MOVE
2026-05-12T01:30:00+00:00,11,-0.00337,KRW-AVAX|KRW-BCH|KRW-BORA|KRW-ELSA|KRW-ENS|KRW-ETC|KRW-LINK|KRW-ME|KRW-MON|KRW-SHIB|KRW-W
2026-05-12T02:45:00+00:00,2,0.00079,KRW-ELF|KRW-TRX
2026-05-12T06:15:00+00:00,1,0.00056,KRW-CRO
2026-05-12T09:15:00+00:00,1,-0.00037,KRW-SAHARA
2026-05-12T12:30:00+00:00,1,0.00146,KRW-INJ
2026-05-12T14:45:00+00:00,1,-0.00295,KRW-RENDER
2026-05-12T15:00:00+00:00,1,0.00076,KRW-CRO
2026-05-12T18:45:00+00:00,1,0.00069,KRW-ATOM
2026-05-12T21:00:00+00:00,1,0.00017,KRW-KITE
2026-05-12T22:00:00+00:00,1,0.00091,KRW-TRUMP
2026-05-13T00:15:00+00:00,1,0.00184,KRW-MANTRA
2026-05-13T01:00:00+00:00,2,0.00313,KRW-KAITO|KRW-KITE
2026-05-13T03:00:00+00:00,1,2e-05,KRW-INJ
2026-05-13T05:30:00+00:00,1,-0.00071,KRW-ATOM
2026-05-13T07:00:00+00:00,1,-0.0005,KRW-BORA
2026-05-13T08:30:00+00:00,1,0.0003,KRW-INJ
2026-05-13T09:45:00+00:00,1,-1e-05,KRW-STX
2026-05-13T10:30:00+00:00,1,-0.00099,KRW-KAITO
2026-05-13T10:45:00+00:00,1,-0.00024,KRW-ATOM
2026-05-13T11:00:00+00:00,1,-0.00213,KRW-JUP
2026-05-13T11:30:00+00:00,1,0.00119,KRW-FF
2026-05-13T11:45:00+00:00,1,-0.00147,KRW-TRUMP
2026-05-13T12:30:00+00:00,11,-0.00176,KRW-ALGO|KRW-APT|KRW-AVAX|KRW-BERA|KRW-ETC|KRW-ETHFI|KRW-LINK|KRW-SOPH|KRW-TRX|KRW-UNI|KRW-VIRTUAL
2026-05-13T12:45:00+00:00,1,-0.00027,KRW-INJ
2026-05-13T13:45:00+00:00,2,-0.00253,KRW-SEI|KRW-XPL
2026-05-13T14:45:00+00:00,1,-0.00079,KRW-BORA
2026-05-13T15:00:00+00:00,1,-0.0027,KRW-STX
2026-05-13T15:30:00+00:00,1,-0.0007,KRW-KITE
2026-05-13T19:00:00+00:00,1,0.00072,KRW-INJ
2026-05-13T21:15:00+00:00,1,-0.00052,KRW-ETHFI
2026-05-13T22:00:00+00:00,1,-0.00071,KRW-STX
2026-05-13T23:15:00+00:00,1,-0.00085,KRW-INJ
2026-05-14T03:30:00+00:00,1,-0.00157,KRW-FF
2026-05-14T03:45:00+00:00,1,-0.00177,KRW-KITE
2026-05-14T10:45:00+00:00,1,0.00189,KRW-KITE
2026-05-14T14:30:00+00:00,1,0.00184,KRW-TRX
2026-05-14T17:00:00+00:00,2,-0.00095,KRW-LINK|KRW-UNI
2026-05-14T18:45:00+00:00,1,-0.00019,KRW-COW
2026-05-15T05:30:00+00:00,4,-0.00221,KRW-APT|KRW-BORA|KRW-CRO|KRW-GAS
2026-05-15T11:00:00+00:00,1,-0.0006,KRW-FF
2026-05-15T13:30:00+00:00,22,-0.00956,KRW-ATH|KRW-AVAX|KRW-BARD|KRW-BERA|KRW-BORA|KRW-ETC|KRW-GAS|KRW-KAITO|KRW-LINK|KRW-MON|KRW-PEPE|KRW-POL|KRW-PYTH|KRW-RENDER|KRW-SAND|KRW-SHIB|KRW-TRUMP|KRW-VIRTUAL|KRW-W|KRW-XPL|KRW-ZORA|KRW-ZRO
2026-05-15T13:45:00+00:00,9,-0.00381,KRW-ARB|KRW-BCH|KRW-ENS|KRW-ETHFI|KRW-ID|KRW-LA|KRW-LSK|KRW-SOPH|KRW-WAVES
2026-05-15T16:00:00+00:00,1,0.00074,KRW-STORJ
2026-05-16T00:00:00+00:00,1,0.0001,KRW-STORJ
2026-05-16T00:30:00+00:00,1,0.00089,KRW-BORA
2026-05-16T04:15:00+00:00,1,-0.00028,KRW-COW
2026-05-16T07:00:00+00:00,6,-0.00254,KRW-AVAX|KRW-BCH|KRW-BONK|KRW-ETHFI|KRW-GAS|KRW-LINK
2026-05-16T07:15:00+00:00,2,0.00205,KRW-ELF|KRW-TRX
2026-05-16T08:45:00+00:00,2,-0.00088,KRW-AWE|KRW-BORA
2026-05-16T09:15:00+00:00,2,-0.00228,KRW-SNT|KRW-ZORA
2026-05-16T10:00:00+00:00,1,-0.00205,KRW-ID
2026-05-16T13:15:00+00:00,1,-9e-05,KRW-ELF
2026-05-17T00:00:00+00:00,2,0.00077,KRW-ELF|KRW-STEEM
2026-05-17T01:15:00+00:00,1,-0.00189,KRW-ATOM
2026-05-17T01:45:00+00:00,1,0.00011,KRW-BORA
2026-05-17T03:15:00+00:00,1,9e-05,KRW-SNT
2026-05-17T10:45:00+00:00,1,-0.00026,KRW-OPEN
2026-05-17T14:15:00+00:00,1,-0.00049,KRW-BORA
2026-05-17T15:45:00+00:00,1,-1e-05,KRW-KAITO
2026-05-17T19:45:00+00:00,1,0.00036,KRW-ELF
2026-05-17T23:00:00+00:00,1,-0.00114,KRW-OPEN
2026-05-17T23:30:00+00:00,25,-0.004,KRW-APT|KRW-ARB|KRW-AVAX|KRW-BARD|KRW-BONK|KRW-CHZ|KRW-DOT|KRW-ETC|KRW-ETHFI|KRW-GAS|KRW-LINK|KRW-LSK|KRW-MANTRA|KRW-PEPE|KRW-POL|KRW-PUMP|KRW-PYTH|KRW-RENDER|KRW-SAND|KRW-SHIB|KRW-SOPH|KRW-VIRTUAL|KRW-WAVES|KRW-XPL|KRW-ZORA
2026-05-18T00:00:00+00:00,3,-0.00601,KRW-BERA|KRW-KAITO|KRW-TRX
2026-05-18T00:15:00+00:00,1,-0.00131,KRW-G
2026-05-18T00:45:00+00:00,1,0.00162,KRW-SIGN
2026-05-18T01:30:00+00:00,1,-0.00161,KRW-BCH
2026-05-18T06:15:00+00:00,1,-0.00152,KRW-BCH
2026-05-18T07:30:00+00:00,1,-0.00064,KRW-ELF
2026-05-18T08:15:00+00:00,1,-0.0014,KRW-COW
2026-05-18T08:45:00+00:00,1,0.00052,KRW-HYPER
2026-05-18T10:15:00+00:00,1,-0.00046,KRW-BCH
2026-05-18T12:45:00+00:00,1,-0.0011,KRW-OPEN
2026-05-18T14:30:00+00:00,1,-0.00181,KRW-CRO
2026-05-19T00:15:00+00:00,1,0.0009,KRW-ONT
2026-05-19T01:15:00+00:00,1,-0.00554,KRW-SOPH
2026-05-19T04:00:00+00:00,1,0.00072,KRW-XAUT
2026-05-19T04:30:00+00:00,1,0.00249,KRW-ONT
2026-05-19T06:30:00+00:00,1,0.00145,KRW-FF
2026-05-19T09:30:00+00:00,1,0.001,KRW-ONT
2026-05-19T12:00:00+00:00,1,-0.00026,KRW-PYTH
2026-05-19T14:00:00+00:00,1,-0.00298,KRW-ONT
2026-05-19T14:30:00+00:00,1,0.00032,KRW-BCH
2026-05-19T21:30:00+00:00,1,0.00067,KRW-ONT
2026-05-20T00:15:00+00:00,1,-4e-05,KRW-GAS
2026-05-20T02:15:00+00:00,1,0.00017,KRW-IN
2026-05-20T02:45:00+00:00,1,-0.00025,KRW-BARD
2026-05-20T09:00:00+00:00,1,-0.00079,KRW-PYTH
2026-05-20T09:45:00+00:00,1,-0.00043,KRW-ZORA
2026-05-21T07:00:00+00:00,2,0.00038,KRW-BERA|KRW-ZKP
2026-05-21T09:45:00+00:00,1,-0.00056,KRW-AVNT
2026-05-21T10:00:00+00:00,1,1e-05,KRW-ZAMA
2026-05-21T10:15:00+00:00,3,-0.00267,KRW-CHZ|KRW-DOT|KRW-PUMP
2026-05-21T11:45:00+00:00,1,-0.00152,KRW-OPEN
2026-05-22T00:45:00+00:00,1,-0.00037,KRW-ATH
2026-05-22T02:45:00+00:00,1,0.00029,KRW-NEAR
2026-05-22T04:00:00+00:00,1,0.00049,KRW-ATOM
2026-05-22T05:15:00+00:00,1,-2e-05,KRW-RENDER
2026-05-22T08:30:00+00:00,2,-0.00148,KRW-ATH|KRW-NEAR
2026-05-22T12:15:00+00:00,1,-0.00109,KRW-ATOM
2026-05-22T13:15:00+00:00,2,-0.00159,KRW-LINK|KRW-RENDER
2026-05-22T13:45:00+00:00,2,0.00051,KRW-NEAR|KRW-TRX
2026-05-22T14:00:00+00:00,1,-0.00163,KRW-VIRTUAL
2026-05-22T14:15:00+00:00,1,-0.00164,KRW-IN
2026-05-22T14:30:00+00:00,1,-0.00132,KRW-KITE
2026-05-22T16:15:00+00:00,1,0.00052,KRW-ATOM
2026-05-22T19:00:00+00:00,1,-0.00328,KRW-IN
2026-05-22T19:30:00+00:00,2,-0.00385,KRW-CHZ|KRW-ETC
2026-05-22T20:15:00+00:00,1,-0.00033,KRW-NEAR
2026-05-22T22:30:00+00:00,1,-0.00214,KRW-RENDER
2026-05-22T23:15:00+00:00,1,-0.00084,KRW-UNI
2026-05-22T23:45:00+00:00,2,-0.00161,KRW-CHZ|KRW-LINK
2026-05-23T00:00:00+00:00,2,-0.00034,KRW-ETHFI|KRW-IN
2026-05-23T00:15:00+00:00,1,-0.00081,KRW-LSK
2026-05-23T00:30:00+00:00,1,-0.00215,KRW-EDGE
2026-05-23T00:45:00+00:00,2,0.00021,KRW-KITE|KRW-WAVES
2026-05-23T01:00:00+00:00,2,0.00047,KRW-G|KRW-NEAR
2026-05-23T01:30:00+00:00,1,-0.00072,KRW-STEEM
2026-05-23T03:45:00+00:00,1,-0.00054,KRW-ZORA
2026-05-23T04:30:00+00:00,1,0.00059,KRW-IN
2026-05-23T05:45:00+00:00,1,-0.00042,KRW-LSK
2026-05-23T07:45:00+00:00,26,-0.00679,KRW-AAVE|KRW-APT|KRW-ARB|KRW-ATH|KRW-AVAX|KRW-BARD|KRW-CHZ|KRW-DOT|KRW-ETC|KRW-ETHFI|KRW-FF|KRW-LINK|KRW-PEPE|KRW-PUMP|KRW-PYTH|KRW-RENDER|KRW-SEI|KRW-SHIB|KRW-SOON|KRW-SUI|KRW-TAO|KRW-VIRTUAL|KRW-WAVES|KRW-XPL|KRW-ZORA|KRW-ZRO
2026-05-23T08:00:00+00:00,1,0.00017,KRW-ME
2026-05-23T09:00:00+00:00,1,-0.00038,KRW-BCH
2026-05-23T09:30:00+00:00,1,0.00191,KRW-IN
2026-05-23T10:30:00+00:00,1,0.00139,KRW-TRX
2026-05-23T14:30:00+00:00,1,0.00268,KRW-IN
2026-05-23T15:15:00+00:00,1,-0.00089,KRW-ME
2026-05-23T17:30:00+00:00,2,-0.0002,KRW-NEAR|KRW-PUMP
2026-05-23T22:30:00+00:00,1,0.0002,KRW-PUMP
2026-05-24T00:00:00+00:00,1,-0.00097,KRW-NEAR
2026-05-24T00:15:00+00:00,1,0.00012,KRW-STEEM
2026-05-24T00:30:00+00:00,2,0.00193,KRW-LSK|KRW-WAVES
2026-05-24T01:30:00+00:00,1,-0.00082,KRW-RENDER
2026-05-24T01:45:00+00:00,1,0.0006,KRW-IN
2026-05-24T07:45:00+00:00,1,-0.00084,KRW-PLUME
2026-05-24T11:00:00+00:00,1,0.00206,KRW-IN
2026-05-24T11:15:00+00:00,1,-0.0003,KRW-ME
2026-05-24T11:45:00+00:00,1,0.00028,KRW-WAVES
2026-05-24T12:00:00+00:00,2,-0.00156,KRW-KAITO|KRW-PLUME
2026-05-24T12:15:00+00:00,1,-0.00093,KRW-RENDER
2026-05-24T12:30:00+00:00,1,3e-05,KRW-AWE
2026-05-24T15:15:00+00:00,1,-0.00036,KRW-NEAR
2026-05-24T16:15:00+00:00,1,-3e-05,KRW-WAVES
2026-05-24T21:30:00+00:00,4,-0.00329,KRW-BCH|KRW-CHZ|KRW-PLUME|KRW-TAO
2026-05-24T21:45:00+00:00,1,-0.00032,KRW-WAVES
2026-05-25T00:15:00+00:00,1,0.0002,KRW-IN
2026-05-25T00:45:00+00:00,1,-0.00016,KRW-SOON
2026-05-25T05:00:00+00:00,1,0.00022,KRW-SOON
2026-05-25T06:45:00+00:00,1,6e-05,KRW-ERA
2026-05-25T07:00:00+00:00,1,-0.00115,KRW-ATOM
2026-05-25T07:15:00+00:00,1,-0.00034,KRW-UNI
2026-05-25T08:00:00+00:00,1,-0.00088,KRW-IN
2026-05-25T09:00:00+00:00,1,0.00056,KRW-LA
2026-05-25T09:45:00+00:00,1,0.00057,KRW-RED
2026-05-25T10:30:00+00:00,1,0.0,KRW-SOON
2026-05-25T10:45:00+00:00,1,-3e-05,KRW-AWE
2026-05-25T11:00:00+00:00,1,-0.00157,KRW-RENDER
2026-05-25T11:30:00+00:00,1,0.001,KRW-ERA
2026-05-25T15:15:00+00:00,1,-0.00119,KRW-KAITO
2026-05-25T16:00:00+00:00,1,-0.001,KRW-RENDER
2026-05-25T19:15:00+00:00,1,-0.00052,KRW-ERA
2026-05-25T23:45:00+00:00,1,-0.00035,KRW-ERA
2026-05-26T00:15:00+00:00,1,-0.00177,KRW-EDGE
2026-05-26T00:30:00+00:00,4,-0.00326,KRW-ARB|KRW-CHZ|KRW-RVN|KRW-TREE
2026-05-26T00:45:00+00:00,2,-0.0009,KRW-IN|KRW-SIGN
2026-05-26T01:15:00+00:00,2,-0.00082,KRW-ESP|KRW-TAO
2026-05-26T01:30:00+00:00,1,-0.00169,KRW-RENDER
2026-05-26T02:00:00+00:00,1,2e-05,KRW-MMT
2026-05-26T03:15:00+00:00,1,-0.00039,KRW-ATOM
2026-05-26T04:30:00+00:00,1,0.00077,KRW-RVN
2026-05-26T05:30:00+00:00,1,0.00074,KRW-EDGE
2026-05-26T06:00:00+00:00,1,-0.00045,KRW-MMT
2026-05-26T06:15:00+00:00,1,-0.00085,KRW-RENDER
2026-05-26T11:00:00+00:00,1,-0.00258,KRW-RENDER
2026-05-26T11:45:00+00:00,2,0.00041,KRW-ATOM|KRW-NEAR
2026-05-26T12:00:00+00:00,3,-0.00262,KRW-IN|KRW-MMT|KRW-VIRTUAL
2026-05-26T12:30:00+00:00,1,0.00132,KRW-ATH
2026-05-26T14:30:00+00:00,1,-0.01136,KRW-ETHFI
2026-05-26T17:15:00+00:00,1,-0.00341,KRW-MMT
2026-05-26T23:45:00+00:00,1,-0.00102,KRW-NEAR
2026-05-27T00:15:00+00:00,1,-0.00107,KRW-0G
2026-05-27T01:30:00+00:00,1,-0.00026,KRW-MMT
2026-05-27T01:45:00+00:00,1,0.00022,KRW-SEI
2026-05-27T02:15:00+00:00,2,-0.001,KRW-RVN|KRW-TAO
2026-05-27T03:45:00+00:00,2,-0.00095,KRW-ETHFI|KRW-SIGN
2026-05-27T04:00:00+00:00,1,0.00013,KRW-BARD
2026-05-27T04:15:00+00:00,1,-0.00317,KRW-RENDER
2026-05-27T04:30:00+00:00,2,-0.00266,KRW-0G|KRW-PEPE
2026-05-27T10:00:00+00:00,1,-0.00049,KRW-SEI
2026-05-27T10:30:00+00:00,2,-0.00156,KRW-GAS|KRW-ONT
2026-05-27T11:45:00+00:00,1,-0.00156,KRW-KAITO
2026-05-27T13:30:00+00:00,2,-0.00384,KRW-FF|KRW-ZAMA
2026-05-27T14:00:00+00:00,1,-0.00093,KRW-FIL
2026-05-27T14:15:00+00:00,1,-0.00392,KRW-BIRB
2026-05-27T21:30:00+00:00,5,-0.00354,KRW-DATA|KRW-ETHFI|KRW-MON|KRW-RVN|KRW-SEI
2026-05-27T21:45:00+00:00,2,-0.00074,KRW-ATH|KRW-GAS
2026-05-27T23:15:00+00:00,2,-0.00287,KRW-BARD|KRW-UNI
2026-05-28T01:30:00+00:00,1,-0.00144,KRW-SEI
2026-05-28T03:15:00+00:00,13,-0.00544,KRW-AVAX|KRW-BARD|KRW-DOOD|KRW-DOT|KRW-ETC|KRW-ETHFI|KRW-G|KRW-GAS|KRW-LINK|KRW-PUMP|KRW-STX|KRW-UNI|KRW-XPL
2026-05-28T03:30:00+00:00,2,-0.00452,KRW-AAVE|KRW-SIGN
2026-05-28T03:45:00+00:00,1,-0.00283,KRW-ID
2026-05-28T04:00:00+00:00,6,-0.00297,KRW-0G|KRW-ATOM|KRW-CHZ|KRW-DATA|KRW-PYTH|KRW-SAND
2026-05-28T04:15:00+00:00,2,-0.00258,KRW-BERA|KRW-BIRB
2026-05-28T05:15:00+00:00,2,-0.00068,KRW-COW|KRW-ZAMA
2026-05-28T05:45:00+00:00,1,0.00017,KRW-BCH
2026-05-28T06:00:00+00:00,1,-0.0002,KRW-EDGE
2026-05-28T09:00:00+00:00,1,-0.00096,KRW-MON
2026-05-28T09:15:00+00:00,1,0.00142,KRW-TRX
2026-05-28T10:00:00+00:00,1,0.00043,KRW-BARD
2026-05-28T10:45:00+00:00,1,-0.00217,KRW-BIRB
2026-05-28T11:15:00+00:00,1,-0.00027,KRW-BCH
2026-05-28T12:15:00+00:00,1,-0.00174,KRW-ZAMA
2026-05-28T13:15:00+00:00,1,-0.00212,KRW-MON
2026-05-28T14:00:00+00:00,3,0.00424,KRW-AAVE|KRW-JUP|KRW-ZRO
2026-05-28T14:45:00+00:00,1,0.0023,KRW-HBAR
2026-05-28T15:00:00+00:00,1,-0.00161,KRW-MMT
2026-05-28T18:15:00+00:00,1,0.00058,KRW-BCH
2026-05-28T20:45:00+00:00,1,-0.00027,KRW-ETHFI
2026-05-28T22:30:00+00:00,1,-0.0027,KRW-BCH
2026-05-28T23:30:00+00:00,1,-0.00078,KRW-ZAMA
2026-05-29T00:15:00+00:00,1,0.00084,KRW-HBAR
2026-05-29T00:30:00+00:00,1,-0.00078,KRW-ID
2026-05-29T01:00:00+00:00,2,0.00097,KRW-ALGO|KRW-EDGE
2026-05-29T02:30:00+00:00,1,-0.00099,KRW-BORA
2026-05-29T04:30:00+00:00,1,0.00098,KRW-ID
2026-05-29T06:15:00+00:00,1,0.00161,KRW-HBAR
2026-05-29T07:30:00+00:00,1,-0.00461,KRW-RENDER
2026-05-29T08:00:00+00:00,1,0.00299,KRW-DOOD
2026-05-29T08:15:00+00:00,1,0.00182,KRW-TRX
2026-05-29T08:30:00+00:00,1,0.00052,KRW-UNI
2026-05-29T09:00:00+00:00,1,0.00159,KRW-ID
2026-05-29T09:15:00+00:00,1,0.0016,KRW-PYTH
2026-05-29T11:00:00+00:00,1,9e-05,KRW-HBAR
2026-05-29T11:15:00+00:00,1,-0.00071,KRW-ZAMA
2026-05-29T11:30:00+00:00,1,-0.00116,KRW-COW
2026-05-29T12:00:00+00:00,1,-0.00094,KRW-NEAR
2026-05-29T12:30:00+00:00,2,-0.00068,KRW-CHZ|KRW-SOPH
2026-05-29T13:00:00+00:00,1,-0.00288,KRW-ID
2026-05-29T14:15:00+00:00,1,-0.00393,KRW-INJ
2026-05-29T14:30:00+00:00,1,-0.00098,KRW-AVAX
2026-05-29T17:00:00+00:00,1,0.00265,KRW-ID
2026-05-29T21:15:00+00:00,2,-0.00334,KRW-ALGO|KRW-LA
2026-05-29T21:45:00+00:00,2,-0.00078,KRW-HBAR|KRW-XPL
2026-05-29T22:00:00+00:00,1,-0.00026,KRW-ID
2026-05-30T00:45:00+00:00,1,-2e-05,KRW-COW
2026-05-30T01:00:00+00:00,1,0.0008,KRW-ENS
2026-05-30T01:15:00+00:00,1,0.00095,KRW-ERA
2026-05-30T02:15:00+00:00,2,-0.00119,KRW-ALGO|KRW-HBAR
2026-05-30T03:00:00+00:00,1,0.0009,KRW-AXS
2026-05-30T04:15:00+00:00,3,-0.00104,KRW-ID|KRW-SEI|KRW-ZKP
2026-05-30T04:30:00+00:00,1,-0.00041,KRW-G
2026-05-30T07:30:00+00:00,1,-0.00083,KRW-INJ
2026-05-30T08:15:00+00:00,1,-0.00017,KRW-ZAMA
2026-05-30T08:30:00+00:00,2,-0.00022,KRW-AXS|KRW-G
2026-05-30T09:30:00+00:00,1,0.00052,KRW-ID
2026-05-30T10:30:00+00:00,1,-2e-05,KRW-SOPH
2026-05-30T12:30:00+00:00,1,0.00011,KRW-AXS
2026-05-30T13:15:00+00:00,1,0.00039,KRW-HBAR
2026-05-30T13:30:00+00:00,1,-0.00038,KRW-BIRB
2026-05-30T14:30:00+00:00,1,0.00025,KRW-ALGO
2026-05-30T14:45:00+00:00,1,-0.00154,KRW-ID
2026-05-30T17:30:00+00:00,1,-0.00076,KRW-AVNT
2026-05-30T22:30:00+00:00,2,-0.00027,KRW-AXS|KRW-HBAR
2026-05-31T00:15:00+00:00,1,0.00104,KRW-CHIP
2026-05-31T02:00:00+00:00,2,0.0009,KRW-PRL|KRW-TRX
2026-05-31T06:45:00+00:00,1,-0.00044,KRW-STEEM
2026-05-31T08:00:00+00:00,1,0.00027,KRW-MOVE
2026-05-31T08:15:00+00:00,1,0.00079,KRW-LA
2026-05-31T08:30:00+00:00,2,-0.00038,KRW-HYPER|KRW-SNT
2026-05-31T09:00:00+00:00,1,-0.00024,KRW-MET2
2026-05-31T09:45:00+00:00,1,-0.00196,KRW-BARD
2026-05-31T10:00:00+00:00,2,0.00107,KRW-SIGN|KRW-ZORA
2026-05-31T10:45:00+00:00,1,2e-05,KRW-LSK
2026-05-31T12:00:00+00:00,2,-0.00013,KRW-ALGO|KRW-MANTRA
2026-05-31T12:15:00+00:00,1,-1e-05,KRW-BIGTIME
2026-05-31T14:00:00+00:00,1,-0.00133,KRW-BARD
2026-05-31T14:15:00+00:00,2,-0.00247,KRW-UNI|KRW-ZRO
2026-05-31T20:00:00+00:00,1,0.00134,KRW-ZORA
2026-06-01T00:45:00+00:00,1,-0.00067,KRW-ZORA
2026-06-01T01:30:00+00:00,1,-0.00092,KRW-DATA
2026-06-01T01:45:00+00:00,1,-0.00245,KRW-W
2026-06-01T05:15:00+00:00,1,-0.00232,KRW-ELF
2026-06-01T06:15:00+00:00,3,-0.00191,KRW-BERA|KRW-W|KRW-ZORA
2026-06-01T07:45:00+00:00,1,-0.00188,KRW-BCH
2026-06-01T10:15:00+00:00,1,-0.00228,KRW-DOOD
2026-06-01T11:30:00+00:00,1,0.00039,KRW-NEAR
2026-06-01T12:00:00+00:00,3,-0.00566,KRW-ESP|KRW-MET2|KRW-W
2026-06-01T13:45:00+00:00,1,0.00116,KRW-DOT
2026-06-01T17:15:00+00:00,1,0.00037,KRW-PIEVERSE
2026-06-02T01:45:00+00:00,1,-0.00476,KRW-DOT
2026-06-02T02:00:00+00:00,5,-0.00482,KRW-AAVE|KRW-AVAX|KRW-SIGN|KRW-UNI|KRW-W
2026-06-02T03:45:00+00:00,1,0.00115,KRW-ZORA
2026-06-02T09:15:00+00:00,1,-0.00313,KRW-COW
2026-06-02T11:45:00+00:00,1,3e-05,KRW-PIEVERSE
2026-06-02T14:15:00+00:00,27,-0.00551,KRW-0G|KRW-AAVE|KRW-APT|KRW-ARB|KRW-ATH|KRW-AVAX|KRW-BERA|KRW-CHZ|KRW-COW|KRW-DATA|KRW-DOOD|KRW-DOT|KRW-ENS|KRW-ETC|KRW-ETHFI|KRW-GAS|KRW-KAT|KRW-LINK|KRW-PEPE|KRW-RENDER|KRW-SAND|KRW-SEI|KRW-SHIB|KRW-STX|KRW-UNI|KRW-XPL|KRW-ZORA
2026-06-02T15:15:00+00:00,3,-0.00533,KRW-BONK|KRW-CC|KRW-PUMP
2026-06-02T15:30:00+00:00,1,-0.0003,KRW-NEAR
2026-06-02T18:30:00+00:00,1,0.00053,KRW-SHIB
2026-06-02T22:45:00+00:00,6,-0.00919,KRW-BCH|KRW-BERA|KRW-ETC|KRW-ETHFI|KRW-SAND|KRW-SHIB
2026-06-02T23:15:00+00:00,2,-0.00287,KRW-CHZ|KRW-ZKP
2026-06-03T01:15:00+00:00,1,0.00313,KRW-PIEVERSE
2026-06-03T01:30:00+00:00,1,-0.00834,KRW-DOOD
2026-06-03T03:30:00+00:00,2,-0.00459,KRW-AVAX|KRW-BCH
2026-06-03T04:00:00+00:00,1,0.00789,KRW-CC
2026-06-03T07:30:00+00:00,1,-0.00019,KRW-DOOD
2026-06-03T09:30:00+00:00,1,-0.00126,KRW-BCH
2026-06-03T12:15:00+00:00,1,0.00093,KRW-ZORA
2026-06-03T12:30:00+00:00,1,-0.0006,KRW-PIEVERSE
2026-06-03T14:15:00+00:00,2,-0.00158,KRW-BCH|KRW-NEAR
2026-06-03T16:00:00+00:00,1,0.00157,KRW-CHZ
2026-06-03T19:15:00+00:00,1,-0.00406,KRW-ZRO
2026-06-03T22:15:00+00:00,1,-0.00237,KRW-ARB
2026-06-04T00:15:00+00:00,1,-0.01256,KRW-RENDER
2026-06-04T00:30:00+00:00,1,0.00229,KRW-EDGE
2026-06-04T01:00:00+00:00,1,-0.0035,KRW-XPL
2026-06-04T01:15:00+00:00,21,-0.00705,KRW-0G|KRW-AVAX|KRW-BCH|KRW-CHZ|KRW-DATA|KRW-ELSA|KRW-ENS|KRW-ETC|KRW-G|KRW-GAS|KRW-JUP|KRW-LA|KRW-LINK|KRW-PEPE|KRW-SAND|KRW-SHIB|KRW-SOPH|KRW-STX|KRW-TAO|KRW-TREE|KRW-UNI
2026-06-04T01:45:00+00:00,5,-0.00958,KRW-MANTRA|KRW-MET2|KRW-SIGN|KRW-VIRTUAL|KRW-ZORA
2026-06-04T02:00:00+00:00,20,0.00476,KRW-AAVE|KRW-APT|KRW-ATH|KRW-AVNT|KRW-AXS|KRW-BERA|KRW-BIRB|KRW-BONK|KRW-DOT|KRW-ETHFI|KRW-KAT|KRW-MIRA|KRW-POL|KRW-PYTH|KRW-SKR|KRW-SUI|KRW-TRUMP|KRW-W|KRW-WLFI|KRW-ZRO
2026-06-04T05:00:00+00:00,1,-0.00766,KRW-NEAR
2026-06-04T05:45:00+00:00,1,-0.00533,KRW-AVAX
2026-06-04T06:15:00+00:00,1,0.00112,KRW-ZORA
2026-06-04T07:00:00+00:00,1,-0.00312,KRW-ZRO
2026-06-04T08:30:00+00:00,1,-0.00042,KRW-CC
2026-06-04T09:00:00+00:00,1,-0.0047,KRW-CHZ
2026-06-04T09:15:00+00:00,2,-0.00829,KRW-TRX|KRW-XPL
2026-06-04T09:30:00+00:00,1,0.00055,KRW-ELF
2026-06-04T11:30:00+00:00,1,-0.00653,KRW-ZBT
2026-06-04T12:00:00+00:00,1,-0.00024,KRW-NEAR
2026-06-04T13:15:00+00:00,1,-0.00753,KRW-CHZ
2026-06-04T21:30:00+00:00,1,-0.00017,KRW-ZRO
2026-06-04T23:00:00+00:00,1,-0.00228,KRW-ESP
2026-06-04T23:30:00+00:00,1,0.00369,KRW-CC
2026-06-05T00:15:00+00:00,1,0.0021,KRW-ELSA
2026-06-05T00:45:00+00:00,1,-0.00439,KRW-PRL
2026-06-05T02:30:00+00:00,1,0.00136,KRW-NEAR
2026-06-05T02:45:00+00:00,3,-0.00308,KRW-0G|KRW-RENDER|KRW-XPL
2026-06-05T04:00:00+00:00,1,0.0014,KRW-SKR
2026-06-05T06:00:00+00:00,6,-0.00207,KRW-APT|KRW-DOT|KRW-LINK|KRW-PEPE|KRW-SHIB|KRW-VIRTUAL
2026-06-05T06:15:00+00:00,20,-0.00349,KRW-AAVE|KRW-ALGO|KRW-ARB|KRW-AVAX|KRW-BCH|KRW-BONK|KRW-CHZ|KRW-DATA|KRW-ENS|KRW-ETC|KRW-GAS|KRW-PENGU|KRW-POL|KRW-PUMP|KRW-SAND|KRW-STX|KRW-TAO|KRW-TRUMP|KRW-UNI|KRW-W
2026-06-05T07:00:00+00:00,1,-0.00454,KRW-NEAR
2026-06-05T08:45:00+00:00,1,-0.00207,KRW-SKR
2026-06-05T09:45:00+00:00,1,0.00054,KRW-MET2
2026-06-05T11:15:00+00:00,1,0.00258,KRW-LA
2026-06-05T11:30:00+00:00,1,-0.0047,KRW-PLUME
2026-06-05T13:45:00+00:00,2,-0.01383,KRW-AAVE|KRW-STX
2026-06-05T15:00:00+00:00,1,-0.0044,KRW-XPL
2026-06-05T15:30:00+00:00,3,-0.00564,KRW-CC|KRW-PUMP|KRW-SKR
2026-06-05T16:00:00+00:00,1,0.00858,KRW-POL
2026-06-05T23:30:00+00:00,1,-0.00191,KRW-MET2
2026-06-06T01:00:00+00:00,1,-0.00219,KRW-LA
2026-06-06T04:00:00+00:00,5,-0.00729,KRW-AAVE|KRW-ARB|KRW-AVAX|KRW-SHIB|KRW-XPL
2026-06-06T04:15:00+00:00,2,-0.00289,KRW-DOOD|KRW-SAND
2026-06-06T04:30:00+00:00,5,-0.0003,KRW-BONK|KRW-ELF|KRW-ELSA|KRW-ENS|KRW-ETC
2026-06-06T05:30:00+00:00,1,0.00034,KRW-HOLO
2026-06-06T06:45:00+00:00,1,-0.00106,KRW-SNT
2026-06-06T07:45:00+00:00,1,-0.00087,KRW-FF
2026-06-06T10:00:00+00:00,1,-0.00576,KRW-AVAX
2026-06-06T22:15:00+00:00,1,-0.00218,KRW-CC
2026-06-07T00:45:00+00:00,2,0.00027,KRW-MIRA|KRW-TREE
2026-06-07T01:30:00+00:00,1,-0.00292,KRW-AKT
2026-06-07T08:00:00+00:00,1,-0.00146,KRW-JTO
2026-06-07T12:30:00+00:00,1,-0.00471,KRW-JTO
2026-06-07T22:15:00+00:00,3,-0.01017,KRW-AVAX|KRW-GAS|KRW-ZIL
2026-06-08T00:15:00+00:00,1,0.00479,KRW-BORA
2026-06-08T00:45:00+00:00,1,-0.0009,KRW-FLOCK
2026-06-08T01:00:00+00:00,1,-0.0099,KRW-HYPER
2026-06-08T02:00:00+00:00,1,-0.00126,KRW-ATH
2026-06-08T04:00:00+00:00,1,-0.00221,KRW-MOVE
2026-06-08T05:30:00+00:00,1,-0.00526,KRW-XAUT
2026-06-08T08:15:00+00:00,2,-0.00119,KRW-BCH|KRW-MEGA
2026-06-08T09:30:00+00:00,1,6e-05,KRW-MOVE
2026-06-08T11:15:00+00:00,1,0.0016,KRW-BERA
2026-06-08T11:30:00+00:00,2,0.0009,KRW-ME|KRW-ZBT
2026-06-08T13:45:00+00:00,1,0.00428,KRW-BIO
2026-06-08T14:15:00+00:00,1,-0.00032,KRW-MOVE
2026-06-08T15:45:00+00:00,1,-0.00112,KRW-BERA
2026-06-09T00:30:00+00:00,1,-0.00113,KRW-PENGU
2026-06-09T01:30:00+00:00,3,-0.00132,KRW-DATA|KRW-ME|KRW-MOVE
2026-06-09T01:45:00+00:00,1,-3e-05,KRW-CC
2026-06-09T02:15:00+00:00,1,0.00022,KRW-SAHARA
2026-06-09T03:00:00+00:00,1,0.00109,KRW-RVN
2026-06-09T06:00:00+00:00,1,0.00036,KRW-CC
2026-06-09T10:15:00+00:00,1,-0.00081,KRW-SAHARA
2026-06-09T10:30:00+00:00,1,-0.00057,KRW-CC
2026-06-09T12:15:00+00:00,1,-0.00294,KRW-CHZ
2026-06-09T14:15:00+00:00,2,-0.00532,KRW-AVAX|KRW-ZRO
2026-06-09T14:30:00+00:00,1,-0.00243,KRW-BIRB
2026-06-09T18:15:00+00:00,1,-0.0002,KRW-KAT
2026-06-09T23:30:00+00:00,1,-0.00179,KRW-KAT
2026-06-10T00:00:00+00:00,2,0.00144,KRW-G|KRW-MOVE
2026-06-10T00:15:00+00:00,1,-0.00094,KRW-ELSA
2026-06-10T00:30:00+00:00,3,-0.00539,KRW-CC|KRW-CHZ|KRW-SOPH
2026-06-10T02:00:00+00:00,1,-0.00203,KRW-B3
2026-06-10T03:00:00+00:00,1,0.00164,KRW-SAHARA
2026-06-10T03:30:00+00:00,1,-0.00046,KRW-SKR
2026-06-10T03:45:00+00:00,1,-3e-05,KRW-KAT
2026-06-10T04:15:00+00:00,1,1e-05,KRW-MANTRA
2026-06-10T04:45:00+00:00,1,0.00064,KRW-BLEND
2026-06-10T05:00:00+00:00,1,-0.00176,KRW-WAVES
2026-06-10T06:45:00+00:00,1,0.00183,KRW-B3
2026-06-10T08:15:00+00:00,1,-0.00121,KRW-MANTRA
2026-06-10T08:45:00+00:00,2,0.00045,KRW-CC|KRW-SNT
2026-06-10T10:45:00+00:00,1,0.00132,KRW-BLEND
2026-06-10T11:00:00+00:00,1,-0.0034,KRW-B3
2026-06-10T11:30:00+00:00,1,0.00149,KRW-KAT
2026-06-10T12:30:00+00:00,1,0.00693,KRW-WLFI
2026-06-10T13:45:00+00:00,2,-0.00308,KRW-SPK|KRW-TREE
2026-06-10T14:45:00+00:00,1,0.00364,KRW-XAUT
2026-06-10T15:00:00+00:00,1,-0.00368,KRW-DOOD
2026-06-10T17:00:00+00:00,1,-0.00204,KRW-BIRB
2026-06-10T17:15:00+00:00,1,-0.00212,KRW-WLFI
2026-06-10T20:15:00+00:00,1,0.00191,KRW-DOOD
2026-06-10T21:00:00+00:00,1,-0.00392,KRW-BIRB
2026-06-10T21:45:00+00:00,1,-0.00465,KRW-SKR
2026-06-11T00:00:00+00:00,1,0.00307,KRW-B3
2026-06-11T02:15:00+00:00,1,-0.00163,KRW-BIRB
2026-06-11T03:45:00+00:00,1,0.00404,KRW-KAT
2026-06-11T05:30:00+00:00,1,0.00138,KRW-CC
2026-06-11T06:30:00+00:00,1,0.00082,KRW-XAUT
2026-06-11T07:00:00+00:00,1,-0.00124,KRW-PYTH
2026-06-11T10:15:00+00:00,1,-0.00102,KRW-ZRO
2026-06-11T12:00:00+00:00,2,0.00011,KRW-PRL|KRW-ZIL
2026-06-11T12:15:00+00:00,1,-0.00592,KRW-PENGU
2026-06-11T13:00:00+00:00,1,-0.00159,KRW-SKR
2026-06-11T15:00:00+00:00,1,0.00016,KRW-CHZ
2026-06-11T16:30:00+00:00,1,0.00043,KRW-TRX
2026-06-11T19:15:00+00:00,1,0.00121,KRW-AVNT
2026-06-11T21:45:00+00:00,1,-0.00078,KRW-PYTH
2026-06-12T00:15:00+00:00,1,-0.00272,KRW-DOOD
2026-06-12T00:30:00+00:00,1,0.00053,KRW-SKR
2026-06-12T01:15:00+00:00,1,-0.00243,KRW-ENSO
2026-06-12T01:30:00+00:00,1,0.00103,KRW-SOPH
2026-06-12T05:00:00+00:00,2,-0.00456,KRW-BARD|KRW-XPL
2026-06-12T05:30:00+00:00,2,-0.00093,KRW-BIRB|KRW-SOPH
2026-06-12T06:00:00+00:00,1,-0.00081,KRW-ENSO
2026-06-12T06:15:00+00:00,1,-0.00155,KRW-DOOD
2026-06-12T07:15:00+00:00,2,0.00067,KRW-ELF|KRW-WAVES
2026-06-12T08:45:00+00:00,1,0.00107,KRW-TRUMP
2026-06-12T10:30:00+00:00,1,0.00159,KRW-XPL
2026-06-12T11:30:00+00:00,1,-0.00037,KRW-ZBT
2026-06-12T13:00:00+00:00,1,-0.00039,KRW-TRUMP
2026-06-12T13:15:00+00:00,1,-0.00115,KRW-SOPH
2026-06-12T13:45:00+00:00,1,0.00082,KRW-WAVES
2026-06-12T18:15:00+00:00,1,-0.00144,KRW-TRUMP
2026-06-12T22:30:00+00:00,1,-0.00117,KRW-TRUMP
2026-06-13T00:15:00+00:00,1,-0.00071,KRW-ENSO
2026-06-13T00:30:00+00:00,1,0.00116,KRW-WAVES
2026-06-13T00:45:00+00:00,2,-0.00023,KRW-SOPH|KRW-TREE
2026-06-13T03:15:00+00:00,1,-0.00238,KRW-VVV
2026-06-13T03:45:00+00:00,1,-0.00017,KRW-0G
2026-06-13T04:45:00+00:00,1,-0.00094,KRW-TRUMP
2026-06-13T07:15:00+00:00,2,0.00028,KRW-MEGA|KRW-VVV
2026-06-13T08:30:00+00:00,1,0.00089,KRW-TAO
2026-06-13T10:30:00+00:00,1,0.00156,KRW-ZIL
2026-06-13T11:30:00+00:00,1,-0.00135,KRW-VVV
2026-06-13T13:15:00+00:00,1,0.00112,KRW-MEGA
2026-06-13T13:30:00+00:00,1,-0.00081,KRW-FLOCK
2026-06-13T15:15:00+00:00,1,-0.00086,KRW-TAO
2026-06-13T19:15:00+00:00,1,0.00019,KRW-TAO
2026-06-13T19:45:00+00:00,1,0.00098,KRW-MEGA
2026-06-13T22:30:00+00:00,1,0.00013,KRW-KAITO
2026-06-13T23:45:00+00:00,1,-0.00055,KRW-MEGA
2026-06-14T00:00:00+00:00,1,-3e-05,KRW-SOPH
2026-06-14T00:30:00+00:00,1,0.00151,KRW-ZKP
2026-06-14T00:45:00+00:00,3,2e-05,KRW-ENSO|KRW-G|KRW-TRUMP
2026-06-14T01:30:00+00:00,1,-0.00062,KRW-B3
2026-06-14T04:30:00+00:00,1,-0.00173,KRW-TAO
2026-06-14T05:00:00+00:00,1,0.00053,KRW-ZKP
2026-06-14T06:00:00+00:00,1,0.00237,KRW-SKR
2026-06-14T08:00:00+00:00,1,-0.00013,KRW-MEGA
2026-06-14T08:30:00+00:00,1,-0.00021,KRW-KAITO
2026-06-14T09:00:00+00:00,1,-0.00094,KRW-ZKP
2026-06-14T09:15:00+00:00,1,-0.00177,KRW-RED
2026-06-14T11:00:00+00:00,1,0.00036,KRW-SKR
2026-06-14T12:30:00+00:00,1,-0.00285,KRW-MIRA
2026-06-14T12:45:00+00:00,1,-0.00102,KRW-G
2026-06-14T13:15:00+00:00,1,-0.00074,KRW-BIGTIME
2026-06-14T13:30:00+00:00,1,0.00037,KRW-FLOCK
2026-06-14T14:30:00+00:00,2,-0.00401,KRW-CHIP|KRW-ZKP
2026-06-15T00:00:00+00:00,2,-0.00163,KRW-G|KRW-MIRA
2026-06-15T00:30:00+00:00,1,-0.00384,KRW-B3
2026-06-15T02:45:00+00:00,1,-0.00252,KRW-ONT
2026-06-15T05:30:00+00:00,1,-0.00143,KRW-ZRO
2026-06-15T07:00:00+00:00,1,0.00031,KRW-CHIP
2026-06-15T07:15:00+00:00,1,0.00137,KRW-VANA
2026-06-15T08:00:00+00:00,1,0.0006,KRW-MET2
2026-06-15T08:30:00+00:00,1,0.00244,KRW-TAO
2026-06-15T09:15:00+00:00,1,-0.00044,KRW-AAVE
2026-06-15T12:30:00+00:00,1,0.00227,KRW-TAO
2026-06-15T13:30:00+00:00,2,-0.0035,KRW-ATOM|KRW-ZRO
2026-06-15T14:00:00+00:00,2,-0.00044,KRW-BONK|KRW-BSV
2026-06-15T15:15:00+00:00,1,0.00054,KRW-JTO
2026-06-15T16:00:00+00:00,1,0.00028,KRW-JUP
2026-06-15T16:30:00+00:00,1,0.00021,KRW-ENS
2026-06-15T19:15:00+00:00,1,-0.00328,KRW-PEPE
2026-06-15T23:15:00+00:00,1,0.00042,KRW-JTO
2026-06-16T00:15:00+00:00,1,-0.00248,KRW-MIRA
2026-06-16T01:15:00+00:00,1,-0.00033,KRW-UNI
2026-06-16T02:15:00+00:00,1,-0.0049,KRW-WAVES
2026-06-16T03:00:00+00:00,1,0.00094,KRW-XEC
2026-06-16T03:45:00+00:00,1,0.0006,KRW-JTO
2026-06-16T06:30:00+00:00,1,0.00043,KRW-UNI
2026-06-16T10:30:00+00:00,1,-0.00066,KRW-JTO
2026-06-16T13:00:00+00:00,1,-0.00395,KRW-UNI
2026-06-16T14:30:00+00:00,1,0.00062,KRW-JTO
2026-06-16T18:30:00+00:00,1,-0.00143,KRW-XEC
2026-06-16T19:00:00+00:00,1,-0.00257,KRW-UNI
2026-06-17T00:00:00+00:00,1,0.00261,KRW-WAVES
2026-06-17T00:15:00+00:00,1,-0.00048,KRW-JUP
2026-06-17T00:30:00+00:00,1,0.00187,KRW-B3
2026-06-17T01:00:00+00:00,2,0.00139,KRW-ELSA|KRW-FLOCK
2026-06-17T02:30:00+00:00,1,-0.00168,KRW-UNI
2026-06-17T05:15:00+00:00,1,-0.00012,KRW-ELSA
2026-06-17T06:45:00+00:00,1,0.00079,KRW-ALGO
2026-06-17T07:45:00+00:00,1,-0.00029,KRW-UNI
2026-06-17T08:00:00+00:00,1,-0.00281,KRW-PENDLE
2026-06-17T09:15:00+00:00,1,0.00174,KRW-BIO
2026-06-17T11:45:00+00:00,1,0.00107,KRW-UNI
2026-06-17T12:15:00+00:00,1,-0.0026,KRW-ZAMA
2026-06-17T14:45:00+00:00,1,-5e-05,KRW-XPL
2026-06-17T15:30:00+00:00,1,0.00251,KRW-SPK
2026-06-17T18:00:00+00:00,1,-0.00943,KRW-ETHFI
2026-06-18T00:30:00+00:00,1,-0.00117,KRW-ELSA
2026-06-18T03:15:00+00:00,1,-0.00358,KRW-VANA
2026-06-18T03:30:00+00:00,1,-0.00057,KRW-GAS
2026-06-18T04:00:00+00:00,2,-0.00491,KRW-APT|KRW-MEGA
2026-06-18T04:15:00+00:00,1,-0.00046,KRW-ZKP
2026-06-18T04:30:00+00:00,1,-0.00151,KRW-TREE
2026-06-18T05:00:00+00:00,1,-0.00053,KRW-AVAX
2026-06-18T06:00:00+00:00,1,-0.00136,KRW-ETHFI
2026-06-18T10:30:00+00:00,1,0.00186,KRW-BIO
2026-06-18T15:15:00+00:00,1,-0.0047,KRW-AVAX
2026-06-18T15:30:00+00:00,4,-0.00465,KRW-APT|KRW-BCH|KRW-PENDLE|KRW-PEPE
2026-06-19T02:30:00+00:00,1,-0.00018,KRW-MET2
2026-06-19T03:15:00+00:00,1,0.00257,KRW-AVAX
2026-06-19T07:15:00+00:00,1,-0.00141,KRW-MET2
2026-06-19T07:45:00+00:00,1,0.00252,KRW-HYPER
2026-06-19T11:15:00+00:00,2,0.00277,KRW-DOOD|KRW-WAVES
2026-06-19T11:45:00+00:00,1,-0.00134,KRW-MET2
2026-06-19T12:00:00+00:00,1,0.0008,KRW-KAITO
2026-06-19T13:15:00+00:00,2,-0.00093,KRW-TRX|KRW-VANA
2026-06-19T14:15:00+00:00,1,0.00284,KRW-HYPER
2026-06-19T16:00:00+00:00,1,0.0022,KRW-MET2
2026-06-19T17:00:00+00:00,1,-8e-05,KRW-ELSA
2026-06-19T18:30:00+00:00,1,-0.00126,KRW-AVAX
2026-06-19T21:00:00+00:00,1,-0.00012,KRW-MET2
2026-06-20T00:15:00+00:00,1,0.00228,KRW-KAT
2026-06-20T00:30:00+00:00,3,-0.0002,KRW-G|KRW-MEGA|KRW-TREE
2026-06-20T01:00:00+00:00,1,-0.0013,KRW-MET2
2026-06-20T02:15:00+00:00,2,-0.00097,KRW-AXS|KRW-ENS
2026-06-20T02:30:00+00:00,1,-0.0005,KRW-ENSO
2026-06-20T04:15:00+00:00,1,0.00172,KRW-SAND
2026-06-20T05:45:00+00:00,1,0.00047,KRW-MET2
2026-06-20T06:45:00+00:00,1,2e-05,KRW-AVAX
2026-06-20T07:00:00+00:00,1,-0.00158,KRW-AXS
2026-06-20T10:00:00+00:00,1,-0.00062,KRW-CC
2026-06-20T10:15:00+00:00,1,-0.00085,KRW-SAND
2026-06-20T11:00:00+00:00,1,0.00048,KRW-AVAX
2026-06-20T11:45:00+00:00,1,7e-05,KRW-AXS
2026-06-20T12:30:00+00:00,1,-0.00185,KRW-W
2026-06-20T12:45:00+00:00,1,6e-05,KRW-MET2
2026-06-20T14:00:00+00:00,1,-0.0031,KRW-ETC
2026-06-20T15:30:00+00:00,1,-0.00051,KRW-SAND
2026-06-20T16:15:00+00:00,1,0.00035,KRW-DATA
2026-06-20T17:45:00+00:00,1,0.00075,KRW-AXS
2026-06-20T20:00:00+00:00,1,0.00084,KRW-SAND
2026-06-20T22:15:00+00:00,1,0.00261,KRW-AXS
2026-06-21T00:15:00+00:00,2,0.00067,KRW-KAT|KRW-MET2
2026-06-21T00:30:00+00:00,1,0.00046,KRW-ENSO
2026-06-21T01:15:00+00:00,2,-0.00012,KRW-BONK|KRW-SAND
2026-06-21T03:15:00+00:00,1,0.00234,KRW-CHIP
2026-06-21T05:45:00+00:00,2,-0.00163,KRW-AXS|KRW-MET2
2026-06-21T06:00:00+00:00,1,-0.00035,KRW-WAVES
2026-06-21T06:30:00+00:00,1,0.00059,KRW-MMT
2026-06-21T06:45:00+00:00,1,-0.00031,KRW-W
2026-06-21T07:00:00+00:00,1,-0.0006,KRW-MANTRA
2026-06-21T11:00:00+00:00,1,0.00039,KRW-MMT
2026-06-21T11:15:00+00:00,1,4e-05,KRW-DATA
2026-06-21T12:15:00+00:00,2,-0.00086,KRW-MET2|KRW-W
2026-06-21T12:30:00+00:00,1,0.00157,KRW-TRUMP
2026-06-21T21:00:00+00:00,1,-0.00206,KRW-BSV
2026-06-22T00:00:00+00:00,1,0.00267,KRW-DATA
2026-06-22T00:15:00+00:00,1,0.00363,KRW-WAVES
2026-06-22T00:30:00+00:00,1,0.0032,KRW-AXS
2026-06-22T01:00:00+00:00,1,-0.00104,KRW-SPK
2026-06-22T03:45:00+00:00,1,-0.00251,KRW-DOOD
2026-06-22T04:15:00+00:00,1,-0.00019,KRW-JTO
2026-06-22T04:45:00+00:00,1,0.00176,KRW-ID
2026-06-22T09:15:00+00:00,1,-0.00079,KRW-PYTH
2026-06-22T11:45:00+00:00,1,0.00114,KRW-W
2026-06-22T12:00:00+00:00,2,0.00196,KRW-LAYER|KRW-RED
2026-06-22T12:30:00+00:00,1,0.00166,KRW-0G
2026-06-22T14:00:00+00:00,1,-0.00342,KRW-SEI
2026-06-22T14:30:00+00:00,1,-0.00024,KRW-JUP
2026-06-22T22:30:00+00:00,1,-0.00283,KRW-PUMP
2026-06-23T00:15:00+00:00,1,-0.00164,KRW-ZIL
2026-06-23T00:30:00+00:00,2,0.00338,KRW-ENSO|KRW-LAYER
2026-06-23T01:15:00+00:00,1,-0.00087,KRW-STORJ
2026-06-23T02:45:00+00:00,1,-0.00044,KRW-MMT
2026-06-23T03:45:00+00:00,1,0.0009,KRW-PRL
2026-06-23T05:00:00+00:00,1,0.00056,KRW-FLOCK
2026-06-23T05:15:00+00:00,1,-0.00253,KRW-CC
2026-06-23T05:30:00+00:00,1,-0.00106,KRW-LAYER
2026-06-23T05:45:00+00:00,1,-0.00178,KRW-ELF
2026-06-23T06:00:00+00:00,1,-0.00262,KRW-ZIL
2026-06-23T06:15:00+00:00,9,-0.00377,KRW-0G|KRW-AAVE|KRW-AVNT|KRW-ENS|KRW-GAS|KRW-LSK|KRW-SHIB|KRW-SUI|KRW-VANA
2026-06-23T08:15:00+00:00,6,-0.00734,KRW-APT|KRW-ARB|KRW-AWE|KRW-LINK|KRW-PENDLE|KRW-PENGU
2026-06-23T08:45:00+00:00,1,-0.00158,KRW-XEC
2026-06-23T10:15:00+00:00,1,-0.00219,KRW-G
2026-06-23T10:30:00+00:00,1,-0.00144,KRW-BORA
2026-06-23T12:00:00+00:00,1,-0.00272,KRW-LAYER
2026-06-23T12:30:00+00:00,1,-0.00097,KRW-AWE
2026-06-23T14:45:00+00:00,1,-0.0017,KRW-G
2026-06-23T15:30:00+00:00,2,0.00138,KRW-BORA|KRW-SNT
2026-06-23T17:30:00+00:00,1,-0.00223,KRW-0G
2026-06-23T21:15:00+00:00,1,0.00057,KRW-BORA
2026-06-23T22:45:00+00:00,1,-2e-05,KRW-G
2026-06-24T00:15:00+00:00,1,-5e-05,KRW-ENSO
2026-06-24T01:15:00+00:00,1,-0.0011,KRW-BORA
2026-06-24T02:15:00+00:00,1,-0.00126,KRW-MMT
2026-06-24T05:45:00+00:00,1,-0.00052,KRW-AVNT
2026-06-24T06:15:00+00:00,1,0.00023,KRW-G
2026-06-24T11:00:00+00:00,1,-0.00044,KRW-JUP
2026-06-24T11:45:00+00:00,1,0.00257,KRW-AAVE
2026-06-24T12:00:00+00:00,1,-0.00052,KRW-G
2026-06-24T13:00:00+00:00,1,-0.00805,KRW-BORA
2026-06-24T13:15:00+00:00,3,-0.00248,KRW-AVNT|KRW-GAS|KRW-MON
2026-06-24T13:30:00+00:00,1,-0.00559,KRW-ONT
2026-06-24T13:45:00+00:00,1,-0.00183,KRW-ATH
2026-06-24T14:00:00+00:00,1,-0.00155,KRW-STX
2026-06-24T16:30:00+00:00,1,-0.00493,KRW-JUP
2026-06-24T16:45:00+00:00,9,-0.00331,KRW-APT|KRW-BONK|KRW-BSV|KRW-DOOD|KRW-ENS|KRW-ETC|KRW-PEPE|KRW-SHIB|KRW-SUI
2026-06-24T17:15:00+00:00,1,0.00174,KRW-PUMP
2026-06-25T00:15:00+00:00,2,-0.00175,KRW-ENSO|KRW-ONT
2026-06-25T00:30:00+00:00,2,-0.00109,KRW-0G|KRW-ME
2026-06-25T01:00:00+00:00,1,-0.00106,KRW-UP2
2026-06-25T04:45:00+00:00,1,0.00639,KRW-EDGE
2026-06-25T05:00:00+00:00,1,0.0034,KRW-0G
2026-06-25T05:15:00+00:00,1,-0.00017,KRW-AAVE
2026-06-25T06:00:00+00:00,1,0.00173,KRW-UP2
2026-06-25T06:30:00+00:00,1,0.00061,KRW-ME
2026-06-25T08:30:00+00:00,1,-0.00042,KRW-ELSA
2026-06-25T09:45:00+00:00,1,-0.00024,KRW-EDGE
2026-06-25T10:00:00+00:00,1,-0.0016,KRW-HYPER
2026-06-25T10:15:00+00:00,1,-0.00121,KRW-UP2
2026-06-25T10:30:00+00:00,1,-0.00245,KRW-SPK
2026-06-25T10:45:00+00:00,1,-0.00209,KRW-ESP
2026-06-25T11:00:00+00:00,1,0.00191,KRW-ME
2026-06-25T11:45:00+00:00,1,-0.00033,KRW-FLOCK
2026-06-25T13:30:00+00:00,5,-0.0164,KRW-AAVE|KRW-BONK|KRW-G|KRW-JUP|KRW-XEC
2026-06-25T13:45:00+00:00,33,-0.01953,KRW-0G|KRW-ALGO|KRW-APT|KRW-ARB|KRW-ATH|KRW-ATOM|KRW-AVAX|KRW-AWE|KRW-BIGTIME|KRW-BSV|KRW-CHZ|KRW-DATA|KRW-DOT|KRW-ENS|KRW-ETC|KRW-FIL|KRW-GAS|KRW-HOLO|KRW-LAYER|KRW-LINK|KRW-ONT|KRW-OPEN|KRW-PENGU|KRW-PEPE|KRW-POL|KRW-PUMP|KRW-SHIB|KRW-SNT|KRW-STX|KRW-SUI|KRW-VANA|KRW-VIRTUAL|KRW-ZIL
2026-06-25T14:00:00+00:00,2,0.01067,KRW-EDGE|KRW-TRX
2026-06-25T21:30:00+00:00,1,0.00372,KRW-DATA
2026-06-25T23:45:00+00:00,1,-0.00221,KRW-G
2026-06-26T00:15:00+00:00,1,-0.00165,KRW-UP2
2026-06-26T00:30:00+00:00,1,2e-05,KRW-EDGE
2026-06-26T01:00:00+00:00,1,-0.00116,KRW-ESP
2026-06-26T02:00:00+00:00,3,-0.00977,KRW-APT|KRW-BORA|KRW-DATA
2026-06-26T03:45:00+00:00,1,0.00774,KRW-G
2026-06-26T04:45:00+00:00,1,-0.00164,KRW-JTO
2026-06-26T06:00:00+00:00,1,-0.00346,KRW-ELF
2026-06-26T07:00:00+00:00,1,0.00356,KRW-BORA
2026-06-26T07:30:00+00:00,1,0.00044,KRW-DOOD
2026-06-26T07:45:00+00:00,2,-0.00108,KRW-AAVE|KRW-KAITO
2026-06-26T10:00:00+00:00,1,0.00038,KRW-BIRB
2026-06-26T10:45:00+00:00,1,-0.00329,KRW-G
2026-06-26T12:30:00+00:00,2,-0.00813,KRW-AAVE|KRW-ESP
2026-06-26T14:45:00+00:00,1,0.00022,KRW-KAITO
2026-06-27T00:00:00+00:00,2,-0.00016,KRW-DATA|KRW-G
2026-06-27T00:30:00+00:00,1,-0.00051,KRW-KAT
2026-06-27T00:45:00+00:00,1,0.00075,KRW-BORA
2026-06-27T01:30:00+00:00,1,-0.00014,KRW-MIRA
2026-06-27T03:15:00+00:00,1,0.00205,KRW-AAVE
2026-06-27T04:30:00+00:00,1,-0.0001,KRW-ELF
2026-06-27T05:45:00+00:00,1,0.00037,KRW-STEEM
2026-06-27T07:30:00+00:00,2,0.00067,KRW-BSV|KRW-XEC
2026-06-27T07:45:00+00:00,4,0.00116,KRW-BLEND|KRW-EDGE|KRW-LSK|KRW-UP2
2026-06-27T08:00:00+00:00,1,-0.00058,KRW-LAYER
2026-06-27T08:45:00+00:00,1,0.00183,KRW-ELF
2026-06-27T09:00:00+00:00,1,-0.00165,KRW-HOLO
2026-06-27T10:30:00+00:00,1,-0.00045,KRW-STEEM
2026-06-27T10:45:00+00:00,1,-3e-05,KRW-GAS
2026-06-27T11:15:00+00:00,1,-0.00326,KRW-AWE
2026-06-27T12:00:00+00:00,1,-0.00108,KRW-EDGE
2026-06-27T12:15:00+00:00,1,0.00027,KRW-PIEVERSE
2026-06-27T12:30:00+00:00,1,0.00061,KRW-BSV
2026-06-27T13:15:00+00:00,1,0.00069,KRW-ELF
2026-06-27T19:45:00+00:00,1,-0.00078,KRW-0G
2026-06-27T22:00:00+00:00,1,-0.00018,KRW-KAITO
2026-06-27T22:15:00+00:00,1,-0.00033,KRW-DOOD
2026-06-28T00:00:00+00:00,1,0.00076,KRW-0G
2026-06-28T00:30:00+00:00,2,-1e-05,KRW-EDGE|KRW-ELF
2026-06-28T03:45:00+00:00,1,0.00049,KRW-PIEVERSE
2026-06-28T04:00:00+00:00,1,0.0,KRW-KAITO
2026-06-28T04:15:00+00:00,1,-0.00018,KRW-SIGN
2026-06-28T04:30:00+00:00,1,-0.0003,KRW-LSK
2026-06-28T04:45:00+00:00,1,-3e-05,KRW-ATOM
2026-06-28T05:30:00+00:00,2,0.00134,KRW-AWE|KRW-STORJ
2026-06-28T06:30:00+00:00,1,0.00047,KRW-SNT
2026-06-28T07:15:00+00:00,1,2e-05,KRW-AAVE
2026-06-28T07:30:00+00:00,1,0.00134,KRW-EDGE
2026-06-28T08:00:00+00:00,1,-0.00087,KRW-PUMP
2026-06-28T09:45:00+00:00,1,-0.00165,KRW-BSV
2026-06-28T10:30:00+00:00,1,0.00021,KRW-LSK
2026-06-28T11:00:00+00:00,1,0.00034,KRW-KAITO
2026-06-28T12:30:00+00:00,2,-0.00093,KRW-DOOD|KRW-GAS
2026-06-28T13:15:00+00:00,1,-0.00041,KRW-BIRB
2026-06-28T13:30:00+00:00,1,-0.00063,KRW-XEC
2026-06-28T17:45:00+00:00,1,0.00053,KRW-VANA
2026-06-28T19:00:00+00:00,1,-0.00248,KRW-GAS
2026-06-28T21:45:00+00:00,1,-0.00357,KRW-CFG
2026-06-28T23:45:00+00:00,1,-0.0033,KRW-GAS
2026-06-29T00:00:00+00:00,1,0.00226,KRW-BIRB
2026-06-29T00:15:00+00:00,1,-0.0057,KRW-XEC
2026-06-29T00:30:00+00:00,1,0.00034,KRW-AWE
2026-06-29T03:45:00+00:00,1,0.00165,KRW-GAS
2026-06-29T04:15:00+00:00,1,0.00099,KRW-PRL
2026-06-29T05:15:00+00:00,1,0.0031,KRW-ONT
2026-06-29T08:45:00+00:00,1,-1e-05,KRW-ELF
2026-06-29T12:15:00+00:00,1,-0.00297,KRW-G
2026-06-29T12:45:00+00:00,1,-7e-05,KRW-VANA
2026-06-29T13:00:00+00:00,1,0.00352,KRW-IN
2026-06-29T13:15:00+00:00,2,-0.00277,KRW-ATOM|KRW-GAS
2026-06-29T13:30:00+00:00,1,-0.00779,KRW-PENDLE
2026-06-29T16:15:00+00:00,1,-0.00244,KRW-XPL
2026-06-30T00:30:00+00:00,4,-0.00227,KRW-0G|KRW-GAS|KRW-VANA|KRW-XEC
2026-06-30T01:45:00+00:00,1,0.00142,KRW-ONT
2026-06-30T03:00:00+00:00,1,-0.00125,KRW-STEEM
2026-06-30T04:30:00+00:00,1,0.00042,KRW-VANA
2026-06-30T05:00:00+00:00,1,-0.00175,KRW-HYPER
2026-06-30T05:30:00+00:00,1,0.00259,KRW-GAS
2026-06-30T08:00:00+00:00,1,-0.0006,KRW-ONT
2026-06-30T08:30:00+00:00,1,-0.00138,KRW-RED
2026-06-30T10:00:00+00:00,1,0.0002,KRW-CC
2026-06-30T10:45:00+00:00,1,0.00041,KRW-BIGTIME
2026-06-30T11:30:00+00:00,1,0.00071,KRW-STEEM
2026-06-30T13:15:00+00:00,1,9e-05,KRW-COW
2026-06-30T13:30:00+00:00,1,0.00069,KRW-PYTH
2026-06-30T14:15:00+00:00,1,0.00033,KRW-SKR
2026-06-30T15:15:00+00:00,2,-0.00053,KRW-ESP|KRW-IN
2026-06-30T19:30:00+00:00,1,0.00147,KRW-IN
2026-06-30T20:45:00+00:00,1,0.00012,KRW-WLFI
2026-07-01T00:00:00+00:00,1,0.00032,KRW-IN
2026-07-01T01:00:00+00:00,2,-0.0031,KRW-BONK|KRW-ONT
2026-07-01T04:00:00+00:00,1,-0.00103,KRW-BSV
2026-07-01T06:30:00+00:00,1,-0.00142,KRW-CFG
2026-07-01T06:45:00+00:00,1,0.00133,KRW-PEPE
2026-07-01T08:00:00+00:00,1,-0.00071,KRW-BSV
2026-07-01T11:15:00+00:00,1,0.00074,KRW-ZBT
2026-07-01T13:30:00+00:00,1,0.00205,KRW-BSV
2026-07-01T15:00:00+00:00,1,0.00577,KRW-VVV
2026-07-01T18:45:00+00:00,1,-0.00025,KRW-CC
2026-07-02T00:00:00+00:00,1,-0.00078,KRW-IN
2026-07-02T00:15:00+00:00,1,-0.00343,KRW-UP2
2026-07-02T00:45:00+00:00,1,0.00144,KRW-ZBT
2026-07-02T02:00:00+00:00,1,-0.00148,KRW-DOOD
2026-07-02T02:15:00+00:00,1,0.0012,KRW-BIRB
2026-07-02T05:30:00+00:00,2,-0.00236,KRW-DEEP|KRW-ME
2026-07-02T06:00:00+00:00,1,-0.00171,KRW-PENGU
2026-07-02T06:45:00+00:00,2,-0.00413,KRW-BIRB|KRW-DOOD
2026-07-02T07:15:00+00:00,2,-0.00061,KRW-MIRA|KRW-RED
2026-07-02T07:30:00+00:00,1,-0.00093,KRW-TREE
2026-07-02T07:45:00+00:00,1,0.00025,KRW-PYTH
2026-07-02T08:00:00+00:00,1,0.0021,KRW-ERA
2026-07-02T08:45:00+00:00,2,0.00095,KRW-BERA|KRW-PUMP
2026-07-02T09:00:00+00:00,1,-0.00013,KRW-0G
2026-07-02T09:15:00+00:00,1,0.00209,KRW-FF
2026-07-02T10:30:00+00:00,1,0.00042,KRW-DEEP
2026-07-02T10:45:00+00:00,1,0.00076,KRW-BIRB
2026-07-02T11:45:00+00:00,2,0.00015,KRW-ME|KRW-OPEN
2026-07-02T12:45:00+00:00,1,0.00288,KRW-ERA
2026-07-02T13:15:00+00:00,2,-0.00015,KRW-JUP|KRW-SKR
2026-07-02T14:30:00+00:00,1,-0.00379,KRW-DEEP
2026-07-02T16:15:00+00:00,1,-0.00754,KRW-BIRB
2026-07-02T21:15:00+00:00,1,-4e-05,KRW-ME
2026-07-02T21:30:00+00:00,1,0.00041,KRW-BARD
2026-07-02T23:00:00+00:00,1,-0.00268,KRW-BIRB
2026-07-03T00:00:00+00:00,1,-0.00172,KRW-DEEP
2026-07-03T00:45:00+00:00,1,-0.00112,KRW-IN
2026-07-03T01:00:00+00:00,1,0.00562,KRW-BLEND
2026-07-03T01:45:00+00:00,2,-0.0017,KRW-0G|KRW-MIRA
2026-07-03T02:30:00+00:00,1,-0.00072,KRW-ELSA
2026-07-03T03:00:00+00:00,2,-0.00111,KRW-FLOCK|KRW-ZKP
2026-07-03T03:15:00+00:00,1,0.00365,KRW-TREE
2026-07-03T04:30:00+00:00,1,0.00078,KRW-ELF
2026-07-03T05:00:00+00:00,1,4e-05,KRW-LA
2026-07-03T05:30:00+00:00,1,0.00091,KRW-HOLO
2026-07-03T06:00:00+00:00,1,-0.00079,KRW-MIRA
2026-07-03T06:30:00+00:00,2,-0.00197,KRW-MOVE|KRW-SAND
2026-07-03T07:00:00+00:00,1,0.00024,KRW-ZKP
2026-07-03T07:30:00+00:00,1,0.0008,KRW-ID
2026-07-03T10:30:00+00:00,1,0.00329,KRW-HOLO
2026-07-03T10:45:00+00:00,1,-0.00035,KRW-IN
2026-07-03T12:00:00+00:00,2,0.00088,KRW-KITE|KRW-ZKP
2026-07-03T14:00:00+00:00,1,-0.00693,KRW-BONK
2026-07-03T15:00:00+00:00,1,0.00082,KRW-ETHFI
2026-07-03T22:00:00+00:00,1,-0.00236,KRW-PEPE
2026-07-03T22:30:00+00:00,1,-0.00077,KRW-BONK
2026-07-04T00:00:00+00:00,1,0.00377,KRW-ERA
2026-07-04T00:30:00+00:00,2,-0.0006,KRW-FLOCK|KRW-ZKP
2026-07-04T01:15:00+00:00,1,-0.00119,KRW-MIRA
2026-07-04T01:45:00+00:00,1,-0.00087,KRW-ATH
2026-07-04T03:45:00+00:00,1,-0.00081,KRW-AWE
2026-07-04T07:00:00+00:00,1,-5e-05,KRW-MEGA
2026-07-04T07:15:00+00:00,1,0.0005,KRW-ELSA
2026-07-04T07:30:00+00:00,2,-0.00067,KRW-FLOCK|KRW-KITE
2026-07-04T09:30:00+00:00,2,-0.00054,KRW-BERA|KRW-STORJ
2026-07-04T10:00:00+00:00,1,-0.00043,KRW-MIRA
2026-07-04T10:30:00+00:00,1,0.00028,KRW-BSV
2026-07-04T11:15:00+00:00,1,0.00013,KRW-ETHFI
2026-07-04T14:00:00+00:00,1,0.00113,KRW-MIRA
2026-07-04T15:15:00+00:00,1,0.00159,KRW-ETHFI
2026-07-04T19:00:00+00:00,1,5e-05,KRW-ZIL
2026-07-04T20:30:00+00:00,1,0.00106,KRW-ETHFI
2026-07-05T00:00:00+00:00,1,-0.00252,KRW-MIRA
2026-07-05T00:15:00+00:00,1,0.00035,KRW-ONT
2026-07-05T02:00:00+00:00,1,-0.00244,KRW-BONK
2026-07-05T04:15:00+00:00,1,0.00201,KRW-ETHFI
2026-07-05T04:30:00+00:00,1,0.0003,KRW-ELF
2026-07-05T08:45:00+00:00,1,-0.00027,KRW-RED
2026-07-05T09:30:00+00:00,2,-0.00328,KRW-COW|KRW-ZORA
2026-07-05T10:45:00+00:00,1,0.00049,KRW-HOLO
2026-07-05T11:15:00+00:00,1,-0.00031,KRW-KITE
2026-07-05T12:30:00+00:00,1,-0.00035,KRW-WLFI
2026-07-05T13:30:00+00:00,1,-0.00044,KRW-PYTH
2026-07-06T00:15:00+00:00,1,-0.00181,KRW-G
2026-07-06T00:30:00+00:00,1,0.00227,KRW-BARD
2026-07-06T02:00:00+00:00,1,-0.00185,KRW-BIGTIME
2026-07-06T04:30:00+00:00,1,0.00203,KRW-ID
2026-07-06T04:45:00+00:00,1,-0.00084,KRW-ELF
2026-07-06T07:45:00+00:00,1,0.00057,KRW-MON
2026-07-06T11:15:00+00:00,1,0.00093,KRW-BERA
2026-07-06T12:00:00+00:00,6,-0.00734,KRW-BONK|KRW-ETC|KRW-KITE|KRW-RVN|KRW-SEI|KRW-STX
2026-07-06T12:15:00+00:00,1,0.00155,KRW-MON
2026-07-06T13:00:00+00:00,1,-0.00077,KRW-AAVE
2026-07-06T15:00:00+00:00,1,0.0067,KRW-WLFI
2026-07-06T16:15:00+00:00,2,-0.00558,KRW-MON|KRW-RVN
2026-07-06T17:15:00+00:00,1,0.00082,KRW-BONK
2026-07-06T22:00:00+00:00,1,-0.0018,KRW-MON
2026-07-07T02:15:00+00:00,1,-0.00278,KRW-DEEP
2026-07-07T04:45:00+00:00,1,-0.00181,KRW-BONK
2026-07-07T06:45:00+00:00,1,0.00227,KRW-SIGN
2026-07-07T08:30:00+00:00,1,0.00041,KRW-CHIP
2026-07-07T10:15:00+00:00,1,-0.00043,KRW-WLFI
2026-07-07T13:00:00+00:00,1,-0.00112,KRW-SIGN
2026-07-07T14:00:00+00:00,1,-0.00019,KRW-FF
2026-07-07T22:00:00+00:00,1,0.00095,KRW-KITE
2026-07-08T00:00:00+00:00,1,0.00259,KRW-SIGN
2026-07-08T00:45:00+00:00,1,-0.00137,KRW-LA
2026-07-08T01:00:00+00:00,1,1e-05,KRW-CHIP
2026-07-08T01:30:00+00:00,4,-0.00417,KRW-DOOD|KRW-JUP|KRW-PENGU|KRW-STX
2026-07-08T02:15:00+00:00,1,-0.00037,KRW-BARD
2026-07-08T03:15:00+00:00,1,-0.00069,KRW-ZKP
2026-07-08T06:45:00+00:00,1,0.00237,KRW-KAITO
2026-07-08T08:15:00+00:00,1,-0.00975,KRW-ENS
2026-07-08T08:30:00+00:00,1,-0.00054,KRW-PENDLE
2026-07-08T08:45:00+00:00,1,-0.00155,KRW-AVNT
2026-07-08T11:00:00+00:00,1,-0.00116,KRW-ONT
2026-07-08T11:15:00+00:00,1,-0.00011,KRW-SNT
2026-07-08T11:45:00+00:00,1,-0.0005,KRW-KAITO
2026-07-08T12:00:00+00:00,1,5e-05,KRW-ELSA
2026-07-08T12:30:00+00:00,2,-0.00246,KRW-MMT|KRW-ZBT
2026-07-08T14:45:00+00:00,1,-0.00064,KRW-TRX
2026-07-08T20:15:00+00:00,1,0.0,KRW-LSK
2026-07-09T00:15:00+00:00,1,-0.00166,KRW-KAITO
2026-07-09T05:15:00+00:00,1,-0.00367,KRW-ARB
2026-07-09T07:45:00+00:00,1,-6e-05,KRW-BIGTIME
2026-07-09T09:30:00+00:00,2,-0.00157,KRW-ARB|KRW-KAITO
2026-07-09T15:30:00+00:00,1,0.00012,KRW-ARB
2026-07-09T18:15:00+00:00,1,-0.00063,KRW-RVN
2026-07-09T22:30:00+00:00,1,8e-05,KRW-RVN
2026-07-10T01:30:00+00:00,1,0.00178,KRW-AWE
2026-07-10T03:00:00+00:00,1,-0.00014,KRW-RVN
2026-07-10T07:30:00+00:00,1,-0.00114,KRW-RVN
2026-07-10T07:45:00+00:00,1,0.00121,KRW-KAT
2026-07-10T12:00:00+00:00,1,0.00179,KRW-FIL
2026-07-10T12:15:00+00:00,1,-0.00074,KRW-KAT
2026-07-10T14:00:00+00:00,1,-0.00399,KRW-LINK
2026-07-10T14:15:00+00:00,1,3e-05,KRW-COW
2026-07-10T14:30:00+00:00,1,3e-05,KRW-DOT
2026-07-10T15:15:00+00:00,1,0.00191,KRW-VANA
2026-07-10T15:30:00+00:00,1,-0.00264,KRW-MMT
2026-07-10T15:45:00+00:00,1,0.00047,KRW-RVN
2026-07-10T18:30:00+00:00,1,-0.00016,KRW-VIRTUAL
2026-07-10T22:45:00+00:00,1,-0.00046,KRW-MMT
2026-07-11T00:00:00+00:00,2,-0.00156,KRW-KAT|KRW-RVN
2026-07-11T00:15:00+00:00,1,-0.00063,KRW-AWE
2026-07-11T02:00:00+00:00,1,-8e-05,KRW-B3
2026-07-11T02:30:00+00:00,1,0.00195,KRW-ESP
2026-07-11T04:15:00+00:00,1,1e-05,KRW-KAT
2026-07-11T06:45:00+00:00,1,0.0001,KRW-FF
2026-07-11T07:00:00+00:00,1,0.00026,KRW-VIRTUAL
2026-07-11T07:15:00+00:00,1,0.00015,KRW-ESP
2026-07-11T08:30:00+00:00,1,0.00089,KRW-B3
2026-07-11T08:45:00+00:00,2,-0.00057,KRW-ELSA|KRW-HBAR
2026-07-11T12:45:00+00:00,1,7e-05,KRW-ZIL
2026-07-12T00:15:00+00:00,2,0.00144,KRW-B3|KRW-ZIL
2026-07-12T01:00:00+00:00,1,0.00198,KRW-STEEM
2026-07-12T02:45:00+00:00,1,-0.00021,KRW-TREE
2026-07-12T03:15:00+00:00,1,4e-05,KRW-ERA
2026-07-12T04:45:00+00:00,1,-0.00034,KRW-ELSA
2026-07-12T05:30:00+00:00,1,0.00069,KRW-MMT
2026-07-12T06:00:00+00:00,1,-0.00332,KRW-ARB
2026-07-12T12:30:00+00:00,1,-0.0001,KRW-ATH
2026-07-12T14:30:00+00:00,1,0.00138,KRW-ERA
2026-07-12T21:00:00+00:00,1,-4e-05,KRW-STORJ
2026-07-13T00:30:00+00:00,1,-0.00468,KRW-PUMP
2026-07-13T01:00:00+00:00,1,-0.00288,KRW-DOT
2026-07-13T02:00:00+00:00,1,-0.00027,KRW-XAUT
2026-07-13T02:15:00+00:00,1,7e-05,KRW-XEC
2026-07-13T03:00:00+00:00,2,-0.00401,KRW-ERA|KRW-STX
2026-07-13T03:45:00+00:00,1,-0.00121,KRW-SOON
2026-07-13T06:30:00+00:00,1,-0.00074,KRW-BSV
2026-07-13T07:00:00+00:00,2,-0.00017,KRW-ELSA|KRW-XEC
2026-07-13T10:00:00+00:00,1,-0.00016,KRW-SHIB
2026-07-13T12:00:00+00:00,1,0.0001,KRW-KITE
2026-07-13T12:15:00+00:00,2,-0.0017,KRW-BSV|KRW-XEC
2026-07-13T12:45:00+00:00,1,0.00058,KRW-SKR
2026-07-13T16:15:00+00:00,1,-0.00391,KRW-XEC
2026-07-13T20:45:00+00:00,1,-0.00043,KRW-BIGTIME
2026-07-13T21:00:00+00:00,1,-0.00113,KRW-SHIB
2026-07-13T21:30:00+00:00,2,-0.00144,KRW-ATOM|KRW-FIL
2026-07-13T22:15:00+00:00,1,-0.00079,KRW-VANA
2026-07-14T00:00:00+00:00,1,0.00219,KRW-XAUT
2026-07-14T00:15:00+00:00,2,-0.00202,KRW-BSV|KRW-XEC
2026-07-14T00:30:00+00:00,1,0.00027,KRW-BLEND
2026-07-14T02:15:00+00:00,1,-0.00307,KRW-CRO
2026-07-14T04:00:00+00:00,1,0.00056,KRW-VANA
2026-07-14T05:00:00+00:00,1,0.00196,KRW-ELF
2026-07-14T07:00:00+00:00,1,-0.00089,KRW-KITE
2026-07-14T08:00:00+00:00,1,-0.00025,KRW-VANA
2026-07-14T08:45:00+00:00,1,-0.00012,KRW-FF
2026-07-14T11:30:00+00:00,1,0.00026,KRW-BONK
2026-07-14T12:00:00+00:00,1,-0.00016,KRW-B3
2026-07-14T12:30:00+00:00,1,0.00715,KRW-VANA
2026-07-14T14:15:00+00:00,2,7e-05,KRW-COW|KRW-TREE
2026-07-14T16:00:00+00:00,1,-0.0003,KRW-B3
2026-07-14T18:00:00+00:00,1,-0.00188,KRW-PUMP
2026-07-15T00:00:00+00:00,2,4e-05,KRW-B3|KRW-ZBT
2026-07-15T00:30:00+00:00,1,-0.00122,KRW-VANA
2026-07-15T00:45:00+00:00,1,0.00063,KRW-DATA
2026-07-15T01:15:00+00:00,1,0.00028,KRW-0G
2026-07-15T02:00:00+00:00,1,0.00097,KRW-TAO
2026-07-15T04:00:00+00:00,1,0.00042,KRW-ZBT
2026-07-15T04:15:00+00:00,1,-5e-05,KRW-XEC
2026-07-15T05:15:00+00:00,1,0.00019,KRW-0G
2026-07-15T06:45:00+00:00,1,-0.0031,KRW-PIEVERSE
2026-07-15T09:45:00+00:00,2,-7e-05,KRW-CC|KRW-ZBT
2026-07-15T12:45:00+00:00,1,0.0043,KRW-0G
2026-07-15T13:15:00+00:00,1,-0.00158,KRW-FLOCK
2026-07-15T14:15:00+00:00,1,-0.00036,KRW-FF
2026-07-15T20:15:00+00:00,1,-0.00018,KRW-FLOCK
2026-07-15T21:45:00+00:00,1,-0.0005,KRW-VIRTUAL
2026-07-16T01:15:00+00:00,1,-0.00025,KRW-ZBT
2026-07-16T02:00:00+00:00,1,-0.00157,KRW-MEGA
2026-07-16T02:30:00+00:00,1,-0.00131,KRW-TAO
2026-07-16T02:45:00+00:00,1,0.00053,KRW-PYTH
2026-07-16T05:45:00+00:00,1,-0.00069,KRW-PENDLE
2026-07-16T06:15:00+00:00,1,8e-05,KRW-FLOCK
2026-07-16T06:30:00+00:00,1,-0.00204,KRW-BIGTIME
2026-07-16T08:00:00+00:00,1,-0.00373,KRW-SHIB
2026-07-16T10:15:00+00:00,1,0.00124,KRW-FLOCK
2026-07-16T11:15:00+00:00,1,0.00099,KRW-MANTRA
2026-07-16T12:30:00+00:00,1,-0.00184,KRW-STX
2026-07-16T12:45:00+00:00,1,0.0011,KRW-XAUT
2026-07-16T14:15:00+00:00,1,0.0023,KRW-FLOCK
2026-07-16T14:45:00+00:00,1,-0.00271,KRW-VIRTUAL
2026-07-16T15:15:00+00:00,1,0.00656,KRW-WLFI
2026-07-16T15:45:00+00:00,1,-0.0008,KRW-MANTRA
2026-07-16T18:15:00+00:00,1,0.00028,KRW-CRO
2026-07-16T18:30:00+00:00,1,-0.0018,KRW-BONK
2026-07-16T23:30:00+00:00,1,-0.0003,KRW-CRO
2026-07-17T00:30:00+00:00,4,-0.00162,KRW-FLOCK|KRW-LINK|KRW-TRAC|KRW-VANA
2026-07-17T00:45:00+00:00,1,0.0017,KRW-LA
2026-07-17T01:00:00+00:00,1,0.00248,KRW-ATH
2026-07-17T02:00:00+00:00,1,0.00129,KRW-ETC
2026-07-17T03:45:00+00:00,1,-0.00015,KRW-CRO
2026-07-17T04:45:00+00:00,1,0.00061,KRW-TRAC
2026-07-17T06:45:00+00:00,1,-0.0004,KRW-VVV
2026-07-17T07:45:00+00:00,2,-0.00086,KRW-ENS|KRW-TREE
2026-07-17T08:15:00+00:00,3,-0.00058,KRW-BSV|KRW-LA|KRW-XEC
2026-07-17T11:00:00+00:00,1,-0.00085,KRW-PIEVERSE
2026-07-17T11:30:00+00:00,1,0.00137,KRW-ZORA
2026-07-17T12:00:00+00:00,1,-0.00089,KRW-MANTRA
2026-07-17T12:15:00+00:00,2,-0.00116,KRW-CRO|KRW-ENS
2026-07-17T13:00:00+00:00,2,-0.00369,KRW-PENGU|KRW-TREE
2026-07-17T13:15:00+00:00,1,0.00076,KRW-ZIL
2026-07-17T14:45:00+00:00,1,-0.00149,KRW-SOON
2026-07-17T15:15:00+00:00,1,0.00608,KRW-XEC
2026-07-17T15:30:00+00:00,1,-0.00166,KRW-COW
2026-07-17T17:30:00+00:00,2,-0.00032,KRW-DOT|KRW-POL
2026-07-17T21:45:00+00:00,1,-0.00017,KRW-BONK
2026-07-17T22:15:00+00:00,1,-0.00194,KRW-ERA
2026-07-18T00:00:00+00:00,1,-0.0003,KRW-TREE
2026-07-18T00:15:00+00:00,1,0.00133,KRW-TRAC
2026-07-18T00:30:00+00:00,1,-0.00154,KRW-WAVES
2026-07-18T00:45:00+00:00,1,-0.00055,KRW-DOOD
2026-07-18T01:30:00+00:00,1,-0.00087,KRW-CRO
2026-07-18T02:45:00+00:00,1,-4e-05,KRW-BONK
2026-07-18T03:15:00+00:00,1,-0.00019,KRW-TRUMP
2026-07-18T03:30:00+00:00,1,-0.00056,KRW-ERA
2026-07-18T03:45:00+00:00,1,0.00124,KRW-CC
2026-07-18T04:30:00+00:00,2,1e-05,KRW-INJ|KRW-PENGU
2026-07-18T04:45:00+00:00,1,-0.00036,KRW-DOOD
2026-07-18T05:00:00+00:00,1,-0.00086,KRW-BIRB
2026-07-18T05:30:00+00:00,1,0.00029,KRW-XEC
2026-07-18T06:30:00+00:00,2,-0.00061,KRW-BORA|KRW-UP2
2026-07-18T07:00:00+00:00,1,0.00053,KRW-MANTRA
2026-07-18T08:15:00+00:00,1,0.00068,KRW-G
2026-07-18T08:45:00+00:00,1,4e-05,KRW-GAS
2026-07-18T09:15:00+00:00,1,-0.00053,KRW-ERA
2026-07-18T10:15:00+00:00,1,0.00045,KRW-TRUMP
2026-07-18T11:00:00+00:00,1,2e-05,KRW-BONK
2026-07-18T12:45:00+00:00,1,0.00064,KRW-XEC
2026-07-18T13:30:00+00:00,1,0.0001,KRW-GAS
2026-07-19T00:00:00+00:00,1,0.00053,KRW-DOOD
2026-07-19T00:15:00+00:00,1,-0.00075,KRW-ZORA
2026-07-19T01:00:00+00:00,1,-0.00018,KRW-BONK
2026-07-19T01:45:00+00:00,2,-6e-05,KRW-B3|KRW-LAYER
2026-07-19T07:30:00+00:00,1,0.00085,KRW-TRAC
2026-07-19T07:45:00+00:00,1,-0.00025,KRW-ATH
2026-07-19T08:00:00+00:00,1,-0.0011,KRW-PRL
2026-07-19T10:30:00+00:00,1,0.00106,KRW-BARD
2026-07-19T10:45:00+00:00,2,-0.00097,KRW-G|KRW-MANTRA
2026-07-19T11:00:00+00:00,1,0.00025,KRW-ZORA
2026-07-19T12:00:00+00:00,1,-0.0022,KRW-DOT
2026-07-19T12:15:00+00:00,1,-0.00013,KRW-BONK
2026-07-19T13:00:00+00:00,1,-0.00063,KRW-TRAC
2026-07-19T13:15:00+00:00,1,0.00044,KRW-SKR
2026-07-19T14:00:00+00:00,1,0.00077,KRW-KAITO
2026-07-19T14:15:00+00:00,1,-0.00084,KRW-ERA
2026-07-19T17:30:00+00:00,1,-0.00079,KRW-ZIL
2026-07-19T21:30:00+00:00,1,-0.00105,KRW-PUMP
2026-07-19T21:45:00+00:00,1,-9e-05,KRW-PENGU
2026-07-20T00:00:00+00:00,1,0.00549,KRW-ZIL
2026-07-20T01:15:00+00:00,1,-0.00011,KRW-PLUME
2026-07-20T01:30:00+00:00,1,-0.00096,KRW-HOLO
2026-07-20T01:45:00+00:00,1,-0.00115,KRW-ATOM
2026-07-20T02:00:00+00:00,2,0.00198,KRW-ATH|KRW-BERA
2026-07-20T04:15:00+00:00,1,-8e-05,KRW-BSV
2026-07-20T05:00:00+00:00,3,-0.00497,KRW-BIGTIME|KRW-ERA|KRW-PEPE
2026-07-20T05:30:00+00:00,1,0.00081,KRW-MANTRA
2026-07-20T06:15:00+00:00,1,-0.00047,KRW-TRAC
2026-07-20T06:30:00+00:00,1,-0.00367,KRW-ETC
2026-07-20T06:45:00+00:00,1,0.00084,KRW-ATH
2026-07-20T09:00:00+00:00,1,-0.00067,KRW-ZIL
2026-07-20T09:30:00+00:00,1,-0.00029,KRW-ZAMA
2026-07-20T11:45:00+00:00,2,0.00286,KRW-BIGTIME|KRW-MANTRA
2026-07-20T13:15:00+00:00,1,-0.00296,KRW-ZIL
2026-07-20T13:45:00+00:00,1,-0.00536,KRW-ZAMA
2026-07-20T16:30:00+00:00,1,-0.00168,KRW-DOT
2026-07-20T20:45:00+00:00,1,0.00188,KRW-ETC
2026-07-20T21:00:00+00:00,1,-0.00068,KRW-ZAMA
2026-07-20T21:15:00+00:00,1,-0.001,KRW-MON
2026-07-21T01:30:00+00:00,1,-0.00179,KRW-MON
2026-07-21T01:45:00+00:00,2,-0.0008,KRW-ERA|KRW-IRYS
2026-07-21T02:15:00+00:00,1,-0.00074,KRW-ZIL
2026-07-21T03:00:00+00:00,1,0.00031,KRW-TRAC
2026-07-21T03:45:00+00:00,1,2e-05,KRW-LA
2026-07-21T04:00:00+00:00,1,0.00067,KRW-TREE
2026-07-21T06:15:00+00:00,1,0.00142,KRW-ERA
2026-07-21T07:00:00+00:00,1,-0.00043,KRW-BIGTIME
2026-07-21T07:30:00+00:00,1,0.00253,KRW-SOPH
2026-07-21T08:00:00+00:00,3,0.00094,KRW-LA|KRW-TREE|KRW-ZAMA
2026-07-21T08:30:00+00:00,2,0.00155,KRW-ME|KRW-POL
2026-07-21T11:30:00+00:00,1,0.00199,KRW-ERA
2026-07-21T12:00:00+00:00,2,0.00098,KRW-LA|KRW-VVV
2026-07-21T15:45:00+00:00,1,0.00214,KRW-ERA
2026-07-21T22:00:00+00:00,2,-0.00041,KRW-DOT|KRW-ERA
2026-07-21T22:30:00+00:00,1,0.00066,KRW-BIO
2026-07-22T00:15:00+00:00,4,-0.00041,KRW-HOLO|KRW-LA|KRW-LAYER|KRW-TREE
2026-07-22T00:45:00+00:00,1,-0.00016,KRW-MIRA
2026-07-22T01:30:00+00:00,1,-0.00019,KRW-SOPH
2026-07-22T02:00:00+00:00,1,0.00031,KRW-ZORA
2026-07-22T07:00:00+00:00,2,-0.00041,KRW-NEAR|KRW-ZAMA
2026-07-22T08:15:00+00:00,2,-0.00011,KRW-ERA|KRW-LA
2026-07-22T10:00:00+00:00,1,0.00016,KRW-ZIL
2026-07-22T12:15:00+00:00,1,-0.00046,KRW-ZAMA
2026-07-22T16:00:00+00:00,1,0.00182,KRW-HOLO
2026-07-22T16:15:00+00:00,1,-0.00128,KRW-WLFI
2026-07-22T23:00:00+00:00,1,-0.00074,KRW-ARB
2026-07-23T00:00:00+00:00,1,0.00045,KRW-WLFI
2026-07-23T01:00:00+00:00,1,-0.00076,KRW-BLEND
2026-07-23T02:00:00+00:00,1,-0.00095,KRW-ZIL
2026-07-23T03:00:00+00:00,1,-0.00248,KRW-ZAMA
2026-07-23T03:15:00+00:00,1,-0.00024,KRW-DOT
2026-07-23T06:30:00+00:00,1,0.00093,KRW-WLFI
2026-07-23T07:45:00+00:00,1,4e-05,KRW-KITE
2026-07-23T08:15:00+00:00,1,-0.00019,KRW-ZAMA
2026-07-23T09:15:00+00:00,1,0.00051,KRW-BERA
2026-07-23T09:30:00+00:00,1,-0.00066,KRW-BARD
2026-07-23T10:30:00+00:00,1,0.00082,KRW-ZIL
2026-07-23T11:00:00+00:00,1,-0.0005,KRW-WLFI
2026-07-23T12:30:00+00:00,1,-0.0039,KRW-SHIB
2026-07-23T12:45:00+00:00,1,0.00024,KRW-ZAMA
2026-07-23T15:15:00+00:00,1,0.00134,KRW-WLFI
2026-07-23T15:45:00+00:00,1,-0.00044,KRW-POL
2026-07-23T18:00:00+00:00,2,0.00134,KRW-BCH|KRW-ZAMA
2026-07-23T21:15:00+00:00,1,0.00155,KRW-AKT
2026-07-23T21:30:00+00:00,1,-0.00017,KRW-WLFI
2026-07-23T21:45:00+00:00,1,0.00026,KRW-XPL
2026-07-24T00:15:00+00:00,1,-0.00141,KRW-BARD
2026-07-24T00:45:00+00:00,2,0.00056,KRW-ERA|KRW-STX
2026-07-24T01:45:00+00:00,1,-0.0013,KRW-ZAMA
2026-07-24T02:30:00+00:00,1,-0.00116,KRW-ETC
2026-07-24T03:00:00+00:00,1,0.0046,KRW-LSK
2026-07-24T05:30:00+00:00,1,-0.00068,KRW-DATA
2026-07-24T08:00:00+00:00,1,-0.00119,KRW-STX
2026-07-24T10:00:00+00:00,1,-0.00113,KRW-ATOM
2026-07-24T12:45:00+00:00,2,-0.00179,KRW-BIO|KRW-POL
2026-07-24T13:00:00+00:00,6,-0.00539,KRW-DOT|KRW-ETC|KRW-INJ|KRW-SEI|KRW-SUI|KRW-TAO
2026-07-24T14:30:00+00:00,2,-0.00108,KRW-BERA|KRW-NEAR
2026-07-24T20:30:00+00:00,1,-0.00103,KRW-LINK
2026-07-24T21:00:00+00:00,1,-0.00064,KRW-ETC
2026-07-24T21:15:00+00:00,1,0.00059,KRW-HBAR
2026-07-25T00:00:00+00:00,1,-0.00116,KRW-STX
2026-07-25T01:30:00+00:00,1,0.00133,KRW-ZAMA
2026-07-25T02:00:00+00:00,1,-0.00026,KRW-ETC
2026-07-25T02:15:00+00:00,1,-0.00032,KRW-AKT
2026-07-25T03:15:00+00:00,1,0.00063,KRW-SAHARA
2026-07-25T05:30:00+00:00,1,-0.00253,KRW-ZAMA
2026-07-25T07:30:00+00:00,1,0.00012,KRW-SOON
2026-07-25T09:15:00+00:00,1,0.00197,KRW-PRL
2026-07-25T09:30:00+00:00,1,-0.00093,KRW-ZAMA
2026-07-25T10:00:00+00:00,1,0.00061,KRW-ESP
2026-07-25T13:45:00+00:00,1,-0.00019,KRW-VVV
2026-07-25T14:15:00+00:00,1,-0.00031,KRW-ENSO
2026-07-25T16:15:00+00:00,1,-0.00094,KRW-SHIB
2026-07-25T18:30:00+00:00,1,-0.00035,KRW-HBAR
2026-07-25T20:45:00+00:00,1,0.00035,KRW-SHIB
2026-07-25T21:00:00+00:00,1,-0.00031,KRW-POL
2026-07-26T01:00:00+00:00,1,-0.00107,KRW-BERA
2026-07-26T01:15:00+00:00,1,0.00013,KRW-BLEND
2026-07-26T02:45:00+00:00,1,0.00071,KRW-SHIB
2026-07-26T04:00:00+00:00,1,-0.00059,KRW-PEPE
2026-07-26T06:15:00+00:00,1,-0.00052,KRW-INJ
2026-07-26T06:30:00+00:00,2,-1e-05,KRW-PIEVERSE|KRW-PRL
2026-07-26T06:45:00+00:00,1,0.00163,KRW-VVV
2026-07-26T07:30:00+00:00,1,0.00065,KRW-SHIB
2026-07-26T08:00:00+00:00,3,-0.00049,KRW-ETC|KRW-MON|KRW-ZORA
2026-07-26T08:30:00+00:00,1,0.00101,KRW-STX
2026-07-26T10:15:00+00:00,1,0.00125,KRW-HYPER
2026-07-26T11:00:00+00:00,3,0.00027,KRW-PIEVERSE|KRW-PRL|KRW-ZAMA
2026-07-26T11:30:00+00:00,1,0.0,KRW-APT
2026-07-26T12:45:00+00:00,2,-0.00107,KRW-SHIB|KRW-UNI
2026-07-26T13:15:00+00:00,2,0.00051,KRW-KAITO|KRW-PEPE
2026-07-26T14:15:00+00:00,1,-0.00119,KRW-SOON
2026-07-26T14:30:00+00:00,1,0.00116,KRW-LA
2026-07-26T14:45:00+00:00,1,-0.00069,KRW-ESP
2026-07-26T15:00:00+00:00,1,5e-05,KRW-PIEVERSE
2026-07-26T17:00:00+00:00,1,-0.00058,KRW-ETC
2026-07-26T19:15:00+00:00,1,0.00015,KRW-ESP
2026-07-26T22:15:00+00:00,1,-0.00021,KRW-SOON
2026-07-26T23:00:00+00:00,1,-0.00041,KRW-PUMP
2026-07-27T00:15:00+00:00,4,-0.00075,KRW-B3|KRW-IRYS|KRW-MANTRA|KRW-PRL
2026-07-27T00:30:00+00:00,1,-0.00041,KRW-UP2
2026-07-27T00:45:00+00:00,1,-0.00018,KRW-SPK
2026-07-27T01:00:00+00:00,1,-0.00011,KRW-ESP
2026-07-27T01:30:00+00:00,2,0.00075,KRW-SHIB|KRW-STORJ
2026-07-27T03:15:00+00:00,1,0.00076,KRW-SOON
2026-07-27T04:30:00+00:00,2,0.00101,KRW-PLUME|KRW-ZORA
2026-07-27T05:15:00+00:00,1,0.00072,KRW-SPK
2026-07-27T05:30:00+00:00,2,0.00028,KRW-FF|KRW-IRYS
2026-07-27T05:45:00+00:00,1,0.00049,KRW-ESP
2026-07-27T08:30:00+00:00,2,-0.00058,KRW-STORJ|KRW-UP2
2026-07-27T08:45:00+00:00,3,0.00037,KRW-DATA|KRW-MOVE|KRW-ZRO
2026-07-27T10:15:00+00:00,1,0.0016,KRW-SOON
2026-07-27T12:15:00+00:00,1,-0.00126,KRW-MON
2026-07-27T13:30:00+00:00,1,0.00848,KRW-IRYS
2026-07-27T14:15:00+00:00,5,-0.00565,KRW-AKT|KRW-ATOM|KRW-BIGTIME|KRW-INJ|KRW-ZRO
2026-07-27T14:30:00+00:00,12,-0.00493,KRW-CHZ|KRW-DATA|KRW-ETHFI|KRW-FIL|KRW-HOLO|KRW-MOVE|KRW-PENGU|KRW-PLUME|KRW-SOON|KRW-SPK|KRW-SUI|KRW-TAO
2026-07-27T17:30:00+00:00,1,-3e-05,KRW-LA
2026-07-27T18:00:00+00:00,1,-0.00082,KRW-IRYS
2026-07-27T21:00:00+00:00,1,-0.00035,KRW-SOON
2026-07-27T22:00:00+00:00,1,-0.00127,KRW-CHZ
2026-07-27T22:30:00+00:00,2,-0.00477,KRW-BIGTIME|KRW-SUI
2026-07-27T22:45:00+00:00,8,-0.00439,KRW-ATOM|KRW-CFG|KRW-DOT|KRW-ETC|KRW-FIL|KRW-LINK|KRW-SAND|KRW-SEI
2026-07-27T23:00:00+00:00,3,-0.00033,KRW-BIO|KRW-XPL|KRW-ZRO
2026-07-27T23:30:00+00:00,1,-0.00423,KRW-SNT
2026-07-28T00:00:00+00:00,3,-0.00181,KRW-AWE|KRW-MEGA|KRW-UP2
2026-07-28T00:15:00+00:00,2,-8e-05,KRW-IRYS|KRW-STORJ
2026-07-28T00:30:00+00:00,1,-0.00093,KRW-B3
2026-07-28T01:00:00+00:00,1,-0.00408,KRW-TAO
2026-07-28T01:45:00+00:00,1,-0.00017,KRW-AVNT
2026-07-28T03:30:00+00:00,1,4e-05,KRW-SNT
2026-07-28T03:45:00+00:00,1,1e-05,KRW-SOON
2026-07-28T06:00:00+00:00,1,-0.00053,KRW-APT
2026-07-28T07:30:00+00:00,1,-0.00065,KRW-ETC
2026-07-28T07:45:00+00:00,1,-0.00037,KRW-XAUT
2026-07-28T09:00:00+00:00,1,0.00041,KRW-SNT
2026-07-28T09:30:00+00:00,1,0.00135,KRW-STORJ
2026-07-28T13:30:00+00:00,3,-0.00435,KRW-APT|KRW-RENDER|KRW-SNT
2026-07-28T14:15:00+00:00,1,-0.00025,KRW-SOON
2026-07-28T20:00:00+00:00,1,0.00095,KRW-SOPH
2026-07-28T22:45:00+00:00,1,-0.00233,KRW-TAO
2026-07-29T00:15:00+00:00,1,-0.00095,KRW-UP2
2026-07-29T01:00:00+00:00,1,-0.00276,KRW-COW
2026-07-29T01:15:00+00:00,1,0.00065,KRW-OPEN
2026-07-29T01:45:00+00:00,1,-0.00284,KRW-TRX
2026-07-29T02:15:00+00:00,2,0.00031,KRW-SNT|KRW-STORJ
2026-07-29T03:15:00+00:00,2,-0.00226,KRW-ENSO|KRW-SOON
2026-07-29T03:30:00+00:00,3,-0.00164,KRW-BIGTIME|KRW-FIL|KRW-PUMP
2026-07-29T03:45:00+00:00,1,-0.00029,KRW-RENDER
2026-07-29T04:00:00+00:00,1,-0.00135,KRW-AVAX
2026-07-29T04:15:00+00:00,2,-0.00237,KRW-BCH|KRW-SIGN
2026-07-29T04:30:00+00:00,1,-0.00174,KRW-APT
2026-07-29T08:00:00+00:00,1,-0.00142,KRW-SOON
2026-07-29T09:15:00+00:00,1,0.00065,KRW-ENSO
2026-07-29T12:00:00+00:00,1,-4e-05,KRW-PRL
2026-07-29T13:45:00+00:00,1,0.00206,KRW-OPEN
2026-07-29T14:45:00+00:00,1,0.0006,KRW-SOON
2026-07-29T16:00:00+00:00,1,0.0009,KRW-XPL
2026-07-29T16:30:00+00:00,1,-0.00534,KRW-FIL
2026-07-29T17:00:00+00:00,1,0.00135,KRW-ALGO
2026-07-29T21:00:00+00:00,1,3e-05,KRW-AAVE
2026-07-29T23:15:00+00:00,1,0.00064,KRW-SOON
2026-07-30T00:15:00+00:00,3,-0.00093,KRW-EDGE|KRW-IRYS|KRW-PLUME
2026-07-30T00:45:00+00:00,1,-0.00058,KRW-SNT
2026-07-30T03:00:00+00:00,1,-7e-05,KRW-HOLO
2026-07-30T05:00:00+00:00,1,-0.00114,KRW-XPL
2026-07-30T05:15:00+00:00,1,-3e-05,KRW-FF
2026-07-30T06:30:00+00:00,1,-0.00046,KRW-SOON
2026-07-30T07:45:00+00:00,1,-4e-05,KRW-ESP
2026-07-30T08:30:00+00:00,1,0.00069,KRW-HOLO
2026-07-30T08:45:00+00:00,1,-0.0007,KRW-EDGE
2026-07-30T11:15:00+00:00,1,0.00101,KRW-KAITO
2026-07-30T13:30:00+00:00,1,-0.00294,KRW-TRX
2026-07-30T14:00:00+00:00,1,-0.0037,KRW-STORJ
2026-07-30T15:00:00+00:00,1,0.00017,KRW-MMT
2026-07-30T16:30:00+00:00,1,-0.00198,KRW-PENDLE
2026-07-30T17:00:00+00:00,1,0.00081,KRW-UNI
2026-07-30T22:15:00+00:00,1,-0.0002,KRW-MMT
2026-07-31T00:30:00+00:00,1,0.00242,KRW-MOVE
2026-07-31T03:45:00+00:00,1,-0.00019,KRW-MMT
2026-07-31T04:30:00+00:00,1,-2e-05,KRW-AVNT
2026-07-31T05:15:00+00:00,1,-0.00087,KRW-LAYER
2026-07-31T05:30:00+00:00,1,-0.00082,KRW-SUI
2026-07-31T07:00:00+00:00,1,-0.00101,KRW-PLUME
2026-07-31T07:15:00+00:00,1,-0.00106,KRW-LINK
2026-07-31T07:30:00+00:00,1,-9e-05,KRW-HYPER
2026-07-31T07:45:00+00:00,3,0.0,KRW-AXS|KRW-RED|KRW-SAND
2026-07-31T08:00:00+00:00,1,-0.00081,KRW-XEC
2026-07-31T09:00:00+00:00,1,-0.00023,KRW-BCH
2026-07-31T10:00:00+00:00,1,0.00076,KRW-TRX
2026-07-31T10:45:00+00:00,1,0.00099,KRW-MMT
2026-07-31T11:30:00+00:00,1,-0.0012,KRW-BIRB
2026-07-31T12:00:00+00:00,1,-0.00083,KRW-XEC
2026-07-31T14:15:00+00:00,1,-0.00081,KRW-SNT
2026-07-31T15:15:00+00:00,1,-0.00096,KRW-MMT
2026-07-31T21:00:00+00:00,1,0.0008,KRW-AAVE
2026-07-31T22:00:00+00:00,1,0.0007,KRW-MON
2026-07-31T23:15:00+00:00,1,0.00081,KRW-MMT
2026-08-01T00:00:00+00:00,1,0.00041,KRW-SNT
2026-08-01T01:45:00+00:00,1,0.00014,KRW-HOLO
2026-08-01T05:30:00+00:00,1,-0.00086,KRW-UNI
2026-08-01T08:00:00+00:00,1,0.00097,KRW-PUMP
2026-08-01T09:15:00+00:00,2,0.00022,KRW-MMT|KRW-STORJ
2026-08-01T09:45:00+00:00,1,-0.00061,KRW-ENSO
2026-08-01T10:30:00+00:00,1,-0.00033,KRW-SAHARA
2026-08-01T10:45:00+00:00,1,-0.0005,KRW-ARX
2026-08-01T13:00:00+00:00,1,0.00031,KRW-AKT
2026-08-01T18:30:00+00:00,2,-0.0015,KRW-ETC|KRW-PENDLE
2026-08-02T00:15:00+00:00,2,0.00057,KRW-EDGE|KRW-HYPER
2026-08-02T02:00:00+00:00,1,0.00556,KRW-BORA
2026-08-02T05:00:00+00:00,1,-0.00201,KRW-HYPER
2026-08-02T07:15:00+00:00,1,0.00056,KRW-PENDLE
2026-08-02T08:00:00+00:00,1,0.00015,KRW-PRL
2026-08-02T09:30:00+00:00,1,0.00021,KRW-HYPER
2026-08-02T10:45:00+00:00,1,9e-05,KRW-MANTRA
2026-08-02T12:15:00+00:00,1,4e-05,KRW-ELSA
2026-08-02T15:15:00+00:00,1,2e-05,KRW-HYPER
2026-08-02T15:45:00+00:00,1,-0.00013,KRW-MANTRA
2026-08-02T22:45:00+00:00,1,-0.00057,KRW-HYPER
2026-08-03T00:00:00+00:00,2,-0.0032,KRW-PLUME|KRW-SKR
2026-08-03T00:15:00+00:00,1,-0.00167,KRW-G
2026-08-03T01:00:00+00:00,2,-0.00163,KRW-MANTRA|KRW-STORJ
2026-08-03T01:30:00+00:00,1,0.00078,KRW-WAVES
2026-08-03T03:45:00+00:00,1,-0.00168,KRW-RVN
2026-08-03T05:15:00+00:00,1,-0.00053,KRW-STORJ
2026-08-03T06:30:00+00:00,2,-0.00102,KRW-SAND|KRW-ZIL
2026-08-03T08:00:00+00:00,1,-0.0004,KRW-WAVES
2026-08-03T08:15:00+00:00,1,-0.00246,KRW-ETC
2026-08-03T14:15:00+00:00,1,0.00677,KRW-LSK
2026-08-03T15:30:00+00:00,1,0.00036,KRW-UNI
2026-08-03T16:15:00+00:00,1,0.00145,KRW-OPEN
2026-08-03T16:45:00+00:00,1,0.00023,KRW-AKT
2026-08-03T22:00:00+00:00,1,-0.00119,KRW-STEEM
2026-08-03T23:30:00+00:00,1,-0.0018,KRW-AKT
2026-08-04T00:45:00+00:00,1,-0.00135,KRW-BORA
2026-08-04T01:00:00+00:00,1,0.00037,KRW-STORJ
2026-08-04T02:15:00+00:00,1,-0.00127,KRW-AVAX
2026-08-04T03:00:00+00:00,1,-0.00248,KRW-RED
2026-08-04T04:30:00+00:00,1,0.00118,KRW-AWE
2026-08-04T05:45:00+00:00,1,-0.00073,KRW-BORA
2026-08-04T06:00:00+00:00,1,0.00025,KRW-LSK
2026-08-04T07:00:00+00:00,1,-0.00109,KRW-CC
2026-08-04T10:15:00+00:00,1,-0.00015,KRW-BORA
2026-08-04T13:15:00+00:00,2,-0.00147,KRW-HBAR|KRW-SKR
2026-08-04T14:15:00+00:00,1,0.00164,KRW-PENGU
2026-08-04T15:00:00+00:00,1,-0.00102,KRW-ETHFI
2026-08-04T17:00:00+00:00,1,0.00091,KRW-BORA
2026-08-04T23:15:00+00:00,1,-0.00214,KRW-SKR
2026-08-05T00:30:00+00:00,1,-0.00018,KRW-HYPER
2026-08-05T00:45:00+00:00,2,-0.00244,KRW-AAVE|KRW-BORA
2026-08-05T01:00:00+00:00,1,0.00034,KRW-SIGN
2026-08-05T02:30:00+00:00,1,-0.00109,KRW-ZORA
2026-08-05T04:45:00+00:00,1,0.00046,KRW-BIO
2026-08-05T05:00:00+00:00,1,0.00186,KRW-SIGN
2026-08-05T06:45:00+00:00,1,-0.00108,KRW-SKR
2026-08-05T07:45:00+00:00,2,0.00253,KRW-BIRB|KRW-ZORA
2026-08-05T08:45:00+00:00,1,-0.00063,KRW-AWE
2026-08-05T11:45:00+00:00,1,-0.00046,KRW-SKR
2026-08-05T12:15:00+00:00,1,0.00393,KRW-BIRB
2026-08-05T15:00:00+00:00,1,0.00206,KRW-BIO
2026-08-05T15:15:00+00:00,1,-0.00256,KRW-SAHARA
2026-08-05T15:30:00+00:00,1,0.00184,KRW-CC
2026-08-05T20:15:00+00:00,1,0.00058,KRW-CC
2026-08-05T21:30:00+00:00,1,0.00101,KRW-ZORA
2026-08-06T00:00:00+00:00,1,-0.00013,KRW-G
2026-08-06T00:15:00+00:00,2,-0.00013,KRW-AXS|KRW-SIGN
2026-08-06T00:45:00+00:00,1,-0.00181,KRW-STEEM
2026-08-06T02:15:00+00:00,1,-0.00036,KRW-PUMP
2026-08-06T03:00:00+00:00,1,-0.00149,KRW-XPL
2026-08-06T03:45:00+00:00,2,-0.00041,KRW-SKR|KRW-TRX
2026-08-06T05:00:00+00:00,1,0.00293,KRW-AXS
2026-08-06T07:30:00+00:00,1,-0.00054,KRW-STEEM
2026-08-06T09:15:00+00:00,1,-0.00033,KRW-ETC
2026-08-06T10:00:00+00:00,3,-0.00075,KRW-AVAX|KRW-FIL|KRW-SUI
2026-08-06T10:45:00+00:00,2,0.0005,KRW-CFG|KRW-ZBT
2026-08-06T13:15:00+00:00,1,-0.00014,KRW-AXS
2026-08-06T14:15:00+00:00,1,0.00012,KRW-XAUT
2026-08-06T15:00:00+00:00,1,0.00106,KRW-ZBT
2026-08-06T17:00:00+00:00,1,-0.00045,KRW-FIL
2026-08-06T17:15:00+00:00,1,-0.00122,KRW-PLUME
2026-08-06T19:45:00+00:00,1,-8e-05,KRW-ZBT
2026-08-06T21:45:00+00:00,1,0.00046,KRW-PLUME
2026-08-07T00:00:00+00:00,1,0.00024,KRW-AXS
2026-08-07T00:45:00+00:00,1,8e-05,KRW-ZORA
2026-08-07T01:15:00+00:00,2,2e-05,KRW-HYPER|KRW-ZBT
2026-08-07T02:15:00+00:00,4,-0.00049,KRW-BIO|KRW-MIRA|KRW-PLUME|KRW-STORJ
2026-08-07T02:45:00+00:00,1,0.00075,KRW-ZKP
2026-08-07T06:15:00+00:00,1,0.00068,KRW-RED
2026-08-07T07:00:00+00:00,1,-0.00058,KRW-ZBT
2026-08-07T10:45:00+00:00,1,-0.00055,KRW-SOPH
2026-08-07T12:15:00+00:00,1,-0.00081,KRW-ESP
2026-08-07T12:30:00+00:00,1,-0.00229,KRW-PENDLE
2026-08-07T14:45:00+00:00,1,-0.00199,KRW-AAVE
2026-08-07T17:00:00+00:00,1,-0.00143,KRW-FIL
2026-08-07T20:00:00+00:00,1,0.0001,KRW-CRO
2026-08-08T00:15:00+00:00,1,-0.00013,KRW-KAT
2026-08-08T00:30:00+00:00,1,-1e-05,KRW-BORA
2026-08-08T01:00:00+00:00,1,0.00077,KRW-ZBT
2026-08-08T03:15:00+00:00,1,0.00181,KRW-ZKP
2026-08-08T06:45:00+00:00,2,0.00037,KRW-CRO|KRW-MMT
2026-08-08T10:30:00+00:00,1,0.00061,KRW-DEEP
2026-08-08T13:15:00+00:00,1,4e-05,KRW-0G
2026-08-08T14:45:00+00:00,1,-0.00023,KRW-DEEP
2026-08-08T20:30:00+00:00,1,7e-05,KRW-DEEP
2026-08-08T22:15:00+00:00,1,-0.00058,KRW-WAVES
2026-08-09T00:15:00+00:00,1,0.00038,KRW-BLEND
2026-08-09T01:30:00+00:00,1,0.0001,KRW-CHIP
2026-08-09T02:15:00+00:00,1,0.00033,KRW-ENSO
2026-08-09T04:00:00+00:00,1,0.00041,KRW-DEEP
2026-08-09T06:45:00+00:00,1,0.00012,KRW-BIO
2026-08-09T07:00:00+00:00,1,-2e-05,KRW-AVNT
2026-08-09T07:45:00+00:00,1,-0.00036,KRW-PYTH
2026-08-09T08:45:00+00:00,1,-8e-05,KRW-CC
2026-08-09T09:30:00+00:00,1,0.00022,KRW-DEEP
2026-08-09T11:15:00+00:00,1,-0.00014,KRW-ME
2026-08-09T12:45:00+00:00,1,-0.00011,KRW-OPEN
2026-08-09T13:30:00+00:00,1,0.00293,KRW-PUMP
2026-08-09T15:00:00+00:00,1,-0.00012,KRW-WAVES
2026-08-09T23:15:00+00:00,1,-0.00128,KRW-CHIP
2026-08-10T00:15:00+00:00,1,-0.00183,KRW-COW
2026-08-10T00:30:00+00:00,1,-0.00182,KRW-FF
2026-08-10T03:15:00+00:00,1,0.00047,KRW-RENDER
2026-08-10T08:00:00+00:00,1,0.00086,KRW-OPEN
2026-08-10T10:30:00+00:00,1,-0.00054,KRW-CHIP
2026-08-10T11:30:00+00:00,1,0.00059,KRW-MON
2026-08-10T12:45:00+00:00,1,-0.00106,KRW-BIO
2026-08-10T13:00:00+00:00,1,-0.00042,KRW-ME
2026-08-10T13:15:00+00:00,1,0.00055,KRW-AXS
2026-08-10T18:00:00+00:00,1,0.00043,KRW-ME
2026-08-10T18:45:00+00:00,1,0.00074,KRW-OPEN
2026-08-10T21:45:00+00:00,1,-0.00086,KRW-RVN
2026-08-10T22:15:00+00:00,1,-0.00106,KRW-TRX
2026-08-10T22:30:00+00:00,1,-0.00053,KRW-RENDER
2026-08-11T00:00:00+00:00,1,0.0,KRW-AVNT
2026-08-11T00:15:00+00:00,2,-0.00052,KRW-EDGE|KRW-ME
2026-08-11T06:00:00+00:00,1,0.00038,KRW-RVN
2026-08-11T09:00:00+00:00,2,-0.00029,KRW-MMT|KRW-SOPH
2026-08-11T10:15:00+00:00,2,0.00042,KRW-RENDER|KRW-RVN
2026-08-11T11:30:00+00:00,1,-1e-05,KRW-LINK
2026-08-11T12:00:00+00:00,1,0.0012,KRW-EDGE
2026-08-11T12:15:00+00:00,1,-0.00119,KRW-0G
2026-08-11T12:30:00+00:00,1,0.00021,KRW-OPEN
2026-08-11T14:45:00+00:00,6,-0.00212,KRW-AVAX|KRW-ETC|KRW-JUP|KRW-MOVE|KRW-NEAR|KRW-VIRTUAL
2026-08-11T15:00:00+00:00,1,0.00014,KRW-BIGTIME
2026-08-11T15:15:00+00:00,2,0.00067,KRW-ALGO|KRW-ID
2026-08-11T15:30:00+00:00,4,-0.00431,KRW-ONT|KRW-POL|KRW-SEI|KRW-XPL
2026-08-11T17:00:00+00:00,1,-0.00032,KRW-RVN
2026-08-11T20:30:00+00:00,1,0.0003,KRW-SEI
2026-08-11T21:15:00+00:00,1,-0.00071,KRW-HOLO
2026-08-11T21:45:00+00:00,1,0.00078,KRW-LSK
2026-08-12T00:15:00+00:00,3,0.00084,KRW-ARB|KRW-EDGE|KRW-RVN
2026-08-12T00:45:00+00:00,1,0.00035,KRW-ID
2026-08-12T02:00:00+00:00,1,0.00024,KRW-HOLO
2026-08-12T02:30:00+00:00,1,-0.00181,KRW-LSK
2026-08-12T04:30:00+00:00,2,-0.00117,KRW-ELF|KRW-RVN
2026-08-12T05:00:00+00:00,1,-8e-05,KRW-AXS
2026-08-12T05:30:00+00:00,1,0.00071,KRW-STORJ
2026-08-12T06:00:00+00:00,2,-0.00129,KRW-HOLO|KRW-PLUME
2026-08-12T06:30:00+00:00,2,-0.00023,KRW-INJ|KRW-ONT
2026-08-12T06:45:00+00:00,1,0.00087,KRW-UNI
2026-08-12T07:00:00+00:00,1,0.00042,KRW-STEEM
2026-08-12T08:30:00+00:00,1,-0.00013,KRW-ELF
2026-08-12T09:45:00+00:00,1,1e-05,KRW-STORJ
2026-08-12T10:15:00+00:00,2,-0.001,KRW-KAITO|KRW-OPEN
2026-08-12T10:45:00+00:00,1,-4e-05,KRW-SOPH
2026-08-12T11:00:00+00:00,1,0.00022,KRW-LAYER
2026-08-12T12:30:00+00:00,1,-0.00471,KRW-ELF
2026-08-12T13:15:00+00:00,1,-0.00083,KRW-POL
2026-08-12T13:30:00+00:00,1,0.00113,KRW-RVN
2026-08-12T13:45:00+00:00,1,-0.00158,KRW-LSK
2026-08-12T14:00:00+00:00,2,-0.00063,KRW-ALGO|KRW-W
2026-08-12T14:15:00+00:00,1,-0.0011,KRW-VIRTUAL
2026-08-12T20:15:00+00:00,1,-0.00014,KRW-ARB
2026-08-12T21:15:00+00:00,2,-0.00108,KRW-DOT|KRW-FIL
2026-08-12T21:45:00+00:00,1,-0.00119,KRW-W
2026-08-13T00:15:00+00:00,1,0.00095,KRW-ID
2026-08-13T01:30:00+00:00,1,-0.0003,KRW-MOVE
2026-08-13T02:00:00+00:00,1,0.00017,KRW-LSK
2026-08-13T04:00:00+00:00,1,7e-05,KRW-SOPH
2026-08-13T04:45:00+00:00,1,0.00095,KRW-ID
2026-08-13T05:30:00+00:00,1,0.00027,KRW-STEEM
2026-08-13T07:30:00+00:00,1,-0.00105,KRW-HOLO
2026-08-13T07:45:00+00:00,1,-0.0001,KRW-MOVE
2026-08-13T08:15:00+00:00,1,-0.00093,KRW-ARB
2026-08-13T08:45:00+00:00,1,-0.00128,KRW-VVV
2026-08-13T09:45:00+00:00,3,7e-05,KRW-AVNT|KRW-COW|KRW-TRX
2026-08-13T10:00:00+00:00,1,-0.00136,KRW-BONK
2026-08-13T10:30:00+00:00,1,-0.00067,KRW-ZIL
2026-08-13T11:30:00+00:00,1,-0.0007,KRW-ATOM
2026-08-13T12:30:00+00:00,1,-0.00028,KRW-STEEM
2026-08-13T15:00:00+00:00,1,-0.00121,KRW-ETHFI
2026-08-13T15:15:00+00:00,1,-0.00271,KRW-AVNT
2026-08-13T15:30:00+00:00,2,0.00182,KRW-BCH|KRW-PENDLE
2026-08-13T15:45:00+00:00,1,-0.00304,KRW-ENSO
2026-08-13T21:00:00+00:00,1,0.0007,KRW-AVNT
2026-08-13T21:45:00+00:00,1,-0.00041,KRW-ETHFI
2026-08-14T00:00:00+00:00,2,0.00198,KRW-ENSO|KRW-MOVE
2026-08-14T00:30:00+00:00,1,0.00121,KRW-RED
2026-08-14T01:00:00+00:00,1,0.00073,KRW-APT
2026-08-14T01:15:00+00:00,1,-0.00056,KRW-SOPH
2026-08-14T02:15:00+00:00,1,-0.00026,KRW-AVNT
2026-08-14T02:30:00+00:00,1,0.00071,KRW-ATOM
2026-08-14T03:00:00+00:00,1,-0.00075,KRW-DOOD
2026-08-14T03:15:00+00:00,1,0.00077,KRW-CHIP
2026-08-14T03:30:00+00:00,1,-0.00122,KRW-CRO
2026-08-14T04:45:00+00:00,1,-0.00025,KRW-RED
2026-08-14T07:00:00+00:00,1,0.00164,KRW-ATOM
2026-08-14T07:30:00+00:00,2,-0.00126,KRW-APT|KRW-DOOD
2026-08-14T08:45:00+00:00,1,0.00157,KRW-PLUME
2026-08-14T09:30:00+00:00,1,-0.00017,KRW-BCH
2026-08-14T10:15:00+00:00,1,-8e-05,KRW-MOVE
2026-08-14T10:30:00+00:00,1,0.00055,KRW-ATH
2026-08-14T11:45:00+00:00,1,0.00034,KRW-UNI
2026-08-14T12:00:00+00:00,1,-0.00168,KRW-ATOM
2026-08-14T12:15:00+00:00,1,0.0009,KRW-AWE
2026-08-14T14:15:00+00:00,1,0.00028,KRW-BCH
2026-08-14T14:45:00+00:00,1,-0.00149,KRW-INJ
2026-08-14T15:00:00+00:00,1,0.00232,KRW-ONT
2026-08-15T00:15:00+00:00,1,-0.00056,KRW-FIL
2026-08-15T00:45:00+00:00,1,0.00017,KRW-MOVE
2026-08-15T01:15:00+00:00,1,0.0001,KRW-AVNT
2026-08-15T02:00:00+00:00,1,0.00073,KRW-PRL
2026-08-15T02:30:00+00:00,1,0.00078,KRW-ENSO
2026-08-15T03:00:00+00:00,1,1e-05,KRW-LINK
2026-08-15T03:15:00+00:00,2,-0.00046,KRW-AVAX|KRW-PLUME
2026-08-15T06:30:00+00:00,1,-0.00063,KRW-PRL
2026-08-15T07:15:00+00:00,1,-0.00054,KRW-ARB
2026-08-15T08:15:00+00:00,1,-0.00048,KRW-CHIP
2026-08-15T09:00:00+00:00,1,-0.00052,KRW-JTO
2026-08-15T09:30:00+00:00,1,0.00033,KRW-TREE
2026-08-15T09:45:00+00:00,3,0.0012,KRW-CFG|KRW-COW|KRW-ENSO
2026-08-15T10:00:00+00:00,1,-3e-05,KRW-BERA
2026-08-15T10:15:00+00:00,3,0.0,KRW-ETHFI|KRW-XAUT|KRW-ZORA
2026-08-15T11:00:00+00:00,1,6e-05,KRW-PLUME
2026-08-15T13:15:00+00:00,1,-0.00034,KRW-DEEP
2026-08-15T13:30:00+00:00,1,-0.00035,KRW-OPG
2026-08-15T14:00:00+00:00,1,-0.00031,KRW-ENSO
2026-08-15T14:30:00+00:00,1,0.00038,KRW-COW
2026-08-15T16:15:00+00:00,1,2e-05,KRW-AVAX
2026-08-15T16:30:00+00:00,1,-2e-05,KRW-BERA
2026-08-15T17:30:00+00:00,1,-8e-05,KRW-OPG
2026-08-15T18:00:00+00:00,1,0.00025,KRW-ENSO
2026-08-15T19:45:00+00:00,1,-1e-05,KRW-COW
2026-08-15T21:45:00+00:00,1,-4e-05,KRW-RED
2026-08-15T23:00:00+00:00,1,-2e-05,KRW-AVAX
2026-08-16T00:00:00+00:00,1,-0.00011,KRW-CHIP
2026-08-16T00:30:00+00:00,1,-3e-05,KRW-COW
2026-08-16T01:15:00+00:00,1,0.00018,KRW-BERA
2026-08-16T01:30:00+00:00,2,-6e-05,KRW-DEEP|KRW-PRL
2026-08-16T01:45:00+00:00,3,-8e-05,KRW-BIGTIME|KRW-EDGE|KRW-ONT
2026-08-16T02:00:00+00:00,1,-0.00052,KRW-CC
2026-08-16T02:30:00+00:00,1,0.00049,KRW-DRV
2026-08-16T03:15:00+00:00,1,1e-05,KRW-GAS
2026-08-16T06:15:00+00:00,1,0.00052,KRW-COW
2026-08-16T07:30:00+00:00,1,-1e-05,KRW-BIGTIME
2026-08-16T10:00:00+00:00,1,-0.00025,KRW-OPG
2026-08-16T10:15:00+00:00,1,-0.00012,KRW-CHIP
2026-08-16T10:45:00+00:00,1,-4e-05,KRW-ONT
2026-08-16T14:15:00+00:00,1,0.00022,KRW-BIGTIME
2026-08-16T14:30:00+00:00,1,0.0,KRW-CHIP
2026-08-16T21:15:00+00:00,1,-0.00036,KRW-XPL
2026-08-16T21:30:00+00:00,3,-0.00146,KRW-APT|KRW-AWE|KRW-SEI
2026-08-16T23:15:00+00:00,1,0.00017,KRW-SOPH
2026-08-17T00:00:00+00:00,1,4e-05,KRW-KAT
2026-08-17T00:45:00+00:00,1,-0.00034,KRW-SNT
2026-08-17T01:00:00+00:00,3,0.00109,KRW-B3|KRW-ENSO|KRW-UP2
2026-08-17T01:15:00+00:00,2,0.00054,KRW-GAS|KRW-ONT
2026-08-17T02:15:00+00:00,1,0.00115,KRW-XAUT
2026-08-17T02:30:00+00:00,1,0.00091,KRW-STEEM
2026-08-17T05:15:00+00:00,1,-0.00056,KRW-PUMP
2026-08-17T05:30:00+00:00,1,-0.00033,KRW-SNT
2026-08-17T05:45:00+00:00,1,0.00089,KRW-ONT
2026-08-17T07:15:00+00:00,1,0.00012,KRW-CHIP
2026-08-17T09:45:00+00:00,1,-0.00035,KRW-MON
2026-08-17T12:00:00+00:00,1,0.001,KRW-KAT
2026-08-17T12:15:00+00:00,1,-0.00125,KRW-SNT
2026-08-17T14:30:00+00:00,1,-3e-05,KRW-ONT
2026-08-17T16:45:00+00:00,1,-0.00022,KRW-SNT
2026-08-17T22:15:00+00:00,1,-0.00054,KRW-SNT
2026-08-18T01:45:00+00:00,1,-0.00114,KRW-TAO
2026-08-18T02:30:00+00:00,2,-0.00131,KRW-ENS|KRW-FIL
2026-08-18T02:45:00+00:00,5,-0.00091,KRW-DOT|KRW-PENGU|KRW-SEI|KRW-SUI|KRW-WAVES
2026-08-18T03:00:00+00:00,1,-4e-05,KRW-CFG
2026-08-18T06:00:00+00:00,1,-0.00023,KRW-PRL
2026-08-18T06:30:00+00:00,1,0.00114,KRW-RED
2026-08-18T10:45:00+00:00,1,7e-05,KRW-RED
2026-08-18T11:45:00+00:00,1,0.00031,KRW-CFG
2026-08-18T14:45:00+00:00,1,-0.00027,KRW-SPK
2026-08-19T00:00:00+00:00,1,-0.0035,KRW-NEAR
2026-08-19T00:45:00+00:00,2,-0.00086,KRW-RVN|KRW-SNT
2026-08-19T01:15:00+00:00,1,-0.00022,KRW-ELF
2026-08-19T02:30:00+00:00,1,-0.00037,KRW-MON
2026-08-19T03:00:00+00:00,2,-0.00125,KRW-DOT|KRW-W
2026-08-19T03:45:00+00:00,1,0.0001,KRW-PENGU
2026-08-19T04:45:00+00:00,1,-0.00078,KRW-CFG
2026-08-19T11:30:00+00:00,1,-4e-05,KRW-SIGN
2026-08-19T15:30:00+00:00,10,0.00692,KRW-BCH|KRW-ENS|KRW-ETC|KRW-HBAR|KRW-PENGU|KRW-PRL|KRW-SUI|KRW-TAO|KRW-TREE|KRW-VIRTUAL
2026-08-19T15:45:00+00:00,3,-0.00213,KRW-BIO|KRW-MON|KRW-SAND
2026-08-19T17:30:00+00:00,1,0.00051,KRW-PUMP
2026-08-19T21:00:00+00:00,1,0.00229,KRW-TRX
2026-08-19T21:30:00+00:00,4,-0.00074,KRW-CRO|KRW-HBAR|KRW-LINK|KRW-TREE
2026-08-19T22:00:00+00:00,6,-0.00603,KRW-ALGO|KRW-BCH|KRW-CFG|KRW-ETC|KRW-RENDER|KRW-SUI
2026-08-19T22:45:00+00:00,1,-0.00088,KRW-TRUMP
2026-08-20T00:30:00+00:00,1,-0.00109,KRW-PENGU
2026-08-20T01:00:00+00:00,2,-0.00196,KRW-BSV|KRW-MET2
2026-08-20T02:15:00+00:00,1,-0.00237,KRW-UNI
2026-08-20T02:45:00+00:00,1,-0.00015,KRW-TRUMP
2026-08-20T03:00:00+00:00,4,-0.0059,KRW-BCH|KRW-LINK|KRW-PUMP|KRW-SUI
2026-08-20T04:30:00+00:00,1,3e-05,KRW-TREE
2026-08-20T04:45:00+00:00,1,0.00382,KRW-MON
2026-08-20T06:15:00+00:00,1,0.0022,KRW-ALGO
2026-08-20T06:45:00+00:00,1,0.00139,KRW-TRUMP
2026-08-20T07:15:00+00:00,1,-0.00211,KRW-RED
2026-08-20T08:15:00+00:00,1,0.00208,KRW-ETHFI
2026-08-20T08:30:00+00:00,1,0.00303,KRW-CHIP
2026-08-20T08:45:00+00:00,1,0.00326,KRW-MET2
2026-08-20T09:15:00+00:00,2,0.00166,KRW-PENGU|KRW-PEPE
2026-08-20T09:30:00+00:00,1,0.00188,KRW-BIO
2026-08-20T09:45:00+00:00,6,-0.00581,KRW-AVAX|KRW-BCH|KRW-LINK|KRW-PENDLE|KRW-PUMP|KRW-SUI
2026-08-20T10:15:00+00:00,3,-0.00119,KRW-CRO|KRW-PRL|KRW-VIRTUAL
2026-08-20T11:15:00+00:00,1,-0.00048,KRW-MON
2026-08-20T11:45:00+00:00,1,-0.00431,KRW-TRUMP
2026-08-20T13:15:00+00:00,1,-0.00113,KRW-MET2
2026-08-20T13:30:00+00:00,3,-0.00437,KRW-APT|KRW-MEGA|KRW-PENGU
2026-08-20T14:30:00+00:00,1,0.00051,KRW-PUMP
2026-08-20T14:45:00+00:00,1,0.00263,KRW-CRO
2026-08-20T15:00:00+00:00,1,0.00588,KRW-ONT
2026-08-20T17:15:00+00:00,1,0.00207,KRW-TRUMP
2026-08-20T17:30:00+00:00,1,-0.00071,KRW-POL
2026-08-20T18:00:00+00:00,1,-0.0004,KRW-FIL
2026-08-20T19:15:00+00:00,1,0.0005,KRW-MET2
2026-08-20T20:45:00+00:00,2,-0.00175,KRW-GAS|KRW-ONT
2026-08-20T22:00:00+00:00,1,-0.00086,KRW-TRUMP
2026-08-20T22:15:00+00:00,2,0.00162,KRW-MON|KRW-PUMP
2026-08-20T23:30:00+00:00,1,-0.00084,KRW-RENDER
2026-08-21T00:00:00+00:00,1,0.00307,KRW-BSV
2026-08-21T00:15:00+00:00,3,0.00557,KRW-BCH|KRW-CC|KRW-MEGA
2026-08-21T00:30:00+00:00,3,-0.001,KRW-AVAX|KRW-BERA|KRW-STEEM
2026-08-21T00:45:00+00:00,2,7e-05,KRW-GAS|KRW-ONT
2026-08-21T01:15:00+00:00,1,0.00944,KRW-AWE
2026-08-21T01:30:00+00:00,1,0.00064,KRW-SNT
2026-08-21T01:45:00+00:00,1,0.005,KRW-ELF
2026-08-21T02:30:00+00:00,1,-0.00265,KRW-ENS
2026-08-21T03:15:00+00:00,2,0.00123,KRW-APT|KRW-ZORA
2026-08-21T04:30:00+00:00,1,0.00099,KRW-SPK
2026-08-21T04:45:00+00:00,1,0.00096,KRW-DRV
2026-08-21T05:15:00+00:00,1,-0.00012,KRW-BCH
2026-08-21T06:15:00+00:00,1,0.00196,KRW-GAS
2026-08-21T06:45:00+00:00,1,0.00229,KRW-XPL
2026-08-21T07:00:00+00:00,1,0.00396,KRW-CFG
2026-08-21T07:15:00+00:00,1,0.00729,KRW-POL
2026-08-21T07:45:00+00:00,2,-0.00328,KRW-ENS|KRW-ONT
2026-08-21T08:00:00+00:00,4,0.00594,KRW-MANTRA|KRW-NEAR|KRW-PYTH|KRW-RENDER
2026-08-21T08:30:00+00:00,1,0.00601,KRW-BERA
2026-08-21T09:00:00+00:00,33,-0.01734,KRW-AAVE|KRW-APT|KRW-ATH|KRW-ATOM|KRW-AVAX|KRW-AXS|KRW-BSV|KRW-CC|KRW-CHZ|KRW-CRO|KRW-DOT|KRW-ETC|KRW-FIL|KRW-HBAR|KRW-INJ|KRW-JTO|KRW-JUP|KRW-LINK|KRW-PENDLE|KRW-PENGU|KRW-SAND|KRW-SEI|KRW-SPK|KRW-STEEM|KRW-STX|KRW-SUI|KRW-TAO|KRW-TRUMP|KRW-TRX|KRW-UNI|KRW-VIRTUAL|KRW-WAVES|KRW-ZRO
2026-08-21T10:30:00+00:00,1,-0.00096,KRW-PEPE
2026-08-21T10:45:00+00:00,1,6e-05,KRW-BCH
2026-08-21T11:00:00+00:00,1,-0.00465,KRW-GAS
2026-08-21T11:15:00+00:00,1,-0.00291,KRW-XPL
2026-08-21T11:45:00+00:00,2,-0.0023,KRW-DEEP|KRW-DRV
2026-08-21T13:00:00+00:00,2,-0.00093,KRW-TRUMP|KRW-ZORA
2026-08-21T13:15:00+00:00,2,-0.00066,KRW-SNT|KRW-SPK
2026-08-21T14:00:00+00:00,1,-0.00753,KRW-HBAR
2026-08-21T14:15:00+00:00,1,0.00533,KRW-ME
2026-08-21T14:30:00+00:00,1,0.00038,KRW-BSV
2026-08-21T15:15:00+00:00,1,-0.0017,KRW-AVAX
2026-08-21T15:45:00+00:00,1,-0.00362,KRW-RED
2026-08-21T16:00:00+00:00,3,-0.00305,KRW-ENS|KRW-FF|KRW-RENDER
2026-08-21T17:15:00+00:00,2,0.00015,KRW-BCH|KRW-PEPE
2026-08-21T17:45:00+00:00,1,0.00057,KRW-GAS
2026-08-21T18:15:00+00:00,1,0.00103,KRW-B3
2026-08-21T18:30:00+00:00,1,-0.00648,KRW-ZORA
2026-08-21T19:00:00+00:00,1,0.00131,KRW-DEEP
2026-08-21T22:00:00+00:00,1,0.00223,KRW-ETC
2026-08-21T22:15:00+00:00,2,-0.00302,KRW-BCH|KRW-SUI
2026-08-21T22:30:00+00:00,1,0.00027,KRW-ZORA
2026-08-21T23:00:00+00:00,1,0.00105,KRW-TRX
2026-08-21T23:30:00+00:00,1,0.00153,KRW-TAO
2026-08-22T00:00:00+00:00,4,-0.00503,KRW-CHZ|KRW-HBAR|KRW-MON|KRW-RENDER
2026-08-22T00:15:00+00:00,3,0.00137,KRW-EDGE|KRW-GAS|KRW-ONT
2026-08-22T00:30:00+00:00,3,-0.00109,KRW-AAVE|KRW-SAND|KRW-STEEM
2026-08-22T00:45:00+00:00,1,0.00073,KRW-CRO
2026-08-22T01:00:00+00:00,1,0.00289,KRW-ENS
2026-08-22T01:15:00+00:00,1,-0.00183,KRW-STX
2026-08-22T01:30:00+00:00,2,-1e-05,KRW-AXS|KRW-RVN
2026-08-22T01:45:00+00:00,2,-0.00054,KRW-BSV|KRW-SEI
2026-08-22T02:00:00+00:00,1,0.00167,KRW-ETC
2026-08-22T02:30:00+00:00,1,0.00144,KRW-KAT
2026-08-22T03:00:00+00:00,2,0.00139,KRW-BCH|KRW-ME
2026-08-22T03:15:00+00:00,2,0.00059,KRW-AVNT|KRW-WLFI
2026-08-22T03:30:00+00:00,3,0.00101,KRW-DOT|KRW-JUP|KRW-TAO
2026-08-22T04:00:00+00:00,4,-0.00098,KRW-ATH|KRW-TRUMP|KRW-TRX|KRW-XAUT
2026-08-22T04:15:00+00:00,2,0.00144,KRW-CC|KRW-SUI
2026-08-22T04:30:00+00:00,1,-0.00039,KRW-MOVE
2026-08-22T04:45:00+00:00,5,-0.00294,KRW-DOOD|KRW-MON|KRW-PENGU|KRW-PEPE|KRW-PYTH
2026-08-22T05:00:00+00:00,69,-0.01252,KRW-0G|KRW-AAVE|KRW-AI|KRW-AKT|KRW-ALGO|KRW-APT|KRW-ARB|KRW-ARX|KRW-ATOM|KRW-AVAX|KRW-AWE|KRW-BARD|KRW-BERA|KRW-BIGTIME|KRW-BIO|KRW-CFG|KRW-CHIP|KRW-CHZ|KRW-CRO|KRW-DEEP|KRW-ENS|KRW-ENSO|KRW-ETHFI|KRW-FF|KRW-FIL|KRW-FLOCK|KRW-G|KRW-GAS|KRW-HBAR|KRW-HOLO|KRW-ID|KRW-IN|KRW-INJ|KRW-JTO|KRW-KAITO|KRW-KITE|KRW-LAYER|KRW-LINK|KRW-MEGA|KRW-MET2|KRW-NEAR|KRW-ONT|KRW-OPEN|KRW-OPG|KRW-PENDLE|KRW-PLUME|KRW-POL|KRW-PRL|KRW-PUMP|KRW-RED|KRW-RENDER|KRW-SAHARA|KRW-SAND|KRW-SHIB|KRW-SIGN|KRW-SPK|KRW-TREE|KRW-UNI|KRW-VANA|KRW-VIRTUAL|KRW-VVV|KRW-W|KRW-WAVES|KRW-XEC|KRW-XPL|KRW-ZAMA|KRW-ZKP|KRW-ZORA|KRW-ZRO
2026-08-22T05:30:00+00:00,1,-0.00197,KRW-STX
2026-08-22T06:00:00+00:00,1,-0.00393,KRW-SEI
2026-08-22T07:30:00+00:00,1,-0.00102,KRW-WLFI
2026-08-22T07:45:00+00:00,1,-0.00154,KRW-BIRB
2026-08-22T08:15:00+00:00,5,-0.00305,KRW-DOT|KRW-ME|KRW-SUI|KRW-TAO|KRW-TRUMP
2026-08-22T08:30:00+00:00,2,-0.00156,KRW-ATH|KRW-MOVE
2026-08-22T09:00:00+00:00,4,0.0026,KRW-CC|KRW-ENS|KRW-POL|KRW-WAVES
2026-08-22T09:15:00+00:00,1,-0.00166,KRW-RVN
2026-08-22T09:30:00+00:00,1,-0.00069,KRW-BIGTIME
2026-08-22T09:45:00+00:00,4,-0.00314,KRW-ETHFI|KRW-INJ|KRW-NEAR|KRW-PUMP
2026-08-22T10:00:00+00:00,13,-0.00762,KRW-ALGO|KRW-APT|KRW-AVAX|KRW-BCH|KRW-DEEP|KRW-ETC|KRW-HBAR|KRW-LAYER|KRW-LINK|KRW-PENGU|KRW-RENDER|KRW-SAND|KRW-VIRTUAL
2026-08-22T10:15:00+00:00,3,0.00178,KRW-CRO|KRW-MEGA|KRW-ZRO
2026-08-22T12:15:00+00:00,1,0.00221,KRW-TRUMP
2026-08-22T12:30:00+00:00,1,-0.00194,KRW-MOVE
2026-08-22T13:15:00+00:00,1,0.00091,KRW-STEEM
2026-08-22T14:00:00+00:00,2,-0.00381,KRW-PUMP|KRW-VVV
2026-08-22T15:45:00+00:00,1,-0.00136,KRW-DEEP
2026-08-22T18:15:00+00:00,1,0.00051,KRW-STX
2026-08-22T18:45:00+00:00,1,-0.00044,KRW-TRUMP
2026-08-22T21:30:00+00:00,1,-0.00119,KRW-DEEP
2026-08-22T22:30:00+00:00,1,-0.00027,KRW-ZRO
2026-08-22T23:15:00+00:00,1,4e-05,KRW-CRO
2026-08-23T00:30:00+00:00,1,0.00078,KRW-B3
2026-08-23T00:45:00+00:00,2,0.00197,KRW-DOOD|KRW-TRAC
2026-08-23T01:00:00+00:00,2,-0.00029,KRW-GAS|KRW-MOVE
2026-08-23T01:30:00+00:00,3,-0.00086,KRW-ARX|KRW-PYTH|KRW-WAVES
2026-08-23T02:00:00+00:00,2,-0.00106,KRW-STX|KRW-WLFI
2026-08-23T02:30:00+00:00,1,0.00183,KRW-FF
2026-08-23T03:00:00+00:00,1,0.00019,KRW-PLUME
2026-08-23T04:00:00+00:00,1,0.00023,KRW-ONT
2026-08-23T05:00:00+00:00,1,-0.01038,KRW-RENDER
2026-08-23T05:15:00+00:00,1,0.00415,KRW-TRAC
2026-08-23T07:00:00+00:00,1,0.00196,KRW-FF
2026-08-23T07:15:00+00:00,1,-0.00023,KRW-PUMP
2026-08-23T07:30:00+00:00,1,-0.00171,KRW-ZRO
2026-08-23T07:45:00+00:00,1,-0.00279,KRW-WAVES
2026-08-23T10:15:00+00:00,1,0.00223,KRW-TRAC
2026-08-23T11:15:00+00:00,1,0.00567,KRW-ETHFI
2026-08-23T12:00:00+00:00,1,-0.00387,KRW-ZRO
2026-08-23T13:00:00+00:00,1,0.00073,KRW-WAVES
2026-08-23T13:15:00+00:00,1,0.00243,KRW-ZORA
2026-08-23T14:00:00+00:00,1,0.00024,KRW-AAVE
2026-08-23T14:15:00+00:00,2,-0.00158,KRW-PENDLE|KRW-SPK
2026-08-23T14:30:00+00:00,19,-0.00459,KRW-APT|KRW-ATOM|KRW-AVAX|KRW-ENS|KRW-FIL|KRW-INJ|KRW-JTO|KRW-LINK|KRW-NEAR|KRW-PENGU|KRW-RENDER|KRW-SEI|KRW-SUI|KRW-TAO|KRW-TRUMP|KRW-UNI|KRW-VIRTUAL|KRW-WLFI|KRW-XPL
2026-08-23T16:00:00+00:00,1,0.00101,KRW-MON
2026-08-23T18:45:00+00:00,1,-0.00044,KRW-SPK
2026-08-23T22:00:00+00:00,1,-0.00049,KRW-PENGU
2026-08-24T00:00:00+00:00,3,-0.00317,KRW-GAS|KRW-WAVES|KRW-ZORA
2026-08-24T00:15:00+00:00,1,-0.00374,KRW-TRAC
2026-08-24T00:30:00+00:00,1,-0.00094,KRW-SPK
2026-08-24T00:45:00+00:00,1,0.00399,KRW-B3
2026-08-24T01:00:00+00:00,2,-0.00146,KRW-ATH|KRW-STORJ
2026-08-24T01:45:00+00:00,2,-0.00345,KRW-NEAR|KRW-TAO
2026-08-24T02:30:00+00:00,1,0.00032,KRW-DRV
2026-08-24T03:15:00+00:00,1,-0.00129,KRW-ETHFI
2026-08-24T04:45:00+00:00,1,-0.00372,KRW-ERA
2026-08-24T06:00:00+00:00,1,0.00215,KRW-SAND
2026-08-24T06:30:00+00:00,1,-1e-05,KRW-PENDLE
2026-08-24T08:15:00+00:00,1,-0.00351,KRW-AXS
2026-08-24T10:45:00+00:00,1,-0.00091,KRW-VIRTUAL
2026-08-24T12:00:00+00:00,1,-0.00262,KRW-JTO
2026-08-24T12:45:00+00:00,1,0.0062,KRW-DRV
2026-08-24T13:15:00+00:00,1,-0.00439,KRW-NEAR
2026-08-24T13:30:00+00:00,5,-0.00972,KRW-APT|KRW-ARB|KRW-ATH|KRW-PENDLE|KRW-TAO
2026-08-24T17:00:00+00:00,1,0.00107,KRW-STORJ
2026-08-24T17:15:00+00:00,3,-0.00481,KRW-BCH|KRW-INJ|KRW-JUP
2026-08-24T17:45:00+00:00,1,3e-05,KRW-ATH
2026-08-24T19:00:00+00:00,1,0.00155,KRW-PENDLE
2026-08-24T23:00:00+00:00,1,0.00123,KRW-SUI
2026-08-25T00:00:00+00:00,1,-0.0006,KRW-STORJ
2026-08-25T00:15:00+00:00,1,-0.00265,KRW-SAND
2026-08-25T00:30:00+00:00,1,0.00757,KRW-B3
2026-08-25T01:00:00+00:00,1,-0.00134,KRW-ATH
2026-08-25T03:00:00+00:00,1,0.00215,KRW-INJ
2026-08-25T03:30:00+00:00,2,-0.00071,KRW-AAVE|KRW-AXS
2026-08-25T03:45:00+00:00,1,-0.00154,KRW-ALGO
2026-08-25T04:30:00+00:00,1,0.00053,KRW-HBAR
2026-08-25T05:15:00+00:00,2,0.00106,KRW-JTO|KRW-STX
2026-08-25T06:00:00+00:00,1,0.00054,KRW-PYTH
2026-08-25T06:45:00+00:00,1,0.00036,KRW-NEAR
2026-08-25T07:00:00+00:00,1,0.0024,KRW-ZKP
2026-08-25T07:45:00+00:00,6,-0.00753,KRW-ETC|KRW-JUP|KRW-PEPE|KRW-RENDER|KRW-SUI|KRW-TAO
2026-08-25T09:45:00+00:00,1,-0.00636,KRW-DEEP
2026-08-25T10:00:00+00:00,1,0.00059,KRW-INJ
2026-08-25T10:15:00+00:00,1,-4e-05,KRW-STX
2026-08-25T11:15:00+00:00,1,0.00165,KRW-COW
2026-08-25T12:00:00+00:00,1,-0.00175,KRW-LSK
2026-08-25T12:30:00+00:00,1,0.00023,KRW-SNT
2026-08-25T12:45:00+00:00,1,0.00091,KRW-ONT
2026-08-25T13:15:00+00:00,2,-0.00083,KRW-FIL|KRW-MON
2026-08-25T13:45:00+00:00,2,0.00096,KRW-HOLO|KRW-ZRO
2026-08-25T14:00:00+00:00,1,0.00325,KRW-INJ
2026-08-25T19:00:00+00:00,1,1e-05,KRW-ZRO
2026-08-26T00:00:00+00:00,1,-0.00188,KRW-HBAR
2026-08-26T00:15:00+00:00,1,0.00325,KRW-BLEND
2026-08-26T01:00:00+00:00,2,0.00084,KRW-ERA|KRW-SNT
2026-08-26T03:00:00+00:00,1,0.0006,KRW-STX
2026-08-26T03:15:00+00:00,1,-0.00034,KRW-MOVE
2026-08-26T03:45:00+00:00,1,0.00063,KRW-ENS
2026-08-26T07:00:00+00:00,1,0.00134,KRW-PYTH
2026-08-26T08:15:00+00:00,1,-0.00144,KRW-FF
2026-08-26T08:45:00+00:00,1,-0.00289,KRW-LSK
2026-08-26T09:45:00+00:00,1,4e-05,KRW-DRV
2026-08-26T10:45:00+00:00,1,-0.00076,KRW-KITE
2026-08-26T12:30:00+00:00,1,-0.0045,KRW-STX
2026-08-26T12:45:00+00:00,2,0.00137,KRW-BARD|KRW-W
2026-08-26T13:15:00+00:00,2,-0.00069,KRW-AWE|KRW-FLOCK
2026-08-26T14:15:00+00:00,1,-0.00374,KRW-RENDER
2026-08-26T14:30:00+00:00,3,-0.00286,KRW-GAS|KRW-LSK|KRW-SNT
2026-08-26T14:45:00+00:00,2,-0.00241,KRW-ARB|KRW-JUP
2026-08-27T00:15:00+00:00,1,-0.00015,KRW-ONT
2026-08-27T00:30:00+00:00,3,-0.00117,KRW-BLEND|KRW-GAS|KRW-STEEM
2026-08-27T00:45:00+00:00,1,-0.00396,KRW-LSK
2026-08-27T01:00:00+00:00,1,-0.00089,KRW-SAHARA
2026-08-27T02:30:00+00:00,1,-1e-05,KRW-JUP
2026-08-27T02:45:00+00:00,1,0.00086,KRW-KITE
2026-08-27T05:45:00+00:00,1,0.00121,KRW-BORA
2026-08-27T06:45:00+00:00,1,0.00093,KRW-KITE
2026-08-27T08:45:00+00:00,2,-0.00161,KRW-FF|KRW-TAO
2026-08-27T10:00:00+00:00,1,0.00019,KRW-ZKP
2026-08-27T15:45:00+00:00,1,-0.00277,KRW-XPL
2026-08-27T16:00:00+00:00,1,0.00126,KRW-JUP
2026-08-27T16:30:00+00:00,1,0.00135,KRW-CHIP
2026-08-28T00:15:00+00:00,2,0.00362,KRW-SKR|KRW-SOPH
2026-08-28T00:45:00+00:00,1,0.00187,KRW-ZKP
2026-08-28T01:15:00+00:00,1,0.0031,KRW-RVN
2026-08-28T01:30:00+00:00,1,-0.00359,KRW-XAUT
2026-08-28T01:45:00+00:00,2,-0.00455,KRW-BARD|KRW-TRUMP
2026-08-28T02:15:00+00:00,1,-0.00357,KRW-CFG
2026-08-28T02:30:00+00:00,1,0.00167,KRW-ZIL
2026-08-28T02:45:00+00:00,1,-0.00051,KRW-MANTRA
2026-08-28T03:00:00+00:00,1,-0.00052,KRW-JTO
2026-08-28T05:00:00+00:00,1,-0.00089,KRW-XPL
2026-08-28T05:15:00+00:00,1,0.00158,KRW-G
2026-08-28T05:30:00+00:00,1,0.00195,KRW-SKR
2026-08-28T07:00:00+00:00,1,-0.00179,KRW-ARB
2026-08-28T07:30:00+00:00,2,-0.0017,KRW-MANTRA|KRW-RVN
2026-08-28T11:30:00+00:00,1,-0.00203,KRW-ZORA
2026-08-28T11:45:00+00:00,1,-5e-05,KRW-MANTRA
2026-08-28T14:00:00+00:00,4,-0.00651,KRW-APT|KRW-JUP|KRW-RENDER|KRW-XAUT
2026-08-28T15:15:00+00:00,1,-0.0006,KRW-CHIP
2026-08-28T15:30:00+00:00,1,-0.00549,KRW-AAVE
2026-08-28T15:45:00+00:00,1,-0.00514,KRW-FLOCK
2026-08-28T16:00:00+00:00,5,-0.00539,KRW-CFG|KRW-HBAR|KRW-OPG|KRW-W|KRW-XPL
2026-08-28T16:15:00+00:00,1,-0.00309,KRW-STX
2026-08-28T17:00:00+00:00,1,0.00023,KRW-MANTRA
2026-08-28T18:15:00+00:00,1,-0.00186,KRW-JUP
2026-08-29T01:00:00+00:00,3,-0.00148,KRW-ERA|KRW-MANTRA|KRW-STX
2026-08-29T05:00:00+00:00,1,0.00084,KRW-O
2026-08-29T06:00:00+00:00,1,-0.00111,KRW-TRUMP
2026-08-29T06:15:00+00:00,2,-0.00147,KRW-JUP|KRW-SKR
2026-08-29T06:30:00+00:00,1,0.00023,KRW-CHIP
2026-08-29T07:30:00+00:00,1,0.00103,KRW-SOPH
2026-08-29T10:45:00+00:00,1,-0.00102,KRW-O
2026-08-29T11:45:00+00:00,1,-0.00069,KRW-OPG
2026-08-29T13:15:00+00:00,1,0.00073,KRW-ZKP
2026-08-29T16:00:00+00:00,1,0.00069,KRW-O
2026-08-29T16:15:00+00:00,2,-0.00012,KRW-LAYER|KRW-OPG
2026-08-29T18:45:00+00:00,1,0.0,KRW-ZKP
2026-08-29T23:00:00+00:00,1,0.00055,KRW-ZKP
2026-08-30T00:30:00+00:00,1,-0.00054,KRW-SKR
2026-08-30T00:45:00+00:00,1,-4e-05,KRW-BORA
2026-08-30T03:15:00+00:00,1,0.00113,KRW-ZKP
2026-08-30T05:45:00+00:00,1,-0.0006,KRW-SKR
2026-08-30T07:00:00+00:00,1,0.00032,KRW-WAVES
2026-08-30T08:30:00+00:00,1,-0.00149,KRW-ZKP
2026-08-30T09:30:00+00:00,1,-0.00023,KRW-ZORA
2026-08-30T09:45:00+00:00,1,-0.00083,KRW-PYTH
2026-08-30T10:00:00+00:00,1,5e-05,KRW-SKR
2026-08-30T10:45:00+00:00,1,0.00093,KRW-FLOCK
2026-08-30T11:15:00+00:00,1,-0.00018,KRW-BIGTIME
2026-08-30T11:45:00+00:00,1,-0.00072,KRW-O
2026-08-30T12:30:00+00:00,1,0.0016,KRW-BARD
2026-08-30T14:00:00+00:00,1,-0.00033,KRW-CRO
2026-08-30T14:15:00+00:00,2,-0.00073,KRW-UNI|KRW-ZKP
2026-08-30T14:30:00+00:00,1,-0.00064,KRW-SKR
2026-08-30T16:45:00+00:00,1,0.00069,KRW-ERA
2026-08-30T17:00:00+00:00,1,-0.00123,KRW-FLOCK
2026-08-30T21:00:00+00:00,2,-0.0006,KRW-APT|KRW-SKR
2026-08-30T21:30:00+00:00,1,-0.00029,KRW-ZORA
2026-08-30T23:15:00+00:00,12,-0.00701,KRW-AI|KRW-ALGO|KRW-ARB|KRW-CHZ|KRW-FIL|KRW-IN|KRW-OPEN|KRW-PENGU|KRW-RENDER|KRW-SUI|KRW-UNI|KRW-ZKP
2026-08-30T23:30:00+00:00,2,-0.0026,KRW-BARD|KRW-ERA
2026-08-30T23:45:00+00:00,1,0.00149,KRW-JTO
2026-08-31T00:15:00+00:00,1,0.00259,KRW-0G
2026-08-31T00:30:00+00:00,3,0.0015,KRW-O|KRW-STORJ|KRW-ZIL
2026-08-31T01:00:00+00:00,1,-0.0041,KRW-SKR
2026-08-31T01:15:00+00:00,1,0.0013,KRW-FLOCK
2026-08-31T01:45:00+00:00,1,-0.00108,KRW-ZORA
2026-08-31T02:15:00+00:00,1,-0.00153,KRW-TREE
2026-08-31T02:30:00+00:00,1,-0.00163,KRW-KAT
2026-08-31T04:15:00+00:00,1,-0.0012,KRW-0G
2026-08-31T05:00:00+00:00,1,0.00226,KRW-SKR
2026-08-31T05:30:00+00:00,1,-0.0005,KRW-FLOCK
2026-08-31T05:45:00+00:00,2,0.00052,KRW-MIRA|KRW-ZORA
2026-08-31T07:15:00+00:00,1,0.00128,KRW-OPEN
2026-08-31T07:45:00+00:00,1,-0.00047,KRW-LA
2026-08-31T08:45:00+00:00,3,0.00235,KRW-BARD|KRW-RVN|KRW-STORJ
2026-08-31T09:15:00+00:00,1,-0.00029,KRW-BONK
2026-08-31T09:30:00+00:00,1,0.00073,KRW-ZIL
2026-08-31T09:45:00+00:00,1,-0.0021,KRW-FLOCK
2026-08-31T10:00:00+00:00,1,0.00068,KRW-0G
2026-08-31T10:30:00+00:00,1,0.00078,KRW-ZORA
2026-08-31T10:45:00+00:00,1,0.00199,KRW-SAND
2026-08-31T11:45:00+00:00,1,-0.00143,KRW-ENSO
2026-08-31T12:15:00+00:00,1,-0.00327,KRW-BERA
2026-08-31T12:30:00+00:00,1,-0.00331,KRW-OPEN
2026-08-31T12:45:00+00:00,2,0.00021,KRW-BARD|KRW-STORJ
2026-08-31T13:15:00+00:00,2,-0.00052,KRW-BONK|KRW-LA
2026-08-31T14:15:00+00:00,1,0.00161,KRW-SKR
2026-08-31T15:00:00+00:00,1,-0.00208,KRW-ZORA
2026-08-31T16:15:00+00:00,1,-0.00059,KRW-FLOCK
2026-08-31T17:30:00+00:00,1,0.00461,KRW-0G
2026-08-31T22:00:00+00:00,1,-0.00095,KRW-ARX
2026-08-31T22:15:00+00:00,1,-0.00213,KRW-ARB
2026-08-31T23:30:00+00:00,2,-6e-05,KRW-0G|KRW-FLOCK
2026-09-01T00:15:00+00:00,2,0.00083,KRW-BARD|KRW-MIRA
2026-09-01T02:15:00+00:00,1,-0.00061,KRW-BERA
2026-09-01T02:30:00+00:00,1,0.00141,KRW-ARB
2026-09-01T03:30:00+00:00,1,0.00382,KRW-BONK
2026-09-01T04:45:00+00:00,1,-3e-05,KRW-DATA
2026-09-01T06:00:00+00:00,1,-0.00232,KRW-ENS
2026-09-01T06:30:00+00:00,1,0.00019,KRW-UNI
2026-09-01T08:00:00+00:00,2,-0.004,KRW-IN|KRW-INJ
2026-09-01T08:15:00+00:00,2,-0.00294,KRW-0G|KRW-BARD
2026-09-01T08:30:00+00:00,1,0.00085,KRW-ARB
2026-09-01T09:00:00+00:00,1,-0.00093,KRW-BONK
2026-09-01T12:15:00+00:00,1,-0.00036,KRW-TRX
2026-09-01T12:30:00+00:00,3,-0.00137,KRW-AXS|KRW-ONT|KRW-UNI
2026-09-01T13:00:00+00:00,4,-0.00251,KRW-INJ|KRW-SAND|KRW-XAUT|KRW-ZIL
2026-09-01T13:30:00+00:00,1,-0.00013,KRW-BARD
2026-09-01T15:00:00+00:00,1,-0.00274,KRW-FF
2026-09-01T17:30:00+00:00,1,0.00033,KRW-FIL
2026-09-01T22:15:00+00:00,1,-0.00225,KRW-FIL
2026-09-01T23:00:00+00:00,1,-0.00058,KRW-OPEN
